day,hour,min,price,inventory,date,timestamp,minute,main_contract,main_volume,main_contract_clean,signal,opti_price,filled_price,benchmark_amount,amount,slippage
43832,2,30,8795.0,3,2020-01-02,2020-01-02 02:30:00,2020-01-02 02:30:00,NQH20.csv,48,NQH20.csv,3.0,8792.75,8795.25,26385.0,26385.75,-0.75
43832,9,15,8821.25,-2,2020-01-02,2020-01-02 09:15:00,2020-01-02 09:15:00,NQH20.csv,195,NQH20.csv,-5.0,8844.25,8844.25,44106.25,44221.25,115.0
43832,10,0,8849.0,2,2020-01-02,2020-01-02 10:00:00,2020-01-02 10:00:00,NQH20.csv,1564,NQH20.csv,4.0,8839.75,8839.75,35396.0,35359.0,37.0
43832,10,15,8823.0,8,2020-01-02,2020-01-02 10:15:00,2020-01-02 10:15:00,NQH20.csv,4164,NQH20.csv,6.0,8828.0,8828.0,52938.0,52968.0,-30.0
43832,10,45,8816.75,7,2020-01-02,2020-01-02 10:45:00,2020-01-02 10:45:00,NQH20.csv,1380,NQH20.csv,-1.0,8832.5,8832.5,8816.75,8832.5,15.75
43832,11,45,8819.75,9,2020-01-02,2020-01-02 11:45:00,2020-01-02 11:45:00,NQH20.csv,821,NQH20.csv,2.0,8827.0,8827.0,17639.5,17654.0,-14.5
43832,12,0,8829.5,11,2020-01-02,2020-01-02 12:00:00,2020-01-02 12:00:00,NQH20.csv,520,NQH20.csv,2.0,8827.0,8827.0,17659.0,17654.0,5.0
43832,12,10,8830.5,10,2020-01-02,2020-01-02 12:10:00,2020-01-02 12:10:00,NQH20.csv,308,NQH20.csv,-1.0,8844.5,8844.5,8830.5,8844.5,14.0
43832,12,15,8830.75,8,2020-01-02,2020-01-02 12:15:00,2020-01-02 12:15:00,NQH20.csv,636,NQH20.csv,-2.0,8844.5,8844.5,17661.5,17689.0,27.5
43832,14,0,8844.25,4,2020-01-02,2020-01-02 14:00:00,2020-01-02 14:00:00,NQH20.csv,555,NQH20.csv,-4.0,8847.5,8847.5,35377.0,35390.0,13.0
43832,14,30,8857.0,-1,2020-01-02,2020-01-02 14:30:00,2020-01-02 14:30:00,NQH20.csv,583,NQH20.csv,-5.0,8866.75,8866.75,44285.0,44333.75,48.75
43832,15,30,8865.75,0,2020-01-02,2020-01-02 15:30:00,2020-01-02 15:30:00,NQH20.csv,818,NQH20.csv,1.0,8882.5,8882.5,8865.75,8882.5,-16.75
43832,16,0,8888.25,3,2020-01-02,2020-01-02 16:00:00,2020-01-02 16:00:00,NQH20.csv,2723,NQH20.csv,3.0,8882.5,8901.0,26664.75,26703.0,-38.25
43833,2,30,8823.25,6,2020-01-03,2020-01-03 02:30:00,2020-01-03 02:30:00,NQH20.csv,172,NQH20.csv,3.0,8794.25,8794.25,26469.75,26382.75,87.0
43833,5,45,8766.25,9,2020-01-03,2020-01-03 05:45:00,2020-01-03 05:45:00,NQH20.csv,303,NQH20.csv,3.0,8749.75,8749.75,26298.75,26249.25,49.5
43833,6,15,8752.0,6,2020-01-03,2020-01-03 06:15:00,2020-01-03 06:15:00,NQH20.csv,249,NQH20.csv,-3.0,8754.25,8754.25,26256.0,26262.75,6.75
43833,7,30,8772.75,0,2020-01-03,2020-01-03 07:30:00,2020-01-03 07:30:00,NQH20.csv,280,NQH20.csv,-6.0,8794.75,8794.75,52636.5,52768.5,132.0
43833,8,0,8776.75,6,2020-01-03,2020-01-03 08:00:00,2020-01-03 08:00:00,NQH20.csv,420,NQH20.csv,6.0,8790.25,8790.25,52660.5,52741.5,-81.0
43833,9,15,8782.25,7,2020-01-03,2020-01-03 09:15:00,2020-01-03 09:15:00,NQH20.csv,540,NQH20.csv,1.0,8780.0,8780.0,8782.25,8780.0,2.25
43833,10,15,8825.5,6,2020-01-03,2020-01-03 10:15:00,2020-01-03 10:15:00,NQH20.csv,1832,NQH20.csv,-1.0,8827.75,8827.75,8825.5,8827.75,2.25
43833,10,30,8829.0,11,2020-01-03,2020-01-03 10:30:00,2020-01-03 10:30:00,NQH20.csv,786,NQH20.csv,5.0,8814.75,8814.75,44145.0,44073.75,71.25
43833,11,20,8817.0,10,2020-01-03,2020-01-03 11:20:00,2020-01-03 11:20:00,NQH20.csv,588,NQH20.csv,-1.0,8845.5,8845.5,8817.0,8845.5,28.5
43833,11,45,8829.5,11,2020-01-03,2020-01-03 11:45:00,2020-01-03 11:45:00,NQH20.csv,693,NQH20.csv,1.0,8841.0,8841.0,8829.5,8841.0,-11.5
43833,12,5,8847.0,9,2020-01-03,2020-01-03 12:05:00,2020-01-03 12:05:00,NQH20.csv,2045,NQH20.csv,-2.0,8845.5,8845.5,17694.0,17691.0,-3.0
43833,12,30,8844.75,4,2020-01-03,2020-01-03 12:30:00,2020-01-03 12:30:00,NQH20.csv,511,NQH20.csv,-5.0,8851.5,8851.5,44223.75,44257.5,33.75
43833,14,0,8833.5,8,2020-01-03,2020-01-03 14:00:00,2020-01-03 14:00:00,NQH20.csv,602,NQH20.csv,4.0,8821.75,8839.25,35334.0,35357.0,-23.0
43833,14,30,8827.25,6,2020-01-03,2020-01-03 14:30:00,2020-01-03 14:30:00,NQH20.csv,348,NQH20.csv,-2.0,8839.0,8839.0,17654.5,17678.0,23.5
43833,15,0,8840.25,10,2020-01-03,2020-01-03 15:00:00,2020-01-03 15:00:00,NQH20.csv,461,NQH20.csv,4.0,8834.5,8834.5,35361.0,35338.0,23.0
43833,15,30,8827.5,11,2020-01-03,2020-01-03 15:30:00,2020-01-03 15:30:00,NQH20.csv,912,NQH20.csv,1.0,8807.5,8807.5,8827.5,8807.5,20.0
43833,15,40,8819.5,9,2020-01-03,2020-01-03 15:40:00,2020-01-03 15:40:00,NQH20.csv,1027,NQH20.csv,-2.0,8812.0,8812.0,17639.0,17624.0,-15.0
43833,16,0,8810.75,6,2020-01-03,2020-01-03 16:00:00,2020-01-03 16:00:00,NQH20.csv,2613,NQH20.csv,-3.0,8812.0,8812.0,26432.25,26436.0,3.75
43833,16,15,8809.75,0,2020-01-03,2020-01-03 16:15:00,2020-01-03 16:15:00,NQH20.csv,776,NQH20.csv,-6.0,8812.0,8812.0,52858.5,52872.0,13.5
43836,2,30,8776.0,4,2020-01-06,2020-01-06 02:30:00,2020-01-06 02:30:00,NQH20.csv,1556,NQH20.csv,4.0,8770.75,8770.75,35104.0,35083.0,21.0
43836,4,30,8727.75,10,2020-01-06,2020-01-06 04:30:00,2020-01-06 04:30:00,NQH20.csv,534,NQH20.csv,6.0,8737.25,8737.25,52366.5,52423.5,-57.0
43836,6,0,8747.25,8,2020-01-06,2020-01-06 06:00:00,2020-01-06 06:00:00,NQH20.csv,94,NQH20.csv,-2.0,8749.5,8749.5,17494.5,17499.0,4.5
43836,8,0,8760.5,10,2020-01-06,2020-01-06 08:00:00,2020-01-06 08:00:00,NQH20.csv,402,NQH20.csv,2.0,8758.25,8758.25,17521.0,17516.5,4.5
43836,9,15,8753.75,11,2020-01-06,2020-01-06 09:15:00,2020-01-06 09:15:00,NQH20.csv,219,NQH20.csv,1.0,8796.0,8796.0,8753.75,8796.0,-42.25
43836,9,20,8749.0,10,2020-01-06,2020-01-06 09:20:00,2020-01-06 09:20:00,NQH20.csv,171,NQH20.csv,-1.0,8800.5,8800.5,8749.0,8800.5,51.5
43836,9,45,8775.0,9,2020-01-06,2020-01-06 09:45:00,2020-01-06 09:45:00,NQH20.csv,1592,NQH20.csv,-1.0,8800.5,8800.5,8775.0,8800.5,25.5
43836,10,0,8798.25,11,2020-01-06,2020-01-06 10:00:00,2020-01-06 10:00:00,NQH20.csv,1905,NQH20.csv,2.0,8796.0,8796.0,17596.5,17592.0,4.5
43836,10,5,8800.25,8,2020-01-06,2020-01-06 10:05:00,2020-01-06 10:05:00,NQH20.csv,990,NQH20.csv,-3.0,8827.5,8827.5,26400.75,26482.5,81.75
43836,10,15,8806.75,9,2020-01-06,2020-01-06 10:15:00,2020-01-06 10:15:00,NQH20.csv,880,NQH20.csv,1.0,8823.0,8823.0,8806.75,8823.0,-16.25
43836,12,0,8823.25,11,2020-01-06,2020-01-06 12:00:00,2020-01-06 12:00:00,NQH20.csv,886,NQH20.csv,2.0,8821.0,8821.0,17646.5,17642.0,4.5
43836,12,5,8815.75,9,2020-01-06,2020-01-06 12:05:00,2020-01-06 12:05:00,NQH20.csv,350,NQH20.csv,-2.0,8824.75,8824.75,17631.5,17649.5,18.0
43836,12,15,8813.25,11,2020-01-06,2020-01-06 12:15:00,2020-01-06 12:15:00,NQH20.csv,670,NQH20.csv,2.0,8820.25,8820.25,17626.5,17640.5,-14.0
43836,12,45,8823.25,9,2020-01-06,2020-01-06 12:45:00,2020-01-06 12:45:00,NQH20.csv,476,NQH20.csv,-2.0,8824.75,8824.75,17646.5,17649.5,3.0
43836,13,0,8822.5,3,2020-01-06,2020-01-06 13:00:00,2020-01-06 13:00:00,NQH20.csv,354,NQH20.csv,-6.0,8824.75,8824.75,52935.0,52948.5,13.5
43836,13,30,8834.25,9,2020-01-06,2020-01-06 13:30:00,2020-01-06 13:30:00,NQH20.csv,240,NQH20.csv,6.0,8828.5,8828.5,53005.5,52971.0,34.5
43836,14,0,8830.75,11,2020-01-06,2020-01-06 14:00:00,2020-01-06 14:00:00,NQH20.csv,982,NQH20.csv,2.0,8828.5,8828.5,17661.5,17657.0,4.5
43836,15,5,8838.75,9,2020-01-06,2020-01-06 15:05:00,2020-01-06 15:05:00,NQH20.csv,543,NQH20.csv,-2.0,8867.25,8867.25,17677.5,17734.5,57.0
43836,15,30,8843.25,10,2020-01-06,2020-01-06 15:30:00,2020-01-06 15:30:00,NQH20.csv,1004,NQH20.csv,1.0,8862.75,8862.75,8843.25,8862.75,-19.5
43836,15,45,8851.0,2,2020-01-06,2020-01-06 15:45:00,2020-01-06 15:45:00,NQH20.csv,937,NQH20.csv,-8.0,8867.25,8867.25,70808.0,70938.0,130.0
43836,16,0,8865.0,10,2020-01-06,2020-01-06 16:00:00,2020-01-06 16:00:00,NQH20.csv,2060,NQH20.csv,8.0,8862.75,8862.75,70920.0,70902.0,18.0
43837,2,30,8866.0,5,2020-01-07,2020-01-07 02:30:00,2020-01-07 02:30:00,NQH20.csv,936,NQH20.csv,-5.0,8882.0,8882.0,44330.0,44410.0,80.0
43837,6,0,8875.5,1,2020-01-07,2020-01-07 06:00:00,2020-01-07 06:00:00,NQH20.csv,145,NQH20.csv,-4.0,8878.0,8878.0,35502.0,35512.0,10.0
43837,7,15,8874.75,5,2020-01-07,2020-01-07 07:15:00,2020-01-07 07:15:00,NQH20.csv,223,NQH20.csv,4.0,8869.75,8869.75,35499.0,35479.0,20.0
43837,7,45,8878.25,1,2020-01-07,2020-01-07 07:45:00,2020-01-07 07:45:00,NQH20.csv,109,NQH20.csv,-4.0,8874.25,8874.25,35513.0,35497.0,-16.0
43837,8,0,8880.5,5,2020-01-07,2020-01-07 08:00:00,2020-01-07 08:00:00,NQH20.csv,406,NQH20.csv,4.0,8869.75,8869.75,35522.0,35479.0,43.0
43837,9,15,8861.75,1,2020-01-07,2020-01-07 09:15:00,2020-01-07 09:15:00,NQH20.csv,321,NQH20.csv,-4.0,8873.25,8873.25,35447.0,35493.0,46.0
43837,10,0,8859.5,3,2020-01-07,2020-01-07 10:00:00,2020-01-07 10:00:00,NQH20.csv,3138,NQH20.csv,2.0,8868.75,8868.75,17719.0,17737.5,-18.5
43837,10,15,8872.75,7,2020-01-07,2020-01-07 10:15:00,2020-01-07 10:15:00,NQH20.csv,2012,NQH20.csv,4.0,8878.25,8878.25,35491.0,35513.0,-22.0
43837,11,0,8876.5,8,2020-01-07,2020-01-07 11:00:00,2020-01-07 11:00:00,NQH20.csv,1591,NQH20.csv,1.0,8878.25,8878.25,8876.5,8878.25,-1.75
43837,11,30,8884.0,7,2020-01-07,2020-01-07 11:30:00,2020-01-07 11:30:00,NQH20.csv,802,NQH20.csv,-1.0,8870.25,8870.25,8884.0,8870.25,-13.75
43837,12,0,8869.25,10,2020-01-07,2020-01-07 12:00:00,2020-01-07 12:00:00,NQH20.csv,348,NQH20.csv,3.0,8865.75,8865.75,26607.75,26597.25,10.5
43837,14,0,8884.5,8,2020-01-07,2020-01-07 14:00:00,2020-01-07 14:00:00,NQH20.csv,835,NQH20.csv,-2.0,8871.0,8871.0,17769.0,17742.0,-27.0
43837,14,15,8866.5,10,2020-01-07,2020-01-07 14:15:00,2020-01-07 14:15:00,NQH20.csv,932,NQH20.csv,2.0,8875.0,8875.0,17733.0,17750.0,-17.0
43837,14,45,8867.5,8,2020-01-07,2020-01-07 14:45:00,2020-01-07 14:45:00,NQH20.csv,254,NQH20.csv,-2.0,8879.5,8879.5,17735.0,17759.0,24.0
43837,15,0,8871.25,3,2020-01-07,2020-01-07 15:00:00,2020-01-07 15:00:00,NQH20.csv,681,NQH20.csv,-5.0,8879.5,8879.5,44356.25,44397.5,41.25
43837,16,0,8861.0,5,2020-01-07,2020-01-07 16:00:00,2020-01-07 16:00:00,NQH20.csv,2105,NQH20.csv,2.0,8854.25,8854.25,17722.0,17708.5,13.5
43838,2,30,8821.75,0,2020-01-08,2020-01-08 02:30:00,2020-01-08 02:30:00,NQH20.csv,996,NQH20.csv,-5.0,8823.75,8823.75,44108.75,44118.75,10.0
43838,5,45,8854.75,-5,2020-01-08,2020-01-08 05:45:00,2020-01-08 05:45:00,NQH20.csv,299,NQH20.csv,-5.0,8873.0,8873.0,44273.75,44365.0,91.25
43838,6,0,8867.25,-7,2020-01-08,2020-01-08 06:00:00,2020-01-08 06:00:00,NQH20.csv,235,NQH20.csv,-2.0,8873.0,8873.0,17734.5,17746.0,11.5
43838,6,15,8862.25,-2,2020-01-08,2020-01-08 06:15:00,2020-01-08 06:15:00,NQH20.csv,152,NQH20.csv,5.0,8868.5,8868.5,44311.25,44342.5,-31.25
43838,6,45,8876.0,-7,2020-01-08,2020-01-08 06:45:00,2020-01-08 06:45:00,NQH20.csv,47,NQH20.csv,-5.0,8871.0,8871.0,44380.0,44355.0,-25.0
43838,7,15,8869.0,-2,2020-01-08,2020-01-08 07:15:00,2020-01-08 07:15:00,NQH20.csv,123,NQH20.csv,5.0,8866.5,8866.5,44345.0,44332.5,12.5
43838,8,0,8875.25,0,2020-01-08,2020-01-08 08:00:00,2020-01-08 08:00:00,NQH20.csv,279,NQH20.csv,2.0,8876.5,8876.5,17750.5,17753.0,-2.5
43838,10,30,8882.5,3,2020-01-08,2020-01-08 10:30:00,2020-01-08 10:30:00,NQH20.csv,1274,NQH20.csv,3.0,8876.25,8876.25,26647.5,26628.75,18.75
43838,10,45,8873.25,5,2020-01-08,2020-01-08 10:45:00,2020-01-08 10:45:00,NQH20.csv,801,NQH20.csv,2.0,8876.25,8876.25,17746.5,17752.5,-6.0
43838,11,15,8882.0,3,2020-01-08,2020-01-08 11:15:00,2020-01-08 11:15:00,NQH20.csv,651,NQH20.csv,-2.0,8880.75,8880.75,17764.0,17761.5,-2.5
43838,11,45,8932.0,-3,2020-01-08,2020-01-08 11:45:00,2020-01-08 11:45:00,NQH20.csv,1998,NQH20.csv,-6.0,8942.75,8936.5,53592.0,53619.0,27.0
43838,12,0,8926.75,2,2020-01-08,2020-01-08 12:00:00,2020-01-08 12:00:00,NQH20.csv,1490,NQH20.csv,5.0,8938.25,8938.25,44633.75,44691.25,-57.5
43838,12,15,8927.75,8,2020-01-08,2020-01-08 12:15:00,2020-01-08 12:15:00,NQH20.csv,602,NQH20.csv,6.0,8938.25,8938.25,53566.5,53629.5,-63.0
43838,12,30,8938.5,5,2020-01-08,2020-01-08 12:30:00,2020-01-08 12:30:00,NQH20.csv,633,NQH20.csv,-3.0,8939.75,8939.75,26815.5,26819.25,3.75
43838,14,0,8934.25,7,2020-01-08,2020-01-08 14:00:00,2020-01-08 14:00:00,NQH20.csv,824,NQH20.csv,2.0,8941.5,8941.5,17868.5,17883.0,-14.5
43838,14,30,8941.5,9,2020-01-08,2020-01-08 14:30:00,2020-01-08 14:30:00,NQH20.csv,403,NQH20.csv,2.0,8967.5,8967.5,17883.0,17935.0,-52.0
43838,15,30,8970.5,5,2020-01-08,2020-01-08 15:30:00,2020-01-08 15:30:00,NQH20.csv,732,NQH20.csv,-4.0,8947.0,8947.0,35882.0,35788.0,-94.0
43838,16,0,8931.25,0,2020-01-08,2020-01-08 16:00:00,2020-01-08 16:00:00,NQH20.csv,3101,NQH20.csv,-5.0,8947.0,8947.0,44656.25,44735.0,78.75
43839,2,30,8983.5,3,2020-01-09,2020-01-09 02:30:00,2020-01-09 02:30:00,NQH20.csv,304,NQH20.csv,3.0,8981.0,8981.0,26950.5,26943.0,7.5
43839,10,30,9005.25,6,2020-01-09,2020-01-09 10:30:00,2020-01-09 10:30:00,NQH20.csv,698,NQH20.csv,3.0,9012.75,9012.75,27015.75,27038.25,-22.5
43839,12,0,9007.5,9,2020-01-09,2020-01-09 12:00:00,2020-01-09 12:00:00,NQH20.csv,401,NQH20.csv,3.0,8960.25,8960.25,27022.5,26880.75,141.75
43839,12,30,8982.75,6,2020-01-09,2020-01-09 12:30:00,2020-01-09 12:30:00,NQH20.csv,695,NQH20.csv,-3.0,8964.75,8964.75,26948.25,26894.25,-54.0
43839,12,45,8956.25,9,2020-01-09,2020-01-09 12:45:00,2020-01-09 12:45:00,NQH20.csv,1375,NQH20.csv,3.0,8984.75,8984.75,26868.75,26954.25,-85.5
43839,13,0,8980.25,3,2020-01-09,2020-01-09 13:00:00,2020-01-09 13:00:00,NQH20.csv,1156,NQH20.csv,-6.0,8989.25,8989.25,53881.5,53935.5,54.0
43839,13,15,8984.5,0,2020-01-09,2020-01-09 13:15:00,2020-01-09 13:15:00,NQH20.csv,531,NQH20.csv,-3.0,8989.25,8989.25,26953.5,26967.75,14.25
43839,13,30,8986.0,6,2020-01-09,2020-01-09 13:30:00,2020-01-09 13:30:00,NQH20.csv,681,NQH20.csv,6.0,8984.75,8984.75,53916.0,53908.5,7.5
43839,15,0,8997.75,0,2020-01-09,2020-01-09 15:00:00,2020-01-09 15:00:00,NQH20.csv,800,NQH20.csv,-6.0,8995.0,8995.0,53986.5,53970.0,-16.5
43839,15,45,8997.75,4,2020-01-09,2020-01-09 15:45:00,2020-01-09 15:45:00,NQH20.csv,668,NQH20.csv,4.0,9005.75,9005.75,35991.0,36023.0,-32.0
43839,16,0,9004.75,3,2020-01-09,2020-01-09 16:00:00,2020-01-09 16:00:00,NQH20.csv,1933,NQH20.csv,-1.0,9010.25,9008.5,9004.75,9008.5,3.75
43840,2,30,9038.0,5,2020-01-10,2020-01-10 02:30:00,2020-01-10 02:30:00,NQH20.csv,50,NQH20.csv,2.0,9035.75,9035.75,18076.0,18071.5,4.5
43840,9,45,9017.25,6,2020-01-10,2020-01-10 09:45:00,2020-01-10 09:45:00,NQH20.csv,2353,NQH20.csv,1.0,9024.5,9024.5,9017.25,9024.5,-7.25
43840,10,0,9031.0,7,2020-01-10,2020-01-10 10:00:00,2020-01-10 10:00:00,NQH20.csv,1038,NQH20.csv,1.0,9029.25,9029.25,9031.0,9029.25,1.75
43840,10,15,9028.5,6,2020-01-10,2020-01-10 10:15:00,2020-01-10 10:15:00,NQH20.csv,1083,NQH20.csv,-1.0,9033.75,9033.75,9028.5,9033.75,5.25
43840,11,45,9017.75,9,2020-01-10,2020-01-10 11:45:00,2020-01-10 11:45:00,NQH20.csv,1594,NQH20.csv,3.0,9016.25,9016.25,27053.25,27048.75,4.5
43840,12,15,8998.25,6,2020-01-10,2020-01-10 12:15:00,2020-01-10 12:15:00,NQH20.csv,1418,NQH20.csv,-3.0,9013.0,9013.0,26994.75,27039.0,44.25
43840,12,30,9006.75,0,2020-01-10,2020-01-10 12:30:00,2020-01-10 12:30:00,NQH20.csv,922,NQH20.csv,-6.0,9013.0,9013.0,54040.5,54078.0,37.5
43840,12,45,9008.5,5,2020-01-10,2020-01-10 12:45:00,2020-01-10 12:45:00,NQH20.csv,826,NQH20.csv,5.0,9008.5,9008.5,45042.5,45042.5,0.0
43840,13,0,9006.0,11,2020-01-10,2020-01-10 13:00:00,2020-01-10 13:00:00,NQH20.csv,345,NQH20.csv,6.0,9010.25,9010.25,54036.0,54061.5,-25.5
43840,13,15,9019.25,6,2020-01-10,2020-01-10 13:15:00,2020-01-10 13:15:00,NQH20.csv,551,NQH20.csv,-5.0,9014.75,9014.75,45096.25,45073.75,-22.5
43840,14,0,9013.25,7,2020-01-10,2020-01-10 14:00:00,2020-01-10 14:00:00,NQH20.csv,526,NQH20.csv,1.0,8996.75,8996.75,9013.25,8996.75,16.5
43840,14,30,8998.25,9,2020-01-10,2020-01-10 14:30:00,2020-01-10 14:30:00,NQH20.csv,388,NQH20.csv,2.0,8996.75,8996.75,17996.5,17993.5,3.0
43840,16,0,8982.5,5,2020-01-10,2020-01-10 16:00:00,2020-01-10 16:00:00,NQH20.csv,2108,NQH20.csv,-4.0,8986.0,8978.25,35930.0,35913.0,-17.0
43840,16,15,8980.0,0,2020-01-10,2020-01-10 16:15:00,2020-01-10 16:15:00,NQH20.csv,727,NQH20.csv,-5.0,8986.0,8978.25,44900.0,44891.25,-8.75
43843,2,30,9008.0,6,2020-01-13,2020-01-13 02:30:00,2020-01-13 02:30:00,NQH20.csv,34,NQH20.csv,6.0,9007.0,9007.0,54048.0,54042.0,6.0
43843,4,30,9016.0,10,2020-01-13,2020-01-13 04:30:00,2020-01-13 04:30:00,NQH20.csv,150,NQH20.csv,4.0,9024.0,9024.0,36064.0,36096.0,-32.0
43843,7,0,9008.0,11,2020-01-13,2020-01-13 07:00:00,2020-01-13 07:00:00,NQH20.csv,267,NQH20.csv,1.0,9005.75,9015.5,9008.0,9015.5,-7.5
43843,7,5,9010.25,9,2020-01-13,2020-01-13 07:05:00,2020-01-13 07:05:00,NQH20.csv,170,NQH20.csv,-2.0,9015.25,9015.25,18020.5,18030.5,10.0
43843,7,30,9014.5,10,2020-01-13,2020-01-13 07:30:00,2020-01-13 07:30:00,NQH20.csv,68,NQH20.csv,1.0,9010.75,9010.75,9014.5,9010.75,3.75
43843,10,0,9033.75,9,2020-01-13,2020-01-13 10:00:00,2020-01-13 10:00:00,NQH20.csv,1168,NQH20.csv,-1.0,9036.0,9036.0,9033.75,9036.0,2.25
43843,12,0,9058.0,11,2020-01-13,2020-01-13 12:00:00,2020-01-13 12:00:00,NQH20.csv,1709,NQH20.csv,2.0,9055.75,9063.25,18116.0,18126.5,-10.5
43843,12,5,9061.75,10,2020-01-13,2020-01-13 12:05:00,2020-01-13 12:05:00,NQH20.csv,779,NQH20.csv,-1.0,9066.25,9066.25,9061.75,9066.25,4.5
43843,14,0,9065.0,11,2020-01-13,2020-01-13 14:00:00,2020-01-13 14:00:00,NQH20.csv,398,NQH20.csv,1.0,9062.75,9062.75,9065.0,9062.75,2.25
43843,15,35,9073.0,9,2020-01-13,2020-01-13 15:35:00,2020-01-13 15:35:00,NQH20.csv,323,NQH20.csv,-2.0,9087.25,9087.25,18146.0,18174.5,28.5
43843,16,0,9085.0,10,2020-01-13,2020-01-13 16:00:00,2020-01-13 16:00:00,NQH20.csv,1634,NQH20.csv,1.0,9082.75,9082.75,9085.0,9082.75,2.25
43844,2,30,9078.5,2,2020-01-14,2020-01-14 02:30:00,2020-01-14 02:30:00,NQH20.csv,67,NQH20.csv,-8.0,9066.5,9066.5,72628.0,72532.0,-96.0
43844,6,0,9076.25,8,2020-01-14,2020-01-14 06:00:00,2020-01-14 06:00:00,NQH20.csv,178,NQH20.csv,6.0,9064.5,9064.5,54457.5,54387.0,70.5
43844,8,0,9078.0,2,2020-01-14,2020-01-14 08:00:00,2020-01-14 08:00:00,NQH20.csv,176,NQH20.csv,-6.0,9084.5,9084.5,54468.0,54507.0,39.0
43844,9,15,9082.5,-1,2020-01-14,2020-01-14 09:15:00,2020-01-14 09:15:00,NQH20.csv,174,NQH20.csv,-3.0,9066.0,9066.0,27247.5,27198.0,-49.5
43844,9,45,9061.5,1,2020-01-14,2020-01-14 09:45:00,2020-01-14 09:45:00,NQH20.csv,1979,NQH20.csv,2.0,9061.5,9061.5,18123.0,18123.0,0.0
43844,10,0,9041.75,3,2020-01-14,2020-01-14 10:00:00,2020-01-14 10:00:00,NQH20.csv,3692,NQH20.csv,2.0,9061.5,9061.5,18083.5,18123.0,-39.5
43844,10,15,9069.0,4,2020-01-14,2020-01-14 10:15:00,2020-01-14 10:15:00,NQH20.csv,1383,NQH20.csv,1.0,9061.75,9061.75,9069.0,9061.75,7.25
43844,12,0,9077.0,7,2020-01-14,2020-01-14 12:00:00,2020-01-14 12:00:00,NQH20.csv,566,NQH20.csv,3.0,9075.75,9075.75,27231.0,27227.25,3.75
43844,15,0,9060.5,1,2020-01-14,2020-01-14 15:00:00,2020-01-14 15:00:00,NQH20.csv,1042,NQH20.csv,-6.0,9048.5,9048.5,54363.0,54291.0,-72.0
43844,15,45,9060.75,4,2020-01-14,2020-01-14 15:45:00,2020-01-14 15:45:00,NQH20.csv,1014,NQH20.csv,3.0,9058.5,9058.5,27182.25,27175.5,6.75
43844,16,0,9049.75,2,2020-01-14,2020-01-14 16:00:00,2020-01-14 16:00:00,NQH20.csv,1836,NQH20.csv,-2.0,9063.0,9063.0,18099.5,18126.0,26.5
43845,2,30,9054.25,10,2020-01-15,2020-01-15 02:30:00,2020-01-15 02:30:00,NQH20.csv,101,NQH20.csv,8.0,9047.0,9047.0,72434.0,72376.0,58.0
43845,6,0,9054.5,11,2020-01-15,2020-01-15 06:00:00,2020-01-15 06:00:00,NQH20.csv,268,NQH20.csv,1.0,9051.5,9059.0,9054.5,9059.0,-4.5
43845,8,0,9070.5,10,2020-01-15,2020-01-15 08:00:00,2020-01-15 08:00:00,NQH20.csv,208,NQH20.csv,-1.0,9068.25,9068.25,9070.5,9068.25,-2.25
43845,9,15,9052.0,9,2020-01-15,2020-01-15 09:15:00,2020-01-15 09:15:00,NQH20.csv,280,NQH20.csv,-1.0,9055.0,9055.0,9052.0,9055.0,3.0
43845,10,15,9079.75,10,2020-01-15,2020-01-15 10:15:00,2020-01-15 10:15:00,NQH20.csv,1277,NQH20.csv,1.0,9075.25,9075.25,9079.75,9075.25,4.5
43845,10,30,9080.75,11,2020-01-15,2020-01-15 10:30:00,2020-01-15 10:30:00,NQH20.csv,1498,NQH20.csv,1.0,9078.25,9078.25,9080.75,9078.25,2.5
43845,10,35,9081.5,10,2020-01-15,2020-01-15 10:35:00,2020-01-15 10:35:00,NQH20.csv,809,NQH20.csv,-1.0,9082.75,9082.75,9081.5,9082.75,1.25
43845,13,0,9065.25,11,2020-01-15,2020-01-15 13:00:00,2020-01-15 13:00:00,NQH20.csv,1766,NQH20.csv,1.0,9059.0,9059.0,9065.25,9059.0,6.25
43845,13,5,9064.5,9,2020-01-15,2020-01-15 13:05:00,2020-01-15 13:05:00,NQH20.csv,1239,NQH20.csv,-2.0,9063.5,9063.5,18129.0,18127.0,-2.0
43845,13,30,9062.5,10,2020-01-15,2020-01-15 13:30:00,2020-01-15 13:30:00,NQH20.csv,387,NQH20.csv,1.0,9069.25,9069.25,9062.5,9069.25,-6.75
43845,14,0,9052.25,11,2020-01-15,2020-01-15 14:00:00,2020-01-15 14:00:00,NQH20.csv,1353,NQH20.csv,1.0,9069.25,9069.25,9052.25,9069.25,-17.0
43845,15,50,9044.25,9,2020-01-15,2020-01-15 15:50:00,2020-01-15 15:50:00,NQH20.csv,1839,NQH20.csv,-2.0,9063.0,9060.75,18088.5,18121.5,33.0
43845,16,0,9053.0,10,2020-01-15,2020-01-15 16:00:00,2020-01-15 16:00:00,NQH20.csv,2277,NQH20.csv,1.0,9058.5,9058.5,9053.0,9058.5,-5.5
43846,2,30,9082.25,6,2020-01-16,2020-01-16 02:30:00,2020-01-16 02:30:00,NQH20.csv,56,NQH20.csv,-4.0,9084.25,9084.25,36329.0,36337.0,8.0
43846,4,30,9092.5,3,2020-01-16,2020-01-16 04:30:00,2020-01-16 04:30:00,NQH20.csv,187,NQH20.csv,-3.0,9094.5,9094.5,27277.5,27283.5,6.0
43846,10,30,9106.75,4,2020-01-16,2020-01-16 10:30:00,2020-01-16 10:30:00,NQH20.csv,756,NQH20.csv,1.0,9104.0,9104.0,9106.75,9104.0,2.75
43846,11,15,9086.5,8,2020-01-16,2020-01-16 11:15:00,2020-01-16 11:15:00,NQH20.csv,1906,NQH20.csv,4.0,9089.25,9089.25,36346.0,36357.0,-11.0
43846,11,45,9093.25,4,2020-01-16,2020-01-16 11:45:00,2020-01-16 11:45:00,NQH20.csv,768,NQH20.csv,-4.0,9098.0,9098.0,36373.0,36392.0,19.0
43846,12,0,9094.25,5,2020-01-16,2020-01-16 12:00:00,2020-01-16 12:00:00,NQH20.csv,507,NQH20.csv,1.0,9093.5,9093.5,9094.25,9093.5,0.75
43846,12,30,9090.75,4,2020-01-16,2020-01-16 12:30:00,2020-01-16 12:30:00,NQH20.csv,597,NQH20.csv,-1.0,9098.0,9092.25,9090.75,9092.25,1.5
43846,14,30,9110.25,5,2020-01-16,2020-01-16 14:30:00,2020-01-16 14:30:00,NQH20.csv,227,NQH20.csv,1.0,9107.25,9107.25,9110.25,9107.25,3.0
43846,15,45,9122.75,6,2020-01-16,2020-01-16 15:45:00,2020-01-16 15:45:00,NQH20.csv,1065,NQH20.csv,1.0,9136.75,9136.75,9122.75,9136.75,-14.0
43846,16,0,9137.25,3,2020-01-16,2020-01-16 16:00:00,2020-01-16 16:00:00,NQH20.csv,1980,NQH20.csv,-3.0,9141.25,9138.5,27411.75,27415.5,3.75
43847,2,30,9143.75,6,2020-01-17,2020-01-17 02:30:00,2020-01-17 02:30:00,NQH20.csv,70,NQH20.csv,3.0,9142.0,9142.0,27431.25,27426.0,5.25
43847,4,30,9157.75,3,2020-01-17,2020-01-17 04:30:00,2020-01-17 04:30:00,NQH20.csv,254,NQH20.csv,-3.0,9166.75,9166.75,27473.25,27500.25,27.0
43847,9,45,9147.75,4,2020-01-17,2020-01-17 09:45:00,2020-01-17 09:45:00,NQH20.csv,1478,NQH20.csv,1.0,9148.25,9148.25,9147.75,9148.25,-0.5
43847,10,15,9150.75,3,2020-01-17,2020-01-17 10:15:00,2020-01-17 10:15:00,NQH20.csv,1185,NQH20.csv,-1.0,9147.5,9147.5,9150.75,9147.5,-3.25
43847,10,30,9164.0,4,2020-01-17,2020-01-17 10:30:00,2020-01-17 10:30:00,NQH20.csv,697,NQH20.csv,1.0,9143.0,9143.0,9164.0,9143.0,21.0
43847,11,15,9131.25,8,2020-01-17,2020-01-17 11:15:00,2020-01-17 11:15:00,NQH20.csv,1974,NQH20.csv,4.0,9141.0,9141.0,36525.0,36564.0,-39.0
43847,11,45,9144.25,4,2020-01-17,2020-01-17 11:45:00,2020-01-17 11:45:00,NQH20.csv,974,NQH20.csv,-4.0,9145.5,9145.5,36577.0,36582.0,5.0
43847,12,30,9156.25,3,2020-01-17,2020-01-17 12:30:00,2020-01-17 12:30:00,NQH20.csv,978,NQH20.csv,-1.0,9152.75,9152.75,9156.25,9152.75,-3.5
43847,14,30,9156.75,6,2020-01-17,2020-01-17 14:30:00,2020-01-17 14:30:00,NQH20.csv,297,NQH20.csv,3.0,9152.5,9152.5,27470.25,27457.5,12.75
43847,15,0,9159.5,9,2020-01-17,2020-01-17 15:00:00,2020-01-17 15:00:00,NQH20.csv,449,NQH20.csv,3.0,9181.5,9181.5,27478.5,27544.5,-66.0
43847,16,0,9181.5,3,2020-01-17,2020-01-17 16:00:00,2020-01-17 16:00:00,NQH20.csv,2714,NQH20.csv,-6.0,9186.0,9171.75,55089.0,55030.5,-58.5
43847,16,15,9174.0,0,2020-01-17,2020-01-17 16:15:00,2020-01-17 16:15:00,NQH20.csv,832,NQH20.csv,-3.0,9186.0,9171.75,27522.0,27515.25,-6.75
43850,6,0,9162.0,6,2020-01-20,2020-01-20 06:00:00,2020-01-20 06:00:00,NQH20.csv,13,NQH20.csv,6.0,9161.5,9172.5,54972.0,55035.0,-63.0
43850,8,0,9166.75,0,2020-01-20,2020-01-20 08:00:00,2020-01-20 08:00:00,NQH20.csv,65,NQH20.csv,-6.0,9165.25,9165.25,55000.5,54991.5,-9.0
43850,9,15,9166.5,3,2020-01-20,2020-01-20 09:15:00,2020-01-20 09:15:00,NQH20.csv,18,NQH20.csv,3.0,9166.75,9166.75,27499.5,27500.25,-0.75
43850,10,15,9170.25,0,2020-01-20,2020-01-20 10:15:00,2020-01-20 10:15:00,NQH20.csv,45,NQH20.csv,-3.0,9168.25,9168.25,27510.75,27504.75,-6.0
43850,10,30,9170.25,5,2020-01-20,2020-01-20 10:30:00,2020-01-20 10:30:00,NQH20.csv,77,NQH20.csv,5.0,9163.75,9163.75,45851.25,45818.75,32.5
43850,12,0,9172.75,6,2020-01-20,2020-01-20 12:00:00,2020-01-20 12:00:00,NQH20.csv,114,NQH20.csv,1.0,9173.25,9173.25,9172.75,9173.25,-0.5
43850,12,30,9175.75,1,2020-01-20,2020-01-20 12:30:00,2020-01-20 12:30:00,NQH20.csv,13,NQH20.csv,-5.0,9177.75,9175.75,45878.75,45878.75,-0.0
43850,16,0,9175.75,0,2020-01-20,2020-01-20 16:00:00,2020-01-20 16:00:00,NQH20.csv,331,NQH20.csv,-1.0,9177.75,9176.25,9175.75,9176.25,0.5
43851,2,30,9134.75,3,2020-01-21,2020-01-21 02:30:00,2020-01-21 02:30:00,NQH20.csv,112,NQH20.csv,3.0,9130.0,9130.0,27404.25,27390.0,14.25
43851,6,45,9137.0,6,2020-01-21,2020-01-21 06:45:00,2020-01-21 06:45:00,NQH20.csv,141,NQH20.csv,3.0,9137.5,9137.5,27411.0,27412.5,-1.5
43851,7,15,9138.25,3,2020-01-21,2020-01-21 07:15:00,2020-01-21 07:15:00,NQH20.csv,48,NQH20.csv,-3.0,9142.25,9142.25,27414.75,27426.75,12.0
43851,9,15,9146.75,1,2020-01-21,2020-01-21 09:15:00,2020-01-21 09:15:00,NQH20.csv,255,NQH20.csv,-2.0,9175.5,9175.5,18293.5,18351.0,57.5
43851,10,15,9175.5,3,2020-01-21,2020-01-21 10:15:00,2020-01-21 10:15:00,NQH20.csv,1088,NQH20.csv,2.0,9167.0,9167.0,18351.0,18334.0,17.0
43851,10,30,9172.5,7,2020-01-21,2020-01-21 10:30:00,2020-01-21 10:30:00,NQH20.csv,881,NQH20.csv,4.0,9167.0,9167.0,36690.0,36668.0,22.0
43851,12,30,9192.75,3,2020-01-21,2020-01-21 12:30:00,2020-01-21 12:30:00,NQH20.csv,381,NQH20.csv,-4.0,9193.75,9193.75,36771.0,36775.0,4.0
43851,15,30,9185.25,4,2020-01-21,2020-01-21 15:30:00,2020-01-21 15:30:00,NQH20.csv,753,NQH20.csv,1.0,9181.75,9181.75,9185.25,9181.75,3.5
43851,15,45,9181.0,9,2020-01-21,2020-01-21 15:45:00,2020-01-21 15:45:00,NQH20.csv,502,NQH20.csv,5.0,9181.75,9181.75,45905.0,45908.75,-3.75
43851,16,0,9179.0,3,2020-01-21,2020-01-21 16:00:00,2020-01-21 16:00:00,NQH20.csv,3851,NQH20.csv,-6.0,9186.25,9186.25,55074.0,55117.5,43.5
43852,10,0,9241.5,5,2020-01-22,2020-01-22 10:00:00,2020-01-22 10:00:00,NQH20.csv,1279,NQH20.csv,2.0,9229.75,9229.75,18483.0,18459.5,23.5
43852,10,30,9243.5,6,2020-01-22,2020-01-22 10:30:00,2020-01-22 10:30:00,NQH20.csv,1126,NQH20.csv,1.0,9216.75,9234.0,9243.5,9234.0,9.5
43852,12,0,9230.75,7,2020-01-22,2020-01-22 12:00:00,2020-01-22 12:00:00,NQH20.csv,1243,NQH20.csv,1.0,9221.25,9221.25,9230.75,9221.25,9.5
43852,12,30,9224.25,6,2020-01-22,2020-01-22 12:30:00,2020-01-22 12:30:00,NQH20.csv,607,NQH20.csv,-1.0,9245.25,9245.25,9224.25,9245.25,21.0
43852,12,45,9233.75,10,2020-01-22,2020-01-22 12:45:00,2020-01-22 12:45:00,NQH20.csv,654,NQH20.csv,4.0,9240.75,9240.75,36935.0,36963.0,-28.0
43852,13,15,9243.0,6,2020-01-22,2020-01-22 13:15:00,2020-01-22 13:15:00,NQH20.csv,833,NQH20.csv,-4.0,9245.25,9245.25,36972.0,36981.0,9.0
43852,14,0,9228.25,4,2020-01-22,2020-01-22 14:00:00,2020-01-22 14:00:00,NQH20.csv,965,NQH20.csv,-2.0,9236.5,9236.5,18456.5,18473.0,16.5
43852,15,0,9228.25,7,2020-01-22,2020-01-22 15:00:00,2020-01-22 15:00:00,NQH20.csv,805,NQH20.csv,3.0,9208.25,9208.25,27684.75,27624.75,60.0
43852,15,45,9202.0,11,2020-01-22,2020-01-22 15:45:00,2020-01-22 15:45:00,NQH20.csv,1541,NQH20.csv,4.0,9195.5,9195.5,36808.0,36782.0,26.0
43852,16,0,9199.5,3,2020-01-22,2020-01-22 16:00:00,2020-01-22 16:00:00,NQH20.csv,2329,NQH20.csv,-8.0,9200.0,9200.0,73596.0,73600.0,4.0
43853,2,30,9191.25,9,2020-01-23,2020-01-23 02:30:00,2020-01-23 02:30:00,NQH20.csv,466,NQH20.csv,6.0,9191.5,9191.5,55147.5,55149.0,-1.5
43853,10,0,9188.75,11,2020-01-23,2020-01-23 10:00:00,2020-01-23 10:00:00,NQH20.csv,1812,NQH20.csv,2.0,9199.0,9199.0,18377.5,18398.0,-20.5
43853,11,20,9186.75,10,2020-01-23,2020-01-23 11:20:00,2020-01-23 11:20:00,NQH20.csv,899,NQH20.csv,-1.0,9181.0,9181.0,9186.75,9181.0,-5.75
43853,11,45,9189.25,11,2020-01-23,2020-01-23 11:45:00,2020-01-23 11:45:00,NQH20.csv,752,NQH20.csv,1.0,9202.0,9202.0,9189.25,9202.0,-12.75
43853,12,0,9192.25,10,2020-01-23,2020-01-23 12:00:00,2020-01-23 12:00:00,NQH20.csv,799,NQH20.csv,-1.0,9206.5,9206.5,9192.25,9206.5,14.25
43853,14,0,9212.25,8,2020-01-23,2020-01-23 14:00:00,2020-01-23 14:00:00,NQH20.csv,1039,NQH20.csv,-2.0,9218.75,9218.75,18424.5,18437.5,13.0
43853,15,30,9226.75,11,2020-01-23,2020-01-23 15:30:00,2020-01-23 15:30:00,NQH20.csv,1218,NQH20.csv,3.0,9246.0,9246.0,27680.25,27738.0,-57.75
43853,15,35,9228.25,10,2020-01-23,2020-01-23 15:35:00,2020-01-23 15:35:00,NQH20.csv,550,NQH20.csv,-1.0,9250.5,9250.5,9228.25,9250.5,22.25
43853,15,45,9225.75,9,2020-01-23,2020-01-23 15:45:00,2020-01-23 15:45:00,NQH20.csv,1145,NQH20.csv,-1.0,9250.5,9250.5,9225.75,9250.5,24.75
43854,2,30,9260.25,4,2020-01-24,2020-01-24 02:30:00,2020-01-24 02:30:00,NQH20.csv,105,NQH20.csv,-5.0,9265.0,9265.0,46301.25,46325.0,23.75
43854,4,30,9283.75,0,2020-01-24,2020-01-24 04:30:00,2020-01-24 04:30:00,NQH20.csv,245,NQH20.csv,-4.0,9285.0,9285.0,37135.0,37140.0,5.0
43854,9,45,9271.0,2,2020-01-24,2020-01-24 09:45:00,2020-01-24 09:45:00,NQH20.csv,1866,NQH20.csv,2.0,9237.5,9237.5,18542.0,18475.0,67.0
43854,10,0,9268.75,4,2020-01-24,2020-01-24 10:00:00,2020-01-24 10:00:00,NQH20.csv,2112,NQH20.csv,2.0,9237.5,9237.5,18537.5,18475.0,62.5
43854,10,15,9262.5,2,2020-01-24,2020-01-24 10:15:00,2020-01-24 10:15:00,NQH20.csv,1219,NQH20.csv,-2.0,9242.0,9242.0,18525.0,18484.0,-41.0
43854,10,30,9232.5,8,2020-01-24,2020-01-24 10:30:00,2020-01-24 10:30:00,NQH20.csv,2831,NQH20.csv,6.0,9237.5,9237.5,55395.0,55425.0,-30.0
43854,10,45,9236.75,9,2020-01-24,2020-01-24 10:45:00,2020-01-24 10:45:00,NQH20.csv,1702,NQH20.csv,1.0,9212.0,9212.0,9236.75,9212.0,24.75
43854,11,15,9250.0,8,2020-01-24,2020-01-24 11:15:00,2020-01-24 11:15:00,NQH20.csv,809,NQH20.csv,-1.0,9216.5,9216.5,9250.0,9216.5,-33.5
43854,12,0,9206.25,10,2020-01-24,2020-01-24 12:00:00,2020-01-24 12:00:00,NQH20.csv,2100,NQH20.csv,2.0,9195.0,9195.0,18412.5,18390.0,22.5
43854,12,30,9177.5,2,2020-01-24,2020-01-24 12:30:00,2020-01-24 12:30:00,NQH20.csv,2757,NQH20.csv,-8.0,9199.5,9199.5,73420.0,73596.0,176.0
43854,13,15,9174.5,-1,2020-01-24,2020-01-24 13:15:00,2020-01-24 13:15:00,NQH20.csv,1253,NQH20.csv,-3.0,9157.5,9157.5,27523.5,27472.5,-51.0
43854,13,45,9156.5,2,2020-01-24,2020-01-24 13:45:00,2020-01-24 13:45:00,NQH20.csv,979,NQH20.csv,3.0,9129.25,9129.25,27469.5,27387.75,81.75
43854,14,0,9150.0,6,2020-01-24,2020-01-24 14:00:00,2020-01-24 14:00:00,NQH20.csv,1536,NQH20.csv,4.0,9129.25,9129.25,36600.0,36517.0,83.0
43854,14,30,9119.25,9,2020-01-24,2020-01-24 14:30:00,2020-01-24 14:30:00,NQH20.csv,2303,NQH20.csv,3.0,9129.25,9129.25,27357.75,27387.75,-30.0
43854,15,45,9133.5,11,2020-01-24,2020-01-24 15:45:00,2020-01-24 15:45:00,NQH20.csv,2588,NQH20.csv,2.0,9138.25,9138.25,18267.0,18276.5,-9.5
43854,15,50,9142.25,10,2020-01-24,2020-01-24 15:50:00,2020-01-24 15:50:00,NQH20.csv,2000,NQH20.csv,-1.0,9142.75,9142.75,9142.25,9142.75,0.5
43854,16,0,9152.0,0,2020-01-24,2020-01-24 16:00:00,2020-01-24 16:00:00,NQH20.csv,2450,NQH20.csv,-10.0,9142.75,9142.75,91520.0,91427.5,-92.5
43857,2,30,9027.25,6,2020-01-27,2020-01-27 02:30:00,2020-01-27 02:30:00,NQH20.csv,119,NQH20.csv,6.0,9031.25,9031.25,54163.5,54187.5,-24.0
43857,9,15,8966.0,8,2020-01-27,2020-01-27 09:15:00,2020-01-27 09:15:00,NQH20.csv,774,NQH20.csv,2.0,8983.25,8983.25,17932.0,17966.5,-34.5
43857,10,0,8985.5,9,2020-01-27,2020-01-27 10:00:00,2020-01-27 10:00:00,NQH20.csv,1898,NQH20.csv,1.0,8983.25,8983.25,8985.5,8983.25,2.25
43857,10,15,8969.5,7,2020-01-27,2020-01-27 10:15:00,2020-01-27 10:15:00,NQH20.csv,1937,NQH20.csv,-2.0,8965.0,8965.0,17939.0,17930.0,-9.0
43857,10,30,8989.0,9,2020-01-27,2020-01-27 10:30:00,2020-01-27 10:30:00,NQH20.csv,1743,NQH20.csv,2.0,8960.5,8960.5,17978.0,17921.0,57.0
43857,12,30,8998.0,1,2020-01-27,2020-01-27 12:30:00,2020-01-27 12:30:00,NQH20.csv,943,NQH20.csv,-8.0,8997.5,8997.5,71984.0,71980.0,-4.0
43857,13,0,8995.25,7,2020-01-27,2020-01-27 13:00:00,2020-01-27 13:00:00,NQH20.csv,978,NQH20.csv,6.0,8993.0,8993.0,53971.5,53958.0,13.5
43857,14,0,8995.5,6,2020-01-27,2020-01-27 14:00:00,2020-01-27 14:00:00,NQH20.csv,976,NQH20.csv,-1.0,8997.75,8997.75,8995.5,8997.75,2.25
43857,14,30,9007.5,7,2020-01-27,2020-01-27 14:30:00,2020-01-27 14:30:00,NQH20.csv,845,NQH20.csv,1.0,8975.0,8975.0,9007.5,8975.0,32.5
43857,15,45,8968.5,1,2020-01-27,2020-01-27 15:45:00,2020-01-27 15:45:00,NQH20.csv,1457,NQH20.csv,-6.0,8963.25,8963.25,53811.0,53779.5,-31.5
43857,16,0,8961.0,6,2020-01-27,2020-01-27 16:00:00,2020-01-27 16:00:00,NQH20.csv,2468,NQH20.csv,5.0,8958.75,8958.75,44805.0,44793.75,11.25
43858,2,30,9037.0,-1,2020-01-28,2020-01-28 02:30:00,2020-01-28 02:30:00,NQH20.csv,285,NQH20.csv,-7.0,9037.5,9037.5,63259.0,63262.5,3.5
43858,3,30,9017.25,3,2020-01-28,2020-01-28 03:30:00,2020-01-28 03:30:00,NQH20.csv,308,NQH20.csv,4.0,8983.5,8983.5,36069.0,35934.0,135.0
43858,4,30,8983.25,9,2020-01-28,2020-01-28 04:30:00,2020-01-28 04:30:00,NQH20.csv,302,NQH20.csv,6.0,8991.75,8991.75,53899.5,53950.5,-51.0
43858,5,30,8987.0,6,2020-01-28,2020-01-28 05:30:00,2020-01-28 05:30:00,NQH20.csv,337,NQH20.csv,-3.0,8992.5,8992.5,26961.0,26977.5,16.5
43858,6,0,8993.25,5,2020-01-28,2020-01-28 06:00:00,2020-01-28 06:00:00,NQH20.csv,198,NQH20.csv,-1.0,8992.5,8992.5,8993.25,8992.5,-0.75
43858,9,15,9027.25,2,2020-01-28,2020-01-28 09:15:00,2020-01-28 09:15:00,NQH20.csv,535,NQH20.csv,-3.0,9034.5,9034.5,27081.75,27103.5,21.75
43858,9,45,9013.75,-1,2020-01-28,2020-01-28 09:45:00,2020-01-28 09:45:00,NQH20.csv,2015,NQH20.csv,-3.0,9034.5,9034.5,27041.25,27103.5,62.25
43858,10,0,9019.25,2,2020-01-28,2020-01-28 10:00:00,2020-01-28 10:00:00,NQH20.csv,4045,NQH20.csv,3.0,9030.0,9030.0,27057.75,27090.0,-32.25
43858,10,15,9037.5,8,2020-01-28,2020-01-28 10:15:00,2020-01-28 10:15:00,NQH20.csv,1388,NQH20.csv,6.0,9067.5,9067.5,54225.0,54405.0,-180.0
43858,10,30,9050.75,10,2020-01-28,2020-01-28 10:30:00,2020-01-28 10:30:00,NQH20.csv,1947,NQH20.csv,2.0,9067.5,9067.5,18101.5,18135.0,-33.5
43858,11,0,9074.0,8,2020-01-28,2020-01-28 11:00:00,2020-01-28 11:00:00,NQH20.csv,1251,NQH20.csv,-2.0,9072.0,9072.0,18148.0,18144.0,-4.0
43858,14,0,9101.75,5,2020-01-28,2020-01-28 14:00:00,2020-01-28 14:00:00,NQH20.csv,1209,NQH20.csv,-3.0,9112.0,9112.0,27305.25,27336.0,30.75
43858,15,30,9119.0,-1,2020-01-28,2020-01-28 15:30:00,2020-01-28 15:30:00,NQH20.csv,1097,NQH20.csv,-6.0,9107.75,9107.75,54714.0,54646.5,-67.5
43858,15,45,9109.5,-3,2020-01-28,2020-01-28 15:45:00,2020-01-28 15:45:00,NQH20.csv,1229,NQH20.csv,-2.0,9107.75,9107.75,18219.0,18215.5,-3.5
43858,16,0,9097.75,5,2020-01-28,2020-01-28 16:00:00,2020-01-28 16:00:00,NQH20.csv,2513,NQH20.csv,8.0,9103.25,9103.25,72782.0,72826.0,-44.0
43859,2,30,9125.5,6,2020-01-29,2020-01-29 02:30:00,2020-01-29 02:30:00,NQH20.csv,95,NQH20.csv,1.0,9133.5,9133.5,9125.5,9133.5,-8.0
43859,6,0,9144.5,1,2020-01-29,2020-01-29 06:00:00,2020-01-29 06:00:00,NQH20.csv,450,NQH20.csv,-5.0,9146.5,9146.5,45722.5,45732.5,10.0
43859,8,0,9145.75,6,2020-01-29,2020-01-29 08:00:00,2020-01-29 08:00:00,NQH20.csv,291,NQH20.csv,5.0,9148.5,9148.5,45728.75,45742.5,-13.75
43859,9,15,9144.25,1,2020-01-29,2020-01-29 09:15:00,2020-01-29 09:15:00,NQH20.csv,108,NQH20.csv,-5.0,9150.25,9150.25,45721.25,45751.25,30.0
43859,10,15,9083.25,6,2020-01-29,2020-01-29 10:15:00,2020-01-29 10:15:00,NQH20.csv,2347,NQH20.csv,5.0,9095.25,9095.25,45416.25,45476.25,-60.0
43859,10,30,9096.0,7,2020-01-29,2020-01-29 10:30:00,2020-01-29 10:30:00,NQH20.csv,1424,NQH20.csv,1.0,9120.0,9120.0,9096.0,9120.0,-24.0
43859,12,30,9133.75,6,2020-01-29,2020-01-29 12:30:00,2020-01-29 12:30:00,NQH20.csv,641,NQH20.csv,-1.0,9141.75,9141.75,9133.75,9141.75,8.0
43859,14,0,9138.5,8,2020-01-29,2020-01-29 14:00:00,2020-01-29 14:00:00,NQH20.csv,1956,NQH20.csv,2.0,9142.25,9142.25,18277.0,18284.5,-7.5
43859,15,0,9145.5,2,2020-01-29,2020-01-29 15:00:00,2020-01-29 15:00:00,NQH20.csv,978,NQH20.csv,-6.0,9135.75,9135.75,54873.0,54814.5,-58.5
43859,15,30,9136.25,9,2020-01-29,2020-01-29 15:30:00,2020-01-29 15:30:00,NQH20.csv,1290,NQH20.csv,7.0,9091.75,9091.75,63953.75,63642.25,311.5
43859,16,0,9110.25,6,2020-01-29,2020-01-29 16:00:00,2020-01-29 16:00:00,NQH20.csv,2407,NQH20.csv,-3.0,9096.25,9096.25,27330.75,27288.75,-42.0
43860,3,30,9028.25,8,2020-01-30,2020-01-30 03:30:00,2020-01-30 03:30:00,NQH20.csv,484,NQH20.csv,2.0,9028.5,9028.5,18056.5,18057.0,-0.5
43860,5,30,9041.25,7,2020-01-30,2020-01-30 05:30:00,2020-01-30 05:30:00,NQH20.csv,397,NQH20.csv,-1.0,9044.0,9044.0,9041.25,9044.0,2.75
43860,6,0,9041.5,6,2020-01-30,2020-01-30 06:00:00,2020-01-30 06:00:00,NQH20.csv,136,NQH20.csv,-1.0,9035.0,9035.0,9041.5,9035.0,-6.5
43860,6,15,9029.75,9,2020-01-30,2020-01-30 06:15:00,2020-01-30 06:15:00,NQH20.csv,552,NQH20.csv,3.0,9030.5,9030.5,27089.25,27091.5,-2.25
43860,6,45,9032.75,-2,2020-01-30,2020-01-30 06:45:00,2020-01-30 06:45:00,NQH20.csv,218,NQH20.csv,-11.0,9047.5,9047.5,99360.25,99522.5,162.25
43860,7,15,9044.0,6,2020-01-30,2020-01-30 07:15:00,2020-01-30 07:15:00,NQH20.csv,148,NQH20.csv,8.0,9043.0,9043.0,72352.0,72344.0,8.0
43860,9,15,9063.75,8,2020-01-30,2020-01-30 09:15:00,2020-01-30 09:15:00,NQH20.csv,736,NQH20.csv,2.0,9099.5,9099.5,18127.5,18199.0,-71.5
43860,9,45,9106.75,7,2020-01-30,2020-01-30 09:45:00,2020-01-30 09:45:00,NQH20.csv,3375,NQH20.csv,-1.0,9049.25,9049.25,9106.75,9049.25,-57.5
43860,10,0,9085.75,8,2020-01-30,2020-01-30 10:00:00,2020-01-30 10:00:00,NQH20.csv,2376,NQH20.csv,1.0,9044.75,9044.75,9085.75,9044.75,41.0
43860,10,15,9093.25,7,2020-01-30,2020-01-30 10:15:00,2020-01-30 10:15:00,NQH20.csv,2145,NQH20.csv,-1.0,9049.25,9049.25,9093.25,9049.25,-44.0
43860,10,45,9048.25,1,2020-01-30,2020-01-30 10:45:00,2020-01-30 10:45:00,NQH20.csv,3068,NQH20.csv,-6.0,9082.0,9082.0,54289.5,54492.0,202.5
43860,11,15,9056.5,7,2020-01-30,2020-01-30 11:15:00,2020-01-30 11:15:00,NQH20.csv,1399,NQH20.csv,6.0,9077.5,9077.5,54339.0,54465.0,-126.0
43860,11,45,9075.75,6,2020-01-30,2020-01-30 11:45:00,2020-01-30 11:45:00,NQH20.csv,978,NQH20.csv,-1.0,9047.0,9047.0,9075.75,9047.0,-28.75
43860,12,15,9069.0,11,2020-01-30,2020-01-30 12:15:00,2020-01-30 12:15:00,NQH20.csv,707,NQH20.csv,5.0,9042.5,9042.5,45345.0,45212.5,132.5
43860,12,30,9056.25,10,2020-01-30,2020-01-30 12:30:00,2020-01-30 12:30:00,NQH20.csv,863,NQH20.csv,-1.0,9047.0,9047.0,9056.25,9047.0,-9.25
43860,12,45,9043.25,6,2020-01-30,2020-01-30 12:45:00,2020-01-30 12:45:00,NQH20.csv,1856,NQH20.csv,-4.0,9058.0,9058.0,36173.0,36232.0,59.0
43860,13,0,9045.5,-1,2020-01-30,2020-01-30 13:00:00,2020-01-30 13:00:00,NQH20.csv,1021,NQH20.csv,-7.0,9058.0,9058.0,63318.5,63406.0,87.5
43860,13,30,9051.75,6,2020-01-30,2020-01-30 13:30:00,2020-01-30 13:30:00,NQH20.csv,821,NQH20.csv,7.0,9053.5,9053.5,63362.25,63374.5,-12.25
43860,14,30,9079.5,7,2020-01-30,2020-01-30 14:30:00,2020-01-30 14:30:00,NQH20.csv,1001,NQH20.csv,1.0,9084.75,9084.75,9079.5,9084.75,-5.25
43860,15,0,9102.75,0,2020-01-30,2020-01-30 15:00:00,2020-01-30 15:00:00,NQH20.csv,2387,NQH20.csv,-7.0,9128.75,9128.75,63719.25,63901.25,182.0
43860,15,30,9114.25,3,2020-01-30,2020-01-30 15:30:00,2020-01-30 15:30:00,NQH20.csv,2318,NQH20.csv,3.0,9124.25,9124.25,27342.75,27372.75,-30.0
43860,15,45,9130.75,6,2020-01-30,2020-01-30 15:45:00,2020-01-30 15:45:00,NQH20.csv,1560,NQH20.csv,3.0,9237.0,9233.0,27392.25,27699.0,-306.75
43861,2,30,9212.0,0,2020-01-31,2020-01-31 02:30:00,2020-01-31 02:30:00,NQH20.csv,241,NQH20.csv,-6.0,9196.0,9196.0,55272.0,55176.0,-96.0
43861,3,30,9189.0,-1,2020-01-31,2020-01-31 03:30:00,2020-01-31 03:30:00,NQH20.csv,111,NQH20.csv,-1.0,9185.75,9185.75,9189.0,9185.75,-3.25
43861,5,30,9153.0,0,2020-01-31,2020-01-31 05:30:00,2020-01-31 05:30:00,NQH20.csv,552,NQH20.csv,1.0,9154.25,9154.25,9153.0,9154.25,-1.25
43861,6,0,9158.5,3,2020-01-31,2020-01-31 06:00:00,2020-01-31 06:00:00,NQH20.csv,204,NQH20.csv,3.0,9166.0,9166.0,27475.5,27498.0,-22.5
43861,7,0,9172.0,-1,2020-01-31,2020-01-31 07:00:00,2020-01-31 07:00:00,NQH20.csv,792,NQH20.csv,-4.0,9184.75,9184.75,36688.0,36739.0,51.0
43861,7,30,9186.75,3,2020-01-31,2020-01-31 07:30:00,2020-01-31 07:30:00,NQH20.csv,663,NQH20.csv,4.0,9180.25,9180.25,36747.0,36721.0,26.0
43861,8,0,9185.25,0,2020-01-31,2020-01-31 08:00:00,2020-01-31 08:00:00,NQH20.csv,339,NQH20.csv,-3.0,9189.5,9189.5,27555.75,27568.5,12.75
43861,9,15,9196.5,5,2020-01-31,2020-01-31 09:15:00,2020-01-31 09:15:00,NQH20.csv,546,NQH20.csv,5.0,9120.5,9120.5,45982.5,45602.5,380.0
43861,10,0,9127.25,-5,2020-01-31,2020-01-31 10:00:00,2020-01-31 10:00:00,NQH20.csv,1946,NQH20.csv,-10.0,9066.5,9066.5,91272.5,90665.0,-607.5
43861,10,15,9085.0,-10,2020-01-31,2020-01-31 10:15:00,2020-01-31 10:15:00,NQH20.csv,2275,NQH20.csv,-5.0,9066.5,9066.5,45425.0,45332.5,-92.5
43861,10,30,9068.5,-9,2020-01-31,2020-01-31 10:30:00,2020-01-31 10:30:00,NQH20.csv,2840,NQH20.csv,1.0,9062.0,9062.0,9068.5,9062.0,6.5
43861,11,15,9043.5,-5,2020-01-31,2020-01-31 11:15:00,2020-01-31 11:15:00,NQH20.csv,5667,NQH20.csv,4.0,9059.0,9059.0,36174.0,36236.0,-62.0
43861,11,45,9049.75,-9,2020-01-31,2020-01-31 11:45:00,2020-01-31 11:45:00,NQH20.csv,3994,NQH20.csv,-4.0,9063.5,9063.5,36199.0,36254.0,55.0
43861,12,30,9052.0,-6,2020-01-31,2020-01-31 12:30:00,2020-01-31 12:30:00,NQH20.csv,1547,NQH20.csv,3.0,9034.5,9034.5,27156.0,27103.5,52.5
43861,13,45,8997.75,-7,2020-01-31,2020-01-31 13:45:00,2020-01-31 13:45:00,NQH20.csv,1721,NQH20.csv,-1.0,9020.5,9020.5,8997.75,9020.5,22.75
43861,14,0,9022.75,-1,2020-01-31,2020-01-31 14:00:00,2020-01-31 14:00:00,NQH20.csv,1564,NQH20.csv,6.0,9028.25,9028.25,54136.5,54169.5,-33.0
43861,14,15,9030.0,0,2020-01-31,2020-01-31 14:15:00,2020-01-31 14:15:00,NQH20.csv,1565,NQH20.csv,1.0,9028.25,9028.25,9030.0,9028.25,1.75
43861,14,45,9025.5,-4,2020-01-31,2020-01-31 14:45:00,2020-01-31 14:45:00,NQH20.csv,852,NQH20.csv,-4.0,9032.75,9032.75,36102.0,36131.0,29.0
43861,15,15,8999.25,0,2020-01-31,2020-01-31 15:15:00,2020-01-31 15:15:00,NQH20.csv,1960,NQH20.csv,4.0,8996.75,8996.75,35997.0,35987.0,10.0
43861,15,30,8991.5,-5,2020-01-31,2020-01-31 15:30:00,2020-01-31 15:30:00,NQH20.csv,2403,NQH20.csv,-5.0,9001.25,9001.25,44957.5,45006.25,48.75
43861,15,45,8997.5,-2,2020-01-31,2020-01-31 15:45:00,2020-01-31 15:45:00,NQH20.csv,3361,NQH20.csv,3.0,8996.75,8996.75,26992.5,26990.25,2.25
43861,16,0,8995.0,0,2020-01-31,2020-01-31 16:00:00,2020-01-31 16:00:00,NQH20.csv,2400,NQH20.csv,2.0,8996.75,8996.75,17990.0,17993.5,-3.5
43864,2,30,9070.75,8,2020-02-03,2020-02-03 02:30:00,2020-02-03 02:30:00,NQH20.csv,211,NQH20.csv,8.0,9066.75,9066.75,72566.0,72534.0,32.0
43864,3,30,9043.75,2,2020-02-03,2020-02-03 03:30:00,2020-02-03 03:30:00,NQH20.csv,280,NQH20.csv,-6.0,9061.5,9061.5,54262.5,54369.0,106.5
43864,5,30,9039.75,8,2020-02-03,2020-02-03 05:30:00,2020-02-03 05:30:00,NQH20.csv,185,NQH20.csv,6.0,9036.0,9036.0,54238.5,54216.0,22.5
43864,6,0,9038.25,11,2020-02-03,2020-02-03 06:00:00,2020-02-03 06:00:00,NQH20.csv,144,NQH20.csv,3.0,9036.0,9046.75,27114.75,27140.25,-25.5
43864,6,5,9050.25,9,2020-02-03,2020-02-03 06:05:00,2020-02-03 06:05:00,NQH20.csv,241,NQH20.csv,-2.0,9049.5,9049.5,18100.5,18099.0,-1.5
43864,8,0,9043.0,8,2020-02-03,2020-02-03 08:00:00,2020-02-03 08:00:00,NQH20.csv,441,NQH20.csv,-1.0,9045.25,9045.25,9043.0,9045.25,2.25
43864,9,15,9049.5,4,2020-02-03,2020-02-03 09:15:00,2020-02-03 09:15:00,NQH20.csv,262,NQH20.csv,-4.0,9139.75,9139.75,36198.0,36559.0,361.0
43864,9,45,9091.75,7,2020-02-03,2020-02-03 09:45:00,2020-02-03 09:45:00,NQH20.csv,5107,NQH20.csv,3.0,9135.25,9135.25,27275.25,27405.75,-130.5
43864,10,15,9141.25,8,2020-02-03,2020-02-03 10:15:00,2020-02-03 10:15:00,NQH20.csv,2028,NQH20.csv,1.0,9129.0,9129.0,9141.25,9129.0,12.25
43864,11,45,9112.5,7,2020-02-03,2020-02-03 11:45:00,2020-02-03 11:45:00,NQH20.csv,1205,NQH20.csv,-1.0,9120.5,9120.5,9112.5,9120.5,8.0
43864,12,15,9120.0,8,2020-02-03,2020-02-03 12:15:00,2020-02-03 12:15:00,NQH20.csv,1137,NQH20.csv,1.0,9141.25,9141.25,9120.0,9141.25,-21.25
43864,12,45,9138.25,2,2020-02-03,2020-02-03 12:45:00,2020-02-03 12:45:00,NQH20.csv,1011,NQH20.csv,-6.0,9145.75,9145.75,54829.5,54874.5,45.0
43864,13,15,9115.75,8,2020-02-03,2020-02-03 13:15:00,2020-02-03 13:15:00,NQH20.csv,1144,NQH20.csv,6.0,9124.75,9124.75,54694.5,54748.5,-54.0
43864,15,30,9143.5,0,2020-02-03,2020-02-03 15:30:00,2020-02-03 15:30:00,NQH20.csv,1049,NQH20.csv,-8.0,9135.0,9135.0,73148.0,73080.0,-68.0
43864,16,0,9132.75,8,2020-02-03,2020-02-03 16:00:00,2020-02-03 16:00:00,NQH20.csv,1356,NQH20.csv,8.0,9130.5,9130.5,73062.0,73044.0,18.0
43865,2,30,9179.75,6,2020-02-04,2020-02-04 02:30:00,2020-02-04 02:30:00,NQH20.csv,140,NQH20.csv,-2.0,9207.75,9207.75,18359.5,18415.5,56.0
43865,3,30,9225.0,0,2020-02-04,2020-02-04 03:30:00,2020-02-04 03:30:00,NQH20.csv,597,NQH20.csv,-6.0,9214.5,9214.5,55350.0,55287.0,-63.0
43865,5,30,9226.0,6,2020-02-04,2020-02-04 05:30:00,2020-02-04 05:30:00,NQH20.csv,75,NQH20.csv,6.0,9225.75,9225.75,55356.0,55354.5,1.5
43865,9,15,9250.75,3,2020-02-04,2020-02-04 09:15:00,2020-02-04 09:15:00,NQH20.csv,895,NQH20.csv,-3.0,9256.5,9256.5,27752.25,27769.5,17.25
43865,10,15,9254.5,6,2020-02-04,2020-02-04 10:15:00,2020-02-04 10:15:00,NQH20.csv,1644,NQH20.csv,3.0,9294.0,9294.0,27763.5,27882.0,-118.5
43865,12,0,9324.0,7,2020-02-04,2020-02-04 12:00:00,2020-02-04 12:00:00,NQH20.csv,699,NQH20.csv,1.0,9327.0,9327.0,9324.0,9327.0,-3.0
43865,15,30,9355.75,3,2020-02-04,2020-02-04 15:30:00,2020-02-04 15:30:00,NQH20.csv,835,NQH20.csv,-4.0,9350.25,9350.25,37423.0,37401.0,-22.0
43865,16,0,9337.5,6,2020-02-04,2020-02-04 16:00:00,2020-02-04 16:00:00,NQH20.csv,2132,NQH20.csv,3.0,9345.75,9345.75,28012.5,28037.25,-24.75
43866,2,30,9335.0,2,2020-02-05,2020-02-05 02:30:00,2020-02-05 02:30:00,NQH20.csv,223,NQH20.csv,-4.0,9355.25,9355.25,37340.0,37421.0,81.0
43866,9,15,9450.25,0,2020-02-05,2020-02-05 09:15:00,2020-02-05 09:15:00,NQH20.csv,413,NQH20.csv,-2.0,9459.25,9459.25,18900.5,18918.5,18.0
43866,10,0,9392.0,2,2020-02-05,2020-02-05 10:00:00,2020-02-05 10:00:00,NQH20.csv,2182,NQH20.csv,2.0,9347.75,9347.75,18784.0,18695.5,88.5
43866,10,15,9371.5,4,2020-02-05,2020-02-05 10:15:00,2020-02-05 10:15:00,NQH20.csv,1519,NQH20.csv,2.0,9347.75,9347.75,18743.0,18695.5,47.5
43866,11,45,9336.5,7,2020-02-05,2020-02-05 11:45:00,2020-02-05 11:45:00,NQH20.csv,1133,NQH20.csv,3.0,9361.0,9361.0,28009.5,28083.0,-73.5
43866,12,0,9362.75,8,2020-02-05,2020-02-05 12:00:00,2020-02-05 12:00:00,NQH20.csv,962,NQH20.csv,1.0,9361.0,9361.0,9362.75,9361.0,1.75
43866,12,15,9368.0,5,2020-02-05,2020-02-05 12:15:00,2020-02-05 12:15:00,NQH20.csv,1002,NQH20.csv,-3.0,9365.5,9365.5,28104.0,28096.5,-7.5
43866,13,0,9354.25,8,2020-02-05,2020-02-05 13:00:00,2020-02-05 13:00:00,NQH20.csv,736,NQH20.csv,3.0,9344.75,9344.75,28062.75,28034.25,28.5
43866,13,30,9348.75,5,2020-02-05,2020-02-05 13:30:00,2020-02-05 13:30:00,NQH20.csv,639,NQH20.csv,-3.0,9361.75,9361.75,28046.25,28085.25,39.0
43866,14,0,9355.5,3,2020-02-05,2020-02-05 14:00:00,2020-02-05 14:00:00,NQH20.csv,1258,NQH20.csv,-2.0,9361.75,9361.75,18711.0,18723.5,12.5
43866,14,15,9346.0,5,2020-02-05,2020-02-05 14:15:00,2020-02-05 14:15:00,NQH20.csv,689,NQH20.csv,2.0,9357.25,9357.25,18692.0,18714.5,-22.5
43866,14,45,9367.75,3,2020-02-05,2020-02-05 14:45:00,2020-02-05 14:45:00,NQH20.csv,395,NQH20.csv,-2.0,9384.5,9384.5,18735.5,18769.0,33.5
43866,15,30,9378.5,5,2020-02-05,2020-02-05 15:30:00,2020-02-05 15:30:00,NQH20.csv,864,NQH20.csv,2.0,9391.75,9384.5,18757.0,18769.0,-12.0
43866,16,0,9374.5,2,2020-02-05,2020-02-05 16:00:00,2020-02-05 16:00:00,NQH20.csv,2336,NQH20.csv,-3.0,9396.25,9388.25,28123.5,28164.75,41.25
43867,2,30,9435.25,-3,2020-02-06,2020-02-06 02:30:00,2020-02-06 02:30:00,NQH20.csv,172,NQH20.csv,-5.0,9436.75,9436.75,47176.25,47183.75,7.5
43867,3,30,9437.25,5,2020-02-06,2020-02-06 03:30:00,2020-02-06 03:30:00,NQH20.csv,217,NQH20.csv,8.0,9439.0,9439.0,75498.0,75512.0,-14.0
43867,4,30,9416.25,11,2020-02-06,2020-02-06 04:30:00,2020-02-06 04:30:00,NQH20.csv,194,NQH20.csv,6.0,9412.0,9412.0,56497.5,56472.0,25.5
43867,5,30,9418.5,3,2020-02-06,2020-02-06 05:30:00,2020-02-06 05:30:00,NQH20.csv,68,NQH20.csv,-8.0,9417.5,9417.5,75348.0,75340.0,-8.0
43867,9,45,9377.5,5,2020-02-06,2020-02-06 09:45:00,2020-02-06 09:45:00,NQH20.csv,2851,NQH20.csv,2.0,9414.75,9414.75,18755.0,18829.5,-74.5
43867,10,0,9414.0,6,2020-02-06,2020-02-06 10:00:00,2020-02-06 10:00:00,NQH20.csv,2168,NQH20.csv,1.0,9414.75,9414.75,9414.0,9414.75,-0.75
43867,10,15,9413.25,4,2020-02-06,2020-02-06 10:15:00,2020-02-06 10:15:00,NQH20.csv,1430,NQH20.csv,-2.0,9419.25,9419.25,18826.5,18838.5,12.0
43867,12,0,9423.75,7,2020-02-06,2020-02-06 12:00:00,2020-02-06 12:00:00,NQH20.csv,1029,NQH20.csv,3.0,9446.0,9446.0,28271.25,28338.0,-66.75
43867,13,15,9441.5,9,2020-02-06,2020-02-06 13:15:00,2020-02-06 13:15:00,NQH20.csv,401,NQH20.csv,2.0,9432.5,9432.5,18883.0,18865.0,18.0
43867,13,45,9438.25,7,2020-02-06,2020-02-06 13:45:00,2020-02-06 13:45:00,NQH20.csv,474,NQH20.csv,-2.0,9437.0,9437.0,18876.5,18874.0,-2.5
43867,14,0,9442.75,8,2020-02-06,2020-02-06 14:00:00,2020-02-06 14:00:00,NQH20.csv,395,NQH20.csv,1.0,9432.5,9432.5,9442.75,9432.5,10.25
43867,14,30,9441.0,10,2020-02-06,2020-02-06 14:30:00,2020-02-06 14:30:00,NQH20.csv,804,NQH20.csv,2.0,9432.5,9432.5,18882.0,18865.0,17.0
43867,15,0,9432.25,11,2020-02-06,2020-02-06 15:00:00,2020-02-06 15:00:00,NQH20.csv,854,NQH20.csv,1.0,9437.75,9437.75,9432.25,9437.75,-5.5
43867,15,5,9435.75,9,2020-02-06,2020-02-06 15:05:00,2020-02-06 15:05:00,NQH20.csv,408,NQH20.csv,-2.0,9442.25,9442.25,18871.5,18884.5,13.0
43867,16,0,9452.0,3,2020-02-06,2020-02-06 16:00:00,2020-02-06 16:00:00,NQH20.csv,1757,NQH20.csv,-6.0,9460.25,9460.25,56712.0,56761.5,49.5
43868,2,30,9441.5,0,2020-02-07,2020-02-07 02:30:00,2020-02-07 02:30:00,NQH20.csv,491,NQH20.csv,-3.0,9446.5,9446.5,28324.5,28339.5,15.0
43868,6,0,9402.75,2,2020-02-07,2020-02-07 06:00:00,2020-02-07 06:00:00,NQH20.csv,546,NQH20.csv,2.0,9415.25,9415.25,18805.5,18830.5,-25.0
43868,6,30,9414.0,0,2020-02-07,2020-02-07 06:30:00,2020-02-07 06:30:00,NQH20.csv,126,NQH20.csv,-2.0,9419.75,9419.75,18828.0,18839.5,11.5
43868,9,15,9413.75,1,2020-02-07,2020-02-07 09:15:00,2020-02-07 09:15:00,NQH20.csv,284,NQH20.csv,1.0,9408.5,9408.5,9413.75,9408.5,5.25
43868,9,45,9394.25,3,2020-02-07,2020-02-07 09:45:00,2020-02-07 09:45:00,NQH20.csv,1466,NQH20.csv,2.0,9408.5,9408.5,18788.5,18817.0,-28.5
43868,10,0,9398.0,4,2020-02-07,2020-02-07 10:00:00,2020-02-07 10:00:00,NQH20.csv,2324,NQH20.csv,1.0,9431.0,9431.0,9398.0,9431.0,-33.0
43868,10,15,9407.75,1,2020-02-07,2020-02-07 10:15:00,2020-02-07 10:15:00,NQH20.csv,1329,NQH20.csv,-3.0,9435.5,9435.5,28223.25,28306.5,83.25
43868,12,0,9451.75,5,2020-02-07,2020-02-07 12:00:00,2020-02-07 12:00:00,NQH20.csv,910,NQH20.csv,4.0,9446.0,9449.25,37807.0,37797.0,10.0
43868,14,0,9413.25,9,2020-02-07,2020-02-07 14:00:00,2020-02-07 14:00:00,NQH20.csv,1707,NQH20.csv,4.0,9404.75,9404.75,37653.0,37619.0,34.0
43868,14,30,9400.0,10,2020-02-07,2020-02-07 14:30:00,2020-02-07 14:30:00,NQH20.csv,1836,NQH20.csv,1.0,9404.75,9404.75,9400.0,9404.75,-4.75
43868,14,45,9415.5,6,2020-02-07,2020-02-07 14:45:00,2020-02-07 14:45:00,NQH20.csv,1197,NQH20.csv,-4.0,9409.25,9409.25,37662.0,37637.0,-25.0
43868,15,0,9415.75,10,2020-02-07,2020-02-07 15:00:00,2020-02-07 15:00:00,NQH20.csv,559,NQH20.csv,4.0,9404.5,9404.5,37663.0,37618.0,45.0
43868,15,15,9409.75,11,2020-02-07,2020-02-07 15:15:00,2020-02-07 15:15:00,NQH20.csv,703,NQH20.csv,1.0,9404.5,9404.5,9409.75,9404.5,5.25
43868,15,40,9407.5,9,2020-02-07,2020-02-07 15:40:00,2020-02-07 15:40:00,NQH20.csv,823,NQH20.csv,-2.0,9409.0,9409.0,18815.0,18818.0,3.0
43868,15,45,9415.5,11,2020-02-07,2020-02-07 15:45:00,2020-02-07 15:45:00,NQH20.csv,638,NQH20.csv,2.0,9404.5,9404.5,18831.0,18809.0,22.0
43868,16,0,9412.75,0,2020-02-07,2020-02-07 16:00:00,2020-02-07 16:00:00,NQH20.csv,2530,NQH20.csv,-11.0,9409.0,9409.0,103540.25,103499.0,-41.25
43871,2,30,9422.75,11,2020-02-10,2020-02-10 02:30:00,2020-02-10 02:30:00,NQH20.csv,54,NQH20.csv,11.0,9410.75,9410.75,103650.25,103518.25,132.0
43871,2,35,9420.75,9,2020-02-10,2020-02-10 02:35:00,2020-02-10 02:35:00,NQH20.csv,195,NQH20.csv,-2.0,9415.25,9415.25,18841.5,18830.5,-11.0
43871,12,0,9476.5,11,2020-02-10,2020-02-10 12:00:00,2020-02-10 12:00:00,NQH20.csv,413,NQH20.csv,2.0,9474.25,9474.25,18953.0,18948.5,4.5
43871,12,5,9466.25,10,2020-02-10,2020-02-10 12:05:00,2020-02-10 12:05:00,NQH20.csv,989,NQH20.csv,-1.0,9468.5,9468.5,9466.25,9468.5,2.25
43871,16,0,9525.75,9,2020-02-10,2020-02-10 16:00:00,2020-02-10 16:00:00,NQH20.csv,2153,NQH20.csv,-1.0,9528.0,9528.0,9525.75,9528.0,2.25
43872,2,30,9563.25,4,2020-02-11,2020-02-11 02:30:00,2020-02-11 02:30:00,NQH20.csv,165,NQH20.csv,-5.0,9563.0,9563.0,47816.25,47815.0,-1.25
43872,4,30,9555.5,0,2020-02-11,2020-02-11 04:30:00,2020-02-11 04:30:00,NQH20.csv,538,NQH20.csv,-4.0,9564.0,9564.0,38222.0,38256.0,34.0
43872,6,30,9561.0,2,2020-02-11,2020-02-11 06:30:00,2020-02-11 06:30:00,NQH20.csv,182,NQH20.csv,2.0,9561.25,9561.25,19122.0,19122.5,-0.5
43872,7,0,9555.5,0,2020-02-11,2020-02-11 07:00:00,2020-02-11 07:00:00,NQH20.csv,166,NQH20.csv,-2.0,9565.75,9565.75,19111.0,19131.5,20.5
43872,7,15,9565.0,2,2020-02-11,2020-02-11 07:15:00,2020-02-11 07:15:00,NQH20.csv,201,NQH20.csv,2.0,9565.75,9565.75,19130.0,19131.5,-1.5
43872,7,45,9568.5,0,2020-02-11,2020-02-11 07:45:00,2020-02-11 07:45:00,NQH20.csv,118,NQH20.csv,-2.0,9570.25,9570.25,19137.0,19140.5,3.5
43872,11,45,9571.5,4,2020-02-11,2020-02-11 11:45:00,2020-02-11 11:45:00,NQH20.csv,1818,NQH20.csv,4.0,9563.75,9563.75,38286.0,38255.0,31.0
43872,12,0,9560.75,7,2020-02-11,2020-02-11 12:00:00,2020-02-11 12:00:00,NQH20.csv,1331,NQH20.csv,3.0,9563.75,9563.75,28682.25,28691.25,-9.0
43872,12,15,9564.5,3,2020-02-11,2020-02-11 12:15:00,2020-02-11 12:15:00,NQH20.csv,671,NQH20.csv,-4.0,9591.0,9591.0,38258.0,38364.0,106.0
43872,13,45,9575.0,5,2020-02-11,2020-02-11 13:45:00,2020-02-11 13:45:00,NQH20.csv,620,NQH20.csv,2.0,9541.5,9541.5,19150.0,19083.0,67.0
43872,14,0,9554.25,7,2020-02-11,2020-02-11 14:00:00,2020-02-11 14:00:00,NQH20.csv,1590,NQH20.csv,2.0,9541.5,9541.5,19108.5,19083.0,25.5
43872,14,15,9541.0,5,2020-02-11,2020-02-11 14:15:00,2020-02-11 14:15:00,NQH20.csv,568,NQH20.csv,-2.0,9515.25,9515.25,19082.0,19030.5,-51.5
43872,15,45,9532.5,7,2020-02-11,2020-02-11 15:45:00,2020-02-11 15:45:00,NQH20.csv,854,NQH20.csv,2.0,9522.75,9522.75,19065.0,19045.5,19.5
43872,16,0,9527.0,0,2020-02-11,2020-02-11 16:00:00,2020-02-11 16:00:00,NQH20.csv,886,NQH20.csv,-7.0,9527.25,9527.25,66689.0,66690.75,1.75
43873,2,30,9562.25,8,2020-02-12,2020-02-12 02:30:00,2020-02-12 02:30:00,NQH20.csv,61,NQH20.csv,8.0,9571.0,9571.0,76498.0,76568.0,-70.0
43873,4,30,9571.0,5,2020-02-12,2020-02-12 04:30:00,2020-02-12 04:30:00,NQH20.csv,132,NQH20.csv,-3.0,9573.0,9573.0,28713.0,28719.0,6.0
43873,10,0,9584.0,7,2020-02-12,2020-02-12 10:00:00,2020-02-12 10:00:00,NQH20.csv,2972,NQH20.csv,2.0,9570.0,9570.0,19168.0,19140.0,28.0
43873,10,30,9572.25,10,2020-02-12,2020-02-12 10:30:00,2020-02-12 10:30:00,NQH20.csv,1263,NQH20.csv,3.0,9602.5,9602.5,28716.75,28807.5,-90.75
43873,12,0,9602.0,11,2020-02-12,2020-02-12 12:00:00,2020-02-12 12:00:00,NQH20.csv,509,NQH20.csv,1.0,9606.0,9606.0,9602.0,9606.0,-4.0
43873,12,30,9608.75,8,2020-02-12,2020-02-12 12:30:00,2020-02-12 12:30:00,NQH20.csv,363,NQH20.csv,-3.0,9605.5,9605.5,28826.25,28816.5,-9.75
43873,14,0,9608.75,6,2020-02-12,2020-02-12 14:00:00,2020-02-12 14:00:00,NQH20.csv,330,NQH20.csv,-2.0,9606.25,9606.25,19217.5,19212.5,-5.0
43873,15,30,9608.25,11,2020-02-12,2020-02-12 15:30:00,2020-02-12 15:30:00,NQH20.csv,652,NQH20.csv,5.0,9620.0,9620.0,48041.25,48100.0,-58.75
43873,15,35,9609.75,9,2020-02-12,2020-02-12 15:35:00,2020-02-12 15:35:00,NQH20.csv,679,NQH20.csv,-2.0,9624.5,9624.5,19219.5,19249.0,29.5
43873,16,0,9619.5,5,2020-02-12,2020-02-12 16:00:00,2020-02-12 16:00:00,NQH20.csv,1808,NQH20.csv,-4.0,9624.5,9624.5,38478.0,38498.0,20.0
43874,2,30,9573.25,4,2020-02-13,2020-02-13 02:30:00,2020-02-13 02:30:00,NQH20.csv,218,NQH20.csv,-1.0,9575.75,9575.75,9573.25,9575.75,2.5
43874,4,30,9548.5,0,2020-02-13,2020-02-13 04:30:00,2020-02-13 04:30:00,NQH20.csv,273,NQH20.csv,-4.0,9552.25,9552.25,38194.0,38209.0,15.0
43874,5,0,9540.5,4,2020-02-13,2020-02-13 05:00:00,2020-02-13 05:00:00,NQH20.csv,556,NQH20.csv,4.0,9537.75,9537.75,38162.0,38151.0,11.0
43874,5,30,9542.25,0,2020-02-13,2020-02-13 05:30:00,2020-02-13 05:30:00,NQH20.csv,297,NQH20.csv,-4.0,9542.25,9542.25,38169.0,38169.0,-0.0
43874,7,30,9540.5,5,2020-02-13,2020-02-13 07:30:00,2020-02-13 07:30:00,NQH20.csv,335,NQH20.csv,5.0,9542.25,9542.25,47702.5,47711.25,-8.75
43874,8,0,9545.75,0,2020-02-13,2020-02-13 08:00:00,2020-02-13 08:00:00,NQH20.csv,1110,NQH20.csv,-5.0,9556.25,9556.25,47728.75,47781.25,52.5
43874,9,15,9554.75,1,2020-02-13,2020-02-13 09:15:00,2020-02-13 09:15:00,NQH20.csv,450,NQH20.csv,1.0,9567.75,9567.75,9554.75,9567.75,-13.0
43874,10,15,9583.75,0,2020-02-13,2020-02-13 10:15:00,2020-02-13 10:15:00,NQH20.csv,1406,NQH20.csv,-1.0,9592.5,9592.5,9583.75,9592.5,8.75
43874,10,30,9583.75,5,2020-02-13,2020-02-13 10:30:00,2020-02-13 10:30:00,NQH20.csv,859,NQH20.csv,5.0,9588.0,9588.0,47918.75,47940.0,-21.25
43874,11,0,9608.5,7,2020-02-13,2020-02-13 11:00:00,2020-02-13 11:00:00,NQH20.csv,1760,NQH20.csv,2.0,9626.5,9626.5,19217.0,19253.0,-36.0
43874,11,30,9618.5,5,2020-02-13,2020-02-13 11:30:00,2020-02-13 11:30:00,NQH20.csv,942,NQH20.csv,-2.0,9631.0,9631.0,19237.0,19262.0,25.0
43874,12,0,9614.5,8,2020-02-13,2020-02-13 12:00:00,2020-02-13 12:00:00,NQH20.csv,626,NQH20.csv,3.0,9618.75,9618.75,28843.5,28856.25,-12.75
43874,12,30,9625.75,3,2020-02-13,2020-02-13 12:30:00,2020-02-13 12:30:00,NQH20.csv,563,NQH20.csv,-5.0,9623.25,9623.25,48128.75,48116.25,-12.5
43874,12,45,9619.75,7,2020-02-13,2020-02-13 12:45:00,2020-02-13 12:45:00,NQH20.csv,711,NQH20.csv,4.0,9625.5,9625.5,38479.0,38502.0,-23.0
43874,13,15,9605.0,3,2020-02-13,2020-02-13 13:15:00,2020-02-13 13:15:00,NQH20.csv,1359,NQH20.csv,-4.0,9630.0,9630.0,38420.0,38520.0,100.0
43874,14,30,9628.0,6,2020-02-13,2020-02-13 14:30:00,2020-02-13 14:30:00,NQH20.csv,657,NQH20.csv,3.0,9631.75,9631.75,28884.0,28895.25,-11.25
43874,15,0,9634.25,7,2020-02-13,2020-02-13 15:00:00,2020-02-13 15:00:00,NQH20.csv,526,NQH20.csv,1.0,9600.25,9600.25,9634.25,9600.25,34.0
43874,15,30,9614.75,11,2020-02-13,2020-02-13 15:30:00,2020-02-13 15:30:00,NQH20.csv,750,NQH20.csv,4.0,9600.25,9600.25,38459.0,38401.0,58.0
43874,15,35,9607.75,9,2020-02-13,2020-02-13 15:35:00,2020-02-13 15:35:00,NQH20.csv,1112,NQH20.csv,-2.0,9604.75,9604.75,19215.5,19209.5,-6.0
43874,15,45,9600.5,11,2020-02-13,2020-02-13 15:45:00,2020-02-13 15:45:00,NQH20.csv,2233,NQH20.csv,2.0,9621.0,9621.0,19201.0,19242.0,-41.0
43874,16,0,9607.5,0,2020-02-13,2020-02-13 16:00:00,2020-02-13 16:00:00,NQH20.csv,1780,NQH20.csv,-11.0,9625.5,9625.5,105682.5,105880.5,198.0
43875,2,30,9645.0,-3,2020-02-14,2020-02-14 02:30:00,2020-02-14 02:30:00,NQH20.csv,113,NQH20.csv,-3.0,9641.5,9641.5,28935.0,28924.5,-10.5
43875,4,30,9631.75,0,2020-02-14,2020-02-14 04:30:00,2020-02-14 04:30:00,NQH20.csv,133,NQH20.csv,3.0,9633.75,9633.75,28895.25,28901.25,-6.0
43875,9,15,9619.75,-2,2020-02-14,2020-02-14 09:15:00,2020-02-14 09:15:00,NQH20.csv,401,NQH20.csv,-2.0,9610.5,9610.5,19239.5,19221.0,-18.5
43875,10,15,9600.25,0,2020-02-14,2020-02-14 10:15:00,2020-02-14 10:15:00,NQH20.csv,1617,NQH20.csv,2.0,9630.75,9630.75,19200.5,19261.5,-61.0
43875,12,15,9612.75,5,2020-02-14,2020-02-14 12:15:00,2020-02-14 12:15:00,NQH20.csv,937,NQH20.csv,5.0,9597.75,9597.75,48063.75,47988.75,75.0
43875,12,45,9610.25,0,2020-02-14,2020-02-14 12:45:00,2020-02-14 12:45:00,NQH20.csv,1287,NQH20.csv,-5.0,9602.25,9602.25,48051.25,48011.25,-40.0
43878,2,30,9669.5,4,2020-02-17,2020-02-17 02:30:00,2020-02-17 02:30:00,NQH20.csv,94,NQH20.csv,4.0,9673.0,9673.0,38678.0,38692.0,-14.0
43878,4,30,9672.0,0,2020-02-17,2020-02-17 04:30:00,2020-02-17 04:30:00,NQH20.csv,15,NQH20.csv,-4.0,9676.5,9676.5,38688.0,38706.0,18.0
43878,9,15,9657.0,2,2020-02-17,2020-02-17 09:15:00,2020-02-17 09:15:00,NQH20.csv,57,NQH20.csv,2.0,9658.5,9658.5,19314.0,19317.0,-3.0
43878,9,45,9662.5,4,2020-02-17,2020-02-17 09:45:00,2020-02-17 09:45:00,NQH20.csv,297,NQH20.csv,2.0,9658.5,9658.5,19325.0,19317.0,8.0
43878,10,15,9659.75,0,2020-02-17,2020-02-17 10:15:00,2020-02-17 10:15:00,NQH20.csv,76,NQH20.csv,-4.0,9667.75,9662.75,38639.0,38651.0,12.0
43878,12,0,9667.0,2,2020-02-17,2020-02-17 12:00:00,2020-02-17 12:00:00,NQH20.csv,51,NQH20.csv,2.0,9665.25,9665.25,19334.0,19330.5,3.5
43878,16,0,9666.5,0,2020-02-17,2020-02-17 16:00:00,2020-02-17 16:00:00,NQH20.csv,3275,NQH20.csv,-2.0,9669.75,9623.0,19333.0,19246.0,-87.0
43879,2,30,9552.25,3,2020-02-18,2020-02-18 02:30:00,2020-02-18 02:30:00,NQH20.csv,293,NQH20.csv,3.0,9536.75,9536.75,28656.75,28610.25,46.5
43879,6,0,9567.25,5,2020-02-18,2020-02-18 06:00:00,2020-02-18 06:00:00,NQH20.csv,349,NQH20.csv,2.0,9565.0,9565.0,19134.5,19130.0,4.5
43879,7,0,9557.0,9,2020-02-18,2020-02-18 07:00:00,2020-02-18 07:00:00,NQH20.csv,205,NQH20.csv,4.0,9554.75,9571.75,38228.0,38287.0,-59.0
43879,7,30,9570.0,5,2020-02-18,2020-02-18 07:30:00,2020-02-18 07:30:00,NQH20.csv,151,NQH20.csv,-4.0,9573.5,9573.5,38280.0,38294.0,14.0
43879,8,0,9571.25,3,2020-02-18,2020-02-18 08:00:00,2020-02-18 08:00:00,NQH20.csv,271,NQH20.csv,-2.0,9573.5,9573.5,19142.5,19147.0,4.5
43879,10,30,9597.0,4,2020-02-18,2020-02-18 10:30:00,2020-02-18 10:30:00,NQH20.csv,2944,NQH20.csv,1.0,9616.5,9616.5,9597.0,9616.5,-19.5
43879,10,45,9612.0,6,2020-02-18,2020-02-18 10:45:00,2020-02-18 10:45:00,NQH20.csv,2381,NQH20.csv,2.0,9616.5,9616.5,19224.0,19233.0,-9.0
43879,11,15,9605.5,4,2020-02-18,2020-02-18 11:15:00,2020-02-18 11:15:00,NQH20.csv,1122,NQH20.csv,-2.0,9583.75,9583.75,19211.0,19167.5,-43.5
43879,11,45,9579.25,7,2020-02-18,2020-02-18 11:45:00,2020-02-18 11:45:00,NQH20.csv,1235,NQH20.csv,3.0,9579.25,9579.25,28737.75,28737.75,0.0
43879,12,15,9595.75,-1,2020-02-18,2020-02-18 12:15:00,2020-02-18 12:15:00,NQH20.csv,874,NQH20.csv,-8.0,9614.75,9614.75,76766.0,76918.0,152.0
43879,12,30,9599.25,-2,2020-02-18,2020-02-18 12:30:00,2020-02-18 12:30:00,NQH20.csv,1062,NQH20.csv,-1.0,9614.75,9614.75,9599.25,9614.75,15.5
43879,12,45,9609.0,7,2020-02-18,2020-02-18 12:45:00,2020-02-18 12:45:00,NQH20.csv,554,NQH20.csv,9.0,9610.25,9610.25,86481.0,86492.25,-11.25
43879,13,15,9625.25,3,2020-02-18,2020-02-18 13:15:00,2020-02-18 13:15:00,NQH20.csv,532,NQH20.csv,-4.0,9618.25,9618.25,38501.0,38473.0,-28.0
43879,14,0,9616.0,5,2020-02-18,2020-02-18 14:00:00,2020-02-18 14:00:00,NQH20.csv,662,NQH20.csv,2.0,9613.75,9613.75,19232.0,19227.5,4.5
43879,14,30,9639.5,-1,2020-02-18,2020-02-18 14:30:00,2020-02-18 14:30:00,NQH20.csv,1014,NQH20.csv,-6.0,9647.25,9647.25,57837.0,57883.5,46.5
43879,15,30,9642.5,2,2020-02-18,2020-02-18 15:30:00,2020-02-18 15:30:00,NQH20.csv,705,NQH20.csv,3.0,9634.25,9634.25,28927.5,28902.75,24.75
43879,16,0,9636.5,3,2020-02-18,2020-02-18 16:00:00,2020-02-18 16:00:00,NQH20.csv,1440,NQH20.csv,1.0,9634.25,9634.25,9636.5,9634.25,2.25
43880,2,30,9667.25,-1,2020-02-19,2020-02-19 02:30:00,2020-02-19 02:30:00,NQH20.csv,66,NQH20.csv,-4.0,9659.0,9659.0,38669.0,38636.0,-33.0
43880,4,30,9669.5,3,2020-02-19,2020-02-19 04:30:00,2020-02-19 04:30:00,NQH20.csv,167,NQH20.csv,4.0,9665.25,9665.25,38678.0,38661.0,17.0
43880,10,0,9711.75,5,2020-02-19,2020-02-19 10:00:00,2020-02-19 10:00:00,NQH20.csv,1258,NQH20.csv,2.0,9704.75,9722.5,19423.5,19445.0,-21.5
43880,10,30,9717.25,6,2020-02-19,2020-02-19 10:30:00,2020-02-19 10:30:00,NQH20.csv,1080,NQH20.csv,1.0,9728.0,9728.0,9717.25,9728.0,-10.75
43880,12,0,9734.5,9,2020-02-19,2020-02-19 12:00:00,2020-02-19 12:00:00,NQH20.csv,345,NQH20.csv,3.0,9730.75,9730.75,29203.5,29192.25,11.25
43880,12,30,9733.25,8,2020-02-19,2020-02-19 12:30:00,2020-02-19 12:30:00,NQH20.csv,387,NQH20.csv,-1.0,9736.5,9736.5,9733.25,9736.5,3.25
43880,14,0,9734.75,11,2020-02-19,2020-02-19 14:00:00,2020-02-19 14:00:00,NQH20.csv,1081,NQH20.csv,3.0,9737.0,9737.0,29204.25,29211.0,-6.75
43880,14,35,9739.25,9,2020-02-19,2020-02-19 14:35:00,2020-02-19 14:35:00,NQH20.csv,268,NQH20.csv,-2.0,9734.5,9734.5,19478.5,19469.0,-9.5
43880,15,0,9742.25,10,2020-02-19,2020-02-19 15:00:00,2020-02-19 15:00:00,NQH20.csv,409,NQH20.csv,1.0,9730.0,9730.0,9742.25,9730.0,12.25
43880,15,30,9733.0,11,2020-02-19,2020-02-19 15:30:00,2020-02-19 15:30:00,NQH20.csv,740,NQH20.csv,1.0,9731.5,9731.5,9733.0,9731.5,1.5
43880,15,40,9725.0,9,2020-02-19,2020-02-19 15:40:00,2020-02-19 15:40:00,NQH20.csv,1197,NQH20.csv,-2.0,9736.0,9736.0,19450.0,19472.0,22.0
43880,16,0,9728.0,3,2020-02-19,2020-02-19 16:00:00,2020-02-19 16:00:00,NQH20.csv,2286,NQH20.csv,-6.0,9736.0,9736.0,58368.0,58416.0,48.0
43881,2,30,9738.5,9,2020-02-20,2020-02-20 02:30:00,2020-02-20 02:30:00,NQH20.csv,234,NQH20.csv,6.0,9711.75,9711.75,58431.0,58270.5,160.5
43881,3,30,9714.0,11,2020-02-20,2020-02-20 03:30:00,2020-02-20 03:30:00,NQH20.csv,292,NQH20.csv,2.0,9714.5,9714.5,19428.0,19429.0,-1.0
43881,3,35,9711.25,9,2020-02-20,2020-02-20 03:35:00,2020-02-20 03:35:00,NQH20.csv,233,NQH20.csv,-2.0,9719.0,9719.0,19422.5,19438.0,15.5
43881,6,0,9721.0,10,2020-02-20,2020-02-20 06:00:00,2020-02-20 06:00:00,NQH20.csv,266,NQH20.csv,1.0,9716.5,9716.5,9721.0,9716.5,4.5
43881,7,15,9713.75,11,2020-02-20,2020-02-20 07:15:00,2020-02-20 07:15:00,NQH20.csv,227,NQH20.csv,1.0,9709.25,9709.25,9713.75,9709.25,4.5
43881,7,20,9714.5,9,2020-02-20,2020-02-20 07:20:00,2020-02-20 07:20:00,NQH20.csv,425,NQH20.csv,-2.0,9713.75,9713.75,19429.0,19427.5,-1.5
43881,7,45,9709.0,10,2020-02-20,2020-02-20 07:45:00,2020-02-20 07:45:00,NQH20.csv,105,NQH20.csv,1.0,9710.0,9710.0,9709.0,9710.0,-1.0
43881,8,0,9712.75,9,2020-02-20,2020-02-20 08:00:00,2020-02-20 08:00:00,NQH20.csv,396,NQH20.csv,-1.0,9714.5,9714.5,9712.75,9714.5,1.75
43881,9,15,9704.5,11,2020-02-20,2020-02-20 09:15:00,2020-02-20 09:15:00,NQH20.csv,139,NQH20.csv,2.0,9701.0,9701.0,19409.0,19402.0,7.0
43881,9,20,9703.0,9,2020-02-20,2020-02-20 09:20:00,2020-02-20 09:20:00,NQH20.csv,107,NQH20.csv,-2.0,9705.5,9705.5,19406.0,19411.0,5.0
43881,10,30,9703.5,11,2020-02-20,2020-02-20 10:30:00,2020-02-20 10:30:00,NQH20.csv,1166,NQH20.csv,2.0,9622.75,9622.75,19407.0,19245.5,161.5
43881,10,35,9705.5,9,2020-02-20,2020-02-20 10:35:00,2020-02-20 10:35:00,NQH20.csv,827,NQH20.csv,-2.0,9627.25,9627.25,19411.0,19254.5,-156.5
43881,11,45,9580.75,2,2020-02-20,2020-02-20 11:45:00,2020-02-20 11:45:00,NQH20.csv,2996,NQH20.csv,-7.0,9564.5,9564.5,67065.25,66951.5,-113.75
43881,12,15,9579.5,9,2020-02-20,2020-02-20 12:15:00,2020-02-20 12:15:00,NQH20.csv,1454,NQH20.csv,7.0,9560.0,9560.0,67056.5,66920.0,136.5
43881,13,45,9584.0,11,2020-02-20,2020-02-20 13:45:00,2020-02-20 13:45:00,NQH20.csv,1268,NQH20.csv,2.0,9611.5,9611.5,19168.0,19223.0,-55.0
43881,14,15,9618.25,10,2020-02-20,2020-02-20 14:15:00,2020-02-20 14:15:00,NQH20.csv,1155,NQH20.csv,-1.0,9616.0,9616.0,9618.25,9616.0,-2.25
43881,14,45,9629.75,3,2020-02-20,2020-02-20 14:45:00,2020-02-20 14:45:00,NQH20.csv,383,NQH20.csv,-7.0,9625.5,9625.5,67408.25,67378.5,-29.75
43881,15,15,9606.75,9,2020-02-20,2020-02-20 15:15:00,2020-02-20 15:15:00,NQH20.csv,1291,NQH20.csv,6.0,9621.0,9621.0,57640.5,57726.0,-85.5
43881,15,30,9622.75,11,2020-02-20,2020-02-20 15:30:00,2020-02-20 15:30:00,NQH20.csv,2242,NQH20.csv,2.0,9622.75,9622.75,19245.5,19245.5,0.0
43881,15,35,9632.25,9,2020-02-20,2020-02-20 15:35:00,2020-02-20 15:35:00,NQH20.csv,1530,NQH20.csv,-2.0,9627.25,9627.25,19264.5,19254.5,-10.0
43882,2,30,9555.25,4,2020-02-21,2020-02-21 02:30:00,2020-02-21 02:30:00,NQH20.csv,714,NQH20.csv,-5.0,9552.25,9552.25,47776.25,47761.25,-15.0
43882,3,30,9564.5,6,2020-02-21,2020-02-21 03:30:00,2020-02-21 03:30:00,NQH20.csv,1253,NQH20.csv,2.0,9575.75,9575.75,19129.0,19151.5,-22.5
43882,4,30,9570.75,5,2020-02-21,2020-02-21 04:30:00,2020-02-21 04:30:00,NQH20.csv,323,NQH20.csv,-1.0,9574.0,9574.0,9570.75,9574.0,3.25
43882,5,30,9580.25,-3,2020-02-21,2020-02-21 05:30:00,2020-02-21 05:30:00,NQH20.csv,101,NQH20.csv,-8.0,9580.5,9580.5,76642.0,76644.0,2.0
43882,6,0,9581.0,3,2020-02-21,2020-02-21 06:00:00,2020-02-21 06:00:00,NQH20.csv,113,NQH20.csv,6.0,9579.25,9579.25,57486.0,57475.5,10.5
43882,6,15,9570.75,6,2020-02-21,2020-02-21 06:15:00,2020-02-21 06:15:00,NQH20.csv,290,NQH20.csv,3.0,9579.25,9579.25,28712.25,28737.75,-25.5
43882,6,45,9586.0,-4,2020-02-21,2020-02-21 06:45:00,2020-02-21 06:45:00,NQH20.csv,445,NQH20.csv,-10.0,9595.5,9595.5,95860.0,95955.0,95.0
43882,7,15,9578.25,3,2020-02-21,2020-02-21 07:15:00,2020-02-21 07:15:00,NQH20.csv,105,NQH20.csv,7.0,9591.0,9591.0,67047.75,67137.0,-89.25
43882,9,15,9598.25,5,2020-02-21,2020-02-21 09:15:00,2020-02-21 09:15:00,NQH20.csv,259,NQH20.csv,2.0,9532.75,9532.75,19196.5,19065.5,131.0
43882,10,15,9493.75,3,2020-02-21,2020-02-21 10:15:00,2020-02-21 10:15:00,NQH20.csv,2445,NQH20.csv,-2.0,9479.5,9479.5,18987.5,18959.0,-28.5
43882,10,45,9484.25,-2,2020-02-21,2020-02-21 10:45:00,2020-02-21 10:45:00,NQH20.csv,1943,NQH20.csv,-5.0,9518.75,9518.75,47421.25,47593.75,172.5
43882,11,15,9512.0,3,2020-02-21,2020-02-21 11:15:00,2020-02-21 11:15:00,NQH20.csv,1439,NQH20.csv,5.0,9514.25,9514.25,47560.0,47571.25,-11.25
43882,12,30,9503.0,6,2020-02-21,2020-02-21 12:30:00,2020-02-21 12:30:00,NQH20.csv,1005,NQH20.csv,3.0,9495.25,9495.25,28509.0,28485.75,23.25
43882,12,45,9497.5,7,2020-02-21,2020-02-21 12:45:00,2020-02-21 12:45:00,NQH20.csv,715,NQH20.csv,1.0,9454.25,9454.25,9497.5,9454.25,43.25
43882,13,0,9485.75,4,2020-02-21,2020-02-21 13:00:00,2020-02-21 13:00:00,NQH20.csv,741,NQH20.csv,-3.0,9458.75,9458.75,28457.25,28376.25,-81.0
43882,13,15,9468.75,3,2020-02-21,2020-02-21 13:15:00,2020-02-21 13:15:00,NQH20.csv,1551,NQH20.csv,-1.0,9458.75,9458.75,9468.75,9458.75,-10.0
43882,13,30,9468.0,6,2020-02-21,2020-02-21 13:30:00,2020-02-21 13:30:00,NQH20.csv,2571,NQH20.csv,3.0,9454.25,9454.25,28404.0,28362.75,41.25
43882,13,45,9447.5,2,2020-02-21,2020-02-21 13:45:00,2020-02-21 13:45:00,NQH20.csv,1856,NQH20.csv,-4.0,9447.75,9447.75,37790.0,37791.0,1.0
43882,14,15,9427.5,6,2020-02-21,2020-02-21 14:15:00,2020-02-21 14:15:00,NQH20.csv,920,NQH20.csv,4.0,9443.25,9443.25,37710.0,37773.0,-63.0
43882,14,45,9445.25,3,2020-02-21,2020-02-21 14:45:00,2020-02-21 14:45:00,NQH20.csv,1485,NQH20.csv,-3.0,9432.0,9432.0,28335.75,28296.0,-39.75
43882,15,0,9444.0,5,2020-02-21,2020-02-21 15:00:00,2020-02-21 15:00:00,NQH20.csv,1133,NQH20.csv,2.0,9427.5,9427.5,18888.0,18855.0,33.0
43882,15,15,9433.75,8,2020-02-21,2020-02-21 15:15:00,2020-02-21 15:15:00,NQH20.csv,640,NQH20.csv,3.0,9427.5,9427.5,28301.25,28282.5,18.75
43882,15,30,9425.0,10,2020-02-21,2020-02-21 15:30:00,2020-02-21 15:30:00,NQH20.csv,1147,NQH20.csv,2.0,9427.5,9427.5,18850.0,18855.0,-5.0
43882,16,0,9452.5,3,2020-02-21,2020-02-21 16:00:00,2020-02-21 16:00:00,NQH20.csv,3253,NQH20.csv,-7.0,9457.5,9457.5,66167.5,66202.5,35.0
43882,16,15,9459.25,0,2020-02-21,2020-02-21 16:15:00,2020-02-21 16:15:00,NQH20.csv,1217,NQH20.csv,-3.0,9457.5,9457.5,28377.75,28372.5,-5.25
43885,3,30,9205.75,-4,2020-02-24,2020-02-24 03:30:00,2020-02-24 03:30:00,NQH20.csv,1634,NQH20.csv,-4.0,9191.25,9191.25,36823.0,36765.0,-58.0
43885,5,30,9171.25,0,2020-02-24,2020-02-24 05:30:00,2020-02-24 05:30:00,NQH20.csv,402,NQH20.csv,4.0,9144.5,9144.5,36685.0,36578.0,107.0
43885,7,15,9213.25,-2,2020-02-24,2020-02-24 07:15:00,2020-02-24 07:15:00,NQH20.csv,483,NQH20.csv,-2.0,9190.25,9190.25,18426.5,18380.5,-46.0
43885,7,45,9186.25,0,2020-02-24,2020-02-24 07:45:00,2020-02-24 07:45:00,NQH20.csv,432,NQH20.csv,2.0,9185.75,9185.75,18372.5,18371.5,1.0
43885,9,45,9178.5,-1,2020-02-24,2020-02-24 09:45:00,2020-02-24 09:45:00,NQH20.csv,3501,NQH20.csv,-1.0,9181.25,9181.25,9178.5,9181.25,2.75
43885,10,0,9179.0,2,2020-02-24,2020-02-24 10:00:00,2020-02-24 10:00:00,NQH20.csv,4014,NQH20.csv,3.0,9176.75,9176.75,27537.0,27530.25,6.75
43885,10,15,9200.75,3,2020-02-24,2020-02-24 10:15:00,2020-02-24 10:15:00,NQH20.csv,2111,NQH20.csv,1.0,9150.0,9150.0,9200.75,9150.0,50.75
43885,10,30,9142.0,-7,2020-02-24,2020-02-24 10:30:00,2020-02-24 10:30:00,NQH20.csv,2066,NQH20.csv,-10.0,9154.5,9154.5,91420.0,91545.0,125.0
43885,11,0,9152.25,-4,2020-02-24,2020-02-24 11:00:00,2020-02-24 11:00:00,NQH20.csv,1879,NQH20.csv,3.0,9150.0,9150.0,27456.75,27450.0,6.75
43885,11,30,9135.25,-8,2020-02-24,2020-02-24 11:30:00,2020-02-24 11:30:00,NQH20.csv,1864,NQH20.csv,-4.0,9110.25,9110.25,36541.0,36441.0,-100.0
43885,11,45,9107.0,-10,2020-02-24,2020-02-24 11:45:00,2020-02-24 11:45:00,NQH20.csv,1970,NQH20.csv,-2.0,9110.25,9110.25,18214.0,18220.5,6.5
43885,12,0,9108.0,-9,2020-02-24,2020-02-24 12:00:00,2020-02-24 12:00:00,NQH20.csv,1654,NQH20.csv,1.0,9105.75,9105.75,9108.0,9105.75,2.25
43885,12,15,9079.0,-7,2020-02-24,2020-02-24 12:15:00,2020-02-24 12:15:00,NQH20.csv,1497,NQH20.csv,2.0,9080.75,9080.75,18158.0,18161.5,-3.5
43885,12,30,9086.0,-5,2020-02-24,2020-02-24 12:30:00,2020-02-24 12:30:00,NQH20.csv,936,NQH20.csv,2.0,9080.75,9080.75,18172.0,18161.5,10.5
43885,12,45,9117.5,-9,2020-02-24,2020-02-24 12:45:00,2020-02-24 12:45:00,NQH20.csv,921,NQH20.csv,-4.0,9085.25,9085.25,36470.0,36341.0,-129.0
43885,13,15,9058.75,-5,2020-02-24,2020-02-24 13:15:00,2020-02-24 13:15:00,NQH20.csv,865,NQH20.csv,4.0,9100.75,9100.75,36235.0,36403.0,-168.0
43885,14,0,9103.0,0,2020-02-24,2020-02-24 14:00:00,2020-02-24 14:00:00,NQH20.csv,2413,NQH20.csv,5.0,9100.75,9100.75,45515.0,45503.75,11.25
43885,14,15,9074.25,4,2020-02-24,2020-02-24 14:15:00,2020-02-24 14:15:00,NQH20.csv,1100,NQH20.csv,4.0,9164.75,9164.75,36297.0,36659.0,-362.0
43885,14,30,9123.0,0,2020-02-24,2020-02-24 14:30:00,2020-02-24 14:30:00,NQH20.csv,1505,NQH20.csv,-4.0,9169.25,9169.25,36492.0,36677.0,185.0
43885,14,45,9138.0,-7,2020-02-24,2020-02-24 14:45:00,2020-02-24 14:45:00,NQH20.csv,1349,NQH20.csv,-7.0,9169.25,9169.25,63966.0,64184.75,218.75
43885,15,15,9150.25,-4,2020-02-24,2020-02-24 15:15:00,2020-02-24 15:15:00,NQH20.csv,1940,NQH20.csv,3.0,9084.0,9084.0,27450.75,27252.0,198.75
43885,15,30,9142.75,-9,2020-02-24,2020-02-24 15:30:00,2020-02-24 15:30:00,NQH20.csv,1494,NQH20.csv,-5.0,9088.5,9088.5,45713.75,45442.5,-271.25
43885,15,45,9116.25,-11,2020-02-24,2020-02-24 15:45:00,2020-02-24 15:45:00,NQH20.csv,2457,NQH20.csv,-2.0,9088.5,9088.5,18232.5,18177.0,-55.5
43885,15,50,9137.25,-9,2020-02-24,2020-02-24 15:50:00,2020-02-24 15:50:00,NQH20.csv,2471,NQH20.csv,2.0,9084.0,9084.0,18274.5,18168.0,106.5
43885,16,0,9086.25,0,2020-02-24,2020-02-24 16:00:00,2020-02-24 16:00:00,NQH20.csv,4570,NQH20.csv,9.0,9084.0,9084.0,81776.25,81756.0,20.25
43886,2,30,9193.25,8,2020-02-25,2020-02-25 02:30:00,2020-02-25 02:30:00,NQH20.csv,430,NQH20.csv,8.0,9203.5,9203.5,73546.0,73628.0,-82.0
43886,3,30,9174.0,2,2020-02-25,2020-02-25 03:30:00,2020-02-25 03:30:00,NQH20.csv,778,NQH20.csv,-6.0,9138.25,9138.25,55044.0,54829.5,-214.5
43886,5,30,9110.0,8,2020-02-25,2020-02-25 05:30:00,2020-02-25 05:30:00,NQH20.csv,425,NQH20.csv,6.0,9099.5,9099.5,54660.0,54597.0,63.0
43886,6,0,9108.75,5,2020-02-25,2020-02-25 06:00:00,2020-02-25 06:00:00,NQH20.csv,378,NQH20.csv,-3.0,9104.0,9104.0,27326.25,27312.0,-14.25
43886,6,45,9134.0,-1,2020-02-25,2020-02-25 06:45:00,2020-02-25 06:45:00,NQH20.csv,347,NQH20.csv,-6.0,9122.0,9122.0,54804.0,54732.0,-72.0
43886,7,15,9119.25,5,2020-02-25,2020-02-25 07:15:00,2020-02-25 07:15:00,NQH20.csv,274,NQH20.csv,6.0,9167.75,9167.75,54715.5,55006.5,-291.0
43886,7,30,9138.75,-1,2020-02-25,2020-02-25 07:30:00,2020-02-25 07:30:00,NQH20.csv,639,NQH20.csv,-6.0,9172.25,9172.25,54832.5,55033.5,201.0
43886,8,0,9169.75,8,2020-02-25,2020-02-25 08:00:00,2020-02-25 08:00:00,NQH20.csv,808,NQH20.csv,9.0,9167.75,9167.75,82527.75,82509.75,18.0
43886,9,45,9123.5,2,2020-02-25,2020-02-25 09:45:00,2020-02-25 09:45:00,NQH20.csv,3923,NQH20.csv,-6.0,9115.25,9115.25,54741.0,54691.5,-49.5
43886,10,15,9115.5,8,2020-02-25,2020-02-25 10:15:00,2020-02-25 10:15:00,NQH20.csv,2350,NQH20.csv,6.0,8987.5,8987.5,54693.0,53925.0,768.0
43886,10,30,9053.5,2,2020-02-25,2020-02-25 10:30:00,2020-02-25 10:30:00,NQH20.csv,3659,NQH20.csv,-6.0,8992.0,8992.0,54321.0,53952.0,-369.0
43886,10,45,9072.0,3,2020-02-25,2020-02-25 10:45:00,2020-02-25 10:45:00,NQH20.csv,3599,NQH20.csv,1.0,8987.5,8987.5,9072.0,8987.5,84.5
43886,11,0,9025.75,0,2020-02-25,2020-02-25 11:00:00,2020-02-25 11:00:00,NQH20.csv,2286,NQH20.csv,-3.0,8992.0,8992.0,27077.25,26976.0,-101.25
43886,11,15,8986.75,-1,2020-02-25,2020-02-25 11:15:00,2020-02-25 11:15:00,NQH20.csv,3166,NQH20.csv,-1.0,9037.5,9037.5,8986.75,9037.5,50.75
43886,11,30,8986.25,2,2020-02-25,2020-02-25 11:30:00,2020-02-25 11:30:00,NQH20.csv,3124,NQH20.csv,3.0,9033.0,9033.0,26958.75,27099.0,-140.25
43886,12,0,9035.75,-5,2020-02-25,2020-02-25 12:00:00,2020-02-25 12:00:00,NQH20.csv,2184,NQH20.csv,-7.0,9037.5,9037.5,63250.25,63262.5,12.25
43886,12,30,8996.25,5,2020-02-25,2020-02-25 12:30:00,2020-02-25 12:30:00,NQH20.csv,1338,NQH20.csv,10.0,8976.5,8976.5,89962.5,89765.0,197.5
43886,13,30,8955.5,2,2020-02-25,2020-02-25 13:30:00,2020-02-25 13:30:00,NQH20.csv,1508,NQH20.csv,-3.0,8898.5,8898.5,26866.5,26695.5,-171.0
43886,14,0,8911.0,7,2020-02-25,2020-02-25 14:00:00,2020-02-25 14:00:00,NQH20.csv,3192,NQH20.csv,5.0,8894.0,8894.0,44555.0,44470.0,85.0
43886,14,15,8898.0,3,2020-02-25,2020-02-25 14:15:00,2020-02-25 14:15:00,NQH20.csv,3043,NQH20.csv,-4.0,8899.25,8899.25,35592.0,35597.0,5.0
43886,14,30,8839.25,1,2020-02-25,2020-02-25 14:30:00,2020-02-25 14:30:00,NQH20.csv,4009,NQH20.csv,-2.0,8899.25,8899.25,17678.5,17798.5,120.0
43886,14,45,8874.5,5,2020-02-25,2020-02-25 14:45:00,2020-02-25 14:45:00,NQH20.csv,2448,NQH20.csv,4.0,8894.75,8894.75,35498.0,35579.0,-81.0
43886,15,0,8897.0,-1,2020-02-25,2020-02-25 15:00:00,2020-02-25 15:00:00,NQH20.csv,3439,NQH20.csv,-6.0,8899.25,8899.25,53382.0,53395.5,13.5
43886,15,30,8856.0,-7,2020-02-25,2020-02-25 15:30:00,2020-02-25 15:30:00,NQH20.csv,2513,NQH20.csv,-6.0,8854.5,8854.5,53136.0,53127.0,-9.0
43886,16,0,8836.25,8,2020-02-25,2020-02-25 16:00:00,2020-02-25 16:00:00,NQH20.csv,2511,NQH20.csv,15.0,8850.0,8850.0,132543.75,132750.0,-206.25
43887,2,30,8881.0,11,2020-02-26,2020-02-26 02:30:00,2020-02-26 02:30:00,NQH20.csv,340,NQH20.csv,3.0,8876.25,8876.25,26643.0,26628.75,14.25
43887,4,30,8783.25,8,2020-02-26,2020-02-26 04:30:00,2020-02-26 04:30:00,NQH20.csv,440,NQH20.csv,-3.0,8849.75,8842.0,26349.75,26526.0,176.25
43887,5,0,8790.25,10,2020-02-26,2020-02-26 05:00:00,2020-02-26 05:00:00,NQH20.csv,760,NQH20.csv,2.0,8845.25,8845.25,17580.5,17690.5,-110.0
43887,5,30,8848.25,1,2020-02-26,2020-02-26 05:30:00,2020-02-26 05:30:00,NQH20.csv,752,NQH20.csv,-9.0,8882.75,8875.5,79634.25,79879.5,245.25
43887,6,0,8806.25,11,2020-02-26,2020-02-26 06:00:00,2020-02-26 06:00:00,NQH20.csv,180,NQH20.csv,10.0,8878.25,8878.25,88062.5,88782.5,-720.0
43887,6,5,8822.0,9,2020-02-26,2020-02-26 06:05:00,2020-02-26 06:05:00,NQH20.csv,869,NQH20.csv,-2.0,8882.75,8882.75,17644.0,17765.5,121.5
43887,6,30,8872.0,8,2020-02-26,2020-02-26 06:30:00,2020-02-26 06:30:00,NQH20.csv,331,NQH20.csv,-1.0,8841.75,8841.75,8872.0,8841.75,-30.25
43887,9,15,8906.75,10,2020-02-26,2020-02-26 09:15:00,2020-02-26 09:15:00,NQH20.csv,1044,NQH20.csv,2.0,8901.25,8901.25,17813.5,17802.5,11.0
43887,10,0,8953.5,11,2020-02-26,2020-02-26 10:00:00,2020-02-26 10:00:00,NQH20.csv,3189,NQH20.csv,1.0,9011.75,9011.75,8953.5,9011.75,-58.25
43887,10,15,8973.75,9,2020-02-26,2020-02-26 10:15:00,2020-02-26 10:15:00,NQH20.csv,2816,NQH20.csv,-2.0,9016.25,9016.25,17947.5,18032.5,85.0
43887,10,30,8991.0,8,2020-02-26,2020-02-26 10:30:00,2020-02-26 10:30:00,NQH20.csv,2589,NQH20.csv,-1.0,9024.5,9024.5,8991.0,9024.5,33.5
43887,11,0,9009.0,2,2020-02-26,2020-02-26 11:00:00,2020-02-26 11:00:00,NQH20.csv,2862,NQH20.csv,-6.0,9024.5,9024.5,54054.0,54147.0,93.0
43887,11,30,9018.75,8,2020-02-26,2020-02-26 11:30:00,2020-02-26 11:30:00,NQH20.csv,3194,NQH20.csv,6.0,8909.0,8909.0,54112.5,53454.0,658.5
43887,11,45,8996.5,4,2020-02-26,2020-02-26 11:45:00,2020-02-26 11:45:00,NQH20.csv,2381,NQH20.csv,-4.0,8913.5,8913.5,35986.0,35654.0,-332.0
43887,12,15,8897.75,8,2020-02-26,2020-02-26 12:15:00,2020-02-26 12:15:00,NQH20.csv,2465,NQH20.csv,4.0,8909.0,8909.0,35591.0,35636.0,-45.0
43887,12,30,8930.25,2,2020-02-26,2020-02-26 12:30:00,2020-02-26 12:30:00,NQH20.csv,3114,NQH20.csv,-6.0,8931.0,8931.0,53581.5,53586.0,4.5
43887,13,0,8932.0,8,2020-02-26,2020-02-26 13:00:00,2020-02-26 13:00:00,NQH20.csv,950,NQH20.csv,6.0,8926.5,8926.5,53592.0,53559.0,33.0
43887,13,45,8820.75,2,2020-02-26,2020-02-26 13:45:00,2020-02-26 13:45:00,NQH20.csv,3233,NQH20.csv,-6.0,8892.0,8892.0,52924.5,53352.0,427.5
43887,14,0,8841.25,-1,2020-02-26,2020-02-26 14:00:00,2020-02-26 14:00:00,NQH20.csv,2163,NQH20.csv,-3.0,8892.0,8892.0,26523.75,26676.0,152.25
43887,14,15,8899.5,5,2020-02-26,2020-02-26 14:15:00,2020-02-26 14:15:00,NQH20.csv,1070,NQH20.csv,6.0,8887.5,8887.5,53397.0,53325.0,72.0
43887,14,30,8879.5,-2,2020-02-26,2020-02-26 14:30:00,2020-02-26 14:30:00,NQH20.csv,2417,NQH20.csv,-7.0,8888.5,8888.5,62156.5,62219.5,63.0
43887,15,0,8866.0,-3,2020-02-26,2020-02-26 15:00:00,2020-02-26 15:00:00,NQH20.csv,2160,NQH20.csv,-1.0,8888.5,8888.5,8866.0,8888.5,22.5
43887,15,30,8895.25,-8,2020-02-26,2020-02-26 15:30:00,2020-02-26 15:30:00,NQH20.csv,1212,NQH20.csv,-5.0,8860.75,8860.75,44476.25,44303.75,-172.5
43887,15,45,8897.75,-9,2020-02-26,2020-02-26 15:45:00,2020-02-26 15:45:00,NQH20.csv,874,NQH20.csv,-1.0,8860.75,8860.75,8897.75,8860.75,-37.0
43887,16,0,8882.5,8,2020-02-26,2020-02-26 16:00:00,2020-02-26 16:00:00,NQH20.csv,2859,NQH20.csv,17.0,8856.25,8856.25,151002.5,150556.25,446.25
43888,2,30,8777.0,10,2020-02-27,2020-02-27 02:30:00,2020-02-27 02:30:00,NQH20.csv,846,NQH20.csv,2.0,8806.0,8806.0,17554.0,17612.0,-58.0
43888,3,30,8782.25,3,2020-02-27,2020-02-27 03:30:00,2020-02-27 03:30:00,NQH20.csv,1224,NQH20.csv,-7.0,8764.25,8764.25,61475.75,61349.75,-126.0
43888,4,30,8830.25,1,2020-02-27,2020-02-27 04:30:00,2020-02-27 04:30:00,NQH20.csv,537,NQH20.csv,-2.0,8816.75,8816.75,17660.5,17633.5,-27.0
43888,5,0,8800.25,4,2020-02-27,2020-02-27 05:00:00,2020-02-27 05:00:00,NQH20.csv,699,NQH20.csv,3.0,8801.25,8801.25,26400.75,26403.75,-3.0
43888,5,30,8781.5,8,2020-02-27,2020-02-27 05:30:00,2020-02-27 05:30:00,NQH20.csv,343,NQH20.csv,4.0,8801.25,8801.25,35126.0,35205.0,-79.0
43888,6,0,8755.75,9,2020-02-27,2020-02-27 06:00:00,2020-02-27 06:00:00,NQH20.csv,513,NQH20.csv,1.0,8789.5,8789.5,8755.75,8789.5,-33.75
43888,8,0,8703.25,8,2020-02-27,2020-02-27 08:00:00,2020-02-27 08:00:00,NQH20.csv,1185,NQH20.csv,-1.0,8716.0,8716.0,8703.25,8716.0,12.75
43888,9,15,8654.25,10,2020-02-27,2020-02-27 09:15:00,2020-02-27 09:15:00,NQH20.csv,965,NQH20.csv,2.0,8700.0,8700.0,17308.5,17400.0,-91.5
43888,9,45,8663.75,6,2020-02-27,2020-02-27 09:45:00,2020-02-27 09:45:00,NQH20.csv,5010,NQH20.csv,-4.0,8586.75,8586.75,34655.0,34347.0,-308.0
43888,10,15,8657.75,8,2020-02-27,2020-02-27 10:15:00,2020-02-27 10:15:00,NQH20.csv,2313,NQH20.csv,2.0,8582.25,8582.25,17315.5,17164.5,151.0
43888,10,30,8584.5,2,2020-02-27,2020-02-27 10:30:00,2020-02-27 10:30:00,NQH20.csv,3798,NQH20.csv,-6.0,8586.75,8586.75,51507.0,51520.5,13.5
43888,10,45,8566.0,-4,2020-02-27,2020-02-27 10:45:00,2020-02-27 10:45:00,NQH20.csv,2997,NQH20.csv,-6.0,8651.0,8651.0,51396.0,51906.0,510.0
43888,11,0,8666.75,1,2020-02-27,2020-02-27 11:00:00,2020-02-27 11:00:00,NQH20.csv,3868,NQH20.csv,5.0,8646.5,8646.5,43333.75,43232.5,101.25
43888,11,15,8702.25,7,2020-02-27,2020-02-27 11:15:00,2020-02-27 11:15:00,NQH20.csv,2789,NQH20.csv,6.0,8646.5,8646.5,52213.5,51879.0,334.5
43888,11,30,8653.5,-1,2020-02-27,2020-02-27 11:30:00,2020-02-27 11:30:00,NQH20.csv,3000,NQH20.csv,-8.0,8651.0,8651.0,69228.0,69208.0,-20.0
43888,12,0,8699.75,4,2020-02-27,2020-02-27 12:00:00,2020-02-27 12:00:00,NQH20.csv,3361,NQH20.csv,5.0,8770.0,8770.0,43498.75,43850.0,-351.25
43888,12,30,8726.25,10,2020-02-27,2020-02-27 12:30:00,2020-02-27 12:30:00,NQH20.csv,2755,NQH20.csv,6.0,8770.0,8770.0,52357.5,52620.0,-262.5
43888,13,15,8773.0,4,2020-02-27,2020-02-27 13:15:00,2020-02-27 13:15:00,NQH20.csv,1860,NQH20.csv,-6.0,8673.5,8673.5,52638.0,52041.0,-597.0
43888,13,45,8634.0,10,2020-02-27,2020-02-27 13:45:00,2020-02-27 13:45:00,NQH20.csv,1754,NQH20.csv,6.0,8623.75,8623.75,51804.0,51742.5,61.5
43888,14,30,8653.75,5,2020-02-27,2020-02-27 14:30:00,2020-02-27 14:30:00,NQH20.csv,1639,NQH20.csv,-5.0,8628.25,8628.25,43268.75,43141.25,-127.5
43888,15,0,8591.0,0,2020-02-27,2020-02-27 15:00:00,2020-02-27 15:00:00,NQH20.csv,2465,NQH20.csv,-5.0,8543.75,8543.75,42955.0,42718.75,-236.25
43888,15,30,8561.75,-6,2020-02-27,2020-02-27 15:30:00,2020-02-27 15:30:00,NQH20.csv,1922,NQH20.csv,-6.0,8543.75,8543.75,51370.5,51262.5,-108.0
43888,15,45,8530.0,-7,2020-02-27,2020-02-27 15:45:00,2020-02-27 15:45:00,NQH20.csv,3057,NQH20.csv,-1.0,8360.5,8387.5,8530.0,8387.5,-142.5
43888,16,0,8439.5,8,2020-02-27,2020-02-27 16:00:00,2020-02-27 16:00:00,NQH20.csv,6741,NQH20.csv,15.0,8356.0,8356.0,126592.5,125340.0,1252.5
43889,3,30,8320.25,0,2020-02-28,2020-02-28 03:30:00,2020-02-28 03:30:00,NQH20.csv,909,NQH20.csv,-8.0,8231.5,8231.5,66562.0,65852.0,-710.0
43889,5,15,8228.75,-4,2020-02-28,2020-02-28 05:15:00,2020-02-28 05:15:00,NQH20.csv,420,NQH20.csv,-4.0,8299.75,8299.75,32915.0,33199.0,284.0
43889,5,30,8302.75,4,2020-02-28,2020-02-28 05:30:00,2020-02-28 05:30:00,NQH20.csv,825,NQH20.csv,8.0,8295.25,8295.25,66422.0,66362.0,60.0
43889,5,45,8281.0,10,2020-02-28,2020-02-28 05:45:00,2020-02-28 05:45:00,NQH20.csv,503,NQH20.csv,6.0,8295.25,8295.25,49686.0,49771.5,-85.5
43889,6,0,8300.75,0,2020-02-28,2020-02-28 06:00:00,2020-02-28 06:00:00,NQH20.csv,336,NQH20.csv,-10.0,8314.75,8314.75,83007.5,83147.5,140.0
43889,6,15,8321.5,-2,2020-02-28,2020-02-28 06:15:00,2020-02-28 06:15:00,NQH20.csv,516,NQH20.csv,-2.0,8314.75,8314.75,16643.0,16629.5,-13.5
43889,6,30,8294.25,9,2020-02-28,2020-02-28 06:30:00,2020-02-28 06:30:00,NQH20.csv,707,NQH20.csv,11.0,8310.25,8310.25,91236.75,91412.75,-176.0
43889,6,45,8302.75,3,2020-02-28,2020-02-28 06:45:00,2020-02-28 06:45:00,NQH20.csv,376,NQH20.csv,-6.0,8314.75,8314.75,49816.5,49888.5,72.0
43889,7,0,8303.25,1,2020-02-28,2020-02-28 07:00:00,2020-02-28 07:00:00,NQH20.csv,1005,NQH20.csv,-2.0,8342.5,8342.5,16606.5,16685.0,78.5
43889,7,15,8318.5,3,2020-02-28,2020-02-28 07:15:00,2020-02-28 07:15:00,NQH20.csv,434,NQH20.csv,2.0,8338.0,8338.0,16637.0,16676.0,-39.0
43889,7,30,8362.75,-6,2020-02-28,2020-02-28 07:30:00,2020-02-28 07:30:00,NQH20.csv,1401,NQH20.csv,-9.0,8342.5,8342.5,75264.75,75082.5,-182.25
43889,7,45,8353.25,-2,2020-02-28,2020-02-28 07:45:00,2020-02-28 07:45:00,NQH20.csv,366,NQH20.csv,4.0,8338.0,8338.0,33413.0,33352.0,61.0
43889,8,0,8339.25,8,2020-02-28,2020-02-28 08:00:00,2020-02-28 08:00:00,NQH20.csv,743,NQH20.csv,10.0,8226.75,8226.75,83392.5,82267.5,1125.0
43889,9,15,8185.75,10,2020-02-28,2020-02-28 09:15:00,2020-02-28 09:15:00,NQH20.csv,1168,NQH20.csv,2.0,8171.25,8171.25,16371.5,16342.5,29.0
43889,9,45,8228.5,4,2020-02-28,2020-02-28 09:45:00,2020-02-28 09:45:00,NQH20.csv,4475,NQH20.csv,-6.0,8175.75,8175.75,49371.0,49054.5,-316.5
43889,10,0,8183.75,1,2020-02-28,2020-02-28 10:00:00,2020-02-28 10:00:00,NQH20.csv,2889,NQH20.csv,-3.0,8267.25,8267.25,24551.25,24801.75,250.5
43889,10,15,8184.0,5,2020-02-28,2020-02-28 10:15:00,2020-02-28 10:15:00,NQH20.csv,4359,NQH20.csv,4.0,8262.75,8262.75,32736.0,33051.0,-315.0
43889,10,30,8176.0,7,2020-02-28,2020-02-28 10:30:00,2020-02-28 10:30:00,NQH20.csv,2964,NQH20.csv,2.0,8262.75,8262.75,16352.0,16525.5,-173.5
43889,11,0,8286.5,9,2020-02-28,2020-02-28 11:00:00,2020-02-28 11:00:00,NQH20.csv,2707,NQH20.csv,2.0,8343.25,8343.25,16573.0,16686.5,-113.5
43889,11,15,8253.0,4,2020-02-28,2020-02-28 11:15:00,2020-02-28 11:15:00,NQH20.csv,2584,NQH20.csv,-5.0,8347.75,8347.75,41265.0,41738.75,473.75
43889,11,30,8341.25,3,2020-02-28,2020-02-28 11:30:00,2020-02-28 11:30:00,NQH20.csv,2348,NQH20.csv,-1.0,8347.75,8347.75,8341.25,8347.75,6.5
43889,11,45,8460.0,8,2020-02-28,2020-02-28 11:45:00,2020-02-28 11:45:00,NQH20.csv,4193,NQH20.csv,5.0,8343.25,8343.25,42300.0,41716.25,583.75
43889,12,0,8347.5,6,2020-02-28,2020-02-28 12:00:00,2020-02-28 12:00:00,NQH20.csv,2452,NQH20.csv,-2.0,8398.5,8398.5,16695.0,16797.0,102.0
43889,12,30,8380.0,4,2020-02-28,2020-02-28 12:30:00,2020-02-28 12:30:00,NQH20.csv,2916,NQH20.csv,-2.0,8398.5,8398.5,16760.0,16797.0,37.0
43889,12,45,8385.0,0,2020-02-28,2020-02-28 12:45:00,2020-02-28 12:45:00,NQH20.csv,2573,NQH20.csv,-4.0,8398.5,8398.5,33540.0,33594.0,54.0
43889,13,15,8367.0,4,2020-02-28,2020-02-28 13:15:00,2020-02-28 13:15:00,NQH20.csv,2100,NQH20.csv,4.0,8248.0,8248.0,33468.0,32992.0,476.0
43889,13,45,8255.0,-1,2020-02-28,2020-02-28 13:45:00,2020-02-28 13:45:00,NQH20.csv,3660,NQH20.csv,-5.0,8252.5,8252.5,41275.0,41262.5,-12.5
43889,14,0,8277.25,2,2020-02-28,2020-02-28 14:00:00,2020-02-28 14:00:00,NQH20.csv,1531,NQH20.csv,3.0,8326.5,8326.5,24831.75,24979.5,-147.75
43889,14,15,8256.5,7,2020-02-28,2020-02-28 14:15:00,2020-02-28 14:15:00,NQH20.csv,481,NQH20.csv,5.0,8326.5,8326.5,41282.5,41632.5,-350.0
43889,15,0,8327.25,3,2020-02-28,2020-02-28 15:00:00,2020-02-28 15:00:00,NQH20.csv,1202,NQH20.csv,-4.0,8395.5,8395.5,33309.0,33582.0,273.0
43889,15,30,8255.5,-1,2020-02-28,2020-02-28 15:30:00,2020-02-28 15:30:00,NQH20.csv,1102,NQH20.csv,-4.0,8395.5,8395.5,33022.0,33582.0,560.0
43889,15,45,8241.25,-3,2020-02-28,2020-02-28 15:45:00,2020-02-28 15:45:00,NQH20.csv,2683,NQH20.csv,-2.0,8395.5,8395.5,16482.5,16791.0,308.5
43889,16,0,8483.0,8,2020-02-28,2020-02-28 16:00:00,2020-02-28 16:00:00,NQH20.csv,5285,NQH20.csv,11.0,8391.0,8548.0,93313.0,94028.0,-715.0
43889,16,15,8505.0,0,2020-02-28,2020-02-28 16:15:00,2020-02-28 16:15:00,NQH20.csv,1515,NQH20.csv,-8.0,8395.5,8548.0,68040.0,68384.0,344.0
43892,2,30,8516.25,7,2020-03-02,2020-03-02 02:30:00,2020-03-02 02:30:00,NQH20.csv,538,NQH20.csv,7.0,8613.25,8613.25,59613.75,60292.75,-679.0
43892,3,30,8610.5,9,2020-03-02,2020-03-02 03:30:00,2020-03-02 03:30:00,NQH20.csv,812,NQH20.csv,2.0,8602.0,8602.0,17221.0,17204.0,17.0
43892,4,30,8610.5,7,2020-03-02,2020-03-02 04:30:00,2020-03-02 04:30:00,NQH20.csv,452,NQH20.csv,-2.0,8546.25,8546.25,17221.0,17092.5,-128.5
43892,5,15,8505.0,9,2020-03-02,2020-03-02 05:15:00,2020-03-02 05:15:00,NQH20.csv,482,NQH20.csv,2.0,8499.0,8499.0,17010.0,16998.0,12.0
43892,5,30,8536.5,7,2020-03-02,2020-03-02 05:30:00,2020-03-02 05:30:00,NQH20.csv,441,NQH20.csv,-2.0,8503.5,8503.5,17073.0,17007.0,-66.0
43892,5,45,8531.5,-2,2020-03-02,2020-03-02 05:45:00,2020-03-02 05:45:00,NQH20.csv,309,NQH20.csv,-9.0,8503.5,8503.5,76783.5,76531.5,-252.0
43892,6,0,8501.25,3,2020-03-02,2020-03-02 06:00:00,2020-03-02 06:00:00,NQH20.csv,1204,NQH20.csv,5.0,8499.0,8499.0,42506.25,42495.0,11.25
43892,6,15,8458.25,10,2020-03-02,2020-03-02 06:15:00,2020-03-02 06:15:00,NQH20.csv,757,NQH20.csv,7.0,8379.25,8379.25,59207.75,58654.75,553.0
43892,6,30,8446.25,2,2020-03-02,2020-03-02 06:30:00,2020-03-02 06:30:00,NQH20.csv,617,NQH20.csv,-8.0,8383.75,8383.75,67570.0,67070.0,-500.0
43892,7,15,8414.75,5,2020-03-02,2020-03-02 07:15:00,2020-03-02 07:15:00,NQH20.csv,605,NQH20.csv,3.0,8451.0,8451.0,25244.25,25353.0,-108.75
43892,7,45,8415.25,2,2020-03-02,2020-03-02 07:45:00,2020-03-02 07:45:00,NQH20.csv,312,NQH20.csv,-3.0,8455.5,8455.5,25245.75,25366.5,120.75
43892,8,0,8453.25,-1,2020-03-02,2020-03-02 08:00:00,2020-03-02 08:00:00,NQH20.csv,890,NQH20.csv,-3.0,8455.5,8455.5,25359.75,25366.5,6.75
43892,8,30,8419.75,5,2020-03-02,2020-03-02 08:30:00,2020-03-02 08:30:00,NQH20.csv,684,NQH20.csv,6.0,8513.5,8513.5,50518.5,51081.0,-562.5
43892,9,15,8531.5,8,2020-03-02,2020-03-02 09:15:00,2020-03-02 09:15:00,NQH20.csv,746,NQH20.csv,3.0,8512.0,8512.0,25594.5,25536.0,58.5
43892,10,0,8514.25,3,2020-03-02,2020-03-02 10:00:00,2020-03-02 10:00:00,NQH20.csv,2530,NQH20.csv,-5.0,8516.5,8516.5,42571.25,42582.5,11.25
43892,10,15,8513.25,0,2020-03-02,2020-03-02 10:15:00,2020-03-02 10:15:00,NQH20.csv,2663,NQH20.csv,-3.0,8561.0,8561.0,25539.75,25683.0,143.25
43892,10,30,8486.0,7,2020-03-02,2020-03-02 10:30:00,2020-03-02 10:30:00,NQH20.csv,3686,NQH20.csv,7.0,8556.5,8556.5,59402.0,59895.5,-493.5
43892,10,45,8541.75,3,2020-03-02,2020-03-02 10:45:00,2020-03-02 10:45:00,NQH20.csv,2621,NQH20.csv,-4.0,8561.0,8561.0,34167.0,34244.0,77.0
43892,11,15,8638.5,7,2020-03-02,2020-03-02 11:15:00,2020-03-02 11:15:00,NQH20.csv,2381,NQH20.csv,4.0,8722.0,8722.0,34554.0,34888.0,-334.0
43892,11,30,8659.0,2,2020-03-02,2020-03-02 11:30:00,2020-03-02 11:30:00,NQH20.csv,2076,NQH20.csv,-5.0,8726.5,8726.5,43295.0,43632.5,337.5
43892,12,0,8724.25,6,2020-03-02,2020-03-02 12:00:00,2020-03-02 12:00:00,NQH20.csv,1575,NQH20.csv,4.0,8722.0,8722.0,34897.0,34888.0,9.0
43892,12,15,8696.75,2,2020-03-02,2020-03-02 12:15:00,2020-03-02 12:15:00,NQH20.csv,1554,NQH20.csv,-4.0,8733.5,8733.5,34787.0,34934.0,147.0
43892,12,30,8682.25,0,2020-03-02,2020-03-02 12:30:00,2020-03-02 12:30:00,NQH20.csv,1352,NQH20.csv,-2.0,8733.5,8733.5,17364.5,17467.0,102.5
43892,12,45,8699.5,4,2020-03-02,2020-03-02 12:45:00,2020-03-02 12:45:00,NQH20.csv,1460,NQH20.csv,4.0,8729.0,8729.0,34798.0,34916.0,-118.0
43892,13,15,8697.0,-2,2020-03-02,2020-03-02 13:15:00,2020-03-02 13:15:00,NQH20.csv,1525,NQH20.csv,-6.0,8678.5,8678.5,52182.0,52071.0,-111.0
43892,13,45,8685.75,4,2020-03-02,2020-03-02 13:45:00,2020-03-02 13:45:00,NQH20.csv,1371,NQH20.csv,6.0,8674.0,8674.0,52114.5,52044.0,70.5
43892,14,30,8652.25,8,2020-03-02,2020-03-02 14:30:00,2020-03-02 14:30:00,NQH20.csv,1209,NQH20.csv,4.0,8608.75,8608.75,34609.0,34435.0,174.0
43892,15,30,8706.25,3,2020-03-02,2020-03-02 15:30:00,2020-03-02 15:30:00,NQH20.csv,2001,NQH20.csv,-5.0,8875.75,8875.75,43531.25,44378.75,847.5
43892,15,45,8736.5,1,2020-03-02,2020-03-02 15:45:00,2020-03-02 15:45:00,NQH20.csv,1813,NQH20.csv,-2.0,8875.75,8875.75,17473.0,17751.5,278.5
43892,16,0,8873.5,5,2020-03-02,2020-03-02 16:00:00,2020-03-02 16:00:00,NQH20.csv,7666,NQH20.csv,4.0,8871.25,8871.25,35494.0,35485.0,9.0
43893,2,30,8813.0,4,2020-03-03,2020-03-03 02:30:00,2020-03-03 02:30:00,NQH20.csv,290,NQH20.csv,-1.0,8841.75,8841.75,8813.0,8841.75,28.75
43893,3,30,8856.0,8,2020-03-03,2020-03-03 03:30:00,2020-03-03 03:30:00,NQH20.csv,661,NQH20.csv,4.0,8879.5,8879.5,35424.0,35518.0,-94.0
43893,4,30,8870.0,7,2020-03-03,2020-03-03 04:30:00,2020-03-03 04:30:00,NQH20.csv,590,NQH20.csv,-1.0,8886.75,8886.75,8870.0,8886.75,16.75
43893,5,30,8901.5,3,2020-03-03,2020-03-03 05:30:00,2020-03-03 05:30:00,NQH20.csv,395,NQH20.csv,-4.0,8862.5,8862.5,35606.0,35450.0,-156.0
43893,6,30,8852.0,7,2020-03-03,2020-03-03 06:30:00,2020-03-03 06:30:00,NQH20.csv,357,NQH20.csv,4.0,8884.0,8884.0,35408.0,35536.0,-128.0
43893,7,0,8855.5,3,2020-03-03,2020-03-03 07:00:00,2020-03-03 07:00:00,NQH20.csv,448,NQH20.csv,-4.0,8888.5,8888.5,35422.0,35554.0,132.0
43893,9,45,8826.75,1,2020-03-03,2020-03-03 09:45:00,2020-03-03 09:45:00,NQH20.csv,3409,NQH20.csv,-2.0,8884.75,8884.75,17653.5,17769.5,116.0
43893,10,15,8863.25,3,2020-03-03,2020-03-03 10:15:00,2020-03-03 10:15:00,NQH20.csv,5295,NQH20.csv,2.0,8798.0,8798.0,17726.5,17596.0,130.5
43893,10,30,8898.75,4,2020-03-03,2020-03-03 10:30:00,2020-03-03 10:30:00,NQH20.csv,2822,NQH20.csv,1.0,8798.0,8798.0,8898.75,8798.0,100.75
43893,11,0,8929.5,0,2020-03-03,2020-03-03 11:00:00,2020-03-03 11:00:00,NQH20.csv,1296,NQH20.csv,-4.0,8802.5,8802.5,35718.0,35210.0,-508.0
43893,11,30,8717.25,5,2020-03-03,2020-03-03 11:30:00,2020-03-03 11:30:00,NQH20.csv,1597,NQH20.csv,5.0,8825.5,8825.5,43586.25,44127.5,-541.25
43893,12,0,8830.0,-1,2020-03-03,2020-03-03 12:00:00,2020-03-03 12:00:00,NQH20.csv,1855,NQH20.csv,-6.0,8830.0,8830.0,52980.0,52980.0,-0.0
43893,12,30,8776.75,3,2020-03-03,2020-03-03 12:30:00,2020-03-03 12:30:00,NQH20.csv,1763,NQH20.csv,4.0,8706.5,8706.5,35107.0,34826.0,281.0
43893,12,45,8776.25,-1,2020-03-03,2020-03-03 12:45:00,2020-03-03 12:45:00,NQH20.csv,1416,NQH20.csv,-4.0,8711.0,8711.0,35105.0,34844.0,-261.0
43893,13,15,8703.75,3,2020-03-03,2020-03-03 13:15:00,2020-03-03 13:15:00,NQH20.csv,1338,NQH20.csv,4.0,8562.75,8562.75,34815.0,34251.0,564.0
43893,13,45,8619.5,-2,2020-03-03,2020-03-03 13:45:00,2020-03-03 13:45:00,NQH20.csv,2244,NQH20.csv,-5.0,8567.25,8567.25,43097.5,42836.25,-261.25
43893,14,0,8589.25,-3,2020-03-03,2020-03-03 14:00:00,2020-03-03 14:00:00,NQH20.csv,3068,NQH20.csv,-1.0,8567.25,8567.25,8589.25,8567.25,-22.0
43893,14,15,8581.25,2,2020-03-03,2020-03-03 14:15:00,2020-03-03 14:15:00,NQH20.csv,2315,NQH20.csv,5.0,8679.75,8679.75,42906.25,43398.75,-492.5
43893,14,30,8596.5,-2,2020-03-03,2020-03-03 14:30:00,2020-03-03 14:30:00,NQH20.csv,2017,NQH20.csv,-4.0,8684.25,8684.25,34386.0,34737.0,351.0
43893,15,0,8620.75,-3,2020-03-03,2020-03-03 15:00:00,2020-03-03 15:00:00,NQH20.csv,1825,NQH20.csv,-1.0,8684.25,8684.25,8620.75,8684.25,63.5
43893,15,30,8699.75,-5,2020-03-03,2020-03-03 15:30:00,2020-03-03 15:30:00,NQH20.csv,1565,NQH20.csv,-2.0,8616.0,8616.0,17399.5,17232.0,-167.5
43893,15,45,8645.75,-8,2020-03-03,2020-03-03 15:45:00,2020-03-03 15:45:00,NQH20.csv,2873,NQH20.csv,-3.0,8616.0,8616.0,25937.25,25848.0,-89.25
43893,16,0,8590.0,3,2020-03-03,2020-03-03 16:00:00,2020-03-03 16:00:00,NQH20.csv,3465,NQH20.csv,11.0,8611.5,8611.5,94490.0,94726.5,-236.5
43894,2,30,8718.0,7,2020-03-04,2020-03-04 02:30:00,2020-03-04 02:30:00,NQH20.csv,297,NQH20.csv,4.0,8698.25,8698.25,34872.0,34793.0,79.0
43894,3,30,8710.0,10,2020-03-04,2020-03-04 03:30:00,2020-03-04 03:30:00,NQH20.csv,604,NQH20.csv,3.0,8746.5,8746.5,26130.0,26239.5,-109.5
43894,5,15,8770.75,4,2020-03-04,2020-03-04 05:15:00,2020-03-04 05:15:00,NQH20.csv,227,NQH20.csv,-6.0,8779.75,8779.75,52624.5,52678.5,54.0
43894,5,30,8771.25,1,2020-03-04,2020-03-04 05:30:00,2020-03-04 05:30:00,NQH20.csv,198,NQH20.csv,-3.0,8756.5,8756.5,26313.75,26269.5,-44.25
43894,5,45,8769.0,7,2020-03-04,2020-03-04 05:45:00,2020-03-04 05:45:00,NQH20.csv,154,NQH20.csv,6.0,8752.0,8752.0,52614.0,52512.0,102.0
43894,6,30,8756.0,-7,2020-03-04,2020-03-04 06:30:00,2020-03-04 06:30:00,NQH20.csv,206,NQH20.csv,-14.0,8781.25,8781.25,122584.0,122937.5,353.5
43894,7,0,8763.5,2,2020-03-04,2020-03-04 07:00:00,2020-03-04 07:00:00,NQH20.csv,216,NQH20.csv,9.0,8776.75,8776.75,78871.5,78990.75,-119.25
43894,8,0,8770.25,7,2020-03-04,2020-03-04 08:00:00,2020-03-04 08:00:00,NQH20.csv,646,NQH20.csv,5.0,8756.5,8756.5,43851.25,43782.5,68.75
43894,9,15,8757.5,9,2020-03-04,2020-03-04 09:15:00,2020-03-04 09:15:00,NQH20.csv,598,NQH20.csv,2.0,8746.25,8746.25,17515.0,17492.5,22.5
43894,9,45,8722.25,8,2020-03-04,2020-03-04 09:45:00,2020-03-04 09:45:00,NQH20.csv,2934,NQH20.csv,-1.0,8780.25,8780.25,8722.25,8780.25,58.0
43894,10,15,8748.25,7,2020-03-04,2020-03-04 10:15:00,2020-03-04 10:15:00,NQH20.csv,2179,NQH20.csv,-1.0,8780.25,8780.25,8748.25,8780.25,32.0
43894,10,30,8785.75,11,2020-03-04,2020-03-04 10:30:00,2020-03-04 10:30:00,NQH20.csv,1334,NQH20.csv,4.0,8746.25,8746.25,35143.0,34985.0,158.0
43894,10,35,8760.5,10,2020-03-04,2020-03-04 10:35:00,2020-03-04 10:35:00,NQH20.csv,1879,NQH20.csv,-1.0,8750.75,8750.75,8760.5,8750.75,-9.75
43894,11,0,8722.5,3,2020-03-04,2020-03-04 11:00:00,2020-03-04 11:00:00,NQH20.csv,2168,NQH20.csv,-7.0,8750.75,8750.75,61057.5,61255.25,197.75
43894,11,30,8767.75,9,2020-03-04,2020-03-04 11:30:00,2020-03-04 11:30:00,NQH20.csv,1953,NQH20.csv,6.0,8754.0,8754.0,52606.5,52524.0,82.5
43894,11,45,8729.25,5,2020-03-04,2020-03-04 11:45:00,2020-03-04 11:45:00,NQH20.csv,1545,NQH20.csv,-4.0,8758.5,8758.5,34917.0,35034.0,117.0
43894,12,0,8723.25,4,2020-03-04,2020-03-04 12:00:00,2020-03-04 12:00:00,NQH20.csv,1500,NQH20.csv,-1.0,8758.5,8758.5,8723.25,8758.5,35.25
43894,12,15,8753.5,8,2020-03-04,2020-03-04 12:15:00,2020-03-04 12:15:00,NQH20.csv,929,NQH20.csv,4.0,8754.0,8754.0,35014.0,35016.0,-2.0
43894,12,30,8770.25,1,2020-03-04,2020-03-04 12:30:00,2020-03-04 12:30:00,NQH20.csv,1214,NQH20.csv,-7.0,8848.5,8848.5,61391.75,61939.5,547.75
43894,12,45,8759.0,5,2020-03-04,2020-03-04 12:45:00,2020-03-04 12:45:00,NQH20.csv,1139,NQH20.csv,4.0,8844.0,8844.0,35036.0,35376.0,-340.0
43894,13,0,8817.0,11,2020-03-04,2020-03-04 13:00:00,2020-03-04 13:00:00,NQH20.csv,2017,NQH20.csv,6.0,8844.0,8844.0,52902.0,53064.0,-162.0
43894,13,15,8832.5,7,2020-03-04,2020-03-04 13:15:00,2020-03-04 13:15:00,NQH20.csv,1003,NQH20.csv,-4.0,8848.5,8848.5,35330.0,35394.0,64.0
43894,13,30,8846.0,2,2020-03-04,2020-03-04 13:30:00,2020-03-04 13:30:00,NQH20.csv,745,NQH20.csv,-5.0,8858.75,8858.75,44230.0,44293.75,63.75
43894,13,45,8836.25,10,2020-03-04,2020-03-04 13:45:00,2020-03-04 13:45:00,NQH20.csv,542,NQH20.csv,8.0,8854.25,8854.25,70690.0,70834.0,-144.0
43894,14,0,8835.0,11,2020-03-04,2020-03-04 14:00:00,2020-03-04 14:00:00,NQH20.csv,799,NQH20.csv,1.0,8854.25,8854.25,8835.0,8854.25,-19.25
43894,14,15,8823.0,7,2020-03-04,2020-03-04 14:15:00,2020-03-04 14:15:00,NQH20.csv,925,NQH20.csv,-4.0,8858.75,8858.75,35292.0,35435.0,143.0
43894,14,30,8858.75,9,2020-03-04,2020-03-04 14:30:00,2020-03-04 14:30:00,NQH20.csv,814,NQH20.csv,2.0,8876.75,8876.75,17717.5,17753.5,-36.0
43894,15,30,8884.5,3,2020-03-04,2020-03-04 15:30:00,2020-03-04 15:30:00,NQH20.csv,1783,NQH20.csv,-6.0,8886.75,8886.75,53307.0,53320.5,13.5
43894,16,0,8941.0,7,2020-03-04,2020-03-04 16:00:00,2020-03-04 16:00:00,NQH20.csv,4752,NQH20.csv,4.0,8882.25,8882.25,35764.0,35529.0,235.0
43895,2,30,8822.0,3,2020-03-05,2020-03-05 02:30:00,2020-03-05 02:30:00,NQH20.csv,324,NQH20.csv,-4.0,8829.75,8829.75,35288.0,35319.0,31.0
43895,3,30,8801.0,1,2020-03-05,2020-03-05 03:30:00,2020-03-05 03:30:00,NQH20.csv,237,NQH20.csv,-2.0,8803.5,8803.5,17602.0,17607.0,5.0
43895,5,30,8722.25,7,2020-03-05,2020-03-05 05:30:00,2020-03-05 05:30:00,NQH20.csv,642,NQH20.csv,6.0,8726.75,8726.75,52333.5,52360.5,-27.0
43895,6,0,8718.0,3,2020-03-05,2020-03-05 06:00:00,2020-03-05 06:00:00,NQH20.csv,813,NQH20.csv,-4.0,8735.25,8735.25,34872.0,34941.0,69.0
43895,6,15,8742.75,4,2020-03-05,2020-03-05 06:15:00,2020-03-05 06:15:00,NQH20.csv,292,NQH20.csv,1.0,8730.75,8730.75,8742.75,8730.75,12.0
43895,6,45,8729.5,3,2020-03-05,2020-03-05 06:45:00,2020-03-05 06:45:00,NQH20.csv,494,NQH20.csv,-1.0,8743.0,8743.0,8729.5,8743.0,13.5
43895,7,0,8736.0,-1,2020-03-05,2020-03-05 07:00:00,2020-03-05 07:00:00,NQH20.csv,561,NQH20.csv,-4.0,8743.0,8743.0,34944.0,34972.0,28.0
43895,7,30,8746.25,3,2020-03-05,2020-03-05 07:30:00,2020-03-05 07:30:00,NQH20.csv,437,NQH20.csv,4.0,8738.5,8738.5,34985.0,34954.0,31.0
43895,9,45,8766.25,1,2020-03-05,2020-03-05 09:45:00,2020-03-05 09:45:00,NQH20.csv,3518,NQH20.csv,-2.0,8796.0,8796.0,17532.5,17592.0,59.5
43895,10,0,8732.75,-1,2020-03-05,2020-03-05 10:00:00,2020-03-05 10:00:00,NQH20.csv,2796,NQH20.csv,-2.0,8796.0,8796.0,17465.5,17592.0,126.5
43895,10,15,8771.75,1,2020-03-05,2020-03-05 10:15:00,2020-03-05 10:15:00,NQH20.csv,1677,NQH20.csv,2.0,8791.5,8791.5,17543.5,17583.0,-39.5
43895,11,0,8794.5,3,2020-03-05,2020-03-05 11:00:00,2020-03-05 11:00:00,NQH20.csv,2020,NQH20.csv,2.0,8811.75,8811.75,17589.0,17623.5,-34.5
43895,11,30,8855.25,1,2020-03-05,2020-03-05 11:30:00,2020-03-05 11:30:00,NQH20.csv,1185,NQH20.csv,-2.0,8816.25,8816.25,17710.5,17632.5,-78.0
43895,11,45,8802.5,-2,2020-03-05,2020-03-05 11:45:00,2020-03-05 11:45:00,NQH20.csv,1403,NQH20.csv,-3.0,8713.0,8713.0,26407.5,26139.0,-268.5
43895,12,0,8788.75,4,2020-03-05,2020-03-05 12:00:00,2020-03-05 12:00:00,NQH20.csv,1344,NQH20.csv,6.0,8708.5,8708.5,52732.5,52251.0,481.5
43895,12,15,8761.25,7,2020-03-05,2020-03-05 12:15:00,2020-03-05 12:15:00,NQH20.csv,1268,NQH20.csv,3.0,8708.5,8708.5,26283.75,26125.5,158.25
43895,12,30,8746.5,8,2020-03-05,2020-03-05 12:30:00,2020-03-05 12:30:00,NQH20.csv,990,NQH20.csv,1.0,8708.5,8708.5,8746.5,8708.5,38.0
43895,12,45,8683.25,2,2020-03-05,2020-03-05 12:45:00,2020-03-05 12:45:00,NQH20.csv,3570,NQH20.csv,-6.0,8711.5,8711.5,52099.5,52269.0,169.5
43895,13,0,8685.25,0,2020-03-05,2020-03-05 13:00:00,2020-03-05 13:00:00,NQH20.csv,1223,NQH20.csv,-2.0,8711.5,8711.5,17370.5,17423.0,52.5
43895,13,15,8673.25,6,2020-03-05,2020-03-05 13:15:00,2020-03-05 13:15:00,NQH20.csv,1569,NQH20.csv,6.0,8707.0,8707.0,52039.5,52242.0,-202.5
43895,13,30,8706.25,1,2020-03-05,2020-03-05 13:30:00,2020-03-05 13:30:00,NQH20.csv,1661,NQH20.csv,-5.0,8711.5,8711.5,43531.25,43557.5,26.25
43895,14,0,8719.75,3,2020-03-05,2020-03-05 14:00:00,2020-03-05 14:00:00,NQH20.csv,1664,NQH20.csv,2.0,8695.0,8695.0,17439.5,17390.0,49.5
43895,14,15,8710.75,6,2020-03-05,2020-03-05 14:15:00,2020-03-05 14:15:00,NQH20.csv,1044,NQH20.csv,3.0,8695.0,8695.0,26132.25,26085.0,47.25
43895,14,45,8686.0,3,2020-03-05,2020-03-05 14:45:00,2020-03-05 14:45:00,NQH20.csv,1613,NQH20.csv,-3.0,8644.75,8644.75,26058.0,25934.25,-123.75
43895,15,30,8623.25,-3,2020-03-05,2020-03-05 15:30:00,2020-03-05 15:30:00,NQH20.csv,1415,NQH20.csv,-6.0,8644.75,8644.75,51739.5,51868.5,129.0
43895,15,45,8665.75,-7,2020-03-05,2020-03-05 15:45:00,2020-03-05 15:45:00,NQH20.csv,2259,NQH20.csv,-4.0,8670.25,8670.25,34663.0,34681.0,18.0
43895,16,0,8673.0,3,2020-03-05,2020-03-05 16:00:00,2020-03-05 16:00:00,NQH20.csv,3749,NQH20.csv,10.0,8665.75,8665.75,86730.0,86657.5,72.5
43896,2,30,8561.0,11,2020-03-06,2020-03-06 02:30:00,2020-03-06 02:30:00,NQH20.csv,193,NQH20.csv,8.0,8567.5,8567.5,68488.0,68540.0,-52.0
43896,3,30,8565.0,4,2020-03-06,2020-03-06 03:30:00,2020-03-06 03:30:00,NQH20.csv,428,NQH20.csv,-7.0,8551.0,8551.0,59955.0,59857.0,-98.0
43896,4,30,8534.75,0,2020-03-06,2020-03-06 04:30:00,2020-03-06 04:30:00,NQH20.csv,209,NQH20.csv,-4.0,8485.0,8485.0,34139.0,33940.0,-199.0
43896,5,15,8464.75,4,2020-03-06,2020-03-06 05:15:00,2020-03-06 05:15:00,NQH20.csv,420,NQH20.csv,4.0,8409.75,8409.75,33859.0,33639.0,220.0
43896,5,30,8419.75,11,2020-03-06,2020-03-06 05:30:00,2020-03-06 05:30:00,NQH20.csv,793,NQH20.csv,7.0,8409.75,8409.75,58938.25,58868.25,70.0
43896,5,45,8388.0,7,2020-03-06,2020-03-06 05:45:00,2020-03-06 05:45:00,NQH20.csv,519,NQH20.csv,-4.0,8414.25,8414.25,33552.0,33657.0,105.0
43896,6,45,8410.5,6,2020-03-06,2020-03-06 06:45:00,2020-03-06 06:45:00,NQH20.csv,443,NQH20.csv,-1.0,8414.25,8414.25,8410.5,8414.25,3.75
43896,7,0,8408.75,1,2020-03-06,2020-03-06 07:00:00,2020-03-06 07:00:00,NQH20.csv,550,NQH20.csv,-5.0,8355.5,8355.5,42043.75,41777.5,-266.25
43896,7,15,8419.75,7,2020-03-06,2020-03-06 07:15:00,2020-03-06 07:15:00,NQH20.csv,307,NQH20.csv,6.0,8351.0,8351.0,50518.5,50106.0,412.5
43896,7,30,8389.25,11,2020-03-06,2020-03-06 07:30:00,2020-03-06 07:30:00,NQH20.csv,634,NQH20.csv,4.0,8351.0,8351.0,33557.0,33404.0,153.0
43896,7,45,8387.75,6,2020-03-06,2020-03-06 07:45:00,2020-03-06 07:45:00,NQH20.csv,746,NQH20.csv,-5.0,8355.5,8355.5,41938.75,41777.5,-161.25
43896,8,0,8369.75,7,2020-03-06,2020-03-06 08:00:00,2020-03-06 08:00:00,NQH20.csv,963,NQH20.csv,1.0,8385.5,8385.5,8369.75,8385.5,-15.75
43896,9,15,8330.5,9,2020-03-06,2020-03-06 09:15:00,2020-03-06 09:15:00,NQH20.csv,1661,NQH20.csv,2.0,8389.25,8389.25,16661.0,16778.5,-117.5
43896,9,45,8432.0,4,2020-03-06,2020-03-06 09:45:00,2020-03-06 09:45:00,NQH20.csv,2202,NQH20.csv,-5.0,8393.75,8393.75,42160.0,41968.75,-191.25
43896,10,15,8439.25,7,2020-03-06,2020-03-06 10:15:00,2020-03-06 10:15:00,NQH20.csv,3146,NQH20.csv,3.0,8513.0,8513.0,25317.75,25539.0,-221.25
43896,10,30,8510.25,9,2020-03-06,2020-03-06 10:30:00,2020-03-06 10:30:00,NQH20.csv,3789,NQH20.csv,2.0,8513.0,8513.0,17020.5,17026.0,-5.5
43896,11,0,8512.0,1,2020-03-06,2020-03-06 11:00:00,2020-03-06 11:00:00,NQH20.csv,2704,NQH20.csv,-8.0,8438.5,8438.5,68096.0,67508.0,-588.0
43896,11,30,8459.0,7,2020-03-06,2020-03-06 11:30:00,2020-03-06 11:30:00,NQH20.csv,2073,NQH20.csv,6.0,8434.0,8434.0,50754.0,50604.0,150.0
43896,12,0,8436.5,2,2020-03-06,2020-03-06 12:00:00,2020-03-06 12:00:00,NQH20.csv,1982,NQH20.csv,-5.0,8426.0,8426.0,42182.5,42130.0,-52.5
43896,12,30,8393.0,8,2020-03-06,2020-03-06 12:30:00,2020-03-06 12:30:00,NQH20.csv,1712,NQH20.csv,6.0,8421.5,8421.5,50358.0,50529.0,-171.0
43896,13,0,8420.25,1,2020-03-06,2020-03-06 13:00:00,2020-03-06 13:00:00,NQH20.csv,724,NQH20.csv,-7.0,8399.0,8399.0,58941.75,58793.0,-148.75
43896,13,30,8449.0,6,2020-03-06,2020-03-06 13:30:00,2020-03-06 13:30:00,NQH20.csv,1015,NQH20.csv,5.0,8394.5,8394.5,42245.0,41972.5,272.5
43896,13,45,8433.75,0,2020-03-06,2020-03-06 13:45:00,2020-03-06 13:45:00,NQH20.csv,1159,NQH20.csv,-6.0,8399.0,8399.0,50602.5,50394.0,-208.5
43896,14,0,8396.75,-1,2020-03-06,2020-03-06 14:00:00,2020-03-06 14:00:00,NQH20.csv,1834,NQH20.csv,-1.0,8353.25,8353.25,8396.75,8353.25,-43.5
43896,14,15,8376.25,5,2020-03-06,2020-03-06 14:15:00,2020-03-06 14:15:00,NQH20.csv,605,NQH20.csv,6.0,8348.75,8348.75,50257.5,50092.5,165.0
43896,14,30,8395.75,3,2020-03-06,2020-03-06 14:30:00,2020-03-06 14:30:00,NQH20.csv,1634,NQH20.csv,-2.0,8353.25,8353.25,16791.5,16706.5,-85.0
43896,15,0,8337.0,-2,2020-03-06,2020-03-06 15:00:00,2020-03-06 15:00:00,NQH20.csv,1606,NQH20.csv,-5.0,8524.75,8524.75,41685.0,42623.75,938.75
43896,15,30,8369.5,-4,2020-03-06,2020-03-06 15:30:00,2020-03-06 15:30:00,NQH20.csv,3324,NQH20.csv,-2.0,8524.75,8524.75,16739.0,17049.5,310.5
43896,15,45,8451.0,-7,2020-03-06,2020-03-06 15:45:00,2020-03-06 15:45:00,NQH20.csv,3506,NQH20.csv,-3.0,8524.75,8524.75,25353.0,25574.25,221.25
43896,16,0,8523.75,7,2020-03-06,2020-03-06 16:00:00,2020-03-06 16:00:00,NQH20.csv,3600,NQH20.csv,14.0,8520.25,8520.25,119332.5,119283.5,49.0
43896,16,15,8506.5,0,2020-03-06,2020-03-06 16:15:00,2020-03-06 16:15:00,NQH20.csv,2105,NQH20.csv,-7.0,8524.75,8501.75,59545.5,59512.25,-33.25
43899,10,0,8073.0,-2,2020-03-09,2020-03-09 10:00:00,2020-03-09 10:00:00,NQH20.csv,1146,NQH20.csv,-2.0,8130.5,8130.5,16146.0,16261.0,115.0
43899,10,30,8086.25,2,2020-03-09,2020-03-09 10:30:00,2020-03-09 10:30:00,NQH20.csv,998,NQH20.csv,4.0,8080.0,8080.0,32345.0,32320.0,25.0
43899,10,45,8088.0,-1,2020-03-09,2020-03-09 10:45:00,2020-03-09 10:45:00,NQH20.csv,1489,NQH20.csv,-3.0,8084.5,8084.5,24264.0,24253.5,-10.5
43899,11,15,8092.25,2,2020-03-09,2020-03-09 11:15:00,2020-03-09 11:15:00,NQH20.csv,824,NQH20.csv,3.0,8234.75,8234.75,24276.75,24704.25,-427.5
43899,11,30,8123.75,-1,2020-03-09,2020-03-09 11:30:00,2020-03-09 11:30:00,NQH20.csv,1032,NQH20.csv,-3.0,8239.25,8239.25,24371.25,24717.75,346.5
43899,12,0,8193.0,3,2020-03-09,2020-03-09 12:00:00,2020-03-09 12:00:00,NQH20.csv,924,NQH20.csv,4.0,8234.75,8234.75,32772.0,32939.0,-167.0
43899,12,15,8211.5,-3,2020-03-09,2020-03-09 12:15:00,2020-03-09 12:15:00,NQH20.csv,592,NQH20.csv,-6.0,8119.75,8119.75,49269.0,48718.5,-550.5
43899,12,30,8154.0,-7,2020-03-09,2020-03-09 12:30:00,2020-03-09 12:30:00,NQH20.csv,928,NQH20.csv,-4.0,8119.75,8119.75,32616.0,32479.0,-137.0
43899,12,45,8114.0,-1,2020-03-09,2020-03-09 12:45:00,2020-03-09 12:45:00,NQH20.csv,972,NQH20.csv,6.0,8115.25,8115.25,48684.0,48691.5,-7.5
43899,13,30,8091.5,2,2020-03-09,2020-03-09 13:30:00,2020-03-09 13:30:00,NQH20.csv,584,NQH20.csv,3.0,7986.75,7986.75,24274.5,23960.25,314.25
43899,13,45,8020.25,-3,2020-03-09,2020-03-09 13:45:00,2020-03-09 13:45:00,NQH20.csv,1458,NQH20.csv,-5.0,7991.25,7991.25,40101.25,39956.25,-145.0
43899,14,0,8010.5,-4,2020-03-09,2020-03-09 14:00:00,2020-03-09 14:00:00,NQH20.csv,1694,NQH20.csv,-1.0,7991.25,7991.25,8010.5,7991.25,-19.25
43899,14,15,8015.75,1,2020-03-09,2020-03-09 14:15:00,2020-03-09 14:15:00,NQH20.csv,2903,NQH20.csv,5.0,8023.5,8023.5,40078.75,40117.5,-38.75
43899,14,30,7990.5,0,2020-03-09,2020-03-09 14:30:00,2020-03-09 14:30:00,NQH20.csv,1042,NQH20.csv,-1.0,8028.0,8028.0,7990.5,8028.0,37.5
43899,15,0,8033.0,2,2020-03-09,2020-03-09 15:00:00,2020-03-09 15:00:00,NQH20.csv,1200,NQH20.csv,2.0,8023.5,8023.5,16066.0,16047.0,19.0
43899,15,30,8048.75,-3,2020-03-09,2020-03-09 15:30:00,2020-03-09 15:30:00,NQH20.csv,1642,NQH20.csv,-5.0,7926.25,7926.25,40243.75,39631.25,-612.5
43899,16,0,7936.0,0,2020-03-09,2020-03-09 16:00:00,2020-03-09 16:00:00,NQH20.csv,5721,NQH20.csv,3.0,7921.75,7921.75,23808.0,23765.25,42.75
43900,2,30,8241.0,4,2020-03-10,2020-03-10 02:30:00,2020-03-10 02:30:00,NQH20.csv,186,NQH20.csv,4.0,8170.0,8170.0,32964.0,32680.0,284.0
43900,4,30,8215.0,3,2020-03-10,2020-03-10 04:30:00,2020-03-10 04:30:00,NQH20.csv,188,NQH20.csv,-1.0,8283.5,8283.5,8215.0,8283.5,68.5
43900,5,45,8310.25,1,2020-03-10,2020-03-10 05:45:00,2020-03-10 05:45:00,NQH20.csv,298,NQH20.csv,-2.0,8306.5,8306.5,16620.5,16613.0,-7.5
43900,6,0,8322.0,-5,2020-03-10,2020-03-10 06:00:00,2020-03-10 06:00:00,NQH20.csv,215,NQH20.csv,-6.0,8306.5,8306.5,49932.0,49839.0,-93.0
43900,6,15,8335.5,-3,2020-03-10,2020-03-10 06:15:00,2020-03-10 06:15:00,NQH20.csv,277,NQH20.csv,2.0,8302.0,8302.0,16671.0,16604.0,67.0
43900,6,30,8308.0,0,2020-03-10,2020-03-10 06:30:00,2020-03-10 06:30:00,NQH20.csv,97,NQH20.csv,3.0,8291.25,8291.25,24924.0,24873.75,50.25
43900,7,0,8331.0,-3,2020-03-10,2020-03-10 07:00:00,2020-03-10 07:00:00,NQH20.csv,283,NQH20.csv,-3.0,8295.75,8295.75,24993.0,24887.25,-105.75
43900,8,0,8274.0,3,2020-03-10,2020-03-10 08:00:00,2020-03-10 08:00:00,NQH20.csv,326,NQH20.csv,6.0,8230.0,8230.0,49644.0,49380.0,264.0
43900,9,15,8227.0,6,2020-03-10,2020-03-10 09:15:00,2020-03-10 09:15:00,NQH20.csv,540,NQH20.csv,3.0,8228.25,8228.25,24681.0,24684.75,-3.75
43900,9,45,8164.0,5,2020-03-10,2020-03-10 09:45:00,2020-03-10 09:45:00,NQH20.csv,3069,NQH20.csv,-1.0,8220.25,8220.25,8164.0,8220.25,56.25
43900,10,15,8244.5,3,2020-03-10,2020-03-10 10:15:00,2020-03-10 10:15:00,NQH20.csv,1772,NQH20.csv,-2.0,8220.25,8220.25,16489.0,16440.5,-48.5
43900,10,30,8191.75,-2,2020-03-10,2020-03-10 10:30:00,2020-03-10 10:30:00,NQH20.csv,1650,NQH20.csv,-5.0,8008.5,8008.5,40958.75,40042.5,-916.25
43900,11,0,8084.0,3,2020-03-10,2020-03-10 11:00:00,2020-03-10 11:00:00,NQH20.csv,2657,NQH20.csv,5.0,8004.0,8004.0,40420.0,40020.0,400.0
43900,11,15,8074.75,0,2020-03-10,2020-03-10 11:15:00,2020-03-10 11:15:00,NQH20.csv,2492,NQH20.csv,-3.0,8008.5,8008.5,24224.25,24025.5,-198.75
43900,11,30,7986.75,2,2020-03-10,2020-03-10 11:30:00,2020-03-10 11:30:00,NQH20.csv,3828,NQH20.csv,2.0,8113.0,8113.0,15973.5,16226.0,-252.5
43900,12,0,8004.75,0,2020-03-10,2020-03-10 12:00:00,2020-03-10 12:00:00,NQH20.csv,2195,NQH20.csv,-2.0,8117.5,8117.5,16009.5,16235.0,225.5
43900,12,15,8119.0,3,2020-03-10,2020-03-10 12:15:00,2020-03-10 12:15:00,NQH20.csv,1389,NQH20.csv,3.0,8113.0,8113.0,24357.0,24339.0,18.0
43900,12,45,8095.0,7,2020-03-10,2020-03-10 12:45:00,2020-03-10 12:45:00,NQH20.csv,3156,NQH20.csv,4.0,8139.0,8139.0,32380.0,32556.0,-176.0
43900,13,0,8091.0,-2,2020-03-10,2020-03-10 13:00:00,2020-03-10 13:00:00,NQH20.csv,2382,NQH20.csv,-9.0,8143.5,8143.5,72819.0,73291.5,472.5
43900,13,15,8128.0,-6,2020-03-10,2020-03-10 13:15:00,2020-03-10 13:15:00,NQH20.csv,856,NQH20.csv,-4.0,8143.5,8143.5,32512.0,32574.0,62.0
43900,13,30,8122.5,3,2020-03-10,2020-03-10 13:30:00,2020-03-10 13:30:00,NQH20.csv,2915,NQH20.csv,9.0,8038.5,8038.5,73102.5,72346.5,756.0
43900,13,45,8087.5,-2,2020-03-10,2020-03-10 13:45:00,2020-03-10 13:45:00,NQH20.csv,488,NQH20.csv,-5.0,8043.0,8043.0,40437.5,40215.0,-222.5
43900,14,0,8055.5,0,2020-03-10,2020-03-10 14:00:00,2020-03-10 14:00:00,NQH20.csv,1965,NQH20.csv,2.0,8038.5,8038.5,16111.0,16077.0,34.0
43900,14,15,8084.5,5,2020-03-10,2020-03-10 14:15:00,2020-03-10 14:15:00,NQH20.csv,2263,NQH20.csv,5.0,8038.5,8038.5,40422.5,40192.5,230.0
43900,14,45,8170.5,6,2020-03-10,2020-03-10 14:45:00,2020-03-10 14:45:00,NQH20.csv,924,NQH20.csv,1.0,8274.75,8274.75,8170.5,8274.75,-104.25
43900,15,0,8201.25,7,2020-03-10,2020-03-10 15:00:00,2020-03-10 15:00:00,NQH20.csv,1345,NQH20.csv,1.0,8274.75,8274.75,8201.25,8274.75,-73.5
43900,15,15,8239.0,6,2020-03-10,2020-03-10 15:15:00,2020-03-10 15:15:00,NQH20.csv,959,NQH20.csv,-1.0,8279.25,8279.25,8239.0,8279.25,40.25
43900,15,45,8266.25,2,2020-03-10,2020-03-10 15:45:00,2020-03-10 15:45:00,NQH20.csv,913,NQH20.csv,-4.0,8329.5,8329.5,33065.0,33318.0,253.0
43900,16,0,8359.25,3,2020-03-10,2020-03-10 16:00:00,2020-03-10 16:00:00,NQH20.csv,5019,NQH20.csv,1.0,8325.0,8325.0,8359.25,8325.0,34.25
43901,2,30,8146.0,4,2020-03-11,2020-03-11 02:30:00,2020-03-11 02:30:00,NQH20.csv,138,NQH20.csv,1.0,8126.5,8126.5,8146.0,8126.5,19.5
43901,5,15,8206.0,6,2020-03-11,2020-03-11 05:15:00,2020-03-11 05:15:00,NQH20.csv,156,NQH20.csv,2.0,8165.75,8165.75,16412.0,16331.5,80.5
43901,5,45,8172.25,4,2020-03-11,2020-03-11 05:45:00,2020-03-11 05:45:00,NQH20.csv,129,NQH20.csv,-2.0,8178.0,8178.0,16344.5,16356.0,11.5
43901,6,0,8185.75,5,2020-03-11,2020-03-11 06:00:00,2020-03-11 06:00:00,NQH20.csv,128,NQH20.csv,1.0,8173.5,8173.5,8185.75,8173.5,12.25
43901,6,30,8142.75,0,2020-03-11,2020-03-11 06:30:00,2020-03-11 06:30:00,NQH20.csv,145,NQH20.csv,-5.0,8178.0,8178.0,40713.75,40890.0,176.25
43901,6,45,8185.0,-5,2020-03-11,2020-03-11 06:45:00,2020-03-11 06:45:00,NQH20.csv,258,NQH20.csv,-5.0,8145.5,8145.5,40925.0,40727.5,-197.5
43901,7,15,8162.5,0,2020-03-11,2020-03-11 07:15:00,2020-03-11 07:15:00,NQH20.csv,187,NQH20.csv,5.0,8141.0,8141.0,40812.5,40705.0,107.5
43901,7,30,8142.0,3,2020-03-11,2020-03-11 07:30:00,2020-03-11 07:30:00,NQH20.csv,348,NQH20.csv,3.0,8141.0,8141.0,24426.0,24423.0,3.0
43901,8,0,8134.75,-3,2020-03-11,2020-03-11 08:00:00,2020-03-11 08:00:00,NQH20.csv,309,NQH20.csv,-6.0,8095.0,8095.0,48808.5,48570.0,-238.5
43901,8,30,8109.0,4,2020-03-11,2020-03-11 08:30:00,2020-03-11 08:30:00,NQH20.csv,287,NQH20.csv,7.0,8090.5,8090.5,56763.0,56633.5,129.5
43901,9,15,8108.75,7,2020-03-11,2020-03-11 09:15:00,2020-03-11 09:15:00,NQH20.csv,380,NQH20.csv,3.0,8177.25,8177.25,24326.25,24531.75,-205.5
43901,10,15,8194.75,4,2020-03-11,2020-03-11 10:15:00,2020-03-11 10:15:00,NQH20.csv,2132,NQH20.csv,-3.0,8136.0,8136.0,24584.25,24408.0,-176.25
43901,10,45,8108.25,0,2020-03-11,2020-03-11 10:45:00,2020-03-11 10:45:00,NQH20.csv,1541,NQH20.csv,-4.0,8114.0,8114.0,32433.0,32456.0,23.0
43901,11,15,8123.5,4,2020-03-11,2020-03-11 11:15:00,2020-03-11 11:15:00,NQH20.csv,2021,NQH20.csv,4.0,8109.5,8109.5,32494.0,32438.0,56.0
43901,11,30,8075.75,5,2020-03-11,2020-03-11 11:30:00,2020-03-11 11:30:00,NQH20.csv,1301,NQH20.csv,1.0,8109.5,8109.5,8075.75,8109.5,-33.75
43901,11,45,8089.0,3,2020-03-11,2020-03-11 11:45:00,2020-03-11 11:45:00,NQH20.csv,1989,NQH20.csv,-2.0,8088.75,8088.75,16178.0,16177.5,-0.5
43901,12,0,8099.25,-2,2020-03-11,2020-03-11 12:00:00,2020-03-11 12:00:00,NQH20.csv,1369,NQH20.csv,-5.0,8088.75,8088.75,40496.25,40443.75,-52.5
43901,12,15,8145.25,0,2020-03-11,2020-03-11 12:15:00,2020-03-11 12:15:00,NQH20.csv,1190,NQH20.csv,2.0,8084.25,8084.25,16290.5,16168.5,122.0
43901,12,30,8113.0,4,2020-03-11,2020-03-11 12:30:00,2020-03-11 12:30:00,NQH20.csv,2117,NQH20.csv,4.0,8084.25,8084.25,32452.0,32337.0,115.0
43901,12,45,8057.5,-1,2020-03-11,2020-03-11 12:45:00,2020-03-11 12:45:00,NQH20.csv,2845,NQH20.csv,-5.0,8032.25,8032.25,40287.5,40161.25,-126.25
43901,13,15,8020.75,4,2020-03-11,2020-03-11 13:15:00,2020-03-11 13:15:00,NQH20.csv,1976,NQH20.csv,5.0,8027.75,8027.75,40103.75,40138.75,-35.0
43901,13,30,8055.25,-1,2020-03-11,2020-03-11 13:30:00,2020-03-11 13:30:00,NQH20.csv,1589,NQH20.csv,-5.0,8032.25,8032.25,40276.25,40161.25,-115.0
43901,14,0,8039.75,2,2020-03-11,2020-03-11 14:00:00,2020-03-11 14:00:00,NQH20.csv,1382,NQH20.csv,3.0,7981.25,7981.25,24119.25,23943.75,175.5
43901,14,15,7992.0,4,2020-03-11,2020-03-11 14:15:00,2020-03-11 14:15:00,NQH20.csv,1322,NQH20.csv,2.0,7981.25,7981.25,15984.0,15962.5,21.5
43901,14,30,7973.0,0,2020-03-11,2020-03-11 14:30:00,2020-03-11 14:30:00,NQH20.csv,2248,NQH20.csv,-4.0,7985.75,7985.75,31892.0,31943.0,51.0
43901,14,45,7993.0,1,2020-03-11,2020-03-11 14:45:00,2020-03-11 14:45:00,NQH20.csv,1189,NQH20.csv,1.0,8018.0,8018.0,7993.0,8018.0,-25.0
43901,15,15,7904.75,-2,2020-03-11,2020-03-11 15:15:00,2020-03-11 15:15:00,NQH20.csv,1553,NQH20.csv,-3.0,8022.5,8022.5,23714.25,24067.5,353.25
43901,15,30,7953.25,-6,2020-03-11,2020-03-11 15:30:00,2020-03-11 15:30:00,NQH20.csv,2080,NQH20.csv,-4.0,8022.5,8022.5,31813.0,32090.0,277.0
43901,15,45,8023.75,-5,2020-03-11,2020-03-11 15:45:00,2020-03-11 15:45:00,NQH20.csv,2672,NQH20.csv,1.0,8022.5,8022.5,8023.75,8022.5,1.25
43901,16,0,7998.75,4,2020-03-11,2020-03-11 16:00:00,2020-03-11 16:00:00,NQH20.csv,3179,NQH20.csv,9.0,8022.5,8022.5,71988.75,72202.5,-213.75
43902,2,30,7676.5,9,2020-03-12,2020-03-12 02:30:00,2020-03-12 02:30:00,NQH20.csv,96,NQH20.csv,5.0,7686.5,7686.5,38382.5,38432.5,-50.0
43902,3,30,7654.5,1,2020-03-12,2020-03-12 03:30:00,2020-03-12 03:30:00,NQH20.csv,357,NQH20.csv,-8.0,7654.75,7654.75,61236.0,61238.0,2.0
43902,4,30,7649.75,-4,2020-03-12,2020-03-12 04:30:00,2020-03-12 04:30:00,NQH20.csv,339,NQH20.csv,-5.0,7612.75,7612.75,38248.75,38063.75,-185.0
43902,5,0,7623.0,0,2020-03-12,2020-03-12 05:00:00,2020-03-12 05:00:00,NQH20.csv,209,NQH20.csv,4.0,7646.25,7646.25,30492.0,30585.0,-93.0
43902,5,30,7603.5,4,2020-03-12,2020-03-12 05:30:00,2020-03-12 05:30:00,NQH20.csv,207,NQH20.csv,4.0,7646.25,7646.25,30414.0,30585.0,-171.0
43902,6,15,7613.75,5,2020-03-12,2020-03-12 06:15:00,2020-03-12 06:15:00,NQH20.csv,220,NQH20.csv,1.0,7626.5,7626.5,7613.75,7626.5,-12.75
43902,6,45,7620.0,7,2020-03-12,2020-03-12 06:45:00,2020-03-12 06:45:00,NQH20.csv,129,NQH20.csv,2.0,7626.5,7626.5,15240.0,15253.0,-13.0
43902,7,0,7641.5,-1,2020-03-12,2020-03-12 07:00:00,2020-03-12 07:00:00,NQH20.csv,259,NQH20.csv,-8.0,7603.75,7603.75,61132.0,60830.0,-302.0
43902,7,15,7617.25,-4,2020-03-12,2020-03-12 07:15:00,2020-03-12 07:15:00,NQH20.csv,163,NQH20.csv,-3.0,7603.75,7603.75,22851.75,22811.25,-40.5
43902,7,30,7607.5,11,2020-03-12,2020-03-12 07:30:00,2020-03-12 07:30:00,NQH20.csv,118,NQH20.csv,15.0,7599.25,7601.5,114112.5,114022.5,90.0
43902,8,0,7601.5,-2,2020-03-12,2020-03-12 08:00:00,2020-03-12 08:00:00,NQH20.csv,20,NQH20.csv,-13.0,7603.75,7603.75,98819.5,98848.75,29.25
43902,8,30,7601.5,4,2020-03-12,2020-03-12 08:30:00,2020-03-12 08:30:00,NQH20.csv,42,NQH20.csv,6.0,7599.25,7511.75,45609.0,45070.5,538.5
43902,10,0,7556.25,-2,2020-03-12,2020-03-12 10:00:00,2020-03-12 10:00:00,NQH20.csv,3320,NQH20.csv,-6.0,7541.0,7541.0,45337.5,45246.0,-91.5
43902,10,30,7539.75,-3,2020-03-12,2020-03-12 10:30:00,2020-03-12 10:30:00,NQH20.csv,1912,NQH20.csv,-1.0,7541.0,7541.0,7539.75,7541.0,1.25
43902,10,45,7534.0,-6,2020-03-12,2020-03-12 10:45:00,2020-03-12 10:45:00,NQH20.csv,1233,NQH20.csv,-3.0,7409.25,7409.25,22602.0,22227.75,-374.25
43902,11,0,7578.0,0,2020-03-12,2020-03-12 11:00:00,2020-03-12 11:00:00,NQH20.csv,1362,NQH20.csv,6.0,7404.75,7404.75,45468.0,44428.5,1039.5
43902,11,15,7473.25,-1,2020-03-12,2020-03-12 11:15:00,2020-03-12 11:15:00,NQH20.csv,1811,NQH20.csv,-1.0,7409.25,7409.25,7473.25,7409.25,-64.0
43902,11,30,7466.0,-7,2020-03-12,2020-03-12 11:30:00,2020-03-12 11:30:00,NQH20.csv,1079,NQH20.csv,-6.0,7409.25,7409.25,44796.0,44455.5,-340.5
43902,11,45,7425.75,-3,2020-03-12,2020-03-12 11:45:00,2020-03-12 11:45:00,NQH20.csv,1207,NQH20.csv,4.0,7370.75,7370.75,29703.0,29483.0,220.0
43902,12,15,7362.25,-4,2020-03-12,2020-03-12 12:15:00,2020-03-12 12:15:00,NQH20.csv,1429,NQH20.csv,-1.0,7375.25,7375.25,7362.25,7375.25,13.0
43902,12,45,7371.75,-3,2020-03-12,2020-03-12 12:45:00,2020-03-12 12:45:00,NQH20.csv,1133,NQH20.csv,1.0,7457.75,7457.75,7371.75,7457.75,-86.0
43902,13,0,7591.25,-2,2020-03-12,2020-03-12 13:00:00,2020-03-12 13:00:00,NQH20.csv,2868,NQH20.csv,1.0,7457.75,7457.75,7591.25,7457.75,133.5
43902,13,15,7597.75,-4,2020-03-12,2020-03-12 13:15:00,2020-03-12 13:15:00,NQH20.csv,2358,NQH20.csv,-2.0,7462.25,7462.25,15195.5,14924.5,-271.0
43902,13,45,7474.75,-2,2020-03-12,2020-03-12 13:45:00,2020-03-12 13:45:00,NQH20.csv,1069,NQH20.csv,2.0,7408.25,7408.25,14949.5,14816.5,133.0
43902,14,0,7552.25,2,2020-03-12,2020-03-12 14:00:00,2020-03-12 14:00:00,NQH20.csv,2096,NQH20.csv,4.0,7408.25,7408.25,30209.0,29633.0,576.0
43902,14,30,7428.75,-2,2020-03-12,2020-03-12 14:30:00,2020-03-12 14:30:00,NQH20.csv,1017,NQH20.csv,-4.0,7412.75,7412.75,29715.0,29651.0,-64.0
43902,15,30,7344.75,-7,2020-03-12,2020-03-12 15:30:00,2020-03-12 15:30:00,NQH20.csv,1055,NQH20.csv,-5.0,7420.0,7420.0,36723.75,37100.0,376.25
43902,16,0,7262.25,4,2020-03-12,2020-03-12 16:00:00,2020-03-12 16:00:00,NQH20.csv,5546,NQH20.csv,11.0,7166.0,7166.0,79884.75,78826.0,1058.75
43903,2,30,7368.75,7,2020-03-13,2020-03-13 02:30:00,2020-03-13 02:30:00,NQH20.csv,78,NQH20.csv,3.0,7368.25,7368.25,22106.25,22104.75,1.5
43903,3,30,7514.0,1,2020-03-13,2020-03-13 03:30:00,2020-03-13 03:30:00,NQH20.csv,369,NQH20.csv,-6.0,7576.25,7576.25,45084.0,45457.5,373.5
43903,4,30,7500.25,-2,2020-03-13,2020-03-13 04:30:00,2020-03-13 04:30:00,NQH20.csv,272,NQH20.csv,-3.0,7450.0,7450.0,22500.75,22350.0,-150.75
43903,5,30,7491.25,4,2020-03-13,2020-03-13 05:30:00,2020-03-13 05:30:00,NQH20.csv,98,NQH20.csv,6.0,7523.75,7523.75,44947.5,45142.5,-195.0
43903,6,45,7546.5,0,2020-03-13,2020-03-13 06:45:00,2020-03-13 06:45:00,NQH20.csv,214,NQH20.csv,-4.0,7567.0,7567.0,30186.0,30268.0,82.0
43903,7,15,7622.75,4,2020-03-13,2020-03-13 07:15:00,2020-03-13 07:15:00,NQH20.csv,8,NQH20.csv,4.0,7620.5,7622.75,30491.0,30491.0,0.0
43903,10,45,7518.25,0,2020-03-13,2020-03-13 10:45:00,2020-03-13 10:45:00,NQH20.csv,820,NQH20.csv,-4.0,7516.75,7516.75,30073.0,30067.0,-6.0
43903,11,15,7520.0,4,2020-03-13,2020-03-13 11:15:00,2020-03-13 11:15:00,NQH20.csv,970,NQH20.csv,4.0,7333.75,7333.75,30080.0,29335.0,745.0
43903,11,45,7351.75,0,2020-03-13,2020-03-13 11:45:00,2020-03-13 11:45:00,NQM20.csv,1133,NQM20.csv,-4.0,7387.5,7387.5,29407.0,29550.0,143.0
43903,12,15,7403.25,4,2020-03-13,2020-03-13 12:15:00,2020-03-13 12:15:00,NQM20.csv,829,NQM20.csv,4.0,7383.0,7383.0,29613.0,29532.0,81.0
43903,13,15,7495.5,1,2020-03-13,2020-03-13 13:15:00,2020-03-13 13:15:00,NQM20.csv,632,NQM20.csv,-3.0,7470.75,7470.75,22486.5,22412.25,-74.25
43903,13,45,7552.0,4,2020-03-13,2020-03-13 13:45:00,2020-03-13 13:45:00,NQM20.csv,453,NQH20.csv,3.0,7589.25,7589.25,22656.0,22767.75,-111.75
43903,14,0,7571.25,2,2020-03-13,2020-03-13 14:00:00,2020-03-13 14:00:00,NQH20.csv,572,NQH20.csv,-2.0,7490.25,7490.25,15142.5,14980.5,-162.0
43903,14,15,7492.25,-1,2020-03-13,2020-03-13 14:15:00,2020-03-13 14:15:00,NQM20.csv,372,NQH20.csv,-3.0,7490.25,7490.25,22476.75,22470.75,-6.0
43903,14,30,7447.5,1,2020-03-13,2020-03-13 14:30:00,2020-03-13 14:30:00,NQH20.csv,446,NQH20.csv,2.0,7485.75,7485.75,14895.0,14971.5,-76.5
43903,14,45,7495.25,4,2020-03-13,2020-03-13 14:45:00,2020-03-13 14:45:00,NQM20.csv,532,NQM20.csv,3.0,7526.0,7526.0,22485.75,22578.0,-92.25
43903,15,0,7495.0,7,2020-03-13,2020-03-13 15:00:00,2020-03-13 15:00:00,NQM20.csv,1021,NQM20.csv,3.0,7526.0,7526.0,22485.0,22578.0,-93.0
43903,15,45,7635.5,4,2020-03-13,2020-03-13 15:45:00,2020-03-13 15:45:00,NQH20.csv,656,NQH20.csv,-3.0,7745.0,7745.0,22906.5,23235.0,328.5
43903,16,15,7914.25,0,2020-03-13,2020-03-13 16:15:00,2020-03-13 16:15:00,NQH20.csv,1809,NQH20.csv,-4.0,7745.0,7823.0,31657.0,31292.0,-365.0
43906,10,0,7236.0,-2,2020-03-16,2020-03-16 10:00:00,2020-03-16 10:00:00,NQM20.csv,1565,NQM20.csv,-2.0,7244.25,7244.25,14472.0,14488.5,16.5
43906,10,30,7264.75,-3,2020-03-16,2020-03-16 10:30:00,2020-03-16 10:30:00,NQM20.csv,1168,NQM20.csv,-1.0,7461.5,7461.5,7264.75,7461.5,196.75
43906,11,0,7400.0,0,2020-03-16,2020-03-16 11:00:00,2020-03-16 11:00:00,NQH20.csv,660,NQH20.csv,3.0,7461.25,7461.25,22200.0,22383.75,-183.75
43906,11,30,7548.0,-6,2020-03-16,2020-03-16 11:30:00,2020-03-16 11:30:00,NQM20.csv,979,NQM20.csv,-6.0,7451.75,7451.75,45288.0,44710.5,-577.5
43906,11,45,7458.25,-7,2020-03-16,2020-03-16 11:45:00,2020-03-16 11:45:00,NQM20.csv,346,NQM20.csv,-1.0,7451.75,7451.75,7458.25,7451.75,-6.5
43906,12,0,7509.5,0,2020-03-16,2020-03-16 12:00:00,2020-03-16 12:00:00,NQH20.csv,571,NQH20.csv,7.0,7342.0,7342.0,52566.5,51394.0,1172.5
43906,12,30,7418.0,-1,2020-03-16,2020-03-16 12:30:00,2020-03-16 12:30:00,NQH20.csv,525,NQH20.csv,-1.0,7346.5,7346.5,7418.0,7346.5,-71.5
43906,12,45,7436.0,2,2020-03-16,2020-03-16 12:45:00,2020-03-16 12:45:00,NQM20.csv,360,NQH20.csv,3.0,7342.0,7342.0,22308.0,22026.0,282.0
43906,13,0,7355.25,4,2020-03-16,2020-03-16 13:00:00,2020-03-16 13:00:00,NQM20.csv,417,NQM20.csv,2.0,7392.75,7392.75,14710.5,14785.5,-75.0
43906,13,15,7395.0,-1,2020-03-16,2020-03-16 13:15:00,2020-03-16 13:15:00,NQM20.csv,904,NQM20.csv,-5.0,7236.75,7236.75,36975.0,36183.75,-791.25
43906,13,30,7339.0,1,2020-03-16,2020-03-16 13:30:00,2020-03-16 13:30:00,NQM20.csv,1321,NQM20.csv,2.0,7232.25,7232.25,14678.0,14464.5,213.5
43906,14,0,7291.25,-1,2020-03-16,2020-03-16 14:00:00,2020-03-16 14:00:00,NQM20.csv,505,NQM20.csv,-2.0,7236.75,7236.75,14582.5,14473.5,-109.0
43906,14,15,7268.5,2,2020-03-16,2020-03-16 14:15:00,2020-03-16 14:15:00,NQM20.csv,685,NQM20.csv,3.0,7271.0,7271.0,21805.5,21813.0,-7.5
43906,14,30,7285.0,0,2020-03-16,2020-03-16 14:30:00,2020-03-16 14:30:00,NQM20.csv,682,NQM20.csv,-2.0,7275.5,7275.5,14570.0,14551.0,-19.0
43906,14,45,7283.0,1,2020-03-16,2020-03-16 14:45:00,2020-03-16 14:45:00,NQM20.csv,884,NQM20.csv,1.0,7271.0,7271.0,7283.0,7271.0,12.0
43906,15,0,7336.0,5,2020-03-16,2020-03-16 15:00:00,2020-03-16 15:00:00,NQM20.csv,395,NQM20.csv,4.0,7271.0,7271.0,29344.0,29084.0,260.0
43906,15,15,7282.25,4,2020-03-16,2020-03-16 15:15:00,2020-03-16 15:15:00,NQH20.csv,478,NQH20.csv,-1.0,7139.5,7139.5,7282.25,7139.5,-142.75
43906,15,30,7249.75,0,2020-03-16,2020-03-16 15:30:00,2020-03-16 15:30:00,NQM20.csv,1284,NQM20.csv,-4.0,7045.25,7045.25,28999.0,28181.0,-818.0
43906,15,45,7276.25,-4,2020-03-16,2020-03-16 15:45:00,2020-03-16 15:45:00,NQM20.csv,1702,NQM20.csv,-4.0,7045.25,7045.25,29105.0,28181.0,-924.0
43906,16,0,6951.75,0,2020-03-16,2020-03-16 16:00:00,2020-03-16 16:00:00,NQM20.csv,4543,NQM20.csv,4.0,7040.75,7040.75,27807.0,28163.0,-356.0
43907,5,15,7130.25,3,2020-03-17,2020-03-17 05:15:00,2020-03-17 05:15:00,NQM20.csv,264,NQM20.csv,3.0,7087.75,7087.75,21390.75,21263.25,127.5
43907,5,45,7037.0,0,2020-03-17,2020-03-17 05:45:00,2020-03-17 05:45:00,NQM20.csv,92,NQM20.csv,-3.0,7247.25,7247.25,21111.0,21741.75,630.75
43907,6,0,7083.0,-6,2020-03-17,2020-03-17 06:00:00,2020-03-17 06:00:00,NQM20.csv,183,NQH20.csv,-6.0,7192.0,7192.0,42498.0,43152.0,654.0
43907,6,15,7159.5,-5,2020-03-17,2020-03-17 06:15:00,2020-03-17 06:15:00,NQH20.csv,224,NQH20.csv,1.0,7187.5,7187.5,7159.5,7187.5,-28.0
43907,6,45,7133.0,-6,2020-03-17,2020-03-17 06:45:00,2020-03-17 06:45:00,NQH20.csv,165,NQH20.csv,-1.0,7253.75,7253.75,7133.0,7253.75,120.75
43907,7,30,7176.0,-1,2020-03-17,2020-03-17 07:30:00,2020-03-17 07:30:00,NQM20.csv,310,NQM20.csv,5.0,7151.25,7151.25,35880.0,35756.25,123.75
43907,7,45,7105.5,-6,2020-03-17,2020-03-17 07:45:00,2020-03-17 07:45:00,NQH20.csv,137,NQM20.csv,-5.0,7155.75,7155.75,35527.5,35778.75,251.25
43907,8,0,7092.25,-1,2020-03-17,2020-03-17 08:00:00,2020-03-17 08:00:00,NQM20.csv,289,NQM20.csv,5.0,7151.25,7151.25,35461.25,35756.25,-295.0
43907,8,15,7133.25,4,2020-03-17,2020-03-17 08:15:00,2020-03-17 08:15:00,NQM20.csv,181,NQM20.csv,5.0,7151.25,7151.25,35666.25,35756.25,-90.0
43907,8,30,7143.0,0,2020-03-17,2020-03-17 08:30:00,2020-03-17 08:30:00,NQM20.csv,211,NQM20.csv,-4.0,7162.5,7162.5,28572.0,28650.0,78.0
43907,9,15,7160.75,4,2020-03-17,2020-03-17 09:15:00,2020-03-17 09:15:00,NQM20.csv,269,NQM20.csv,4.0,7158.0,7158.0,28643.0,28632.0,11.0
43907,10,0,6967.75,1,2020-03-17,2020-03-17 10:00:00,2020-03-17 10:00:00,NQM20.csv,1334,NQM20.csv,-3.0,7104.75,7104.75,20903.25,21314.25,411.0
43907,10,15,7056.0,-3,2020-03-17,2020-03-17 10:15:00,2020-03-17 10:15:00,NQM20.csv,1607,NQM20.csv,-4.0,7104.75,7104.75,28224.0,28419.0,195.0
43907,10,30,7138.25,1,2020-03-17,2020-03-17 10:30:00,2020-03-17 10:30:00,NQM20.csv,797,NQM20.csv,4.0,7339.0,7339.0,28553.0,29356.0,-803.0
43907,11,0,7210.0,-3,2020-03-17,2020-03-17 11:00:00,2020-03-17 11:00:00,NQM20.csv,1748,NQM20.csv,-4.0,7343.5,7343.5,28840.0,29374.0,534.0
43907,11,30,7312.5,1,2020-03-17,2020-03-17 11:30:00,2020-03-17 11:30:00,NQM20.csv,593,NQM20.csv,4.0,7382.75,7382.75,29250.0,29531.0,-281.0
43907,11,45,7334.25,-1,2020-03-17,2020-03-17 11:45:00,2020-03-17 11:45:00,NQM20.csv,648,NQM20.csv,-2.0,7387.25,7387.25,14668.5,14774.5,106.0
43907,12,0,7401.75,-8,2020-03-17,2020-03-17 12:00:00,2020-03-17 12:00:00,NQM20.csv,1011,NQM20.csv,-7.0,7387.25,7387.25,51812.25,51710.75,-101.5
43907,12,15,7529.5,-6,2020-03-17,2020-03-17 12:15:00,2020-03-17 12:15:00,NQM20.csv,1255,NQM20.csv,2.0,7382.75,7382.75,15059.0,14765.5,293.5
43907,12,30,7383.0,0,2020-03-17,2020-03-17 12:30:00,2020-03-17 12:30:00,NQM20.csv,872,NQM20.csv,6.0,7251.5,7251.5,44298.0,43509.0,789.0
43907,12,45,7328.5,-3,2020-03-17,2020-03-17 12:45:00,2020-03-17 12:45:00,NQM20.csv,977,NQM20.csv,-3.0,7256.0,7256.0,21985.5,21768.0,-217.5
43907,13,15,7246.0,-2,2020-03-17,2020-03-17 13:15:00,2020-03-17 13:15:00,NQM20.csv,966,NQM20.csv,1.0,7251.5,7251.5,7246.0,7251.5,-5.5
43907,13,45,7355.25,1,2020-03-17,2020-03-17 13:45:00,2020-03-17 13:45:00,NQM20.csv,290,NQM20.csv,3.0,7426.25,7426.25,22065.75,22278.75,-213.0
43907,14,0,7378.5,4,2020-03-17,2020-03-17 14:00:00,2020-03-17 14:00:00,NQM20.csv,766,NQM20.csv,3.0,7426.25,7426.25,22135.5,22278.75,-143.25
43907,14,15,7438.5,3,2020-03-17,2020-03-17 14:15:00,2020-03-17 14:15:00,NQM20.csv,497,NQM20.csv,-1.0,7430.75,7430.75,7438.5,7430.75,-7.75
43907,14,30,7445.75,7,2020-03-17,2020-03-17 14:30:00,2020-03-17 14:30:00,NQM20.csv,623,NQM20.csv,4.0,7318.75,7318.75,29783.0,29275.0,508.0
43907,14,45,7409.75,6,2020-03-17,2020-03-17 14:45:00,2020-03-17 14:45:00,NQM20.csv,755,NQM20.csv,-1.0,7323.25,7323.25,7409.75,7323.25,-86.5
43907,15,0,7395.75,9,2020-03-17,2020-03-17 15:00:00,2020-03-17 15:00:00,NQM20.csv,777,NQM20.csv,3.0,7318.75,7318.75,22187.25,21956.25,231.0
43907,15,15,7358.75,10,2020-03-17,2020-03-17 15:15:00,2020-03-17 15:15:00,NQM20.csv,541,NQM20.csv,1.0,7318.75,7318.75,7358.75,7318.75,40.0
43907,15,30,7325.25,5,2020-03-17,2020-03-17 15:30:00,2020-03-17 15:30:00,NQM20.csv,899,NQM20.csv,-5.0,7377.5,7377.5,36626.25,36887.5,261.25
43907,15,45,7456.25,2,2020-03-17,2020-03-17 15:45:00,2020-03-17 15:45:00,NQM20.csv,1329,NQM20.csv,-3.0,7377.5,7377.5,22368.75,22132.5,-236.25
43907,16,0,7443.0,0,2020-03-17,2020-03-17 16:00:00,2020-03-17 16:00:00,NQM20.csv,3133,NQM20.csv,-2.0,7377.5,7377.5,14886.0,14755.0,-131.0
43908,9,45,7149.75,-1,2020-03-18,2020-03-18 09:45:00,2020-03-18 09:45:00,NQM20.csv,2020,NQM20.csv,-1.0,7281.0,7281.0,7149.75,7281.0,131.25
43908,10,0,7217.75,-3,2020-03-18,2020-03-18 10:00:00,2020-03-18 10:00:00,NQM20.csv,1629,NQM20.csv,-2.0,7281.0,7281.0,14435.5,14562.0,126.5
43908,10,15,7251.0,-2,2020-03-18,2020-03-18 10:15:00,2020-03-18 10:15:00,NQM20.csv,952,NQM20.csv,1.0,7276.5,7276.5,7251.0,7276.5,-25.5
43908,10,45,7276.0,-4,2020-03-18,2020-03-18 10:45:00,2020-03-18 10:45:00,NQM20.csv,756,NQM20.csv,-2.0,7129.25,7129.25,14552.0,14258.5,-293.5
43908,11,0,7175.75,-1,2020-03-18,2020-03-18 11:00:00,2020-03-18 11:00:00,NQM20.csv,771,NQM20.csv,3.0,7124.75,7124.75,21527.25,21374.25,153.0
43908,11,15,7107.25,-2,2020-03-18,2020-03-18 11:15:00,2020-03-18 11:15:00,NQM20.csv,1593,NQM20.csv,-1.0,7129.25,7129.25,7107.25,7129.25,22.0
43908,11,30,7108.75,-5,2020-03-18,2020-03-18 11:30:00,2020-03-18 11:30:00,NQM20.csv,1130,NQM20.csv,-3.0,7093.25,7093.25,21326.25,21279.75,-46.5
43908,11,45,7086.75,-4,2020-03-18,2020-03-18 11:45:00,2020-03-18 11:45:00,NQM20.csv,1309,NQM20.csv,1.0,7088.75,7088.75,7086.75,7088.75,-2.0
43908,12,15,7116.75,-2,2020-03-18,2020-03-18 12:15:00,2020-03-18 12:15:00,NQM20.csv,1604,NQM20.csv,2.0,7088.75,7088.75,14233.5,14177.5,56.0
43908,12,45,7113.0,-5,2020-03-18,2020-03-18 12:45:00,2020-03-18 12:45:00,NQM20.csv,798,NQM20.csv,-3.0,6948.25,6948.25,21339.0,20844.75,-494.25
43908,13,0,7003.75,-3,2020-03-18,2020-03-18 13:00:00,2020-03-18 13:00:00,NQM20.csv,513,NQM20.csv,2.0,6943.75,6943.75,14007.5,13887.5,120.0
43908,13,15,6982.5,0,2020-03-18,2020-03-18 13:15:00,2020-03-18 13:15:00,NQM20.csv,1261,NQM20.csv,3.0,6943.75,6943.75,20947.5,20831.25,116.25
43908,13,45,6945.25,-2,2020-03-18,2020-03-18 13:45:00,2020-03-18 13:45:00,NQM20.csv,1317,NQM20.csv,-2.0,6848.75,6848.75,13890.5,13697.5,-193.0
43908,14,0,6895.25,0,2020-03-18,2020-03-18 14:00:00,2020-03-18 14:00:00,NQM20.csv,529,NQM20.csv,2.0,6844.25,6844.25,13790.5,13688.5,102.0
43908,14,15,6852.75,-1,2020-03-18,2020-03-18 14:15:00,2020-03-18 14:15:00,NQM20.csv,644,NQM20.csv,-1.0,6848.75,6848.75,6852.75,6848.75,-4.0
43908,14,30,6846.5,-2,2020-03-18,2020-03-18 14:30:00,2020-03-18 14:30:00,NQM20.csv,699,NQM20.csv,-1.0,6848.75,6848.75,6846.5,6848.75,2.25
43908,14,45,6929.25,4,2020-03-18,2020-03-18 14:45:00,2020-03-18 14:45:00,NQM20.csv,1064,NQM20.csv,6.0,6900.75,6900.75,41575.5,41404.5,171.0
43908,15,15,7022.25,1,2020-03-18,2020-03-18 15:15:00,2020-03-18 15:15:00,NQM20.csv,1095,NQM20.csv,-3.0,6905.25,6905.25,21066.75,20715.75,-351.0
43908,15,30,6903.0,-2,2020-03-18,2020-03-18 15:30:00,2020-03-18 15:30:00,NQM20.csv,1163,NQM20.csv,-3.0,6905.25,6905.25,20709.0,20715.75,6.75
43908,16,0,7214.25,0,2020-03-18,2020-03-18 16:00:00,2020-03-18 16:00:00,NQM20.csv,4020,NQM20.csv,2.0,7187.75,7187.75,14428.5,14375.5,53.0
43909,2,30,7078.5,4,2020-03-19,2020-03-19 02:30:00,2020-03-19 02:30:00,NQM20.csv,57,NQM20.csv,4.0,7099.0,7099.0,28314.0,28396.0,-82.0
43909,3,30,7240.0,-4,2020-03-19,2020-03-19 03:30:00,2020-03-19 03:30:00,NQM20.csv,76,NQM20.csv,-8.0,7197.5,7197.5,57920.0,57580.0,-340.0
43909,4,30,7273.25,-5,2020-03-19,2020-03-19 04:30:00,2020-03-19 04:30:00,NQM20.csv,340,NQM20.csv,-1.0,7283.5,7283.5,7273.25,7283.5,10.25
43909,5,30,7193.0,7,2020-03-19,2020-03-19 05:30:00,2020-03-19 05:30:00,NQM20.csv,190,NQM20.csv,12.0,7219.25,7219.25,86316.0,86631.0,-315.0
43909,6,0,7184.25,3,2020-03-19,2020-03-19 06:00:00,2020-03-19 06:00:00,NQM20.csv,110,NQM20.csv,-4.0,7183.5,7183.5,28737.0,28734.0,-3.0
43909,6,15,7126.75,7,2020-03-19,2020-03-19 06:15:00,2020-03-19 06:15:00,NQM20.csv,195,NQM20.csv,4.0,7179.0,7179.0,28507.0,28716.0,-209.0
43909,6,45,7172.25,3,2020-03-19,2020-03-19 06:45:00,2020-03-19 06:45:00,NQM20.csv,110,NQM20.csv,-4.0,7090.0,7090.0,28689.0,28360.0,-329.0
43909,7,15,7181.5,7,2020-03-19,2020-03-19 07:15:00,2020-03-19 07:15:00,NQM20.csv,74,NQM20.csv,4.0,7085.5,7085.5,28726.0,28342.0,384.0
43909,7,45,7091.25,3,2020-03-19,2020-03-19 07:45:00,2020-03-19 07:45:00,NQM20.csv,145,NQM20.csv,-4.0,7107.5,7107.5,28365.0,28430.0,65.0
43909,10,30,7341.0,4,2020-03-19,2020-03-19 10:30:00,2020-03-19 10:30:00,NQM20.csv,702,NQM20.csv,1.0,7235.5,7235.5,7341.0,7235.5,105.5
43909,10,45,7247.5,0,2020-03-19,2020-03-19 10:45:00,2020-03-19 10:45:00,NQM20.csv,1533,NQM20.csv,-4.0,7377.5,7377.5,28990.0,29510.0,520.0
43909,11,15,7304.75,4,2020-03-19,2020-03-19 11:15:00,2020-03-19 11:15:00,NQM20.csv,793,NQM20.csv,4.0,7373.0,7373.0,29219.0,29492.0,-273.0
43909,11,30,7427.0,1,2020-03-19,2020-03-19 11:30:00,2020-03-19 11:30:00,NQM20.csv,1726,NQM20.csv,-3.0,7377.5,7377.5,22281.0,22132.5,-148.5
43909,11,45,7398.5,-1,2020-03-19,2020-03-19 11:45:00,2020-03-19 11:45:00,NQM20.csv,1035,NQM20.csv,-2.0,7339.25,7339.25,14797.0,14678.5,-118.5
43909,12,0,7320.5,3,2020-03-19,2020-03-19 12:00:00,2020-03-19 12:00:00,NQM20.csv,1013,NQM20.csv,4.0,7334.75,7334.75,29282.0,29339.0,-57.0
43909,12,15,7306.75,5,2020-03-19,2020-03-19 12:15:00,2020-03-19 12:15:00,NQM20.csv,608,NQM20.csv,2.0,7334.75,7334.75,14613.5,14669.5,-56.0
43909,12,30,7306.0,1,2020-03-19,2020-03-19 12:30:00,2020-03-19 12:30:00,NQM20.csv,569,NQM20.csv,-4.0,7339.25,7339.25,29224.0,29357.0,133.0
43909,13,0,7346.25,4,2020-03-19,2020-03-19 13:00:00,2020-03-19 13:00:00,NQM20.csv,505,NQM20.csv,3.0,7363.25,7363.25,22038.75,22089.75,-51.0
43909,13,30,7338.5,8,2020-03-19,2020-03-19 13:30:00,2020-03-19 13:30:00,NQM20.csv,333,NQM20.csv,4.0,7363.25,7363.25,29354.0,29453.0,-99.0
43909,13,45,7366.0,0,2020-03-19,2020-03-19 13:45:00,2020-03-19 13:45:00,NQM20.csv,238,NQM20.csv,-8.0,7499.25,7499.25,58928.0,59994.0,1066.0
43909,14,0,7415.0,-2,2020-03-19,2020-03-19 14:00:00,2020-03-19 14:00:00,NQM20.csv,433,NQM20.csv,-2.0,7499.25,7499.25,14830.0,14998.5,168.5
43909,14,15,7402.5,9,2020-03-19,2020-03-19 14:15:00,2020-03-19 14:15:00,NQM20.csv,172,NQM20.csv,11.0,7494.75,7494.75,81427.5,82442.25,-1014.75
43909,14,45,7483.75,5,2020-03-19,2020-03-19 14:45:00,2020-03-19 14:45:00,NQM20.csv,728,NQM20.csv,-4.0,7421.75,7421.75,29935.0,29687.0,-248.0
43909,15,0,7420.25,7,2020-03-19,2020-03-19 15:00:00,2020-03-19 15:00:00,NQM20.csv,996,NQM20.csv,2.0,7417.25,7417.25,14840.5,14834.5,6.0
43909,15,15,7393.75,8,2020-03-19,2020-03-19 15:15:00,2020-03-19 15:15:00,NQM20.csv,1249,NQM20.csv,1.0,7417.25,7417.25,7393.75,7417.25,-23.5
43909,15,30,7428.25,5,2020-03-19,2020-03-19 15:30:00,2020-03-19 15:30:00,NQM20.csv,628,NQM20.csv,-3.0,7421.75,7421.75,22284.75,22265.25,-19.5
43909,15,45,7440.75,-1,2020-03-19,2020-03-19 15:45:00,2020-03-19 15:45:00,NQM20.csv,616,NQM20.csv,-6.0,7184.0,7184.0,44644.5,43104.0,-1540.5
43909,16,0,7264.5,3,2020-03-19,2020-03-19 16:00:00,2020-03-19 16:00:00,NQM20.csv,2284,NQM20.csv,4.0,7179.5,7179.5,29058.0,28718.0,340.0
43910,2,30,7377.25,7,2020-03-20,2020-03-20 02:30:00,2020-03-20 02:30:00,NQM20.csv,272,NQM20.csv,4.0,7458.0,7458.0,29509.0,29832.0,-323.0
43910,4,30,7607.5,6,2020-03-20,2020-03-20 04:30:00,2020-03-20 04:30:00,NQM20.csv,279,NQM20.csv,-1.0,7630.75,7626.75,7607.5,7626.75,19.25
43910,7,0,7585.25,10,2020-03-20,2020-03-20 07:00:00,2020-03-20 07:00:00,NQM20.csv,333,NQM20.csv,4.0,7513.0,7513.0,30341.0,30052.0,289.0
43910,7,15,7515.25,1,2020-03-20,2020-03-20 07:15:00,2020-03-20 07:15:00,NQM20.csv,347,NQM20.csv,-9.0,7517.5,7517.5,67637.25,67657.5,20.25
43910,7,30,7511.75,0,2020-03-20,2020-03-20 07:30:00,2020-03-20 07:30:00,NQM20.csv,178,NQM20.csv,-1.0,7545.25,7545.25,7511.75,7545.25,33.5
43910,7,45,7503.25,9,2020-03-20,2020-03-20 07:45:00,2020-03-20 07:45:00,NQM20.csv,144,NQM20.csv,9.0,7540.75,7540.75,67529.25,67866.75,-337.5
43910,8,0,7524.75,6,2020-03-20,2020-03-20 08:00:00,2020-03-20 08:00:00,NQM20.csv,71,NQM20.csv,-3.0,7545.25,7545.25,22574.25,22635.75,61.5
43910,9,15,7475.25,10,2020-03-20,2020-03-20 09:15:00,2020-03-20 09:15:00,NQM20.csv,182,NQM20.csv,4.0,7475.25,7389.5,29901.0,29558.0,343.0
43910,9,45,7323.0,11,2020-03-20,2020-03-20 09:45:00,2020-03-20 09:45:00,NQM20.csv,1749,NQM20.csv,1.0,7364.0,7364.0,7323.0,7364.0,-41.0
43910,10,0,7351.75,10,2020-03-20,2020-03-20 10:00:00,2020-03-20 10:00:00,NQM20.csv,2298,NQM20.csv,-1.0,7368.25,7368.25,7351.75,7368.25,16.5
43910,10,15,7366.25,5,2020-03-20,2020-03-20 10:15:00,2020-03-20 10:15:00,NQM20.csv,1278,NQM20.csv,-5.0,7368.25,7368.25,36831.25,36841.25,10.0
43910,10,30,7413.75,8,2020-03-20,2020-03-20 10:30:00,2020-03-20 10:30:00,NQM20.csv,1265,NQM20.csv,3.0,7411.25,7411.25,22241.25,22233.75,7.5
43910,11,0,7466.5,5,2020-03-20,2020-03-20 11:00:00,2020-03-20 11:00:00,NQM20.csv,2054,NQM20.csv,-3.0,7415.75,7415.75,22399.5,22247.25,-152.25
43910,11,15,7413.5,1,2020-03-20,2020-03-20 11:15:00,2020-03-20 11:15:00,NQM20.csv,825,NQM20.csv,-4.0,7415.75,7415.75,29654.0,29663.0,9.0
43910,11,45,7336.25,5,2020-03-20,2020-03-20 11:45:00,2020-03-20 11:45:00,NQM20.csv,1232,NQM20.csv,4.0,7229.5,7229.5,29345.0,28918.0,427.0
43910,12,0,7309.0,6,2020-03-20,2020-03-20 12:00:00,2020-03-20 12:00:00,NQM20.csv,616,NQM20.csv,1.0,7229.5,7229.5,7309.0,7229.5,79.5
43910,12,15,7231.75,5,2020-03-20,2020-03-20 12:15:00,2020-03-20 12:15:00,NQM20.csv,571,NQM20.csv,-1.0,7234.0,7234.0,7231.75,7234.0,2.25
43910,12,45,7221.0,6,2020-03-20,2020-03-20 12:45:00,2020-03-20 12:45:00,NQM20.csv,566,NQM20.csv,1.0,7271.25,7271.25,7221.0,7271.25,-50.25
43910,14,30,7173.25,2,2020-03-20,2020-03-20 14:30:00,2020-03-20 14:30:00,NQM20.csv,704,NQM20.csv,-4.0,7102.25,7102.25,28693.0,28409.0,-284.0
43910,15,0,7099.25,5,2020-03-20,2020-03-20 15:00:00,2020-03-20 15:00:00,NQM20.csv,999,NQM20.csv,3.0,7097.75,7097.75,21297.75,21293.25,4.5
43910,15,30,7134.5,0,2020-03-20,2020-03-20 15:30:00,2020-03-20 15:30:00,NQM20.csv,1535,NQM20.csv,-5.0,6970.0,6970.0,35672.5,34850.0,-822.5
43910,15,45,7060.5,-2,2020-03-20,2020-03-20 15:45:00,2020-03-20 15:45:00,NQM20.csv,734,NQM20.csv,-2.0,6970.0,6970.0,14121.0,13940.0,-181.0
43910,16,0,6981.0,6,2020-03-20,2020-03-20 16:00:00,2020-03-20 16:00:00,NQM20.csv,4103,NQM20.csv,8.0,6965.5,6965.5,55848.0,55724.0,124.0
43910,16,15,6967.75,0,2020-03-20,2020-03-20 16:15:00,2020-03-20 16:15:00,NQM20.csv,1139,NQM20.csv,-6.0,6970.0,6920.25,41806.5,41521.5,-285.0
43913,2,30,6755.0,8,2020-03-23,2020-03-23 02:30:00,2020-03-23 02:30:00,NQM20.csv,105,NQM20.csv,8.0,6751.75,6751.75,54040.0,54014.0,26.0
43913,3,30,6795.25,3,2020-03-23,2020-03-23 03:30:00,2020-03-23 03:30:00,NQM20.csv,85,NQM20.csv,-5.0,6748.0,6748.0,33976.25,33740.0,-236.25
43913,4,30,6770.0,0,2020-03-23,2020-03-23 04:30:00,2020-03-23 04:30:00,NQM20.csv,107,NQM20.csv,-3.0,6773.75,6773.75,20310.0,20321.25,11.25
43913,5,30,6770.0,9,2020-03-23,2020-03-23 05:30:00,2020-03-23 05:30:00,NQM20.csv,191,NQM20.csv,9.0,6799.5,6799.5,60930.0,61195.5,-265.5
43913,5,45,6788.5,1,2020-03-23,2020-03-23 05:45:00,2020-03-23 05:45:00,NQM20.csv,302,NQM20.csv,-8.0,6804.0,6804.0,54308.0,54432.0,124.0
43913,6,0,6788.0,-7,2020-03-23,2020-03-23 06:00:00,2020-03-23 06:00:00,NQM20.csv,169,NQM20.csv,-8.0,6842.0,6842.0,54304.0,54736.0,432.0
43913,6,15,6787.0,6,2020-03-23,2020-03-23 06:15:00,2020-03-23 06:15:00,NQM20.csv,78,NQM20.csv,13.0,6837.5,6837.5,88231.0,88887.5,-656.5
43913,6,45,6826.0,-6,2020-03-23,2020-03-23 06:45:00,2020-03-23 06:45:00,NQM20.csv,110,NQM20.csv,-12.0,6842.0,6842.0,81912.0,82104.0,192.0
43913,7,15,6835.5,1,2020-03-23,2020-03-23 07:15:00,2020-03-23 07:15:00,NQM20.csv,194,NQM20.csv,7.0,6775.0,6775.0,47848.5,47425.0,423.5
43913,8,0,6781.0,5,2020-03-23,2020-03-23 08:00:00,2020-03-23 08:00:00,NQM20.csv,1547,NQM20.csv,4.0,7135.0,7135.0,27124.0,28540.0,-1416.0
43913,9,15,7125.75,3,2020-03-23,2020-03-23 09:15:00,2020-03-23 09:15:00,NQM20.csv,442,NQM20.csv,-2.0,6912.0,6912.0,14251.5,13824.0,-427.5
43913,10,15,7066.25,5,2020-03-23,2020-03-23 10:15:00,2020-03-23 10:15:00,NQM20.csv,1436,NQM20.csv,2.0,6979.75,6979.75,14132.5,13959.5,173.0
43913,10,45,7024.5,1,2020-03-23,2020-03-23 10:45:00,2020-03-23 10:45:00,NQM20.csv,997,NQM20.csv,-4.0,6984.25,6984.25,28098.0,27937.0,-161.0
43913,11,15,6910.0,5,2020-03-23,2020-03-23 11:15:00,2020-03-23 11:15:00,NQM20.csv,568,NQM20.csv,4.0,6787.5,6787.5,27640.0,27150.0,490.0
43913,11,45,6770.25,2,2020-03-23,2020-03-23 11:45:00,2020-03-23 11:45:00,NQM20.csv,1922,NQM20.csv,-3.0,6792.0,6792.0,20310.75,20376.0,65.25
43913,12,15,6849.0,5,2020-03-23,2020-03-23 12:15:00,2020-03-23 12:15:00,NQM20.csv,783,NQM20.csv,3.0,7063.75,7063.75,20547.0,21191.25,-644.25
43913,13,45,6969.75,2,2020-03-23,2020-03-23 13:45:00,2020-03-23 13:45:00,NQM20.csv,838,NQM20.csv,-3.0,7039.25,7039.25,20909.25,21117.75,208.5
43913,14,0,6957.75,3,2020-03-23,2020-03-23 14:00:00,2020-03-23 14:00:00,NQM20.csv,1361,NQM20.csv,1.0,6980.5,6980.5,6957.75,6980.5,-22.75
43913,14,15,6941.75,6,2020-03-23,2020-03-23 14:15:00,2020-03-23 14:15:00,NQM20.csv,573,NQM20.csv,3.0,6980.5,6980.5,20825.25,20941.5,-116.25
43913,14,30,6990.5,5,2020-03-23,2020-03-23 14:30:00,2020-03-23 14:30:00,NQM20.csv,1030,NQM20.csv,-1.0,6985.0,6985.0,6990.5,6985.0,-5.5
43913,15,30,6883.25,1,2020-03-23,2020-03-23 15:30:00,2020-03-23 15:30:00,NQM20.csv,778,NQM20.csv,-4.0,6951.75,6951.75,27533.0,27807.0,274.0
43913,15,45,6918.0,-2,2020-03-23,2020-03-23 15:45:00,2020-03-23 15:45:00,NQM20.csv,1198,NQM20.csv,-3.0,6951.75,6951.75,20754.0,20855.25,101.25
43913,16,0,6993.0,5,2020-03-23,2020-03-23 16:00:00,2020-03-23 16:00:00,NQM20.csv,4101,NQM20.csv,7.0,7050.75,6978.0,48951.0,48846.0,105.0
43914,2,30,7311.25,6,2020-03-24,2020-03-24 02:30:00,2020-03-24 02:30:00,NQM20.csv,118,NQM20.csv,1.0,7277.25,7277.25,7311.25,7277.25,34.0
43914,5,45,7359.25,-1,2020-03-24,2020-03-24 05:45:00,2020-03-24 05:45:00,NQM20.csv,45,NQM20.csv,-7.0,7359.5,7359.5,51514.75,51516.5,1.75
43914,6,15,7359.5,6,2020-03-24,2020-03-24 06:15:00,2020-03-24 06:15:00,NQM20.csv,3,NQM20.csv,7.0,7283.75,7314.5,51516.5,51201.5,315.0
43914,7,15,7308.5,-1,2020-03-24,2020-03-24 07:15:00,2020-03-24 07:15:00,NQM20.csv,125,NQM20.csv,-7.0,7288.25,7288.25,51159.5,51017.75,-141.75
43914,7,30,7304.0,6,2020-03-24,2020-03-24 07:30:00,2020-03-24 07:30:00,NQM20.csv,325,NQM20.csv,7.0,7274.25,7274.25,51128.0,50919.75,208.25
43914,7,45,7296.0,5,2020-03-24,2020-03-24 07:45:00,2020-03-24 07:45:00,NQM20.csv,125,NQM20.csv,-1.0,7278.75,7278.75,7296.0,7278.75,-17.25
43914,8,0,7296.25,1,2020-03-24,2020-03-24 08:00:00,2020-03-24 08:00:00,NQM20.csv,112,NQM20.csv,-4.0,7278.75,7278.75,29185.0,29115.0,-70.0
43914,8,15,7255.0,9,2020-03-24,2020-03-24 08:15:00,2020-03-24 08:15:00,NQM20.csv,415,NQM20.csv,8.0,7274.25,7274.25,58040.0,58194.0,-154.0
43914,8,30,7272.75,6,2020-03-24,2020-03-24 08:30:00,2020-03-24 08:30:00,NQM20.csv,112,NQM20.csv,-3.0,7361.75,7361.75,21818.25,22085.25,267.0
43914,9,15,7359.5,5,2020-03-24,2020-03-24 09:15:00,2020-03-24 09:15:00,NQM20.csv,42,NQM20.csv,-1.0,7361.75,7361.75,7359.5,7361.75,2.25
43914,9,45,7341.25,7,2020-03-24,2020-03-24 09:45:00,2020-03-24 09:45:00,NQM20.csv,1523,NQM20.csv,2.0,7421.5,7421.5,14682.5,14843.0,-160.5
43914,10,15,7403.25,6,2020-03-24,2020-03-24 10:15:00,2020-03-24 10:15:00,NQM20.csv,1851,NQM20.csv,-1.0,7426.0,7426.0,7403.25,7426.0,22.75
43914,10,30,7419.0,4,2020-03-24,2020-03-24 10:30:00,2020-03-24 10:30:00,NQM20.csv,1303,NQM20.csv,-2.0,7399.25,7399.25,14838.0,14798.5,-39.5
43914,11,0,7382.75,1,2020-03-24,2020-03-24 11:00:00,2020-03-24 11:00:00,NQM20.csv,867,NQM20.csv,-3.0,7399.25,7399.25,22148.25,22197.75,49.5
43914,11,15,7397.75,4,2020-03-24,2020-03-24 11:15:00,2020-03-24 11:15:00,NQM20.csv,534,NQM20.csv,3.0,7394.75,7394.75,22193.25,22184.25,9.0
43914,11,30,7417.25,0,2020-03-24,2020-03-24 11:30:00,2020-03-24 11:30:00,NQM20.csv,536,NQM20.csv,-4.0,7476.75,7476.75,29669.0,29907.0,238.0
43914,11,45,7446.75,-4,2020-03-24,2020-03-24 11:45:00,2020-03-24 11:45:00,NQM20.csv,924,NQM20.csv,-4.0,7476.75,7476.75,29787.0,29907.0,120.0
43914,12,0,7453.75,4,2020-03-24,2020-03-24 12:00:00,2020-03-24 12:00:00,NQM20.csv,964,NQM20.csv,8.0,7472.25,7472.25,59630.0,59778.0,-148.0
43914,12,15,7442.75,5,2020-03-24,2020-03-24 12:15:00,2020-03-24 12:15:00,NQM20.csv,656,NQM20.csv,1.0,7472.25,7472.25,7442.75,7472.25,-29.5
43914,12,30,7500.75,1,2020-03-24,2020-03-24 12:30:00,2020-03-24 12:30:00,NQM20.csv,1308,NQM20.csv,-4.0,7394.25,7394.25,30003.0,29577.0,-426.0
43914,13,0,7433.25,8,2020-03-24,2020-03-24 13:00:00,2020-03-24 13:00:00,NQM20.csv,1037,NQM20.csv,7.0,7389.75,7389.75,52032.75,51728.25,304.5
43914,13,15,7418.75,4,2020-03-24,2020-03-24 13:15:00,2020-03-24 13:15:00,NQM20.csv,981,NQM20.csv,-4.0,7394.25,7394.25,29675.0,29577.0,-98.0
43914,13,45,7409.0,7,2020-03-24,2020-03-24 13:45:00,2020-03-24 13:45:00,NQM20.csv,691,NQM20.csv,3.0,7364.0,7364.0,22227.0,22092.0,135.0
43914,14,0,7352.25,2,2020-03-24,2020-03-24 14:00:00,2020-03-24 14:00:00,NQM20.csv,958,NQM20.csv,-5.0,7368.5,7368.5,36761.25,36842.5,81.25
43914,14,15,7306.5,3,2020-03-24,2020-03-24 14:15:00,2020-03-24 14:15:00,NQM20.csv,1269,NQM20.csv,1.0,7364.0,7364.0,7306.5,7364.0,-57.5
43914,14,30,7368.25,6,2020-03-24,2020-03-24 14:30:00,2020-03-24 14:30:00,NQM20.csv,1196,NQM20.csv,3.0,7471.5,7471.5,22104.75,22414.5,-309.75
43914,14,45,7416.0,5,2020-03-24,2020-03-24 14:45:00,2020-03-24 14:45:00,NQM20.csv,945,NQM20.csv,-1.0,7476.0,7476.0,7416.0,7476.0,60.0
43914,15,0,7464.25,8,2020-03-24,2020-03-24 15:00:00,2020-03-24 15:00:00,NQM20.csv,1255,NQM20.csv,3.0,7471.5,7471.5,22392.75,22414.5,-21.75
43914,15,15,7490.5,9,2020-03-24,2020-03-24 15:15:00,2020-03-24 15:15:00,NQM20.csv,1119,NQM20.csv,1.0,7471.5,7471.5,7490.5,7471.5,19.0
43914,15,45,7507.5,6,2020-03-24,2020-03-24 15:45:00,2020-03-24 15:45:00,NQM20.csv,1215,NQM20.csv,-3.0,7546.0,7546.0,22522.5,22638.0,115.5
43915,2,30,7525.5,0,2020-03-25,2020-03-25 02:30:00,2020-03-25 02:30:00,NQM20.csv,203,NQM20.csv,-6.0,7523.0,7523.0,45153.0,45138.0,-15.0
43915,3,30,7562.25,-3,2020-03-25,2020-03-25 03:30:00,2020-03-25 03:30:00,NQM20.csv,222,NQM20.csv,-3.0,7573.0,7573.0,22686.75,22719.0,32.25
43915,5,30,7748.75,0,2020-03-25,2020-03-25 05:30:00,2020-03-25 05:30:00,NQM20.csv,135,NQM20.csv,3.0,7716.5,7716.5,23246.25,23149.5,96.75
43915,5,45,7689.25,5,2020-03-25,2020-03-25 05:45:00,2020-03-25 05:45:00,NQM20.csv,301,NQM20.csv,5.0,7565.75,7565.75,38446.25,37828.75,617.5
43915,6,0,7679.0,1,2020-03-25,2020-03-25 06:00:00,2020-03-25 06:00:00,NQM20.csv,211,NQM20.csv,-4.0,7570.25,7570.25,30716.0,30281.0,-435.0
43915,6,15,7635.25,-4,2020-03-25,2020-03-25 06:15:00,2020-03-25 06:15:00,NQM20.csv,311,NQM20.csv,-5.0,7570.25,7570.25,38176.25,37851.25,-325.0
43915,6,30,7608.5,2,2020-03-25,2020-03-25 06:30:00,2020-03-25 06:30:00,NQM20.csv,200,NQM20.csv,6.0,7565.75,7565.75,45651.0,45394.5,256.5
43915,6,45,7547.0,-2,2020-03-25,2020-03-25 06:45:00,2020-03-25 06:45:00,NQM20.csv,367,NQM20.csv,-4.0,7433.5,7433.5,30188.0,29734.0,-454.0
43915,7,0,7446.75,-8,2020-03-25,2020-03-25 07:00:00,2020-03-25 07:00:00,NQM20.csv,677,NQM20.csv,-6.0,7433.5,7433.5,44680.5,44601.0,-79.5
43915,7,15,7479.0,0,2020-03-25,2020-03-25 07:15:00,2020-03-25 07:15:00,NQM20.csv,302,NQM20.csv,8.0,7429.0,7429.0,59832.0,59432.0,400.0
43915,7,30,7497.5,-7,2020-03-25,2020-03-25 07:30:00,2020-03-25 07:30:00,NQM20.csv,144,NQM20.csv,-7.0,7433.5,7433.5,52482.5,52034.5,-448.0
43915,7,45,7470.75,-11,2020-03-25,2020-03-25 07:45:00,2020-03-25 07:45:00,NQM20.csv,225,NQM20.csv,-4.0,7505.0,7505.0,29883.0,30020.0,137.0
43915,8,0,7477.0,0,2020-03-25,2020-03-25 08:00:00,2020-03-25 08:00:00,NQM20.csv,467,NQM20.csv,11.0,7500.5,7500.5,82247.0,82505.5,-258.5
43915,10,30,7441.5,1,2020-03-25,2020-03-25 10:30:00,2020-03-25 10:30:00,NQM20.csv,2252,NQM20.csv,1.0,7468.0,7468.0,7441.5,7468.0,-26.5
43915,11,0,7508.0,3,2020-03-25,2020-03-25 11:00:00,2020-03-25 11:00:00,NQM20.csv,1372,NQM20.csv,2.0,7512.5,7512.5,15016.0,15025.0,-9.0
43915,11,15,7501.0,-2,2020-03-25,2020-03-25 11:15:00,2020-03-25 11:15:00,NQM20.csv,1532,NQM20.csv,-5.0,7517.0,7517.0,37505.0,37585.0,80.0
43915,11,30,7499.0,-4,2020-03-25,2020-03-25 11:30:00,2020-03-25 11:30:00,NQM20.csv,1139,NQM20.csv,-2.0,7517.0,7517.0,14998.0,15034.0,36.0
43915,11,45,7478.5,1,2020-03-25,2020-03-25 11:45:00,2020-03-25 11:45:00,NQM20.csv,945,NQM20.csv,5.0,7602.75,7602.75,37392.5,38013.75,-621.25
43915,12,0,7499.5,-1,2020-03-25,2020-03-25 12:00:00,2020-03-25 12:00:00,NQM20.csv,969,NQM20.csv,-2.0,7607.25,7607.25,14999.0,15214.5,215.5
43915,12,30,7592.75,-7,2020-03-25,2020-03-25 12:30:00,2020-03-25 12:30:00,NQM20.csv,1705,NQM20.csv,-6.0,7607.25,7607.25,45556.5,45643.5,87.0
43915,13,0,7602.0,2,2020-03-25,2020-03-25 13:00:00,2020-03-25 13:00:00,NQM20.csv,885,NQM20.csv,9.0,7703.5,7703.5,68418.0,69331.5,-913.5
43915,13,30,7680.0,-2,2020-03-25,2020-03-25 13:30:00,2020-03-25 13:30:00,NQM20.csv,570,NQM20.csv,-4.0,7708.0,7708.0,30720.0,30832.0,112.0
43915,13,45,7738.5,0,2020-03-25,2020-03-25 13:45:00,2020-03-25 13:45:00,NQM20.csv,1019,NQM20.csv,2.0,7627.5,7627.5,15477.0,15255.0,222.0
43915,14,0,7695.75,1,2020-03-25,2020-03-25 14:00:00,2020-03-25 14:00:00,NQM20.csv,1114,NQM20.csv,1.0,7627.5,7627.5,7695.75,7627.5,68.25
43915,14,15,7672.0,-3,2020-03-25,2020-03-25 14:15:00,2020-03-25 14:15:00,NQM20.csv,1021,NQM20.csv,-4.0,7632.0,7632.0,30688.0,30528.0,-160.0
43915,14,30,7672.5,3,2020-03-25,2020-03-25 14:30:00,2020-03-25 14:30:00,NQM20.csv,854,NQM20.csv,6.0,7627.5,7627.5,46035.0,45765.0,270.0
43915,14,45,7650.5,5,2020-03-25,2020-03-25 14:45:00,2020-03-25 14:45:00,NQM20.csv,566,NQM20.csv,2.0,7683.25,7683.25,15301.0,15366.5,-65.5
43915,15,0,7681.75,6,2020-03-25,2020-03-25 15:00:00,2020-03-25 15:00:00,NQM20.csv,1093,NQM20.csv,1.0,7683.25,7683.25,7681.75,7683.25,-1.5
43915,15,30,7659.75,3,2020-03-25,2020-03-25 15:30:00,2020-03-25 15:30:00,NQM20.csv,812,NQM20.csv,-3.0,7687.75,7687.75,22979.25,23063.25,84.0
43915,15,45,7601.5,-1,2020-03-25,2020-03-25 15:45:00,2020-03-25 15:45:00,NQM20.csv,1303,NQM20.csv,-4.0,7475.5,7475.5,30406.0,29902.0,-504.0
43915,16,0,7455.75,0,2020-03-25,2020-03-25 16:00:00,2020-03-25 16:00:00,NQM20.csv,2806,NQM20.csv,1.0,7471.0,7471.0,7455.75,7471.0,-15.25
43916,2,30,7390.5,5,2020-03-26,2020-03-26 02:30:00,2020-03-26 02:30:00,NQM20.csv,72,NQM20.csv,5.0,7401.0,7401.0,36952.5,37005.0,-52.5
43916,3,30,7370.0,1,2020-03-26,2020-03-26 03:30:00,2020-03-26 03:30:00,NQM20.csv,143,NQM20.csv,-4.0,7339.25,7339.25,29480.0,29357.0,-123.0
43916,5,15,7334.5,3,2020-03-26,2020-03-26 05:15:00,2020-03-26 05:15:00,NQM20.csv,147,NQM20.csv,2.0,7354.5,7354.5,14669.0,14709.0,-40.0
43916,5,30,7342.0,7,2020-03-26,2020-03-26 05:30:00,2020-03-26 05:30:00,NQM20.csv,108,NQM20.csv,4.0,7354.5,7354.5,29368.0,29418.0,-50.0
43916,5,45,7356.5,6,2020-03-26,2020-03-26 05:45:00,2020-03-26 05:45:00,NQM20.csv,39,NQM20.csv,-1.0,7359.0,7359.0,7356.5,7359.0,2.5
43916,6,0,7371.25,0,2020-03-26,2020-03-26 06:00:00,2020-03-26 06:00:00,NQM20.csv,125,NQM20.csv,-6.0,7422.25,7422.25,44227.5,44533.5,306.0
43916,6,15,7376.75,-1,2020-03-26,2020-03-26 06:15:00,2020-03-26 06:15:00,NQM20.csv,93,NQM20.csv,-1.0,7422.25,7422.25,7376.75,7422.25,45.5
43916,6,30,7390.0,4,2020-03-26,2020-03-26 06:30:00,2020-03-26 06:30:00,NQM20.csv,119,NQM20.csv,5.0,7417.75,7417.75,36950.0,37088.75,-138.75
43916,7,30,7411.0,0,2020-03-26,2020-03-26 07:30:00,2020-03-26 07:30:00,NQM20.csv,285,NQM20.csv,-4.0,7357.5,7357.5,29644.0,29430.0,-214.0
43916,8,0,7352.5,7,2020-03-26,2020-03-26 08:00:00,2020-03-26 08:00:00,NQM20.csv,216,NQM20.csv,7.0,7418.25,7418.25,51467.5,51927.75,-460.25
43916,8,30,7322.5,5,2020-03-26,2020-03-26 08:30:00,2020-03-26 08:30:00,NQM20.csv,2162,NQM20.csv,-2.0,7422.75,7422.75,14645.0,14845.5,200.5
43916,10,0,7632.25,8,2020-03-26,2020-03-26 10:00:00,2020-03-26 10:00:00,NQM20.csv,1716,NQM20.csv,3.0,7638.0,7638.0,22896.75,22914.0,-17.25
43916,10,30,7657.0,5,2020-03-26,2020-03-26 10:30:00,2020-03-26 10:30:00,NQM20.csv,950,NQM20.csv,-3.0,7642.5,7642.5,22971.0,22927.5,-43.5
43916,11,0,7678.5,1,2020-03-26,2020-03-26 11:00:00,2020-03-26 11:00:00,NQM20.csv,1362,NQM20.csv,-4.0,7725.25,7725.25,30714.0,30901.0,187.0
43916,11,15,7659.0,4,2020-03-26,2020-03-26 11:15:00,2020-03-26 11:15:00,NQM20.csv,814,NQM20.csv,3.0,7720.75,7720.75,22977.0,23162.25,-185.25
43916,11,30,7716.5,5,2020-03-26,2020-03-26 11:30:00,2020-03-26 11:30:00,NQM20.csv,1194,NQM20.csv,1.0,7720.75,7720.75,7716.5,7720.75,-4.25
43916,11,45,7743.5,2,2020-03-26,2020-03-26 11:45:00,2020-03-26 11:45:00,NQM20.csv,1166,NQM20.csv,-3.0,7725.25,7725.25,23230.5,23175.75,-54.75
43916,12,0,7735.0,5,2020-03-26,2020-03-26 12:00:00,2020-03-26 12:00:00,NQM20.csv,795,NQM20.csv,3.0,7746.75,7746.75,23205.0,23240.25,-35.25
43916,12,15,7714.25,-1,2020-03-26,2020-03-26 12:15:00,2020-03-26 12:15:00,NQM20.csv,1406,NQM20.csv,-6.0,7751.25,7751.25,46285.5,46507.5,222.0
43916,12,45,7738.0,5,2020-03-26,2020-03-26 12:45:00,2020-03-26 12:45:00,NQM20.csv,614,NQM20.csv,6.0,7746.75,7746.75,46428.0,46480.5,-52.5
43916,13,15,7705.0,3,2020-03-26,2020-03-26 13:15:00,2020-03-26 13:15:00,NQM20.csv,1158,NQM20.csv,-2.0,7716.0,7716.0,15410.0,15432.0,22.0
43916,13,45,7706.0,5,2020-03-26,2020-03-26 13:45:00,2020-03-26 13:45:00,NQM20.csv,820,NQM20.csv,2.0,7711.5,7711.5,15412.0,15423.0,-11.0
43916,14,30,7735.0,8,2020-03-26,2020-03-26 14:30:00,2020-03-26 14:30:00,NQM20.csv,731,NQM20.csv,3.0,7758.75,7758.75,23205.0,23276.25,-71.25
43916,14,45,7743.25,7,2020-03-26,2020-03-26 14:45:00,2020-03-26 14:45:00,NQM20.csv,699,NQM20.csv,-1.0,7763.25,7763.25,7743.25,7763.25,20.0
43916,15,0,7759.0,6,2020-03-26,2020-03-26 15:00:00,2020-03-26 15:00:00,NQM20.csv,979,NQM20.csv,-1.0,7822.25,7822.25,7759.0,7822.25,63.25
43916,15,15,7729.25,7,2020-03-26,2020-03-26 15:15:00,2020-03-26 15:15:00,NQM20.csv,720,NQM20.csv,1.0,7817.75,7817.75,7729.25,7817.75,-88.5
43916,15,30,7767.75,4,2020-03-26,2020-03-26 15:30:00,2020-03-26 15:30:00,NQM20.csv,1065,NQM20.csv,-3.0,7822.25,7822.25,23303.25,23466.75,163.5
43916,15,45,7754.75,1,2020-03-26,2020-03-26 15:45:00,2020-03-26 15:45:00,NQM20.csv,1504,NQM20.csv,-3.0,7822.25,7822.25,23264.25,23466.75,202.5
43916,16,0,7855.0,5,2020-03-26,2020-03-26 16:00:00,2020-03-26 16:00:00,NQM20.csv,2593,NQM20.csv,4.0,7866.25,7866.25,31420.0,31465.0,-45.0
43917,2,30,7786.0,6,2020-03-27,2020-03-27 02:30:00,2020-03-27 02:30:00,NQM20.csv,88,NQM20.csv,1.0,7741.75,7741.75,7786.0,7741.75,44.25
43917,3,30,7737.5,8,2020-03-27,2020-03-27 03:30:00,2020-03-27 03:30:00,NQM20.csv,101,NQM20.csv,2.0,7732.5,7732.5,15475.0,15465.0,10.0
43917,5,0,7715.0,9,2020-03-27,2020-03-27 05:00:00,2020-03-27 05:00:00,NQM20.csv,189,NQM20.csv,1.0,7698.75,7698.75,7715.0,7698.75,16.25
43917,5,30,7685.5,6,2020-03-27,2020-03-27 05:30:00,2020-03-27 05:30:00,NQM20.csv,265,NQM20.csv,-3.0,7669.5,7669.5,23056.5,23008.5,-48.0
43917,6,45,7714.5,-1,2020-03-27,2020-03-27 06:45:00,2020-03-27 06:45:00,NQM20.csv,180,NQM20.csv,-7.0,7688.0,7688.0,54001.5,53816.0,-185.5
43917,7,0,7665.75,3,2020-03-27,2020-03-27 07:00:00,2020-03-27 07:00:00,NQM20.csv,310,NQM20.csv,4.0,7683.5,7683.5,30663.0,30734.0,-71.0
43917,7,15,7701.0,11,2020-03-27,2020-03-27 07:15:00,2020-03-27 07:15:00,NQM20.csv,195,NQM20.csv,8.0,7633.5,7633.5,61608.0,61068.0,540.0
43917,7,30,7665.5,7,2020-03-27,2020-03-27 07:30:00,2020-03-27 07:30:00,NQM20.csv,155,NQM20.csv,-4.0,7638.0,7638.0,30662.0,30552.0,-110.0
43917,7,45,7664.75,6,2020-03-27,2020-03-27 07:45:00,2020-03-27 07:45:00,NQM20.csv,226,NQM20.csv,-1.0,7638.0,7638.0,7664.75,7638.0,-26.75
43917,8,0,7638.5,7,2020-03-27,2020-03-27 08:00:00,2020-03-27 08:00:00,NQM20.csv,272,NQM20.csv,1.0,7633.5,7633.5,7638.5,7633.5,5.0
43917,8,30,7679.0,6,2020-03-27,2020-03-27 08:30:00,2020-03-27 08:30:00,NQM20.csv,479,NQM20.csv,-1.0,7643.75,7643.75,7679.0,7643.75,-35.25
43917,9,15,7623.25,9,2020-03-27,2020-03-27 09:15:00,2020-03-27 09:15:00,NQM20.csv,471,NQM20.csv,3.0,7637.25,7637.25,22869.75,22911.75,-42.0
43917,10,15,7636.75,6,2020-03-27,2020-03-27 10:15:00,2020-03-27 10:15:00,NQM20.csv,641,NQM20.csv,-3.0,7627.25,7627.25,22910.25,22881.75,-28.5
43917,10,30,7611.0,3,2020-03-27,2020-03-27 10:30:00,2020-03-27 10:30:00,NQM20.csv,939,NQM20.csv,-3.0,7627.25,7627.25,22833.0,22881.75,48.75
43917,11,45,7628.75,-2,2020-03-27,2020-03-27 11:45:00,2020-03-27 11:45:00,NQM20.csv,623,NQM20.csv,-5.0,7606.0,7606.0,38143.75,38030.0,-113.75
43917,12,0,7601.75,0,2020-03-27,2020-03-27 12:00:00,2020-03-27 12:00:00,NQM20.csv,1160,NQM20.csv,2.0,7601.5,7601.5,15203.5,15203.0,0.5
43917,12,15,7603.0,9,2020-03-27,2020-03-27 12:15:00,2020-03-27 12:15:00,NQM20.csv,623,NQM20.csv,9.0,7650.0,7650.0,68427.0,68850.0,-423.0
43917,12,30,7609.75,1,2020-03-27,2020-03-27 12:30:00,2020-03-27 12:30:00,NQM20.csv,672,NQM20.csv,-8.0,7654.5,7654.5,60878.0,61236.0,358.0
43917,12,45,7651.0,-3,2020-03-27,2020-03-27 12:45:00,2020-03-27 12:45:00,NQM20.csv,671,NQM20.csv,-4.0,7654.5,7654.5,30604.0,30618.0,14.0
43917,13,0,7652.5,6,2020-03-27,2020-03-27 13:00:00,2020-03-27 13:00:00,NQM20.csv,414,NQM20.csv,9.0,7650.0,7650.0,68872.5,68850.0,22.5
43917,13,15,7633.5,7,2020-03-27,2020-03-27 13:15:00,2020-03-27 13:15:00,NQM20.csv,339,NQM20.csv,1.0,7662.25,7662.25,7633.5,7662.25,-28.75
43917,13,45,7695.75,2,2020-03-27,2020-03-27 13:45:00,2020-03-27 13:45:00,NQM20.csv,718,NQM20.csv,-5.0,7666.75,7666.75,38478.75,38333.75,-145.0
43917,14,0,7681.5,0,2020-03-27,2020-03-27 14:00:00,2020-03-27 14:00:00,NQM20.csv,1262,NQM20.csv,-2.0,7666.75,7666.75,15363.0,15333.5,-29.5
43917,14,15,7687.75,4,2020-03-27,2020-03-27 14:15:00,2020-03-27 14:15:00,NQM20.csv,638,NQM20.csv,4.0,7732.75,7732.75,30751.0,30931.0,-180.0
43917,15,0,7730.0,1,2020-03-27,2020-03-27 15:00:00,2020-03-27 15:00:00,NQM20.csv,940,NQM20.csv,-3.0,7737.25,7737.25,23190.0,23211.75,21.75
43917,15,30,7772.75,3,2020-03-27,2020-03-27 15:30:00,2020-03-27 15:30:00,NQM20.csv,1157,NQM20.csv,2.0,7564.25,7564.25,15545.5,15128.5,417.0
43917,16,0,7586.0,6,2020-03-27,2020-03-27 16:00:00,2020-03-27 16:00:00,NQM20.csv,2238,NQM20.csv,3.0,7564.25,7564.25,22758.0,22692.75,65.25
43917,16,15,7572.25,0,2020-03-27,2020-03-27 16:15:00,2020-03-27 16:15:00,NQM20.csv,1058,NQM20.csv,-6.0,7568.75,7568.75,45433.5,45412.5,-21.0
43920,2,30,7604.0,6,2020-03-30,2020-03-30 02:30:00,2020-03-30 02:30:00,NQM20.csv,175,NQM20.csv,6.0,7599.0,7599.0,45624.0,45594.0,30.0
43920,4,30,7536.75,2,2020-03-30,2020-03-30 04:30:00,2020-03-30 04:30:00,NQM20.csv,94,NQM20.csv,-4.0,7577.5,7577.5,30147.0,30310.0,163.0
43920,5,15,7553.0,4,2020-03-30,2020-03-30 05:15:00,2020-03-30 05:15:00,NQM20.csv,178,NQM20.csv,2.0,7550.5,7550.5,15106.0,15101.0,5.0
43920,5,45,7599.75,2,2020-03-30,2020-03-30 05:45:00,2020-03-30 05:45:00,NQM20.csv,144,NQM20.csv,-2.0,7555.0,7555.0,15199.5,15110.0,-89.5
43920,6,0,7552.75,9,2020-03-30,2020-03-30 06:00:00,2020-03-30 06:00:00,NQM20.csv,225,NQM20.csv,7.0,7550.5,7582.5,52869.25,53077.5,-208.25
43920,6,30,7577.5,6,2020-03-30,2020-03-30 06:30:00,2020-03-30 06:30:00,NQM20.csv,137,NQM20.csv,-3.0,7597.0,7597.0,22732.5,22791.0,58.5
43920,7,15,7604.0,3,2020-03-30,2020-03-30 07:15:00,2020-03-30 07:15:00,NQM20.csv,60,NQM20.csv,-3.0,7606.25,7606.25,22812.0,22818.75,6.75
43920,7,45,7578.75,6,2020-03-30,2020-03-30 07:45:00,2020-03-30 07:45:00,NQM20.csv,145,NQM20.csv,3.0,7601.75,7601.75,22736.25,22805.25,-69.0
43920,8,0,7604.0,2,2020-03-30,2020-03-30 08:00:00,2020-03-30 08:00:00,NQM20.csv,260,NQM20.csv,-4.0,7606.25,7606.25,30416.0,30425.0,9.0
43920,9,15,7668.25,0,2020-03-30,2020-03-30 09:15:00,2020-03-30 09:15:00,NQM20.csv,344,NQM20.csv,-2.0,7690.75,7690.75,15336.5,15381.5,45.0
43920,9,45,7661.75,1,2020-03-30,2020-03-30 09:45:00,2020-03-30 09:45:00,NQM20.csv,674,NQM20.csv,1.0,7686.25,7686.25,7661.75,7686.25,-24.5
43920,10,15,7736.0,2,2020-03-30,2020-03-30 10:15:00,2020-03-30 10:15:00,NQM20.csv,1098,NQM20.csv,1.0,7759.25,7759.25,7736.0,7759.25,-23.25
43920,10,30,7746.75,6,2020-03-30,2020-03-30 10:30:00,2020-03-30 10:30:00,NQM20.csv,822,NQM20.csv,4.0,7759.25,7759.25,30987.0,31037.0,-50.0
43920,11,0,7761.5,2,2020-03-30,2020-03-30 11:00:00,2020-03-30 11:00:00,NQM20.csv,809,NQM20.csv,-4.0,7763.75,7763.75,31046.0,31055.0,9.0
43920,11,30,7822.75,6,2020-03-30,2020-03-30 11:30:00,2020-03-30 11:30:00,NQM20.csv,1496,NQM20.csv,4.0,7803.25,7803.25,31291.0,31213.0,78.0
43920,11,45,7814.75,-3,2020-03-30,2020-03-30 11:45:00,2020-03-30 11:45:00,NQM20.csv,996,NQM20.csv,-9.0,7807.75,7807.75,70332.75,70269.75,-63.0
43920,12,0,7805.5,-4,2020-03-30,2020-03-30 12:00:00,2020-03-30 12:00:00,NQM20.csv,1123,NQM20.csv,-1.0,7807.75,7807.75,7805.5,7807.75,2.25
43920,12,15,7792.25,5,2020-03-30,2020-03-30 12:15:00,2020-03-30 12:15:00,NQM20.csv,498,NQM20.csv,9.0,7843.75,7843.75,70130.25,70593.75,-463.5
43920,12,30,7825.25,1,2020-03-30,2020-03-30 12:30:00,2020-03-30 12:30:00,NQM20.csv,674,NQM20.csv,-4.0,7848.25,7848.25,31301.0,31393.0,92.0
43920,12,45,7820.75,0,2020-03-30,2020-03-30 12:45:00,2020-03-30 12:45:00,NQM20.csv,645,NQM20.csv,-1.0,7848.25,7848.25,7820.75,7848.25,27.5
43920,13,0,7846.0,4,2020-03-30,2020-03-30 13:00:00,2020-03-30 13:00:00,NQM20.csv,603,NQM20.csv,4.0,7843.75,7843.75,31384.0,31375.0,9.0
43920,13,15,7809.75,2,2020-03-30,2020-03-30 13:15:00,2020-03-30 13:15:00,NQM20.csv,860,NQM20.csv,-2.0,7817.75,7817.75,15619.5,15635.5,16.0
43920,13,30,7833.5,4,2020-03-30,2020-03-30 13:30:00,2020-03-30 13:30:00,NQM20.csv,475,NQM20.csv,2.0,7813.25,7813.25,15667.0,15626.5,40.5
43920,13,45,7812.75,7,2020-03-30,2020-03-30 13:45:00,2020-03-30 13:45:00,NQM20.csv,373,NQM20.csv,3.0,7813.25,7813.25,23438.25,23439.75,-1.5
43920,14,0,7815.5,6,2020-03-30,2020-03-30 14:00:00,2020-03-30 14:00:00,NQM20.csv,528,NQM20.csv,-1.0,7817.75,7817.75,7815.5,7817.75,2.25
43920,14,30,7829.0,8,2020-03-30,2020-03-30 14:30:00,2020-03-30 14:30:00,NQM20.csv,609,NQM20.csv,2.0,7835.25,7835.25,15658.0,15670.5,-12.5
43920,14,45,7850.5,7,2020-03-30,2020-03-30 14:45:00,2020-03-30 14:45:00,NQM20.csv,639,NQM20.csv,-1.0,7839.75,7839.75,7850.5,7839.75,-10.75
43920,15,15,7862.0,8,2020-03-30,2020-03-30 15:15:00,2020-03-30 15:15:00,NQM20.csv,869,NQM20.csv,1.0,7862.0,7862.0,7862.0,7862.0,0.0
43920,15,45,7853.0,7,2020-03-30,2020-03-30 15:45:00,2020-03-30 15:45:00,NQM20.csv,565,NQM20.csv,-1.0,7866.5,7866.5,7853.0,7866.5,13.5
43920,16,0,7864.25,2,2020-03-30,2020-03-30 16:00:00,2020-03-30 16:00:00,NQM20.csv,1776,NQM20.csv,-5.0,7866.5,7866.5,39321.25,39332.5,11.25
43921,2,30,7882.0,1,2020-03-31,2020-03-31 02:30:00,2020-03-31 02:30:00,NQM20.csv,164,NQM20.csv,-1.0,7914.5,7914.5,7882.0,7914.5,32.5
43921,3,30,7919.25,6,2020-03-31,2020-03-31 03:30:00,2020-03-31 03:30:00,NQM20.csv,113,NQM20.csv,5.0,7928.0,7928.0,39596.25,39640.0,-43.75
43921,5,0,7938.5,0,2020-03-31,2020-03-31 05:00:00,2020-03-31 05:00:00,NQM20.csv,112,NQM20.csv,-6.0,7947.0,7947.0,47631.0,47682.0,51.0
43921,5,30,7948.25,1,2020-03-31,2020-03-31 05:30:00,2020-03-31 05:30:00,NQM20.csv,92,NQM20.csv,1.0,7918.25,7918.25,7948.25,7918.25,30.0
43921,5,45,7941.25,3,2020-03-31,2020-03-31 05:45:00,2020-03-31 05:45:00,NQM20.csv,252,NQM20.csv,2.0,7918.25,7918.25,15882.5,15836.5,46.0
43921,6,15,7921.25,1,2020-03-31,2020-03-31 06:15:00,2020-03-31 06:15:00,NQM20.csv,160,NQM20.csv,-2.0,7863.0,7863.0,15842.5,15726.0,-116.5
43921,6,30,7892.0,5,2020-03-31,2020-03-31 06:30:00,2020-03-31 06:30:00,NQM20.csv,238,NQM20.csv,4.0,7858.5,7858.5,31568.0,31434.0,134.0
43921,6,45,7898.0,-2,2020-03-31,2020-03-31 06:45:00,2020-03-31 06:45:00,NQM20.csv,285,NQM20.csv,-7.0,7863.0,7863.0,55286.0,55041.0,-245.0
43921,7,15,7856.5,5,2020-03-31,2020-03-31 07:15:00,2020-03-31 07:15:00,NQM20.csv,202,NQM20.csv,7.0,7804.75,7804.75,54995.5,54633.25,362.25
43921,7,30,7859.75,1,2020-03-31,2020-03-31 07:30:00,2020-03-31 07:30:00,NQM20.csv,95,NQM20.csv,-4.0,7809.25,7809.25,31439.0,31237.0,-202.0
43921,7,45,7846.0,-4,2020-03-31,2020-03-31 07:45:00,2020-03-31 07:45:00,NQM20.csv,189,NQM20.csv,-5.0,7809.25,7809.25,39230.0,39046.25,-183.75
43921,8,15,7804.25,1,2020-03-31,2020-03-31 08:15:00,2020-03-31 08:15:00,NQM20.csv,1034,NQM20.csv,5.0,7828.25,7828.25,39021.25,39141.25,-120.0
43921,9,15,7828.25,6,2020-03-31,2020-03-31 09:15:00,2020-03-31 09:15:00,NQM20.csv,244,NQM20.csv,5.0,7921.25,7921.25,39141.25,39606.25,-465.0
43921,10,0,7822.0,7,2020-03-31,2020-03-31 10:00:00,2020-03-31 10:00:00,NQM20.csv,952,NQM20.csv,1.0,7921.25,7921.25,7822.0,7921.25,-99.25
43921,10,15,7938.75,2,2020-03-31,2020-03-31 10:15:00,2020-03-31 10:15:00,NQM20.csv,1543,NQM20.csv,-5.0,7948.25,7948.25,39693.75,39741.25,47.5
43921,10,30,7957.75,6,2020-03-31,2020-03-31 10:30:00,2020-03-31 10:30:00,NQM20.csv,833,NQM20.csv,4.0,7943.75,7943.75,31831.0,31775.0,56.0
43921,11,0,7934.75,5,2020-03-31,2020-03-31 11:00:00,2020-03-31 11:00:00,NQM20.csv,1105,NQM20.csv,-1.0,7948.25,7948.25,7934.75,7948.25,13.5
43921,11,15,7944.75,7,2020-03-31,2020-03-31 11:15:00,2020-03-31 11:15:00,NQM20.csv,930,NQM20.csv,2.0,7926.75,7926.75,15889.5,15853.5,36.0
43921,11,30,7958.5,0,2020-03-31,2020-03-31 11:30:00,2020-03-31 11:30:00,NQM20.csv,820,NQM20.csv,-7.0,7931.25,7931.25,55709.5,55518.75,-190.75
43921,11,45,7952.75,-2,2020-03-31,2020-03-31 11:45:00,2020-03-31 11:45:00,NQM20.csv,458,NQM20.csv,-2.0,7931.25,7931.25,15905.5,15862.5,-43.0
43921,12,0,7930.75,5,2020-03-31,2020-03-31 12:00:00,2020-03-31 12:00:00,NQM20.csv,684,NQM20.csv,7.0,7926.75,7926.75,55515.25,55487.25,28.0
43921,12,30,7872.0,2,2020-03-31,2020-03-31 12:30:00,2020-03-31 12:30:00,NQM20.csv,575,NQM20.csv,-3.0,7857.25,7857.25,23616.0,23571.75,-44.25
43921,12,45,7848.75,-2,2020-03-31,2020-03-31 12:45:00,2020-03-31 12:45:00,NQM20.csv,617,NQM20.csv,-4.0,7857.25,7857.25,31395.0,31429.0,34.0
43921,13,15,7854.25,2,2020-03-31,2020-03-31 13:15:00,2020-03-31 13:15:00,NQM20.csv,632,NQM20.csv,4.0,7876.0,7876.0,31417.0,31504.0,-87.0
43921,13,30,7835.5,4,2020-03-31,2020-03-31 13:30:00,2020-03-31 13:30:00,NQM20.csv,807,NQM20.csv,2.0,7876.0,7876.0,15671.0,15752.0,-81.0
43921,14,0,7884.75,1,2020-03-31,2020-03-31 14:00:00,2020-03-31 14:00:00,NQM20.csv,816,NQM20.csv,-3.0,7880.5,7880.5,23654.25,23641.5,-12.75
43921,14,30,7868.0,3,2020-03-31,2020-03-31 14:30:00,2020-03-31 14:30:00,NQM20.csv,342,NQM20.csv,2.0,7809.75,7809.75,15736.0,15619.5,116.5
43921,15,30,7758.25,8,2020-03-31,2020-03-31 15:30:00,2020-03-31 15:30:00,NQM20.csv,930,NQM20.csv,5.0,7773.75,7773.75,38791.25,38868.75,-77.5
43921,16,0,7796.5,1,2020-03-31,2020-03-31 16:00:00,2020-03-31 16:00:00,NQM20.csv,1563,NQM20.csv,-7.0,7778.25,7778.25,54575.5,54447.75,-127.75
43922,2,30,7568.0,5,2020-04-01,2020-04-01 02:30:00,2020-04-01 02:30:00,NQM20.csv,221,NQM20.csv,4.0,7594.0,7594.0,30272.0,30376.0,-104.0
43922,4,30,7571.25,3,2020-04-01,2020-04-01 04:30:00,2020-04-01 04:30:00,NQM20.csv,159,NQM20.csv,-2.0,7589.25,7589.25,15142.5,15178.5,36.0
43922,6,0,7596.5,4,2020-04-01,2020-04-01 06:00:00,2020-04-01 06:00:00,NQM20.csv,89,NQM20.csv,1.0,7583.5,7583.5,7596.5,7583.5,13.0
43922,6,15,7594.0,8,2020-04-01,2020-04-01 06:15:00,2020-04-01 06:15:00,NQM20.csv,126,NQM20.csv,4.0,7583.5,7583.5,30376.0,30334.0,42.0
43922,6,45,7570.25,4,2020-04-01,2020-04-01 06:45:00,2020-04-01 06:45:00,NQM20.csv,82,NQM20.csv,-4.0,7573.75,7573.75,30281.0,30295.0,14.0
43922,7,30,7574.75,-2,2020-04-01,2020-04-01 07:30:00,2020-04-01 07:30:00,NQM20.csv,109,NQM20.csv,-6.0,7560.25,7560.25,45448.5,45361.5,-87.0
43922,8,0,7568.75,3,2020-04-01,2020-04-01 08:00:00,2020-04-01 08:00:00,NQM20.csv,165,NQM20.csv,5.0,7555.75,7555.75,37843.75,37778.75,65.0
43922,9,15,7583.25,-3,2020-04-01,2020-04-01 09:15:00,2020-04-01 09:15:00,NQM20.csv,184,NQM20.csv,-6.0,7562.5,7562.5,45499.5,45375.0,-124.5
43922,10,0,7582.75,-7,2020-04-01,2020-04-01 10:00:00,2020-04-01 10:00:00,NQM20.csv,1265,NQM20.csv,-4.0,7617.0,7617.0,30331.0,30468.0,137.0
43922,10,15,7619.75,-1,2020-04-01,2020-04-01 10:15:00,2020-04-01 10:15:00,NQM20.csv,1458,NQM20.csv,6.0,7612.5,7612.5,45718.5,45675.0,43.5
43922,10,30,7615.0,4,2020-04-01,2020-04-01 10:30:00,2020-04-01 10:30:00,NQM20.csv,709,NQM20.csv,5.0,7636.25,7636.25,38075.0,38181.25,-106.25
43922,10,45,7632.75,6,2020-04-01,2020-04-01 10:45:00,2020-04-01 10:45:00,NQM20.csv,667,NQM20.csv,2.0,7636.25,7636.25,15265.5,15272.5,-7.0
43922,11,0,7642.75,2,2020-04-01,2020-04-01 11:00:00,2020-04-01 11:00:00,NQM20.csv,809,NQM20.csv,-4.0,7640.75,7640.75,30571.0,30563.0,-8.0
43922,11,15,7669.5,0,2020-04-01,2020-04-01 11:15:00,2020-04-01 11:15:00,NQM20.csv,1285,NQM20.csv,-2.0,7640.75,7640.75,15339.0,15281.5,-57.5
43922,11,45,7601.75,-2,2020-04-01,2020-04-01 11:45:00,2020-04-01 11:45:00,NQM20.csv,549,NQM20.csv,-2.0,7562.25,7562.25,15203.5,15124.5,-79.0
43922,12,0,7595.0,0,2020-04-01,2020-04-01 12:00:00,2020-04-01 12:00:00,NQM20.csv,522,NQM20.csv,2.0,7557.75,7557.75,15190.0,15115.5,74.5
43922,12,15,7579.75,2,2020-04-01,2020-04-01 12:15:00,2020-04-01 12:15:00,NQM20.csv,715,NQM20.csv,2.0,7557.75,7557.75,15159.5,15115.5,44.0
43922,12,45,7517.5,-1,2020-04-01,2020-04-01 12:45:00,2020-04-01 12:45:00,NQM20.csv,592,NQM20.csv,-3.0,7522.25,7522.25,22552.5,22566.75,14.25
43922,13,15,7518.5,0,2020-04-01,2020-04-01 13:15:00,2020-04-01 13:15:00,NQM20.csv,675,NQM20.csv,1.0,7517.75,7517.75,7518.5,7517.75,0.75
43922,13,45,7529.25,2,2020-04-01,2020-04-01 13:45:00,2020-04-01 13:45:00,NQM20.csv,791,NQM20.csv,2.0,7507.0,7507.0,15058.5,15014.0,44.5
43922,14,0,7538.75,-3,2020-04-01,2020-04-01 14:00:00,2020-04-01 14:00:00,NQM20.csv,480,NQM20.csv,-5.0,7511.5,7511.5,37693.75,37557.5,-136.25
43922,14,15,7527.0,-4,2020-04-01,2020-04-01 14:15:00,2020-04-01 14:15:00,NQM20.csv,362,NQM20.csv,-1.0,7511.5,7511.5,7527.0,7511.5,-15.5
43922,15,0,7467.0,-6,2020-04-01,2020-04-01 15:00:00,2020-04-01 15:00:00,NQM20.csv,1025,NQM20.csv,-2.0,7446.75,7446.75,14934.0,14893.5,-40.5
43922,15,15,7449.5,-5,2020-04-01,2020-04-01 15:15:00,2020-04-01 15:15:00,NQM20.csv,578,NQM20.csv,1.0,7442.25,7442.25,7449.5,7442.25,7.25
43922,15,30,7436.25,-3,2020-04-01,2020-04-01 15:30:00,2020-04-01 15:30:00,NQM20.csv,486,NQM20.csv,2.0,7459.0,7459.0,14872.5,14918.0,-45.5
43922,15,45,7418.5,-4,2020-04-01,2020-04-01 15:45:00,2020-04-01 15:45:00,NQM20.csv,2524,NQM20.csv,-1.0,7463.5,7463.5,7418.5,7463.5,45.0
43922,16,0,7463.75,3,2020-04-01,2020-04-01 16:00:00,2020-04-01 16:00:00,NQM20.csv,1728,NQM20.csv,7.0,7459.0,7459.0,52246.25,52213.0,33.25
43923,2,30,7532.75,7,2020-04-02,2020-04-02 02:30:00,2020-04-02 02:30:00,NQM20.csv,97,NQM20.csv,4.0,7545.75,7545.75,30131.0,30183.0,-52.0
43923,3,30,7570.0,3,2020-04-02,2020-04-02 03:30:00,2020-04-02 03:30:00,NQM20.csv,184,NQM20.csv,-4.0,7569.25,7569.25,30280.0,30277.0,-3.0
43923,4,30,7585.0,1,2020-04-02,2020-04-02 04:30:00,2020-04-02 04:30:00,NQM20.csv,93,NQM20.csv,-2.0,7584.75,7584.75,15170.0,15169.5,-0.5
43923,5,0,7565.0,3,2020-04-02,2020-04-02 05:00:00,2020-04-02 05:00:00,NQM20.csv,148,NQM20.csv,2.0,7541.25,7541.25,15130.0,15082.5,47.5
43923,5,30,7561.25,5,2020-04-02,2020-04-02 05:30:00,2020-04-02 05:30:00,NQM20.csv,110,NQM20.csv,2.0,7541.25,7541.25,15122.5,15082.5,40.0
43923,6,30,7541.0,-7,2020-04-02,2020-04-02 06:30:00,2020-04-02 06:30:00,NQM20.csv,112,NQM20.csv,-12.0,7543.25,7543.25,90492.0,90519.0,27.0
43923,7,0,7534.5,5,2020-04-02,2020-04-02 07:00:00,2020-04-02 07:00:00,NQM20.csv,163,NQM20.csv,12.0,7527.0,7527.0,90414.0,90324.0,90.0
43923,7,30,7533.5,1,2020-04-02,2020-04-02 07:30:00,2020-04-02 07:30:00,NQM20.csv,118,NQM20.csv,-4.0,7531.5,7531.5,30134.0,30126.0,-8.0
43923,8,0,7558.0,5,2020-04-02,2020-04-02 08:00:00,2020-04-02 08:00:00,NQM20.csv,548,NQM20.csv,4.0,7439.75,7439.75,30232.0,29759.0,473.0
43923,9,15,7386.25,7,2020-04-02,2020-04-02 09:15:00,2020-04-02 09:15:00,NQM20.csv,921,NQM20.csv,2.0,7482.75,7482.75,14772.5,14965.5,-193.0
43923,10,0,7470.25,0,2020-04-02,2020-04-02 10:00:00,2020-04-02 10:00:00,NQM20.csv,1880,NQM20.csv,-7.0,7570.75,7570.75,52291.75,52995.25,703.5
43923,10,15,7512.75,-2,2020-04-02,2020-04-02 10:15:00,2020-04-02 10:15:00,NQM20.csv,942,NQM20.csv,-2.0,7570.75,7570.75,15025.5,15141.5,116.0
43923,11,15,7551.5,2,2020-04-02,2020-04-02 11:15:00,2020-04-02 11:15:00,NQM20.csv,1270,NQM20.csv,4.0,7574.5,7574.5,30206.0,30298.0,-92.0
43923,11,45,7573.25,-5,2020-04-02,2020-04-02 11:45:00,2020-04-02 11:45:00,NQM20.csv,720,NQM20.csv,-7.0,7583.75,7583.75,53012.75,53086.25,73.5
43923,12,0,7599.25,-3,2020-04-02,2020-04-02 12:00:00,2020-04-02 12:00:00,NQM20.csv,516,NQM20.csv,2.0,7579.25,7579.25,15198.5,15158.5,40.0
43923,12,15,7604.25,0,2020-04-02,2020-04-02 12:15:00,2020-04-02 12:15:00,NQM20.csv,769,NQM20.csv,3.0,7579.25,7579.25,22812.75,22737.75,75.0
43923,13,15,7545.5,-2,2020-04-02,2020-04-02 13:15:00,2020-04-02 13:15:00,NQM20.csv,691,NQM20.csv,-2.0,7526.75,7526.75,15091.0,15053.5,-37.5
43923,13,45,7533.25,0,2020-04-02,2020-04-02 13:45:00,2020-04-02 13:45:00,NQM20.csv,628,NQM20.csv,2.0,7473.75,7473.75,15066.5,14947.5,119.0
43923,14,0,7517.75,7,2020-04-02,2020-04-02 14:00:00,2020-04-02 14:00:00,NQM20.csv,570,NQM20.csv,7.0,7473.75,7473.75,52624.25,52316.25,308.0
43923,14,15,7487.75,3,2020-04-02,2020-04-02 14:15:00,2020-04-02 14:15:00,NQM20.csv,604,NQM20.csv,-4.0,7478.25,7478.25,29951.0,29913.0,-38.0
43923,14,30,7485.0,5,2020-04-02,2020-04-02 14:30:00,2020-04-02 14:30:00,NQM20.csv,1133,NQM20.csv,2.0,7473.75,7473.75,14970.0,14947.5,22.5
43923,14,45,7477.5,9,2020-04-02,2020-04-02 14:45:00,2020-04-02 14:45:00,NQM20.csv,680,NQM20.csv,4.0,7547.75,7547.75,29910.0,30191.0,-281.0
43923,15,0,7544.25,10,2020-04-02,2020-04-02 15:00:00,2020-04-02 15:00:00,NQM20.csv,1125,NQM20.csv,1.0,7547.75,7547.75,7544.25,7547.75,-3.5
43923,15,30,7556.25,4,2020-04-02,2020-04-02 15:30:00,2020-04-02 15:30:00,NQM20.csv,793,NQM20.csv,-6.0,7552.25,7552.25,45337.5,45313.5,-24.0
43923,15,45,7576.0,1,2020-04-02,2020-04-02 15:45:00,2020-04-02 15:45:00,NQM20.csv,1036,NQM20.csv,-3.0,7635.25,7635.25,22728.0,22905.75,177.75
43923,16,0,7618.25,5,2020-04-02,2020-04-02 16:00:00,2020-04-02 16:00:00,NQM20.csv,1496,NQM20.csv,4.0,7630.75,7630.75,30473.0,30523.0,-50.0
43924,2,30,7535.5,7,2020-04-03,2020-04-03 02:30:00,2020-04-03 02:30:00,NQM20.csv,47,NQM20.csv,2.0,7560.25,7560.25,15071.0,15120.5,-49.5
43924,3,30,7539.25,2,2020-04-03,2020-04-03 03:30:00,2020-04-03 03:30:00,NQM20.csv,80,NQM20.csv,-5.0,7555.5,7555.5,37696.25,37777.5,81.25
43924,4,30,7540.25,0,2020-04-03,2020-04-03 04:30:00,2020-04-03 04:30:00,NQM20.csv,198,NQM20.csv,-2.0,7537.75,7537.75,15080.5,15075.5,-5.0
43924,5,15,7537.0,-3,2020-04-03,2020-04-03 05:15:00,2020-04-03 05:15:00,NQM20.csv,84,NQM20.csv,-3.0,7549.75,7549.75,22611.0,22649.25,38.25
43924,5,30,7533.5,2,2020-04-03,2020-04-03 05:30:00,2020-04-03 05:30:00,NQM20.csv,132,NQM20.csv,5.0,7545.25,7545.25,37667.5,37726.25,-58.75
43924,5,45,7525.0,11,2020-04-03,2020-04-03 05:45:00,2020-04-03 05:45:00,NQM20.csv,85,NQM20.csv,9.0,7545.25,7545.25,67725.0,67907.25,-182.25
43924,6,0,7548.75,6,2020-04-03,2020-04-03 06:00:00,2020-04-03 06:00:00,NQM20.csv,163,NQM20.csv,-5.0,7555.5,7555.5,37743.75,37777.5,33.75
43924,6,15,7542.5,0,2020-04-03,2020-04-03 06:15:00,2020-04-03 06:15:00,NQM20.csv,106,NQM20.csv,-6.0,7555.5,7555.5,45255.0,45333.0,78.0
43924,6,30,7536.5,10,2020-04-03,2020-04-03 06:30:00,2020-04-03 06:30:00,NQM20.csv,74,NQM20.csv,10.0,7551.0,7551.0,75365.0,75510.0,-145.0
43924,7,0,7551.25,2,2020-04-03,2020-04-03 07:00:00,2020-04-03 07:00:00,NQM20.csv,114,NQM20.csv,-8.0,7601.5,7601.5,60410.0,60812.0,402.0
43924,7,30,7558.0,5,2020-04-03,2020-04-03 07:30:00,2020-04-03 07:30:00,NQM20.csv,59,NQM20.csv,3.0,7597.0,7597.0,22674.0,22791.0,-117.0
43924,9,15,7598.75,3,2020-04-03,2020-04-03 09:15:00,2020-04-03 09:15:00,NQM20.csv,118,NQM20.csv,-2.0,7623.25,7623.25,15197.5,15246.5,49.0
43924,9,45,7643.5,1,2020-04-03,2020-04-03 09:45:00,2020-04-03 09:45:00,NQM20.csv,959,NQM20.csv,-2.0,7623.25,7623.25,15287.0,15246.5,-40.5
43924,10,0,7623.75,5,2020-04-03,2020-04-03 10:00:00,2020-04-03 10:00:00,NQM20.csv,1241,NQM20.csv,4.0,7542.5,7542.5,30495.0,30170.0,325.0
43924,10,15,7618.25,10,2020-04-03,2020-04-03 10:15:00,2020-04-03 10:15:00,NQM20.csv,963,NQM20.csv,5.0,7542.5,7542.5,38091.25,37712.5,378.75
43924,10,30,7567.75,8,2020-04-03,2020-04-03 10:30:00,2020-04-03 10:30:00,NQM20.csv,870,NQM20.csv,-2.0,7547.0,7547.0,15135.5,15094.0,-41.5
43924,10,45,7549.25,1,2020-04-03,2020-04-03 10:45:00,2020-04-03 10:45:00,NQM20.csv,789,NQM20.csv,-7.0,7547.0,7547.0,52844.75,52829.0,-15.75
43924,11,15,7529.75,7,2020-04-03,2020-04-03 11:15:00,2020-04-03 11:15:00,NQM20.csv,898,NQM20.csv,6.0,7515.0,7515.0,45178.5,45090.0,88.5
43924,11,30,7525.75,6,2020-04-03,2020-04-03 11:30:00,2020-04-03 11:30:00,NQM20.csv,602,NQM20.csv,-1.0,7519.5,7519.5,7525.75,7519.5,-6.25
43924,12,15,7485.0,3,2020-04-03,2020-04-03 12:15:00,2020-04-03 12:15:00,NQM20.csv,425,NQM20.csv,-3.0,7491.0,7491.0,22455.0,22473.0,18.0
43924,12,30,7483.5,6,2020-04-03,2020-04-03 12:30:00,2020-04-03 12:30:00,NQM20.csv,1223,NQM20.csv,3.0,7486.5,7486.5,22450.5,22459.5,-9.0
43924,12,45,7504.5,5,2020-04-03,2020-04-03 12:45:00,2020-04-03 12:45:00,NQM20.csv,402,NQM20.csv,-1.0,7491.0,7491.0,7504.5,7491.0,-13.5
43924,13,15,7485.25,6,2020-04-03,2020-04-03 13:15:00,2020-04-03 13:15:00,NQM20.csv,424,NQM20.csv,1.0,7439.25,7439.25,7485.25,7439.25,46.0
43924,13,45,7452.5,9,2020-04-03,2020-04-03 13:45:00,2020-04-03 13:45:00,NQM20.csv,901,NQM20.csv,3.0,7439.25,7439.25,22357.5,22317.75,39.75
43924,14,0,7446.5,3,2020-04-03,2020-04-03 14:00:00,2020-04-03 14:00:00,NQM20.csv,759,NQM20.csv,-6.0,7485.75,7485.75,44679.0,44914.5,235.5
43924,14,30,7473.5,-1,2020-04-03,2020-04-03 14:30:00,2020-04-03 14:30:00,NQM20.csv,713,NQM20.csv,-4.0,7485.75,7485.75,29894.0,29943.0,49.0
43924,15,0,7494.0,-2,2020-04-03,2020-04-03 15:00:00,2020-04-03 15:00:00,NQM20.csv,593,NQM20.csv,-1.0,7503.75,7503.75,7494.0,7503.75,9.75
43924,15,30,7477.25,-3,2020-04-03,2020-04-03 15:30:00,2020-04-03 15:30:00,NQM20.csv,678,NQM20.csv,-1.0,7503.75,7503.75,7477.25,7503.75,26.5
43924,16,0,7515.75,5,2020-04-03,2020-04-03 16:00:00,2020-04-03 16:00:00,NQM20.csv,1332,NQM20.csv,8.0,7499.25,7522.0,60126.0,60176.0,-50.0
43924,16,15,7518.25,0,2020-04-03,2020-04-03 16:15:00,2020-04-03 16:15:00,NQM20.csv,821,NQM20.csv,-5.0,7503.75,7522.0,37591.25,37610.0,18.75
43927,2,30,7840.0,2,2020-04-06,2020-04-06 02:30:00,2020-04-06 02:30:00,NQM20.csv,47,NQM20.csv,2.0,7820.0,7820.0,15680.0,15640.0,40.0
43927,3,30,7847.25,-2,2020-04-06,2020-04-06 03:30:00,2020-04-06 03:30:00,NQM20.csv,132,NQM20.csv,-4.0,7835.75,7835.75,31389.0,31343.0,-46.0
43927,5,30,7832.75,2,2020-04-06,2020-04-06 05:30:00,2020-04-06 05:30:00,NQM20.csv,87,NQM20.csv,4.0,7833.0,7833.0,31331.0,31332.0,-1.0
43927,5,45,7847.5,-3,2020-04-06,2020-04-06 05:45:00,2020-04-06 05:45:00,NQM20.csv,287,NQM20.csv,-5.0,7837.5,7837.5,39237.5,39187.5,-50.0
43927,6,15,7823.0,5,2020-04-06,2020-04-06 06:15:00,2020-04-06 06:15:00,NQM20.csv,51,NQM20.csv,8.0,7820.5,7820.5,62584.0,62564.0,20.0
43927,6,30,7814.0,1,2020-04-06,2020-04-06 06:30:00,2020-04-06 06:30:00,NQM20.csv,93,NQM20.csv,-4.0,7825.0,7825.0,31256.0,31300.0,44.0
43927,6,45,7823.5,-2,2020-04-06,2020-04-06 06:45:00,2020-04-06 06:45:00,NQM20.csv,49,NQM20.csv,-3.0,7825.0,7825.0,23470.5,23475.0,4.5
43927,7,15,7803.5,-7,2020-04-06,2020-04-06 07:15:00,2020-04-06 07:15:00,NQM20.csv,89,NQM20.csv,-5.0,7809.25,7809.25,39017.5,39046.25,28.75
43927,7,45,7810.25,-2,2020-04-06,2020-04-06 07:45:00,2020-04-06 07:45:00,NQM20.csv,140,NQM20.csv,5.0,7804.75,7804.75,39051.25,39023.75,27.5
43927,8,0,7807.0,2,2020-04-06,2020-04-06 08:00:00,2020-04-06 08:00:00,NQM20.csv,137,NQM20.csv,4.0,7804.75,7804.75,31228.0,31219.0,9.0
43927,10,30,7853.75,6,2020-04-06,2020-04-06 10:30:00,2020-04-06 10:30:00,NQM20.csv,797,NQM20.csv,4.0,7853.0,7853.0,31415.0,31412.0,3.0
43927,11,0,7855.25,5,2020-04-06,2020-04-06 11:00:00,2020-04-06 11:00:00,NQM20.csv,435,NQM20.csv,-1.0,7857.5,7857.5,7855.25,7857.5,2.25
43927,11,30,7882.0,0,2020-04-06,2020-04-06 11:30:00,2020-04-06 11:30:00,NQM20.csv,738,NQM20.csv,-5.0,7892.75,7892.75,39410.0,39463.75,53.75
43927,12,0,7890.5,5,2020-04-06,2020-04-06 12:00:00,2020-04-06 12:00:00,NQM20.csv,444,NQM20.csv,5.0,7888.25,7888.25,39452.5,39441.25,11.25
43927,12,15,7906.25,3,2020-04-06,2020-04-06 12:15:00,2020-04-06 12:15:00,NQM20.csv,467,NQM20.csv,-2.0,7938.0,7938.0,15812.5,15876.0,63.5
43927,12,30,7923.75,-1,2020-04-06,2020-04-06 12:30:00,2020-04-06 12:30:00,NQM20.csv,258,NQM20.csv,-4.0,7938.0,7938.0,31695.0,31752.0,57.0
43927,12,45,7922.0,1,2020-04-06,2020-04-06 12:45:00,2020-04-06 12:45:00,NQM20.csv,322,NQM20.csv,2.0,7933.5,7933.5,15844.0,15867.0,-23.0
43927,14,0,7961.0,2,2020-04-06,2020-04-06 14:00:00,2020-04-06 14:00:00,NQM20.csv,714,NQM20.csv,1.0,7958.75,7958.75,7961.0,7958.75,2.25
43927,15,0,7954.0,5,2020-04-06,2020-04-06 15:00:00,2020-04-06 15:00:00,NQM20.csv,354,NQM20.csv,3.0,7951.75,7951.75,23862.0,23855.25,6.75
43927,15,30,7978.25,7,2020-04-06,2020-04-06 15:30:00,2020-04-06 15:30:00,NQM20.csv,578,NQM20.csv,2.0,8043.25,8043.25,15956.5,16086.5,-130.0
43927,15,45,8003.0,4,2020-04-06,2020-04-06 15:45:00,2020-04-06 15:45:00,NQM20.csv,880,NQM20.csv,-3.0,8047.75,8047.75,24009.0,24143.25,134.25
43927,16,0,8045.5,2,2020-04-06,2020-04-06 16:00:00,2020-04-06 16:00:00,NQM20.csv,2690,NQM20.csv,-2.0,8047.75,8047.75,16091.0,16095.5,4.5
43928,2,30,8095.75,7,2020-04-07,2020-04-07 02:30:00,2020-04-07 02:30:00,NQM20.csv,115,NQM20.csv,5.0,8162.25,8162.25,40478.75,40811.25,-332.5
43928,3,30,8131.5,4,2020-04-07,2020-04-07 03:30:00,2020-04-07 03:30:00,NQM20.csv,373,NQM20.csv,-3.0,8216.25,8216.25,24394.5,24648.75,254.25
43928,4,30,8239.5,0,2020-04-07,2020-04-07 04:30:00,2020-04-07 04:30:00,NQM20.csv,160,NQM20.csv,-4.0,8202.0,8202.0,32958.0,32808.0,-150.0
43928,5,0,8200.5,2,2020-04-07,2020-04-07 05:00:00,2020-04-07 05:00:00,NQM20.csv,164,NQM20.csv,2.0,8197.5,8197.5,16401.0,16395.0,6.0
43928,5,30,8221.25,3,2020-04-07,2020-04-07 05:30:00,2020-04-07 05:30:00,NQM20.csv,248,NQM20.csv,1.0,8265.75,8265.75,8221.25,8265.75,-44.5
43928,5,45,8224.25,-1,2020-04-07,2020-04-07 05:45:00,2020-04-07 05:45:00,NQM20.csv,60,NQM20.csv,-4.0,8270.25,8270.25,32897.0,33081.0,184.0
43928,6,15,8269.5,3,2020-04-07,2020-04-07 06:15:00,2020-04-07 06:15:00,NQM20.csv,475,NQM20.csv,4.0,8274.0,8274.0,33078.0,33096.0,-18.0
43928,7,15,8275.25,-3,2020-04-07,2020-04-07 07:15:00,2020-04-07 07:15:00,NQM20.csv,105,NQM20.csv,-6.0,8250.5,8250.5,49651.5,49503.0,-148.5
43928,7,45,8250.0,3,2020-04-07,2020-04-07 07:45:00,2020-04-07 07:45:00,NQM20.csv,300,NQM20.csv,6.0,8246.0,8246.0,49500.0,49476.0,24.0
43928,8,0,8240.25,-3,2020-04-07,2020-04-07 08:00:00,2020-04-07 08:00:00,NQM20.csv,291,NQM20.csv,-6.0,8250.5,8250.5,49441.5,49503.0,61.5
43928,8,30,8235.5,3,2020-04-07,2020-04-07 08:30:00,2020-04-07 08:30:00,NQM20.csv,310,NQM20.csv,6.0,8274.5,8274.5,49413.0,49647.0,-234.0
43928,10,30,8130.75,4,2020-04-07,2020-04-07 10:30:00,2020-04-07 10:30:00,NQM20.csv,1340,NQM20.csv,1.0,8109.75,8109.75,8130.75,8109.75,21.0
43928,10,45,8121.25,2,2020-04-07,2020-04-07 10:45:00,2020-04-07 10:45:00,NQM20.csv,1219,NQM20.csv,-2.0,8114.25,8114.25,16242.5,16228.5,-14.0
43928,11,0,8101.75,3,2020-04-07,2020-04-07 11:00:00,2020-04-07 11:00:00,NQM20.csv,973,NQM20.csv,1.0,8109.75,8109.75,8101.75,8109.75,-8.0
43928,11,15,8121.5,5,2020-04-07,2020-04-07 11:15:00,2020-04-07 11:15:00,NQM20.csv,1755,NQM20.csv,2.0,8226.0,8226.0,16243.0,16452.0,-209.0
43928,11,30,8155.75,4,2020-04-07,2020-04-07 11:30:00,2020-04-07 11:30:00,NQM20.csv,732,NQM20.csv,-1.0,8230.5,8230.5,8155.75,8230.5,74.75
43928,12,0,8173.5,6,2020-04-07,2020-04-07 12:00:00,2020-04-07 12:00:00,NQM20.csv,933,NQM20.csv,2.0,8226.0,8226.0,16347.0,16452.0,-105.0
43928,12,15,8234.25,3,2020-04-07,2020-04-07 12:15:00,2020-04-07 12:15:00,NQM20.csv,672,NQM20.csv,-3.0,8231.0,8231.0,24702.75,24693.0,-9.75
43928,12,30,8236.5,2,2020-04-07,2020-04-07 12:30:00,2020-04-07 12:30:00,NQM20.csv,534,NQM20.csv,-1.0,8231.0,8231.0,8236.5,8231.0,-5.5
43928,12,45,8225.0,5,2020-04-07,2020-04-07 12:45:00,2020-04-07 12:45:00,NQM20.csv,522,NQM20.csv,3.0,8226.5,8226.5,24675.0,24679.5,-4.5
43928,13,0,8225.5,-1,2020-04-07,2020-04-07 13:00:00,2020-04-07 13:00:00,NQM20.csv,523,NQM20.csv,-6.0,8231.0,8231.0,49353.0,49386.0,33.0
43928,13,30,8211.25,6,2020-04-07,2020-04-07 13:30:00,2020-04-07 13:30:00,NQM20.csv,652,NQM20.csv,7.0,8133.0,8133.0,57478.75,56931.0,547.75
43928,13,45,8174.0,2,2020-04-07,2020-04-07 13:45:00,2020-04-07 13:45:00,NQM20.csv,380,NQM20.csv,-4.0,8137.5,8137.5,32696.0,32550.0,-146.0
43928,14,15,8130.0,6,2020-04-07,2020-04-07 14:15:00,2020-04-07 14:15:00,NQM20.csv,661,NQM20.csv,4.0,8131.75,8131.75,32520.0,32527.0,-7.0
43928,14,30,8134.75,8,2020-04-07,2020-04-07 14:30:00,2020-04-07 14:30:00,NQM20.csv,676,NQM20.csv,2.0,8131.75,8131.75,16269.5,16263.5,6.0
43928,15,0,8066.5,10,2020-04-07,2020-04-07 15:00:00,2020-04-07 15:00:00,NQM20.csv,1033,NQM20.csv,2.0,8131.75,8131.75,16133.0,16263.5,-130.5
43928,15,30,8060.0,11,2020-04-07,2020-04-07 15:30:00,2020-04-07 15:30:00,NQM20.csv,1338,NQM20.csv,1.0,8007.25,8007.25,8060.0,8007.25,52.75
43928,15,35,8078.5,9,2020-04-07,2020-04-07 15:35:00,2020-04-07 15:35:00,NQM20.csv,1596,NQM20.csv,-2.0,8011.75,8011.75,16157.0,16023.5,-133.5
43928,16,0,8044.25,3,2020-04-07,2020-04-07 16:00:00,2020-04-07 16:00:00,NQM20.csv,1315,NQM20.csv,-6.0,8011.75,8011.75,48265.5,48070.5,-195.0
43929,2,30,7996.75,0,2020-04-08,2020-04-08 02:30:00,2020-04-08 02:30:00,NQM20.csv,130,NQM20.csv,-3.0,8044.75,8044.75,23990.25,24134.25,144.0
43929,3,30,8045.0,2,2020-04-08,2020-04-08 03:30:00,2020-04-08 03:30:00,NQM20.csv,190,NQM20.csv,2.0,8017.75,8017.75,16090.0,16035.5,54.5
43929,5,30,8019.5,0,2020-04-08,2020-04-08 05:30:00,2020-04-08 05:30:00,NQM20.csv,206,NQM20.csv,-2.0,8039.25,8039.25,16039.0,16078.5,39.5
43929,5,45,8022.0,-4,2020-04-08,2020-04-08 05:45:00,2020-04-08 05:45:00,NQM20.csv,443,NQM20.csv,-4.0,8039.25,8039.25,32088.0,32157.0,69.0
43929,6,0,8012.75,2,2020-04-08,2020-04-08 06:00:00,2020-04-08 06:00:00,NQM20.csv,162,NQM20.csv,6.0,8034.75,8034.75,48076.5,48208.5,-132.0
43929,6,15,8016.5,6,2020-04-08,2020-04-08 06:15:00,2020-04-08 06:15:00,NQM20.csv,60,NQM20.csv,4.0,8034.75,8034.75,32066.0,32139.0,-73.0
43929,6,30,8043.75,-9,2020-04-08,2020-04-08 06:30:00,2020-04-08 06:30:00,NQM20.csv,73,NQM20.csv,-15.0,8084.0,8084.0,120656.25,121260.0,603.75
43929,7,0,8069.25,0,2020-04-08,2020-04-08 07:00:00,2020-04-08 07:00:00,NQM20.csv,264,NQM20.csv,9.0,8079.5,8079.5,72623.25,72715.5,-92.25
43929,7,45,8063.75,-5,2020-04-08,2020-04-08 07:45:00,2020-04-08 07:45:00,NQM20.csv,207,NQM20.csv,-5.0,8108.5,8108.5,40318.75,40542.5,223.75
43929,8,15,8119.75,0,2020-04-08,2020-04-08 08:15:00,2020-04-08 08:15:00,NQM20.csv,262,NQM20.csv,5.0,8104.0,8104.0,40598.75,40520.0,78.75
43929,9,15,8119.25,2,2020-04-08,2020-04-08 09:15:00,2020-04-08 09:15:00,NQM20.csv,331,NQM20.csv,2.0,8125.25,8125.25,16238.5,16250.5,-12.0
43929,9,45,8130.25,3,2020-04-08,2020-04-08 09:45:00,2020-04-08 09:45:00,NQM20.csv,888,NQM20.csv,1.0,8091.5,8091.5,8130.25,8091.5,38.75
43929,10,15,8072.5,0,2020-04-08,2020-04-08 10:15:00,2020-04-08 10:15:00,NQM20.csv,975,NQM20.csv,-3.0,8096.0,8096.0,24217.5,24288.0,70.5
43929,10,30,8101.5,2,2020-04-08,2020-04-08 10:30:00,2020-04-08 10:30:00,NQM20.csv,939,NQM20.csv,2.0,8164.75,8164.75,16203.0,16329.5,-126.5
43929,12,0,8161.5,5,2020-04-08,2020-04-08 12:00:00,2020-04-08 12:00:00,NQM20.csv,616,NQM20.csv,3.0,8160.25,8160.25,24484.5,24480.75,3.75
43929,12,15,8154.0,3,2020-04-08,2020-04-08 12:15:00,2020-04-08 12:15:00,NQM20.csv,454,NQM20.csv,-2.0,8164.75,8164.75,16308.0,16329.5,21.5
43929,12,30,8158.5,1,2020-04-08,2020-04-08 12:30:00,2020-04-08 12:30:00,NQM20.csv,443,NQM20.csv,-2.0,8175.25,8175.25,16317.0,16350.5,33.5
43929,13,15,8176.0,3,2020-04-08,2020-04-08 13:15:00,2020-04-08 13:15:00,NQM20.csv,350,NQM20.csv,2.0,8170.75,8170.75,16352.0,16341.5,10.5
43929,13,45,8140.25,0,2020-04-08,2020-04-08 13:45:00,2020-04-08 13:45:00,NQM20.csv,469,NQM20.csv,-3.0,8189.75,8189.75,24420.75,24569.25,148.5
43929,14,0,8126.25,1,2020-04-08,2020-04-08 14:00:00,2020-04-08 14:00:00,NQM20.csv,930,NQM20.csv,1.0,8185.25,8185.25,8126.25,8185.25,-59.0
43929,14,15,8156.5,4,2020-04-08,2020-04-08 14:15:00,2020-04-08 14:15:00,NQM20.csv,649,NQM20.csv,3.0,8185.25,8185.25,24469.5,24555.75,-86.25
43929,14,30,8187.25,8,2020-04-08,2020-04-08 14:30:00,2020-04-08 14:30:00,NQM20.csv,407,NQM20.csv,4.0,8206.5,8206.5,32749.0,32826.0,-77.0
43929,15,0,8211.5,10,2020-04-08,2020-04-08 15:00:00,2020-04-08 15:00:00,NQM20.csv,1032,NQM20.csv,2.0,8206.5,8206.5,16423.0,16413.0,10.0
43929,15,30,8209.25,11,2020-04-08,2020-04-08 15:30:00,2020-04-08 15:30:00,NQM20.csv,1149,NQM20.csv,1.0,8198.5,8198.5,8209.25,8198.5,10.75
43929,15,35,8203.5,9,2020-04-08,2020-04-08 15:35:00,2020-04-08 15:35:00,NQM20.csv,954,NQM20.csv,-2.0,8203.0,8203.0,16407.0,16406.0,-1.0
43929,16,0,8209.0,0,2020-04-08,2020-04-08 16:00:00,2020-04-08 16:00:00,NQM20.csv,1896,NQM20.csv,-9.0,8203.0,8203.0,73881.0,73827.0,-54.0
43930,4,30,8211.25,7,2020-04-09,2020-04-09 04:30:00,2020-04-09 04:30:00,NQM20.csv,215,NQM20.csv,7.0,8197.5,8197.5,57478.75,57382.5,96.25
43930,6,0,8161.5,10,2020-04-09,2020-04-09 06:00:00,2020-04-09 06:00:00,NQM20.csv,249,NQM20.csv,3.0,8150.75,8150.75,24484.5,24452.25,32.25
43930,6,30,8154.75,7,2020-04-09,2020-04-09 06:30:00,2020-04-09 06:30:00,NQM20.csv,282,NQM20.csv,-3.0,8155.25,8155.25,24464.25,24465.75,1.5
43930,7,0,8162.25,3,2020-04-09,2020-04-09 07:00:00,2020-04-09 07:00:00,NQM20.csv,491,NQM20.csv,-4.0,8132.75,8132.75,32649.0,32531.0,-118.0
43930,7,30,8130.5,11,2020-04-09,2020-04-09 07:30:00,2020-04-09 07:30:00,NQM20.csv,577,NQM20.csv,8.0,8128.25,8128.25,65044.0,65026.0,18.0
43930,7,35,8147.75,9,2020-04-09,2020-04-09 07:35:00,2020-04-09 07:35:00,NQM20.csv,449,NQM20.csv,-2.0,8132.75,8132.75,16295.5,16265.5,-30.0
43930,8,0,8140.5,7,2020-04-09,2020-04-09 08:00:00,2020-04-09 08:00:00,NQM20.csv,174,NQM20.csv,-2.0,8174.5,8174.5,16281.0,16349.0,68.0
43930,9,15,8304.75,2,2020-04-09,2020-04-09 09:15:00,2020-04-09 09:15:00,NQM20.csv,515,NQM20.csv,-5.0,8299.25,8299.25,41523.75,41496.25,-27.5
43930,9,45,8320.25,6,2020-04-09,2020-04-09 09:45:00,2020-04-09 09:45:00,NQM20.csv,1536,NQM20.csv,4.0,8219.5,8219.5,33281.0,32878.0,403.0
43930,10,0,8307.75,9,2020-04-09,2020-04-09 10:00:00,2020-04-09 10:00:00,NQM20.csv,1258,NQM20.csv,3.0,8219.5,8219.5,24923.25,24658.5,264.75
43930,10,15,8221.5,10,2020-04-09,2020-04-09 10:15:00,2020-04-09 10:15:00,NQM20.csv,2135,NQM20.csv,1.0,8219.5,8219.5,8221.5,8219.5,2.0
43930,10,30,8212.75,11,2020-04-09,2020-04-09 10:30:00,2020-04-09 10:30:00,NQM20.csv,1232,NQM20.csv,1.0,8219.5,8219.5,8212.75,8219.5,-6.75
43930,10,35,8202.5,10,2020-04-09,2020-04-09 10:35:00,2020-04-09 10:35:00,NQM20.csv,1230,NQM20.csv,-1.0,8224.0,8224.0,8202.5,8224.0,21.5
43930,11,15,8189.0,6,2020-04-09,2020-04-09 11:15:00,2020-04-09 11:15:00,NQM20.csv,836,NQM20.csv,-4.0,8237.5,8237.5,32756.0,32950.0,194.0
43930,11,45,8240.0,10,2020-04-09,2020-04-09 11:45:00,2020-04-09 11:45:00,NQM20.csv,1264,NQM20.csv,4.0,8247.0,8247.0,32960.0,32988.0,-28.0
43930,12,0,8240.25,1,2020-04-09,2020-04-09 12:00:00,2020-04-09 12:00:00,NQM20.csv,920,NQM20.csv,-9.0,8251.5,8251.5,74162.25,74263.5,101.25
43930,12,30,8234.5,8,2020-04-09,2020-04-09 12:30:00,2020-04-09 12:30:00,NQM20.csv,744,NQM20.csv,7.0,8247.0,8247.0,57641.5,57729.0,-87.5
43930,13,15,8273.25,3,2020-04-09,2020-04-09 13:15:00,2020-04-09 13:15:00,NQM20.csv,420,NQM20.csv,-5.0,8257.0,8257.0,41366.25,41285.0,-81.25
43930,13,45,8254.5,8,2020-04-09,2020-04-09 13:45:00,2020-04-09 13:45:00,NQM20.csv,662,NQM20.csv,5.0,8210.75,8210.75,41272.5,41053.75,218.75
43930,14,0,8249.25,7,2020-04-09,2020-04-09 14:00:00,2020-04-09 14:00:00,NQM20.csv,411,NQM20.csv,-1.0,8215.25,8215.25,8249.25,8215.25,-34.0
43930,14,30,8202.5,8,2020-04-09,2020-04-09 14:30:00,2020-04-09 14:30:00,NQM20.csv,536,NQM20.csv,1.0,8210.75,8210.75,8202.5,8210.75,-8.25
43930,15,45,8214.75,10,2020-04-09,2020-04-09 15:45:00,2020-04-09 15:45:00,NQM20.csv,749,NQM20.csv,2.0,8233.0,8233.0,16429.5,16466.0,-36.5
43930,16,0,8221.5,7,2020-04-09,2020-04-09 16:00:00,2020-04-09 16:00:00,NQM20.csv,1530,NQM20.csv,-3.0,8237.5,8237.5,24664.5,24712.5,48.0
43931,2,30,8238.75,0,2020-04-10,2020-04-10 02:30:00,2020-04-10 02:30:00,NQM20.csv,159,NQM20.csv,-7.0,8237.5,8296.0,57671.25,58072.0,400.75
43934,2,30,8125.75,5,2020-04-13,2020-04-13 02:30:00,2020-04-13 02:30:00,NQM20.csv,22,NQM20.csv,5.0,8114.0,8114.0,40628.75,40570.0,58.75
43934,3,30,8113.0,10,2020-04-13,2020-04-13 03:30:00,2020-04-13 03:30:00,NQM20.csv,49,NQM20.csv,5.0,8111.0,8111.0,40565.0,40555.0,10.0
43934,5,30,8143.0,5,2020-04-13,2020-04-13 05:30:00,2020-04-13 05:30:00,NQM20.csv,61,NQM20.csv,-5.0,8137.75,8137.75,40715.0,40688.75,-26.25
43934,7,0,8150.75,-1,2020-04-13,2020-04-13 07:00:00,2020-04-13 07:00:00,NQM20.csv,141,NQM20.csv,-6.0,8153.0,8153.0,48904.5,48918.0,13.5
43934,7,30,8181.25,5,2020-04-13,2020-04-13 07:30:00,2020-04-13 07:30:00,NQM20.csv,166,NQM20.csv,6.0,8196.0,8196.0,49087.5,49176.0,-88.5
43934,9,15,8203.75,7,2020-04-13,2020-04-13 09:15:00,2020-04-13 09:15:00,NQM20.csv,347,NQM20.csv,2.0,8171.25,8171.25,16407.5,16342.5,65.0
43934,10,15,8213.75,5,2020-04-13,2020-04-13 10:15:00,2020-04-13 10:15:00,NQM20.csv,1460,NQM20.csv,-2.0,8177.25,8177.25,16427.5,16354.5,-73.0
43934,10,30,8178.0,11,2020-04-13,2020-04-13 10:30:00,2020-04-13 10:30:00,NQM20.csv,1178,NQM20.csv,6.0,8172.75,8172.75,49068.0,49036.5,31.5
43934,10,45,8174.0,7,2020-04-13,2020-04-13 10:45:00,2020-04-13 10:45:00,NQM20.csv,760,NQM20.csv,-4.0,8177.25,8177.25,32696.0,32709.0,13.0
43934,11,0,8175.0,6,2020-04-13,2020-04-13 11:00:00,2020-04-13 11:00:00,NQM20.csv,624,NQM20.csv,-1.0,8177.25,8177.25,8175.0,8177.25,2.25
43934,11,15,8159.0,11,2020-04-13,2020-04-13 11:15:00,2020-04-13 11:15:00,NQM20.csv,1120,NQM20.csv,5.0,8202.75,8202.75,40795.0,41013.75,-218.75
43934,11,20,8170.25,10,2020-04-13,2020-04-13 11:20:00,2020-04-13 11:20:00,NQM20.csv,858,NQM20.csv,-1.0,8207.25,8207.25,8170.25,8207.25,37.0
43934,11,30,8203.75,9,2020-04-13,2020-04-13 11:30:00,2020-04-13 11:30:00,NQM20.csv,756,NQM20.csv,-1.0,8207.25,8207.25,8203.75,8207.25,3.5
43934,12,0,8205.0,11,2020-04-13,2020-04-13 12:00:00,2020-04-13 12:00:00,NQM20.csv,891,NQM20.csv,2.0,8202.75,8202.75,16410.0,16405.5,4.5
43934,12,30,8218.5,6,2020-04-13,2020-04-13 12:30:00,2020-04-13 12:30:00,NQM20.csv,1333,NQM20.csv,-5.0,8205.25,8205.25,41092.5,41026.25,-66.25
43934,12,45,8216.0,7,2020-04-13,2020-04-13 12:45:00,2020-04-13 12:45:00,NQM20.csv,885,NQM20.csv,1.0,8200.75,8200.75,8216.0,8200.75,15.25
43934,13,15,8194.5,9,2020-04-13,2020-04-13 13:15:00,2020-04-13 13:15:00,NQM20.csv,487,NQM20.csv,2.0,8239.75,8239.75,16389.0,16479.5,-90.5
43934,13,45,8230.75,6,2020-04-13,2020-04-13 13:45:00,2020-04-13 13:45:00,NQM20.csv,636,NQM20.csv,-3.0,8244.25,8244.25,24692.25,24732.75,40.5
43934,14,30,8233.0,7,2020-04-13,2020-04-13 14:30:00,2020-04-13 14:30:00,NQM20.csv,697,NQM20.csv,1.0,8252.5,8252.5,8233.0,8252.5,-19.5
43934,15,0,8254.75,10,2020-04-13,2020-04-13 15:00:00,2020-04-13 15:00:00,NQM20.csv,623,NQM20.csv,3.0,8252.5,8252.5,24764.25,24757.5,6.75
43934,15,30,8281.5,5,2020-04-13,2020-04-13 15:30:00,2020-04-13 15:30:00,NQM20.csv,796,NQM20.csv,-5.0,8321.0,8321.0,41407.5,41605.0,197.5
43935,2,30,8444.75,1,2020-04-14,2020-04-14 02:30:00,2020-04-14 02:30:00,NQM20.csv,114,NQM20.csv,-4.0,8450.0,8450.0,33779.0,33800.0,21.0
43935,5,0,8425.75,5,2020-04-14,2020-04-14 05:00:00,2020-04-14 05:00:00,NQM20.csv,64,NQM20.csv,4.0,8439.25,8439.25,33703.0,33757.0,-54.0
43935,5,30,8448.0,-7,2020-04-14,2020-04-14 05:30:00,2020-04-14 05:30:00,NQM20.csv,54,NQM20.csv,-12.0,8449.25,8449.25,101376.0,101391.0,15.0
43935,6,0,8444.75,-5,2020-04-14,2020-04-14 06:00:00,2020-04-14 06:00:00,NQM20.csv,56,NQM20.csv,2.0,8444.75,8444.75,16889.5,16889.5,0.0
43935,7,0,8438.75,-8,2020-04-14,2020-04-14 07:00:00,2020-04-14 07:00:00,NQM20.csv,149,NQM20.csv,-3.0,8436.75,8436.75,25316.25,25310.25,-6.0
43935,7,30,8434.25,-5,2020-04-14,2020-04-14 07:30:00,2020-04-14 07:30:00,NQM20.csv,59,NQM20.csv,3.0,8463.75,8463.75,25302.75,25391.25,-88.5
43935,8,0,8461.5,1,2020-04-14,2020-04-14 08:00:00,2020-04-14 08:00:00,NQM20.csv,304,NQM20.csv,6.0,8463.75,8463.75,50769.0,50782.5,-13.5
43935,9,15,8495.75,-1,2020-04-14,2020-04-14 09:15:00,2020-04-14 09:15:00,NQM20.csv,297,NQM20.csv,-2.0,8586.25,8586.25,16991.5,17172.5,181.0
43935,9,45,8538.5,2,2020-04-14,2020-04-14 09:45:00,2020-04-14 09:45:00,NQM20.csv,2273,NQM20.csv,3.0,8581.75,8581.75,25615.5,25745.25,-129.75
43935,10,0,8591.5,7,2020-04-14,2020-04-14 10:00:00,2020-04-14 10:00:00,NQM20.csv,2213,NQM20.csv,5.0,8581.75,8581.75,42957.5,42908.75,48.75
43935,10,15,8584.0,6,2020-04-14,2020-04-14 10:15:00,2020-04-14 10:15:00,NQM20.csv,1041,NQM20.csv,-1.0,8554.75,8554.75,8584.0,8554.75,-29.25
43935,10,30,8601.5,5,2020-04-14,2020-04-14 10:30:00,2020-04-14 10:30:00,NQM20.csv,1123,NQM20.csv,-1.0,8554.75,8554.75,8601.5,8554.75,-46.75
43935,11,0,8581.5,7,2020-04-14,2020-04-14 11:00:00,2020-04-14 11:00:00,NQM20.csv,1403,NQM20.csv,2.0,8550.25,8550.25,17163.0,17100.5,62.5
43935,11,15,8558.0,4,2020-04-14,2020-04-14 11:15:00,2020-04-14 11:15:00,NQM20.csv,758,NQM20.csv,-3.0,8606.0,8606.0,25674.0,25818.0,144.0
43935,11,30,8567.0,2,2020-04-14,2020-04-14 11:30:00,2020-04-14 11:30:00,NQM20.csv,876,NQM20.csv,-2.0,8606.0,8606.0,17134.0,17212.0,78.0
43935,11,45,8587.25,5,2020-04-14,2020-04-14 11:45:00,2020-04-14 11:45:00,NQM20.csv,602,NQM20.csv,3.0,8601.5,8601.5,25761.75,25804.5,-42.75
43935,12,30,8634.75,1,2020-04-14,2020-04-14 12:30:00,2020-04-14 12:30:00,NQM20.csv,614,NQM20.csv,-4.0,8653.0,8653.0,34539.0,34612.0,73.0
43935,13,0,8652.5,5,2020-04-14,2020-04-14 13:00:00,2020-04-14 13:00:00,NQM20.csv,626,NQM20.csv,4.0,8648.5,8648.5,34610.0,34594.0,16.0
43935,14,0,8684.75,1,2020-04-14,2020-04-14 14:00:00,2020-04-14 14:00:00,NQM20.csv,937,NQM20.csv,-4.0,8676.0,8676.0,34739.0,34704.0,-35.0
43935,14,30,8687.5,2,2020-04-14,2020-04-14 14:30:00,2020-04-14 14:30:00,NQM20.csv,385,NQM20.csv,1.0,8660.25,8660.25,8687.5,8660.25,27.25
43935,15,0,8686.5,4,2020-04-14,2020-04-14 15:00:00,2020-04-14 15:00:00,NQM20.csv,537,NQM20.csv,2.0,8660.25,8660.25,17373.0,17320.5,52.5
43935,15,30,8674.0,6,2020-04-14,2020-04-14 15:30:00,2020-04-14 15:30:00,NQM20.csv,513,NQM20.csv,2.0,8688.0,8688.0,17348.0,17376.0,-28.0
43935,16,0,8683.0,1,2020-04-14,2020-04-14 16:00:00,2020-04-14 16:00:00,NQM20.csv,1797,NQM20.csv,-5.0,8692.5,8692.5,43415.0,43462.5,47.5
43936,2,30,8636.5,3,2020-04-15,2020-04-15 02:30:00,2020-04-15 02:30:00,NQM20.csv,83,NQM20.csv,2.0,8632.5,8632.5,17273.0,17265.0,8.0
43936,5,0,8584.75,4,2020-04-15,2020-04-15 05:00:00,2020-04-15 05:00:00,NQM20.csv,290,NQM20.csv,1.0,8580.75,8580.75,8584.75,8580.75,4.0
43936,5,30,8573.25,3,2020-04-15,2020-04-15 05:30:00,2020-04-15 05:30:00,NQM20.csv,123,NQM20.csv,-1.0,8575.0,8575.0,8573.25,8575.0,1.75
43936,6,0,8581.75,6,2020-04-15,2020-04-15 06:00:00,2020-04-15 06:00:00,NQM20.csv,152,NQM20.csv,3.0,8570.5,8570.5,25745.25,25711.5,33.75
43936,7,45,8604.0,0,2020-04-15,2020-04-15 07:45:00,2020-04-15 07:45:00,NQM20.csv,50,NQM20.csv,-6.0,8546.75,8546.75,51624.0,51280.5,-343.5
43936,8,0,8594.75,-3,2020-04-15,2020-04-15 08:00:00,2020-04-15 08:00:00,NQM20.csv,252,NQM20.csv,-3.0,8546.75,8546.75,25784.25,25640.25,-144.0
43936,8,15,8570.5,3,2020-04-15,2020-04-15 08:15:00,2020-04-15 08:15:00,NQM20.csv,294,NQM20.csv,6.0,8542.25,8542.25,51423.0,51253.5,169.5
43936,9,15,8519.25,7,2020-04-15,2020-04-15 09:15:00,2020-04-15 09:15:00,NQM20.csv,215,NQM20.csv,4.0,8539.0,8539.0,34077.0,34156.0,-79.0
43936,10,15,8530.75,5,2020-04-15,2020-04-15 10:15:00,2020-04-15 10:15:00,NQM20.csv,821,NQM20.csv,-2.0,8526.0,8526.0,17061.5,17052.0,-9.5
43936,10,30,8525.0,7,2020-04-15,2020-04-15 10:30:00,2020-04-15 10:30:00,NQM20.csv,668,NQM20.csv,2.0,8533.25,8533.25,17050.0,17066.5,-16.5
43936,10,45,8540.75,5,2020-04-15,2020-04-15 10:45:00,2020-04-15 10:45:00,NQM20.csv,1271,NQM20.csv,-2.0,8537.75,8537.75,17081.5,17075.5,-6.0
43936,11,0,8571.5,9,2020-04-15,2020-04-15 11:00:00,2020-04-15 11:00:00,NQM20.csv,1430,NQM20.csv,4.0,8533.25,8533.25,34286.0,34133.0,153.0
43936,11,30,8547.25,5,2020-04-15,2020-04-15 11:30:00,2020-04-15 11:30:00,NQM20.csv,1224,NQM20.csv,-4.0,8543.0,8543.0,34189.0,34172.0,-17.0
43936,11,45,8531.5,3,2020-04-15,2020-04-15 11:45:00,2020-04-15 11:45:00,NQM20.csv,416,NQM20.csv,-2.0,8543.0,8543.0,17063.0,17086.0,23.0
43936,12,15,8534.25,5,2020-04-15,2020-04-15 12:15:00,2020-04-15 12:15:00,NQM20.csv,447,NQM20.csv,2.0,8538.5,8538.5,17068.5,17077.0,-8.5
43936,12,30,8554.25,3,2020-04-15,2020-04-15 12:30:00,2020-04-15 12:30:00,NQM20.csv,568,NQM20.csv,-2.0,8574.25,8574.25,17108.5,17148.5,40.0
43936,12,45,8574.25,-1,2020-04-15,2020-04-15 12:45:00,2020-04-15 12:45:00,NQM20.csv,549,NQM20.csv,-4.0,8574.25,8574.25,34297.0,34297.0,-0.0
43936,13,15,8581.25,3,2020-04-15,2020-04-15 13:15:00,2020-04-15 13:15:00,NQM20.csv,568,NQM20.csv,4.0,8569.75,8569.75,34325.0,34279.0,46.0
43936,13,30,8576.5,-2,2020-04-15,2020-04-15 13:30:00,2020-04-15 13:30:00,NQM20.csv,365,NQM20.csv,-5.0,8610.0,8610.0,42882.5,43050.0,167.5
43936,14,0,8572.25,6,2020-04-15,2020-04-15 14:00:00,2020-04-15 14:00:00,NQM20.csv,581,NQM20.csv,8.0,8605.5,8605.5,68578.0,68844.0,-266.0
43936,15,30,8602.75,7,2020-04-15,2020-04-15 15:30:00,2020-04-15 15:30:00,NQM20.csv,655,NQM20.csv,1.0,8578.25,8578.25,8602.75,8578.25,24.5
43936,16,0,8583.25,3,2020-04-15,2020-04-15 16:00:00,2020-04-15 16:00:00,NQM20.csv,1615,NQM20.csv,-4.0,8582.75,8582.75,34333.0,34331.0,-2.0
43937,2,30,8639.75,8,2020-04-16,2020-04-16 02:30:00,2020-04-16 02:30:00,NQM20.csv,254,NQM20.csv,5.0,8688.75,8688.75,43198.75,43443.75,-245.0
43937,3,30,8667.75,9,2020-04-16,2020-04-16 03:30:00,2020-04-16 03:30:00,NQM20.csv,275,NQM20.csv,1.0,8659.5,8659.5,8667.75,8659.5,8.25
43937,5,30,8643.75,11,2020-04-16,2020-04-16 05:30:00,2020-04-16 05:30:00,NQM20.csv,96,NQM20.csv,2.0,8657.0,8657.0,17287.5,17314.0,-26.5
43937,5,45,8673.0,0,2020-04-16,2020-04-16 05:45:00,2020-04-16 05:45:00,NQM20.csv,119,NQM20.csv,-11.0,8678.75,8678.75,95403.0,95466.25,63.25
43937,6,0,8665.5,-3,2020-04-16,2020-04-16 06:00:00,2020-04-16 06:00:00,NQM20.csv,116,NQM20.csv,-3.0,8678.75,8678.75,25996.5,26036.25,39.75
43937,6,15,8662.75,8,2020-04-16,2020-04-16 06:15:00,2020-04-16 06:15:00,NQM20.csv,101,NQM20.csv,11.0,8674.25,8674.25,95290.25,95416.75,-126.5
43937,9,45,8670.0,7,2020-04-16,2020-04-16 09:45:00,2020-04-16 09:45:00,NQM20.csv,1123,NQM20.csv,-1.0,8681.0,8681.0,8670.0,8681.0,11.0
43937,10,0,8641.25,11,2020-04-16,2020-04-16 10:00:00,2020-04-16 10:00:00,NQM20.csv,1790,NQM20.csv,4.0,8676.5,8676.5,34565.0,34706.0,-141.0
43937,10,30,8664.0,9,2020-04-16,2020-04-16 10:30:00,2020-04-16 10:30:00,NQM20.csv,1558,NQM20.csv,-2.0,8681.0,8681.0,17328.0,17362.0,34.0
43937,11,0,8708.25,11,2020-04-16,2020-04-16 11:00:00,2020-04-16 11:00:00,NQM20.csv,872,NQM20.csv,2.0,8750.0,8750.0,17416.5,17500.0,-83.5
43937,11,5,8706.5,9,2020-04-16,2020-04-16 11:05:00,2020-04-16 11:05:00,NQM20.csv,1183,NQM20.csv,-2.0,8754.5,8754.5,17413.0,17509.0,96.0
43937,12,0,8771.25,11,2020-04-16,2020-04-16 12:00:00,2020-04-16 12:00:00,NQM20.csv,1228,NQM20.csv,2.0,8633.75,8633.75,17542.5,17267.5,275.0
43937,12,30,8673.25,8,2020-04-16,2020-04-16 12:30:00,2020-04-16 12:30:00,NQM20.csv,1999,NQM20.csv,-3.0,8638.25,8638.25,26019.75,25914.75,-105.0
43937,13,0,8659.75,10,2020-04-16,2020-04-16 13:00:00,2020-04-16 13:00:00,NQM20.csv,779,NQM20.csv,2.0,8671.0,8671.0,17319.5,17342.0,-22.5
43937,13,30,8673.0,8,2020-04-16,2020-04-16 13:30:00,2020-04-16 13:30:00,NQM20.csv,981,NQM20.csv,-2.0,8675.5,8675.5,17346.0,17351.0,5.0
43937,14,0,8660.5,9,2020-04-16,2020-04-16 14:00:00,2020-04-16 14:00:00,NQM20.csv,1252,NQM20.csv,1.0,8714.25,8714.25,8660.5,8714.25,-53.75
43937,14,30,8683.5,10,2020-04-16,2020-04-16 14:30:00,2020-04-16 14:30:00,NQM20.csv,1202,NQM20.csv,1.0,8714.25,8714.25,8683.5,8714.25,-30.75
43937,15,0,8701.25,5,2020-04-16,2020-04-16 15:00:00,2020-04-16 15:00:00,NQM20.csv,949,NQM20.csv,-5.0,8720.0,8720.0,43506.25,43600.0,93.75
43937,15,30,8711.25,7,2020-04-16,2020-04-16 15:30:00,2020-04-16 15:30:00,NQM20.csv,933,NQM20.csv,2.0,8715.5,8715.5,17422.5,17431.0,-8.5
43937,16,0,8737.25,8,2020-04-16,2020-04-16 16:00:00,2020-04-16 16:00:00,NQM20.csv,1772,NQM20.csv,1.0,8821.25,8821.25,8737.25,8821.25,-84.0
43938,2,30,8889.0,3,2020-04-17,2020-04-17 02:30:00,2020-04-17 02:30:00,NQM20.csv,187,NQM20.csv,-5.0,8922.25,8922.25,44445.0,44611.25,166.25
43938,3,30,8941.25,7,2020-04-17,2020-04-17 03:30:00,2020-04-17 03:30:00,NQM20.csv,300,NQM20.csv,4.0,8883.25,8883.25,35765.0,35533.0,232.0
43938,5,30,8892.25,3,2020-04-17,2020-04-17 05:30:00,2020-04-17 05:30:00,NQM20.csv,191,NQM20.csv,-4.0,8919.0,8919.0,35569.0,35676.0,107.0
43938,9,15,8856.25,7,2020-04-17,2020-04-17 09:15:00,2020-04-17 09:15:00,NQM20.csv,397,NQM20.csv,4.0,8800.75,8800.75,35425.0,35203.0,222.0
43938,10,0,8823.5,3,2020-04-17,2020-04-17 10:00:00,2020-04-17 10:00:00,NQM20.csv,1147,NQM20.csv,-4.0,8766.75,8766.75,35294.0,35067.0,-227.0
43938,10,15,8806.25,-1,2020-04-17,2020-04-17 10:15:00,2020-04-17 10:15:00,NQM20.csv,2327,NQM20.csv,-4.0,8766.75,8766.75,35225.0,35067.0,-158.0
43938,10,30,8793.0,5,2020-04-17,2020-04-17 10:30:00,2020-04-17 10:30:00,NQM20.csv,1496,NQM20.csv,6.0,8762.25,8762.25,52758.0,52573.5,184.5
43938,11,30,8725.75,8,2020-04-17,2020-04-17 11:30:00,2020-04-17 11:30:00,NQM20.csv,1319,NQM20.csv,3.0,8762.0,8762.0,26177.25,26286.0,-108.75
43938,12,0,8745.75,6,2020-04-17,2020-04-17 12:00:00,2020-04-17 12:00:00,NQM20.csv,1009,NQM20.csv,-2.0,8767.0,8750.5,17491.5,17501.0,9.5
43938,12,30,8731.0,0,2020-04-17,2020-04-17 12:30:00,2020-04-17 12:30:00,NQM20.csv,480,NQM20.csv,-6.0,8767.0,8743.5,52386.0,52461.0,75.0
43938,12,45,8754.5,-4,2020-04-17,2020-04-17 12:45:00,2020-04-17 12:45:00,NQM20.csv,408,NQM20.csv,-4.0,8767.0,8752.5,35018.0,35010.0,-8.0
43938,13,15,8747.75,0,2020-04-17,2020-04-17 13:15:00,2020-04-17 13:15:00,NQM20.csv,566,NQM20.csv,4.0,8736.25,8736.25,34991.0,34945.0,46.0
43938,13,30,8735.5,2,2020-04-17,2020-04-17 13:30:00,2020-04-17 13:30:00,NQM20.csv,711,NQM20.csv,2.0,8736.25,8736.25,17471.0,17472.5,-1.5
43938,14,0,8735.25,6,2020-04-17,2020-04-17 14:00:00,2020-04-17 14:00:00,NQM20.csv,516,NQM20.csv,4.0,8710.75,8710.75,34941.0,34843.0,98.0
43938,16,0,8810.5,3,2020-04-17,2020-04-17 16:00:00,2020-04-17 16:00:00,NQM20.csv,2698,NQM20.csv,-3.0,8809.75,8809.75,26431.5,26429.25,-2.25
43938,16,15,8808.25,0,2020-04-17,2020-04-17 16:15:00,2020-04-17 16:15:00,NQM20.csv,469,NQM20.csv,-3.0,8809.75,8809.75,26424.75,26429.25,4.5
43941,2,30,8787.75,11,2020-04-20,2020-04-20 02:30:00,2020-04-20 02:30:00,NQM20.csv,167,NQM20.csv,11.0,8788.0,8788.0,96665.25,96668.0,-2.75
43941,7,45,8723.0,10,2020-04-20,2020-04-20 07:45:00,2020-04-20 07:45:00,NQM20.csv,177,NQM20.csv,-1.0,8715.75,8715.75,8723.0,8715.75,-7.25
43941,8,15,8732.75,11,2020-04-20,2020-04-20 08:15:00,2020-04-20 08:15:00,NQM20.csv,339,NQM20.csv,1.0,8719.75,8719.75,8732.75,8719.75,13.0
43941,9,20,8724.25,10,2020-04-20,2020-04-20 09:20:00,2020-04-20 09:20:00,NQM20.csv,240,NQM20.csv,-1.0,8742.0,8742.0,8724.25,8742.0,17.75
43941,10,0,8739.75,11,2020-04-20,2020-04-20 10:00:00,2020-04-20 10:00:00,NQM20.csv,1606,NQM20.csv,1.0,8737.5,8737.5,8739.75,8737.5,2.25
43941,10,5,8751.25,9,2020-04-20,2020-04-20 10:05:00,2020-04-20 10:05:00,NQM20.csv,799,NQM20.csv,-2.0,8819.0,8819.0,17502.5,17638.0,135.5
43941,10,15,8771.25,10,2020-04-20,2020-04-20 10:15:00,2020-04-20 10:15:00,NQM20.csv,817,NQM20.csv,1.0,8814.5,8814.5,8771.25,8814.5,-43.25
43941,10,30,8787.25,11,2020-04-20,2020-04-20 10:30:00,2020-04-20 10:30:00,NQM20.csv,981,NQM20.csv,1.0,8814.5,8814.5,8787.25,8814.5,-27.25
43941,10,35,8798.75,10,2020-04-20,2020-04-20 10:35:00,2020-04-20 10:35:00,NQM20.csv,1089,NQM20.csv,-1.0,8819.0,8819.0,8798.75,8819.0,20.25
43941,11,0,8816.75,11,2020-04-20,2020-04-20 11:00:00,2020-04-20 11:00:00,NQM20.csv,751,NQM20.csv,1.0,8814.5,8814.5,8816.75,8814.5,2.25
43941,11,30,8818.75,10,2020-04-20,2020-04-20 11:30:00,2020-04-20 11:30:00,NQM20.csv,835,NQM20.csv,-1.0,8837.25,8837.25,8818.75,8837.25,18.5
43941,12,0,8835.0,8,2020-04-20,2020-04-20 12:00:00,2020-04-20 12:00:00,NQM20.csv,533,NQM20.csv,-2.0,8837.25,8815.0,17670.0,17630.0,-40.0
43941,12,15,8814.25,10,2020-04-20,2020-04-20 12:15:00,2020-04-20 12:15:00,NQM20.csv,375,NQM20.csv,2.0,8818.75,8818.75,17628.5,17637.5,-9.0
43941,12,45,8827.5,8,2020-04-20,2020-04-20 12:45:00,2020-04-20 12:45:00,NQM20.csv,304,NQM20.csv,-2.0,8823.25,8823.25,17655.0,17646.5,-8.5
43941,13,15,8795.75,4,2020-04-20,2020-04-20 13:15:00,2020-04-20 13:15:00,NQM20.csv,386,NQM20.csv,-4.0,8818.0,8818.0,35183.0,35272.0,89.0
43941,13,45,8806.25,8,2020-04-20,2020-04-20 13:45:00,2020-04-20 13:45:00,NQM20.csv,368,NQM20.csv,4.0,8813.5,8813.5,35225.0,35254.0,-29.0
43941,14,0,8815.75,11,2020-04-20,2020-04-20 14:00:00,2020-04-20 14:00:00,NQM20.csv,534,NQM20.csv,3.0,8813.5,8813.5,26447.25,26440.5,6.75
43941,14,5,8823.25,9,2020-04-20,2020-04-20 14:05:00,2020-04-20 14:05:00,NQM20.csv,370,NQM20.csv,-2.0,8735.75,8735.75,17646.5,17471.5,-175.0
43941,14,30,8759.5,8,2020-04-20,2020-04-20 14:30:00,2020-04-20 14:30:00,NQM20.csv,1169,NQM20.csv,-1.0,8735.75,8735.75,8759.5,8735.75,-23.75
43941,15,0,8733.5,11,2020-04-20,2020-04-20 15:00:00,2020-04-20 15:00:00,NQM20.csv,1047,NQM20.csv,3.0,8731.25,8731.25,26200.5,26193.75,6.75
43941,15,35,8760.25,9,2020-04-20,2020-04-20 15:35:00,2020-04-20 15:35:00,NQM20.csv,574,NQM20.csv,-2.0,8720.5,8720.5,17520.5,17441.0,-79.5
43941,15,45,8744.0,11,2020-04-20,2020-04-20 15:45:00,2020-04-20 15:45:00,NQM20.csv,676,NQM20.csv,2.0,8716.0,8716.0,17488.0,17432.0,56.0
43941,15,50,8739.0,10,2020-04-20,2020-04-20 15:50:00,2020-04-20 15:50:00,NQM20.csv,2505,NQM20.csv,-1.0,8720.5,8720.5,8739.0,8720.5,-18.5
43941,16,0,8718.25,11,2020-04-20,2020-04-20 16:00:00,2020-04-20 16:00:00,NQM20.csv,1180,NQM20.csv,1.0,8716.0,8716.0,8718.25,8716.0,2.25
43942,2,30,8694.25,10,2020-04-21,2020-04-21 02:30:00,2020-04-21 02:30:00,NQM20.csv,135,NQM20.csv,-1.0,8691.25,8691.25,8694.25,8691.25,-3.0
43942,4,30,8682.5,9,2020-04-21,2020-04-21 04:30:00,2020-04-21 04:30:00,NQM20.csv,168,NQM20.csv,-1.0,8669.0,8669.0,8682.5,8669.0,-13.5
43942,5,30,8660.5,11,2020-04-21,2020-04-21 05:30:00,2020-04-21 05:30:00,NQM20.csv,251,NQM20.csv,2.0,8623.25,8623.25,17321.0,17246.5,74.5
43942,5,35,8658.75,9,2020-04-21,2020-04-21 05:35:00,2020-04-21 05:35:00,NQM20.csv,390,NQM20.csv,-2.0,8627.75,8627.75,17317.5,17255.5,-62.0
43942,6,15,8623.75,11,2020-04-21,2020-04-21 06:15:00,2020-04-21 06:15:00,NQM20.csv,351,NQM20.csv,2.0,8617.75,8617.75,17247.5,17235.5,12.0
43942,6,20,8611.5,9,2020-04-21,2020-04-21 06:20:00,2020-04-21 06:20:00,NQM20.csv,326,NQM20.csv,-2.0,8622.25,8622.25,17223.0,17244.5,21.5
43942,9,15,8618.25,8,2020-04-21,2020-04-21 09:15:00,2020-04-21 09:15:00,NQM20.csv,351,NQM20.csv,-1.0,8554.0,8554.0,8618.25,8554.0,-64.25
43942,10,0,8584.0,9,2020-04-21,2020-04-21 10:00:00,2020-04-21 10:00:00,NQM20.csv,1946,NQM20.csv,1.0,8549.5,8549.5,8584.0,8549.5,34.5
43942,10,15,8547.0,10,2020-04-21,2020-04-21 10:15:00,2020-04-21 10:15:00,NQM20.csv,1234,NQM20.csv,1.0,8373.0,8373.0,8547.0,8373.0,174.0
43942,10,30,8538.5,2,2020-04-21,2020-04-21 10:30:00,2020-04-21 10:30:00,NQM20.csv,996,NQM20.csv,-8.0,8377.5,8377.5,68308.0,67020.0,-1288.0
43942,11,0,8393.5,-3,2020-04-21,2020-04-21 11:00:00,2020-04-21 11:00:00,NQM20.csv,3175,NQM20.csv,-5.0,8377.5,8377.5,41967.5,41887.5,-80.0
43942,11,30,8367.0,2,2020-04-21,2020-04-21 11:30:00,2020-04-21 11:30:00,NQM20.csv,1602,NQM20.csv,5.0,8406.25,8406.25,41835.0,42031.25,-196.25
43942,11,45,8348.75,6,2020-04-21,2020-04-21 11:45:00,2020-04-21 11:45:00,NQM20.csv,1150,NQM20.csv,4.0,8406.25,8406.25,33395.0,33625.0,-230.0
43942,12,15,8403.5,2,2020-04-21,2020-04-21 12:15:00,2020-04-21 12:15:00,NQM20.csv,486,NQM20.csv,-4.0,8420.75,8420.75,33614.0,33683.0,69.0
43942,12,30,8386.5,5,2020-04-21,2020-04-21 12:30:00,2020-04-21 12:30:00,NQM20.csv,1276,NQM20.csv,3.0,8416.25,8416.25,25159.5,25248.75,-89.25
43942,13,0,8391.0,10,2020-04-21,2020-04-21 13:00:00,2020-04-21 13:00:00,NQM20.csv,959,NQM20.csv,5.0,8416.25,8416.25,41955.0,42081.25,-126.25
43942,13,45,8473.5,8,2020-04-21,2020-04-21 13:45:00,2020-04-21 13:45:00,NQM20.csv,781,NQM20.csv,-2.0,8490.5,8490.5,16947.0,16981.0,34.0
43942,14,0,8454.75,7,2020-04-21,2020-04-21 14:00:00,2020-04-21 14:00:00,NQM20.csv,988,NQM20.csv,-1.0,8490.5,8490.5,8454.75,8490.5,35.75
43942,14,15,8489.25,8,2020-04-21,2020-04-21 14:15:00,2020-04-21 14:15:00,NQM20.csv,981,NQM20.csv,1.0,8413.5,8413.5,8489.25,8413.5,75.75
43942,14,30,8496.5,9,2020-04-21,2020-04-21 14:30:00,2020-04-21 14:30:00,NQM20.csv,733,NQM20.csv,1.0,8413.5,8413.5,8496.5,8413.5,83.0
43942,14,45,8438.25,10,2020-04-21,2020-04-21 14:45:00,2020-04-21 14:45:00,NQM20.csv,865,NQM20.csv,1.0,8413.5,8413.5,8438.25,8413.5,24.75
43942,15,0,8426.5,11,2020-04-21,2020-04-21 15:00:00,2020-04-21 15:00:00,NQM20.csv,1320,NQM20.csv,1.0,8413.5,8413.5,8426.5,8413.5,13.0
43942,15,5,8436.5,9,2020-04-21,2020-04-21 15:05:00,2020-04-21 15:05:00,NQM20.csv,581,NQM20.csv,-2.0,8418.0,8418.0,16873.0,16836.0,-37.0
43942,15,30,8445.0,6,2020-04-21,2020-04-21 15:30:00,2020-04-21 15:30:00,NQM20.csv,718,NQM20.csv,-3.0,8431.75,8431.75,25335.0,25295.25,-39.75
43942,15,45,8437.0,7,2020-04-21,2020-04-21 15:45:00,2020-04-21 15:45:00,NQM20.csv,883,NQM20.csv,1.0,8427.25,8427.25,8437.0,8427.25,9.75
43942,16,0,8398.25,9,2020-04-21,2020-04-21 16:00:00,2020-04-21 16:00:00,NQM20.csv,2892,NQM20.csv,2.0,8427.25,8427.25,16796.5,16854.5,-58.0
43943,2,30,8511.0,8,2020-04-22,2020-04-22 02:30:00,2020-04-22 02:30:00,NQM20.csv,121,NQM20.csv,-1.0,8523.25,8523.25,8511.0,8523.25,12.25
43943,3,30,8512.5,9,2020-04-22,2020-04-22 03:30:00,2020-04-22 03:30:00,NQM20.csv,130,NQM20.csv,1.0,8526.75,8526.75,8512.5,8526.75,-14.25
43943,4,30,8526.5,7,2020-04-22,2020-04-22 04:30:00,2020-04-22 04:30:00,NQM20.csv,256,NQM20.csv,-2.0,8557.75,8557.75,17053.0,17115.5,62.5
43943,5,0,8548.5,1,2020-04-22,2020-04-22 05:00:00,2020-04-22 05:00:00,NQM20.csv,273,NQM20.csv,-6.0,8557.75,8557.75,51291.0,51346.5,55.5
43943,5,30,8560.5,6,2020-04-22,2020-04-22 05:30:00,2020-04-22 05:30:00,NQM20.csv,113,NQM20.csv,5.0,8519.75,8519.75,42802.5,42598.75,203.75
43943,6,0,8548.0,-2,2020-04-22,2020-04-22 06:00:00,2020-04-22 06:00:00,NQM20.csv,153,NQM20.csv,-8.0,8524.25,8524.25,68384.0,68194.0,-190.0
43943,6,15,8532.5,3,2020-04-22,2020-04-22 06:15:00,2020-04-22 06:15:00,NQM20.csv,125,NQM20.csv,5.0,8519.75,8519.75,42662.5,42598.75,63.75
43943,6,45,8515.75,-2,2020-04-22,2020-04-22 06:45:00,2020-04-22 06:45:00,NQM20.csv,142,NQM20.csv,-5.0,8522.75,8522.75,42578.75,42613.75,35.0
43943,7,0,8526.5,-6,2020-04-22,2020-04-22 07:00:00,2020-04-22 07:00:00,NQM20.csv,125,NQM20.csv,-4.0,8522.75,8522.75,34106.0,34091.0,-15.0
43943,7,30,8522.75,7,2020-04-22,2020-04-22 07:30:00,2020-04-22 07:30:00,NQM20.csv,179,NQM20.csv,13.0,8535.0,8535.0,110795.75,110955.0,-159.25
43943,8,0,8537.5,6,2020-04-22,2020-04-22 08:00:00,2020-04-22 08:00:00,NQM20.csv,266,NQM20.csv,-1.0,8539.5,8539.5,8537.5,8539.5,2.0
43943,9,15,8573.25,-1,2020-04-22,2020-04-22 09:15:00,2020-04-22 09:15:00,NQM20.csv,262,NQM20.csv,-7.0,8575.5,8575.5,60012.75,60028.5,15.75
43943,10,0,8573.0,3,2020-04-22,2020-04-22 10:00:00,2020-04-22 10:00:00,NQM20.csv,1253,NQM20.csv,4.0,8571.0,8571.0,34292.0,34284.0,8.0
43943,10,15,8550.5,10,2020-04-22,2020-04-22 10:15:00,2020-04-22 10:15:00,NQM20.csv,964,NQM20.csv,7.0,8571.0,8571.0,59853.5,59997.0,-143.5
43943,10,30,8574.5,8,2020-04-22,2020-04-22 10:30:00,2020-04-22 10:30:00,NQM20.csv,879,NQM20.csv,-2.0,8592.75,8592.75,17149.0,17185.5,36.5
43943,12,0,8596.25,7,2020-04-22,2020-04-22 12:00:00,2020-04-22 12:00:00,NQM20.csv,535,NQM20.csv,-1.0,8604.25,8604.25,8596.25,8604.25,8.0
43943,12,30,8600.5,9,2020-04-22,2020-04-22 12:30:00,2020-04-22 12:30:00,NQM20.csv,516,NQM20.csv,2.0,8628.5,8628.5,17201.0,17257.0,-56.0
43943,12,45,8615.25,4,2020-04-22,2020-04-22 12:45:00,2020-04-22 12:45:00,NQM20.csv,174,NQM20.csv,-5.0,8633.0,8633.0,43076.25,43165.0,88.75
43943,13,15,8612.75,9,2020-04-22,2020-04-22 13:15:00,2020-04-22 13:15:00,NQM20.csv,203,NQM20.csv,5.0,8628.5,8628.5,43063.75,43142.5,-78.75
43943,13,45,8640.75,4,2020-04-22,2020-04-22 13:45:00,2020-04-22 13:45:00,NQM20.csv,348,NQM20.csv,-5.0,8664.75,8664.75,43203.75,43323.75,120.0
43943,14,0,8650.25,3,2020-04-22,2020-04-22 14:00:00,2020-04-22 14:00:00,NQM20.csv,654,NQM20.csv,-1.0,8664.75,8664.75,8650.25,8664.75,14.5
43943,14,15,8645.5,8,2020-04-22,2020-04-22 14:15:00,2020-04-22 14:15:00,NQM20.csv,399,NQM20.csv,5.0,8660.25,8660.25,43227.5,43301.25,-73.75
43943,14,30,8654.25,7,2020-04-22,2020-04-22 14:30:00,2020-04-22 14:30:00,NQM20.csv,426,NQM20.csv,-1.0,8679.75,8679.75,8654.25,8679.75,25.5
43943,15,0,8676.5,6,2020-04-22,2020-04-22 15:00:00,2020-04-22 15:00:00,NQM20.csv,749,NQM20.csv,-1.0,8679.75,8679.75,8676.5,8679.75,3.25
43943,15,30,8668.25,7,2020-04-22,2020-04-22 15:30:00,2020-04-22 15:30:00,NQM20.csv,672,NQM20.csv,1.0,8630.5,8630.5,8668.25,8630.5,37.75
43943,16,0,8643.0,6,2020-04-22,2020-04-22 16:00:00,2020-04-22 16:00:00,NQM20.csv,1772,NQM20.csv,-1.0,8635.0,8635.0,8643.0,8635.0,-8.0
43944,2,30,8655.75,8,2020-04-23,2020-04-23 02:30:00,2020-04-23 02:30:00,NQM20.csv,470,NQM20.csv,2.0,8670.5,8670.5,17311.5,17341.0,-29.5
43944,3,30,8631.5,11,2020-04-23,2020-04-23 03:30:00,2020-04-23 03:30:00,NQM20.csv,192,NQM20.csv,3.0,8620.25,8620.25,25894.5,25860.75,33.75
43944,5,30,8642.5,8,2020-04-23,2020-04-23 05:30:00,2020-04-23 05:30:00,NQM20.csv,145,NQM20.csv,-3.0,8645.25,8645.25,25927.5,25935.75,8.25
43944,6,30,8635.75,9,2020-04-23,2020-04-23 06:30:00,2020-04-23 06:30:00,NQM20.csv,173,NQM20.csv,1.0,8615.25,8615.25,8635.75,8615.25,20.5
43944,6,45,8621.25,3,2020-04-23,2020-04-23 06:45:00,2020-04-23 06:45:00,NQM20.csv,56,NQM20.csv,-6.0,8650.0,8650.0,51727.5,51900.0,172.5
43944,7,0,8621.0,2,2020-04-23,2020-04-23 07:00:00,2020-04-23 07:00:00,NQM20.csv,98,NQM20.csv,-1.0,8650.0,8650.0,8621.0,8650.0,29.0
43944,7,15,8639.75,8,2020-04-23,2020-04-23 07:15:00,2020-04-23 07:15:00,NQM20.csv,91,NQM20.csv,6.0,8645.5,8645.5,51838.5,51873.0,-34.5
43944,9,15,8685.5,5,2020-04-23,2020-04-23 09:15:00,2020-04-23 09:15:00,NQM20.csv,182,NQM20.csv,-3.0,8737.75,8737.75,26056.5,26213.25,156.75
43944,10,0,8725.25,10,2020-04-23,2020-04-23 10:00:00,2020-04-23 10:00:00,NQM20.csv,1282,NQM20.csv,5.0,8774.25,8774.25,43626.25,43871.25,-245.0
43944,10,15,8729.25,11,2020-04-23,2020-04-23 10:15:00,2020-04-23 10:15:00,NQM20.csv,1349,NQM20.csv,1.0,8774.25,8774.25,8729.25,8774.25,-45.0
43944,12,5,8730.5,9,2020-04-23,2020-04-23 12:05:00,2020-04-23 12:05:00,NQM20.csv,358,NQM20.csv,-2.0,8759.0,8759.0,17461.0,17518.0,57.0
43944,12,15,8741.5,11,2020-04-23,2020-04-23 12:15:00,2020-04-23 12:15:00,NQM20.csv,577,NQM20.csv,2.0,8754.5,8754.5,17483.0,17509.0,-26.0
43944,12,30,8761.0,7,2020-04-23,2020-04-23 12:30:00,2020-04-23 12:30:00,NQM20.csv,482,NQM20.csv,-4.0,8759.0,8759.0,35044.0,35036.0,-8.0
43944,12,45,8703.0,8,2020-04-23,2020-04-23 12:45:00,2020-04-23 12:45:00,NQM20.csv,4675,NQM20.csv,1.0,8653.0,8653.0,8703.0,8653.0,50.0
43944,13,15,8729.75,7,2020-04-23,2020-04-23 13:15:00,2020-04-23 13:15:00,NQM20.csv,552,NQM20.csv,-1.0,8657.5,8657.5,8729.75,8657.5,-72.25
43944,14,0,8639.75,6,2020-04-23,2020-04-23 14:00:00,2020-04-23 14:00:00,NQM20.csv,914,NQM20.csv,-1.0,8681.0,8681.0,8639.75,8681.0,41.25
43944,14,30,8672.0,7,2020-04-23,2020-04-23 14:30:00,2020-04-23 14:30:00,NQM20.csv,683,NQM20.csv,1.0,8676.5,8676.5,8672.0,8676.5,-4.5
43944,15,0,8701.75,9,2020-04-23,2020-04-23 15:00:00,2020-04-23 15:00:00,NQM20.csv,843,NQM20.csv,2.0,8654.75,8654.75,17403.5,17309.5,94.0
43944,15,30,8648.5,5,2020-04-23,2020-04-23 15:30:00,2020-04-23 15:30:00,NQM20.csv,1161,NQM20.csv,-4.0,8659.25,8659.25,34594.0,34637.0,43.0
43944,15,45,8641.5,7,2020-04-23,2020-04-23 15:45:00,2020-04-23 15:45:00,NQM20.csv,640,NQM20.csv,2.0,8603.75,8603.75,17283.0,17207.5,75.5
43944,16,0,8626.0,8,2020-04-23,2020-04-23 16:00:00,2020-04-23 16:00:00,NQM20.csv,2069,NQM20.csv,1.0,8603.75,8603.75,8626.0,8603.75,22.25
43945,2,30,8532.75,7,2020-04-24,2020-04-24 02:30:00,2020-04-24 02:30:00,NQM20.csv,85,NQM20.csv,-1.0,8559.75,8559.75,8532.75,8559.75,27.0
43945,4,30,8550.5,6,2020-04-24,2020-04-24 04:30:00,2020-04-24 04:30:00,NQM20.csv,107,NQM20.csv,-1.0,8564.0,8564.0,8550.5,8564.0,13.5
43945,5,45,8616.0,-1,2020-04-24,2020-04-24 05:45:00,2020-04-24 05:45:00,NQM20.csv,35,NQM20.csv,-7.0,8627.25,8627.25,60312.0,60390.75,78.75
43945,6,0,8621.25,-6,2020-04-24,2020-04-24 06:00:00,2020-04-24 06:00:00,NQM20.csv,174,NQM20.csv,-5.0,8642.25,8642.25,43106.25,43211.25,105.0
43945,6,15,8616.75,1,2020-04-24,2020-04-24 06:15:00,2020-04-24 06:15:00,NQM20.csv,145,NQM20.csv,7.0,8637.75,8637.75,60317.25,60464.25,-147.0
43945,7,30,8658.5,-3,2020-04-24,2020-04-24 07:30:00,2020-04-24 07:30:00,NQM20.csv,99,NQM20.csv,-4.0,8636.75,8636.75,34634.0,34547.0,-87.0
43945,8,0,8633.25,6,2020-04-24,2020-04-24 08:00:00,2020-04-24 08:00:00,NQM20.csv,129,NQM20.csv,9.0,8655.25,8655.25,77699.25,77897.25,-198.0
43945,9,15,8647.5,3,2020-04-24,2020-04-24 09:15:00,2020-04-24 09:15:00,NQM20.csv,173,NQM20.csv,-3.0,8600.75,8600.75,25942.5,25802.25,-140.25
43945,10,0,8589.0,4,2020-04-24,2020-04-24 10:00:00,2020-04-24 10:00:00,NQM20.csv,1389,NQM20.csv,1.0,8638.25,8638.25,8589.0,8638.25,-49.25
43945,10,15,8624.25,7,2020-04-24,2020-04-24 10:15:00,2020-04-24 10:15:00,NQM20.csv,1038,NQM20.csv,3.0,8638.25,8638.25,25872.75,25914.75,-42.0
43945,10,30,8636.5,11,2020-04-24,2020-04-24 10:30:00,2020-04-24 10:30:00,NQM20.csv,865,NQM20.csv,4.0,8638.25,8638.25,34546.0,34553.0,-7.0
43945,11,0,8636.25,10,2020-04-24,2020-04-24 11:00:00,2020-04-24 11:00:00,NQM20.csv,724,NQM20.csv,-1.0,8648.5,8648.5,8636.25,8648.5,12.25
43945,11,15,8621.5,6,2020-04-24,2020-04-24 11:15:00,2020-04-24 11:15:00,NQM20.csv,982,NQM20.csv,-4.0,8648.5,8648.5,34486.0,34594.0,108.0
43945,11,30,8636.25,5,2020-04-24,2020-04-24 11:30:00,2020-04-24 11:30:00,NQM20.csv,888,NQM20.csv,-1.0,8648.5,8648.5,8636.25,8648.5,12.25
43945,11,45,8636.75,9,2020-04-24,2020-04-24 11:45:00,2020-04-24 11:45:00,NQM20.csv,566,NQM20.csv,4.0,8644.0,8644.0,34547.0,34576.0,-29.0
43945,12,0,8647.5,8,2020-04-24,2020-04-24 12:00:00,2020-04-24 12:00:00,NQM20.csv,359,NQM20.csv,-1.0,8680.0,8680.0,8647.5,8680.0,32.5
43945,12,15,8659.25,11,2020-04-24,2020-04-24 12:15:00,2020-04-24 12:15:00,NQM20.csv,359,NQM20.csv,3.0,8675.5,8675.5,25977.75,26026.5,-48.75
43945,12,30,8677.0,4,2020-04-24,2020-04-24 12:30:00,2020-04-24 12:30:00,NQM20.csv,546,NQM20.csv,-7.0,8680.0,8680.0,60739.0,60760.0,21.0
43945,12,45,8687.75,1,2020-04-24,2020-04-24 12:45:00,2020-04-24 12:45:00,NQM20.csv,337,NQM20.csv,-3.0,8680.0,8680.0,26063.25,26040.0,-23.25
43945,13,0,8683.75,6,2020-04-24,2020-04-24 13:00:00,2020-04-24 13:00:00,NQM20.csv,353,NQM20.csv,5.0,8700.5,8700.5,43418.75,43502.5,-83.75
43945,14,0,8718.25,5,2020-04-24,2020-04-24 14:00:00,2020-04-24 14:00:00,NQM20.csv,1195,NQM20.csv,-1.0,8732.5,8732.5,8718.25,8732.5,14.25
43945,15,0,8733.75,9,2020-04-24,2020-04-24 15:00:00,2020-04-24 15:00:00,NQM20.csv,674,NQM20.csv,4.0,8766.5,8766.5,34935.0,35066.0,-131.0
43945,15,30,8753.0,11,2020-04-24,2020-04-24 15:30:00,2020-04-24 15:30:00,NQM20.csv,508,NQM20.csv,2.0,8766.5,8766.5,17506.0,17533.0,-27.0
43945,16,0,8764.75,6,2020-04-24,2020-04-24 16:00:00,2020-04-24 16:00:00,NQM20.csv,1899,NQM20.csv,-5.0,8771.0,8771.0,43823.75,43855.0,31.25
43945,16,15,8767.5,0,2020-04-24,2020-04-24 16:15:00,2020-04-24 16:15:00,NQM20.csv,536,NQM20.csv,-6.0,8771.0,8763.75,52605.0,52582.5,-22.5
43948,2,30,8856.5,3,2020-04-27,2020-04-27 02:30:00,2020-04-27 02:30:00,NQM20.csv,94,NQM20.csv,3.0,8855.25,8855.25,26569.5,26565.75,3.75
43948,9,15,8869.25,4,2020-04-27,2020-04-27 09:15:00,2020-04-27 09:15:00,NQM20.csv,184,NQM20.csv,1.0,8864.5,8864.5,8869.25,8864.5,4.75
43948,9,45,8832.0,6,2020-04-27,2020-04-27 09:45:00,2020-04-27 09:45:00,NQM20.csv,1254,NQM20.csv,2.0,8864.5,8864.5,17664.0,17729.0,-65.0
43948,10,0,8866.75,9,2020-04-27,2020-04-27 10:00:00,2020-04-27 10:00:00,NQM20.csv,1119,NQM20.csv,3.0,8864.5,8864.5,26600.25,26593.5,6.75
43948,10,15,8866.75,6,2020-04-27,2020-04-27 10:15:00,2020-04-27 10:15:00,NQM20.csv,1055,NQM20.csv,-3.0,8819.75,8819.75,26600.25,26459.25,-141.0
43948,10,30,8849.5,11,2020-04-27,2020-04-27 10:30:00,2020-04-27 10:30:00,NQM20.csv,690,NQM20.csv,5.0,8815.25,8815.25,44247.5,44076.25,171.25
43948,11,5,8832.25,10,2020-04-27,2020-04-27 11:05:00,2020-04-27 11:05:00,NQM20.csv,826,NQM20.csv,-1.0,8847.25,8847.25,8832.25,8847.25,15.0
43948,11,30,8856.0,11,2020-04-27,2020-04-27 11:30:00,2020-04-27 11:30:00,NQM20.csv,456,NQM20.csv,1.0,8842.75,8842.75,8856.0,8842.75,13.25
43948,11,50,8855.0,10,2020-04-27,2020-04-27 11:50:00,2020-04-27 11:50:00,NQM20.csv,471,NQM20.csv,-1.0,8847.25,8847.25,8855.0,8847.25,-7.75
43948,12,0,8845.0,8,2020-04-27,2020-04-27 12:00:00,2020-04-27 12:00:00,NQM20.csv,1090,NQM20.csv,-2.0,8847.25,8847.25,17690.0,17694.5,4.5
43948,12,15,8825.5,9,2020-04-27,2020-04-27 12:15:00,2020-04-27 12:15:00,NQM20.csv,673,NQM20.csv,1.0,8834.0,8834.0,8825.5,8834.0,-8.5
43948,12,30,8830.0,4,2020-04-27,2020-04-27 12:30:00,2020-04-27 12:30:00,NQM20.csv,322,NQM20.csv,-5.0,8838.5,8838.5,44150.0,44192.5,42.5
43948,12,45,8838.75,7,2020-04-27,2020-04-27 12:45:00,2020-04-27 12:45:00,NQM20.csv,709,NQM20.csv,3.0,8834.0,8834.0,26516.25,26502.0,14.25
43948,13,15,8820.25,4,2020-04-27,2020-04-27 13:15:00,2020-04-27 13:15:00,NQM20.csv,663,NQM20.csv,-3.0,8803.75,8803.75,26460.75,26411.25,-49.5
43948,13,30,8810.0,7,2020-04-27,2020-04-27 13:30:00,2020-04-27 13:30:00,NQM20.csv,563,NQM20.csv,3.0,8799.25,8799.25,26430.0,26397.75,32.25
43948,14,0,8801.5,1,2020-04-27,2020-04-27 14:00:00,2020-04-27 14:00:00,NQM20.csv,802,NQM20.csv,-6.0,8803.75,8803.75,52809.0,52822.5,13.5
43948,14,15,8816.5,4,2020-04-27,2020-04-27 14:15:00,2020-04-27 14:15:00,NQM20.csv,524,NQM20.csv,3.0,8821.75,8821.75,26449.5,26465.25,-15.75
43948,14,45,8825.25,1,2020-04-27,2020-04-27 14:45:00,2020-04-27 14:45:00,NQM20.csv,335,NQM20.csv,-3.0,8826.25,8826.25,26475.75,26478.75,3.0
43948,15,30,8825.75,3,2020-04-27,2020-04-27 15:30:00,2020-04-27 15:30:00,NQM20.csv,700,NQM20.csv,2.0,8819.5,8819.5,17651.5,17639.0,12.5
43948,15,45,8847.25,6,2020-04-27,2020-04-27 15:45:00,2020-04-27 15:45:00,NQM20.csv,884,NQM20.csv,3.0,8819.5,8819.5,26541.75,26458.5,83.25
43948,16,0,8821.75,3,2020-04-27,2020-04-27 16:00:00,2020-04-27 16:00:00,NQM20.csv,1152,NQM20.csv,-3.0,8824.0,8824.0,26465.25,26472.0,6.75
43949,2,30,8827.25,7,2020-04-28,2020-04-28 02:30:00,2020-04-28 02:30:00,NQM20.csv,98,NQM20.csv,4.0,8822.0,8822.0,35309.0,35288.0,21.0
43949,7,30,8929.5,0,2020-04-28,2020-04-28 07:30:00,2020-04-28 07:30:00,NQM20.csv,173,NQM20.csv,-7.0,8916.75,8916.75,62506.5,62417.25,-89.25
43949,8,0,8929.75,7,2020-04-28,2020-04-28 08:00:00,2020-04-28 08:00:00,NQM20.csv,385,NQM20.csv,7.0,8912.25,8912.25,62508.25,62385.75,122.5
43949,10,0,8829.75,1,2020-04-28,2020-04-28 10:00:00,2020-04-28 10:00:00,NQM20.csv,2431,NQM20.csv,-6.0,8826.75,8826.75,52978.5,52960.5,-18.0
43949,10,30,8777.0,7,2020-04-28,2020-04-28 10:30:00,2020-04-28 10:30:00,NQM20.csv,1417,NQM20.csv,6.0,8726.5,8726.5,52662.0,52359.0,303.0
43949,11,0,8701.5,6,2020-04-28,2020-04-28 11:00:00,2020-04-28 11:00:00,NQM20.csv,1504,NQM20.csv,-1.0,8731.0,8731.0,8701.5,8731.0,29.5
43949,11,15,8725.75,10,2020-04-28,2020-04-28 11:15:00,2020-04-28 11:15:00,NQM20.csv,548,NQM20.csv,4.0,8718.0,8718.0,34903.0,34872.0,31.0
43949,11,45,8739.25,6,2020-04-28,2020-04-28 11:45:00,2020-04-28 11:45:00,NQM20.csv,701,NQM20.csv,-4.0,8722.5,8722.5,34957.0,34890.0,-67.0
43949,12,15,8716.75,9,2020-04-28,2020-04-28 12:15:00,2020-04-28 12:15:00,NQM20.csv,1940,NQM20.csv,3.0,8730.25,8730.25,26150.25,26190.75,-40.5
43949,12,30,8698.75,10,2020-04-28,2020-04-28 12:30:00,2020-04-28 12:30:00,NQM20.csv,866,NQM20.csv,1.0,8730.25,8730.25,8698.75,8730.25,-31.5
43949,12,45,8714.5,7,2020-04-28,2020-04-28 12:45:00,2020-04-28 12:45:00,NQM20.csv,596,NQM20.csv,-3.0,8734.75,8734.75,26143.5,26204.25,60.75
43949,13,0,8731.0,1,2020-04-28,2020-04-28 13:00:00,2020-04-28 13:00:00,NQM20.csv,546,NQM20.csv,-6.0,8734.75,8734.75,52386.0,52408.5,22.5
43949,13,15,8727.25,5,2020-04-28,2020-04-28 13:15:00,2020-04-28 13:15:00,NQM20.csv,542,NQM20.csv,4.0,8754.5,8754.5,34909.0,35018.0,-109.0
43949,13,30,8730.0,11,2020-04-28,2020-04-28 13:30:00,2020-04-28 13:30:00,NQM20.csv,565,NQM20.csv,6.0,8754.5,8754.5,52380.0,52527.0,-147.0
43949,13,45,8746.25,7,2020-04-28,2020-04-28 13:45:00,2020-04-28 13:45:00,NQM20.csv,750,NQM20.csv,-4.0,8759.0,8759.0,34985.0,35036.0,51.0
43949,14,0,8735.0,2,2020-04-28,2020-04-28 14:00:00,2020-04-28 14:00:00,NQM20.csv,498,NQM20.csv,-5.0,8759.0,8759.0,43675.0,43795.0,120.0
43949,14,30,8753.0,8,2020-04-28,2020-04-28 14:30:00,2020-04-28 14:30:00,NQM20.csv,649,NQM20.csv,6.0,8731.25,8731.25,52518.0,52387.5,130.5
43949,15,0,8722.0,7,2020-04-28,2020-04-28 15:00:00,2020-04-28 15:00:00,NQM20.csv,604,NQM20.csv,-1.0,8735.75,8735.75,8722.0,8735.75,13.75
43950,2,30,8800.0,8,2020-04-29,2020-04-29 02:30:00,2020-04-29 02:30:00,NQM20.csv,228,NQM20.csv,1.0,8803.25,8803.25,8800.0,8803.25,-3.25
43950,3,30,8800.25,11,2020-04-29,2020-04-29 03:30:00,2020-04-29 03:30:00,NQM20.csv,165,NQM20.csv,3.0,8803.25,8803.25,26400.75,26409.75,-9.0
43950,5,30,8821.25,8,2020-04-29,2020-04-29 05:30:00,2020-04-29 05:30:00,NQM20.csv,76,NQM20.csv,-3.0,8804.5,8804.5,26463.75,26413.5,-50.25
43950,5,45,8824.0,1,2020-04-29,2020-04-29 05:45:00,2020-04-29 05:45:00,NQM20.csv,99,NQM20.csv,-7.0,8804.5,8804.5,61768.0,61631.5,-136.5
43950,6,0,8815.75,3,2020-04-29,2020-04-29 06:00:00,2020-04-29 06:00:00,NQM20.csv,49,NQM20.csv,2.0,8800.0,8800.0,17631.5,17600.0,31.5
43950,6,15,8800.5,11,2020-04-29,2020-04-29 06:15:00,2020-04-29 06:15:00,NQM20.csv,87,NQM20.csv,8.0,8800.0,8800.0,70404.0,70400.0,4.0
43950,6,20,8805.75,10,2020-04-29,2020-04-29 06:20:00,2020-04-29 06:20:00,NQM20.csv,45,NQM20.csv,-1.0,8804.5,8804.5,8805.75,8804.5,-1.25
43950,6,30,8797.75,8,2020-04-29,2020-04-29 06:30:00,2020-04-29 06:30:00,NQM20.csv,245,NQM20.csv,-2.0,8789.25,8789.25,17595.5,17578.5,-17.0
43950,6,45,8804.5,1,2020-04-29,2020-04-29 06:45:00,2020-04-29 06:45:00,NQM20.csv,158,NQM20.csv,-7.0,8789.25,8789.25,61631.5,61524.75,-106.75
43950,7,15,8805.75,8,2020-04-29,2020-04-29 07:15:00,2020-04-29 07:15:00,NQM20.csv,179,NQM20.csv,7.0,8784.75,8784.75,61640.25,61493.25,147.0
43950,9,45,8867.0,7,2020-04-29,2020-04-29 09:45:00,2020-04-29 09:45:00,NQM20.csv,1917,NQM20.csv,-1.0,8929.75,8929.75,8867.0,8929.75,62.75
43950,10,0,8894.25,9,2020-04-29,2020-04-29 10:00:00,2020-04-29 10:00:00,NQM20.csv,1124,NQM20.csv,2.0,8925.25,8925.25,17788.5,17850.5,-62.0
43950,10,15,8885.5,10,2020-04-29,2020-04-29 10:15:00,2020-04-29 10:15:00,NQM20.csv,1416,NQM20.csv,1.0,8925.25,8925.25,8885.5,8925.25,-39.75
43950,10,30,8930.25,11,2020-04-29,2020-04-29 10:30:00,2020-04-29 10:30:00,NQM20.csv,1367,NQM20.csv,1.0,8920.5,8920.5,8930.25,8920.5,9.75
43950,10,35,8927.25,10,2020-04-29,2020-04-29 10:35:00,2020-04-29 10:35:00,NQM20.csv,987,NQM20.csv,-1.0,8925.0,8925.0,8927.25,8925.0,-2.25
43950,11,0,8920.25,11,2020-04-29,2020-04-29 11:00:00,2020-04-29 11:00:00,NQM20.csv,965,NQM20.csv,1.0,8920.5,8920.5,8920.25,8920.5,-0.25
43950,12,0,8917.25,9,2020-04-29,2020-04-29 12:00:00,2020-04-29 12:00:00,NQM20.csv,672,NQM20.csv,-2.0,8951.5,8951.5,17834.5,17903.0,68.5
43950,12,30,8951.25,8,2020-04-29,2020-04-29 12:30:00,2020-04-29 12:30:00,NQM20.csv,655,NQM20.csv,-1.0,8953.0,8953.0,8951.25,8953.0,1.75
43950,14,0,8959.5,6,2020-04-29,2020-04-29 14:00:00,2020-04-29 14:00:00,NQM20.csv,1558,NQM20.csv,-2.0,8949.5,8949.5,17919.0,17899.0,-20.0
43950,14,15,8932.25,7,2020-04-29,2020-04-29 14:15:00,2020-04-29 14:15:00,NQM20.csv,1378,NQM20.csv,1.0,8945.0,8945.0,8932.25,8945.0,-12.75
43950,14,30,8953.5,8,2020-04-29,2020-04-29 14:30:00,2020-04-29 14:30:00,NQM20.csv,660,NQM20.csv,1.0,9003.0,9003.0,8953.5,9003.0,-49.5
43950,14,45,8968.5,7,2020-04-29,2020-04-29 14:45:00,2020-04-29 14:45:00,NQM20.csv,427,NQM20.csv,-1.0,9007.5,9007.5,8968.5,9007.5,39.0
43950,15,0,8979.5,8,2020-04-29,2020-04-29 15:00:00,2020-04-29 15:00:00,NQM20.csv,492,NQM20.csv,1.0,9003.0,9003.0,8979.5,9003.0,-23.5
43950,15,30,9006.5,3,2020-04-29,2020-04-29 15:30:00,2020-04-29 15:30:00,NQM20.csv,1032,NQM20.csv,-5.0,9101.25,9070.75,45032.5,45353.75,321.25
43950,16,0,8963.5,8,2020-04-29,2020-04-29 16:00:00,2020-04-29 16:00:00,NQM20.csv,1303,NQM20.csv,5.0,9096.75,9096.75,44817.5,45483.75,-666.25
43951,2,30,9098.5,6,2020-04-30,2020-04-30 02:30:00,2020-04-30 02:30:00,NQM20.csv,69,NQM20.csv,-2.0,9094.5,9094.5,18197.0,18189.0,-8.0
43951,4,30,9074.25,2,2020-04-30,2020-04-30 04:30:00,2020-04-30 04:30:00,NQM20.csv,188,NQM20.csv,-4.0,9091.5,9091.5,36297.0,36366.0,69.0
43951,5,0,9071.5,6,2020-04-30,2020-04-30 05:00:00,2020-04-30 05:00:00,NQM20.csv,186,NQM20.csv,4.0,9087.0,9087.0,36286.0,36348.0,-62.0
43951,5,30,9086.5,2,2020-04-30,2020-04-30 05:30:00,2020-04-30 05:30:00,NQM20.csv,120,NQM20.csv,-4.0,9091.5,9091.5,36346.0,36366.0,20.0
43951,6,0,9095.25,-1,2020-04-30,2020-04-30 06:00:00,2020-04-30 06:00:00,NQM20.csv,381,NQM20.csv,-3.0,9069.0,9069.0,27285.75,27207.0,-78.75
43951,6,30,9074.5,4,2020-04-30,2020-04-30 06:30:00,2020-04-30 06:30:00,NQM20.csv,209,NQM20.csv,5.0,9064.5,9064.5,45372.5,45322.5,50.0
43951,6,45,9064.25,-1,2020-04-30,2020-04-30 06:45:00,2020-04-30 06:45:00,NQM20.csv,341,NQM20.csv,-5.0,9070.25,9070.25,45321.25,45351.25,30.0
43951,7,0,9055.75,0,2020-04-30,2020-04-30 07:00:00,2020-04-30 07:00:00,NQM20.csv,375,NQM20.csv,1.0,9065.75,9065.75,9055.75,9065.75,-10.0
43951,7,15,9050.5,5,2020-04-30,2020-04-30 07:15:00,2020-04-30 07:15:00,NQM20.csv,281,NQM20.csv,5.0,9065.75,9065.75,45252.5,45328.75,-76.25
43951,7,30,9049.5,-1,2020-04-30,2020-04-30 07:30:00,2020-04-30 07:30:00,NQM20.csv,336,NQM20.csv,-6.0,9070.25,9070.25,54297.0,54421.5,124.5
43951,8,0,9046.5,2,2020-04-30,2020-04-30 08:00:00,2020-04-30 08:00:00,NQM20.csv,547,NQM20.csv,3.0,9020.5,9020.5,27139.5,27061.5,78.0
43951,9,15,9000.0,-1,2020-04-30,2020-04-30 09:15:00,2020-04-30 09:15:00,NQM20.csv,432,NQM20.csv,-3.0,8966.25,8966.25,27000.0,26898.75,-101.25
43951,10,0,8996.5,2,2020-04-30,2020-04-30 10:00:00,2020-04-30 10:00:00,NQM20.csv,1788,NQM20.csv,3.0,8976.0,8976.0,26989.5,26928.0,61.5
43951,10,15,8996.75,5,2020-04-30,2020-04-30 10:15:00,2020-04-30 10:15:00,NQM20.csv,937,NQM20.csv,3.0,8976.0,8976.0,26990.25,26928.0,62.25
43951,11,45,8977.0,8,2020-04-30,2020-04-30 11:45:00,2020-04-30 11:45:00,NQM20.csv,656,NQM20.csv,3.0,8918.75,8918.75,26931.0,26756.25,174.75
43951,12,0,8941.0,7,2020-04-30,2020-04-30 12:00:00,2020-04-30 12:00:00,NQM20.csv,1505,NQM20.csv,-1.0,8923.25,8923.25,8941.0,8923.25,-17.75
43951,12,15,8936.75,4,2020-04-30,2020-04-30 12:15:00,2020-04-30 12:15:00,NQM20.csv,641,NQM20.csv,-3.0,8923.25,8923.25,26810.25,26769.75,-40.5
43951,12,30,8919.25,5,2020-04-30,2020-04-30 12:30:00,2020-04-30 12:30:00,NQM20.csv,1093,NQM20.csv,1.0,8918.75,8918.75,8919.25,8918.75,0.5
43951,13,45,8926.0,8,2020-04-30,2020-04-30 13:45:00,2020-04-30 13:45:00,NQM20.csv,559,NQM20.csv,3.0,8919.75,8919.75,26778.0,26759.25,18.75
43951,14,0,8923.75,6,2020-04-30,2020-04-30 14:00:00,2020-04-30 14:00:00,NQM20.csv,568,NQM20.csv,-2.0,8924.25,8924.25,17847.5,17848.5,1.0
43951,14,15,8951.0,3,2020-04-30,2020-04-30 14:15:00,2020-04-30 14:15:00,NQM20.csv,350,NQM20.csv,-3.0,8924.25,8924.25,26853.0,26772.75,-80.25
43951,14,30,8938.75,2,2020-04-30,2020-04-30 14:30:00,2020-04-30 14:30:00,NQM20.csv,379,NQM20.csv,-1.0,8924.25,8924.25,8938.75,8924.25,-14.5
43951,15,30,8972.25,0,2020-04-30,2020-04-30 15:30:00,2020-04-30 15:30:00,NQM20.csv,764,NQM20.csv,-2.0,8957.0,8957.0,17944.5,17914.0,-30.5
43951,15,45,8953.75,1,2020-04-30,2020-04-30 15:45:00,2020-04-30 15:45:00,NQM20.csv,597,NQM20.csv,1.0,8870.25,8870.25,8953.75,8870.25,83.5
43951,16,0,8986.0,2,2020-04-30,2020-04-30 16:00:00,2020-04-30 16:00:00,NQM20.csv,2688,NQM20.csv,1.0,8870.25,8870.25,8986.0,8870.25,115.75
43952,2,30,8774.5,5,2020-05-01,2020-05-01 02:30:00,2020-05-01 02:30:00,NQM20.csv,47,NQM20.csv,3.0,8752.75,8752.75,26323.5,26258.25,65.25
43952,6,45,8774.25,8,2020-05-01,2020-05-01 06:45:00,2020-05-01 06:45:00,NQM20.csv,44,NQM20.csv,3.0,8763.25,8763.25,26322.75,26289.75,33.0
43952,7,0,8772.25,2,2020-05-01,2020-05-01 07:00:00,2020-05-01 07:00:00,NQM20.csv,146,NQM20.csv,-6.0,8781.25,8781.25,52633.5,52687.5,54.0
43952,7,15,8760.25,-1,2020-05-01,2020-05-01 07:15:00,2020-05-01 07:15:00,NQM20.csv,77,NQM20.csv,-3.0,8781.25,8781.25,26280.75,26343.75,63.0
43952,7,30,8749.5,11,2020-05-01,2020-05-01 07:30:00,2020-05-01 07:30:00,NQM20.csv,180,NQM20.csv,12.0,8776.75,8776.75,104994.0,105321.0,-327.0
43952,7,40,8760.5,9,2020-05-01,2020-05-01 07:40:00,2020-05-01 07:40:00,NQM20.csv,107,NQM20.csv,-2.0,8781.25,8781.25,17521.0,17562.5,41.5
43952,7,45,8770.75,-1,2020-05-01,2020-05-01 07:45:00,2020-05-01 07:45:00,NQM20.csv,160,NQM20.csv,-10.0,8781.25,8781.25,87707.5,87812.5,105.0
43952,8,0,8782.5,-5,2020-05-01,2020-05-01 08:00:00,2020-05-01 08:00:00,NQM20.csv,250,NQM20.csv,-4.0,8787.5,8778.25,35130.0,35113.0,-17.0
43952,8,15,8776.0,5,2020-05-01,2020-05-01 08:15:00,2020-05-01 08:15:00,NQM20.csv,66,NQM20.csv,10.0,8783.0,8783.0,87760.0,87830.0,-70.0
43952,9,45,8810.25,3,2020-05-01,2020-05-01 09:45:00,2020-05-01 09:45:00,NQM20.csv,1155,NQM20.csv,-2.0,8812.5,8812.5,17620.5,17625.0,4.5
43952,10,0,8833.75,7,2020-05-01,2020-05-01 10:00:00,2020-05-01 10:00:00,NQM20.csv,2149,NQM20.csv,4.0,8830.0,8830.0,35335.0,35320.0,15.0
43952,10,15,8849.75,9,2020-05-01,2020-05-01 10:15:00,2020-05-01 10:15:00,NQM20.csv,737,NQM20.csv,2.0,8830.0,8830.0,17699.5,17660.0,39.5
43952,10,30,8829.25,11,2020-05-01,2020-05-01 10:30:00,2020-05-01 10:30:00,NQM20.csv,1124,NQM20.csv,2.0,8830.0,8830.0,17658.5,17660.0,-1.5
43952,10,35,8828.25,9,2020-05-01,2020-05-01 10:35:00,2020-05-01 10:35:00,NQM20.csv,1672,NQM20.csv,-2.0,8834.5,8834.5,17656.5,17669.0,12.5
43952,10,45,8828.25,8,2020-05-01,2020-05-01 10:45:00,2020-05-01 10:45:00,NQM20.csv,794,NQM20.csv,-1.0,8834.5,8834.5,8828.25,8834.5,6.25
43952,11,15,8818.75,9,2020-05-01,2020-05-01 11:15:00,2020-05-01 11:15:00,NQM20.csv,692,NQM20.csv,1.0,8735.75,8735.75,8818.75,8735.75,83.0
43952,11,30,8783.5,5,2020-05-01,2020-05-01 11:30:00,2020-05-01 11:30:00,NQM20.csv,1481,NQM20.csv,-4.0,8740.25,8740.25,35134.0,34961.0,-173.0
43952,11,45,8768.0,3,2020-05-01,2020-05-01 11:45:00,2020-05-01 11:45:00,NQM20.csv,1533,NQM20.csv,-2.0,8740.25,8740.25,17536.0,17480.5,-55.5
43952,12,0,8728.0,8,2020-05-01,2020-05-01 12:00:00,2020-05-01 12:00:00,NQM20.csv,2274,NQM20.csv,5.0,8699.5,8699.5,43640.0,43497.5,142.5
43952,12,15,8729.75,10,2020-05-01,2020-05-01 12:15:00,2020-05-01 12:15:00,NQM20.csv,960,NQM20.csv,2.0,8699.5,8699.5,17459.5,17399.0,60.5
43952,12,30,8706.0,9,2020-05-01,2020-05-01 12:30:00,2020-05-01 12:30:00,NQM20.csv,1023,NQM20.csv,-1.0,8704.0,8704.0,8706.0,8704.0,-2.0
43952,13,0,8699.5,10,2020-05-01,2020-05-01 13:00:00,2020-05-01 13:00:00,NQM20.csv,515,NQM20.csv,1.0,8691.25,8691.25,8699.5,8691.25,8.25
43952,13,15,8686.5,11,2020-05-01,2020-05-01 13:15:00,2020-05-01 13:15:00,NQM20.csv,680,NQM20.csv,1.0,8691.25,8691.25,8686.5,8691.25,-4.75
43952,13,20,8682.0,9,2020-05-01,2020-05-01 13:20:00,2020-05-01 13:20:00,NQM20.csv,526,NQM20.csv,-2.0,8695.75,8695.75,17364.0,17391.5,27.5
43952,13,30,8693.0,2,2020-05-01,2020-05-01 13:30:00,2020-05-01 13:30:00,NQM20.csv,476,NQM20.csv,-7.0,8695.75,8695.75,60851.0,60870.25,19.25
43952,13,45,8685.5,3,2020-05-01,2020-05-01 13:45:00,2020-05-01 13:45:00,NQM20.csv,275,NQM20.csv,1.0,8691.25,8691.25,8685.5,8691.25,-5.75
43952,14,0,8697.0,6,2020-05-01,2020-05-01 14:00:00,2020-05-01 14:00:00,NQM20.csv,627,NQM20.csv,3.0,8711.5,8711.5,26091.0,26134.5,-43.5
43952,15,0,8725.0,8,2020-05-01,2020-05-01 15:00:00,2020-05-01 15:00:00,NQM20.csv,882,NQM20.csv,2.0,8691.5,8691.5,17450.0,17383.0,67.0
43952,15,45,8713.25,10,2020-05-01,2020-05-01 15:45:00,2020-05-01 15:45:00,NQM20.csv,427,NQM20.csv,2.0,8691.5,8691.5,17426.5,17383.0,43.5
43952,16,0,8716.0,5,2020-05-01,2020-05-01 16:00:00,2020-05-01 16:00:00,NQM20.csv,1576,NQM20.csv,-5.0,8696.0,8702.0,43580.0,43510.0,-70.0
43952,16,15,8716.75,0,2020-05-01,2020-05-01 16:15:00,2020-05-01 16:15:00,NQM20.csv,293,NQM20.csv,-5.0,8696.0,8702.0,43583.75,43510.0,-73.75
43955,2,30,8650.75,3,2020-05-04,2020-05-04 02:30:00,2020-05-04 02:30:00,NQM20.csv,98,NQM20.csv,3.0,8685.0,8685.0,25952.25,26055.0,-102.75
43955,4,30,8659.5,8,2020-05-04,2020-05-04 04:30:00,2020-05-04 04:30:00,NQM20.csv,115,NQM20.csv,5.0,8647.0,8647.0,43297.5,43235.0,62.5
43955,5,30,8620.0,11,2020-05-04,2020-05-04 05:30:00,2020-05-04 05:30:00,NQM20.csv,159,NQM20.csv,3.0,8646.25,8646.25,25860.0,25938.75,-78.75
43955,6,0,8648.5,7,2020-05-04,2020-05-04 06:00:00,2020-05-04 06:00:00,NQM20.csv,208,NQM20.csv,-4.0,8650.75,8650.75,34594.0,34603.0,9.0
43955,6,30,8654.25,11,2020-05-04,2020-05-04 06:30:00,2020-05-04 06:30:00,NQM20.csv,112,NQM20.csv,4.0,8644.5,8644.5,34617.0,34578.0,39.0
43955,7,20,8641.25,9,2020-05-04,2020-05-04 07:20:00,2020-05-04 07:20:00,NQM20.csv,117,NQM20.csv,-2.0,8663.25,8663.25,17282.5,17326.5,44.0
43955,7,30,8645.0,10,2020-05-04,2020-05-04 07:30:00,2020-05-04 07:30:00,NQM20.csv,123,NQM20.csv,1.0,8658.75,8658.75,8645.0,8658.75,-13.75
43955,7,45,8660.0,11,2020-05-04,2020-05-04 07:45:00,2020-05-04 07:45:00,NQM20.csv,248,NQM20.csv,1.0,8658.75,8658.75,8660.0,8658.75,1.25
43955,8,0,8661.0,8,2020-05-04,2020-05-04 08:00:00,2020-05-04 08:00:00,NQM20.csv,341,NQM20.csv,-3.0,8663.25,8663.25,25983.0,25989.75,6.75
43955,9,45,8671.75,5,2020-05-04,2020-05-04 09:45:00,2020-05-04 09:45:00,NQM20.csv,1298,NQM20.csv,-3.0,8722.5,8722.5,26015.25,26167.5,152.25
43955,10,0,8720.25,11,2020-05-04,2020-05-04 10:00:00,2020-05-04 10:00:00,NQM20.csv,2152,NQM20.csv,6.0,8718.0,8718.0,52321.5,52308.0,13.5
43955,10,5,8748.25,9,2020-05-04,2020-05-04 10:05:00,2020-05-04 10:05:00,NQM20.csv,1386,NQM20.csv,-2.0,8735.0,8735.0,17496.5,17470.0,-26.5
43955,10,15,8744.5,11,2020-05-04,2020-05-04 10:15:00,2020-05-04 10:15:00,NQM20.csv,751,NQM20.csv,2.0,8730.5,8730.5,17489.0,17461.0,28.0
43955,10,30,8742.75,5,2020-05-04,2020-05-04 10:30:00,2020-05-04 10:30:00,NQM20.csv,1279,NQM20.csv,-6.0,8735.0,8735.0,52456.5,52410.0,-46.5
43955,11,0,8732.75,11,2020-05-04,2020-05-04 11:00:00,2020-05-04 11:00:00,NQM20.csv,910,NQM20.csv,6.0,8730.5,8730.5,52396.5,52383.0,13.5
43955,12,0,8766.5,9,2020-05-04,2020-05-04 12:00:00,2020-05-04 12:00:00,NQM20.csv,435,NQM20.csv,-2.0,8768.75,8768.75,17533.0,17537.5,4.5
43955,12,15,8755.25,11,2020-05-04,2020-05-04 12:15:00,2020-05-04 12:15:00,NQM20.csv,481,NQM20.csv,2.0,8722.5,8722.5,17510.5,17445.0,65.5
43955,12,30,8763.5,8,2020-05-04,2020-05-04 12:30:00,2020-05-04 12:30:00,NQM20.csv,418,NQM20.csv,-3.0,8727.0,8727.0,26290.5,26181.0,-109.5
43955,12,45,8734.0,5,2020-05-04,2020-05-04 12:45:00,2020-05-04 12:45:00,NQM20.csv,324,NQM20.csv,-3.0,8727.0,8727.0,26202.0,26181.0,-21.0
43955,13,15,8716.0,6,2020-05-04,2020-05-04 13:15:00,2020-05-04 13:15:00,NQM20.csv,325,NQM20.csv,1.0,8744.0,8744.0,8716.0,8744.0,-28.0
43955,14,45,8739.25,7,2020-05-04,2020-05-04 14:45:00,2020-05-04 14:45:00,NQM20.csv,530,NQM20.csv,1.0,8772.5,8772.5,8739.25,8772.5,-33.25
43955,15,0,8774.75,4,2020-05-04,2020-05-04 15:00:00,2020-05-04 15:00:00,NQM20.csv,639,NQM20.csv,-3.0,8777.0,8777.0,26324.25,26331.0,6.75
43955,15,15,8788.0,3,2020-05-04,2020-05-04 15:15:00,2020-05-04 15:15:00,NQM20.csv,402,NQM20.csv,-1.0,8819.0,8819.0,8788.0,8819.0,31.0
43955,15,30,8798.0,1,2020-05-04,2020-05-04 15:30:00,2020-05-04 15:30:00,NQM20.csv,483,NQM20.csv,-2.0,8819.0,8819.0,17596.0,17638.0,42.0
43955,15,45,8806.25,3,2020-05-04,2020-05-04 15:45:00,2020-05-04 15:45:00,NQM20.csv,779,NQM20.csv,2.0,8814.5,8814.5,17612.5,17629.0,-16.5
43955,16,0,8816.75,8,2020-05-04,2020-05-04 16:00:00,2020-05-04 16:00:00,NQM20.csv,939,NQM20.csv,5.0,8814.5,8814.5,44083.75,44072.5,11.25
43956,2,30,8860.25,7,2020-05-05,2020-05-05 02:30:00,2020-05-05 02:30:00,NQM20.csv,45,NQM20.csv,-1.0,8869.5,8869.5,8860.25,8869.5,9.25
43956,6,0,8878.5,3,2020-05-05,2020-05-05 06:00:00,2020-05-05 06:00:00,NQM20.csv,270,NQM20.csv,-4.0,8886.0,8886.0,35514.0,35544.0,30.0
43956,8,0,8907.0,7,2020-05-05,2020-05-05 08:00:00,2020-05-05 08:00:00,NQM20.csv,187,NQM20.csv,4.0,8916.5,8916.5,35628.0,35666.0,-38.0
43956,9,15,8915.25,4,2020-05-05,2020-05-05 09:15:00,2020-05-05 09:15:00,NQM20.csv,164,NQM20.csv,-3.0,8947.5,8947.5,26745.75,26842.5,96.75
43956,10,0,8959.75,11,2020-05-05,2020-05-05 10:00:00,2020-05-05 10:00:00,NQM20.csv,1755,NQM20.csv,7.0,8943.0,8943.0,62718.25,62601.0,117.25
43956,10,30,8945.0,9,2020-05-05,2020-05-05 10:30:00,2020-05-05 10:30:00,NQM20.csv,681,NQM20.csv,-2.0,8963.75,8963.75,17890.0,17927.5,37.5
43956,10,35,8957.75,11,2020-05-05,2020-05-05 10:35:00,2020-05-05 10:35:00,NQM20.csv,708,NQM20.csv,2.0,8959.25,8959.25,17915.5,17918.5,-3.0
43956,12,30,8977.0,9,2020-05-05,2020-05-05 12:30:00,2020-05-05 12:30:00,NQM20.csv,451,NQM20.csv,-2.0,8978.0,8978.0,17954.0,17956.0,2.0
43956,12,45,8971.0,11,2020-05-05,2020-05-05 12:45:00,2020-05-05 12:45:00,NQM20.csv,432,NQM20.csv,2.0,8973.5,8973.5,17942.0,17947.0,-5.0
43956,12,50,8976.0,9,2020-05-05,2020-05-05 12:50:00,2020-05-05 12:50:00,NQM20.csv,419,NQM20.csv,-2.0,8978.0,8978.0,17952.0,17956.0,4.0
43956,14,0,8996.0,5,2020-05-05,2020-05-05 14:00:00,2020-05-05 14:00:00,NQM20.csv,604,NQM20.csv,-4.0,9007.5,9007.5,35984.0,36030.0,46.0
43956,14,30,9015.75,8,2020-05-05,2020-05-05 14:30:00,2020-05-05 14:30:00,NQM20.csv,420,NQM20.csv,3.0,9014.5,9014.5,27047.25,27043.5,3.75
43956,15,30,8945.5,3,2020-05-05,2020-05-05 15:30:00,2020-05-05 15:30:00,NQM20.csv,1864,NQM20.csv,-5.0,8922.75,8922.75,44727.5,44613.75,-113.75
43956,16,0,8913.75,7,2020-05-05,2020-05-05 16:00:00,2020-05-05 16:00:00,NQM20.csv,1238,NQM20.csv,4.0,8918.25,8918.25,35655.0,35673.0,-18.0
43957,2,30,8992.0,5,2020-05-06,2020-05-06 02:30:00,2020-05-06 02:30:00,NQM20.csv,98,NQM20.csv,-2.0,8992.5,8992.5,17984.0,17985.0,1.0
43957,3,30,8988.25,9,2020-05-06,2020-05-06 03:30:00,2020-05-06 03:30:00,NQM20.csv,94,NQM20.csv,4.0,8976.0,8976.0,35953.0,35904.0,49.0
43957,5,30,8991.25,5,2020-05-06,2020-05-06 05:30:00,2020-05-06 05:30:00,NQM20.csv,68,NQM20.csv,-4.0,8999.0,8999.0,35965.0,35996.0,31.0
43957,9,15,8989.5,-1,2020-05-06,2020-05-06 09:15:00,2020-05-06 09:15:00,NQM20.csv,112,NQM20.csv,-6.0,8982.5,8982.5,53937.0,53895.0,-42.0
43957,9,45,9010.0,0,2020-05-06,2020-05-06 09:45:00,2020-05-06 09:45:00,NQM20.csv,1331,NQM20.csv,1.0,8987.5,8987.5,9010.0,8987.5,22.5
43957,10,0,8986.0,3,2020-05-06,2020-05-06 10:00:00,2020-05-06 10:00:00,NQM20.csv,1004,NQM20.csv,3.0,8987.5,8987.5,26958.0,26962.5,-4.5
43957,10,15,8956.25,8,2020-05-06,2020-05-06 10:15:00,2020-05-06 10:15:00,NQM20.csv,1265,NQM20.csv,5.0,8987.5,8987.5,44781.25,44937.5,-156.25
43957,10,30,8992.0,10,2020-05-06,2020-05-06 10:30:00,2020-05-06 10:30:00,NQM20.csv,1117,NQM20.csv,2.0,9010.0,9010.0,17984.0,18020.0,-36.0
43957,11,0,9027.75,8,2020-05-06,2020-05-06 11:00:00,2020-05-06 11:00:00,NQM20.csv,735,NQM20.csv,-2.0,9014.5,9014.5,18055.5,18029.0,-26.5
43957,11,30,9015.25,10,2020-05-06,2020-05-06 11:30:00,2020-05-06 11:30:00,NQM20.csv,927,NQM20.csv,2.0,9018.75,9018.75,18030.5,18037.5,-7.0
43957,12,0,9010.75,11,2020-05-06,2020-05-06 12:00:00,2020-05-06 12:00:00,NQM20.csv,397,NQM20.csv,1.0,9018.75,9018.75,9010.75,9018.75,-8.0
43957,12,20,9027.0,9,2020-05-06,2020-05-06 12:20:00,2020-05-06 12:20:00,NQM20.csv,649,NQM20.csv,-2.0,9023.25,9023.25,18054.0,18046.5,-7.5
43957,12,30,9021.75,5,2020-05-06,2020-05-06 12:30:00,2020-05-06 12:30:00,NQM20.csv,279,NQM20.csv,-4.0,9028.75,9028.75,36087.0,36115.0,28.0
43957,12,45,9024.25,7,2020-05-06,2020-05-06 12:45:00,2020-05-06 12:45:00,NQM20.csv,496,NQM20.csv,2.0,9024.25,9024.25,18048.5,18048.5,0.0
43957,14,0,9042.25,6,2020-05-06,2020-05-06 14:00:00,2020-05-06 14:00:00,NQM20.csv,1076,NQM20.csv,-1.0,9027.0,9027.0,9042.25,9027.0,-15.25
43957,14,30,9018.0,7,2020-05-06,2020-05-06 14:30:00,2020-05-06 14:30:00,NQM20.csv,1250,NQM20.csv,1.0,9022.75,9022.75,9018.0,9022.75,-4.75
43957,15,30,9019.25,3,2020-05-06,2020-05-06 15:30:00,2020-05-06 15:30:00,NQM20.csv,1242,NQM20.csv,-4.0,8948.25,8948.25,36077.0,35793.0,-284.0
43957,15,45,8993.5,5,2020-05-06,2020-05-06 15:45:00,2020-05-06 15:45:00,NQM20.csv,939,NQM20.csv,2.0,8943.75,8943.75,17987.0,17887.5,99.5
43958,3,30,9075.0,6,2020-05-07,2020-05-07 03:30:00,2020-05-07 03:30:00,NQM20.csv,158,NQM20.csv,1.0,9067.0,9067.0,9075.0,9067.0,8.0
43958,5,30,9082.0,5,2020-05-07,2020-05-07 05:30:00,2020-05-07 05:30:00,NQM20.csv,319,NQM20.csv,-1.0,9100.0,9100.0,9082.0,9100.0,18.0
43958,6,0,9094.25,0,2020-05-07,2020-05-07 06:00:00,2020-05-07 06:00:00,NQM20.csv,262,NQM20.csv,-5.0,9086.5,9086.5,45471.25,45432.5,-38.75
43958,6,30,9094.0,5,2020-05-07,2020-05-07 06:30:00,2020-05-07 06:30:00,NQM20.csv,66,NQM20.csv,5.0,9082.0,9082.0,45470.0,45410.0,60.0
43958,7,45,9086.0,1,2020-05-07,2020-05-07 07:45:00,2020-05-07 07:45:00,NQM20.csv,159,NQM20.csv,-4.0,9083.75,9083.75,36344.0,36335.0,-9.0
43958,8,15,9079.0,5,2020-05-07,2020-05-07 08:15:00,2020-05-07 08:15:00,NQM20.csv,160,NQM20.csv,4.0,9079.25,9079.25,36316.0,36317.0,-1.0
43958,9,15,9084.0,7,2020-05-07,2020-05-07 09:15:00,2020-05-07 09:15:00,NQM20.csv,177,NQM20.csv,2.0,9088.0,9088.0,18168.0,18176.0,-8.0
43958,9,45,9093.0,6,2020-05-07,2020-05-07 09:45:00,2020-05-07 09:45:00,NQM20.csv,1415,NQM20.csv,-1.0,9070.25,9070.25,9093.0,9070.25,-22.75
43958,10,15,9051.75,5,2020-05-07,2020-05-07 10:15:00,2020-05-07 10:15:00,NQM20.csv,1022,NQM20.csv,-1.0,9070.25,9070.25,9051.75,9070.25,18.5
43958,10,30,9069.0,9,2020-05-07,2020-05-07 10:30:00,2020-05-07 10:30:00,NQM20.csv,719,NQM20.csv,4.0,9065.75,9065.75,36276.0,36263.0,13.0
43958,12,0,9097.25,3,2020-05-07,2020-05-07 12:00:00,2020-05-07 12:00:00,NQM20.csv,713,NQM20.csv,-6.0,9110.25,9110.25,54583.5,54661.5,78.0
43958,12,30,9109.5,4,2020-05-07,2020-05-07 12:30:00,2020-05-07 12:30:00,NQM20.csv,455,NQM20.csv,1.0,9105.75,9105.75,9109.5,9105.75,3.75
43958,14,30,9091.5,6,2020-05-07,2020-05-07 14:30:00,2020-05-07 14:30:00,NQM20.csv,470,NQM20.csv,2.0,9088.75,9088.75,18183.0,18177.5,5.5
43958,15,30,9087.0,3,2020-05-07,2020-05-07 15:30:00,2020-05-07 15:30:00,NQM20.csv,842,NQM20.csv,-3.0,9075.0,9075.0,27261.0,27225.0,-36.0
43958,15,45,9071.75,5,2020-05-07,2020-05-07 15:45:00,2020-05-07 15:45:00,NQM20.csv,1135,NQM20.csv,2.0,9116.75,9116.75,18143.5,18233.5,-90.0
43959,2,30,9212.5,6,2020-05-08,2020-05-08 02:30:00,2020-05-08 02:30:00,NQM20.csv,336,NQM20.csv,1.0,9196.75,9196.75,9212.5,9196.75,15.75
43959,3,30,9193.25,10,2020-05-08,2020-05-08 03:30:00,2020-05-08 03:30:00,NQM20.csv,454,NQM20.csv,4.0,9186.0,9186.0,36773.0,36744.0,29.0
43959,5,30,9190.25,6,2020-05-08,2020-05-08 05:30:00,2020-05-08 05:30:00,NQM20.csv,35,NQM20.csv,-4.0,9199.5,9199.5,36761.0,36798.0,37.0
43959,6,0,9203.0,-2,2020-05-08,2020-05-08 06:00:00,2020-05-08 06:00:00,NQM20.csv,349,NQM20.csv,-8.0,9211.5,9211.5,73624.0,73692.0,68.0
43959,8,0,9194.25,6,2020-05-08,2020-05-08 08:00:00,2020-05-08 08:00:00,NQM20.csv,105,NQM20.csv,8.0,9187.5,9187.5,73554.0,73500.0,54.0
43959,10,0,9145.0,5,2020-05-08,2020-05-08 10:00:00,2020-05-08 10:00:00,NQM20.csv,1618,NQM20.csv,-1.0,9174.0,9174.0,9145.0,9174.0,29.0
43959,10,30,9183.0,10,2020-05-08,2020-05-08 10:30:00,2020-05-08 10:30:00,NQM20.csv,910,NQM20.csv,5.0,9169.5,9169.5,45915.0,45847.5,67.5
43959,11,0,9172.75,9,2020-05-08,2020-05-08 11:00:00,2020-05-08 11:00:00,NQM20.csv,714,NQM20.csv,-1.0,9202.5,9202.5,9172.75,9202.5,29.75
43959,11,30,9177.75,10,2020-05-08,2020-05-08 11:30:00,2020-05-08 11:30:00,NQM20.csv,553,NQM20.csv,1.0,9198.0,9198.0,9177.75,9198.0,-20.25
43959,12,0,9204.0,11,2020-05-08,2020-05-08 12:00:00,2020-05-08 12:00:00,NQM20.csv,378,NQM20.csv,1.0,9208.75,9208.75,9204.0,9208.75,-4.75
43959,12,5,9202.0,9,2020-05-08,2020-05-08 12:05:00,2020-05-08 12:05:00,NQM20.csv,600,NQM20.csv,-2.0,9213.25,9213.25,18404.0,18426.5,22.5
43959,12,30,9203.5,4,2020-05-08,2020-05-08 12:30:00,2020-05-08 12:30:00,NQM20.csv,403,NQM20.csv,-5.0,9213.25,9213.25,46017.5,46066.25,48.75
43959,13,45,9171.75,7,2020-05-08,2020-05-08 13:45:00,2020-05-08 13:45:00,NQM20.csv,504,NQM20.csv,3.0,9163.0,9163.0,27515.25,27489.0,26.25
43959,14,0,9167.75,8,2020-05-08,2020-05-08 14:00:00,2020-05-08 14:00:00,NQM20.csv,377,NQM20.csv,1.0,9179.0,9179.0,9167.75,9179.0,-11.25
43959,14,15,9175.0,5,2020-05-08,2020-05-08 14:15:00,2020-05-08 14:15:00,NQM20.csv,606,NQM20.csv,-3.0,9183.5,9183.5,27525.0,27550.5,25.5
43959,14,30,9178.25,9,2020-05-08,2020-05-08 14:30:00,2020-05-08 14:30:00,NQM20.csv,343,NQM20.csv,4.0,9179.0,9179.0,36713.0,36716.0,-3.0
43959,15,45,9209.25,8,2020-05-08,2020-05-08 15:45:00,2020-05-08 15:45:00,NQM20.csv,748,NQM20.csv,-1.0,9212.75,9212.75,9209.25,9212.75,3.5
43959,16,0,9209.25,6,2020-05-08,2020-05-08 16:00:00,2020-05-08 16:00:00,NQM20.csv,1161,NQM20.csv,-2.0,9212.75,9212.75,18418.5,18425.5,7.0
43959,16,15,9219.25,0,2020-05-08,2020-05-08 16:15:00,2020-05-08 16:15:00,NQM20.csv,393,NQM20.csv,-6.0,9212.75,9222.5,55315.5,55335.0,19.5
43962,2,30,9245.25,-3,2020-05-11,2020-05-11 02:30:00,2020-05-11 02:30:00,NQM20.csv,96,NQM20.csv,-3.0,9256.75,9256.75,27735.75,27770.25,34.5
43962,4,30,9238.75,4,2020-05-11,2020-05-11 04:30:00,2020-05-11 04:30:00,NQM20.csv,337,NQM20.csv,7.0,9216.25,9216.25,64671.25,64513.75,157.5
43962,7,45,9160.5,-1,2020-05-11,2020-05-11 07:45:00,2020-05-11 07:45:00,NQM20.csv,764,NQM20.csv,-5.0,9152.0,9152.0,45802.5,45760.0,-42.5
43962,8,0,9149.75,7,2020-05-11,2020-05-11 08:00:00,2020-05-11 08:00:00,NQM20.csv,642,NQM20.csv,8.0,9147.5,9147.5,73198.0,73180.0,18.0
43962,8,15,9146.5,11,2020-05-11,2020-05-11 08:15:00,2020-05-11 08:15:00,NQM20.csv,290,NQM20.csv,4.0,9142.25,9142.25,36586.0,36569.0,17.0
43962,8,30,9132.25,4,2020-05-11,2020-05-11 08:30:00,2020-05-11 08:30:00,NQM20.csv,367,NQM20.csv,-7.0,9146.75,9146.75,63925.75,64027.25,101.5
43962,9,45,9203.5,5,2020-05-11,2020-05-11 09:45:00,2020-05-11 09:45:00,NQM20.csv,1259,NQM20.csv,1.0,9200.0,9200.0,9203.5,9200.0,3.5
43962,10,15,9230.25,4,2020-05-11,2020-05-11 10:15:00,2020-05-11 10:15:00,NQM20.csv,1243,NQM20.csv,-1.0,9233.25,9233.25,9230.25,9233.25,3.0
43962,10,30,9235.0,6,2020-05-11,2020-05-11 10:30:00,2020-05-11 10:30:00,NQM20.csv,772,NQM20.csv,2.0,9228.75,9228.75,18470.0,18457.5,12.5
43962,11,30,9260.75,8,2020-05-11,2020-05-11 11:30:00,2020-05-11 11:30:00,NQM20.csv,489,NQM20.csv,2.0,9261.5,9261.5,18521.5,18523.0,-1.5
43962,12,0,9263.75,11,2020-05-11,2020-05-11 12:00:00,2020-05-11 12:00:00,NQM20.csv,1039,NQM20.csv,3.0,9261.5,9261.5,27791.25,27784.5,6.75
43962,12,5,9261.75,10,2020-05-11,2020-05-11 12:05:00,2020-05-11 12:05:00,NQM20.csv,459,NQM20.csv,-1.0,9281.5,9281.5,9261.75,9281.5,19.75
43962,12,30,9278.25,8,2020-05-11,2020-05-11 12:30:00,2020-05-11 12:30:00,NQM20.csv,422,NQM20.csv,-2.0,9281.5,9281.5,18556.5,18563.0,6.5
43962,15,0,9322.25,9,2020-05-11,2020-05-11 15:00:00,2020-05-11 15:00:00,NQM20.csv,874,NQM20.csv,1.0,9320.0,9320.0,9322.25,9320.0,2.25
43962,15,30,9312.0,3,2020-05-11,2020-05-11 15:30:00,2020-05-11 15:30:00,NQM20.csv,759,NQM20.csv,-6.0,9290.75,9290.75,55872.0,55744.5,-127.5
43962,16,0,9288.5,4,2020-05-11,2020-05-11 16:00:00,2020-05-11 16:00:00,NQM20.csv,1590,NQM20.csv,1.0,9286.25,9286.25,9288.5,9286.25,2.25
43963,2,30,9237.5,9,2020-05-12,2020-05-12 02:30:00,2020-05-12 02:30:00,NQM20.csv,104,NQM20.csv,5.0,9273.25,9273.25,46187.5,46366.25,-178.75
43963,4,30,9276.25,8,2020-05-12,2020-05-12 04:30:00,2020-05-12 04:30:00,NQM20.csv,195,NQM20.csv,-1.0,9260.5,9260.5,9276.25,9260.5,-15.75
43963,5,45,9254.75,7,2020-05-12,2020-05-12 05:45:00,2020-05-12 05:45:00,NQM20.csv,142,NQM20.csv,-1.0,9275.0,9275.0,9254.75,9275.0,20.25
43963,6,0,9278.25,3,2020-05-12,2020-05-12 06:00:00,2020-05-12 06:00:00,NQM20.csv,188,NQM20.csv,-4.0,9275.0,9275.0,37113.0,37100.0,-13.0
43963,6,15,9275.25,4,2020-05-12,2020-05-12 06:15:00,2020-05-12 06:15:00,NQM20.csv,166,NQM20.csv,1.0,9302.75,9302.75,9275.25,9302.75,-27.5
43963,6,45,9295.25,0,2020-05-12,2020-05-12 06:45:00,2020-05-12 06:45:00,NQM20.csv,73,NQM20.csv,-4.0,9307.25,9307.25,37181.0,37229.0,48.0
43963,7,15,9306.25,4,2020-05-12,2020-05-12 07:15:00,2020-05-12 07:15:00,NQM20.csv,145,NQM20.csv,4.0,9316.0,9316.0,37225.0,37264.0,-39.0
43963,7,45,9309.5,-1,2020-05-12,2020-05-12 07:45:00,2020-05-12 07:45:00,NQM20.csv,173,NQM20.csv,-5.0,9320.5,9320.5,46547.5,46602.5,55.0
43963,8,0,9317.5,3,2020-05-12,2020-05-12 08:00:00,2020-05-12 08:00:00,NQM20.csv,260,NQM20.csv,4.0,9316.0,9316.0,37270.0,37264.0,6.0
43963,8,15,9313.75,8,2020-05-12,2020-05-12 08:15:00,2020-05-12 08:15:00,NQM20.csv,186,NQM20.csv,5.0,9306.0,9306.0,46568.75,46530.0,38.75
43963,10,15,9275.25,9,2020-05-12,2020-05-12 10:15:00,2020-05-12 10:15:00,NQM20.csv,1992,NQM20.csv,1.0,9318.25,9318.25,9275.25,9318.25,-43.0
43963,10,30,9281.25,11,2020-05-12,2020-05-12 10:30:00,2020-05-12 10:30:00,NQM20.csv,1160,NQM20.csv,2.0,9318.25,9318.25,18562.5,18636.5,-74.0
43963,10,35,9296.25,9,2020-05-12,2020-05-12 10:35:00,2020-05-12 10:35:00,NQM20.csv,1083,NQM20.csv,-2.0,9322.75,9322.75,18592.5,18645.5,53.0
43963,10,45,9304.25,8,2020-05-12,2020-05-12 10:45:00,2020-05-12 10:45:00,NQM20.csv,951,NQM20.csv,-1.0,9322.75,9322.75,9304.25,9322.75,18.5
43963,11,45,9306.5,10,2020-05-12,2020-05-12 11:45:00,2020-05-12 11:45:00,NQM20.csv,918,NQM20.csv,2.0,9302.25,9302.25,18613.0,18604.5,8.5
43963,12,0,9312.5,11,2020-05-12,2020-05-12 12:00:00,2020-05-12 12:00:00,NQM20.csv,678,NQM20.csv,1.0,9302.25,9302.25,9312.5,9302.25,10.25
43963,12,10,9312.5,10,2020-05-12,2020-05-12 12:10:00,2020-05-12 12:10:00,NQM20.csv,425,NQM20.csv,-1.0,9306.75,9306.75,9312.5,9306.75,-5.75
43963,12,15,9306.25,8,2020-05-12,2020-05-12 12:15:00,2020-05-12 12:15:00,NQM20.csv,727,NQM20.csv,-2.0,9294.25,9294.25,18612.5,18588.5,-24.0
43963,15,30,9213.25,11,2020-05-12,2020-05-12 15:30:00,2020-05-12 15:30:00,NQM20.csv,979,NQM20.csv,3.0,9081.5,9081.5,27639.75,27244.5,395.25
43963,15,35,9205.5,10,2020-05-12,2020-05-12 15:35:00,2020-05-12 15:35:00,NQM20.csv,1289,NQM20.csv,-1.0,9086.0,9086.0,9205.5,9086.0,-119.5
43963,15,45,9157.75,11,2020-05-12,2020-05-12 15:45:00,2020-05-12 15:45:00,NQM20.csv,1851,NQM20.csv,1.0,9081.5,9081.5,9157.75,9081.5,76.25
43963,15,50,9133.25,10,2020-05-12,2020-05-12 15:50:00,2020-05-12 15:50:00,NQM20.csv,3279,NQM20.csv,-1.0,9086.0,9086.0,9133.25,9086.0,-47.25
43963,16,0,9102.0,8,2020-05-12,2020-05-12 16:00:00,2020-05-12 16:00:00,NQM20.csv,2557,NQM20.csv,-2.0,9086.0,9086.0,18204.0,18172.0,-32.0
43964,4,30,9118.0,6,2020-05-13,2020-05-13 04:30:00,2020-05-13 04:30:00,NQM20.csv,166,NQM20.csv,-2.0,9117.75,9117.75,18236.0,18235.5,-0.5
43964,5,0,9093.0,7,2020-05-13,2020-05-13 05:00:00,2020-05-13 05:00:00,NQM20.csv,163,NQM20.csv,1.0,9113.25,9113.25,9093.0,9113.25,-20.25
43964,5,30,9109.5,0,2020-05-13,2020-05-13 05:30:00,2020-05-13 05:30:00,NQM20.csv,490,NQM20.csv,-7.0,9154.0,9154.0,63766.5,64078.0,311.5
43964,6,0,9135.5,2,2020-05-13,2020-05-13 06:00:00,2020-05-13 06:00:00,NQM20.csv,206,NQM20.csv,2.0,9149.5,9149.5,18271.0,18299.0,-28.0
43964,6,45,9141.75,-3,2020-05-13,2020-05-13 06:45:00,2020-05-13 06:45:00,NQM20.csv,222,NQM20.csv,-5.0,9152.25,9152.25,45708.75,45761.25,52.5
43964,7,15,9141.5,2,2020-05-13,2020-05-13 07:15:00,2020-05-13 07:15:00,NQM20.csv,105,NQM20.csv,5.0,9147.75,9147.75,45707.5,45738.75,-31.25
43964,7,30,9148.0,-3,2020-05-13,2020-05-13 07:30:00,2020-05-13 07:30:00,NQM20.csv,122,NQM20.csv,-5.0,9163.25,9163.25,45740.0,45816.25,76.25
43964,8,0,9160.0,6,2020-05-13,2020-05-13 08:00:00,2020-05-13 08:00:00,NQM20.csv,394,NQM20.csv,9.0,9158.75,9158.75,82440.0,82428.75,11.25
43964,9,15,9115.75,2,2020-05-13,2020-05-13 09:15:00,2020-05-13 09:15:00,NQM20.csv,649,NQM20.csv,-4.0,9128.0,9128.0,36463.0,36512.0,49.0
43964,10,0,9110.0,0,2020-05-13,2020-05-13 10:00:00,2020-05-13 10:00:00,NQM20.csv,1868,NQM20.csv,-2.0,9170.0,9170.0,18220.0,18340.0,120.0
43964,10,15,9154.25,4,2020-05-13,2020-05-13 10:15:00,2020-05-13 10:15:00,NQM20.csv,1160,NQM20.csv,4.0,9165.5,9165.5,36617.0,36662.0,-45.0
43964,10,30,9177.75,11,2020-05-13,2020-05-13 10:30:00,2020-05-13 10:30:00,NQM20.csv,2033,NQM20.csv,7.0,9069.75,9069.75,64244.25,63488.25,756.0
43964,11,0,9116.5,4,2020-05-13,2020-05-13 11:00:00,2020-05-13 11:00:00,NQM20.csv,1673,NQM20.csv,-7.0,9074.25,9074.25,63815.5,63519.75,-295.75
43964,11,15,9134.75,2,2020-05-13,2020-05-13 11:15:00,2020-05-13 11:15:00,NQM20.csv,1030,NQM20.csv,-2.0,9074.25,9074.25,18269.5,18148.5,-121.0
43964,11,30,9080.75,6,2020-05-13,2020-05-13 11:30:00,2020-05-13 11:30:00,NQM20.csv,1244,NQM20.csv,4.0,8933.0,8933.0,36323.0,35732.0,591.0
43964,11,45,9030.5,8,2020-05-13,2020-05-13 11:45:00,2020-05-13 11:45:00,NQM20.csv,1472,NQM20.csv,2.0,8933.0,8933.0,18061.0,17866.0,195.0
43964,12,0,8996.0,4,2020-05-13,2020-05-13 12:00:00,2020-05-13 12:00:00,NQM20.csv,1631,NQM20.csv,-4.0,8937.5,8937.5,35984.0,35750.0,-234.0
43964,12,15,8912.0,6,2020-05-13,2020-05-13 12:15:00,2020-05-13 12:15:00,NQM20.csv,2904,NQM20.csv,2.0,8933.0,8933.0,17824.0,17866.0,-42.0
43964,12,30,8954.25,1,2020-05-13,2020-05-13 12:30:00,2020-05-13 12:30:00,NQM20.csv,1389,NQM20.csv,-5.0,8946.25,8946.25,44771.25,44731.25,-40.0
43964,12,45,8963.0,-3,2020-05-13,2020-05-13 12:45:00,2020-05-13 12:45:00,NQM20.csv,1193,NQM20.csv,-4.0,8946.25,8946.25,35852.0,35785.0,-67.0
43964,13,0,8981.75,2,2020-05-13,2020-05-13 13:00:00,2020-05-13 13:00:00,NQM20.csv,1405,NQM20.csv,5.0,8941.75,8941.75,44908.75,44708.75,200.0
43964,13,15,8948.5,1,2020-05-13,2020-05-13 13:15:00,2020-05-13 13:15:00,NQM20.csv,818,NQM20.csv,-1.0,8946.25,8946.25,8948.5,8946.25,-2.25
43964,13,45,8944.5,6,2020-05-13,2020-05-13 13:45:00,2020-05-13 13:45:00,NQM20.csv,568,NQM20.csv,5.0,8945.25,8945.25,44722.5,44726.25,-3.75
43964,14,0,8926.5,8,2020-05-13,2020-05-13 14:00:00,2020-05-13 14:00:00,NQM20.csv,767,NQM20.csv,2.0,8945.25,8945.25,17853.0,17890.5,-37.5
43964,14,15,8949.75,6,2020-05-13,2020-05-13 14:15:00,2020-05-13 14:15:00,NQM20.csv,1486,NQM20.csv,-2.0,8949.75,8949.75,17899.5,17899.5,-0.0
43964,14,30,8940.0,5,2020-05-13,2020-05-13 14:30:00,2020-05-13 14:30:00,NQM20.csv,1238,NQM20.csv,-1.0,8905.5,8905.5,8940.0,8905.5,-34.5
43964,15,0,8902.25,0,2020-05-13,2020-05-13 15:00:00,2020-05-13 15:00:00,NQM20.csv,2672,NQM20.csv,-5.0,8905.5,8905.5,44511.25,44527.5,16.25
43964,15,45,8943.25,2,2020-05-13,2020-05-13 15:45:00,2020-05-13 15:45:00,NQM20.csv,1316,NQM20.csv,2.0,9009.0,9009.0,17886.5,18018.0,-131.5
43964,16,0,8987.5,6,2020-05-13,2020-05-13 16:00:00,2020-05-13 16:00:00,NQM20.csv,1902,NQM20.csv,4.0,9009.0,9009.0,35950.0,36036.0,-86.0
43965,2,30,8962.0,5,2020-05-14,2020-05-14 02:30:00,2020-05-14 02:30:00,NQM20.csv,106,NQM20.csv,-1.0,8972.75,8972.75,8962.0,8972.75,10.75
43965,5,30,9021.25,0,2020-05-14,2020-05-14 05:30:00,2020-05-14 05:30:00,NQM20.csv,84,NQM20.csv,-5.0,9024.5,9024.5,45106.25,45122.5,16.25
43965,6,0,9033.0,5,2020-05-14,2020-05-14 06:00:00,2020-05-14 06:00:00,NQM20.csv,876,NQM20.csv,5.0,9006.5,9006.5,45165.0,45032.5,132.5
43965,6,30,9004.0,6,2020-05-14,2020-05-14 06:30:00,2020-05-14 06:30:00,NQM20.csv,263,NQM20.csv,1.0,9006.5,9006.5,9004.0,9006.5,-2.5
43965,7,0,9001.5,0,2020-05-14,2020-05-14 07:00:00,2020-05-14 07:00:00,NQM20.csv,158,NQM20.csv,-6.0,8960.0,8960.0,54009.0,53760.0,-249.0
43965,7,30,8957.75,11,2020-05-14,2020-05-14 07:30:00,2020-05-14 07:30:00,NQM20.csv,238,NQM20.csv,11.0,8955.5,8955.5,98535.25,98510.5,24.75
43965,7,35,8959.25,9,2020-05-14,2020-05-14 07:35:00,2020-05-14 07:35:00,NQM20.csv,159,NQM20.csv,-2.0,8960.0,8960.0,17918.5,17920.0,1.5
43965,8,0,8934.5,5,2020-05-14,2020-05-14 08:00:00,2020-05-14 08:00:00,NQM20.csv,549,NQM20.csv,-4.0,8917.0,8917.0,35738.0,35668.0,-70.0
43965,9,15,8934.75,7,2020-05-14,2020-05-14 09:15:00,2020-05-14 09:15:00,NQM20.csv,493,NQM20.csv,2.0,8931.75,8931.75,17869.5,17863.5,6.0
43965,10,0,8873.25,-1,2020-05-14,2020-05-14 10:00:00,2020-05-14 10:00:00,NQM20.csv,1860,NQM20.csv,-8.0,8895.5,8895.5,70986.0,71164.0,178.0
43965,10,15,8890.25,1,2020-05-14,2020-05-14 10:15:00,2020-05-14 10:15:00,NQM20.csv,1557,NQM20.csv,2.0,8891.0,8891.0,17780.5,17782.0,-1.5
43965,10,30,8853.5,4,2020-05-14,2020-05-14 10:30:00,2020-05-14 10:30:00,NQM20.csv,2147,NQM20.csv,3.0,8891.0,8891.0,26560.5,26673.0,-112.5
43965,10,45,8892.0,0,2020-05-14,2020-05-14 10:45:00,2020-05-14 10:45:00,NQM20.csv,1241,NQM20.csv,-4.0,8910.75,8910.75,35568.0,35643.0,75.0
43965,11,0,8904.5,5,2020-05-14,2020-05-14 11:00:00,2020-05-14 11:00:00,NQM20.csv,1532,NQM20.csv,5.0,8906.25,8906.25,44522.5,44531.25,-8.75
43965,11,30,8927.0,0,2020-05-14,2020-05-14 11:30:00,2020-05-14 11:30:00,NQM20.csv,2078,NQM20.csv,-5.0,8910.75,8910.75,44635.0,44553.75,-81.25
43965,11,45,8922.5,-2,2020-05-14,2020-05-14 11:45:00,2020-05-14 11:45:00,NQM20.csv,1019,NQM20.csv,-2.0,8944.25,8944.25,17845.0,17888.5,43.5
43965,12,0,8903.75,-4,2020-05-14,2020-05-14 12:00:00,2020-05-14 12:00:00,NQM20.csv,2514,NQM20.csv,-2.0,8944.25,8944.25,17807.5,17888.5,81.0
43965,12,15,8904.5,3,2020-05-14,2020-05-14 12:15:00,2020-05-14 12:15:00,NQM20.csv,3489,NQM20.csv,7.0,8939.75,8939.75,62331.5,62578.25,-246.75
43965,12,30,8931.25,5,2020-05-14,2020-05-14 12:30:00,2020-05-14 12:30:00,NQM20.csv,777,NQM20.csv,2.0,8939.75,8939.75,17862.5,17879.5,-17.0
43965,12,45,8931.75,0,2020-05-14,2020-05-14 12:45:00,2020-05-14 12:45:00,NQM20.csv,778,NQM20.csv,-5.0,8985.5,8985.5,44658.75,44927.5,268.75
43965,13,45,8980.75,4,2020-05-14,2020-05-14 13:45:00,2020-05-14 13:45:00,NQM20.csv,396,NQM20.csv,4.0,8940.5,8940.5,35923.0,35762.0,161.0
43965,14,0,8970.75,9,2020-05-14,2020-05-14 14:00:00,2020-05-14 14:00:00,NQM20.csv,606,NQM20.csv,5.0,8940.5,8940.5,44853.75,44702.5,151.25
43965,14,15,8974.0,5,2020-05-14,2020-05-14 14:15:00,2020-05-14 14:15:00,NQM20.csv,1839,NQM20.csv,-4.0,8945.0,8945.0,35896.0,35780.0,-116.0
43965,14,30,8987.25,1,2020-05-14,2020-05-14 14:30:00,2020-05-14 14:30:00,NQM20.csv,488,NQM20.csv,-4.0,8945.0,8945.0,35949.0,35780.0,-169.0
43965,15,0,8985.5,6,2020-05-14,2020-05-14 15:00:00,2020-05-14 15:00:00,NQM20.csv,2018,NQM20.csv,5.0,9007.5,9007.5,44927.5,45037.5,-110.0
43965,15,30,9038.0,3,2020-05-14,2020-05-14 15:30:00,2020-05-14 15:30:00,NQM20.csv,1345,NQM20.csv,-3.0,9012.0,9012.0,27114.0,27036.0,-78.0
43965,16,0,9086.5,5,2020-05-14,2020-05-14 16:00:00,2020-05-14 16:00:00,NQM20.csv,1628,NQM20.csv,2.0,9086.25,9086.25,18173.0,18172.5,0.5
43966,2,30,9097.0,1,2020-05-15,2020-05-15 02:30:00,2020-05-15 02:30:00,NQM20.csv,106,NQM20.csv,-4.0,9100.75,9100.75,36388.0,36403.0,15.0
43966,3,30,9119.75,6,2020-05-15,2020-05-15 03:30:00,2020-05-15 03:30:00,NQM20.csv,210,NQM20.csv,5.0,9140.0,9140.0,45598.75,45700.0,-101.25
43966,6,0,9110.75,1,2020-05-15,2020-05-15 06:00:00,2020-05-15 06:00:00,NQM20.csv,584,NQM20.csv,-5.0,9050.0,9050.0,45553.75,45250.0,-303.75
43966,6,45,9068.75,-3,2020-05-15,2020-05-15 06:45:00,2020-05-15 06:45:00,NQM20.csv,138,NQM20.csv,-4.0,9050.0,9050.0,36275.0,36200.0,-75.0
43966,7,0,9037.0,5,2020-05-15,2020-05-15 07:00:00,2020-05-15 07:00:00,NQM20.csv,441,NQM20.csv,8.0,8954.75,8954.75,72296.0,71638.0,658.0
43966,7,15,9013.0,9,2020-05-15,2020-05-15 07:15:00,2020-05-15 07:15:00,NQM20.csv,218,NQM20.csv,4.0,8954.75,8954.75,36052.0,35819.0,233.0
43966,7,30,9014.25,1,2020-05-15,2020-05-15 07:30:00,2020-05-15 07:30:00,NQM20.csv,206,NQM20.csv,-8.0,8959.25,8959.25,72114.0,71674.0,-440.0
43966,9,15,8948.25,4,2020-05-15,2020-05-15 09:15:00,2020-05-15 09:15:00,NQM20.csv,760,NQM20.csv,3.0,9006.75,9006.75,26844.75,27020.25,-175.5
43966,9,45,9002.75,1,2020-05-15,2020-05-15 09:45:00,2020-05-15 09:45:00,NQM20.csv,1547,NQM20.csv,-3.0,9011.25,9011.25,27008.25,27033.75,25.5
43966,10,0,9019.5,4,2020-05-15,2020-05-15 10:00:00,2020-05-15 10:00:00,NQM20.csv,2009,NQM20.csv,3.0,8965.75,8965.75,27058.5,26897.25,161.25
43966,10,30,9018.75,5,2020-05-15,2020-05-15 10:30:00,2020-05-15 10:30:00,NQM20.csv,1134,NQM20.csv,1.0,8965.75,8965.75,9018.75,8965.75,53.0
43966,10,45,9003.75,3,2020-05-15,2020-05-15 10:45:00,2020-05-15 10:45:00,NQM20.csv,1336,NQM20.csv,-2.0,8970.25,8970.25,18007.5,17940.5,-67.0
43966,11,15,8982.0,5,2020-05-15,2020-05-15 11:15:00,2020-05-15 11:15:00,NQM20.csv,678,NQM20.csv,2.0,8985.25,8985.25,17964.0,17970.5,-6.5
43966,12,0,8993.0,3,2020-05-15,2020-05-15 12:00:00,2020-05-15 12:00:00,NQM20.csv,1184,NQM20.csv,-2.0,9055.75,9055.75,17986.0,18111.5,125.5
43966,12,30,9044.75,7,2020-05-15,2020-05-15 12:30:00,2020-05-15 12:30:00,NQM20.csv,722,NQM20.csv,4.0,9051.25,9051.25,36179.0,36205.0,-26.0
43966,13,0,9058.5,2,2020-05-15,2020-05-15 13:00:00,2020-05-15 13:00:00,NQM20.csv,1633,NQM20.csv,-5.0,9079.75,9079.75,45292.5,45398.75,106.25
43966,13,45,9063.75,0,2020-05-15,2020-05-15 13:45:00,2020-05-15 13:45:00,NQM20.csv,528,NQM20.csv,-2.0,9079.75,9079.75,18127.5,18159.5,32.0
43966,14,0,9079.5,5,2020-05-15,2020-05-15 14:00:00,2020-05-15 14:00:00,NQM20.csv,1305,NQM20.csv,5.0,9081.5,9081.5,45397.5,45407.5,-10.0
43966,14,15,9085.25,7,2020-05-15,2020-05-15 14:15:00,2020-05-15 14:15:00,NQM20.csv,415,NQM20.csv,2.0,9081.5,9081.5,18170.5,18163.0,7.5
43966,14,30,9111.5,2,2020-05-15,2020-05-15 14:30:00,2020-05-15 14:30:00,NQM20.csv,569,NQM20.csv,-5.0,9086.0,9086.0,45557.5,45430.0,-127.5
43966,15,30,9115.25,-2,2020-05-15,2020-05-15 15:30:00,2020-05-15 15:30:00,NQM20.csv,602,NQM20.csv,-4.0,9135.0,9135.0,36461.0,36540.0,79.0
43966,15,45,9106.25,4,2020-05-15,2020-05-15 15:45:00,2020-05-15 15:45:00,NQM20.csv,1055,NQM20.csv,6.0,9130.5,9130.5,54637.5,54783.0,-145.5
43966,16,0,9143.75,1,2020-05-15,2020-05-15 16:00:00,2020-05-15 16:00:00,NQM20.csv,2851,NQM20.csv,-3.0,9135.0,9135.0,27431.25,27405.0,-26.25
43966,16,15,9096.75,0,2020-05-15,2020-05-15 16:15:00,2020-05-15 16:15:00,NQM20.csv,1909,NQM20.csv,-1.0,9135.0,9117.5,9096.75,9117.5,20.75
43969,2,30,9198.0,5,2020-05-18,2020-05-18 02:30:00,2020-05-18 02:30:00,NQM20.csv,456,NQM20.csv,5.0,9192.75,9192.75,45990.0,45963.75,26.25
43969,4,30,9228.5,0,2020-05-18,2020-05-18 04:30:00,2020-05-18 04:30:00,NQM20.csv,204,NQM20.csv,-5.0,9233.75,9233.75,46142.5,46168.75,26.25
43969,5,30,9201.0,3,2020-05-18,2020-05-18 05:30:00,2020-05-18 05:30:00,NQM20.csv,221,NQM20.csv,3.0,9206.0,9206.0,27603.0,27618.0,-15.0
43969,6,0,9208.25,-2,2020-05-18,2020-05-18 06:00:00,2020-05-18 06:00:00,NQM20.csv,132,NQM20.csv,-5.0,9210.5,9210.5,46041.25,46052.5,11.25
43969,6,15,9215.0,-7,2020-05-18,2020-05-18 06:15:00,2020-05-18 06:15:00,NQM20.csv,30,NQM20.csv,-5.0,9228.25,9226.5,46075.0,46132.5,57.5
43969,6,30,9203.5,0,2020-05-18,2020-05-18 06:30:00,2020-05-18 06:30:00,NQM20.csv,107,NQM20.csv,7.0,9223.75,9223.75,64424.5,64566.25,-141.75
43969,6,45,9215.5,5,2020-05-18,2020-05-18 06:45:00,2020-05-18 06:45:00,NQM20.csv,127,NQM20.csv,5.0,9223.75,9223.75,46077.5,46118.75,-41.25
43969,7,0,9226.0,-11,2020-05-18,2020-05-18 07:00:00,2020-05-18 07:00:00,NQM20.csv,199,NQM20.csv,-16.0,9228.25,9228.25,147616.0,147652.0,36.0
43969,7,30,9225.5,-2,2020-05-18,2020-05-18 07:30:00,2020-05-18 07:30:00,NQM20.csv,712,NQM20.csv,9.0,9275.75,9275.75,83029.5,83481.75,-452.25
43969,8,0,9278.0,0,2020-05-18,2020-05-18 08:00:00,2020-05-18 08:00:00,NQM20.csv,844,NQM20.csv,2.0,9275.75,9275.75,18556.0,18551.5,4.5
43969,9,15,9278.5,-4,2020-05-18,2020-05-18 09:15:00,2020-05-18 09:15:00,NQM20.csv,291,NQM20.csv,-4.0,9265.0,9265.0,37114.0,37060.0,-54.0
43969,9,45,9283.5,-2,2020-05-18,2020-05-18 09:45:00,2020-05-18 09:45:00,NQM20.csv,2124,NQM20.csv,2.0,9260.5,9260.5,18567.0,18521.0,46.0
43969,10,0,9262.75,2,2020-05-18,2020-05-18 10:00:00,2020-05-18 10:00:00,NQM20.csv,1398,NQM20.csv,4.0,9260.5,9260.5,37051.0,37042.0,9.0
43969,10,15,9265.25,6,2020-05-18,2020-05-18 10:15:00,2020-05-18 10:15:00,NQM20.csv,1082,NQM20.csv,4.0,9329.25,9329.25,37061.0,37317.0,-256.0
43969,10,30,9290.5,10,2020-05-18,2020-05-18 10:30:00,2020-05-18 10:30:00,NQM20.csv,799,NQM20.csv,4.0,9329.25,9329.25,37162.0,37317.0,-155.0
43969,10,45,9323.75,8,2020-05-18,2020-05-18 10:45:00,2020-05-18 10:45:00,NQM20.csv,601,NQM20.csv,-2.0,9333.75,9333.75,18647.5,18667.5,20.0
43969,11,0,9331.5,10,2020-05-18,2020-05-18 11:00:00,2020-05-18 11:00:00,NQM20.csv,808,NQM20.csv,2.0,9329.25,9329.25,18663.0,18658.5,4.5
43969,11,30,9328.25,8,2020-05-18,2020-05-18 11:30:00,2020-05-18 11:30:00,NQM20.csv,773,NQM20.csv,-2.0,9329.5,9329.5,18656.5,18659.0,2.5
43969,12,0,9327.25,7,2020-05-18,2020-05-18 12:00:00,2020-05-18 12:00:00,NQM20.csv,569,NQM20.csv,-1.0,9329.5,9329.5,9327.25,9329.5,2.25
43969,12,30,9327.25,3,2020-05-18,2020-05-18 12:30:00,2020-05-18 12:30:00,NQM20.csv,297,NQM20.csv,-4.0,9324.5,9324.5,37309.0,37298.0,-11.0
43969,12,45,9312.5,6,2020-05-18,2020-05-18 12:45:00,2020-05-18 12:45:00,NQM20.csv,728,NQM20.csv,3.0,9320.0,9320.0,27937.5,27960.0,-22.5
43969,13,15,9339.0,3,2020-05-18,2020-05-18 13:15:00,2020-05-18 13:15:00,NQM20.csv,263,NQM20.csv,-3.0,9347.25,9347.25,28017.0,28041.75,24.75
43969,13,45,9340.25,6,2020-05-18,2020-05-18 13:45:00,2020-05-18 13:45:00,NQM20.csv,230,NQM20.csv,3.0,9342.75,9342.75,28020.75,28028.25,-7.5
43969,14,0,9345.0,2,2020-05-18,2020-05-18 14:00:00,2020-05-18 14:00:00,NQM20.csv,363,NQM20.csv,-4.0,9347.25,9347.25,37380.0,37389.0,9.0
43969,14,15,9341.25,-1,2020-05-18,2020-05-18 14:15:00,2020-05-18 14:15:00,NQM20.csv,161,NQM20.csv,-3.0,9327.0,9327.0,28023.75,27981.0,-42.75
43969,14,30,9337.5,1,2020-05-18,2020-05-18 14:30:00,2020-05-18 14:30:00,NQM20.csv,449,NQM20.csv,2.0,9322.5,9322.5,18675.0,18645.0,30.0
43969,15,30,9332.0,3,2020-05-18,2020-05-18 15:30:00,2020-05-18 15:30:00,NQM20.csv,1589,NQM20.csv,2.0,9313.5,9313.5,18664.0,18627.0,37.0
43969,16,0,9315.75,0,2020-05-18,2020-05-18 16:00:00,2020-05-18 16:00:00,NQM20.csv,2100,NQM20.csv,-3.0,9318.0,9318.0,27947.25,27954.0,6.75
43970,2,30,9365.75,2,2020-05-19,2020-05-19 02:30:00,2020-05-19 02:30:00,NQM20.csv,102,NQM20.csv,2.0,9384.5,9384.5,18731.5,18769.0,-37.5
43970,3,30,9364.5,5,2020-05-19,2020-05-19 03:30:00,2020-05-19 03:30:00,NQM20.csv,477,NQM20.csv,3.0,9327.25,9327.25,28093.5,27981.75,111.75
43970,5,30,9319.0,2,2020-05-19,2020-05-19 05:30:00,2020-05-19 05:30:00,NQM20.csv,210,NQM20.csv,-3.0,9307.75,9307.75,27957.0,27923.25,-33.75
43970,6,0,9316.0,4,2020-05-19,2020-05-19 06:00:00,2020-05-19 06:00:00,NQM20.csv,394,NQM20.csv,2.0,9303.25,9303.25,18632.0,18606.5,25.5
43970,6,15,9301.5,5,2020-05-19,2020-05-19 06:15:00,2020-05-19 06:15:00,NQM20.csv,70,NQM20.csv,1.0,9325.0,9325.0,9301.5,9325.0,-23.5
43970,6,30,9301.75,3,2020-05-19,2020-05-19 06:30:00,2020-05-19 06:30:00,NQM20.csv,130,NQM20.csv,-2.0,9329.5,9329.5,18603.5,18659.0,55.5
43970,6,45,9319.0,2,2020-05-19,2020-05-19 06:45:00,2020-05-19 06:45:00,NQM20.csv,84,NQM20.csv,-1.0,9329.5,9329.5,9319.0,9329.5,10.5
43970,7,15,9326.5,6,2020-05-19,2020-05-19 07:15:00,2020-05-19 07:15:00,NQM20.csv,86,NQM20.csv,4.0,9320.25,9320.25,37306.0,37281.0,25.0
43970,7,45,9347.0,-8,2020-05-19,2020-05-19 07:45:00,2020-05-19 07:45:00,NQM20.csv,184,NQM20.csv,-14.0,9324.75,9324.75,130858.0,130546.5,-311.5
43970,8,15,9322.0,2,2020-05-19,2020-05-19 08:15:00,2020-05-19 08:15:00,NQM20.csv,210,NQM20.csv,10.0,9335.5,9335.5,93220.0,93355.0,-135.0
43970,9,15,9335.75,-2,2020-05-19,2020-05-19 09:15:00,2020-05-19 09:15:00,NQM20.csv,238,NQM20.csv,-4.0,9397.25,9397.25,37343.0,37589.0,246.0
43970,9,45,9353.5,0,2020-05-19,2020-05-19 09:45:00,2020-05-19 09:45:00,NQM20.csv,988,NQM20.csv,2.0,9392.75,9392.75,18707.0,18785.5,-78.5
43970,10,0,9369.5,3,2020-05-19,2020-05-19 10:00:00,2020-05-19 10:00:00,NQM20.csv,912,NQM20.csv,3.0,9392.75,9392.75,28108.5,28178.25,-69.75
43970,10,15,9393.5,5,2020-05-19,2020-05-19 10:15:00,2020-05-19 10:15:00,NQM20.csv,930,NQM20.csv,2.0,9383.0,9383.0,18787.0,18766.0,21.0
43970,10,30,9382.5,10,2020-05-19,2020-05-19 10:30:00,2020-05-19 10:30:00,NQM20.csv,1230,NQM20.csv,5.0,9383.0,9383.0,46912.5,46915.0,-2.5
43970,10,45,9368.0,11,2020-05-19,2020-05-19 10:45:00,2020-05-19 10:45:00,NQM20.csv,1067,NQM20.csv,1.0,9383.0,9383.0,9368.0,9383.0,-15.0
43970,11,0,9393.0,5,2020-05-19,2020-05-19 11:00:00,2020-05-19 11:00:00,NQM20.csv,652,NQM20.csv,-6.0,9387.5,9387.5,56358.0,56325.0,-33.0
43970,11,15,9389.25,4,2020-05-19,2020-05-19 11:15:00,2020-05-19 11:15:00,NQM20.csv,1436,NQM20.csv,-1.0,9392.25,9392.25,9389.25,9392.25,3.0
43970,11,30,9399.75,10,2020-05-19,2020-05-19 11:30:00,2020-05-19 11:30:00,NQM20.csv,597,NQM20.csv,6.0,9387.75,9387.75,56398.5,56326.5,72.0
43970,12,0,9390.5,8,2020-05-19,2020-05-19 12:00:00,2020-05-19 12:00:00,NQM20.csv,488,NQM20.csv,-2.0,9392.25,9392.25,18781.0,18784.5,3.5
43970,12,30,9380.5,3,2020-05-19,2020-05-19 12:30:00,2020-05-19 12:30:00,NQM20.csv,403,NQM20.csv,-5.0,9392.75,9392.75,46902.5,46963.75,61.25
43970,14,0,9403.25,0,2020-05-19,2020-05-19 14:00:00,2020-05-19 14:00:00,NQM20.csv,385,NQM20.csv,-3.0,9409.5,9409.5,28209.75,28228.5,18.75
43970,15,30,9375.5,2,2020-05-19,2020-05-19 15:30:00,2020-05-19 15:30:00,NQM20.csv,1491,NQM20.csv,2.0,9299.25,9299.25,18751.0,18598.5,152.5
43970,15,45,9346.5,4,2020-05-19,2020-05-19 15:45:00,2020-05-19 15:45:00,NQM20.csv,1523,NQM20.csv,2.0,9299.25,9299.25,18693.0,18598.5,94.5
43970,16,0,9292.75,2,2020-05-19,2020-05-19 16:00:00,2020-05-19 16:00:00,NQM20.csv,1631,NQM20.csv,-2.0,9303.75,9303.75,18585.5,18607.5,22.0
43971,2,30,9326.5,6,2020-05-20,2020-05-20 02:30:00,2020-05-20 02:30:00,NQM20.csv,159,NQM20.csv,4.0,9345.0,9345.0,37306.0,37380.0,-74.0
43971,9,15,9405.25,2,2020-05-20,2020-05-20 09:15:00,2020-05-20 09:15:00,NQM20.csv,284,NQM20.csv,-4.0,9406.0,9406.0,37621.0,37624.0,3.0
43971,9,45,9440.75,6,2020-05-20,2020-05-20 09:45:00,2020-05-20 09:45:00,NQM20.csv,1234,NQM20.csv,4.0,9454.0,9454.0,37763.0,37816.0,-53.0
43971,10,0,9463.0,8,2020-05-20,2020-05-20 10:00:00,2020-05-20 10:00:00,NQM20.csv,1620,NQM20.csv,2.0,9454.0,9454.0,18926.0,18908.0,18.0
43971,10,30,9456.25,9,2020-05-20,2020-05-20 10:30:00,2020-05-20 10:30:00,NQM20.csv,713,NQM20.csv,1.0,9485.0,9485.0,9456.25,9485.0,-28.75
43971,12,0,9491.25,8,2020-05-20,2020-05-20 12:00:00,2020-05-20 12:00:00,NQM20.csv,1085,NQM20.csv,-1.0,9463.5,9463.5,9491.25,9463.5,-27.75
43971,12,30,9463.75,7,2020-05-20,2020-05-20 12:30:00,2020-05-20 12:30:00,NQM20.csv,570,NQM20.csv,-1.0,9448.5,9448.5,9463.75,9448.5,-15.25
43971,12,45,9441.0,8,2020-05-20,2020-05-20 12:45:00,2020-05-20 12:45:00,NQM20.csv,1329,NQM20.csv,1.0,9444.0,9444.0,9441.0,9444.0,-3.0
43971,13,15,9458.0,7,2020-05-20,2020-05-20 13:15:00,2020-05-20 13:15:00,NQM20.csv,451,NQM20.csv,-1.0,9448.5,9448.5,9458.0,9448.5,-9.5
43971,14,0,9457.75,5,2020-05-20,2020-05-20 14:00:00,2020-05-20 14:00:00,NQM20.csv,626,NQM20.csv,-2.0,9442.25,9442.25,18915.5,18884.5,-31.0
43971,14,30,9442.0,7,2020-05-20,2020-05-20 14:30:00,2020-05-20 14:30:00,NQM20.csv,735,NQM20.csv,2.0,9469.75,9469.75,18884.0,18939.5,-55.5
43971,16,0,9481.5,6,2020-05-20,2020-05-20 16:00:00,2020-05-20 16:00:00,NQM20.csv,1381,NQM20.csv,-1.0,9496.25,9496.25,9481.5,9496.25,14.75
43972,4,30,9419.0,3,2020-05-21,2020-05-21 04:30:00,2020-05-21 04:30:00,NQM20.csv,167,NQM20.csv,-3.0,9428.75,9428.75,28257.0,28286.25,29.25
43972,6,30,9436.0,-2,2020-05-21,2020-05-21 06:30:00,2020-05-21 06:30:00,NQM20.csv,126,NQM20.csv,-5.0,9437.0,9437.0,47180.0,47185.0,5.0
43972,7,0,9434.0,3,2020-05-21,2020-05-21 07:00:00,2020-05-21 07:00:00,NQM20.csv,154,NQM20.csv,5.0,9457.25,9457.25,47170.0,47286.25,-116.25
43972,9,15,9474.25,1,2020-05-21,2020-05-21 09:15:00,2020-05-21 09:15:00,NQM20.csv,148,NQM20.csv,-2.0,9504.0,9504.0,18948.5,19008.0,59.5
43972,9,45,9507.5,3,2020-05-21,2020-05-21 09:45:00,2020-05-21 09:45:00,NQM20.csv,1326,NQM20.csv,2.0,9401.5,9401.5,19015.0,18803.0,212.0
43972,10,30,9444.0,5,2020-05-21,2020-05-21 10:30:00,2020-05-21 10:30:00,NQM20.csv,2391,NQM20.csv,2.0,9401.5,9401.5,18888.0,18803.0,85.0
43972,11,15,9395.25,9,2020-05-21,2020-05-21 11:15:00,2020-05-21 11:15:00,NQM20.csv,810,NQM20.csv,4.0,9406.75,9406.75,37581.0,37627.0,-46.0
43972,11,45,9408.5,5,2020-05-21,2020-05-21 11:45:00,2020-05-21 11:45:00,NQM20.csv,840,NQM20.csv,-4.0,9413.0,9413.0,37634.0,37652.0,18.0
43972,12,15,9432.25,0,2020-05-21,2020-05-21 12:15:00,2020-05-21 12:15:00,NQM20.csv,552,NQM20.csv,-5.0,9413.0,9413.0,47161.25,47065.0,-96.25
43972,12,30,9418.25,-2,2020-05-21,2020-05-21 12:30:00,2020-05-21 12:30:00,NQM20.csv,1491,NQM20.csv,-2.0,9413.0,9413.0,18836.5,18826.0,-10.5
43972,12,45,9408.75,8,2020-05-21,2020-05-21 12:45:00,2020-05-21 12:45:00,NQM20.csv,665,NQM20.csv,10.0,9393.25,9393.25,94087.5,93932.5,155.0
43972,13,15,9413.5,3,2020-05-21,2020-05-21 13:15:00,2020-05-21 13:15:00,NQM20.csv,498,NQM20.csv,-5.0,9397.75,9397.75,47067.5,46988.75,-78.75
43972,14,15,9418.0,-2,2020-05-21,2020-05-21 14:15:00,2020-05-21 14:15:00,NQM20.csv,583,NQM20.csv,-5.0,9393.5,9393.5,47090.0,46967.5,-122.5
43972,14,30,9417.25,0,2020-05-21,2020-05-21 14:30:00,2020-05-21 14:30:00,NQM20.csv,591,NQM20.csv,2.0,9389.0,9389.0,18834.5,18778.0,56.5
43972,14,45,9387.75,5,2020-05-21,2020-05-21 14:45:00,2020-05-21 14:45:00,NQM20.csv,736,NQM20.csv,5.0,9391.25,9391.25,46938.75,46956.25,-17.5
43972,15,30,9398.5,11,2020-05-21,2020-05-21 15:30:00,2020-05-21 15:30:00,NQM20.csv,1184,NQM20.csv,6.0,9391.25,9391.25,56391.0,56347.5,43.5
43972,15,45,9402.0,10,2020-05-21,2020-05-21 15:45:00,2020-05-21 15:45:00,NQM20.csv,764,NQM20.csv,-1.0,9363.5,9363.5,9402.0,9363.5,-38.5
43972,16,0,9377.75,3,2020-05-21,2020-05-21 16:00:00,2020-05-21 16:00:00,NQM20.csv,1114,NQM20.csv,-7.0,9363.5,9363.5,65644.25,65544.5,-99.75
43973,2,30,9302.5,2,2020-05-22,2020-05-22 02:30:00,2020-05-22 02:30:00,NQM20.csv,227,NQM20.csv,-1.0,9281.5,9281.5,9302.5,9281.5,-21.0
43973,4,30,9265.25,7,2020-05-22,2020-05-22 04:30:00,2020-05-22 04:30:00,NQM20.csv,328,NQM20.csv,5.0,9291.25,9291.25,46326.25,46456.25,-130.0
43973,6,0,9289.25,10,2020-05-22,2020-05-22 06:00:00,2020-05-22 06:00:00,NQM20.csv,112,NQM20.csv,3.0,9301.25,9301.25,27867.75,27903.75,-36.0
43973,6,30,9304.5,-1,2020-05-22,2020-05-22 06:30:00,2020-05-22 06:30:00,NQM20.csv,151,NQM20.csv,-11.0,9305.75,9305.75,102349.5,102363.25,13.75
43973,7,0,9308.75,7,2020-05-22,2020-05-22 07:00:00,2020-05-22 07:00:00,NQM20.csv,167,NQM20.csv,8.0,9354.25,9354.25,74470.0,74834.0,-364.0
43973,9,15,9358.25,4,2020-05-22,2020-05-22 09:15:00,2020-05-22 09:15:00,NQM20.csv,154,NQM20.csv,-3.0,9384.0,9384.0,28074.75,28152.0,77.25
43973,10,0,9394.5,8,2020-05-22,2020-05-22 10:00:00,2020-05-22 10:00:00,NQM20.csv,1317,NQM20.csv,4.0,9355.25,9355.25,37578.0,37421.0,157.0
43973,10,15,9348.5,11,2020-05-22,2020-05-22 10:15:00,2020-05-22 10:15:00,NQM20.csv,1092,NQM20.csv,3.0,9355.25,9355.25,28045.5,28065.75,-20.25
43973,10,35,9371.0,10,2020-05-22,2020-05-22 10:35:00,2020-05-22 10:35:00,NQM20.csv,503,NQM20.csv,-1.0,9359.75,9359.75,9371.0,9359.75,-11.25
43973,11,0,9347.0,9,2020-05-22,2020-05-22 11:00:00,2020-05-22 11:00:00,NQM20.csv,737,NQM20.csv,-1.0,9369.0,9369.0,9347.0,9369.0,22.0
43973,11,30,9348.5,10,2020-05-22,2020-05-22 11:30:00,2020-05-22 11:30:00,NQM20.csv,421,NQM20.csv,1.0,9364.5,9364.5,9348.5,9364.5,-16.0
43973,12,0,9364.75,8,2020-05-22,2020-05-22 12:00:00,2020-05-22 12:00:00,NQM20.csv,284,NQM20.csv,-2.0,9384.25,9384.25,18729.5,18768.5,39.0
43973,12,15,9359.25,11,2020-05-22,2020-05-22 12:15:00,2020-05-22 12:15:00,NQM20.csv,301,NQM20.csv,3.0,9379.75,9379.75,28077.75,28139.25,-61.5
43973,12,45,9390.75,9,2020-05-22,2020-05-22 12:45:00,2020-05-22 12:45:00,NQM20.csv,384,NQM20.csv,-2.0,9384.25,9384.25,18781.5,18768.5,-13.0
43973,13,0,9380.75,11,2020-05-22,2020-05-22 13:00:00,2020-05-22 13:00:00,NQM20.csv,841,NQM20.csv,2.0,9385.5,9385.5,18761.5,18771.0,-9.5
43973,13,30,9402.25,9,2020-05-22,2020-05-22 13:30:00,2020-05-22 13:30:00,NQM20.csv,202,NQM20.csv,-2.0,9390.0,9390.0,18804.5,18780.0,-24.5
43973,14,0,9398.5,5,2020-05-22,2020-05-22 14:00:00,2020-05-22 14:00:00,NQM20.csv,401,NQM20.csv,-4.0,9401.75,9401.75,37594.0,37607.0,13.0
43973,14,30,9406.0,6,2020-05-22,2020-05-22 14:30:00,2020-05-22 14:30:00,NQM20.csv,229,NQM20.csv,1.0,9397.25,9397.25,9406.0,9397.25,8.75
43973,15,0,9401.75,5,2020-05-22,2020-05-22 15:00:00,2020-05-22 15:00:00,NQM20.csv,689,NQM20.csv,-1.0,9399.75,9399.75,9401.75,9399.75,-2.0
43973,15,30,9385.5,10,2020-05-22,2020-05-22 15:30:00,2020-05-22 15:30:00,NQM20.csv,531,NQM20.csv,5.0,9395.25,9395.25,46927.5,46976.25,-48.75
43973,15,45,9393.5,6,2020-05-22,2020-05-22 15:45:00,2020-05-22 15:45:00,NQM20.csv,771,NQM20.csv,-4.0,9399.75,9399.75,37574.0,37599.0,25.0
43973,16,0,9408.25,7,2020-05-22,2020-05-22 16:00:00,2020-05-22 16:00:00,NQM20.csv,1390,NQM20.csv,1.0,9395.25,9421.5,9408.25,9421.5,-13.25
43973,16,15,9407.25,0,2020-05-22,2020-05-22 16:15:00,2020-05-22 16:15:00,NQM20.csv,500,NQM20.csv,-7.0,9399.75,9421.5,65850.75,65950.5,99.75
43976,2,30,9468.0,4,2020-05-25,2020-05-25 02:30:00,2020-05-25 02:30:00,NQM20.csv,27,NQM20.csv,4.0,9466.0,9466.0,37872.0,37864.0,8.0
43976,3,30,9453.0,9,2020-05-25,2020-05-25 03:30:00,2020-05-25 03:30:00,NQM20.csv,83,NQM20.csv,5.0,9454.75,9454.75,47265.0,47273.75,-8.75
43976,5,30,9496.75,4,2020-05-25,2020-05-25 05:30:00,2020-05-25 05:30:00,NQM20.csv,66,NQM20.csv,-5.0,9504.0,9504.0,47483.75,47520.0,36.25
43976,9,15,9516.25,-1,2020-05-25,2020-05-25 09:15:00,2020-05-25 09:15:00,NQM20.csv,75,NQM20.csv,-5.0,9526.25,9526.25,47581.25,47631.25,50.0
43976,9,45,9517.0,1,2020-05-25,2020-05-25 09:45:00,2020-05-25 09:45:00,NQM20.csv,200,NQM20.csv,2.0,9521.75,9521.75,19034.0,19043.5,-9.5
43976,10,0,9524.0,6,2020-05-25,2020-05-25 10:00:00,2020-05-25 10:00:00,NQM20.csv,185,NQM20.csv,5.0,9521.75,9521.75,47620.0,47608.75,11.25
43976,10,15,9524.75,9,2020-05-25,2020-05-25 10:15:00,2020-05-25 10:15:00,NQM20.csv,136,NQM20.csv,3.0,9525.5,9525.5,28574.25,28576.5,-2.25
43976,10,30,9523.25,11,2020-05-25,2020-05-25 10:30:00,2020-05-25 10:30:00,NQM20.csv,89,NQM20.csv,2.0,9525.5,9525.5,19046.5,19051.0,-4.5
43976,12,30,9528.0,9,2020-05-25,2020-05-25 12:30:00,2020-05-25 12:30:00,NQM20.csv,279,NQM20.csv,-2.0,9532.75,9532.75,19056.0,19065.5,9.5
43976,14,0,9530.5,4,2020-05-25,2020-05-25 14:00:00,2020-05-25 14:00:00,NQM20.csv,64,NQM20.csv,-5.0,9532.75,9530.25,47652.5,47651.25,-1.25
43977,2,30,9598.25,0,2020-05-26,2020-05-26 02:30:00,2020-05-26 02:30:00,NQM20.csv,87,NQM20.csv,-4.0,9593.25,9593.25,38393.0,38373.0,-20.0
43977,3,30,9574.0,3,2020-05-26,2020-05-26 03:30:00,2020-05-26 03:30:00,NQM20.csv,272,NQM20.csv,3.0,9572.5,9572.5,28722.0,28717.5,4.5
43977,5,30,9590.0,2,2020-05-26,2020-05-26 05:30:00,2020-05-26 05:30:00,NQM20.csv,99,NQM20.csv,-1.0,9583.5,9583.5,9590.0,9583.5,-6.5
43977,6,0,9581.25,3,2020-05-26,2020-05-26 06:00:00,2020-05-26 06:00:00,NQM20.csv,98,NQM20.csv,1.0,9579.0,9579.0,9581.25,9579.0,2.25
43977,7,0,9570.0,7,2020-05-26,2020-05-26 07:00:00,2020-05-26 07:00:00,NQM20.csv,546,NQM20.csv,4.0,9567.75,9567.75,38280.0,38271.0,9.0
43977,7,30,9559.5,3,2020-05-26,2020-05-26 07:30:00,2020-05-26 07:30:00,NQM20.csv,221,NQM20.csv,-4.0,9556.25,9556.25,38238.0,38225.0,-13.0
43977,8,0,9554.0,0,2020-05-26,2020-05-26 08:00:00,2020-05-26 08:00:00,NQM20.csv,228,NQM20.csv,-3.0,9556.25,9556.25,28662.0,28668.75,6.75
43977,9,15,9558.75,-3,2020-05-26,2020-05-26 09:15:00,2020-05-26 09:15:00,NQM20.csv,266,NQM20.csv,-3.0,9500.5,9500.5,28676.25,28501.5,-174.75
43977,10,15,9512.0,3,2020-05-26,2020-05-26 10:15:00,2020-05-26 10:15:00,NQM20.csv,470,NQM20.csv,6.0,9501.25,9501.25,57072.0,57007.5,64.5
43977,10,30,9523.0,5,2020-05-26,2020-05-26 10:30:00,2020-05-26 10:30:00,NQM20.csv,1008,NQM20.csv,2.0,9501.25,9501.25,19046.0,19002.5,43.5
43977,10,45,9484.25,2,2020-05-26,2020-05-26 10:45:00,2020-05-26 10:45:00,NQM20.csv,1158,NQM20.csv,-3.0,9505.75,9505.75,28452.75,28517.25,64.5
43977,11,30,9463.5,3,2020-05-26,2020-05-26 11:30:00,2020-05-26 11:30:00,NQM20.csv,887,NQM20.csv,1.0,9442.75,9442.75,9463.5,9442.75,20.75
43977,12,0,9445.0,2,2020-05-26,2020-05-26 12:00:00,2020-05-26 12:00:00,NQM20.csv,598,NQM20.csv,-1.0,9447.25,9447.25,9445.0,9447.25,2.25
43977,12,30,9452.75,0,2020-05-26,2020-05-26 12:30:00,2020-05-26 12:30:00,NQM20.csv,529,NQM20.csv,-2.0,9473.25,9473.25,18905.5,18946.5,41.0
43977,14,30,9458.0,2,2020-05-26,2020-05-26 14:30:00,2020-05-26 14:30:00,NQM20.csv,294,NQM20.csv,2.0,9445.5,9445.5,18916.0,18891.0,25.0
43977,15,0,9447.75,4,2020-05-26,2020-05-26 15:00:00,2020-05-26 15:00:00,NQM20.csv,315,NQM20.csv,2.0,9445.5,9445.5,18895.5,18891.0,4.5
43977,15,30,9424.25,10,2020-05-26,2020-05-26 15:30:00,2020-05-26 15:30:00,NQM20.csv,783,NQM20.csv,6.0,9392.25,9392.25,56545.5,56353.5,192.0
43977,16,0,9394.5,0,2020-05-26,2020-05-26 16:00:00,2020-05-26 16:00:00,NQM20.csv,1588,NQM20.csv,-10.0,9396.75,9396.75,93945.0,93967.5,22.5
43978,2,30,9462.0,6,2020-05-27,2020-05-27 02:30:00,2020-05-27 02:30:00,NQM20.csv,68,NQM20.csv,6.0,9476.0,9476.0,56772.0,56856.0,-84.0
43978,6,0,9503.75,-2,2020-05-27,2020-05-27 06:00:00,2020-05-27 06:00:00,NQM20.csv,118,NQM20.csv,-8.0,9484.0,9484.0,76030.0,75872.0,-158.0
43978,6,15,9485.25,0,2020-05-27,2020-05-27 06:15:00,2020-05-27 06:15:00,NQM20.csv,202,NQM20.csv,2.0,9448.0,9456.5,18970.5,18913.0,57.5
43978,6,45,9474.25,-2,2020-05-27,2020-05-27 06:45:00,2020-05-27 06:45:00,NQM20.csv,154,NQM20.csv,-2.0,9452.5,9452.5,18948.5,18905.0,-43.5
43978,7,15,9452.25,-6,2020-05-27,2020-05-27 07:15:00,2020-05-27 07:15:00,NQM20.csv,366,NQM20.csv,-4.0,9441.25,9441.25,37809.0,37765.0,-44.0
43978,7,45,9441.75,-2,2020-05-27,2020-05-27 07:45:00,2020-05-27 07:45:00,NQM20.csv,168,NQM20.csv,4.0,9436.75,9436.75,37767.0,37747.0,20.0
43978,8,0,9441.75,6,2020-05-27,2020-05-27 08:00:00,2020-05-27 08:00:00,NQM20.csv,217,NQM20.csv,8.0,9436.75,9436.75,75534.0,75494.0,40.0
43978,10,0,9288.75,2,2020-05-27,2020-05-27 10:00:00,2020-05-27 10:00:00,NQM20.csv,2327,NQM20.csv,-4.0,9318.0,9318.0,37155.0,37272.0,117.0
43978,10,30,9290.5,8,2020-05-27,2020-05-27 10:30:00,2020-05-27 10:30:00,NQM20.csv,1067,NQM20.csv,6.0,9226.25,9226.25,55743.0,55357.5,385.5
43978,10,45,9222.75,2,2020-05-27,2020-05-27 10:45:00,2020-05-27 10:45:00,NQM20.csv,1422,NQM20.csv,-6.0,9230.75,9230.75,55336.5,55384.5,48.0
43978,11,15,9222.75,8,2020-05-27,2020-05-27 11:15:00,2020-05-27 11:15:00,NQM20.csv,1200,NQM20.csv,6.0,9296.5,9296.5,55336.5,55779.0,-442.5
43978,11,30,9252.25,9,2020-05-27,2020-05-27 11:30:00,2020-05-27 11:30:00,NQM20.csv,853,NQM20.csv,1.0,9296.5,9296.5,9252.25,9296.5,-44.25
43978,12,30,9292.75,3,2020-05-27,2020-05-27 12:30:00,2020-05-27 12:30:00,NQM20.csv,674,NQM20.csv,-6.0,9316.25,9316.25,55756.5,55897.5,141.0
43978,13,0,9319.75,-2,2020-05-27,2020-05-27 13:00:00,2020-05-27 13:00:00,NQM20.csv,3986,NQM20.csv,-5.0,9316.25,9316.25,46598.75,46581.25,-17.5
43978,13,30,9334.5,3,2020-05-27,2020-05-27 13:30:00,2020-05-27 13:30:00,NQM20.csv,715,NQM20.csv,5.0,9370.5,9370.5,46672.5,46852.5,-180.0
43978,14,0,9336.25,7,2020-05-27,2020-05-27 14:00:00,2020-05-27 14:00:00,NQM20.csv,2542,NQM20.csv,4.0,9370.5,9370.5,37345.0,37482.0,-137.0
43978,14,30,9371.75,10,2020-05-27,2020-05-27 14:30:00,2020-05-27 14:30:00,NQM20.csv,1631,NQM20.csv,3.0,9402.5,9402.5,28115.25,28207.5,-92.25
43978,15,30,9403.0,11,2020-05-27,2020-05-27 15:30:00,2020-05-27 15:30:00,NQM20.csv,743,NQM20.csv,1.0,9424.25,9424.25,9403.0,9424.25,-21.25
43978,15,35,9386.0,10,2020-05-27,2020-05-27 15:35:00,2020-05-27 15:35:00,NQM20.csv,628,NQM20.csv,-1.0,9428.75,9428.75,9386.0,9428.75,42.75
43978,15,45,9420.0,9,2020-05-27,2020-05-27 15:45:00,2020-05-27 15:45:00,NQM20.csv,899,NQM20.csv,-1.0,9428.75,9428.75,9420.0,9428.75,8.75
43978,16,0,9436.25,6,2020-05-27,2020-05-27 16:00:00,2020-05-27 16:00:00,NQM20.csv,823,NQM20.csv,-3.0,9428.75,9428.75,28308.75,28286.25,-22.5
43979,4,30,9404.0,4,2020-05-28,2020-05-28 04:30:00,2020-05-28 04:30:00,NQM20.csv,209,NQM20.csv,-2.0,9417.5,9417.5,18808.0,18835.0,27.0
43979,6,0,9376.25,7,2020-05-28,2020-05-28 06:00:00,2020-05-28 06:00:00,NQM20.csv,253,NQM20.csv,3.0,9387.0,9387.0,28128.75,28161.0,-32.25
43979,6,30,9390.0,-5,2020-05-28,2020-05-28 06:30:00,2020-05-28 06:30:00,NQM20.csv,75,NQM20.csv,-12.0,9401.25,9401.25,112680.0,112815.0,135.0
43979,7,0,9408.75,4,2020-05-28,2020-05-28 07:00:00,2020-05-28 07:00:00,NQM20.csv,177,NQM20.csv,9.0,9396.75,9396.75,84678.75,84570.75,108.0
43979,7,15,9397.25,-1,2020-05-28,2020-05-28 07:15:00,2020-05-28 07:15:00,NQM20.csv,159,NQM20.csv,-5.0,9401.25,9401.25,46986.25,47006.25,20.0
43979,7,45,9400.75,4,2020-05-28,2020-05-28 07:45:00,2020-05-28 07:45:00,NQM20.csv,83,NQM20.csv,5.0,9341.75,9341.75,47003.75,46708.75,295.0
43979,9,15,9366.25,6,2020-05-28,2020-05-28 09:15:00,2020-05-28 09:15:00,NQM20.csv,282,NQM20.csv,2.0,9373.75,9373.75,18732.5,18747.5,-15.0
43979,9,45,9456.25,2,2020-05-28,2020-05-28 09:45:00,2020-05-28 09:45:00,NQM20.csv,2021,NQM20.csv,-4.0,9473.75,9473.75,37825.0,37895.0,70.0
43979,10,0,9431.75,7,2020-05-28,2020-05-28 10:00:00,2020-05-28 10:00:00,NQM20.csv,1810,NQM20.csv,5.0,9469.25,9469.25,47158.75,47346.25,-187.5
43979,10,15,9468.5,9,2020-05-28,2020-05-28 10:15:00,2020-05-28 10:15:00,NQM20.csv,1643,NQM20.csv,2.0,9469.25,9469.25,18937.0,18938.5,-1.5
43979,12,0,9515.75,11,2020-05-28,2020-05-28 12:00:00,2020-05-28 12:00:00,NQM20.csv,1569,NQM20.csv,2.0,9516.25,9516.25,19031.5,19032.5,-1.0
43979,12,5,9514.25,10,2020-05-28,2020-05-28 12:05:00,2020-05-28 12:05:00,NQM20.csv,758,NQM20.csv,-1.0,9520.75,9520.75,9514.25,9520.75,6.5
43979,12,30,9517.0,6,2020-05-28,2020-05-28 12:30:00,2020-05-28 12:30:00,NQM20.csv,584,NQM20.csv,-4.0,9555.25,9555.25,38068.0,38221.0,153.0
43979,13,0,9544.25,1,2020-05-28,2020-05-28 13:00:00,2020-05-28 13:00:00,NQM20.csv,467,NQM20.csv,-5.0,9555.25,9555.25,47721.25,47776.25,55.0
43979,13,30,9558.75,6,2020-05-28,2020-05-28 13:30:00,2020-05-28 13:30:00,NQM20.csv,264,NQM20.csv,5.0,9515.5,9515.5,47793.75,47577.5,216.25
43979,14,0,9541.25,7,2020-05-28,2020-05-28 14:00:00,2020-05-28 14:00:00,NQM20.csv,884,NQM20.csv,1.0,9515.5,9515.5,9541.25,9515.5,25.75
43979,14,15,9528.5,9,2020-05-28,2020-05-28 14:15:00,2020-05-28 14:15:00,NQM20.csv,621,NQM20.csv,2.0,9515.5,9515.5,19057.0,19031.0,26.0
43979,14,45,9509.25,7,2020-05-28,2020-05-28 14:45:00,2020-05-28 14:45:00,NQM20.csv,574,NQM20.csv,-2.0,9497.0,9497.0,19018.5,18994.0,-24.5
43979,15,0,9522.25,3,2020-05-28,2020-05-28 15:00:00,2020-05-28 15:00:00,NQM20.csv,730,NQM20.csv,-4.0,9497.0,9497.0,38089.0,37988.0,-101.0
43979,15,30,9464.0,8,2020-05-28,2020-05-28 15:30:00,2020-05-28 15:30:00,NQM20.csv,1428,NQM20.csv,5.0,9450.25,9450.25,47320.0,47251.25,68.75
43979,16,0,9418.75,4,2020-05-28,2020-05-28 16:00:00,2020-05-28 16:00:00,NQM20.csv,2153,NQM20.csv,-4.0,9454.75,9454.75,37675.0,37819.0,144.0
43980,2,30,9434.0,2,2020-05-29,2020-05-29 02:30:00,2020-05-29 02:30:00,NQM20.csv,83,NQM20.csv,-2.0,9417.0,9417.0,18868.0,18834.0,-34.0
43980,6,0,9428.25,-3,2020-05-29,2020-05-29 06:00:00,2020-05-29 06:00:00,NQM20.csv,114,NQM20.csv,-5.0,9441.75,9441.75,47141.25,47208.75,67.5
43980,6,15,9432.75,-7,2020-05-29,2020-05-29 06:15:00,2020-05-29 06:15:00,NQM20.csv,124,NQM20.csv,-4.0,9441.75,9441.75,37731.0,37767.0,36.0
43980,6,45,9432.25,-3,2020-05-29,2020-05-29 06:45:00,2020-05-29 06:45:00,NQM20.csv,183,NQM20.csv,4.0,9443.75,9443.75,37729.0,37775.0,-46.0
43980,8,0,9471.0,2,2020-05-29,2020-05-29 08:00:00,2020-05-29 08:00:00,NQM20.csv,229,NQM20.csv,5.0,9455.0,9455.0,47355.0,47275.0,80.0
43980,9,15,9449.25,-1,2020-05-29,2020-05-29 09:15:00,2020-05-29 09:15:00,NQM20.csv,480,NQM20.csv,-3.0,9452.0,9452.0,28347.75,28356.0,8.25
43980,10,15,9402.75,2,2020-05-29,2020-05-29 10:15:00,2020-05-29 10:15:00,NQM20.csv,1115,NQM20.csv,3.0,9416.0,9416.0,28208.25,28248.0,-39.75
43980,10,30,9407.5,-1,2020-05-29,2020-05-29 10:30:00,2020-05-29 10:30:00,NQM20.csv,2222,NQM20.csv,-3.0,9420.5,9420.5,28222.5,28261.5,39.0
43980,11,0,9413.0,5,2020-05-29,2020-05-29 11:00:00,2020-05-29 11:00:00,NQM20.csv,1081,NQM20.csv,6.0,9424.5,9424.5,56478.0,56547.0,-69.0
43980,12,0,9447.25,1,2020-05-29,2020-05-29 12:00:00,2020-05-29 12:00:00,NQM20.csv,529,NQM20.csv,-4.0,9433.25,9433.25,37789.0,37733.0,-56.0
43980,12,30,9424.5,2,2020-05-29,2020-05-29 12:30:00,2020-05-29 12:30:00,NQM20.csv,589,NQM20.csv,1.0,9428.75,9428.75,9424.5,9428.75,-4.25
43980,12,45,9423.25,6,2020-05-29,2020-05-29 12:45:00,2020-05-29 12:45:00,NQM20.csv,667,NQM20.csv,4.0,9431.5,9431.5,37693.0,37726.0,-33.0
43980,13,0,9446.5,1,2020-05-29,2020-05-29 13:00:00,2020-05-29 13:00:00,NQM20.csv,1875,NQM20.csv,-5.0,9436.0,9436.0,47232.5,47180.0,-52.5
43980,13,15,9452.0,-3,2020-05-29,2020-05-29 13:15:00,2020-05-29 13:15:00,NQM20.csv,949,NQM20.csv,-4.0,9436.0,9436.0,37808.0,37744.0,-64.0
43980,13,30,9439.75,2,2020-05-29,2020-05-29 13:30:00,2020-05-29 13:30:00,NQM20.csv,435,NQM20.csv,5.0,9431.5,9431.5,47198.75,47157.5,41.25
43980,14,0,9437.25,4,2020-05-29,2020-05-29 14:00:00,2020-05-29 14:00:00,NQM20.csv,909,NQM20.csv,2.0,9468.0,9468.0,18874.5,18936.0,-61.5
43980,14,30,9486.75,6,2020-05-29,2020-05-29 14:30:00,2020-05-29 14:30:00,NQM20.csv,645,NQM20.csv,2.0,9468.0,9468.0,18973.5,18936.0,37.5
43980,15,30,9512.25,9,2020-05-29,2020-05-29 15:30:00,2020-05-29 15:30:00,NQM20.csv,753,NQM20.csv,3.0,9527.5,9527.5,28536.75,28582.5,-45.75
43980,16,0,9543.0,2,2020-05-29,2020-05-29 16:00:00,2020-05-29 16:00:00,NQM20.csv,2204,NQM20.csv,-7.0,9589.5,9589.5,66801.0,67126.5,325.5
43980,16,15,9577.0,0,2020-05-29,2020-05-29 16:15:00,2020-05-29 16:15:00,NQM20.csv,700,NQM20.csv,-2.0,9589.5,9589.5,19154.0,19179.0,25.0
