day,hour,min,price,inventory,date,timestamp,minute,main_contract,main_volume,main_contract_clean,signal,opti_price,filled_price,benchmark_amount,amount,slippage
45537,9,30,68.105,-4,2024-09-02,2024-09-02 09:30:00,2024-09-02 09:30:00,JYU24.csv,588,JYU24.csv,-4.0,68.22,68.22,272.42,272.88,0.45999999999997954
45537,9,40,68.165,-6,2024-09-02,2024-09-02 09:40:00,2024-09-02 09:40:00,JYU24.csv,66,JYU24.csv,-2.0,68.22,68.22,136.33,136.44,0.10999999999998522
45537,9,50,68.2,-2,2024-09-02,2024-09-02 09:50:00,2024-09-02 09:50:00,JYU24.csv,117,JYU24.csv,4.0,68.13,68.185,272.8,272.74,0.060000000000002274
45537,10,0,68.18,0,2024-09-02,2024-09-02 10:00:00,2024-09-02 10:00:00,JYU24.csv,129,JYU24.csv,2.0,68.13,68.185,136.36,136.37,-0.009999999999990905
45537,11,0,68.18,-2,2024-09-02,2024-09-02 11:00:00,2024-09-02 11:00:00,JYU24.csv,208,JYU24.csv,-2.0,68.235,68.19,136.36,136.38,0.01999999999998181
45537,13,0,68.245,0,2024-09-02,2024-09-02 13:00:00,2024-09-02 13:00:00,JYZ24.csv,120,JYU24.csv,2.0,68.185,68.22,136.49,136.44,0.05000000000001137
45538,2,30,68.53,-1,2024-09-03,2024-09-03 02:30:00,2024-09-03 02:30:00,JYU24.csv,202,JYU24.csv,-1.0,68.61,68.61,68.53,68.61,0.0799999999999983
45538,6,30,68.645,-5,2024-09-03,2024-09-03 06:30:00,2024-09-03 06:30:00,JYU24.csv,21,JYU24.csv,-4.0,68.65,68.65,274.58,274.6,0.020000000000038654
45538,8,0,68.54,-3,2024-09-03,2024-09-03 08:00:00,2024-09-03 08:00:00,JYU24.csv,153,JYU24.csv,2.0,68.605,68.605,137.08,137.21,-0.12999999999999545
45538,8,30,68.53,-2,2024-09-03,2024-09-03 08:30:00,2024-09-03 08:30:00,JYU24.csv,50,JYU24.csv,1.0,68.605,68.605,68.53,68.605,-0.07500000000000284
45538,8,40,68.61,-6,2024-09-03,2024-09-03 08:40:00,2024-09-03 08:40:00,JYU24.csv,102,JYU24.csv,-4.0,68.69000000000001,68.69000000000001,274.44,274.76000000000005,0.32000000000005
45538,9,0,68.675,-2,2024-09-03,2024-09-03 09:00:00,2024-09-03 09:00:00,JYU24.csv,146,JYU24.csv,4.0,68.895,68.895,274.7,275.58,-0.8799999999999955
45538,9,10,68.745,0,2024-09-03,2024-09-03 09:10:00,2024-09-03 09:10:00,JYU24.csv,74,JYU24.csv,2.0,68.895,68.895,137.49,137.79,-0.29999999999998295
45538,9,20,68.785,-4,2024-09-03,2024-09-03 09:20:00,2024-09-03 09:20:00,JYU24.csv,246,JYU24.csv,-4.0,68.98,68.98,275.14,275.92,0.7800000000000296
45538,9,30,68.785,-6,2024-09-03,2024-09-03 09:30:00,2024-09-03 09:30:00,JYU24.csv,305,JYU24.csv,-2.0,68.98,68.98,137.57,137.96,0.3900000000000148
45538,9,40,68.835,-2,2024-09-03,2024-09-03 09:40:00,2024-09-03 09:40:00,JYU24.csv,487,JYU24.csv,4.0,68.895,68.895,275.34,275.58,-0.2400000000000091
45538,10,0,69.035,-8,2024-09-03,2024-09-03 10:00:00,2024-09-03 10:00:00,JYU24.csv,2285,JYU24.csv,-6.0,68.94,68.94,414.21,413.64,-0.5699999999999932
45538,10,10,68.945,-5,2024-09-03,2024-09-03 10:10:00,2024-09-03 10:10:00,JYU24.csv,334,JYU24.csv,3.0,68.86,68.86,206.83499999999998,206.57999999999998,0.25499999999999545
45538,10,20,68.88,2,2024-09-03,2024-09-03 10:20:00,2024-09-03 10:20:00,JYU24.csv,162,JYU24.csv,7.0,68.86,68.86,482.15999999999997,482.02,0.13999999999998636
45538,10,30,68.87,5,2024-09-03,2024-09-03 10:30:00,2024-09-03 10:30:00,JYU24.csv,340,JYU24.csv,3.0,68.86,68.86,206.61,206.57999999999998,0.03000000000002956
45538,10,40,68.925,-2,2024-09-03,2024-09-03 10:40:00,2024-09-03 10:40:00,JYU24.csv,290,JYU24.csv,-7.0,68.94,68.94,482.47499999999997,482.58,0.10500000000001819
45538,10,50,68.91,-4,2024-09-03,2024-09-03 10:50:00,2024-09-03 10:50:00,JYU24.csv,122,JYU24.csv,-2.0,68.94,68.665,137.82,137.33,-0.4899999999999807
45538,11,0,68.83,-6,2024-09-03,2024-09-03 11:00:00,2024-09-03 11:00:00,JYU24.csv,884,JYU24.csv,-2.0,68.71000000000001,68.71000000000001,137.66,137.42000000000002,-0.23999999999998067
45538,11,10,68.755,0,2024-09-03,2024-09-03 11:10:00,2024-09-03 11:10:00,JYU24.csv,373,JYU24.csv,6.0,68.62,68.73,412.53,412.38,0.14999999999997726
45538,11,20,68.71,-2,2024-09-03,2024-09-03 11:20:00,2024-09-03 11:20:00,JYU24.csv,386,JYU24.csv,-2.0,68.71000000000001,68.71000000000001,137.42,137.42000000000002,2.842170943040401e-14
45538,11,30,68.72,-8,2024-09-03,2024-09-03 11:30:00,2024-09-03 11:30:00,JYU24.csv,183,JYU24.csv,-6.0,68.71000000000001,68.71000000000001,412.32,412.26000000000005,-0.05999999999994543
45538,11,40,68.665,-6,2024-09-03,2024-09-03 11:40:00,2024-09-03 11:40:00,JYU24.csv,96,JYU24.csv,2.0,68.62,68.71,137.33,137.42,-0.08999999999997499
45538,13,0,68.735,-2,2024-09-03,2024-09-03 13:00:00,2024-09-03 13:00:00,JYU24.csv,114,JYU24.csv,4.0,68.64999999999999,68.67,274.94,274.68,0.2599999999999909
45539,8,0,69.135,-3,2024-09-04,2024-09-04 08:00:00,2024-09-04 08:00:00,JYU24.csv,101,JYU24.csv,-1.0,69.05,69.05,69.135,69.05,-0.08500000000000796
45539,8,50,69.0,-5,2024-09-04,2024-09-04 08:50:00,2024-09-04 08:50:00,JYU24.csv,120,JYU24.csv,-2.0,69.05,69.05,138.0,138.1,0.09999999999999432
45539,9,0,69.065,-8,2024-09-04,2024-09-04 09:00:00,2024-09-04 09:00:00,JYU24.csv,77,JYU24.csv,-3.0,69.22500000000001,69.22500000000001,207.195,207.675,0.4800000000000182
45539,9,10,69.05,-2,2024-09-04,2024-09-04 09:10:00,2024-09-04 09:10:00,JYU24.csv,110,JYU24.csv,6.0,69.14500000000001,69.14500000000001,414.29999999999995,414.87000000000006,-0.5700000000001069
45539,9,20,69.095,1,2024-09-04,2024-09-04 09:20:00,2024-09-04 09:20:00,JYU24.csv,29,JYU24.csv,3.0,69.14500000000001,69.14500000000001,207.285,207.43500000000003,-0.1500000000000341
45539,9,30,69.15,0,2024-09-04,2024-09-04 09:30:00,2024-09-04 09:30:00,JYU24.csv,356,JYU24.csv,-1.0,69.22500000000001,69.22500000000001,69.15,69.22500000000001,0.07500000000000284
45539,9,40,69.16,5,2024-09-04,2024-09-04 09:40:00,2024-09-04 09:40:00,JYU24.csv,301,JYU24.csv,5.0,69.14500000000001,69.14500000000001,345.79999999999995,345.725,0.07499999999993179
45539,9,50,69.19,2,2024-09-04,2024-09-04 09:50:00,2024-09-04 09:50:00,JYU24.csv,403,JYU24.csv,-3.0,69.22500000000001,69.22500000000001,207.57,207.675,0.10500000000001819
45539,10,0,69.2,-3,2024-09-04,2024-09-04 10:00:00,2024-09-04 10:00:00,JYU24.csv,5412,JYU24.csv,-5.0,69.55,69.55,346.0,347.75,1.75
45539,10,20,69.445,-6,2024-09-04,2024-09-04 10:20:00,2024-09-04 10:20:00,JYU24.csv,324,JYU24.csv,-3.0,69.55,69.55,208.33499999999998,208.64999999999998,0.3149999999999977
45539,10,40,69.525,-5,2024-09-04,2024-09-04 10:40:00,2024-09-04 10:40:00,JYU24.csv,407,JYU24.csv,1.0,69.46,69.46,69.525,69.46,0.06500000000001194
45539,11,0,69.51,-7,2024-09-04,2024-09-04 11:00:00,2024-09-04 11:00:00,JYU24.csv,395,JYU24.csv,-2.0,69.455,69.455,139.02,138.91,-0.11000000000001364
45539,11,10,69.43,-2,2024-09-04,2024-09-04 11:10:00,2024-09-04 11:10:00,JYU24.csv,128,JYU24.csv,5.0,69.365,69.365,347.15000000000003,346.825,0.3250000000000455
45539,11,30,69.415,-7,2024-09-04,2024-09-04 11:30:00,2024-09-04 11:30:00,JYU24.csv,531,JYU24.csv,-5.0,69.455,69.455,347.07500000000005,347.275,0.1999999999999318
45539,13,0,69.545,-3,2024-09-04,2024-09-04 13:00:00,2024-09-04 13:00:00,JYU24.csv,74,JYU24.csv,4.0,69.515,69.525,278.18,278.1,0.07999999999998408
45540,6,30,69.77,-6,2024-09-05,2024-09-05 06:30:00,2024-09-05 06:30:00,JYU24.csv,33,JYU24.csv,-3.0,69.83500000000001,69.77,209.31,209.31,-0.0
45540,8,0,69.805,0,2024-09-05,2024-09-05 08:00:00,2024-09-05 08:00:00,JYU24.csv,150,JYU24.csv,6.0,69.89500000000001,69.89500000000001,418.83000000000004,419.37000000000006,-0.5400000000000205
45540,9,0,69.975,-2,2024-09-05,2024-09-05 09:00:00,2024-09-05 09:00:00,JYU24.csv,307,JYU24.csv,-2.0,70.01,69.75,139.95,139.5,-0.44999999999998863
45540,9,20,69.915,0,2024-09-05,2024-09-05 09:20:00,2024-09-05 09:20:00,JYU24.csv,128,JYU24.csv,2.0,69.92,69.92,139.83,139.84,-0.009999999999990905
45540,9,40,69.935,-2,2024-09-05,2024-09-05 09:40:00,2024-09-05 09:40:00,JYU24.csv,168,JYU24.csv,-2.0,70.01,69.49,139.87,138.98,-0.8900000000000148
45540,10,10,69.735,0,2024-09-05,2024-09-05 10:10:00,2024-09-05 10:10:00,JYU24.csv,295,JYU24.csv,2.0,69.505,69.505,139.47,139.01,0.46000000000000796
45540,10,30,69.64,4,2024-09-05,2024-09-05 10:30:00,2024-09-05 10:30:00,JYU24.csv,355,JYU24.csv,4.0,69.505,69.505,278.56,278.02,0.5400000000000205
45540,10,50,69.525,1,2024-09-05,2024-09-05 10:50:00,2024-09-05 10:50:00,JYU24.csv,539,JYU24.csv,-3.0,69.595,69.595,208.57500000000002,208.785,0.20999999999997954
45540,11,0,69.57,0,2024-09-05,2024-09-05 11:00:00,2024-09-05 11:00:00,JYU24.csv,764,JYU24.csv,-1.0,69.845,69.79,69.57,69.79,0.22000000000001307
45540,11,10,69.53,4,2024-09-05,2024-09-05 11:10:00,2024-09-05 11:10:00,JYU24.csv,363,JYU24.csv,4.0,69.755,69.755,278.12,279.02,-0.8999999999999773
45540,11,20,69.625,1,2024-09-05,2024-09-05 11:20:00,2024-09-05 11:20:00,JYU24.csv,115,JYU24.csv,-3.0,69.845,69.81,208.875,209.43,0.5550000000000068
45540,11,30,69.695,-5,2024-09-05,2024-09-05 11:30:00,2024-09-05 11:30:00,JYU24.csv,242,JYU24.csv,-6.0,69.845,69.805,418.16999999999996,418.83000000000004,0.6600000000000819
45540,11,40,69.755,-2,2024-09-05,2024-09-05 11:40:00,2024-09-05 11:40:00,JYU24.csv,377,JYU24.csv,3.0,69.755,69.755,209.265,209.265,0.0
45540,11,50,69.765,0,2024-09-05,2024-09-05 11:50:00,2024-09-05 11:50:00,JYU24.csv,214,JYU24.csv,2.0,69.755,69.755,139.53,139.51,0.020000000000010232
45540,12,0,69.815,-3,2024-09-05,2024-09-05 12:00:00,2024-09-05 12:00:00,JYU24.csv,257,JYU24.csv,-3.0,69.83500000000001,69.83500000000001,209.445,209.50500000000002,0.060000000000030695
45540,12,20,69.825,0,2024-09-05,2024-09-05 12:20:00,2024-09-05 12:20:00,JYU24.csv,155,JYU24.csv,3.0,69.745,69.91,209.47500000000002,209.73,-0.25499999999996703
45540,13,0,69.815,1,2024-09-05,2024-09-05 13:00:00,2024-09-05 13:00:00,JYU24.csv,140,JYU24.csv,1.0,69.82,69.82,69.815,69.82,-0.0049999999999954525
45541,6,30,70.05,-3,2024-09-06,2024-09-06 06:30:00,2024-09-06 06:30:00,JYU24.csv,14,JYU24.csv,-4.0,70.125,69.98,280.2,279.92,-0.2799999999999727
45541,8,0,69.98,-4,2024-09-06,2024-09-06 08:00:00,2024-09-06 08:00:00,JYU24.csv,190,JYU24.csv,-1.0,70.025,70.025,69.98,70.025,0.045000000000001705
45541,8,50,70.125,-6,2024-09-06,2024-09-06 08:50:00,2024-09-06 08:50:00,JYU24.csv,617,JYU24.csv,-2.0,70.065,70.065,140.25,140.13,-0.12000000000000455
45541,9,0,70.02,-8,2024-09-06,2024-09-06 09:00:00,2024-09-06 09:00:00,JYU24.csv,351,JYU24.csv,-2.0,70.065,70.065,140.04,140.13,0.09000000000000341
45541,9,10,69.875,-9,2024-09-06,2024-09-06 09:10:00,2024-09-06 09:10:00,JYU24.csv,536,JYU24.csv,-1.0,69.805,69.805,69.875,69.805,-0.06999999999999318
45541,9,30,69.87,-6,2024-09-06,2024-09-06 09:30:00,2024-09-06 09:30:00,JYU24.csv,316,JYU24.csv,3.0,69.715,69.715,209.61,209.145,0.4650000000000034
45541,9,50,69.595,-7,2024-09-06,2024-09-06 09:50:00,2024-09-06 09:50:00,JYU24.csv,583,JYU24.csv,-1.0,69.805,69.805,69.595,69.805,0.21000000000000796
45541,10,10,69.89,-6,2024-09-06,2024-09-06 10:10:00,2024-09-06 10:10:00,JYU24.csv,766,JYU24.csv,1.0,70.235,70.235,69.89,70.235,-0.34499999999999886
45541,10,20,70.05,-8,2024-09-06,2024-09-06 10:20:00,2024-09-06 10:20:00,JYU24.csv,1250,JYU24.csv,-2.0,70.325,70.325,140.1,140.65,0.5500000000000114
45541,10,30,70.195,-4,2024-09-06,2024-09-06 10:30:00,2024-09-06 10:30:00,JYU24.csv,573,JYU24.csv,4.0,70.235,70.235,280.78,280.94,-0.160000000000025
45541,10,40,70.315,-2,2024-09-06,2024-09-06 10:40:00,2024-09-06 10:40:00,JYU24.csv,526,JYU24.csv,2.0,70.235,70.235,140.63,140.47,0.1599999999999966
45541,10,50,70.345,-3,2024-09-06,2024-09-06 10:50:00,2024-09-06 10:50:00,JYU24.csv,223,JYU24.csv,-1.0,70.325,70.325,70.345,70.325,-0.01999999999999602
45541,11,0,70.28,-7,2024-09-06,2024-09-06 11:00:00,2024-09-06 11:00:00,JYU24.csv,8336,JYU24.csv,-4.0,70.325,70.325,281.12,281.3,0.18000000000000682
45541,11,10,70.175,-1,2024-09-06,2024-09-06 11:10:00,2024-09-06 11:10:00,JYU24.csv,749,JYU24.csv,6.0,70.395,70.395,421.04999999999995,422.37,-1.32000000000005
45541,11,20,70.54,-2,2024-09-06,2024-09-06 11:20:00,2024-09-06 11:20:00,JYU24.csv,567,JYU24.csv,-1.0,70.485,70.485,70.54,70.485,-0.05500000000000682
45541,11,30,70.455,-7,2024-09-06,2024-09-06 11:30:00,2024-09-06 11:30:00,JYU24.csv,343,JYU24.csv,-5.0,70.485,70.485,352.275,352.425,0.1500000000000341
45541,11,40,70.335,-6,2024-09-06,2024-09-06 11:40:00,2024-09-06 11:40:00,JYU24.csv,324,JYU24.csv,1.0,70.395,70.395,70.335,70.395,-0.060000000000002274
45541,13,0,70.28,-2,2024-09-06,2024-09-06 13:00:00,2024-09-06 13:00:00,JYU24.csv,121,JYU24.csv,4.0,70.235,70.235,281.12,280.94,0.18000000000000682
45541,16,15,70.31,0,2024-09-06,2024-09-06 16:15:00,2024-09-06 16:15:00,JYU24.csv,12,JYU24.csv,2.0,70.255,70.36,140.62,140.72,-0.09999999999999432
45544,6,30,69.655,-7,2024-09-09,2024-09-09 06:30:00,2024-09-09 06:30:00,JYU24.csv,105,JYU24.csv,-7.0,69.72,69.615,487.58500000000004,487.30499999999995,-0.2800000000000864
45544,8,0,69.71,-5,2024-09-09,2024-09-09 08:00:00,2024-09-09 08:00:00,JYU24.csv,75,JYU24.csv,2.0,69.66499999999999,69.93,139.42,139.86,-0.44000000000002615
45544,10,0,70.105,-6,2024-09-09,2024-09-09 10:00:00,2024-09-09 10:00:00,JYU24.csv,498,JYU24.csv,-1.0,70.15,70.15,70.105,70.15,0.045000000000001705
45544,10,20,70.095,-5,2024-09-09,2024-09-09 10:20:00,2024-09-09 10:20:00,JYU24.csv,165,JYU24.csv,1.0,70.09,70.09,70.095,70.09,0.0049999999999954525
45544,10,30,70.14,2,2024-09-09,2024-09-09 10:30:00,2024-09-09 10:30:00,JYU24.csv,727,JYU24.csv,7.0,70.09,70.09,490.98,490.63,0.35000000000002274
45544,11,0,70.135,-2,2024-09-09,2024-09-09 11:00:00,2024-09-09 11:00:00,JYU24.csv,329,JYU24.csv,-4.0,70.18,70.06,280.54,280.24,-0.30000000000001137
45544,11,10,70.055,3,2024-09-09,2024-09-09 11:10:00,2024-09-09 11:10:00,JYU24.csv,118,JYU24.csv,5.0,69.995,70.05,350.27500000000003,350.25,0.025000000000034106
45544,11,20,70.125,1,2024-09-09,2024-09-09 11:20:00,2024-09-09 11:20:00,JYU24.csv,80,JYU24.csv,-2.0,70.08500000000001,70.08500000000001,140.25,140.17000000000002,-0.07999999999998408
45544,11,30,70.025,2,2024-09-09,2024-09-09 11:30:00,2024-09-09 11:30:00,JYU24.csv,217,JYU24.csv,1.0,69.995,70.06,70.025,70.06,-0.03499999999999659
45544,11,40,70.05,4,2024-09-09,2024-09-09 11:40:00,2024-09-09 11:40:00,JYU24.csv,155,JYU24.csv,2.0,69.995,70.07,140.1,140.14,-0.03999999999999204
45544,11,50,70.015,-2,2024-09-09,2024-09-09 11:50:00,2024-09-09 11:50:00,JYU24.csv,78,JYU24.csv,-6.0,70.08500000000001,70.08500000000001,420.09000000000003,420.51000000000005,0.4200000000000159
45544,13,0,70.06,2,2024-09-09,2024-09-09 13:00:00,2024-09-09 13:00:00,JYU24.csv,45,JYU24.csv,4.0,70.015,70.095,280.24,280.38,-0.13999999999998636
45545,2,30,69.865,3,2024-09-10,2024-09-10 02:30:00,2024-09-10 02:30:00,JYU24.csv,55,JYU24.csv,1.0,69.755,69.755,69.865,69.755,0.10999999999999943
45545,8,0,69.93,-3,2024-09-10,2024-09-10 08:00:00,2024-09-10 08:00:00,JYU24.csv,64,JYU24.csv,-6.0,69.94500000000001,69.94500000000001,419.58000000000004,419.6700000000001,0.09000000000003183
45545,8,30,70.01,-4,2024-09-10,2024-09-10 08:30:00,2024-09-10 08:30:00,JYU24.csv,189,JYU24.csv,-1.0,70.095,70.095,70.01,70.095,0.08499999999999375
45545,8,50,70.09,-6,2024-09-10,2024-09-10 08:50:00,2024-09-10 08:50:00,JYU24.csv,66,JYU24.csv,-2.0,70.095,69.97,140.18,139.94,-0.2400000000000091
45545,9,0,70.055,-3,2024-09-10,2024-09-10 09:00:00,2024-09-10 09:00:00,JYU24.csv,158,JYU24.csv,3.0,70.005,70.005,210.16500000000002,210.015,0.1500000000000341
45545,9,10,70.025,-1,2024-09-10,2024-09-10 09:10:00,2024-09-10 09:10:00,JYU24.csv,145,JYU24.csv,2.0,69.945,69.945,140.05,139.89,0.160000000000025
45545,10,20,70.205,-2,2024-09-10,2024-09-10 10:20:00,2024-09-10 10:20:00,JYU24.csv,652,JYU24.csv,-1.0,70.19,70.19,70.205,70.19,-0.015000000000000568
45545,10,30,70.145,2,2024-09-10,2024-09-10 10:30:00,2024-09-10 10:30:00,JYU24.csv,376,JYU24.csv,4.0,70.1,70.185,280.58,280.74,-0.160000000000025
45545,10,40,70.175,3,2024-09-10,2024-09-10 10:40:00,2024-09-10 10:40:00,JYU24.csv,460,JYU24.csv,1.0,70.1,70.215,70.175,70.215,-0.04000000000000625
45545,10,50,70.125,-1,2024-09-10,2024-09-10 10:50:00,2024-09-10 10:50:00,JYU24.csv,422,JYU24.csv,-4.0,70.19,70.19,280.5,280.76,0.2599999999999909
45545,11,0,70.13,-2,2024-09-10,2024-09-10 11:00:00,2024-09-10 11:00:00,JYU24.csv,603,JYU24.csv,-1.0,70.19,70.19,70.13,70.19,0.060000000000002274
45545,11,50,70.27,-3,2024-09-10,2024-09-10 11:50:00,2024-09-10 11:50:00,JYU24.csv,245,JYU24.csv,-1.0,70.405,70.26,70.27,70.26,-0.009999999999990905
45545,12,10,70.32,-2,2024-09-10,2024-09-10 12:10:00,2024-09-10 12:10:00,JYU24.csv,89,JYU24.csv,1.0,70.21,70.235,70.32,70.235,0.08499999999999375
45545,13,0,70.255,-1,2024-09-10,2024-09-10 13:00:00,2024-09-10 13:00:00,JYU24.csv,106,JYU24.csv,1.0,70.21,70.21,70.255,70.21,0.045000000000001705
45546,6,30,70.695,-4,2024-09-11,2024-09-11 06:30:00,2024-09-11 06:30:00,JYU24.csv,108,JYU24.csv,-3.0,70.66,70.66,212.08499999999998,211.98,-0.10499999999998977
45546,8,0,70.625,-1,2024-09-11,2024-09-11 08:00:00,2024-09-11 08:00:00,JYU24.csv,249,JYU24.csv,3.0,70.515,70.515,211.875,211.54500000000002,0.3299999999999841
45546,8,40,70.28,2,2024-09-11,2024-09-11 08:40:00,2024-09-11 08:40:00,JYU24.csv,715,JYU24.csv,3.0,70.285,70.285,210.84,210.855,-0.014999999999986358
45546,9,0,70.32,-2,2024-09-11,2024-09-11 09:00:00,2024-09-11 09:00:00,JYU24.csv,482,JYU24.csv,-4.0,70.375,70.375,281.28,281.5,0.22000000000002728
45546,9,20,70.39,-1,2024-09-11,2024-09-11 09:20:00,2024-09-11 09:20:00,JYZ24.csv,134,JYU24.csv,1.0,70.605,70.605,70.39,70.605,-0.2150000000000034
45546,9,30,70.31,-5,2024-09-11,2024-09-11 09:30:00,2024-09-11 09:30:00,JYU24.csv,697,JYU24.csv,-4.0,70.69500000000001,70.69500000000001,281.24,282.78000000000003,1.5400000000000205
45546,9,40,70.36,-6,2024-09-11,2024-09-11 09:40:00,2024-09-11 09:40:00,JYU24.csv,362,JYU24.csv,-1.0,70.69500000000001,70.69500000000001,70.36,70.69500000000001,0.33500000000000796
45546,9,50,70.49,-2,2024-09-11,2024-09-11 09:50:00,2024-09-11 09:50:00,JYU24.csv,278,JYU24.csv,4.0,70.605,70.605,281.96,282.42,-0.4600000000000364
45546,10,20,70.815,-5,2024-09-11,2024-09-11 10:20:00,2024-09-11 10:20:00,JYU24.csv,491,JYU24.csv,-3.0,70.75,70.75,212.445,212.25,-0.19499999999999318
45546,10,30,70.755,1,2024-09-11,2024-09-11 10:30:00,2024-09-11 10:30:00,JYU24.csv,423,JYU24.csv,6.0,70.66,70.66,424.53,423.96,0.5699999999999932
45546,10,40,70.74,4,2024-09-11,2024-09-11 10:40:00,2024-09-11 10:40:00,JYU24.csv,220,JYU24.csv,3.0,70.66,70.66,212.21999999999997,211.98,0.23999999999998067
45546,10,50,70.825,-2,2024-09-11,2024-09-11 10:50:00,2024-09-11 10:50:00,JYU24.csv,409,JYU24.csv,-6.0,70.75,70.75,424.95000000000005,424.5,-0.4500000000000455
45546,11,0,70.77,-6,2024-09-11,2024-09-11 11:00:00,2024-09-11 11:00:00,JYU24.csv,681,JYU24.csv,-4.0,70.75,70.75,283.08,283.0,-0.07999999999998408
45546,11,10,70.72,-3,2024-09-11,2024-09-11 11:10:00,2024-09-11 11:10:00,JYU24.csv,210,JYU24.csv,3.0,70.66,70.66,212.16,211.98,0.18000000000000682
45546,11,20,70.67,-5,2024-09-11,2024-09-11 11:20:00,2024-09-11 11:20:00,JYU24.csv,255,JYU24.csv,-2.0,70.565,70.565,141.34,141.13,-0.21000000000000796
45546,11,30,70.755,-7,2024-09-11,2024-09-11 11:30:00,2024-09-11 11:30:00,JYU24.csv,81,JYU24.csv,-2.0,70.565,70.565,141.51,141.13,-0.37999999999999545
45546,11,40,70.685,-5,2024-09-11,2024-09-11 11:40:00,2024-09-11 11:40:00,JYU24.csv,318,JYU24.csv,2.0,70.475,70.475,141.37,140.95,0.4200000000000159
45546,11,50,70.59,-3,2024-09-11,2024-09-11 11:50:00,2024-09-11 11:50:00,JYU24.csv,246,JYU24.csv,2.0,70.475,70.475,141.18,140.95,0.2300000000000182
45546,12,0,70.605,-5,2024-09-11,2024-09-11 12:00:00,2024-09-11 12:00:00,JYU24.csv,153,JYU24.csv,-2.0,70.565,70.565,141.21,141.13,-0.0800000000000125
45546,12,20,70.49,-3,2024-09-11,2024-09-11 12:20:00,2024-09-11 12:20:00,JYU24.csv,191,JYU24.csv,2.0,70.34,70.405,140.98,140.81,0.1699999999999875
45546,13,0,70.5,1,2024-09-11,2024-09-11 13:00:00,2024-09-11 13:00:00,JYU24.csv,90,JYU24.csv,4.0,70.34,70.34,282.0,281.36,0.6399999999999864
45547,8,0,70.155,-2,2024-09-12,2024-09-12 08:00:00,2024-09-12 08:00:00,JYU24.csv,120,JYZ24.csv,-3.0,71.095,71.095,210.465,213.285,2.819999999999993
45547,9,0,70.385,-1,2024-09-12,2024-09-12 09:00:00,2024-09-12 09:00:00,JYU24.csv,381,JYU24.csv,1.0,70.33,70.33,70.385,70.33,0.05500000000000682
45547,9,10,70.4,-3,2024-09-12,2024-09-12 09:10:00,2024-09-12 09:10:00,JYU24.csv,214,JYU24.csv,-2.0,70.42,70.42,140.8,140.84,0.03999999999999204
45547,9,20,70.325,-1,2024-09-12,2024-09-12 09:20:00,2024-09-12 09:20:00,JYZ24.csv,216,JYZ24.csv,2.0,71.21,71.21,140.65,142.42,-1.7699999999999818
45547,9,30,70.305,1,2024-09-12,2024-09-12 09:30:00,2024-09-12 09:30:00,JYZ24.csv,324,JYU24.csv,2.0,70.195,70.225,140.61,140.45,0.160000000000025
45547,9,40,70.315,-1,2024-09-12,2024-09-12 09:40:00,2024-09-12 09:40:00,JYU24.csv,244,JYU24.csv,-2.0,70.285,70.285,140.63,140.57,-0.060000000000002274
45547,10,0,70.42,-4,2024-09-12,2024-09-12 10:00:00,2024-09-12 10:00:00,JYU24.csv,296,JYU24.csv,-3.0,70.285,70.285,211.26,210.855,-0.40500000000000114
45547,10,10,70.33,-1,2024-09-12,2024-09-12 10:10:00,2024-09-12 10:10:00,JYU24.csv,307,JYU24.csv,3.0,70.195,70.195,210.99,210.58499999999998,0.40500000000002956
45547,10,20,70.245,2,2024-09-12,2024-09-12 10:20:00,2024-09-12 10:20:00,JYU24.csv,308,JYU24.csv,3.0,70.16,70.16,210.735,210.48,0.2550000000000239
45547,10,30,70.25,-1,2024-09-12,2024-09-12 10:30:00,2024-09-12 10:30:00,JYZ24.csv,111,JYZ24.csv,-3.0,71.11,71.11,210.75,213.32999999999998,2.579999999999984
45547,11,0,70.195,-3,2024-09-12,2024-09-12 11:00:00,2024-09-12 11:00:00,JYU24.csv,349,JYU24.csv,-2.0,70.25,70.25,140.39,140.5,0.11000000000001364
45547,13,0,70.18,-1,2024-09-12,2024-09-12 13:00:00,2024-09-12 13:00:00,JYU24.csv,95,JYU24.csv,2.0,70.195,70.195,140.36,140.39,-0.029999999999972715
45548,6,30,72.03,-5,2024-09-13,2024-09-13 06:30:00,2024-09-13 06:30:00,JYZ24.csv,55,JYZ24.csv,-4.0,72.01,72.01,288.12,288.04,-0.07999999999998408
45548,8,0,71.89,-9,2024-09-13,2024-09-13 08:00:00,2024-09-13 08:00:00,JYZ24.csv,333,JYZ24.csv,-4.0,71.87,71.87,287.56,287.48,-0.07999999999998408
45548,9,0,71.95,-3,2024-09-13,2024-09-13 09:00:00,2024-09-13 09:00:00,JYZ24.csv,310,JYZ24.csv,6.0,71.94,71.94,431.70000000000005,431.64,0.06000000000005912
45548,9,10,72.025,0,2024-09-13,2024-09-13 09:10:00,2024-09-13 09:10:00,JYZ24.csv,275,JYZ24.csv,3.0,72.085,72.085,216.07500000000002,216.255,-0.1799999999999784
45548,9,20,72.075,-6,2024-09-13,2024-09-13 09:20:00,2024-09-13 09:20:00,JYZ24.csv,256,JYZ24.csv,-6.0,72.175,72.175,432.45000000000005,433.04999999999995,0.599999999999909
45548,9,30,72.085,-7,2024-09-13,2024-09-13 09:30:00,2024-09-13 09:30:00,JYZ24.csv,302,JYZ24.csv,-1.0,72.175,72.175,72.085,72.175,0.09000000000000341
45548,9,50,72.09,-9,2024-09-13,2024-09-13 09:50:00,2024-09-13 09:50:00,JYZ24.csv,927,JYZ24.csv,-2.0,72.175,72.175,144.18,144.35,0.1699999999999875
45548,10,30,72.02,-2,2024-09-13,2024-09-13 10:30:00,2024-09-13 10:30:00,JYZ24.csv,254,JYZ24.csv,7.0,71.955,71.955,504.14,503.685,0.4549999999999841
45548,11,0,71.99,-6,2024-09-13,2024-09-13 11:00:00,2024-09-13 11:00:00,JYZ24.csv,253,JYZ24.csv,-4.0,72.045,72.045,287.96,288.18,0.22000000000002728
45548,11,10,72.025,-10,2024-09-13,2024-09-13 11:10:00,2024-09-13 11:10:00,JYZ24.csv,124,JYZ24.csv,-4.0,72.02,72.02,288.1,288.08,-0.020000000000038654
45548,11,50,72.015,-9,2024-09-13,2024-09-13 11:50:00,2024-09-13 11:50:00,JYZ24.csv,99,JYZ24.csv,1.0,71.92999999999999,71.92999999999999,72.015,71.92999999999999,0.08500000000000796
45548,13,0,71.9,-5,2024-09-13,2024-09-13 13:00:00,2024-09-13 13:00:00,JYZ24.csv,139,JYZ24.csv,4.0,71.85,71.85,287.6,287.4,0.20000000000004547
45548,16,15,71.83,0,2024-09-13,2024-09-13 16:15:00,2024-09-13 16:15:00,JYZ24.csv,21,JYZ24.csv,5.0,71.795,71.89,359.15,359.45,-0.30000000000001137
45551,6,30,72.255,-3,2024-09-16,2024-09-16 06:30:00,2024-09-16 06:30:00,JYZ24.csv,82,JYZ24.csv,-3.0,72.345,72.27,216.765,216.81,0.045000000000015916
45551,8,0,72.365,-5,2024-09-16,2024-09-16 08:00:00,2024-09-16 08:00:00,JYZ24.csv,307,JYZ24.csv,-2.0,72.395,72.395,144.73,144.79,0.060000000000002274
45551,8,40,72.165,-6,2024-09-16,2024-09-16 08:40:00,2024-09-16 08:40:00,JYZ24.csv,765,JYZ24.csv,-1.0,72.205,72.075,72.165,72.075,-0.09000000000000341
45551,9,0,72.185,-7,2024-09-16,2024-09-16 09:00:00,2024-09-16 09:00:00,JYZ24.csv,267,JYZ24.csv,-1.0,72.205,72.02,72.185,72.02,-0.16500000000000625
45551,9,20,72.105,-5,2024-09-16,2024-09-16 09:20:00,2024-09-16 09:20:00,JYZ24.csv,423,JYZ24.csv,2.0,71.92999999999999,72.015,144.21,144.03,0.18000000000000682
45551,10,10,71.95,-2,2024-09-16,2024-09-16 10:10:00,2024-09-16 10:10:00,JYZ24.csv,177,JYZ24.csv,3.0,71.99,71.99,215.85000000000002,215.96999999999997,-0.1199999999999477
45551,10,40,72.13,0,2024-09-16,2024-09-16 10:40:00,2024-09-16 10:40:00,JYZ24.csv,237,JYZ24.csv,2.0,71.99,71.99,144.26,143.98,0.28000000000000114
45551,11,0,72.075,-4,2024-09-16,2024-09-16 11:00:00,2024-09-16 11:00:00,JYZ24.csv,192,JYZ24.csv,-4.0,72.08,72.08,288.3,288.32,0.01999999999998181
45551,11,10,72.0,1,2024-09-16,2024-09-16 11:10:00,2024-09-16 11:10:00,JYZ24.csv,153,JYZ24.csv,5.0,71.88,71.88,360.0,359.4,0.6000000000000227
45551,11,30,71.985,-4,2024-09-16,2024-09-16 11:30:00,2024-09-16 11:30:00,JYZ24.csv,178,JYZ24.csv,-5.0,71.97,71.97,359.925,359.85,-0.07499999999998863
45551,11,40,71.915,-6,2024-09-16,2024-09-16 11:40:00,2024-09-16 11:40:00,JYZ24.csv,168,JYZ24.csv,-2.0,71.97,71.92,143.83,143.84,0.009999999999990905
45551,12,0,71.9,-4,2024-09-16,2024-09-16 12:00:00,2024-09-16 12:00:00,JYZ24.csv,177,JYZ24.csv,2.0,71.88,71.88,143.8,143.76,0.040000000000020464
45551,13,0,71.975,-2,2024-09-16,2024-09-16 13:00:00,2024-09-16 13:00:00,JYZ24.csv,41,JYZ24.csv,2.0,71.94,71.94,143.95,143.88,0.06999999999999318
45552,8,40,71.8,-4,2024-09-17,2024-09-17 08:40:00,2024-09-17 08:40:00,JYZ24.csv,381,JYZ24.csv,-2.0,71.89,71.655,143.6,143.31,-0.28999999999999204
45552,9,0,71.795,-2,2024-09-17,2024-09-17 09:00:00,2024-09-17 09:00:00,JYZ24.csv,389,JYZ24.csv,2.0,71.8,71.8,143.59,143.6,-0.009999999999990905
45552,9,30,71.705,-4,2024-09-17,2024-09-17 09:30:00,2024-09-17 09:30:00,JYZ24.csv,281,JYZ24.csv,-2.0,71.47,71.47,143.41,142.94,-0.46999999999999886
45552,9,50,71.55,-6,2024-09-17,2024-09-17 09:50:00,2024-09-17 09:50:00,JYZ24.csv,396,JYZ24.csv,-2.0,71.47,71.47,143.1,142.94,-0.1599999999999966
45552,10,10,71.475,-2,2024-09-17,2024-09-17 10:10:00,2024-09-17 10:10:00,JYZ24.csv,540,JYZ24.csv,4.0,71.38,71.38,285.9,285.52,0.37999999999999545
45552,10,50,71.355,1,2024-09-17,2024-09-17 10:50:00,2024-09-17 10:50:00,JYZ24.csv,334,JYZ24.csv,3.0,71.44,71.44,214.065,214.32,-0.25499999999999545
45552,11,0,71.435,0,2024-09-17,2024-09-17 11:00:00,2024-09-17 11:00:00,JYZ24.csv,1116,JYZ24.csv,-1.0,71.53,71.385,71.435,71.385,-0.04999999999999716
45552,11,10,71.425,-3,2024-09-17,2024-09-17 11:10:00,2024-09-17 11:10:00,JYZ24.csv,229,JYZ24.csv,-3.0,71.53,71.4,214.27499999999998,214.20000000000002,-0.07499999999996021
45552,13,0,71.405,-2,2024-09-17,2024-09-17 13:00:00,2024-09-17 13:00:00,JYZ24.csv,89,JYZ24.csv,1.0,71.31,71.31,71.405,71.31,0.09499999999999886
45553,6,30,71.485,-7,2024-09-18,2024-09-18 06:30:00,2024-09-18 06:30:00,JYZ24.csv,47,JYZ24.csv,-5.0,71.47,71.47,357.425,357.35,-0.07499999999998863
45553,8,0,71.34,-5,2024-09-18,2024-09-18 08:00:00,2024-09-18 08:00:00,JYZ24.csv,54,JYZ24.csv,2.0,71.205,71.355,142.68,142.71,-0.030000000000001137
45553,9,20,71.415,-6,2024-09-18,2024-09-18 09:20:00,2024-09-18 09:20:00,JYZ24.csv,55,JYZ24.csv,-1.0,71.45,71.305,71.415,71.305,-0.10999999999999943
45553,9,40,71.36,-5,2024-09-18,2024-09-18 09:40:00,2024-09-18 09:40:00,JYZ24.csv,54,JYZ24.csv,1.0,71.36,71.36,71.36,71.36,0.0
45553,10,20,71.345,-2,2024-09-18,2024-09-18 10:20:00,2024-09-18 10:20:00,JYZ24.csv,242,JYZ24.csv,3.0,71.245,71.245,214.035,213.735,0.29999999999998295
45553,10,30,71.3,7,2024-09-18,2024-09-18 10:30:00,2024-09-18 10:30:00,JYZ24.csv,383,JYZ24.csv,9.0,71.245,71.245,641.6999999999999,641.205,0.49499999999989086
45553,10,40,71.325,4,2024-09-18,2024-09-18 10:40:00,2024-09-18 10:40:00,JYZ24.csv,51,JYZ24.csv,-3.0,71.33500000000001,71.33500000000001,213.97500000000002,214.00500000000002,0.030000000000001137
45553,10,50,71.295,0,2024-09-18,2024-09-18 10:50:00,2024-09-18 10:50:00,JYZ24.csv,370,JYZ24.csv,-4.0,71.33500000000001,71.33500000000001,285.18,285.34000000000003,0.160000000000025
45553,11,0,71.265,1,2024-09-18,2024-09-18 11:00:00,2024-09-18 11:00:00,JYZ24.csv,203,JYZ24.csv,1.0,71.245,71.31,71.265,71.31,-0.045000000000001705
45553,13,0,71.33,0,2024-09-18,2024-09-18 13:00:00,2024-09-18 13:00:00,JYZ24.csv,88,JYZ24.csv,-1.0,71.375,71.375,71.33,71.375,0.045000000000001705
45554,6,30,70.685,-2,2024-09-19,2024-09-19 06:30:00,2024-09-19 06:30:00,JYZ24.csv,98,JYZ24.csv,-2.0,70.71000000000001,70.71000000000001,141.37,141.42000000000002,0.05000000000001137
45554,8,0,70.75,-6,2024-09-19,2024-09-19 08:00:00,2024-09-19 08:00:00,JYZ24.csv,211,JYZ24.csv,-4.0,70.8,70.8,283.0,283.2,0.19999999999998863
45554,9,0,70.33,-5,2024-09-19,2024-09-19 09:00:00,2024-09-19 09:00:00,JYZ24.csv,479,JYZ24.csv,1.0,70.42999999999999,70.42999999999999,70.33,70.42999999999999,-0.09999999999999432
45554,9,40,70.455,-3,2024-09-19,2024-09-19 09:40:00,2024-09-19 09:40:00,JYZ24.csv,341,JYZ24.csv,2.0,70.6,70.6,140.91,141.2,-0.28999999999999204
45554,10,0,70.55,-6,2024-09-19,2024-09-19 10:00:00,2024-09-19 10:00:00,JYZ24.csv,427,JYZ24.csv,-3.0,70.69,70.69,211.64999999999998,212.07,0.4200000000000159
45554,10,20,70.63,-3,2024-09-19,2024-09-19 10:20:00,2024-09-19 10:20:00,JYZ24.csv,111,JYZ24.csv,3.0,70.765,70.765,211.89,212.29500000000002,-0.40500000000002956
45554,10,30,70.69,-2,2024-09-19,2024-09-19 10:30:00,2024-09-19 10:30:00,JYZ24.csv,318,JYZ24.csv,1.0,70.765,70.765,70.69,70.765,-0.07500000000000284
45554,10,50,70.77,-4,2024-09-19,2024-09-19 10:50:00,2024-09-19 10:50:00,JYZ24.csv,362,JYZ24.csv,-2.0,70.855,70.775,141.54,141.55,0.010000000000019327
45554,11,0,70.76,-7,2024-09-19,2024-09-19 11:00:00,2024-09-19 11:00:00,JYZ24.csv,418,JYZ24.csv,-3.0,70.855,70.77,212.28000000000003,212.31,0.029999999999972715
45554,11,10,70.76,-4,2024-09-19,2024-09-19 11:10:00,2024-09-19 11:10:00,JYZ24.csv,87,JYZ24.csv,3.0,70.765,70.765,212.28000000000003,212.29500000000002,-0.014999999999986358
45554,13,0,70.695,-1,2024-09-19,2024-09-19 13:00:00,2024-09-19 13:00:00,JYZ24.csv,102,JYZ24.csv,3.0,70.66,70.66,212.08499999999998,211.98,0.10499999999998977
45555,6,30,70.245,-7,2024-09-20,2024-09-20 06:30:00,2024-09-20 06:30:00,JYZ24.csv,270,JYZ24.csv,-6.0,70.08,70.08,421.47,420.48,-0.9900000000000091
45555,8,0,70.105,-4,2024-09-20,2024-09-20 08:00:00,2024-09-20 08:00:00,JYZ24.csv,1021,JYZ24.csv,3.0,70.195,70.195,210.315,210.58499999999998,-0.2699999999999818
45555,9,0,70.375,-6,2024-09-20,2024-09-20 09:00:00,2024-09-20 09:00:00,JYZ24.csv,164,JYZ24.csv,-2.0,70.43,70.43,140.75,140.86,0.11000000000001364
45555,9,20,70.445,-7,2024-09-20,2024-09-20 09:20:00,2024-09-20 09:20:00,JYZ24.csv,128,JYZ24.csv,-1.0,70.43,70.43,70.445,70.43,-0.014999999999986358
45555,9,30,70.285,-10,2024-09-20,2024-09-20 09:30:00,2024-09-20 09:30:00,JYZ24.csv,270,JYZ24.csv,-3.0,70.105,70.105,210.855,210.315,-0.539999999999992
45555,9,40,70.255,-6,2024-09-20,2024-09-20 09:40:00,2024-09-20 09:40:00,JYZ24.csv,183,JYZ24.csv,4.0,70.015,70.155,281.02,280.62,0.39999999999997726
45555,9,50,70.28,-3,2024-09-20,2024-09-20 09:50:00,2024-09-20 09:50:00,JYZ24.csv,341,JYZ24.csv,3.0,70.015,70.14,210.84,210.42000000000002,0.4199999999999875
45555,10,30,70.095,3,2024-09-20,2024-09-20 10:30:00,2024-09-20 10:30:00,JYZ24.csv,211,JYZ24.csv,6.0,69.965,70.01,420.57,420.06000000000006,0.5099999999999341
45555,10,40,70.14,0,2024-09-20,2024-09-20 10:40:00,2024-09-20 10:40:00,JYZ24.csv,186,JYZ24.csv,-3.0,70.055,70.055,210.42000000000002,210.16500000000002,-0.25499999999999545
45555,11,0,70.01,-2,2024-09-20,2024-09-20 11:00:00,2024-09-20 11:00:00,JYZ24.csv,1128,JYZ24.csv,-2.0,70.055,70.055,140.02,140.11,0.09000000000000341
45555,13,0,70.33,0,2024-09-20,2024-09-20 13:00:00,2024-09-20 13:00:00,JYZ24.csv,69,JYZ24.csv,2.0,70.145,70.145,140.66,140.29,0.37000000000000455
45558,6,30,70.515,-2,2024-09-23,2024-09-23 06:30:00,2024-09-23 06:30:00,JYZ24.csv,57,JYZ24.csv,-2.0,70.58500000000001,70.58500000000001,141.03,141.17000000000002,0.14000000000001478
45558,8,0,70.405,1,2024-09-23,2024-09-23 08:00:00,2024-09-23 08:00:00,JYZ24.csv,83,JYZ24.csv,3.0,70.375,70.375,211.215,211.125,0.09000000000000341
45558,9,0,70.32,-3,2024-09-23,2024-09-23 09:00:00,2024-09-23 09:00:00,JYZ24.csv,308,JYZ24.csv,-4.0,70.355,70.355,281.28,281.42,0.1400000000000432
45558,9,40,70.32,-5,2024-09-23,2024-09-23 09:40:00,2024-09-23 09:40:00,JYZ24.csv,268,JYZ24.csv,-2.0,70.14,70.14,140.64,140.28,-0.3599999999999852
45558,9,50,70.18,-8,2024-09-23,2024-09-23 09:50:00,2024-09-23 09:50:00,JYZ24.csv,437,JYZ24.csv,-3.0,70.14,70.14,210.54000000000002,210.42000000000002,-0.12000000000000455
45558,10,0,70.175,-1,2024-09-23,2024-09-23 10:00:00,2024-09-23 10:00:00,JYZ24.csv,271,JYZ24.csv,7.0,70.05,70.05,491.22499999999997,490.34999999999997,0.875
45558,10,10,70.07,6,2024-09-23,2024-09-23 10:10:00,2024-09-23 10:10:00,JYZ24.csv,163,JYZ24.csv,7.0,70.295,70.295,490.48999999999995,492.065,-1.5750000000000455
45558,10,20,70.145,1,2024-09-23,2024-09-23 10:20:00,2024-09-23 10:20:00,JYZ24.csv,115,JYZ24.csv,-5.0,70.385,70.3,350.72499999999997,351.5,0.7750000000000341
45558,10,30,70.24,-1,2024-09-23,2024-09-23 10:30:00,2024-09-23 10:30:00,JYZ24.csv,177,JYZ24.csv,-2.0,70.385,70.255,140.48,140.51,0.030000000000001137
45558,10,40,70.29,1,2024-09-23,2024-09-23 10:40:00,2024-09-23 10:40:00,JYZ24.csv,101,JYZ24.csv,2.0,70.295,70.295,140.58,140.59,-0.009999999999990905
45558,11,0,70.32,-6,2024-09-23,2024-09-23 11:00:00,2024-09-23 11:00:00,JYZ24.csv,954,JYZ24.csv,-7.0,70.385,70.385,492.23999999999995,492.69500000000005,0.45500000000009777
45558,11,10,70.245,-1,2024-09-23,2024-09-23 11:10:00,2024-09-23 11:10:00,JYZ24.csv,116,JYZ24.csv,5.0,70.39,70.39,351.225,351.95,-0.7249999999999659
45558,11,30,70.275,-6,2024-09-23,2024-09-23 11:30:00,2024-09-23 11:30:00,JYZ24.csv,115,JYZ24.csv,-5.0,70.48,70.48,351.375,352.40000000000003,1.025000000000034
45558,13,0,70.535,-1,2024-09-23,2024-09-23 13:00:00,2024-09-23 13:00:00,JYZ24.csv,131,JYZ24.csv,5.0,70.5,70.5,352.67499999999995,352.5,0.17499999999995453
45559,6,30,70.135,-3,2024-09-24,2024-09-24 06:30:00,2024-09-24 06:30:00,JYZ24.csv,55,JYZ24.csv,-2.0,70.285,70.285,140.27,140.57,0.29999999999998295
45559,8,50,70.21,-5,2024-09-24,2024-09-24 08:50:00,2024-09-24 08:50:00,JYZ24.csv,104,JYZ24.csv,-2.0,70.235,70.235,140.42,140.47,0.05000000000001137
45559,9,0,70.22,-3,2024-09-24,2024-09-24 09:00:00,2024-09-24 09:00:00,JYZ24.csv,208,JYZ24.csv,2.0,70.145,70.145,140.44,140.29,0.15000000000000568
45559,9,10,70.19,-1,2024-09-24,2024-09-24 09:10:00,2024-09-24 09:10:00,JYZ24.csv,71,JYZ24.csv,2.0,70.145,70.145,140.38,140.29,0.09000000000000341
45559,10,20,70.44,-4,2024-09-24,2024-09-24 10:20:00,2024-09-24 10:20:00,JYZ24.csv,191,JYZ24.csv,-3.0,70.4,70.4,211.32,211.20000000000002,-0.11999999999997613
45559,10,30,70.45,-2,2024-09-24,2024-09-24 10:30:00,2024-09-24 10:30:00,JYZ24.csv,612,JYZ24.csv,2.0,70.31,70.365,140.9,140.73,0.17000000000001592
45559,10,40,70.42,1,2024-09-24,2024-09-24 10:40:00,2024-09-24 10:40:00,JYZ24.csv,182,JYZ24.csv,3.0,70.31,70.35,211.26,211.04999999999998,0.21000000000000796
45559,11,0,70.37,-1,2024-09-24,2024-09-24 11:00:00,2024-09-24 11:00:00,JYZ24.csv,291,JYZ24.csv,-2.0,70.4,70.4,140.74,140.8,0.060000000000002274
45559,12,0,70.315,-2,2024-09-24,2024-09-24 12:00:00,2024-09-24 12:00:00,JYZ24.csv,77,JYZ24.csv,-1.0,70.44500000000001,70.44500000000001,70.315,70.44500000000001,0.13000000000000966
45559,12,20,70.425,-1,2024-09-24,2024-09-24 12:20:00,2024-09-24 12:20:00,JYZ24.csv,61,JYZ24.csv,1.0,70.37,70.38,70.425,70.38,0.045000000000001705
45559,13,0,70.47,1,2024-09-24,2024-09-24 13:00:00,2024-09-24 13:00:00,JYZ24.csv,39,JYZ24.csv,2.0,70.37,70.37,140.94,140.74,0.19999999999998863
45560,6,30,70.145,-5,2024-09-25,2024-09-25 06:30:00,2024-09-25 06:30:00,JYZ24.csv,76,JYZ24.csv,-6.0,70.04,70.04,420.87,420.24,-0.6299999999999955
45560,8,0,70.05,-4,2024-09-25,2024-09-25 08:00:00,2024-09-25 08:00:00,JYZ24.csv,106,JYZ24.csv,1.0,70.02499999999999,70.02499999999999,70.05,70.02499999999999,0.025000000000005684
45560,9,0,70.095,-6,2024-09-25,2024-09-25 09:00:00,2024-09-25 09:00:00,JYZ24.csv,90,JYZ24.csv,-2.0,70.245,70.245,140.19,140.49,0.30000000000001137
45560,9,20,70.215,-7,2024-09-25,2024-09-25 09:20:00,2024-09-25 09:20:00,JYZ24.csv,179,JYZ24.csv,-1.0,70.17,70.17,70.215,70.17,-0.045000000000001705
45560,9,40,70.245,-6,2024-09-25,2024-09-25 09:40:00,2024-09-25 09:40:00,JYZ24.csv,111,JYZ24.csv,1.0,70.08,70.08,70.245,70.08,0.16500000000000625
45560,10,0,70.17,-1,2024-09-25,2024-09-25 10:00:00,2024-09-25 10:00:00,JYZ24.csv,802,JYZ24.csv,5.0,70.08,70.08,350.85,350.4,0.4500000000000455
45560,10,20,70.07,-3,2024-09-25,2024-09-25 10:20:00,2024-09-25 10:20:00,JYZ24.csv,138,JYZ24.csv,-2.0,70.06,70.06,140.14,140.12,-0.01999999999998181
45560,10,30,70.11,3,2024-09-25,2024-09-25 10:30:00,2024-09-25 10:30:00,JYZ24.csv,88,JYZ24.csv,6.0,69.97,69.97,420.65999999999997,419.82,0.839999999999975
45560,10,40,70.135,0,2024-09-25,2024-09-25 10:40:00,2024-09-25 10:40:00,JYZ24.csv,122,JYZ24.csv,-3.0,70.06,70.06,210.40500000000003,210.18,-0.22500000000002274
45560,11,0,70.025,-2,2024-09-25,2024-09-25 11:00:00,2024-09-25 11:00:00,JYZ24.csv,1308,JYZ24.csv,-2.0,70.06,69.995,140.05,139.99,-0.060000000000002274
45560,13,0,69.935,0,2024-09-25,2024-09-25 13:00:00,2024-09-25 13:00:00,JYZ24.csv,56,JYZ24.csv,2.0,69.825,69.93,139.87,139.86,0.009999999999990905
45561,8,0,70.09,1,2024-09-26,2024-09-26 08:00:00,2024-09-26 08:00:00,JYZ24.csv,553,JYZ24.csv,1.0,70.05499999999999,70.05499999999999,70.09,70.05499999999999,0.0350000000000108
45561,8,40,69.815,3,2024-09-26,2024-09-26 08:40:00,2024-09-26 08:40:00,JYZ24.csv,430,JYZ24.csv,2.0,69.91,69.91,139.63,139.82,-0.18999999999999773
45561,9,0,69.885,0,2024-09-26,2024-09-26 09:00:00,2024-09-26 09:00:00,JYZ24.csv,192,JYZ24.csv,-3.0,69.99,69.99,209.65500000000003,209.96999999999997,0.3149999999999409
45561,9,10,69.975,3,2024-09-26,2024-09-26 09:10:00,2024-09-26 09:10:00,JYZ24.csv,190,JYZ24.csv,3.0,69.91,69.91,209.92499999999998,209.73,0.19499999999999318
45561,9,30,69.925,0,2024-09-26,2024-09-26 09:30:00,2024-09-26 09:30:00,JYZ24.csv,266,JYZ24.csv,-3.0,69.82000000000001,69.82000000000001,209.77499999999998,209.46000000000004,-0.3149999999999409
45561,10,10,69.74,4,2024-09-26,2024-09-26 10:10:00,2024-09-26 10:10:00,JYZ24.csv,208,JYZ24.csv,4.0,69.73,69.73,278.96,278.92,0.03999999999996362
45561,10,30,69.655,3,2024-09-26,2024-09-26 10:30:00,2024-09-26 10:30:00,JYZ24.csv,352,JYZ24.csv,-1.0,69.77,69.77,69.655,69.77,0.11499999999999488
45561,10,50,69.84,-1,2024-09-26,2024-09-26 10:50:00,2024-09-26 10:50:00,JYZ24.csv,301,JYZ24.csv,-4.0,69.77,69.77,279.36,279.08,-0.28000000000002956
45561,11,0,69.76,1,2024-09-26,2024-09-26 11:00:00,2024-09-26 11:00:00,JYZ24.csv,1111,JYZ24.csv,2.0,69.67999999999999,69.805,139.52,139.61,-0.09000000000000341
45561,11,10,69.735,2,2024-09-26,2024-09-26 11:10:00,2024-09-26 11:10:00,JYZ24.csv,74,JYZ24.csv,1.0,69.67999999999999,69.77,69.735,69.77,-0.03499999999999659
45561,11,20,69.79,0,2024-09-26,2024-09-26 11:20:00,2024-09-26 11:20:00,JYZ24.csv,346,JYZ24.csv,-2.0,69.83500000000001,69.83500000000001,139.58,139.67000000000002,0.09000000000000341
45562,6,30,70.595,-2,2024-09-27,2024-09-27 06:30:00,2024-09-27 06:30:00,JYZ24.csv,139,JYZ24.csv,-2.0,70.54,70.54,141.19,141.08,-0.10999999999998522
45562,9,0,70.885,-3,2024-09-27,2024-09-27 09:00:00,2024-09-27 09:00:00,JYZ24.csv,523,JYZ24.csv,-1.0,70.87,70.87,70.885,70.87,-0.015000000000000568
45562,9,20,70.785,-1,2024-09-27,2024-09-27 09:20:00,2024-09-27 09:20:00,JYZ24.csv,179,JYZ24.csv,2.0,70.78999999999999,70.78999999999999,141.57,141.57999999999998,-0.009999999999990905
45562,9,40,70.795,-3,2024-09-27,2024-09-27 09:40:00,2024-09-27 09:40:00,JYZ24.csv,300,JYZ24.csv,-2.0,70.88,70.88,141.59,141.76,0.1699999999999875
45562,10,30,70.75,2,2024-09-27,2024-09-27 10:30:00,2024-09-27 10:30:00,JYZ24.csv,439,JYZ24.csv,5.0,70.585,70.725,353.75,353.625,0.125
45562,10,50,70.69,3,2024-09-27,2024-09-27 10:50:00,2024-09-27 10:50:00,JYZ24.csv,136,JYZ24.csv,1.0,70.585,70.81,70.69,70.81,-0.12000000000000455
45562,11,0,70.71,-2,2024-09-27,2024-09-27 11:00:00,2024-09-27 11:00:00,JYZ24.csv,516,JYZ24.csv,-5.0,70.675,70.675,353.54999999999995,353.375,-0.17499999999995453
45562,11,10,70.695,-6,2024-09-27,2024-09-27 11:10:00,2024-09-27 11:10:00,JYZ24.csv,75,JYZ24.csv,-4.0,70.675,70.675,282.78,282.7,-0.07999999999998408
45562,11,20,70.62,-7,2024-09-27,2024-09-27 11:20:00,2024-09-27 11:20:00,JYZ24.csv,114,JYZ24.csv,-1.0,70.925,70.845,70.62,70.845,0.22499999999999432
45562,11,30,70.695,-3,2024-09-27,2024-09-27 11:30:00,2024-09-27 11:30:00,JYZ24.csv,356,JYZ24.csv,4.0,70.835,70.835,282.78,283.34,-0.5600000000000023
45562,11,40,70.71,-2,2024-09-27,2024-09-27 11:40:00,2024-09-27 11:40:00,JYZ24.csv,90,JYZ24.csv,1.0,70.835,70.835,70.71,70.835,-0.125
45562,11,50,70.825,-6,2024-09-27,2024-09-27 11:50:00,2024-09-27 11:50:00,JYZ24.csv,971,JYZ24.csv,-4.0,70.925,70.925,283.3,283.7,0.39999999999997726
45562,13,0,70.89,-1,2024-09-27,2024-09-27 13:00:00,2024-09-27 13:00:00,JYZ24.csv,100,JYZ24.csv,5.0,70.84,70.84,354.45,354.20000000000005,0.24999999999994316
45562,16,15,71.02,0,2024-09-27,2024-09-27 16:15:00,2024-09-27 16:15:00,JYZ24.csv,21,JYZ24.csv,1.0,70.975,71.02,71.02,71.02,0.0
45565,6,30,70.77,-1,2024-09-30,2024-09-30 06:30:00,2024-09-30 06:30:00,JYZ24.csv,71,JYZ24.csv,-1.0,70.875,70.875,70.77,70.875,0.10500000000000398
45565,8,0,70.86,-3,2024-09-30,2024-09-30 08:00:00,2024-09-30 08:00:00,JYZ24.csv,152,JYZ24.csv,-2.0,70.905,70.665,141.72,141.33,-0.38999999999998636
45565,9,0,70.66,-2,2024-09-30,2024-09-30 09:00:00,2024-09-30 09:00:00,JYZ24.csv,267,JYZ24.csv,1.0,70.615,70.615,70.66,70.615,0.045000000000001705
45565,9,20,70.74,3,2024-09-30,2024-09-30 09:20:00,2024-09-30 09:20:00,JYZ24.csv,157,JYZ24.csv,5.0,70.515,70.67,353.7,353.35,0.3499999999999659
45565,9,40,70.675,-2,2024-09-30,2024-09-30 09:40:00,2024-09-30 09:40:00,JYZ24.csv,158,JYZ24.csv,-5.0,70.605,70.605,353.375,353.02500000000003,-0.3499999999999659
45565,10,0,70.56,2,2024-09-30,2024-09-30 10:00:00,2024-09-30 10:00:00,JYZ24.csv,629,JYZ24.csv,4.0,70.515,70.61,282.24,282.44,-0.19999999999998863
45565,10,20,70.645,-2,2024-09-30,2024-09-30 10:20:00,2024-09-30 10:20:00,JYZ24.csv,199,JYZ24.csv,-4.0,70.67,70.67,282.58,282.68,0.10000000000002274
45565,10,30,70.69,-1,2024-09-30,2024-09-30 10:30:00,2024-09-30 10:30:00,JYZ24.csv,186,JYZ24.csv,1.0,70.58,70.58,70.69,70.58,0.10999999999999943
45565,10,50,70.625,3,2024-09-30,2024-09-30 10:50:00,2024-09-30 10:50:00,JYZ24.csv,211,JYZ24.csv,4.0,70.58,70.58,282.5,282.32,0.18000000000000682
45565,11,20,70.525,1,2024-09-30,2024-09-30 11:20:00,2024-09-30 11:20:00,JYZ24.csv,142,JYZ24.csv,-2.0,70.555,70.555,141.05,141.11,0.060000000000002274
45565,11,30,70.505,-3,2024-09-30,2024-09-30 11:30:00,2024-09-30 11:30:00,JYZ24.csv,156,JYZ24.csv,-4.0,70.555,70.555,282.02,282.22,0.20000000000004547
45565,11,40,70.505,-1,2024-09-30,2024-09-30 11:40:00,2024-09-30 11:40:00,JYZ24.csv,132,JYZ24.csv,2.0,70.465,70.465,141.01,140.93,0.07999999999998408
45566,9,0,70.115,0,2024-10-01,2024-10-01 09:00:00,2024-10-01 09:00:00,JYZ24.csv,167,JYZ24.csv,1.0,70.075,70.44,70.115,70.44,-0.32500000000000284
45566,9,20,70.16,-2,2024-10-01,2024-10-01 09:20:00,2024-10-01 09:20:00,JYZ24.csv,172,JYZ24.csv,-2.0,70.52,70.52,140.32,141.04,0.7199999999999989
45566,9,30,70.175,1,2024-10-01,2024-10-01 09:30:00,2024-10-01 09:30:00,JYZ24.csv,182,JYZ24.csv,3.0,70.42999999999999,70.42999999999999,210.52499999999998,211.28999999999996,-0.7649999999999864
45566,9,40,70.505,3,2024-10-01,2024-10-01 09:40:00,2024-10-01 09:40:00,JYZ24.csv,1092,JYZ24.csv,2.0,70.42999999999999,70.42999999999999,141.01,140.85999999999999,0.15000000000000568
45566,9,50,70.385,-4,2024-10-01,2024-10-01 09:50:00,2024-10-01 09:50:00,JYZ24.csv,597,JYZ24.csv,-7.0,70.52,70.52,492.69500000000005,493.64,0.9449999999999363
45566,10,0,70.37,-1,2024-10-01,2024-10-01 10:00:00,2024-10-01 10:00:00,JYZ24.csv,2770,JYZ24.csv,3.0,70.42999999999999,70.42999999999999,211.11,211.28999999999996,-0.17999999999994998
45566,10,10,70.525,3,2024-10-01,2024-10-01 10:10:00,2024-10-01 10:10:00,JYZ24.csv,824,JYZ24.csv,4.0,70.265,70.265,282.1,281.06,1.0400000000000205
45566,10,20,70.545,1,2024-10-01,2024-10-01 10:20:00,2024-10-01 10:20:00,JYZ24.csv,309,JYZ24.csv,-2.0,70.355,70.355,141.09,140.71,-0.37999999999999545
45566,10,40,70.335,2,2024-10-01,2024-10-01 10:40:00,2024-10-01 10:40:00,JYZ24.csv,214,JYZ24.csv,1.0,70.265,70.265,70.335,70.265,0.06999999999999318
45566,11,0,70.33,1,2024-10-01,2024-10-01 11:00:00,2024-10-01 11:00:00,JYZ24.csv,440,JYZ24.csv,-1.0,70.355,70.355,70.33,70.355,0.025000000000005684
45566,11,20,70.355,-1,2024-10-01,2024-10-01 11:20:00,2024-10-01 11:20:00,JYZ24.csv,38,JYZ24.csv,-2.0,70.355,70.355,140.71,140.71,-0.0
45566,11,30,70.24,2,2024-10-01,2024-10-01 11:30:00,2024-10-01 11:30:00,JYZ24.csv,270,JYZ24.csv,3.0,70.265,70.265,210.71999999999997,210.79500000000002,-0.07500000000004547
45566,11,40,70.22,1,2024-10-01,2024-10-01 11:40:00,2024-10-01 11:40:00,JYZ24.csv,74,JYZ24.csv,-1.0,70.355,70.355,70.22,70.355,0.13500000000000512
45566,11,50,70.285,-2,2024-10-01,2024-10-01 11:50:00,2024-10-01 11:50:00,JYZ24.csv,60,JYZ24.csv,-3.0,70.355,70.355,210.855,211.065,0.21000000000000796
45566,12,0,70.305,0,2024-10-01,2024-10-01 12:00:00,2024-10-01 12:00:00,JYZ24.csv,146,JYZ24.csv,2.0,70.265,70.295,140.61,140.59,0.020000000000010232
45566,12,20,70.305,1,2024-10-01,2024-10-01 12:20:00,2024-10-01 12:20:00,JYZ24.csv,75,JYZ24.csv,1.0,70.26,70.395,70.305,70.395,-0.0899999999999892
45566,13,0,70.32,0,2024-10-01,2024-10-01 13:00:00,2024-10-01 13:00:00,JYZ24.csv,109,JYZ24.csv,-1.0,70.35000000000001,70.35000000000001,70.32,70.35000000000001,0.030000000000015348
45567,8,0,69.79,-6,2024-10-02,2024-10-02 08:00:00,2024-10-02 08:00:00,JYZ24.csv,85,JYZ24.csv,-6.0,69.805,69.46,418.74,416.76,-1.9800000000000182
45567,9,0,69.465,-2,2024-10-02,2024-10-02 09:00:00,2024-10-02 09:00:00,JYZ24.csv,230,JYZ24.csv,4.0,69.42,69.42,277.86,277.68,0.18000000000000682
45567,9,50,69.305,-6,2024-10-02,2024-10-02 09:50:00,2024-10-02 09:50:00,JYZ24.csv,349,JYZ24.csv,-4.0,69.365,69.365,277.22,277.46,0.23999999999995225
45567,10,10,69.355,-2,2024-10-02,2024-10-02 10:10:00,2024-10-02 10:10:00,JYZ24.csv,399,JYZ24.csv,4.0,69.27499999999999,69.27499999999999,277.42,277.09999999999997,0.32000000000005
45567,10,20,69.275,2,2024-10-02,2024-10-02 10:20:00,2024-10-02 10:20:00,JYZ24.csv,296,JYZ24.csv,4.0,69.07,69.07,277.1,276.28,0.82000000000005
45567,10,40,69.2,0,2024-10-02,2024-10-02 10:40:00,2024-10-02 10:40:00,JYZ24.csv,318,JYZ24.csv,-2.0,69.16,69.16,138.4,138.32,-0.0800000000000125
45567,10,50,69.14,4,2024-10-02,2024-10-02 10:50:00,2024-10-02 10:50:00,JYZ24.csv,544,JYZ24.csv,4.0,69.07,69.07,276.56,276.28,0.28000000000002956
45567,11,0,69.08,2,2024-10-02,2024-10-02 11:00:00,2024-10-02 11:00:00,JYZ24.csv,1319,JYZ24.csv,-2.0,69.16,69.14,138.16,138.28,0.12000000000000455
45567,11,10,69.14,-2,2024-10-02,2024-10-02 11:10:00,2024-10-02 11:10:00,JYZ24.csv,393,JYZ24.csv,-4.0,69.16,69.16,276.56,276.64,0.07999999999998408
45568,6,30,68.745,-3,2024-10-03,2024-10-03 06:30:00,2024-10-03 06:30:00,JYZ24.csv,46,JYZ24.csv,-1.0,68.765,68.765,68.745,68.765,0.01999999999999602
45568,8,0,68.82,-4,2024-10-03,2024-10-03 08:00:00,2024-10-03 08:00:00,JYZ24.csv,85,JYZ24.csv,-1.0,68.825,68.825,68.82,68.825,0.005000000000009663
45568,9,0,68.765,2,2024-10-03,2024-10-03 09:00:00,2024-10-03 09:00:00,JYZ24.csv,121,JYZ24.csv,6.0,68.81,68.81,412.59000000000003,412.86,-0.2699999999999818
45568,10,0,68.66,5,2024-10-03,2024-10-03 10:00:00,2024-10-03 10:00:00,JYZ24.csv,3061,JYZ24.csv,3.0,68.66499999999999,68.66499999999999,205.98,205.99499999999998,-0.014999999999986358
45568,10,20,68.725,2,2024-10-03,2024-10-03 10:20:00,2024-10-03 10:20:00,JYZ24.csv,140,JYZ24.csv,-3.0,68.87,68.83,206.17499999999998,206.49,0.31500000000002615
45568,10,30,68.79,4,2024-10-03,2024-10-03 10:30:00,2024-10-03 10:30:00,JYZ24.csv,513,JYZ24.csv,2.0,68.78,68.78,137.58,137.56,0.020000000000010232
45568,10,40,68.725,6,2024-10-03,2024-10-03 10:40:00,2024-10-03 10:40:00,JYZ24.csv,121,JYZ24.csv,2.0,68.78,68.78,137.45,137.56,-0.11000000000001364
45568,10,50,68.74,5,2024-10-03,2024-10-03 10:50:00,2024-10-03 10:50:00,JYZ24.csv,238,JYZ24.csv,-1.0,68.87,68.8,68.74,68.8,0.060000000000002274
45568,11,0,68.78,3,2024-10-03,2024-10-03 11:00:00,2024-10-03 11:00:00,JYZ24.csv,378,JYZ24.csv,-2.0,68.87,68.725,137.56,137.45,-0.11000000000001364
45568,11,20,68.845,1,2024-10-03,2024-10-03 11:20:00,2024-10-03 11:20:00,JYZ24.csv,78,JYZ24.csv,-2.0,68.78,68.78,137.69,137.56,-0.12999999999999545
45568,11,30,68.785,4,2024-10-03,2024-10-03 11:30:00,2024-10-03 11:30:00,JYZ24.csv,138,JYZ24.csv,3.0,68.69,68.72,206.355,206.16,0.19499999999999318
45568,11,40,68.77,6,2024-10-03,2024-10-03 11:40:00,2024-10-03 11:40:00,JYZ24.csv,58,JYZ24.csv,2.0,68.69,68.76,137.54,137.52,0.01999999999998181
45568,11,50,68.805,3,2024-10-03,2024-10-03 11:50:00,2024-10-03 11:50:00,JYZ24.csv,66,JYZ24.csv,-3.0,68.78,68.78,206.41500000000002,206.34,-0.07500000000001705
45569,2,30,69.1,2,2024-10-04,2024-10-04 02:30:00,2024-10-04 02:30:00,JYZ24.csv,113,JYZ24.csv,-1.0,69.055,69.055,69.1,69.055,-0.044999999999987494
45569,8,0,68.845,1,2024-10-04,2024-10-04 08:00:00,2024-10-04 08:00:00,JYZ24.csv,148,JYZ24.csv,-1.0,68.9,68.9,68.845,68.9,0.05500000000000682
45569,8,30,68.885,2,2024-10-04,2024-10-04 08:30:00,2024-10-04 08:30:00,JYZ24.csv,10350,JYZ24.csv,1.0,67.89999999999999,67.89999999999999,68.885,67.89999999999999,0.9850000000000136
45569,8,40,68.135,3,2024-10-04,2024-10-04 08:40:00,2024-10-04 08:40:00,JYZ24.csv,987,JYZ24.csv,1.0,67.89999999999999,67.89999999999999,68.135,67.89999999999999,0.23500000000001364
45569,9,20,67.93,0,2024-10-04,2024-10-04 09:20:00,2024-10-04 09:20:00,JYZ24.csv,222,JYZ24.csv,-3.0,68.01,68.01,203.79000000000002,204.03000000000003,0.2400000000000091
45569,9,40,67.99,-2,2024-10-04,2024-10-04 09:40:00,2024-10-04 09:40:00,JYZ24.csv,314,JYZ24.csv,-2.0,68.01,68.01,135.98,136.02,0.040000000000020464
45569,10,0,68.01,0,2024-10-04,2024-10-04 10:00:00,2024-10-04 10:00:00,JYZ24.csv,238,JYZ24.csv,2.0,67.92,67.98,136.02,135.96,0.060000000000002274
45569,11,0,67.965,-1,2024-10-04,2024-10-04 11:00:00,2024-10-04 11:00:00,JYZ24.csv,472,JYZ24.csv,-1.0,68.04,67.885,67.965,67.885,-0.0799999999999983
45569,13,0,67.77,0,2024-10-04,2024-10-04 13:00:00,2024-10-04 13:00:00,JYZ24.csv,209,JYZ24.csv,1.0,67.74,67.835,67.77,67.835,-0.06499999999999773
45572,2,30,67.97,-1,2024-10-07,2024-10-07 02:30:00,2024-10-07 02:30:00,JYZ24.csv,90,JYZ24.csv,-1.0,68.045,68.045,67.97,68.045,0.07500000000000284
45572,6,30,67.99,-2,2024-10-07,2024-10-07 06:30:00,2024-10-07 06:30:00,JYZ24.csv,24,JYZ24.csv,-1.0,67.935,67.935,67.99,67.935,-0.05499999999999261
45572,8,30,68.095,-1,2024-10-07,2024-10-07 08:30:00,2024-10-07 08:30:00,JYZ24.csv,111,JYZ24.csv,1.0,68.05499999999999,68.15,68.095,68.15,-0.05500000000000682
45572,9,10,68.24,2,2024-10-07,2024-10-07 09:10:00,2024-10-07 09:10:00,JYZ24.csv,442,JYZ24.csv,3.0,68.17999999999999,68.17999999999999,204.71999999999997,204.53999999999996,0.18000000000000682
45572,9,30,68.155,-1,2024-10-07,2024-10-07 09:30:00,2024-10-07 09:30:00,JYZ24.csv,116,JYZ24.csv,-3.0,68.27,68.11,204.465,204.32999999999998,-0.13500000000001933
45572,10,20,68.105,2,2024-10-07,2024-10-07 10:20:00,2024-10-07 10:20:00,JYZ24.csv,214,JYZ24.csv,3.0,68.07,68.07,204.315,204.20999999999998,0.10500000000001819
45572,10,30,68.125,3,2024-10-07,2024-10-07 10:30:00,2024-10-07 10:30:00,JYZ24.csv,86,JYZ24.csv,1.0,68.07,68.07,68.125,68.07,0.05500000000000682
45572,10,40,68.135,0,2024-10-07,2024-10-07 10:40:00,2024-10-07 10:40:00,JYZ24.csv,296,JYZ24.csv,-3.0,68.16,68.16,204.40500000000003,204.48,0.07499999999996021
45572,10,50,68.13,2,2024-10-07,2024-10-07 10:50:00,2024-10-07 10:50:00,JYZ24.csv,144,JYZ24.csv,2.0,68.07,68.07,136.26,136.14,0.12000000000000455
45572,11,10,68.12,0,2024-10-07,2024-10-07 11:10:00,2024-10-07 11:10:00,JYZ24.csv,15,JYZ24.csv,-2.0,68.155,68.155,136.24,136.31,0.06999999999999318
45573,2,30,68.235,-1,2024-10-08,2024-10-08 02:30:00,2024-10-08 02:30:00,JYZ24.csv,74,JYZ24.csv,-1.0,68.3,68.3,68.235,68.3,0.06499999999999773
45573,6,30,68.235,0,2024-10-08,2024-10-08 06:30:00,2024-10-08 06:30:00,JYZ24.csv,34,JYZ24.csv,1.0,68.19,68.19,68.235,68.19,0.045000000000001705
45573,8,30,68.14,1,2024-10-08,2024-10-08 08:30:00,2024-10-08 08:30:00,JYZ24.csv,320,JYZ24.csv,1.0,68.075,68.175,68.14,68.175,-0.03499999999999659
45573,9,40,68.08,6,2024-10-08,2024-10-08 09:40:00,2024-10-08 09:40:00,JYZ24.csv,171,JYZ24.csv,5.0,68.03999999999999,68.03999999999999,340.4,340.19999999999993,0.20000000000004547
45573,10,0,68.055,1,2024-10-08,2024-10-08 10:00:00,2024-10-08 10:00:00,JYZ24.csv,292,JYZ24.csv,-5.0,68.13,68.04,340.27500000000003,340.20000000000005,-0.07499999999998863
45573,10,30,68.085,0,2024-10-08,2024-10-08 10:30:00,2024-10-08 10:30:00,JYZ24.csv,273,JYZ24.csv,-1.0,68.08,68.08,68.085,68.08,-0.0049999999999954525
45574,2,30,67.9,-1,2024-10-09,2024-10-09 02:30:00,2024-10-09 02:30:00,JYZ24.csv,62,JYZ24.csv,-1.0,67.985,67.985,67.9,67.985,0.08499999999999375
45574,6,30,67.91,-2,2024-10-09,2024-10-09 06:30:00,2024-10-09 06:30:00,JYZ24.csv,18,JYZ24.csv,-1.0,67.98,67.915,67.91,67.915,0.005000000000009663
45574,8,0,67.84,-3,2024-10-09,2024-10-09 08:00:00,2024-10-09 08:00:00,JYZ24.csv,83,JYZ24.csv,-1.0,67.83,67.83,67.84,67.83,-0.010000000000005116
45574,8,30,67.795,-2,2024-10-09,2024-10-09 08:30:00,2024-10-09 08:30:00,JYZ24.csv,75,JYZ24.csv,1.0,67.74,67.74,67.795,67.74,0.05500000000000682
45574,9,0,67.765,2,2024-10-09,2024-10-09 09:00:00,2024-10-09 09:00:00,JYZ24.csv,202,JYZ24.csv,4.0,67.66,67.66,271.06,270.64,0.4200000000000159
45574,9,20,67.745,4,2024-10-09,2024-10-09 09:20:00,2024-10-09 09:20:00,JYZ24.csv,313,JYZ24.csv,2.0,67.66,67.66,135.49,135.32,0.17000000000001592
45574,9,40,67.67,5,2024-10-09,2024-10-09 09:40:00,2024-10-09 09:40:00,JYZ24.csv,231,JYZ24.csv,1.0,67.66,67.66,67.67,67.66,0.010000000000005116
45574,10,0,67.655,2,2024-10-09,2024-10-09 10:00:00,2024-10-09 10:00:00,JYZ24.csv,430,JYZ24.csv,-3.0,67.71000000000001,67.645,202.965,202.935,-0.030000000000001137
45574,10,30,67.675,3,2024-10-09,2024-10-09 10:30:00,2024-10-09 10:30:00,JYZ24.csv,95,JYZ24.csv,1.0,67.62,67.63,67.675,67.63,0.045000000000001705
45575,2,30,67.625,2,2024-10-10,2024-10-10 02:30:00,2024-10-10 02:30:00,JYZ24.csv,307,JYZ24.csv,-1.0,67.68,67.68,67.625,67.68,0.05500000000000682
45575,6,30,67.745,4,2024-10-10,2024-10-10 06:30:00,2024-10-10 06:30:00,JYZ24.csv,44,JYZ24.csv,2.0,67.7,67.7,135.49,135.4,0.09000000000000341
45575,8,0,67.7,1,2024-10-10,2024-10-10 08:00:00,2024-10-10 08:00:00,JYZ24.csv,161,JYZ24.csv,-3.0,67.95,67.95,203.10000000000002,203.85000000000002,0.75
45575,8,30,67.84,2,2024-10-10,2024-10-10 08:30:00,2024-10-10 08:30:00,JYZ24.csv,8117,JYZ24.csv,1.0,67.86,67.86,67.84,67.86,-0.01999999999999602
45575,10,0,67.875,4,2024-10-10,2024-10-10 10:00:00,2024-10-10 10:00:00,JYZ24.csv,515,JYZ24.csv,2.0,67.755,67.755,135.75,135.51,0.2400000000000091
45575,10,20,67.885,2,2024-10-10,2024-10-10 10:20:00,2024-10-10 10:20:00,JYZ24.csv,424,JYZ24.csv,-2.0,67.845,67.845,135.77,135.69,-0.0800000000000125
45575,10,30,67.84,0,2024-10-10,2024-10-10 10:30:00,2024-10-10 10:30:00,JYZ24.csv,200,JYZ24.csv,-2.0,67.845,67.845,135.68,135.69,0.009999999999990905
45575,11,0,67.81,3,2024-10-10,2024-10-10 11:00:00,2024-10-10 11:00:00,JYZ24.csv,438,JYZ24.csv,3.0,67.855,67.855,203.43,203.565,-0.1349999999999909
45575,11,20,67.88,-2,2024-10-10,2024-10-10 11:20:00,2024-10-10 11:20:00,JYZ24.csv,78,JYZ24.csv,-5.0,67.94500000000001,67.895,339.4,339.47499999999997,0.07499999999998863
45575,11,30,67.92,-3,2024-10-10,2024-10-10 11:30:00,2024-10-10 11:30:00,JYZ24.csv,213,JYZ24.csv,-1.0,67.94500000000001,67.935,67.92,67.935,0.015000000000000568
45575,11,40,67.92,2,2024-10-10,2024-10-10 11:40:00,2024-10-10 11:40:00,JYZ24.csv,78,JYZ24.csv,5.0,67.855,67.9,339.6,339.5,0.10000000000002274
45575,11,50,67.9,3,2024-10-10,2024-10-10 11:50:00,2024-10-10 11:50:00,JYZ24.csv,77,JYZ24.csv,1.0,67.855,67.855,67.9,67.855,0.045000000000001705
45575,13,0,67.715,0,2024-10-10,2024-10-10 13:00:00,2024-10-10 13:00:00,JYZ24.csv,115,JYZ24.csv,-3.0,67.83500000000001,67.755,203.145,203.265,0.11999999999997613
45576,2,30,67.75,-1,2024-10-11,2024-10-11 02:30:00,2024-10-11 02:30:00,JYZ24.csv,102,JYZ24.csv,-1.0,67.83,67.83,67.75,67.83,0.0799999999999983
45576,6,30,67.675,-3,2024-10-11,2024-10-11 06:30:00,2024-10-11 06:30:00,JYZ24.csv,78,JYZ24.csv,-2.0,67.675,67.675,135.35,135.35,-0.0
45576,8,0,67.67,0,2024-10-11,2024-10-11 08:00:00,2024-10-11 08:00:00,JYZ24.csv,71,JYZ24.csv,3.0,67.645,67.645,203.01,202.935,0.07499999999998863
45576,8,30,67.7,1,2024-10-11,2024-10-11 08:30:00,2024-10-11 08:30:00,JYZ24.csv,1295,JYZ24.csv,1.0,67.55999999999999,67.55999999999999,67.7,67.55999999999999,0.14000000000001478
45576,9,0,67.645,-1,2024-10-11,2024-10-11 09:00:00,2024-10-11 09:00:00,JYZ24.csv,148,JYZ24.csv,-2.0,67.645,67.645,135.29,135.29,-0.0
45576,9,20,67.645,1,2024-10-11,2024-10-11 09:20:00,2024-10-11 09:20:00,JYZ24.csv,132,JYZ24.csv,2.0,67.545,67.605,135.29,135.21,0.07999999999998408
45576,10,30,67.565,3,2024-10-11,2024-10-11 10:30:00,2024-10-11 10:30:00,JYZ24.csv,207,JYZ24.csv,2.0,67.56,67.56,135.13,135.12,0.009999999999990905
45576,16,15,67.595,0,2024-10-11,2024-10-11 16:15:00,2024-10-11 16:15:00,JYZ24.csv,2,JYZ24.csv,-3.0,67.62,67.62,202.785,202.86,0.07500000000001705
45579,2,30,67.575,-1,2024-10-14,2024-10-14 02:30:00,2024-10-14 02:30:00,JYZ24.csv,38,JYZ24.csv,-1.0,67.575,67.575,67.575,67.575,-0.0
45579,6,30,67.48,-2,2024-10-14,2024-10-14 06:30:00,2024-10-14 06:30:00,JYZ24.csv,15,JYZ24.csv,-1.0,67.49000000000001,67.36,67.48,67.36,-0.12000000000000455
45579,8,0,67.38,-7,2024-10-14,2024-10-14 08:00:00,2024-10-14 08:00:00,JYZ24.csv,51,JYZ24.csv,-5.0,67.355,67.355,336.9,336.77500000000003,-0.12499999999994316
45579,8,30,67.335,-6,2024-10-14,2024-10-14 08:30:00,2024-10-14 08:30:00,JYZ24.csv,103,JYZ24.csv,1.0,67.295,67.295,67.335,67.295,0.03999999999999204
45579,9,0,67.34,-3,2024-10-14,2024-10-14 09:00:00,2024-10-14 09:00:00,JYZ24.csv,83,JYZ24.csv,3.0,67.25500000000001,67.3,202.02,201.89999999999998,0.12000000000003297
45579,10,30,67.27,-2,2024-10-14,2024-10-14 10:30:00,2024-10-14 10:30:00,JYZ24.csv,51,JYZ24.csv,1.0,67.22,67.295,67.27,67.295,-0.025000000000005684
45580,2,30,67.475,-3,2024-10-15,2024-10-15 02:30:00,2024-10-15 02:30:00,JYZ24.csv,114,JYZ24.csv,-1.0,67.58500000000001,67.575,67.475,67.575,0.10000000000000853
45580,6,30,67.65,-7,2024-10-15,2024-10-15 06:30:00,2024-10-15 06:30:00,JYZ24.csv,67,JYZ24.csv,-4.0,67.61,67.61,270.6,270.44,-0.160000000000025
45580,8,0,67.5,-3,2024-10-15,2024-10-15 08:00:00,2024-10-15 08:00:00,JYZ24.csv,242,JYZ24.csv,4.0,67.44,67.61,270.0,270.44,-0.4399999999999977
45580,8,30,67.555,-2,2024-10-15,2024-10-15 08:30:00,2024-10-15 08:30:00,JYZ24.csv,618,JYZ24.csv,1.0,67.545,67.545,67.555,67.545,0.010000000000005116
45580,9,0,67.625,-4,2024-10-15,2024-10-15 09:00:00,2024-10-15 09:00:00,JYZ24.csv,162,JYZ24.csv,-2.0,67.635,67.57,135.25,135.14,-0.11000000000001364
45580,10,30,67.575,0,2024-10-15,2024-10-15 10:30:00,2024-10-15 10:30:00,JYZ24.csv,308,JYZ24.csv,4.0,67.49,67.55,270.3,270.2,0.10000000000002274
45580,11,0,67.56,8,2024-10-15,2024-10-15 11:00:00,2024-10-15 11:00:00,JYZ24.csv,421,JYZ24.csv,8.0,67.49,67.55,540.48,540.4,0.08000000000004093
45580,11,20,67.56,3,2024-10-15,2024-10-15 11:20:00,2024-10-15 11:20:00,JYZ24.csv,95,JYZ24.csv,-5.0,67.595,67.52,337.8,337.59999999999997,-0.20000000000004547
45580,13,0,67.46,0,2024-10-15,2024-10-15 13:00:00,2024-10-15 13:00:00,JYZ24.csv,35,JYZ24.csv,-3.0,67.47500000000001,67.47500000000001,202.38,202.425,0.045000000000015916
45581,2,30,67.54,-1,2024-10-16,2024-10-16 02:30:00,2024-10-16 02:30:00,JYZ24.csv,103,JYZ24.csv,-1.0,67.595,67.565,67.54,67.565,0.024999999999991473
45581,6,30,67.5,0,2024-10-16,2024-10-16 06:30:00,2024-10-16 06:30:00,JYZ24.csv,33,JYZ24.csv,1.0,67.445,67.52,67.5,67.52,-0.01999999999999602
45581,8,0,67.575,-3,2024-10-16,2024-10-16 08:00:00,2024-10-16 08:00:00,JYZ24.csv,106,JYZ24.csv,-3.0,67.595,67.445,202.72500000000002,202.33499999999998,-0.3900000000000432
45581,8,30,67.54,-2,2024-10-16,2024-10-16 08:30:00,2024-10-16 08:30:00,JYZ24.csv,79,JYZ24.csv,1.0,67.475,67.475,67.54,67.475,0.06500000000001194
45581,9,0,67.445,1,2024-10-16,2024-10-16 09:00:00,2024-10-16 09:00:00,JYZ24.csv,147,JYZ24.csv,3.0,67.475,67.475,202.33499999999998,202.42499999999998,-0.09000000000000341
45581,9,20,67.475,-1,2024-10-16,2024-10-16 09:20:00,2024-10-16 09:20:00,JYZ24.csv,96,JYZ24.csv,-2.0,67.565,67.395,134.95,134.79,-0.1599999999999966
45581,9,40,67.52,1,2024-10-16,2024-10-16 09:40:00,2024-10-16 09:40:00,JYZ24.csv,75,JYZ24.csv,2.0,67.30499999999999,67.35,135.04,134.7,0.3400000000000034
45581,10,20,67.395,4,2024-10-16,2024-10-16 10:20:00,2024-10-16 10:20:00,JYZ24.csv,96,JYZ24.csv,3.0,67.30499999999999,67.39,202.185,202.17000000000002,0.014999999999986358
45581,10,30,67.34,3,2024-10-16,2024-10-16 10:30:00,2024-10-16 10:30:00,JYZ24.csv,255,JYZ24.csv,-1.0,67.425,67.355,67.34,67.355,0.015000000000000568
45581,10,40,67.335,0,2024-10-16,2024-10-16 10:40:00,2024-10-16 10:40:00,JYZ24.csv,210,JYZ24.csv,-3.0,67.425,67.37,202.005,202.11,0.10500000000001819
45582,2,30,67.34,-1,2024-10-17,2024-10-17 02:30:00,2024-10-17 02:30:00,JYZ24.csv,64,JYZ24.csv,-1.0,67.345,67.345,67.34,67.345,0.0049999999999954525
45582,8,30,67.145,0,2024-10-17,2024-10-17 08:30:00,2024-10-17 08:30:00,JYZ24.csv,3597,JYZ24.csv,1.0,67.185,67.185,67.145,67.185,-0.04000000000000625
45582,9,50,67.25,-4,2024-10-17,2024-10-17 09:50:00,2024-10-17 09:50:00,JYZ24.csv,195,JYZ24.csv,-4.0,67.265,67.265,269.0,269.06,0.060000000000002274
45582,10,10,67.22,2,2024-10-17,2024-10-17 10:10:00,2024-10-17 10:10:00,JYZ24.csv,363,JYZ24.csv,6.0,67.175,67.175,403.32,403.04999999999995,0.27000000000003865
45582,10,30,67.18,0,2024-10-17,2024-10-17 10:30:00,2024-10-17 10:30:00,JYZ24.csv,253,JYZ24.csv,-2.0,67.2,67.2,134.36,134.4,0.03999999999999204
45582,11,0,67.17,3,2024-10-17,2024-10-17 11:00:00,2024-10-17 11:00:00,JYZ24.csv,396,JYZ24.csv,3.0,67.12,67.12,201.51,201.36,0.14999999999997726
45582,13,0,67.08,0,2024-10-17,2024-10-17 13:00:00,2024-10-17 13:00:00,JYZ24.csv,135,JYZ24.csv,-3.0,67.14,67.06,201.24,201.18,-0.060000000000002274
45583,2,30,67.215,-1,2024-10-18,2024-10-18 02:30:00,2024-10-18 02:30:00,JYZ24.csv,140,JYZ24.csv,-1.0,67.22,67.105,67.215,67.105,-0.10999999999999943
45583,6,30,67.18,1,2024-10-18,2024-10-18 06:30:00,2024-10-18 06:30:00,JYZ24.csv,68,JYZ24.csv,2.0,67.155,67.155,134.36,134.31,0.05000000000001137
45583,8,0,67.16,-4,2024-10-18,2024-10-18 08:00:00,2024-10-18 08:00:00,JYZ24.csv,96,JYZ24.csv,-5.0,67.3,67.22,335.79999999999995,336.1,0.3000000000000682
45583,8,30,67.185,-3,2024-10-18,2024-10-18 08:30:00,2024-10-18 08:30:00,JYZ24.csv,288,JYZ24.csv,1.0,67.21,67.21,67.185,67.21,-0.024999999999991473
45583,10,30,67.285,-5,2024-10-18,2024-10-18 10:30:00,2024-10-18 10:30:00,JYZ24.csv,90,JYZ24.csv,-2.0,67.36,67.36,134.57,134.72,0.15000000000000568
45583,16,15,67.39,0,2024-10-18,2024-10-18 16:15:00,2024-10-18 16:15:00,JYZ24.csv,14,JYZ24.csv,5.0,67.335,67.375,336.95,336.875,0.07499999999998863
45586,2,30,67.375,-1,2024-10-21,2024-10-21 02:30:00,2024-10-21 02:30:00,JYZ24.csv,61,JYZ24.csv,-1.0,67.33,67.33,67.375,67.33,-0.045000000000001705
45586,6,30,67.155,-2,2024-10-21,2024-10-21 06:30:00,2024-10-21 06:30:00,JYZ24.csv,47,JYZ24.csv,-1.0,67.23,67.21,67.155,67.21,0.05499999999999261
45586,8,0,67.19,-6,2024-10-21,2024-10-21 08:00:00,2024-10-21 08:00:00,JYZ24.csv,103,JYZ24.csv,-4.0,67.205,67.205,268.76,268.82,0.060000000000002274
45586,8,30,67.225,-5,2024-10-21,2024-10-21 08:30:00,2024-10-21 08:30:00,JYZ24.csv,319,JYZ24.csv,1.0,67.095,67.13,67.225,67.13,0.09499999999999886
45586,10,30,67.06,-4,2024-10-21,2024-10-21 10:30:00,2024-10-21 10:30:00,JYZ24.csv,226,JYZ24.csv,1.0,67.015,67.015,67.06,67.015,0.045000000000001705
45587,6,30,66.8,-1,2024-10-22,2024-10-22 06:30:00,2024-10-22 06:30:00,JYZ24.csv,12,JYZ24.csv,3.0,66.705,66.79,200.39999999999998,200.37,0.029999999999972715
45587,8,0,66.76,-2,2024-10-22,2024-10-22 08:00:00,2024-10-22 08:00:00,JYZ24.csv,83,JYZ24.csv,-1.0,66.805,66.805,66.76,66.805,0.045000000000001705
45587,9,30,66.835,1,2024-10-22,2024-10-22 09:30:00,2024-10-22 09:30:00,JYZ24.csv,128,JYZ24.csv,3.0,66.68,66.695,200.505,200.08499999999998,0.4200000000000159
45587,9,50,66.795,-2,2024-10-22,2024-10-22 09:50:00,2024-10-22 09:50:00,JYZ24.csv,60,JYZ24.csv,-3.0,66.745,66.745,200.385,200.235,-0.14999999999997726
45587,10,0,66.735,3,2024-10-22,2024-10-22 10:00:00,2024-10-22 10:00:00,JYZ24.csv,168,JYZ24.csv,5.0,66.68,66.68,333.675,333.40000000000003,0.27499999999997726
45587,10,20,66.72,-2,2024-10-22,2024-10-22 10:20:00,2024-10-22 10:20:00,JYZ24.csv,192,JYZ24.csv,-5.0,66.745,66.745,333.6,333.725,0.125
45587,10,30,66.71,-5,2024-10-22,2024-10-22 10:30:00,2024-10-22 10:30:00,JYZ24.csv,145,JYZ24.csv,-3.0,66.75,66.75,200.13,200.25,0.12000000000000455
45587,11,0,66.71,-1,2024-10-22,2024-10-22 11:00:00,2024-10-22 11:00:00,JYZ24.csv,260,JYZ24.csv,4.0,66.685,66.685,266.84,266.74,0.0999999999999659
45587,13,0,66.67,-5,2024-10-22,2024-10-22 13:00:00,2024-10-22 13:00:00,JYZ24.csv,36,JYZ24.csv,-4.0,66.685,66.685,266.68,266.74,0.060000000000002274
45588,6,30,65.975,-10,2024-10-23,2024-10-23 06:30:00,2024-10-23 06:30:00,JYZ24.csv,21,JYZ24.csv,-5.0,65.905,65.905,329.875,329.525,-0.35000000000002274
45588,10,30,65.81,-5,2024-10-23,2024-10-23 10:30:00,2024-10-23 10:30:00,JYZ24.csv,210,JYZ24.csv,5.0,65.85,65.85,329.05,329.25,-0.19999999999998863
45589,6,30,66.26,-7,2024-10-24,2024-10-24 06:30:00,2024-10-24 06:30:00,JYZ24.csv,36,JYZ24.csv,-2.0,66.33500000000001,66.28,132.52,132.56,0.03999999999999204
45589,8,0,66.205,-9,2024-10-24,2024-10-24 08:00:00,2024-10-24 08:00:00,JYZ24.csv,356,JYZ24.csv,-2.0,66.285,66.285,132.41,132.57,0.1599999999999966
45589,10,20,66.135,-6,2024-10-24,2024-10-24 10:20:00,2024-10-24 10:20:00,JYZ24.csv,218,JYZ24.csv,3.0,66.22,66.22,198.40500000000003,198.66,-0.25499999999996703
45589,10,30,66.15,-4,2024-10-24,2024-10-24 10:30:00,2024-10-24 10:30:00,JYZ24.csv,154,JYZ24.csv,2.0,66.22,66.22,132.3,132.44,-0.13999999999998636
45589,10,40,66.18,-7,2024-10-24,2024-10-24 10:40:00,2024-10-24 10:40:00,JYZ24.csv,213,JYZ24.csv,-3.0,66.31,66.31,198.54000000000002,198.93,0.38999999999998636
45590,6,30,66.23,-4,2024-10-25,2024-10-25 06:30:00,2024-10-25 06:30:00,JYZ24.csv,38,JYZ24.csv,3.0,66.25,66.25,198.69,198.75,-0.060000000000002274
45590,8,0,66.31,0,2024-10-25,2024-10-25 08:00:00,2024-10-25 08:00:00,JYZ24.csv,122,JYZ24.csv,4.0,66.175,66.235,265.24,264.94,0.30000000000001137
45590,10,30,66.225,-3,2024-10-25,2024-10-25 10:30:00,2024-10-25 10:30:00,JYZ24.csv,247,JYZ24.csv,-3.0,66.26,66.21,198.67499999999998,198.63,-0.044999999999987494
45590,16,15,66.13,0,2024-10-25,2024-10-25 16:15:00,2024-10-25 16:15:00,JYZ24.csv,31,JYZ24.csv,3.0,66.08999999999999,66.08999999999999,198.39,198.26999999999998,0.12000000000000455
45593,6,30,65.935,-1,2024-10-28,2024-10-28 06:30:00,2024-10-28 06:30:00,JYZ24.csv,72,JYZ24.csv,-1.0,66.00500000000001,66.00500000000001,65.935,66.00500000000001,0.07000000000000739
45593,8,0,65.895,-7,2024-10-28,2024-10-28 08:00:00,2024-10-28 08:00:00,JYZ24.csv,175,JYZ24.csv,-6.0,65.94,65.94,395.37,395.64,0.2699999999999818
45593,10,20,65.8,-3,2024-10-28,2024-10-28 10:20:00,2024-10-28 10:20:00,JYZ24.csv,178,JYZ24.csv,4.0,65.745,65.745,263.2,262.98,0.21999999999997044
45593,10,30,65.8,-2,2024-10-28,2024-10-28 10:30:00,2024-10-28 10:30:00,JYZ24.csv,158,JYZ24.csv,1.0,65.745,65.745,65.8,65.745,0.05499999999999261
45593,10,40,65.78,-6,2024-10-28,2024-10-28 10:40:00,2024-10-28 10:40:00,JYZ24.csv,117,JYZ24.csv,-4.0,65.83500000000001,65.83500000000001,263.12,263.34000000000003,0.22000000000002728
45594,8,0,65.475,-7,2024-10-29,2024-10-29 08:00:00,2024-10-29 08:00:00,JYZ24.csv,278,JYZ24.csv,-1.0,65.47500000000001,65.47500000000001,65.475,65.47500000000001,1.4210854715202004e-14
45594,10,50,65.595,-4,2024-10-29,2024-10-29 10:50:00,2024-10-29 10:50:00,JYZ24.csv,58,JYZ24.csv,3.0,65.41999999999999,65.555,196.785,196.66500000000002,0.11999999999997613
45594,11,10,65.5,-2,2024-10-29,2024-10-29 11:10:00,2024-10-29 11:10:00,JYZ24.csv,618,JYZ24.csv,2.0,65.41999999999999,65.58,131.0,131.16,-0.1599999999999966
45594,11,20,65.465,1,2024-10-29,2024-10-29 11:20:00,2024-10-29 11:20:00,JYZ24.csv,92,JYZ24.csv,3.0,65.41999999999999,65.59,196.395,196.77,-0.375
45594,11,30,65.45,-4,2024-10-29,2024-10-29 11:30:00,2024-10-29 11:30:00,JYZ24.csv,94,JYZ24.csv,-5.0,65.635,65.57,327.25,327.84999999999997,0.5999999999999659
45594,11,40,65.49,-7,2024-10-29,2024-10-29 11:40:00,2024-10-29 11:40:00,JYZ24.csv,177,JYZ24.csv,-3.0,65.635,65.525,196.46999999999997,196.57500000000002,0.10500000000004661
45594,11,50,65.55,-3,2024-10-29,2024-10-29 11:50:00,2024-10-29 11:50:00,JYZ24.csv,74,JYZ24.csv,4.0,65.545,65.545,262.2,262.18,0.01999999999998181
45594,12,10,65.6,-7,2024-10-29,2024-10-29 12:10:00,2024-10-29 12:10:00,JYZ24.csv,145,JYZ24.csv,-4.0,65.635,65.58,262.4,262.32,-0.07999999999998408
45595,8,0,65.74,-4,2024-10-30,2024-10-30 08:00:00,2024-10-30 08:00:00,JYZ24.csv,258,JYZ24.csv,3.0,65.55,65.55,197.21999999999997,196.64999999999998,0.5699999999999932
45595,9,0,65.605,-6,2024-10-30,2024-10-30 09:00:00,2024-10-30 09:00:00,JYZ24.csv,220,JYZ24.csv,-2.0,65.685,65.685,131.21,131.37,0.1599999999999966
45595,11,0,65.65,-2,2024-10-30,2024-10-30 11:00:00,2024-10-30 11:00:00,JYZ24.csv,151,JYZ24.csv,4.0,65.575,65.69,262.6,262.76,-0.15999999999996817
45595,12,0,65.69,-5,2024-10-30,2024-10-30 12:00:00,2024-10-30 12:00:00,JYZ24.csv,340,JYZ24.csv,-3.0,65.78,65.715,197.07,197.145,0.07500000000001705
45595,12,20,65.685,-2,2024-10-30,2024-10-30 12:20:00,2024-10-30 12:20:00,JYZ24.csv,115,JYZ24.csv,3.0,65.69,65.69,197.055,197.07,-0.014999999999986358
45595,13,0,65.72,-6,2024-10-30,2024-10-30 13:00:00,2024-10-30 13:00:00,JYZ24.csv,87,JYZ24.csv,-4.0,65.72,65.72,262.88,262.88,-0.0
45596,8,0,65.835,-4,2024-10-31,2024-10-31 08:00:00,2024-10-31 08:00:00,JYZ24.csv,289,JYZ24.csv,2.0,65.80499999999999,65.80499999999999,131.67,131.60999999999999,0.060000000000002274
45596,9,0,65.85,-7,2024-10-31,2024-10-31 09:00:00,2024-10-31 09:00:00,JYZ24.csv,173,JYZ24.csv,-3.0,65.785,65.785,197.54999999999998,197.355,-0.19499999999999318
45596,9,40,65.84,-2,2024-10-31,2024-10-31 09:40:00,2024-10-31 09:40:00,JYZ24.csv,83,JYZ24.csv,5.0,65.695,65.855,329.20000000000005,329.27500000000003,-0.07499999999998863
45596,10,0,65.735,-1,2024-10-31,2024-10-31 10:00:00,2024-10-31 10:00:00,JYZ24.csv,712,JYZ24.csv,1.0,65.88,65.88,65.735,65.88,-0.14499999999999602
45596,10,20,65.825,-7,2024-10-31,2024-10-31 10:20:00,2024-10-31 10:20:00,JYZ24.csv,220,JYZ24.csv,-6.0,65.97,65.955,394.95000000000005,395.73,0.7799999999999727
45596,11,20,65.94,-10,2024-10-31,2024-10-31 11:20:00,2024-10-31 11:20:00,JYZ24.csv,232,JYZ24.csv,-3.0,66.15,66.03,197.82,198.09,0.27000000000001023
45596,11,40,66.03,-8,2024-10-31,2024-10-31 11:40:00,2024-10-31 11:40:00,JYZ24.csv,622,JYZ24.csv,2.0,66.06,66.06,132.06,132.12,-0.060000000000002274
45596,12,0,65.995,-7,2024-10-31,2024-10-31 12:00:00,2024-10-31 12:00:00,JYZ24.csv,1336,JYZ24.csv,1.0,65.92,65.955,65.995,65.955,0.04000000000000625
45597,6,30,65.805,-10,2024-11-01,2024-11-01 06:30:00,2024-11-01 06:30:00,JYZ24.csv,11,JYZ24.csv,-3.0,65.885,65.885,197.41500000000002,197.65500000000003,0.2400000000000091
45597,8,0,65.855,-8,2024-11-01,2024-11-01 08:00:00,2024-11-01 08:00:00,JYZ24.csv,179,JYZ24.csv,2.0,66.105,66.105,131.71,132.21,-0.5
45597,9,0,66.13,-5,2024-11-01,2024-11-01 09:00:00,2024-11-01 09:00:00,JYZ24.csv,472,JYZ24.csv,3.0,65.91499999999999,65.985,198.39,197.95499999999998,0.4350000000000023
45597,9,20,66.025,-3,2024-11-01,2024-11-01 09:20:00,2024-11-01 09:20:00,JYZ24.csv,564,JYZ24.csv,2.0,65.91499999999999,65.91499999999999,132.05,131.82999999999998,0.22000000000002728
45597,9,40,66.04,-8,2024-11-01,2024-11-01 09:40:00,2024-11-01 09:40:00,JYZ24.csv,253,JYZ24.csv,-5.0,66.005,66.005,330.20000000000005,330.025,-0.1750000000000682
45597,9,50,65.975,-9,2024-11-01,2024-11-01 09:50:00,2024-11-01 09:50:00,JYZ24.csv,687,JYZ24.csv,-1.0,66.005,66.005,65.975,66.005,0.030000000000001137
45597,10,10,65.85,-8,2024-11-01,2024-11-01 10:10:00,2024-11-01 10:10:00,JYZ24.csv,213,JYZ24.csv,1.0,65.71,65.71,65.85,65.71,0.14000000000000057
45597,10,20,65.8,-4,2024-11-01,2024-11-01 10:20:00,2024-11-01 10:20:00,JYZ24.csv,429,JYZ24.csv,4.0,65.71,65.71,263.2,262.84,0.36000000000001364
45597,10,30,65.835,-1,2024-11-01,2024-11-01 10:30:00,2024-11-01 10:30:00,JYZ24.csv,443,JYZ24.csv,3.0,65.71,65.71,197.505,197.13,0.375
45597,10,40,65.75,0,2024-11-01,2024-11-01 10:40:00,2024-11-01 10:40:00,JYZ24.csv,344,JYZ24.csv,1.0,65.71,65.71,65.75,65.71,0.04000000000000625
45597,11,0,65.75,-5,2024-11-01,2024-11-01 11:00:00,2024-11-01 11:00:00,JYZ24.csv,322,JYZ24.csv,-5.0,65.765,65.765,328.75,328.825,0.07499999999998863
45597,16,15,65.675,0,2024-11-01,2024-11-01 16:15:00,2024-11-01 16:15:00,JYZ24.csv,87,JYZ24.csv,5.0,65.675,65.675,328.375,328.375,0.0
45600,6,30,66.27,-2,2024-11-04,2024-11-04 06:30:00,2024-11-04 06:30:00,JYZ24.csv,112,JYZ24.csv,-2.0,66.33500000000001,66.33500000000001,132.54,132.67000000000002,0.13000000000002387
45600,8,0,66.225,-9,2024-11-04,2024-11-04 08:00:00,2024-11-04 08:00:00,JYZ24.csv,55,JYZ24.csv,-7.0,66.28,66.23,463.57499999999993,463.61,0.035000000000081855
45600,9,0,66.22,-3,2024-11-04,2024-11-04 09:00:00,2024-11-04 09:00:00,JYZ24.csv,201,JYZ24.csv,6.0,66.245,66.245,397.32,397.47,-0.1500000000000341
45600,9,10,66.28,0,2024-11-04,2024-11-04 09:10:00,2024-11-04 09:10:00,JYZ24.csv,129,JYZ24.csv,3.0,66.195,66.195,198.84,198.58499999999998,0.2550000000000239
45600,9,20,66.255,-6,2024-11-04,2024-11-04 09:20:00,2024-11-04 09:20:00,JYZ24.csv,45,JYZ24.csv,-6.0,66.285,66.245,397.53,397.47,-0.05999999999994543
45600,9,30,66.205,-10,2024-11-04,2024-11-04 09:30:00,2024-11-04 09:30:00,JYZ24.csv,131,JYZ24.csv,-4.0,66.285,66.17,264.82,264.68,-0.13999999999998636
45600,9,40,66.17,-4,2024-11-04,2024-11-04 09:40:00,2024-11-04 09:40:00,JYZ24.csv,79,JYZ24.csv,6.0,66.195,66.195,397.02,397.16999999999996,-0.14999999999997726
45600,9,50,66.21,-3,2024-11-04,2024-11-04 09:50:00,2024-11-04 09:50:00,JYZ24.csv,63,JYZ24.csv,1.0,66.195,66.195,66.21,66.195,0.015000000000000568
45600,10,0,66.225,-9,2024-11-04,2024-11-04 10:00:00,2024-11-04 10:00:00,JYZ24.csv,697,JYZ24.csv,-6.0,66.285,66.135,397.34999999999997,396.81000000000006,-0.5399999999999068
45600,10,30,66.165,-7,2024-11-04,2024-11-04 10:30:00,2024-11-04 10:30:00,JYZ24.csv,196,JYZ24.csv,2.0,66.03999999999999,66.135,132.33,132.27,0.060000000000002274
45600,10,50,66.125,-4,2024-11-04,2024-11-04 10:50:00,2024-11-04 10:50:00,JYZ24.csv,437,JYZ24.csv,3.0,66.03999999999999,66.13,198.375,198.39,-0.014999999999986358
45600,11,10,66.105,-7,2024-11-04,2024-11-04 11:10:00,2024-11-04 11:10:00,JYZ24.csv,112,JYZ24.csv,-3.0,66.165,66.165,198.315,198.495,0.18000000000000682
45601,6,30,66.05,0,2024-11-05,2024-11-05 06:30:00,2024-11-05 06:30:00,JYZ24.csv,114,JYZ24.csv,7.0,66.005,66.05,462.34999999999997,462.34999999999997,0.0
45601,8,0,66.005,-1,2024-11-05,2024-11-05 08:00:00,2024-11-05 08:00:00,JYZ24.csv,192,JYZ24.csv,-1.0,66.10000000000001,66.10000000000001,66.005,66.10000000000001,0.09500000000001307
45601,10,0,66.04,4,2024-11-05,2024-11-05 10:00:00,2024-11-05 10:00:00,JYZ24.csv,2839,JYZ24.csv,5.0,66.13,66.13,330.20000000000005,330.65,-0.4499999999999318
45601,10,20,66.165,-1,2024-11-05,2024-11-05 10:20:00,2024-11-05 10:20:00,JYZ24.csv,163,JYZ24.csv,-5.0,66.22,66.22,330.82500000000005,331.1,0.27499999999997726
45601,10,30,66.16,-8,2024-11-05,2024-11-05 10:30:00,2024-11-05 10:30:00,JYZ24.csv,66,JYZ24.csv,-7.0,66.22,66.22,463.12,463.53999999999996,0.4199999999999591
45601,11,0,66.11,-1,2024-11-05,2024-11-05 11:00:00,2024-11-05 11:00:00,JYZ24.csv,540,JYZ24.csv,7.0,66.10000000000001,66.10000000000001,462.77,462.70000000000005,0.06999999999993634
45601,11,20,66.17,-4,2024-11-05,2024-11-05 11:20:00,2024-11-05 11:20:00,JYZ24.csv,54,JYZ24.csv,-3.0,66.18,66.18,198.51,198.54000000000002,0.03000000000002956
45601,13,0,66.27,-8,2024-11-05,2024-11-05 13:00:00,2024-11-05 13:00:00,JYZ24.csv,112,JYZ24.csv,-4.0,66.42,66.325,265.08,265.3,0.22000000000002728
45602,6,30,65.205,-10,2024-11-06,2024-11-06 06:30:00,2024-11-06 06:30:00,JYZ24.csv,112,JYZ24.csv,-2.0,65.24,65.1,130.41,130.2,-0.21000000000000796
45602,9,0,65.135,-5,2024-11-06,2024-11-06 09:00:00,2024-11-06 09:00:00,JYZ24.csv,239,JYZ24.csv,5.0,65.035,65.175,325.675,325.875,-0.19999999999998863
45602,10,30,65.185,-3,2024-11-06,2024-11-06 10:30:00,2024-11-06 10:30:00,JYZ24.csv,462,JYZ24.csv,2.0,65.14,65.14,130.37,130.28,0.09000000000000341
45602,11,20,65.105,-1,2024-11-06,2024-11-06 11:20:00,2024-11-06 11:20:00,JYZ24.csv,106,JYZ24.csv,2.0,65.035,65.035,130.21,130.07,0.14000000000001478
45602,11,40,65.065,-3,2024-11-06,2024-11-06 11:40:00,2024-11-06 11:40:00,JYZ24.csv,157,JYZ24.csv,-2.0,65.08,65.025,130.13,130.05,-0.07999999999998408
45603,6,30,65.23,-2,2024-11-07,2024-11-07 06:30:00,2024-11-07 06:30:00,JYZ24.csv,23,JYZ24.csv,1.0,65.17,65.275,65.23,65.275,-0.045000000000001705
45603,8,0,65.335,-4,2024-11-07,2024-11-07 08:00:00,2024-11-07 08:00:00,JYZ24.csv,217,JYZ24.csv,-2.0,65.43,65.43,130.67,130.86,0.19000000000002615
45603,9,0,65.45,0,2024-11-07,2024-11-07 09:00:00,2024-11-07 09:00:00,JYZ24.csv,584,JYZ24.csv,4.0,65.5,65.5,261.8,262.0,-0.19999999999998863
45603,9,20,65.46,-4,2024-11-07,2024-11-07 09:20:00,2024-11-07 09:20:00,JYZ24.csv,403,JYZ24.csv,-4.0,65.59,65.59,261.84,262.36,0.5200000000000387
45603,10,0,65.565,1,2024-11-07,2024-11-07 10:00:00,2024-11-07 10:00:00,JYZ24.csv,559,JYZ24.csv,5.0,65.645,65.645,327.825,328.22499999999997,-0.39999999999997726
45603,10,20,65.57,-1,2024-11-07,2024-11-07 10:20:00,2024-11-07 10:20:00,JYZ24.csv,189,JYZ24.csv,-2.0,65.735,65.58,131.14,131.16,0.020000000000010232
45603,10,30,65.68,-2,2024-11-07,2024-11-07 10:30:00,2024-11-07 10:30:00,JYZ24.csv,693,JYZ24.csv,-1.0,65.735,65.595,65.68,65.595,-0.08500000000000796
45603,10,40,65.67,-5,2024-11-07,2024-11-07 10:40:00,2024-11-07 10:40:00,JYZ24.csv,432,JYZ24.csv,-3.0,65.735,65.61,197.01,196.82999999999998,-0.18000000000000682
45603,11,20,65.59,1,2024-11-07,2024-11-07 11:20:00,2024-11-07 11:20:00,JYZ24.csv,215,JYZ24.csv,6.0,65.58,65.58,393.54,393.48,0.060000000000002274
45603,11,40,65.61,-5,2024-11-07,2024-11-07 11:40:00,2024-11-07 11:40:00,JYZ24.csv,35,JYZ24.csv,-6.0,65.665,65.655,393.65999999999997,393.93,0.27000000000003865
45604,6,30,65.975,-2,2024-11-08,2024-11-08 06:30:00,2024-11-08 06:30:00,JYZ24.csv,52,JYZ24.csv,3.0,65.885,65.885,197.92499999999998,197.65500000000003,0.2699999999999534
45604,8,0,65.93,2,2024-11-08,2024-11-08 08:00:00,2024-11-08 08:00:00,JYZ24.csv,90,JYZ24.csv,4.0,65.73,65.76,263.72,263.04,0.6800000000000068
45604,9,0,65.77,0,2024-11-08,2024-11-08 09:00:00,2024-11-08 09:00:00,JYZ24.csv,141,JYZ24.csv,-2.0,65.84,65.84,131.54,131.68,0.14000000000001478
45604,9,30,65.82,3,2024-11-08,2024-11-08 09:30:00,2024-11-08 09:30:00,JYZ24.csv,217,JYZ24.csv,3.0,65.75,65.75,197.45999999999998,197.25,0.20999999999997954
45604,9,40,65.825,8,2024-11-08,2024-11-08 09:40:00,2024-11-08 09:40:00,JYZ24.csv,113,JYZ24.csv,5.0,65.75,65.75,329.125,328.75,0.375
45604,9,50,65.79,2,2024-11-08,2024-11-08 09:50:00,2024-11-08 09:50:00,JYZ24.csv,264,JYZ24.csv,-6.0,65.955,65.905,394.74,395.43,0.6899999999999977
45604,10,0,65.765,-3,2024-11-08,2024-11-08 10:00:00,2024-11-08 10:00:00,JYZ24.csv,640,JYZ24.csv,-5.0,65.955,65.905,328.825,329.525,0.6999999999999886
45604,10,10,65.86,0,2024-11-08,2024-11-08 10:10:00,2024-11-08 10:10:00,JYZ24.csv,260,JYZ24.csv,3.0,65.865,65.865,197.57999999999998,197.59499999999997,-0.014999999999986358
45604,10,30,65.885,-3,2024-11-08,2024-11-08 10:30:00,2024-11-08 10:30:00,JYZ24.csv,317,JYZ24.csv,-3.0,65.955,65.815,197.65500000000003,197.445,-0.21000000000003638
45604,11,10,65.85,1,2024-11-08,2024-11-08 11:10:00,2024-11-08 11:10:00,JYZ24.csv,35,JYZ24.csv,4.0,65.815,65.815,263.4,263.26,0.13999999999998636
45604,11,20,65.815,4,2024-11-08,2024-11-08 11:20:00,2024-11-08 11:20:00,JYZ24.csv,67,JYZ24.csv,3.0,65.815,65.815,197.445,197.445,0.0
45604,11,30,65.82,0,2024-11-08,2024-11-08 11:30:00,2024-11-08 11:30:00,JYZ24.csv,45,JYZ24.csv,-4.0,65.9,65.8,263.28,263.2,-0.07999999999998408
45604,11,40,65.785,-3,2024-11-08,2024-11-08 11:40:00,2024-11-08 11:40:00,JYZ24.csv,100,JYZ24.csv,-3.0,65.9,65.77,197.355,197.31,-0.044999999999987494
45604,16,15,65.87,0,2024-11-08,2024-11-08 16:15:00,2024-11-08 16:15:00,JYZ24.csv,14,JYZ24.csv,3.0,65.77,65.815,197.61,197.445,0.16500000000002046
45607,6,30,65.34,-6,2024-11-11,2024-11-11 06:30:00,2024-11-11 06:30:00,JYZ24.csv,28,JYZ24.csv,-6.0,65.33500000000001,65.33500000000001,392.04,392.01000000000005,-0.029999999999972715
45607,8,0,65.31,-7,2024-11-11,2024-11-11 08:00:00,2024-11-11 08:00:00,JYZ24.csv,51,JYZ24.csv,-1.0,65.345,65.345,65.31,65.345,0.03499999999999659
45607,9,0,65.325,-6,2024-11-11,2024-11-11 09:00:00,2024-11-11 09:00:00,JYZ24.csv,450,JYZ24.csv,1.0,65.335,65.335,65.325,65.335,-0.009999999999990905
45607,9,50,65.28,-7,2024-11-11,2024-11-11 09:50:00,2024-11-11 09:50:00,JYZ24.csv,229,JYZ24.csv,-1.0,65.32000000000001,65.27,65.28,65.27,-0.010000000000005116
45607,10,10,65.285,-6,2024-11-11,2024-11-11 10:10:00,2024-11-11 10:10:00,JYZ24.csv,47,JYZ24.csv,1.0,65.255,65.255,65.285,65.255,0.030000000000001137
45607,10,30,65.29,0,2024-11-11,2024-11-11 10:30:00,2024-11-11 10:30:00,JYZ24.csv,194,JYZ24.csv,6.0,65.255,65.305,391.74,391.83000000000004,-0.09000000000003183
45608,8,0,65.18,-10,2024-11-12,2024-11-12 08:00:00,2024-11-12 08:00:00,JYZ24.csv,161,JYZ24.csv,-10.0,65.17500000000001,65.17500000000001,651.8000000000001,651.7500000000001,-0.049999999999954525
45608,9,0,65.05,-6,2024-11-12,2024-11-12 09:00:00,2024-11-12 09:00:00,JYZ24.csv,341,JYZ24.csv,4.0,64.98,65.045,260.2,260.18,0.01999999999998181
45608,9,50,65.045,-7,2024-11-12,2024-11-12 09:50:00,2024-11-12 09:50:00,JYZ24.csv,250,JYZ24.csv,-1.0,65.055,65.055,65.045,65.055,0.010000000000005116
45608,10,10,65.01,-6,2024-11-12,2024-11-12 10:10:00,2024-11-12 10:10:00,JYZ24.csv,53,JYZ24.csv,1.0,64.995,64.995,65.01,64.995,0.015000000000000568
45609,8,0,64.815,-9,2024-11-13,2024-11-13 08:00:00,2024-11-13 08:00:00,JYZ24.csv,299,JYZ24.csv,-3.0,65.04,65.03,194.445,195.09,0.6450000000000102
45609,9,0,64.995,-7,2024-11-13,2024-11-13 09:00:00,2024-11-13 09:00:00,JYZ24.csv,876,JYZ24.csv,2.0,64.83999999999999,64.83999999999999,129.99,129.67999999999998,0.3100000000000307
45609,9,20,64.99,-2,2024-11-13,2024-11-13 09:20:00,2024-11-13 09:20:00,JYZ24.csv,328,JYZ24.csv,5.0,64.83999999999999,64.83999999999999,324.95,324.19999999999993,0.7500000000000568
45609,9,40,64.89,-1,2024-11-13,2024-11-13 09:40:00,2024-11-13 09:40:00,JYZ24.csv,240,JYZ24.csv,1.0,64.725,64.725,64.89,64.725,0.16500000000000625
45609,10,0,64.855,-7,2024-11-13,2024-11-13 10:00:00,2024-11-13 10:00:00,JYZ24.csv,156,JYZ24.csv,-6.0,64.815,64.815,389.13,388.89,-0.2400000000000091
45609,10,30,64.74,-2,2024-11-13,2024-11-13 10:30:00,2024-11-13 10:30:00,JYZ24.csv,343,JYZ24.csv,5.0,64.725,64.725,323.7,323.625,0.07499999999998863
45609,10,50,64.755,-7,2024-11-13,2024-11-13 10:50:00,2024-11-13 10:50:00,JYZ24.csv,253,JYZ24.csv,-5.0,64.75,64.75,323.775,323.75,-0.024999999999977263
45610,8,0,64.345,-6,2024-11-14,2024-11-14 08:00:00,2024-11-14 08:00:00,JYZ24.csv,46,JYZ24.csv,1.0,64.355,64.355,64.345,64.355,-0.010000000000005116
45610,8,40,64.305,-7,2024-11-14,2024-11-14 08:40:00,2024-11-14 08:40:00,JYZ24.csv,194,JYZ24.csv,-1.0,64.415,64.415,64.305,64.415,0.10999999999999943
45610,9,0,64.335,-6,2024-11-14,2024-11-14 09:00:00,2024-11-14 09:00:00,JYZ24.csv,245,JYZ24.csv,1.0,64.39,64.39,64.335,64.39,-0.05500000000000682
45610,9,20,64.44,-8,2024-11-14,2024-11-14 09:20:00,2024-11-14 09:20:00,JYZ24.csv,149,JYZ24.csv,-2.0,64.45,64.45,128.88,128.9,0.020000000000010232
45610,9,50,64.44,-10,2024-11-14,2024-11-14 09:50:00,2024-11-14 09:50:00,JYZ24.csv,101,JYZ24.csv,-2.0,64.45,64.45,128.88,128.9,0.020000000000010232
45610,10,0,64.435,-2,2024-11-14,2024-11-14 10:00:00,2024-11-14 10:00:00,JYZ24.csv,150,JYZ24.csv,8.0,64.33999999999999,64.33999999999999,515.48,514.7199999999999,0.7600000000001046
45610,10,10,64.44,0,2024-11-14,2024-11-14 10:10:00,2024-11-14 10:10:00,JYZ24.csv,124,JYZ24.csv,2.0,64.33999999999999,64.33999999999999,128.88,128.67999999999998,0.20000000000001705
45610,10,20,64.46,-6,2024-11-14,2024-11-14 10:20:00,2024-11-14 10:20:00,JYZ24.csv,96,JYZ24.csv,-6.0,64.41499999999999,64.41499999999999,386.76,386.48999999999995,-0.27000000000003865
45610,10,30,64.395,-1,2024-11-14,2024-11-14 10:30:00,2024-11-14 10:30:00,JYZ24.csv,372,JYZ24.csv,5.0,64.33999999999999,64.33999999999999,321.97499999999997,321.69999999999993,0.2750000000000341
45610,10,40,64.33,3,2024-11-14,2024-11-14 10:40:00,2024-11-14 10:40:00,JYZ24.csv,142,JYZ24.csv,4.0,64.33999999999999,64.33999999999999,257.32,257.35999999999996,-0.03999999999996362
45610,10,50,64.355,-2,2024-11-14,2024-11-14 10:50:00,2024-11-14 10:50:00,JYZ24.csv,141,JYZ24.csv,-5.0,64.41499999999999,64.41499999999999,321.77500000000003,322.07499999999993,0.2999999999998977
45610,11,0,64.365,-6,2024-11-14,2024-11-14 11:00:00,2024-11-14 11:00:00,JYZ24.csv,588,JYZ24.csv,-4.0,64.425,64.425,257.46,257.7,0.2400000000000091
45610,11,20,64.435,-7,2024-11-14,2024-11-14 11:20:00,2024-11-14 11:20:00,JYZ24.csv,56,JYZ24.csv,-1.0,64.425,64.425,64.435,64.425,-0.010000000000005116
45610,11,40,64.42,-6,2024-11-14,2024-11-14 11:40:00,2024-11-14 11:40:00,JYZ24.csv,79,JYZ24.csv,1.0,64.345,64.345,64.42,64.345,0.07500000000000284
45611,6,30,64.62,-7,2024-11-15,2024-11-15 06:30:00,2024-11-15 06:30:00,JYZ24.csv,185,JYZ24.csv,-1.0,64.62,64.62,64.62,64.62,-0.0
45611,8,0,64.6,-3,2024-11-15,2024-11-15 08:00:00,2024-11-15 08:00:00,JYZ24.csv,76,JYZ24.csv,4.0,64.55,64.55,258.4,258.2,0.19999999999998863
45611,9,30,64.635,0,2024-11-15,2024-11-15 09:30:00,2024-11-15 09:30:00,JYZ24.csv,277,JYZ24.csv,3.0,64.505,64.505,193.90500000000003,193.515,0.3900000000000432
45611,9,40,64.48,5,2024-11-15,2024-11-15 09:40:00,2024-11-15 09:40:00,JYZ24.csv,232,JYZ24.csv,5.0,64.505,64.505,322.40000000000003,322.525,-0.12499999999994316
45611,9,50,64.44,-2,2024-11-15,2024-11-15 09:50:00,2024-11-15 09:50:00,JYZ24.csv,382,JYZ24.csv,-7.0,64.59,64.59,451.08,452.13,1.0500000000000114
45611,10,0,64.52,-7,2024-11-15,2024-11-15 10:00:00,2024-11-15 10:00:00,JYZ24.csv,239,JYZ24.csv,-5.0,64.59,64.59,322.59999999999997,322.95000000000005,0.3500000000000796
45611,10,10,64.625,-3,2024-11-15,2024-11-15 10:10:00,2024-11-15 10:10:00,JYZ24.csv,178,JYZ24.csv,4.0,64.745,64.745,258.5,258.98,-0.4800000000000182
45611,10,20,64.65,-4,2024-11-15,2024-11-15 10:20:00,2024-11-15 10:20:00,JYZ24.csv,187,JYZ24.csv,-1.0,64.83500000000001,64.83500000000001,64.65,64.83500000000001,0.18500000000000227
45611,10,30,64.66,-3,2024-11-15,2024-11-15 10:30:00,2024-11-15 10:30:00,JYZ24.csv,174,JYZ24.csv,1.0,64.745,64.745,64.66,64.745,-0.08500000000000796
45611,10,40,64.76,-2,2024-11-15,2024-11-15 10:40:00,2024-11-15 10:40:00,JYZ24.csv,636,JYZ24.csv,1.0,64.745,64.745,64.76,64.745,0.015000000000000568
45611,11,0,64.77,-3,2024-11-15,2024-11-15 11:00:00,2024-11-15 11:00:00,JYZ24.csv,928,JYZ24.csv,-1.0,64.83500000000001,64.83500000000001,64.77,64.83500000000001,0.06500000000001194
45611,11,10,64.87,-5,2024-11-15,2024-11-15 11:10:00,2024-11-15 11:10:00,JYZ24.csv,389,JYZ24.csv,-2.0,64.995,64.96,129.74,129.92,0.1799999999999784
45611,11,30,64.835,-3,2024-11-15,2024-11-15 11:30:00,2024-11-15 11:30:00,JYZ24.csv,340,JYZ24.csv,2.0,64.905,64.905,129.67,129.81,-0.14000000000001478
45611,11,50,64.925,-5,2024-11-15,2024-11-15 11:50:00,2024-11-15 11:50:00,JYZ24.csv,134,JYZ24.csv,-2.0,64.995,64.995,129.85,129.99,0.14000000000001478
45611,12,10,64.95,-3,2024-11-15,2024-11-15 12:10:00,2024-11-15 12:10:00,JYZ24.csv,148,JYZ24.csv,2.0,65.015,65.015,129.9,130.03,-0.12999999999999545
45611,13,0,65.055,-2,2024-11-15,2024-11-15 13:00:00,2024-11-15 13:00:00,JYZ24.csv,81,JYZ24.csv,1.0,65.015,65.205,65.055,65.205,-0.14999999999999147
45611,16,15,65.035,0,2024-11-15,2024-11-15 16:15:00,2024-11-15 16:15:00,JYZ24.csv,3,JYZ24.csv,2.0,65.0,65.0,130.07,130.0,0.06999999999999318
45614,6,30,64.71,-4,2024-11-18,2024-11-18 06:30:00,2024-11-18 06:30:00,JYZ24.csv,32,JYZ24.csv,-4.0,64.765,64.675,258.84,258.7,-0.13999999999998636
45614,8,0,64.625,-10,2024-11-18,2024-11-18 08:00:00,2024-11-18 08:00:00,JYZ24.csv,390,JYZ24.csv,-6.0,64.67,64.67,387.75,388.02,0.2699999999999818
45614,9,0,64.79,-4,2024-11-18,2024-11-18 09:00:00,2024-11-18 09:00:00,JYZ24.csv,136,JYZ24.csv,6.0,64.745,64.82,388.74,388.91999999999996,-0.17999999999994998
45614,9,20,64.79,-10,2024-11-18,2024-11-18 09:20:00,2024-11-18 09:20:00,JYZ24.csv,129,JYZ24.csv,-6.0,64.87,64.87,388.74,389.22,0.4800000000000182
45614,9,40,64.83,-4,2024-11-18,2024-11-18 09:40:00,2024-11-18 09:40:00,JYZ24.csv,547,JYZ24.csv,6.0,64.78,64.78,388.98,388.68,0.30000000000001137
45614,10,0,64.825,-10,2024-11-18,2024-11-18 10:00:00,2024-11-18 10:00:00,JYZ24.csv,261,JYZ24.csv,-6.0,64.87,64.76,388.95000000000005,388.56000000000006,-0.38999999999998636
45614,10,10,64.8,-7,2024-11-18,2024-11-18 10:10:00,2024-11-18 10:10:00,JYZ24.csv,229,JYZ24.csv,3.0,64.705,64.79,194.39999999999998,194.37,0.029999999999972715
45614,10,30,64.75,-3,2024-11-18,2024-11-18 10:30:00,2024-11-18 10:30:00,JYZ24.csv,122,JYZ24.csv,4.0,64.705,64.72,259.0,258.88,0.12000000000000455
45614,10,50,64.735,0,2024-11-18,2024-11-18 10:50:00,2024-11-18 10:50:00,JYZ24.csv,218,JYZ24.csv,3.0,64.705,64.8,194.20499999999998,194.39999999999998,-0.19499999999999318
45614,11,10,64.765,-6,2024-11-18,2024-11-18 11:10:00,2024-11-18 11:10:00,JYZ24.csv,82,JYZ24.csv,-6.0,64.875,64.84,388.59000000000003,389.04,0.44999999999998863
45615,6,30,65.255,-3,2024-11-19,2024-11-19 06:30:00,2024-11-19 06:30:00,JYZ24.csv,67,JYZ24.csv,3.0,65.08999999999999,65.08999999999999,195.765,195.26999999999998,0.49500000000000455
45615,9,0,65.385,2,2024-11-19,2024-11-19 09:00:00,2024-11-19 09:00:00,JYZ24.csv,185,JYZ24.csv,5.0,65.13499999999999,65.13499999999999,326.925,325.67499999999995,1.2500000000000568
45615,9,10,65.18,-2,2024-11-19,2024-11-19 09:10:00,2024-11-19 09:10:00,JYZ24.csv,638,JYZ24.csv,-4.0,65.16,65.16,260.72,260.64,-0.08000000000004093
45615,9,20,65.2,-8,2024-11-19,2024-11-19 09:20:00,2024-11-19 09:20:00,JYZ24.csv,220,JYZ24.csv,-6.0,65.16,65.16,391.20000000000005,390.96,-0.24000000000006594
45615,9,30,65.165,-4,2024-11-19,2024-11-19 09:30:00,2024-11-19 09:30:00,JYZ24.csv,615,JYZ24.csv,4.0,65.07,65.07,260.66,260.28,0.3800000000000523
45615,9,40,65.14,-3,2024-11-19,2024-11-19 09:40:00,2024-11-19 09:40:00,JYZ24.csv,151,JYZ24.csv,1.0,65.07,65.07,65.14,65.07,0.07000000000000739
45615,10,30,65.185,-6,2024-11-19,2024-11-19 10:30:00,2024-11-19 10:30:00,JYZ24.csv,108,JYZ24.csv,-3.0,65.165,65.165,195.555,195.495,-0.060000000000002274
45615,10,40,65.115,-3,2024-11-19,2024-11-19 10:40:00,2024-11-19 10:40:00,JYZ24.csv,188,JYZ24.csv,3.0,65.08,65.08,195.34499999999997,195.24,0.10499999999996135
45615,10,50,65.145,1,2024-11-19,2024-11-19 10:50:00,2024-11-19 10:50:00,JYZ24.csv,411,JYZ24.csv,4.0,65.08,65.08,260.58,260.32,0.2599999999999909
45615,11,0,65.175,-2,2024-11-19,2024-11-19 11:00:00,2024-11-19 11:00:00,JYZ24.csv,600,JYZ24.csv,-3.0,65.165,65.165,195.52499999999998,195.495,-0.029999999999972715
45615,11,10,65.135,-6,2024-11-19,2024-11-19 11:10:00,2024-11-19 11:10:00,JYZ24.csv,172,JYZ24.csv,-4.0,65.08,65.08,260.54,260.32,-0.22000000000002728
45615,11,20,65.08,-2,2024-11-19,2024-11-19 11:20:00,2024-11-19 11:20:00,JYZ24.csv,74,JYZ24.csv,4.0,64.99499999999999,64.99499999999999,260.32,259.97999999999996,0.34000000000003183
45615,11,30,65.0,3,2024-11-19,2024-11-19 11:30:00,2024-11-19 11:30:00,JYZ24.csv,195,JYZ24.csv,5.0,64.99499999999999,64.99499999999999,325.0,324.97499999999997,0.025000000000034106
45615,11,40,64.98,2,2024-11-19,2024-11-19 11:40:00,2024-11-19 11:40:00,JYZ24.csv,265,JYZ24.csv,-1.0,65.08,64.91,64.98,64.91,-0.07000000000000739
45615,11,50,64.995,-3,2024-11-19,2024-11-19 11:50:00,2024-11-19 11:50:00,JYZ24.csv,174,JYZ24.csv,-5.0,65.08,64.91,324.975,324.54999999999995,-0.4250000000000682
45615,12,0,64.995,-6,2024-11-19,2024-11-19 12:00:00,2024-11-19 12:00:00,JYZ24.csv,157,JYZ24.csv,-3.0,65.08,64.835,194.985,194.505,-0.4800000000000182
45616,6,30,64.4,-10,2024-11-20,2024-11-20 06:30:00,2024-11-20 06:30:00,JYZ24.csv,55,JYZ24.csv,-4.0,64.435,64.405,257.6,257.62,0.01999999999998181
45616,9,0,64.42,-7,2024-11-20,2024-11-20 09:00:00,2024-11-20 09:00:00,JYZ24.csv,134,JYZ24.csv,3.0,64.46,64.46,193.26,193.38,-0.12000000000000455
45616,9,30,64.43,-10,2024-11-20,2024-11-20 09:30:00,2024-11-20 09:30:00,JYZ24.csv,176,JYZ24.csv,-3.0,64.715,64.66,193.29000000000002,193.98,0.6899999999999693
45616,9,50,64.43,-7,2024-11-20,2024-11-20 09:50:00,2024-11-20 09:50:00,JYZ24.csv,80,JYZ24.csv,3.0,64.63,64.63,193.29000000000002,193.89,-0.5999999999999659
45616,10,20,64.63,-9,2024-11-20,2024-11-20 10:20:00,2024-11-20 10:20:00,JYZ24.csv,487,JYZ24.csv,-2.0,64.715,64.52,129.26,129.04,-0.21999999999999886
45616,10,30,64.65,-5,2024-11-20,2024-11-20 10:30:00,2024-11-20 10:30:00,JYZ24.csv,204,JYZ24.csv,4.0,64.49,64.49,258.6,257.96,0.6400000000000432
45616,10,40,64.615,-3,2024-11-20,2024-11-20 10:40:00,2024-11-20 10:40:00,JYZ24.csv,216,JYZ24.csv,2.0,64.49,64.49,129.23,128.98,0.25
45616,10,50,64.555,1,2024-11-20,2024-11-20 10:50:00,2024-11-20 10:50:00,JYZ24.csv,301,JYZ24.csv,4.0,64.49,64.49,258.22,257.96,0.26000000000004775
45616,11,0,64.505,4,2024-11-20,2024-11-20 11:00:00,2024-11-20 11:00:00,JYZ24.csv,458,JYZ24.csv,3.0,64.49,64.49,193.515,193.46999999999997,0.045000000000015916
45616,11,10,64.51,0,2024-11-20,2024-11-20 11:10:00,2024-11-20 11:10:00,JYZ24.csv,189,JYZ24.csv,-4.0,64.58,64.58,258.04,258.32,0.2799999999999727
45616,11,20,64.52,-3,2024-11-20,2024-11-20 11:20:00,2024-11-20 11:20:00,JYZ24.csv,70,JYZ24.csv,-3.0,64.58,64.58,193.56,193.74,0.18000000000000682
45616,11,30,64.59,-2,2024-11-20,2024-11-20 11:30:00,2024-11-20 11:30:00,JYZ24.csv,183,JYZ24.csv,1.0,64.60499999999999,64.60499999999999,64.59,64.60499999999999,-0.014999999999986358
45616,11,50,64.58,-3,2024-11-20,2024-11-20 11:50:00,2024-11-20 11:50:00,JYZ24.csv,122,JYZ24.csv,-1.0,64.69,64.625,64.58,64.625,0.045000000000001705
45617,8,0,64.94,0,2024-11-21,2024-11-21 08:00:00,2024-11-21 08:00:00,JYZ24.csv,172,JYZ24.csv,3.0,64.865,64.865,194.82,194.59499999999997,0.22500000000002274
45617,9,10,64.94,-2,2024-11-21,2024-11-21 09:10:00,2024-11-21 09:10:00,JYZ24.csv,187,JYZ24.csv,-2.0,65.035,65.035,129.88,130.07,0.18999999999999773
45617,9,30,64.94,0,2024-11-21,2024-11-21 09:30:00,2024-11-21 09:30:00,JYZ24.csv,247,JYZ24.csv,2.0,64.94999999999999,64.94999999999999,129.88,129.89999999999998,-0.01999999999998181
45617,9,50,65.04,-2,2024-11-21,2024-11-21 09:50:00,2024-11-21 09:50:00,JYZ24.csv,254,JYZ24.csv,-2.0,65.17,65.045,130.08,130.09,0.009999999999990905
45617,10,10,65.145,0,2024-11-21,2024-11-21 10:10:00,2024-11-21 10:10:00,JYZ24.csv,219,JYZ24.csv,2.0,65.085,65.085,130.29,130.17,0.12000000000000455
45617,10,20,65.075,4,2024-11-21,2024-11-21 10:20:00,2024-11-21 10:20:00,JYZ24.csv,85,JYZ24.csv,4.0,65.085,65.085,260.3,260.34,-0.03999999999996362
45617,10,40,65.085,0,2024-11-21,2024-11-21 10:40:00,2024-11-21 10:40:00,JYZ24.csv,92,JYZ24.csv,-4.0,64.95,64.95,260.34,259.8,-0.5399999999999636
45617,10,50,65.01,4,2024-11-21,2024-11-21 10:50:00,2024-11-21 10:50:00,JYZ24.csv,451,JYZ24.csv,4.0,64.865,64.865,260.04,259.46,0.5800000000000409
45617,11,0,64.985,5,2024-11-21,2024-11-21 11:00:00,2024-11-21 11:00:00,JYZ24.csv,426,JYZ24.csv,1.0,64.865,64.865,64.985,64.865,0.12000000000000455
45617,11,10,64.97,1,2024-11-21,2024-11-21 11:10:00,2024-11-21 11:10:00,JYZ24.csv,247,JYZ24.csv,-4.0,64.95,64.95,259.88,259.8,-0.07999999999998408
45617,11,40,64.9,-2,2024-11-21,2024-11-21 11:40:00,2024-11-21 11:40:00,JYZ24.csv,167,JYZ24.csv,-3.0,64.96000000000001,64.9,194.70000000000002,194.70000000000002,-0.0
45617,13,0,64.935,0,2024-11-21,2024-11-21 13:00:00,2024-11-21 13:00:00,JYZ24.csv,61,JYZ24.csv,2.0,64.82499999999999,64.895,129.87,129.79,0.0800000000000125
45618,8,0,64.905,-2,2024-11-22,2024-11-22 08:00:00,2024-11-22 08:00:00,JYZ24.csv,59,JYZ24.csv,-2.0,65.035,64.98,129.81,129.96,0.15000000000000568
45618,9,0,65.0,-5,2024-11-22,2024-11-22 09:00:00,2024-11-22 09:00:00,JYZ24.csv,218,JYZ24.csv,-3.0,64.745,64.745,195.0,194.235,-0.7649999999999864
45618,9,10,64.92,-8,2024-11-22,2024-11-22 09:10:00,2024-11-22 09:10:00,JYZ24.csv,132,JYZ24.csv,-3.0,64.745,64.745,194.76,194.235,-0.5249999999999773
45618,9,20,64.865,-5,2024-11-22,2024-11-22 09:20:00,2024-11-22 09:20:00,JYZ24.csv,47,JYZ24.csv,3.0,64.655,64.75,194.59499999999997,194.25,0.34499999999997044
45618,9,30,64.835,-2,2024-11-22,2024-11-22 09:30:00,2024-11-22 09:30:00,JYZ24.csv,276,JYZ24.csv,3.0,64.655,64.75,194.505,194.25,0.25499999999999545
45618,9,40,64.84,-5,2024-11-22,2024-11-22 09:40:00,2024-11-22 09:40:00,JYZ24.csv,295,JYZ24.csv,-3.0,64.745,64.745,194.52,194.235,-0.2849999999999966
45618,10,0,64.75,-1,2024-11-22,2024-11-22 10:00:00,2024-11-22 10:00:00,JYZ24.csv,1029,JYZ24.csv,4.0,64.78999999999999,64.78999999999999,259.0,259.15999999999997,-0.15999999999996817
45618,10,20,64.755,-5,2024-11-22,2024-11-22 10:20:00,2024-11-22 10:20:00,JYZ24.csv,65,JYZ24.csv,-4.0,64.875,64.775,259.02,259.1,0.08000000000004093
45618,10,40,64.765,-2,2024-11-22,2024-11-22 10:40:00,2024-11-22 10:40:00,JYZ24.csv,54,JYZ24.csv,3.0,64.78999999999999,64.78999999999999,194.29500000000002,194.36999999999998,-0.07499999999996021
45618,11,20,64.76,-5,2024-11-22,2024-11-22 11:20:00,2024-11-22 11:20:00,JYZ24.csv,105,JYZ24.csv,-3.0,64.825,64.825,194.28000000000003,194.47500000000002,0.19499999999999318
45618,16,15,64.775,0,2024-11-22,2024-11-22 16:15:00,2024-11-22 16:15:00,JYZ24.csv,171,JYZ24.csv,5.0,64.72999999999999,64.79,323.875,323.95000000000005,-0.07500000000004547
45621,6,30,64.935,2,2024-11-25,2024-11-25 06:30:00,2024-11-25 06:30:00,JYZ24.csv,38,JYZ24.csv,2.0,64.85,64.925,129.87,129.85,0.020000000000010232
45621,9,20,65.2,7,2024-11-25,2024-11-25 09:20:00,2024-11-25 09:20:00,JYZ24.csv,262,JYZ24.csv,5.0,65.17999999999999,65.17999999999999,326.0,325.9,0.10000000000002274
45621,9,40,65.175,4,2024-11-25,2024-11-25 09:40:00,2024-11-25 09:40:00,JYZ24.csv,362,JYZ24.csv,-3.0,65.265,65.175,195.52499999999998,195.52499999999998,-0.0
45621,10,0,65.22,2,2024-11-25,2024-11-25 10:00:00,2024-11-25 10:00:00,JYZ24.csv,191,JYZ24.csv,-2.0,65.265,64.96,130.44,129.92,-0.5200000000000102
45621,10,30,65.165,0,2024-11-25,2024-11-25 10:30:00,2024-11-25 10:30:00,JYZ24.csv,221,JYZ24.csv,-2.0,64.99,64.99,130.33,129.98,-0.35000000000002274
45621,10,50,65.08,5,2024-11-25,2024-11-25 10:50:00,2024-11-25 10:50:00,JYZ24.csv,733,JYZ24.csv,5.0,64.90499999999999,64.90499999999999,325.4,324.5249999999999,0.8750000000000568
45621,11,10,64.96,0,2024-11-25,2024-11-25 11:10:00,2024-11-25 11:10:00,JYZ24.csv,224,JYZ24.csv,-5.0,65.03,64.96,324.79999999999995,324.79999999999995,-0.0
45622,6,30,65.16,3,2024-11-26,2024-11-26 06:30:00,2024-11-26 06:30:00,JYZ24.csv,18,JYZ24.csv,3.0,65.205,65.205,195.48,195.615,-0.13500000000001933
45622,8,0,65.415,-2,2024-11-26,2024-11-26 08:00:00,2024-11-26 08:00:00,JYZ24.csv,342,JYZ24.csv,-5.0,65.495,65.495,327.07500000000005,327.475,0.39999999999997726
45622,10,30,65.22,-5,2024-11-26,2024-11-26 10:30:00,2024-11-26 10:30:00,JYZ24.csv,189,JYZ24.csv,-3.0,65.3,65.3,195.66,195.89999999999998,0.23999999999998067
45622,11,10,65.26,-2,2024-11-26,2024-11-26 11:10:00,2024-11-26 11:10:00,JYZ24.csv,152,JYZ24.csv,3.0,65.30499999999999,65.30499999999999,195.78000000000003,195.91499999999996,-0.13499999999993406
45622,11,20,65.23,1,2024-11-26,2024-11-26 11:20:00,2024-11-26 11:20:00,JYZ24.csv,85,JYZ24.csv,3.0,65.30499999999999,65.30499999999999,195.69,195.91499999999996,-0.2249999999999659
45622,11,30,65.25,-2,2024-11-26,2024-11-26 11:30:00,2024-11-26 11:30:00,JYZ24.csv,65,JYZ24.csv,-3.0,65.39,65.39,195.75,196.17000000000002,0.4200000000000159
45622,11,40,65.3,-5,2024-11-26,2024-11-26 11:40:00,2024-11-26 11:40:00,JYZ24.csv,57,JYZ24.csv,-3.0,65.39,65.39,195.89999999999998,196.17000000000002,0.27000000000003865
45623,6,30,66.12,-6,2024-11-27,2024-11-27 06:30:00,2024-11-27 06:30:00,JYZ24.csv,100,JYZ24.csv,-1.0,66.275,66.225,66.12,66.225,0.10499999999998977
45623,9,10,66.245,-2,2024-11-27,2024-11-27 09:10:00,2024-11-27 09:10:00,JYZ24.csv,377,JYZ24.csv,4.0,66.13,66.13,264.98,264.52,0.4600000000000364
45623,9,40,66.215,2,2024-11-27,2024-11-27 09:40:00,2024-11-27 09:40:00,JYZ24.csv,164,JYZ24.csv,4.0,66.13,66.13,264.86,264.52,0.34000000000003183
45623,9,50,66.2,-2,2024-11-27,2024-11-27 09:50:00,2024-11-27 09:50:00,JYZ24.csv,767,JYZ24.csv,-4.0,66.215,66.215,264.8,264.86,0.060000000000002274
45623,10,0,66.235,-6,2024-11-27,2024-11-27 10:00:00,2024-11-27 10:00:00,JYZ24.csv,849,JYZ24.csv,-4.0,66.215,66.215,264.94,264.86,-0.07999999999998408
45623,10,10,66.145,-1,2024-11-27,2024-11-27 10:10:00,2024-11-27 10:10:00,JYZ24.csv,223,JYZ24.csv,5.0,66.21,66.21,330.72499999999997,331.04999999999995,-0.32499999999998863
45623,10,20,66.07,1,2024-11-27,2024-11-27 10:20:00,2024-11-27 10:20:00,JYZ24.csv,342,JYZ24.csv,2.0,66.21,66.21,132.14,132.42,-0.28000000000000114
45623,10,30,66.115,-3,2024-11-27,2024-11-27 10:30:00,2024-11-27 10:30:00,JYZ24.csv,369,JYZ24.csv,-4.0,66.295,66.295,264.46,265.18,0.7200000000000273
45623,10,40,66.185,-6,2024-11-27,2024-11-27 10:40:00,2024-11-27 10:40:00,JYZ24.csv,401,JYZ24.csv,-3.0,66.295,66.295,198.555,198.885,0.3299999999999841
45623,10,50,66.285,-8,2024-11-27,2024-11-27 10:50:00,2024-11-27 10:50:00,JYZ24.csv,656,JYZ24.csv,-2.0,66.295,66.295,132.57,132.59,0.020000000000010232
45623,11,0,66.335,-7,2024-11-27,2024-11-27 11:00:00,2024-11-27 11:00:00,JYZ24.csv,1836,JYZ24.csv,1.0,66.21,66.49,66.335,66.49,-0.15500000000000114
45623,11,10,66.26,0,2024-11-27,2024-11-27 11:10:00,2024-11-27 11:10:00,JYZ24.csv,182,JYZ24.csv,7.0,66.52,66.52,463.82000000000005,465.64,-1.8199999999999363
45623,11,30,66.265,-5,2024-11-27,2024-11-27 11:30:00,2024-11-27 11:30:00,JYZ24.csv,407,JYZ24.csv,-5.0,66.61,66.61,331.325,333.05,1.7250000000000227
45623,12,0,66.515,-7,2024-11-27,2024-11-27 12:00:00,2024-11-27 12:00:00,JYZ24.csv,223,JYZ24.csv,-2.0,66.61,66.47,133.03,132.94,-0.09000000000000341
45623,12,20,66.57,-5,2024-11-27,2024-11-27 12:20:00,2024-11-27 12:20:00,JYZ24.csv,274,JYZ24.csv,2.0,66.46,66.46,133.14,132.92,0.21999999999999886
45624,6,30,65.985,-10,2024-11-28,2024-11-28 06:30:00,2024-11-28 06:30:00,JYZ24.csv,12,JYZ24.csv,-5.0,66.095,66.06,329.925,330.3,0.375
45624,9,0,66.105,-6,2024-11-28,2024-11-28 09:00:00,2024-11-28 09:00:00,JYZ24.csv,39,JYZ24.csv,4.0,66.08,66.125,264.42,264.5,-0.07999999999998408
45624,9,20,66.12,-10,2024-11-28,2024-11-28 09:20:00,2024-11-28 09:20:00,JYZ24.csv,67,JYZ24.csv,-4.0,66.18,66.18,264.48,264.72,0.2400000000000091
45624,10,30,66.165,-5,2024-11-28,2024-11-28 10:30:00,2024-11-28 10:30:00,JYZ24.csv,68,JYZ24.csv,5.0,66.07499999999999,66.13,330.82500000000005,330.65,0.1750000000000682
45624,10,50,66.115,-2,2024-11-28,2024-11-28 10:50:00,2024-11-28 10:50:00,JYZ24.csv,49,JYZ24.csv,3.0,66.07499999999999,66.14,198.34499999999997,198.42000000000002,-0.07500000000004547
45624,11,10,66.13,-5,2024-11-28,2024-11-28 11:10:00,2024-11-28 11:10:00,JYZ24.csv,39,JYZ24.csv,-3.0,66.14,66.14,198.39,198.42000000000002,0.03000000000002956
45625,6,30,66.78,-6,2024-11-29,2024-11-29 06:30:00,2024-11-29 06:30:00,JYZ24.csv,81,JYZ24.csv,-1.0,66.795,66.795,66.78,66.795,0.015000000000000568
45625,8,0,66.72,-1,2024-11-29,2024-11-29 08:00:00,2024-11-29 08:00:00,JYZ24.csv,100,JYZ24.csv,5.0,66.64999999999999,66.805,333.6,334.02500000000003,-0.42500000000001137
45625,10,20,66.74,4,2024-11-29,2024-11-29 10:20:00,2024-11-29 10:20:00,JYZ24.csv,122,JYZ24.csv,5.0,66.61,66.61,333.7,333.05,0.6499999999999773
45625,10,30,66.705,5,2024-11-29,2024-11-29 10:30:00,2024-11-29 10:30:00,JYZ24.csv,231,JYZ24.csv,1.0,66.61,66.61,66.705,66.61,0.09499999999999886
45625,10,40,66.73,0,2024-11-29,2024-11-29 10:40:00,2024-11-29 10:40:00,JYZ24.csv,250,JYZ24.csv,-5.0,66.7,66.7,333.65000000000003,333.5,-0.1500000000000341
45625,10,50,66.675,4,2024-11-29,2024-11-29 10:50:00,2024-11-29 10:50:00,JYZ24.csv,397,JYZ24.csv,4.0,66.61,66.61,266.7,266.44,0.2599999999999909
45625,11,30,66.565,5,2024-11-29,2024-11-29 11:30:00,2024-11-29 11:30:00,JYZ24.csv,371,JYZ24.csv,1.0,66.705,66.705,66.565,66.705,-0.14000000000000057
45625,11,50,66.62,0,2024-11-29,2024-11-29 11:50:00,2024-11-29 11:50:00,JYZ24.csv,114,JYZ24.csv,-5.0,66.79,66.79,333.1,333.95000000000005,0.8500000000000227
45628,9,10,66.77,3,2024-12-02,2024-12-02 09:10:00,2024-12-02 09:10:00,JYZ24.csv,181,JYZ24.csv,3.0,66.695,66.86,200.31,200.57999999999998,-0.2699999999999818
45628,9,20,66.805,6,2024-12-02,2024-12-02 09:20:00,2024-12-02 09:20:00,JYZ24.csv,38,JYZ24.csv,3.0,66.695,66.865,200.41500000000002,200.59499999999997,-0.17999999999994998
45628,9,30,66.79,3,2024-12-02,2024-12-02 09:30:00,2024-12-02 09:30:00,JYZ24.csv,300,JYZ24.csv,-3.0,66.785,66.785,200.37,200.355,-0.01500000000001478
45628,9,40,66.785,0,2024-12-02,2024-12-02 09:40:00,2024-12-02 09:40:00,JYZ24.csv,203,JYZ24.csv,-3.0,66.785,66.785,200.355,200.355,-0.0
45628,10,0,66.74,2,2024-12-02,2024-12-02 10:00:00,2024-12-02 10:00:00,JYZ24.csv,2014,JYZ24.csv,2.0,66.695,66.695,133.48,133.39,0.09000000000000341
45628,10,20,66.86,-3,2024-12-02,2024-12-02 10:20:00,2024-12-02 10:20:00,JYZ24.csv,169,JYZ24.csv,-5.0,66.885,66.885,334.3,334.425,0.125
45628,10,30,66.795,1,2024-12-02,2024-12-02 10:30:00,2024-12-02 10:30:00,JYZ24.csv,370,JYZ24.csv,4.0,66.8,66.8,267.18,267.2,-0.01999999999998181
45628,10,40,66.72,4,2024-12-02,2024-12-02 10:40:00,2024-12-02 10:40:00,JYZ24.csv,187,JYZ24.csv,3.0,66.8,66.8,200.16,200.39999999999998,-0.23999999999998067
45628,10,50,66.795,-1,2024-12-02,2024-12-02 10:50:00,2024-12-02 10:50:00,JYZ24.csv,178,JYZ24.csv,-5.0,66.885,66.885,333.975,334.425,0.44999999999998863
45628,11,10,66.855,0,2024-12-02,2024-12-02 11:10:00,2024-12-02 11:10:00,JYZ24.csv,222,JYZ24.csv,1.0,67.065,67.065,66.855,67.065,-0.20999999999999375
45628,11,30,67.155,-2,2024-12-02,2024-12-02 11:30:00,2024-12-02 11:30:00,JYZ24.csv,498,JYZ24.csv,-2.0,67.155,67.155,134.31,134.31,-0.0
45628,11,50,67.09,0,2024-12-02,2024-12-02 11:50:00,2024-12-02 11:50:00,JYZ24.csv,136,JYZ24.csv,2.0,67.065,67.065,134.18,134.13,0.05000000000001137
45629,6,30,66.855,-2,2024-12-03,2024-12-03 06:30:00,2024-12-03 06:30:00,JYZ24.csv,101,JYZ24.csv,-2.0,66.95,66.85,133.71,133.7,-0.010000000000019327
45629,8,50,67.095,-4,2024-12-03,2024-12-03 08:50:00,2024-12-03 08:50:00,JYZ24.csv,341,JYZ24.csv,-2.0,67.26,67.26,134.19,134.52,0.3300000000000125
45629,9,10,67.285,-2,2024-12-03,2024-12-03 09:10:00,2024-12-03 09:10:00,JYZ24.csv,279,JYZ24.csv,2.0,67.175,67.175,134.57,134.35,0.21999999999999886
45629,9,20,67.21,0,2024-12-03,2024-12-03 09:20:00,2024-12-03 09:20:00,JYZ24.csv,301,JYZ24.csv,2.0,67.175,67.175,134.42,134.35,0.06999999999999318
45629,9,40,67.36,-5,2024-12-03,2024-12-03 09:40:00,2024-12-03 09:40:00,JYZ24.csv,267,JYZ24.csv,-5.0,67.265,67.265,336.8,336.325,-0.47500000000002274
45629,10,0,67.32,-2,2024-12-03,2024-12-03 10:00:00,2024-12-03 10:00:00,JYZ24.csv,2327,JYZ24.csv,3.0,67.175,67.175,201.95999999999998,201.52499999999998,0.4350000000000023
45629,10,10,67.175,2,2024-12-03,2024-12-03 10:10:00,2024-12-03 10:10:00,JYZ24.csv,205,JYZ24.csv,4.0,67.0,67.045,268.7,268.18,0.5199999999999818
45629,10,20,67.21,7,2024-12-03,2024-12-03 10:20:00,2024-12-03 10:20:00,JYZ24.csv,222,JYZ24.csv,5.0,67.0,67.025,336.04999999999995,335.125,0.9249999999999545
45629,10,30,67.3,5,2024-12-03,2024-12-03 10:30:00,2024-12-03 10:30:00,JYZ24.csv,482,JYZ24.csv,-2.0,67.09,67.09,134.6,134.18,-0.4199999999999875
45629,10,40,67.175,2,2024-12-03,2024-12-03 10:40:00,2024-12-03 10:40:00,JYZ24.csv,304,JYZ24.csv,-3.0,67.09,67.09,201.52499999999998,201.27,-0.25499999999996703
45629,11,0,67.155,0,2024-12-03,2024-12-03 11:00:00,2024-12-03 11:00:00,JYZ24.csv,559,JYZ24.csv,-2.0,67.09,67.09,134.31,134.18,-0.12999999999999545
45629,11,10,67.05,4,2024-12-03,2024-12-03 11:10:00,2024-12-03 11:10:00,JYZ24.csv,183,JYZ24.csv,4.0,67.095,67.095,268.2,268.38,-0.18000000000000682
45629,11,30,66.99,0,2024-12-03,2024-12-03 11:30:00,2024-12-03 11:30:00,JYZ24.csv,222,JYZ24.csv,-4.0,67.185,67.185,267.96,268.74,0.7800000000000296
45629,11,40,67.05,-2,2024-12-03,2024-12-03 11:40:00,2024-12-03 11:40:00,JYZ24.csv,187,JYZ24.csv,-2.0,67.185,67.185,134.1,134.37,0.27000000000001023
45629,11,50,67.14,-3,2024-12-03,2024-12-03 11:50:00,2024-12-03 11:50:00,JYZ24.csv,234,JYZ24.csv,-1.0,67.185,67.03,67.14,67.03,-0.10999999999999943
45629,12,0,67.165,-1,2024-12-03,2024-12-03 12:00:00,2024-12-03 12:00:00,JYZ24.csv,159,JYZ24.csv,2.0,67.095,67.095,134.33,134.19,0.14000000000001478
45629,12,10,67.09,0,2024-12-03,2024-12-03 12:10:00,2024-12-03 12:10:00,JYZ24.csv,121,JYZ24.csv,1.0,67.13,67.13,67.09,67.13,-0.03999999999999204
45630,6,30,66.345,-6,2024-12-04,2024-12-04 06:30:00,2024-12-04 06:30:00,JYZ24.csv,85,JYZ24.csv,-6.0,66.375,66.375,398.07,398.25,0.18000000000000682
45630,8,0,66.245,-10,2024-12-04,2024-12-04 08:00:00,2024-12-04 08:00:00,JYZ24.csv,129,JYZ24.csv,-4.0,66.30000000000001,66.30000000000001,264.98,265.20000000000005,0.22000000000002728
45630,9,0,66.29,-6,2024-12-04,2024-12-04 09:00:00,2024-12-04 09:00:00,JYZ24.csv,194,JYZ24.csv,4.0,66.25,66.47,265.16,265.88,-0.7199999999999704
45630,9,20,66.32,-9,2024-12-04,2024-12-04 09:20:00,2024-12-04 09:20:00,JYZ24.csv,102,JYZ24.csv,-3.0,66.54,66.54,198.95999999999998,199.62,0.660000000000025
45630,10,30,66.555,-3,2024-12-04,2024-12-04 10:30:00,2024-12-04 10:30:00,JYZ24.csv,359,JYZ24.csv,6.0,66.59,66.59,399.33000000000004,399.54,-0.20999999999997954
45630,11,10,66.635,-6,2024-12-04,2024-12-04 11:10:00,2024-12-04 11:10:00,JYZ24.csv,132,JYZ24.csv,-3.0,66.68,66.68,199.90500000000003,200.04000000000002,0.1349999999999909
45630,11,50,66.67,-3,2024-12-04,2024-12-04 11:50:00,2024-12-04 11:50:00,JYZ24.csv,71,JYZ24.csv,3.0,66.695,66.695,200.01,200.08499999999998,-0.07499999999998863
45631,11,20,66.67,-6,2024-12-05,2024-12-05 11:20:00,2024-12-05 11:20:00,JYZ24.csv,155,JYZ24.csv,-3.0,66.71000000000001,66.71000000000001,200.01,200.13000000000002,0.12000000000003297
45631,11,40,66.675,-3,2024-12-05,2024-12-05 11:40:00,2024-12-05 11:40:00,JYZ24.csv,192,JYZ24.csv,3.0,66.62,66.69,200.02499999999998,200.07,-0.045000000000015916
45632,8,50,66.665,-5,2024-12-06,2024-12-06 08:50:00,2024-12-06 08:50:00,JYZ24.csv,420,JYZ24.csv,-2.0,66.85,66.85,133.33,133.7,0.3699999999999761
45632,9,10,66.87,-7,2024-12-06,2024-12-06 09:10:00,2024-12-06 09:10:00,JYZ24.csv,692,JYZ24.csv,-2.0,66.85,66.85,133.74,133.7,-0.040000000000020464
45632,9,20,66.83,-2,2024-12-06,2024-12-06 09:20:00,2024-12-06 09:20:00,JYZ24.csv,939,JYZ24.csv,5.0,66.77499999999999,66.77499999999999,334.15,333.87499999999994,0.2750000000000341
45632,9,30,66.96,2,2024-12-06,2024-12-06 09:30:00,2024-12-06 09:30:00,JYZ24.csv,657,JYZ24.csv,4.0,66.71499999999999,66.805,267.84,267.22,0.6199999999999477
45632,9,40,66.86,1,2024-12-06,2024-12-06 09:40:00,2024-12-06 09:40:00,JYZ24.csv,431,JYZ24.csv,-1.0,66.795,66.795,66.86,66.795,-0.06499999999999773
45632,10,0,66.88,-3,2024-12-06,2024-12-06 10:00:00,2024-12-06 10:00:00,JYZ24.csv,1218,JYZ24.csv,-4.0,66.795,66.795,267.52,267.18,-0.339999999999975
45632,10,10,66.81,1,2024-12-06,2024-12-06 10:10:00,2024-12-06 10:10:00,JYZ24.csv,326,JYZ24.csv,4.0,66.71499999999999,66.71499999999999,267.24,266.85999999999996,0.3800000000000523
45632,10,30,66.8,-3,2024-12-06,2024-12-06 10:30:00,2024-12-06 10:30:00,JYZ24.csv,159,JYZ24.csv,-4.0,66.805,66.805,267.2,267.22,0.020000000000038654
45632,11,0,66.79,0,2024-12-06,2024-12-06 11:00:00,2024-12-06 11:00:00,JYZ24.csv,453,JYZ24.csv,3.0,66.715,66.715,200.37,200.145,0.22499999999999432
45632,11,10,66.725,4,2024-12-06,2024-12-06 11:10:00,2024-12-06 11:10:00,JYZ24.csv,191,JYZ24.csv,4.0,66.715,66.715,266.9,266.86,0.03999999999996362
45632,11,30,66.77,0,2024-12-06,2024-12-06 11:30:00,2024-12-06 11:30:00,JYZ24.csv,262,JYZ24.csv,-4.0,66.77,66.77,267.08,267.08,-0.0
45632,13,0,66.75,-3,2024-12-06,2024-12-06 13:00:00,2024-12-06 13:00:00,JYZ24.csv,109,JYZ24.csv,-3.0,66.79,66.725,200.25,200.17499999999998,-0.07500000000001705
45632,16,15,66.745,0,2024-12-06,2024-12-06 16:15:00,2024-12-06 16:15:00,JYZ24.csv,10,JYZ24.csv,3.0,66.705,66.705,200.235,200.115,0.12000000000000455
45635,8,0,66.39,-8,2024-12-09,2024-12-09 08:00:00,2024-12-09 08:00:00,JYZ24.csv,323,JYZ24.csv,-8.0,66.395,66.395,531.12,531.16,0.03999999999996362
45636,8,0,65.93,0,2024-12-10,2024-12-10 08:00:00,2024-12-10 08:00:00,JYZ24.csv,112,JYZ24.csv,8.0,65.89999999999999,66.0,527.44,528.0,-0.5599999999999454
45636,9,10,65.98,-2,2024-12-10,2024-12-10 09:10:00,2024-12-10 09:10:00,JYZ24.csv,82,JYZ24.csv,-2.0,66.035,65.87,131.96,131.74,-0.21999999999999886
45636,9,30,65.94,0,2024-12-10,2024-12-10 09:30:00,2024-12-10 09:30:00,JYZ24.csv,71,JYZ24.csv,2.0,65.83,65.83,131.88,131.66,0.21999999999999886
45636,11,0,65.79,2,2024-12-10,2024-12-10 11:00:00,2024-12-10 11:00:00,JYZ24.csv,323,JYZ24.csv,2.0,65.755,65.82,131.58,131.64,-0.05999999999997385
45636,11,20,65.8,0,2024-12-10,2024-12-10 11:20:00,2024-12-10 11:20:00,JYZ24.csv,25,JYZ24.csv,-2.0,65.86,65.82,131.6,131.64,0.03999999999999204
45637,8,0,65.55,-1,2024-12-11,2024-12-11 08:00:00,2024-12-11 08:00:00,JYZ24.csv,242,JYZ24.csv,-1.0,65.64,65.64,65.55,65.64,0.09000000000000341
45637,9,0,65.715,-2,2024-12-11,2024-12-11 09:00:00,2024-12-11 09:00:00,JYZ24.csv,608,JYZ24.csv,-1.0,65.82000000000001,65.82000000000001,65.715,65.82000000000001,0.10500000000000398
45637,9,40,65.845,-3,2024-12-11,2024-12-11 09:40:00,2024-12-11 09:40:00,JYZ24.csv,168,JYZ24.csv,-1.0,65.69,65.69,65.845,65.69,-0.15500000000000114
45637,10,0,65.77,1,2024-12-11,2024-12-11 10:00:00,2024-12-11 10:00:00,JYZ24.csv,148,JYZ24.csv,4.0,65.6,65.62,263.08,262.48,0.5999999999999659
45637,10,10,65.7,3,2024-12-11,2024-12-11 10:10:00,2024-12-11 10:10:00,JYZ24.csv,99,JYZ24.csv,2.0,65.6,65.6,131.4,131.2,0.20000000000001705
45637,10,20,65.72,0,2024-12-11,2024-12-11 10:20:00,2024-12-11 10:20:00,JYZ24.csv,56,JYZ24.csv,-3.0,65.69,65.69,197.16,197.07,-0.09000000000000341
45637,10,30,65.635,1,2024-12-11,2024-12-11 10:30:00,2024-12-11 10:30:00,JYZ24.csv,226,JYZ24.csv,1.0,65.6,65.6,65.635,65.6,0.0350000000000108
45637,10,50,65.63,-2,2024-12-11,2024-12-11 10:50:00,2024-12-11 10:50:00,JYZ24.csv,245,JYZ24.csv,-3.0,65.665,65.665,196.89,196.995,0.10500000000001819
45637,11,40,65.675,-4,2024-12-11,2024-12-11 11:40:00,2024-12-11 11:40:00,JYZ24.csv,52,JYZ24.csv,-2.0,65.655,65.655,131.35,131.31,-0.03999999999999204
45637,12,0,65.68,-2,2024-12-11,2024-12-11 12:00:00,2024-12-11 12:00:00,JYZ24.csv,141,JYZ24.csv,2.0,65.565,65.63,131.36,131.26,0.10000000000002274
45638,8,0,65.685,3,2024-12-12,2024-12-12 08:00:00,2024-12-12 08:00:00,JYZ24.csv,116,JYZ24.csv,5.0,65.82,65.82,328.425,329.09999999999997,-0.6749999999999545
45638,9,0,65.79,0,2024-12-12,2024-12-12 09:00:00,2024-12-12 09:00:00,JYZ24.csv,166,JYZ24.csv,-3.0,65.705,65.705,197.37,197.115,-0.25499999999999545
45638,9,20,65.75,4,2024-12-12,2024-12-12 09:20:00,2024-12-12 09:20:00,JYZ24.csv,219,JYZ24.csv,4.0,65.615,65.69,263.0,262.76,0.2400000000000091
45638,9,30,65.685,1,2024-12-12,2024-12-12 09:30:00,2024-12-12 09:30:00,JYZ24.csv,298,JYZ24.csv,-3.0,65.705,65.705,197.055,197.115,0.060000000000002274
45638,9,40,65.66,2,2024-12-12,2024-12-12 09:40:00,2024-12-12 09:40:00,JYZ24.csv,126,JYZ24.csv,1.0,65.615,65.72,65.66,65.72,-0.060000000000002274
45638,9,50,65.69,5,2024-12-12,2024-12-12 09:50:00,2024-12-12 09:50:00,JYZ24.csv,190,JYZ24.csv,3.0,65.685,65.685,197.07,197.055,0.014999999999986358
45638,10,0,65.7,0,2024-12-12,2024-12-12 10:00:00,2024-12-12 10:00:00,JYZ24.csv,261,JYZ24.csv,-5.0,65.775,65.685,328.5,328.425,-0.07499999999998863
45638,10,50,65.67,2,2024-12-12,2024-12-12 10:50:00,2024-12-12 10:50:00,JYZ24.csv,75,JYZ24.csv,2.0,65.66,65.66,131.34,131.32,0.020000000000010232
45638,11,10,65.715,0,2024-12-12,2024-12-12 11:10:00,2024-12-12 11:10:00,JYZ24.csv,66,JYZ24.csv,-2.0,65.75,65.75,131.43,131.5,0.06999999999999318
45638,11,20,65.73,-3,2024-12-12,2024-12-12 11:20:00,2024-12-12 11:20:00,JYZ24.csv,35,JYZ24.csv,-3.0,65.75,65.75,197.19,197.25,0.060000000000002274
45638,11,40,65.705,0,2024-12-12,2024-12-12 11:40:00,2024-12-12 11:40:00,JYZ24.csv,46,JYZ24.csv,3.0,65.66,65.68,197.115,197.04000000000002,0.07499999999998863
45638,12,0,65.775,-3,2024-12-12,2024-12-12 12:00:00,2024-12-12 12:00:00,JYZ24.csv,41,JYZ24.csv,-3.0,65.72500000000001,65.72500000000001,197.32500000000002,197.175,-0.15000000000000568
45638,12,20,65.725,0,2024-12-12,2024-12-12 12:20:00,2024-12-12 12:20:00,JYZ24.csv,228,JYZ24.csv,3.0,65.635,65.635,197.17499999999998,196.90500000000003,0.2699999999999534
45639,6,30,65.855,-2,2024-12-13,2024-12-13 06:30:00,2024-12-13 06:30:00,JYZ24.csv,35,JYZ24.csv,-2.0,65.215,65.195,131.71,130.39,-1.3200000000000216
45639,10,30,65.835,0,2024-12-13,2024-12-13 10:30:00,2024-12-13 10:30:00,JYZ24.csv,4,JYZ24.csv,2.0,65.03,65.075,131.67,130.15,1.5199999999999818
45642,8,0,65.62,1,2024-12-16,2024-12-16 08:00:00,2024-12-16 08:00:00,JYZ24.csv,1,JYZ24.csv,1.0,65.02499999999999,64.93,65.62,64.93,0.6899999999999977
45642,9,0,65.645,0,2024-12-16,2024-12-16 09:00:00,2024-12-16 09:00:00,JYZ24.csv,1,JYZ24.csv,-1.0,65.1,64.79,65.645,64.79,-0.8549999999999898
45642,9,20,65.575,2,2024-12-16,2024-12-16 09:20:00,2024-12-16 09:20:00,JYZ24.csv,9,JYZ24.csv,2.0,65.02499999999999,64.755,131.15,129.51,1.6400000000000148
45642,9,40,65.58,0,2024-12-16,2024-12-16 09:40:00,2024-12-16 09:40:00,JYZ24.csv,4,JYZ24.csv,-2.0,65.1,64.755,131.16,129.51,-1.6500000000000057
