day,hour,min,price,inventory,date,timestamp,minute,main_contract,main_volume,main_contract_clean,signal,opti_price,filled_price,benchmark_amount,amount,slippage
43832,2,30,8795.0,3,2020-01-02,2020-01-02 02:30:00,2020-01-02 02:30:00,NQH20.csv,48,NQH20.csv,3.0,8794.5,8794.5,26385.0,26383.5,1.5
43832,9,15,8821.25,-2,2020-01-02,2020-01-02 09:15:00,2020-01-02 09:15:00,NQH20.csv,195,NQH20.csv,-5.0,8823.75,8823.75,44106.25,44118.75,12.5
43832,10,0,8849.0,2,2020-01-02,2020-01-02 10:00:00,2020-01-02 10:00:00,NQH20.csv,1564,NQH20.csv,4.0,8841.75,8841.75,35396.0,35367.0,29.0
43832,10,15,8823.0,8,2020-01-02,2020-01-02 10:15:00,2020-01-02 10:15:00,NQH20.csv,4164,NQH20.csv,6.0,8811.75,8811.75,52938.0,52870.5,67.5
43832,10,45,8816.75,7,2020-01-02,2020-01-02 10:45:00,2020-01-02 10:45:00,NQH20.csv,1380,NQH20.csv,-1.0,8819.5,8819.5,8816.75,8819.5,2.75
43832,11,45,8819.75,9,2020-01-02,2020-01-02 11:45:00,2020-01-02 11:45:00,NQH20.csv,821,NQH20.csv,2.0,8819.25,8819.25,17639.5,17638.5,1.0
43832,12,0,8829.5,11,2020-01-02,2020-01-02 12:00:00,2020-01-02 12:00:00,NQH20.csv,520,NQH20.csv,2.0,8828.75,8828.75,17659.0,17657.5,1.5
43832,12,10,8830.5,10,2020-01-02,2020-01-02 12:10:00,2020-01-02 12:10:00,NQH20.csv,308,NQH20.csv,-1.0,8831.75,8831.75,8830.5,8831.75,1.25
43832,12,15,8830.75,8,2020-01-02,2020-01-02 12:15:00,2020-01-02 12:15:00,NQH20.csv,636,NQH20.csv,-2.0,8831.5,8831.5,17661.5,17663.0,1.5
43832,14,0,8844.25,4,2020-01-02,2020-01-02 14:00:00,2020-01-02 14:00:00,NQH20.csv,555,NQH20.csv,-4.0,8845.5,8845.5,35377.0,35382.0,5.0
43832,14,30,8857.0,-1,2020-01-02,2020-01-02 14:30:00,2020-01-02 14:30:00,NQH20.csv,583,NQH20.csv,-5.0,8857.0,8857.0,44285.0,44285.0,-0.0
43832,15,30,8865.75,0,2020-01-02,2020-01-02 15:30:00,2020-01-02 15:30:00,NQH20.csv,818,NQH20.csv,1.0,8864.5,8864.5,8865.75,8864.5,1.25
43832,16,0,8888.25,3,2020-01-02,2020-01-02 16:00:00,2020-01-02 16:00:00,NQH20.csv,2723,NQH20.csv,3.0,8884.5,8884.5,26664.75,26653.5,11.25
43833,2,30,8823.25,6,2020-01-03,2020-01-03 02:30:00,2020-01-03 02:30:00,NQH20.csv,172,NQH20.csv,3.0,8823.0,8823.0,26469.75,26469.0,0.75
43833,5,45,8766.25,9,2020-01-03,2020-01-03 05:45:00,2020-01-03 05:45:00,NQH20.csv,303,NQH20.csv,3.0,8765.75,8765.75,26298.75,26297.25,1.5
43833,6,15,8752.0,6,2020-01-03,2020-01-03 06:15:00,2020-01-03 06:15:00,NQH20.csv,249,NQH20.csv,-3.0,8752.25,8752.25,26256.0,26256.75,0.75
43833,7,30,8772.75,0,2020-01-03,2020-01-03 07:30:00,2020-01-03 07:30:00,NQH20.csv,280,NQH20.csv,-6.0,8773.5,8773.5,52636.5,52641.0,4.5
43833,8,0,8776.75,6,2020-01-03,2020-01-03 08:00:00,2020-01-03 08:00:00,NQH20.csv,420,NQH20.csv,6.0,8776.25,8776.25,52660.5,52657.5,3.0
43833,9,15,8782.25,7,2020-01-03,2020-01-03 09:15:00,2020-01-03 09:15:00,NQH20.csv,540,NQH20.csv,1.0,8781.75,8783.75,8782.25,8783.75,-1.5
43833,10,15,8825.5,6,2020-01-03,2020-01-03 10:15:00,2020-01-03 10:15:00,NQH20.csv,1832,NQH20.csv,-1.0,8826.25,8826.25,8825.5,8826.25,0.75
43833,10,30,8829.0,11,2020-01-03,2020-01-03 10:30:00,2020-01-03 10:30:00,NQH20.csv,786,NQH20.csv,5.0,8828.5,8828.5,44145.0,44142.5,2.5
43833,11,20,8817.0,10,2020-01-03,2020-01-03 11:20:00,2020-01-03 11:20:00,NQH20.csv,588,NQH20.csv,-1.0,8817.5,8817.5,8817.0,8817.5,0.5
43833,11,45,8829.5,11,2020-01-03,2020-01-03 11:45:00,2020-01-03 11:45:00,NQH20.csv,693,NQH20.csv,1.0,8829.0,8829.0,8829.5,8829.0,0.5
43833,12,5,8847.0,9,2020-01-03,2020-01-03 12:05:00,2020-01-03 12:05:00,NQH20.csv,2045,NQH20.csv,-2.0,8847.75,8847.75,17694.0,17695.5,1.5
43833,12,30,8844.75,4,2020-01-03,2020-01-03 12:30:00,2020-01-03 12:30:00,NQH20.csv,511,NQH20.csv,-5.0,8845.5,8845.5,44223.75,44227.5,3.75
43833,14,0,8833.5,8,2020-01-03,2020-01-03 14:00:00,2020-01-03 14:00:00,NQH20.csv,602,NQH20.csv,4.0,8833.0,8833.0,35334.0,35332.0,2.0
43833,14,30,8827.25,6,2020-01-03,2020-01-03 14:30:00,2020-01-03 14:30:00,NQH20.csv,348,NQH20.csv,-2.0,8827.75,8827.75,17654.5,17655.5,1.0
43833,15,0,8840.25,10,2020-01-03,2020-01-03 15:00:00,2020-01-03 15:00:00,NQH20.csv,461,NQH20.csv,4.0,8839.75,8839.75,35361.0,35359.0,2.0
43833,15,30,8827.5,11,2020-01-03,2020-01-03 15:30:00,2020-01-03 15:30:00,NQH20.csv,912,NQH20.csv,1.0,8827.0,8827.0,8827.5,8827.0,0.5
43833,15,40,8819.5,9,2020-01-03,2020-01-03 15:40:00,2020-01-03 15:40:00,NQH20.csv,1027,NQH20.csv,-2.0,8820.0,8820.0,17639.0,17640.0,1.0
43833,16,0,8810.75,6,2020-01-03,2020-01-03 16:00:00,2020-01-03 16:00:00,NQH20.csv,2613,NQH20.csv,-3.0,8811.25,8811.25,26432.25,26433.75,1.5
43833,16,15,8809.75,0,2020-01-03,2020-01-03 16:15:00,2020-01-03 16:15:00,NQH20.csv,776,NQH20.csv,-6.0,8810.25,8810.0,52858.5,52860.0,1.5
43836,2,30,8776.0,4,2020-01-06,2020-01-06 02:30:00,2020-01-06 02:30:00,NQH20.csv,1556,NQH20.csv,4.0,8775.75,8782.0,35104.0,35128.0,-24.0
43836,4,30,8727.75,10,2020-01-06,2020-01-06 04:30:00,2020-01-06 04:30:00,NQH20.csv,534,NQH20.csv,6.0,8727.25,8727.25,52366.5,52363.5,3.0
43836,6,0,8747.25,8,2020-01-06,2020-01-06 06:00:00,2020-01-06 06:00:00,NQH20.csv,94,NQH20.csv,-2.0,8747.75,8747.75,17494.5,17495.5,1.0
43836,8,0,8760.5,10,2020-01-06,2020-01-06 08:00:00,2020-01-06 08:00:00,NQH20.csv,402,NQH20.csv,2.0,8760.25,8760.25,17521.0,17520.5,0.5
43836,9,15,8753.75,11,2020-01-06,2020-01-06 09:15:00,2020-01-06 09:15:00,NQH20.csv,219,NQH20.csv,1.0,8753.25,8753.25,8753.75,8753.25,0.5
43836,9,20,8749.0,10,2020-01-06,2020-01-06 09:20:00,2020-01-06 09:20:00,NQH20.csv,171,NQH20.csv,-1.0,8749.25,8745.5,8749.0,8745.5,-3.5
43836,9,45,8775.0,9,2020-01-06,2020-01-06 09:45:00,2020-01-06 09:45:00,NQH20.csv,1592,NQH20.csv,-1.0,8775.75,8775.75,8775.0,8775.75,0.75
43836,10,0,8798.25,11,2020-01-06,2020-01-06 10:00:00,2020-01-06 10:00:00,NQH20.csv,1905,NQH20.csv,2.0,8797.75,8797.75,17596.5,17595.5,1.0
43836,10,5,8800.25,8,2020-01-06,2020-01-06 10:05:00,2020-01-06 10:05:00,NQH20.csv,990,NQH20.csv,-3.0,8801.0,8801.0,26400.75,26403.0,2.25
43836,10,15,8806.75,9,2020-01-06,2020-01-06 10:15:00,2020-01-06 10:15:00,NQH20.csv,880,NQH20.csv,1.0,8806.5,8806.5,8806.75,8806.5,0.25
43836,12,0,8823.25,11,2020-01-06,2020-01-06 12:00:00,2020-01-06 12:00:00,NQH20.csv,886,NQH20.csv,2.0,8822.75,8822.75,17646.5,17645.5,1.0
43836,12,5,8815.75,9,2020-01-06,2020-01-06 12:05:00,2020-01-06 12:05:00,NQH20.csv,350,NQH20.csv,-2.0,8816.5,8816.5,17631.5,17633.0,1.5
43836,12,15,8813.25,11,2020-01-06,2020-01-06 12:15:00,2020-01-06 12:15:00,NQH20.csv,670,NQH20.csv,2.0,8812.75,8812.75,17626.5,17625.5,1.0
43836,12,45,8823.25,9,2020-01-06,2020-01-06 12:45:00,2020-01-06 12:45:00,NQH20.csv,476,NQH20.csv,-2.0,8824.0,8824.0,17646.5,17648.0,1.5
43836,13,0,8822.5,3,2020-01-06,2020-01-06 13:00:00,2020-01-06 13:00:00,NQH20.csv,354,NQH20.csv,-6.0,8823.25,8823.25,52935.0,52939.5,4.5
43836,13,30,8834.25,9,2020-01-06,2020-01-06 13:30:00,2020-01-06 13:30:00,NQH20.csv,240,NQH20.csv,6.0,8833.75,8833.75,53005.5,53002.5,3.0
43836,14,0,8830.75,11,2020-01-06,2020-01-06 14:00:00,2020-01-06 14:00:00,NQH20.csv,982,NQH20.csv,2.0,8830.5,8830.5,17661.5,17661.0,0.5
43836,15,5,8838.75,9,2020-01-06,2020-01-06 15:05:00,2020-01-06 15:05:00,NQH20.csv,543,NQH20.csv,-2.0,8839.0,8839.0,17677.5,17678.0,0.5
43836,15,30,8843.25,10,2020-01-06,2020-01-06 15:30:00,2020-01-06 15:30:00,NQH20.csv,1004,NQH20.csv,1.0,8843.0,8843.0,8843.25,8843.0,0.25
43836,15,45,8851.0,2,2020-01-06,2020-01-06 15:45:00,2020-01-06 15:45:00,NQH20.csv,937,NQH20.csv,-8.0,8851.25,8851.25,70808.0,70810.0,2.0
43836,16,0,8865.0,10,2020-01-06,2020-01-06 16:00:00,2020-01-06 16:00:00,NQH20.csv,2060,NQH20.csv,8.0,8864.75,8864.75,70920.0,70918.0,2.0
43837,2,30,8866.0,5,2020-01-07,2020-01-07 02:30:00,2020-01-07 02:30:00,NQH20.csv,936,NQH20.csv,-5.0,8860.75,8860.75,44330.0,44303.75,-26.25
43837,6,0,8875.5,1,2020-01-07,2020-01-07 06:00:00,2020-01-07 06:00:00,NQH20.csv,145,NQH20.csv,-4.0,8878.25,8878.25,35502.0,35513.0,11.0
43837,7,15,8874.75,5,2020-01-07,2020-01-07 07:15:00,2020-01-07 07:15:00,NQH20.csv,223,NQH20.csv,4.0,8871.5,8871.5,35499.0,35486.0,13.0
43837,7,45,8878.25,1,2020-01-07,2020-01-07 07:45:00,2020-01-07 07:45:00,NQH20.csv,109,NQH20.csv,-4.0,8876.25,8876.25,35513.0,35505.0,-8.0
43837,8,0,8880.5,5,2020-01-07,2020-01-07 08:00:00,2020-01-07 08:00:00,NQH20.csv,406,NQH20.csv,4.0,8873.0,8873.0,35522.0,35492.0,30.0
43837,9,15,8861.75,1,2020-01-07,2020-01-07 09:15:00,2020-01-07 09:15:00,NQH20.csv,321,NQH20.csv,-4.0,8859.5,8859.5,35447.0,35438.0,-9.0
43837,10,0,8859.5,3,2020-01-07,2020-01-07 10:00:00,2020-01-07 10:00:00,NQH20.csv,3138,NQH20.csv,2.0,8865.5,8865.5,17719.0,17731.0,-12.0
43837,10,15,8872.75,7,2020-01-07,2020-01-07 10:15:00,2020-01-07 10:15:00,NQH20.csv,2012,NQH20.csv,4.0,8870.25,8870.25,35491.0,35481.0,10.0
43837,11,0,8876.5,8,2020-01-07,2020-01-07 11:00:00,2020-01-07 11:00:00,NQH20.csv,1591,NQH20.csv,1.0,8884.0,8884.0,8876.5,8884.0,-7.5
43837,11,30,8884.0,7,2020-01-07,2020-01-07 11:30:00,2020-01-07 11:30:00,NQH20.csv,802,NQH20.csv,-1.0,8876.5,8876.5,8884.0,8876.5,-7.5
43837,12,0,8869.25,10,2020-01-07,2020-01-07 12:00:00,2020-01-07 12:00:00,NQH20.csv,348,NQH20.csv,3.0,8871.5,8871.5,26607.75,26614.5,-6.75
43837,14,0,8884.5,8,2020-01-07,2020-01-07 14:00:00,2020-01-07 14:00:00,NQH20.csv,835,NQH20.csv,-2.0,8876.25,8876.25,17769.0,17752.5,-16.5
43837,14,15,8866.5,10,2020-01-07,2020-01-07 14:15:00,2020-01-07 14:15:00,NQH20.csv,932,NQH20.csv,2.0,8862.5,8862.5,17733.0,17725.0,8.0
43837,14,45,8867.5,8,2020-01-07,2020-01-07 14:45:00,2020-01-07 14:45:00,NQH20.csv,254,NQH20.csv,-2.0,8870.5,8870.5,17735.0,17741.0,6.0
43837,15,0,8871.25,3,2020-01-07,2020-01-07 15:00:00,2020-01-07 15:00:00,NQH20.csv,681,NQH20.csv,-5.0,8870.75,8870.75,44356.25,44353.75,-2.5
43837,16,0,8861.0,5,2020-01-07,2020-01-07 16:00:00,2020-01-07 16:00:00,NQH20.csv,2105,NQH20.csv,2.0,8856.5,8856.5,17722.0,17713.0,9.0
43838,2,30,8821.75,0,2020-01-08,2020-01-08 02:30:00,2020-01-08 02:30:00,NQH20.csv,996,NQH20.csv,-5.0,8829.5,8829.5,44108.75,44147.5,38.75
43838,5,45,8854.75,-5,2020-01-08,2020-01-08 05:45:00,2020-01-08 05:45:00,NQH20.csv,299,NQH20.csv,-5.0,8856.75,8856.75,44273.75,44283.75,10.0
43838,6,0,8867.25,-7,2020-01-08,2020-01-08 06:00:00,2020-01-08 06:00:00,NQH20.csv,235,NQH20.csv,-2.0,8869.0,8869.0,17734.5,17738.0,3.5
43838,6,15,8862.25,-2,2020-01-08,2020-01-08 06:15:00,2020-01-08 06:15:00,NQH20.csv,152,NQH20.csv,5.0,8861.25,8861.25,44311.25,44306.25,5.0
43838,6,45,8876.0,-7,2020-01-08,2020-01-08 06:45:00,2020-01-08 06:45:00,NQH20.csv,47,NQH20.csv,-5.0,8878.25,8878.25,44380.0,44391.25,11.25
43838,7,15,8869.0,-2,2020-01-08,2020-01-08 07:15:00,2020-01-08 07:15:00,NQH20.csv,123,NQH20.csv,5.0,8867.5,8867.5,44345.0,44337.5,7.5
43838,8,0,8875.25,0,2020-01-08,2020-01-08 08:00:00,2020-01-08 08:00:00,NQH20.csv,279,NQH20.csv,2.0,8872.0,8872.0,17750.5,17744.0,6.5
43838,10,30,8882.5,3,2020-01-08,2020-01-08 10:30:00,2020-01-08 10:30:00,NQH20.csv,1274,NQH20.csv,3.0,8883.5,8883.5,26647.5,26650.5,-3.0
43838,10,45,8873.25,5,2020-01-08,2020-01-08 10:45:00,2020-01-08 10:45:00,NQH20.csv,801,NQH20.csv,2.0,8872.0,8872.0,17746.5,17744.0,2.5
43838,11,15,8882.0,3,2020-01-08,2020-01-08 11:15:00,2020-01-08 11:15:00,NQH20.csv,651,NQH20.csv,-2.0,8887.0,8887.0,17764.0,17774.0,10.0
43838,11,45,8932.0,-3,2020-01-08,2020-01-08 11:45:00,2020-01-08 11:45:00,NQH20.csv,1998,NQH20.csv,-6.0,8928.0,8928.0,53592.0,53568.0,-24.0
43838,12,0,8926.75,2,2020-01-08,2020-01-08 12:00:00,2020-01-08 12:00:00,NQH20.csv,1490,NQH20.csv,5.0,8931.5,8931.5,44633.75,44657.5,-23.75
43838,12,15,8927.75,8,2020-01-08,2020-01-08 12:15:00,2020-01-08 12:15:00,NQH20.csv,602,NQH20.csv,6.0,8931.0,8931.0,53566.5,53586.0,-19.5
43838,12,30,8938.5,5,2020-01-08,2020-01-08 12:30:00,2020-01-08 12:30:00,NQH20.csv,633,NQH20.csv,-3.0,8940.0,8940.0,26815.5,26820.0,4.5
43838,14,0,8934.25,7,2020-01-08,2020-01-08 14:00:00,2020-01-08 14:00:00,NQH20.csv,824,NQH20.csv,2.0,8939.0,8939.0,17868.5,17878.0,-9.5
43838,14,30,8941.5,9,2020-01-08,2020-01-08 14:30:00,2020-01-08 14:30:00,NQH20.csv,403,NQH20.csv,2.0,8938.25,8938.25,17883.0,17876.5,6.5
43838,15,30,8970.5,5,2020-01-08,2020-01-08 15:30:00,2020-01-08 15:30:00,NQH20.csv,732,NQH20.csv,-4.0,8968.0,8968.0,35882.0,35872.0,-10.0
43838,16,0,8931.25,0,2020-01-08,2020-01-08 16:00:00,2020-01-08 16:00:00,NQH20.csv,3101,NQH20.csv,-5.0,8937.0,8937.0,44656.25,44685.0,28.75
43839,2,30,8983.5,3,2020-01-09,2020-01-09 02:30:00,2020-01-09 02:30:00,NQH20.csv,304,NQH20.csv,3.0,8983.0,8983.0,26950.5,26949.0,1.5
43839,10,30,9005.25,6,2020-01-09,2020-01-09 10:30:00,2020-01-09 10:30:00,NQH20.csv,698,NQH20.csv,3.0,9006.75,9006.75,27015.75,27020.25,-4.5
43839,12,0,9007.5,9,2020-01-09,2020-01-09 12:00:00,2020-01-09 12:00:00,NQH20.csv,401,NQH20.csv,3.0,9006.5,9006.5,27022.5,27019.5,3.0
43839,12,30,8982.75,6,2020-01-09,2020-01-09 12:30:00,2020-01-09 12:30:00,NQH20.csv,695,NQH20.csv,-3.0,8981.25,8981.25,26948.25,26943.75,-4.5
43839,12,45,8956.25,9,2020-01-09,2020-01-09 12:45:00,2020-01-09 12:45:00,NQH20.csv,1375,NQH20.csv,3.0,8961.5,8961.5,26868.75,26884.5,-15.75
43839,13,0,8980.25,3,2020-01-09,2020-01-09 13:00:00,2020-01-09 13:00:00,NQH20.csv,1156,NQH20.csv,-6.0,8979.25,8979.25,53881.5,53875.5,-6.0
43839,13,15,8984.5,0,2020-01-09,2020-01-09 13:15:00,2020-01-09 13:15:00,NQH20.csv,531,NQH20.csv,-3.0,8986.25,8986.25,26953.5,26958.75,5.25
43839,13,30,8986.0,6,2020-01-09,2020-01-09 13:30:00,2020-01-09 13:30:00,NQH20.csv,681,NQH20.csv,6.0,8985.5,8985.5,53916.0,53913.0,3.0
43839,15,0,8997.75,0,2020-01-09,2020-01-09 15:00:00,2020-01-09 15:00:00,NQH20.csv,800,NQH20.csv,-6.0,8996.25,8996.25,53986.5,53977.5,-9.0
43839,15,45,8997.75,4,2020-01-09,2020-01-09 15:45:00,2020-01-09 15:45:00,NQH20.csv,668,NQH20.csv,4.0,8995.25,8995.25,35991.0,35981.0,10.0
43839,16,0,9004.75,3,2020-01-09,2020-01-09 16:00:00,2020-01-09 16:00:00,NQH20.csv,1933,NQH20.csv,-1.0,9005.25,9005.25,9004.75,9005.25,0.5
43840,2,30,9038.0,5,2020-01-10,2020-01-10 02:30:00,2020-01-10 02:30:00,NQH20.csv,50,NQH20.csv,2.0,9038.5,9038.5,18076.0,18077.0,-1.0
43840,9,45,9017.25,6,2020-01-10,2020-01-10 09:45:00,2020-01-10 09:45:00,NQH20.csv,2353,NQH20.csv,1.0,9014.0,9014.0,9017.25,9014.0,3.25
43840,10,0,9031.0,7,2020-01-10,2020-01-10 10:00:00,2020-01-10 10:00:00,NQH20.csv,1038,NQH20.csv,1.0,9030.0,9030.0,9031.0,9030.0,1.0
43840,10,15,9028.5,6,2020-01-10,2020-01-10 10:15:00,2020-01-10 10:15:00,NQH20.csv,1083,NQH20.csv,-1.0,9031.25,9031.25,9028.5,9031.25,2.75
43840,11,45,9017.75,9,2020-01-10,2020-01-10 11:45:00,2020-01-10 11:45:00,NQH20.csv,1594,NQH20.csv,3.0,9016.0,9016.0,27053.25,27048.0,5.25
43840,12,15,8998.25,6,2020-01-10,2020-01-10 12:15:00,2020-01-10 12:15:00,NQH20.csv,1418,NQH20.csv,-3.0,8996.25,8996.25,26994.75,26988.75,-6.0
43840,12,30,9006.75,0,2020-01-10,2020-01-10 12:30:00,2020-01-10 12:30:00,NQH20.csv,922,NQH20.csv,-6.0,9005.25,9005.25,54040.5,54031.5,-9.0
43840,12,45,9008.5,5,2020-01-10,2020-01-10 12:45:00,2020-01-10 12:45:00,NQH20.csv,826,NQH20.csv,5.0,9007.75,9007.75,45042.5,45038.75,3.75
43840,13,0,9006.0,11,2020-01-10,2020-01-10 13:00:00,2020-01-10 13:00:00,NQH20.csv,345,NQH20.csv,6.0,9004.5,9004.5,54036.0,54027.0,9.0
43840,13,15,9019.25,6,2020-01-10,2020-01-10 13:15:00,2020-01-10 13:15:00,NQH20.csv,551,NQH20.csv,-5.0,9017.25,9017.25,45096.25,45086.25,-10.0
43840,14,0,9013.25,7,2020-01-10,2020-01-10 14:00:00,2020-01-10 14:00:00,NQH20.csv,526,NQH20.csv,1.0,9011.25,9011.25,9013.25,9011.25,2.0
43840,14,30,8998.25,9,2020-01-10,2020-01-10 14:30:00,2020-01-10 14:30:00,NQH20.csv,388,NQH20.csv,2.0,8996.5,8996.5,17996.5,17993.0,3.5
43840,16,0,8982.5,5,2020-01-10,2020-01-10 16:00:00,2020-01-10 16:00:00,NQH20.csv,2108,NQH20.csv,-4.0,8981.25,8981.25,35930.0,35925.0,-5.0
43840,16,15,8980.0,0,2020-01-10,2020-01-10 16:15:00,2020-01-10 16:15:00,NQH20.csv,727,NQH20.csv,-5.0,8980.75,8979.75,44900.0,44898.75,-1.25
43843,2,30,9008.0,6,2020-01-13,2020-01-13 02:30:00,2020-01-13 02:30:00,NQH20.csv,34,NQH20.csv,6.0,9008.0,9008.0,54048.0,54048.0,0.0
43843,4,30,9016.0,10,2020-01-13,2020-01-13 04:30:00,2020-01-13 04:30:00,NQH20.csv,150,NQH20.csv,4.0,9015.75,9015.75,36064.0,36063.0,1.0
43843,7,0,9008.0,11,2020-01-13,2020-01-13 07:00:00,2020-01-13 07:00:00,NQH20.csv,267,NQH20.csv,1.0,9007.75,9007.75,9008.0,9007.75,0.25
43843,7,5,9010.25,9,2020-01-13,2020-01-13 07:05:00,2020-01-13 07:05:00,NQH20.csv,170,NQH20.csv,-2.0,9010.5,9010.5,18020.5,18021.0,0.5
43843,7,30,9014.5,10,2020-01-13,2020-01-13 07:30:00,2020-01-13 07:30:00,NQH20.csv,68,NQH20.csv,1.0,9014.25,9014.25,9014.5,9014.25,0.25
43843,10,0,9033.75,9,2020-01-13,2020-01-13 10:00:00,2020-01-13 10:00:00,NQH20.csv,1168,NQH20.csv,-1.0,9034.25,9034.25,9033.75,9034.25,0.5
43843,12,0,9058.0,11,2020-01-13,2020-01-13 12:00:00,2020-01-13 12:00:00,NQH20.csv,1709,NQH20.csv,2.0,9057.5,9060.25,18116.0,18120.5,-4.5
43843,12,5,9061.75,10,2020-01-13,2020-01-13 12:05:00,2020-01-13 12:05:00,NQH20.csv,779,NQH20.csv,-1.0,9062.25,9062.25,9061.75,9062.25,0.5
43843,14,0,9065.0,11,2020-01-13,2020-01-13 14:00:00,2020-01-13 14:00:00,NQH20.csv,398,NQH20.csv,1.0,9064.75,9064.75,9065.0,9064.75,0.25
43843,15,35,9073.0,9,2020-01-13,2020-01-13 15:35:00,2020-01-13 15:35:00,NQH20.csv,323,NQH20.csv,-2.0,9073.25,9073.25,18146.0,18146.5,0.5
43843,16,0,9085.0,10,2020-01-13,2020-01-13 16:00:00,2020-01-13 16:00:00,NQH20.csv,1634,NQH20.csv,1.0,9084.75,9084.75,9085.0,9084.75,0.25
43844,2,30,9078.5,2,2020-01-14,2020-01-14 02:30:00,2020-01-14 02:30:00,NQH20.csv,67,NQH20.csv,-8.0,9079.25,9079.25,72628.0,72634.0,6.0
43844,6,0,9076.25,8,2020-01-14,2020-01-14 06:00:00,2020-01-14 06:00:00,NQH20.csv,178,NQH20.csv,6.0,9076.75,9076.75,54457.5,54460.5,-3.0
43844,8,0,9078.0,2,2020-01-14,2020-01-14 08:00:00,2020-01-14 08:00:00,NQH20.csv,176,NQH20.csv,-6.0,9084.5,9084.5,54468.0,54507.0,39.0
43844,9,15,9082.5,-1,2020-01-14,2020-01-14 09:15:00,2020-01-14 09:15:00,NQH20.csv,174,NQH20.csv,-3.0,9088.0,9088.0,27247.5,27264.0,16.5
43844,9,45,9061.5,1,2020-01-14,2020-01-14 09:45:00,2020-01-14 09:45:00,NQH20.csv,1979,NQH20.csv,2.0,9059.5,9059.5,18123.0,18119.0,4.0
43844,10,0,9041.75,3,2020-01-14,2020-01-14 10:00:00,2020-01-14 10:00:00,NQH20.csv,3692,NQH20.csv,2.0,9053.25,9053.25,18083.5,18106.5,-23.0
43844,10,15,9069.0,4,2020-01-14,2020-01-14 10:15:00,2020-01-14 10:15:00,NQH20.csv,1383,NQH20.csv,1.0,9069.75,9069.75,9069.0,9069.75,-0.75
43844,12,0,9077.0,7,2020-01-14,2020-01-14 12:00:00,2020-01-14 12:00:00,NQH20.csv,566,NQH20.csv,3.0,9077.0,9077.0,27231.0,27231.0,0.0
43844,15,0,9060.5,1,2020-01-14,2020-01-14 15:00:00,2020-01-14 15:00:00,NQH20.csv,1042,NQH20.csv,-6.0,9061.0,9061.0,54363.0,54366.0,3.0
43844,15,45,9060.75,4,2020-01-14,2020-01-14 15:45:00,2020-01-14 15:45:00,NQH20.csv,1014,NQH20.csv,3.0,9055.0,9055.0,27182.25,27165.0,17.25
43844,16,0,9049.75,2,2020-01-14,2020-01-14 16:00:00,2020-01-14 16:00:00,NQH20.csv,1836,NQH20.csv,-2.0,9054.75,9054.75,18099.5,18109.5,10.0
43845,2,30,9054.25,10,2020-01-15,2020-01-15 02:30:00,2020-01-15 02:30:00,NQH20.csv,101,NQH20.csv,8.0,9054.25,9054.25,72434.0,72434.0,0.0
43845,6,0,9054.5,11,2020-01-15,2020-01-15 06:00:00,2020-01-15 06:00:00,NQH20.csv,268,NQH20.csv,1.0,9054.75,9054.75,9054.5,9054.75,-0.25
43845,8,0,9070.5,10,2020-01-15,2020-01-15 08:00:00,2020-01-15 08:00:00,NQH20.csv,208,NQH20.csv,-1.0,9070.75,9070.75,9070.5,9070.75,0.25
43845,9,15,9052.0,9,2020-01-15,2020-01-15 09:15:00,2020-01-15 09:15:00,NQH20.csv,280,NQH20.csv,-1.0,9052.5,9052.5,9052.0,9052.5,0.5
43845,10,15,9079.75,10,2020-01-15,2020-01-15 10:15:00,2020-01-15 10:15:00,NQH20.csv,1277,NQH20.csv,1.0,9082.75,9082.75,9079.75,9082.75,-3.0
43845,10,30,9080.75,11,2020-01-15,2020-01-15 10:30:00,2020-01-15 10:30:00,NQH20.csv,1498,NQH20.csv,1.0,9078.5,9078.5,9080.75,9078.5,2.25
43845,10,35,9081.5,10,2020-01-15,2020-01-15 10:35:00,2020-01-15 10:35:00,NQH20.csv,809,NQH20.csv,-1.0,9092.25,9087.75,9081.5,9087.75,6.25
43845,13,0,9065.25,11,2020-01-15,2020-01-15 13:00:00,2020-01-15 13:00:00,NQH20.csv,1766,NQH20.csv,1.0,9065.0,9065.0,9065.25,9065.0,0.25
43845,13,5,9064.5,9,2020-01-15,2020-01-15 13:05:00,2020-01-15 13:05:00,NQH20.csv,1239,NQH20.csv,-2.0,9064.25,9064.25,18129.0,18128.5,-0.5
43845,13,30,9062.5,10,2020-01-15,2020-01-15 13:30:00,2020-01-15 13:30:00,NQH20.csv,387,NQH20.csv,1.0,9064.75,9064.75,9062.5,9064.75,-2.25
43845,14,0,9052.25,11,2020-01-15,2020-01-15 14:00:00,2020-01-15 14:00:00,NQH20.csv,1353,NQH20.csv,1.0,9053.75,9053.75,9052.25,9053.75,-1.5
43845,15,50,9044.25,9,2020-01-15,2020-01-15 15:50:00,2020-01-15 15:50:00,NQH20.csv,1839,NQH20.csv,-2.0,9046.0,9046.0,18088.5,18092.0,3.5
43845,16,0,9053.0,10,2020-01-15,2020-01-15 16:00:00,2020-01-15 16:00:00,NQH20.csv,2277,NQH20.csv,1.0,9055.75,9055.75,9053.0,9055.75,-2.75
43846,2,30,9082.25,6,2020-01-16,2020-01-16 02:30:00,2020-01-16 02:30:00,NQH20.csv,56,NQH20.csv,-4.0,9082.25,9082.25,36329.0,36329.0,-0.0
43846,4,30,9092.5,3,2020-01-16,2020-01-16 04:30:00,2020-01-16 04:30:00,NQH20.csv,187,NQH20.csv,-3.0,9091.75,9091.75,27277.5,27275.25,-2.25
43846,10,30,9106.75,4,2020-01-16,2020-01-16 10:30:00,2020-01-16 10:30:00,NQH20.csv,756,NQH20.csv,1.0,9105.0,9105.0,9106.75,9105.0,1.75
43846,11,15,9086.5,8,2020-01-16,2020-01-16 11:15:00,2020-01-16 11:15:00,NQH20.csv,1906,NQH20.csv,4.0,9080.25,9080.25,36346.0,36321.0,25.0
43846,11,45,9093.25,4,2020-01-16,2020-01-16 11:45:00,2020-01-16 11:45:00,NQH20.csv,768,NQH20.csv,-4.0,9095.0,9095.0,36373.0,36380.0,7.0
43846,12,0,9094.25,5,2020-01-16,2020-01-16 12:00:00,2020-01-16 12:00:00,NQH20.csv,507,NQH20.csv,1.0,9093.5,9098.25,9094.25,9098.25,-4.0
43846,12,30,9090.75,4,2020-01-16,2020-01-16 12:30:00,2020-01-16 12:30:00,NQH20.csv,597,NQH20.csv,-1.0,9093.25,9093.25,9090.75,9093.25,2.5
43846,14,30,9110.25,5,2020-01-16,2020-01-16 14:30:00,2020-01-16 14:30:00,NQH20.csv,227,NQH20.csv,1.0,9107.5,9107.5,9110.25,9107.5,2.75
43846,15,45,9122.75,6,2020-01-16,2020-01-16 15:45:00,2020-01-16 15:45:00,NQH20.csv,1065,NQH20.csv,1.0,9126.25,9126.25,9122.75,9126.25,-3.5
43846,16,0,9137.25,3,2020-01-16,2020-01-16 16:00:00,2020-01-16 16:00:00,NQH20.csv,1980,NQH20.csv,-3.0,9139.5,9139.5,27411.75,27418.5,6.75
43847,2,30,9143.75,6,2020-01-17,2020-01-17 02:30:00,2020-01-17 02:30:00,NQH20.csv,70,NQH20.csv,3.0,9144.5,9144.5,27431.25,27433.5,-2.25
43847,4,30,9157.75,3,2020-01-17,2020-01-17 04:30:00,2020-01-17 04:30:00,NQH20.csv,254,NQH20.csv,-3.0,9157.25,9157.25,27473.25,27471.75,-1.5
43847,9,45,9147.75,4,2020-01-17,2020-01-17 09:45:00,2020-01-17 09:45:00,NQH20.csv,1478,NQH20.csv,1.0,9147.25,9147.25,9147.75,9147.25,0.5
43847,10,15,9150.75,3,2020-01-17,2020-01-17 10:15:00,2020-01-17 10:15:00,NQH20.csv,1185,NQH20.csv,-1.0,9146.5,9146.5,9150.75,9146.5,-4.25
43847,10,30,9164.0,4,2020-01-17,2020-01-17 10:30:00,2020-01-17 10:30:00,NQH20.csv,697,NQH20.csv,1.0,9162.5,9162.5,9164.0,9162.5,1.5
43847,11,15,9131.25,8,2020-01-17,2020-01-17 11:15:00,2020-01-17 11:15:00,NQH20.csv,1974,NQH20.csv,4.0,9133.5,9133.5,36525.0,36534.0,-9.0
43847,11,45,9144.25,4,2020-01-17,2020-01-17 11:45:00,2020-01-17 11:45:00,NQH20.csv,974,NQH20.csv,-4.0,9143.75,9143.75,36577.0,36575.0,-2.0
43847,12,30,9156.25,3,2020-01-17,2020-01-17 12:30:00,2020-01-17 12:30:00,NQH20.csv,978,NQH20.csv,-1.0,9154.25,9154.25,9156.25,9154.25,-2.0
43847,14,30,9156.75,6,2020-01-17,2020-01-17 14:30:00,2020-01-17 14:30:00,NQH20.csv,297,NQH20.csv,3.0,9157.5,9157.5,27470.25,27472.5,-2.25
43847,15,0,9159.5,9,2020-01-17,2020-01-17 15:00:00,2020-01-17 15:00:00,NQH20.csv,449,NQH20.csv,3.0,9159.5,9159.5,27478.5,27478.5,0.0
43847,16,0,9181.5,3,2020-01-17,2020-01-17 16:00:00,2020-01-17 16:00:00,NQH20.csv,2714,NQH20.csv,-6.0,9182.25,9182.25,55089.0,55093.5,4.5
43847,16,15,9174.0,0,2020-01-17,2020-01-17 16:15:00,2020-01-17 16:15:00,NQH20.csv,832,NQH20.csv,-3.0,9174.0,9173.5,27522.0,27520.5,-1.5
43850,6,0,9162.0,6,2020-01-20,2020-01-20 06:00:00,2020-01-20 06:00:00,NQH20.csv,13,NQH20.csv,6.0,9162.0,9162.0,54972.0,54972.0,0.0
43850,8,0,9166.75,0,2020-01-20,2020-01-20 08:00:00,2020-01-20 08:00:00,NQH20.csv,65,NQH20.csv,-6.0,9165.75,9165.75,55000.5,54994.5,-6.0
43850,9,15,9166.5,3,2020-01-20,2020-01-20 09:15:00,2020-01-20 09:15:00,NQH20.csv,18,NQH20.csv,3.0,9166.5,9166.5,27499.5,27499.5,0.0
43850,10,15,9170.25,0,2020-01-20,2020-01-20 10:15:00,2020-01-20 10:15:00,NQH20.csv,45,NQH20.csv,-3.0,9170.25,9170.25,27510.75,27510.75,-0.0
43850,10,30,9170.25,5,2020-01-20,2020-01-20 10:30:00,2020-01-20 10:30:00,NQH20.csv,77,NQH20.csv,5.0,9170.0,9170.0,45851.25,45850.0,1.25
43850,12,0,9172.75,6,2020-01-20,2020-01-20 12:00:00,2020-01-20 12:00:00,NQH20.csv,114,NQH20.csv,1.0,9174.25,9174.25,9172.75,9174.25,-1.5
43850,12,30,9175.75,1,2020-01-20,2020-01-20 12:30:00,2020-01-20 12:30:00,NQH20.csv,13,NQH20.csv,-5.0,9176.0,9176.0,45878.75,45880.0,1.25
43850,16,0,9175.75,0,2020-01-20,2020-01-20 16:00:00,2020-01-20 16:00:00,NQH20.csv,331,NQH20.csv,-1.0,9175.75,9176.25,9175.75,9176.25,0.5
43851,2,30,9134.75,3,2020-01-21,2020-01-21 02:30:00,2020-01-21 02:30:00,NQH20.csv,112,NQH20.csv,3.0,9133.75,9133.75,27404.25,27401.25,3.0
43851,6,45,9137.0,6,2020-01-21,2020-01-21 06:45:00,2020-01-21 06:45:00,NQH20.csv,141,NQH20.csv,3.0,9136.5,9136.5,27411.0,27409.5,1.5
43851,7,15,9138.25,3,2020-01-21,2020-01-21 07:15:00,2020-01-21 07:15:00,NQH20.csv,48,NQH20.csv,-3.0,9139.0,9139.0,27414.75,27417.0,2.25
43851,9,15,9146.75,1,2020-01-21,2020-01-21 09:15:00,2020-01-21 09:15:00,NQH20.csv,255,NQH20.csv,-2.0,9146.75,9146.75,18293.5,18293.5,-0.0
43851,10,15,9175.5,3,2020-01-21,2020-01-21 10:15:00,2020-01-21 10:15:00,NQH20.csv,1088,NQH20.csv,2.0,9171.5,9171.5,18351.0,18343.0,8.0
43851,10,30,9172.5,7,2020-01-21,2020-01-21 10:30:00,2020-01-21 10:30:00,NQH20.csv,881,NQH20.csv,4.0,9172.25,9172.25,36690.0,36689.0,1.0
43851,12,30,9192.75,3,2020-01-21,2020-01-21 12:30:00,2020-01-21 12:30:00,NQH20.csv,381,NQH20.csv,-4.0,9193.0,9193.0,36771.0,36772.0,1.0
43851,15,30,9185.25,4,2020-01-21,2020-01-21 15:30:00,2020-01-21 15:30:00,NQH20.csv,753,NQH20.csv,1.0,9187.5,9187.5,9185.25,9187.5,-2.25
43851,15,45,9181.0,9,2020-01-21,2020-01-21 15:45:00,2020-01-21 15:45:00,NQH20.csv,502,NQH20.csv,5.0,9182.0,9182.0,45905.0,45910.0,-5.0
43851,16,0,9179.0,3,2020-01-21,2020-01-21 16:00:00,2020-01-21 16:00:00,NQH20.csv,3851,NQH20.csv,-6.0,9184.5,9184.5,55074.0,55107.0,33.0
43852,10,0,9241.5,5,2020-01-22,2020-01-22 10:00:00,2020-01-22 10:00:00,NQH20.csv,1279,NQH20.csv,2.0,9241.25,9241.25,18483.0,18482.5,0.5
43852,10,30,9243.5,6,2020-01-22,2020-01-22 10:30:00,2020-01-22 10:30:00,NQH20.csv,1126,NQH20.csv,1.0,9243.0,9243.0,9243.5,9243.0,0.5
43852,12,0,9230.75,7,2020-01-22,2020-01-22 12:00:00,2020-01-22 12:00:00,NQH20.csv,1243,NQH20.csv,1.0,9230.25,9230.25,9230.75,9230.25,0.5
43852,12,30,9224.25,6,2020-01-22,2020-01-22 12:30:00,2020-01-22 12:30:00,NQH20.csv,607,NQH20.csv,-1.0,9224.75,9224.75,9224.25,9224.75,0.5
43852,12,45,9233.75,10,2020-01-22,2020-01-22 12:45:00,2020-01-22 12:45:00,NQH20.csv,654,NQH20.csv,4.0,9233.25,9237.25,36935.0,36949.0,-14.0
43852,13,15,9243.0,6,2020-01-22,2020-01-22 13:15:00,2020-01-22 13:15:00,NQH20.csv,833,NQH20.csv,-4.0,9243.5,9243.5,36972.0,36974.0,2.0
43852,14,0,9228.25,4,2020-01-22,2020-01-22 14:00:00,2020-01-22 14:00:00,NQH20.csv,965,NQH20.csv,-2.0,9228.5,9228.5,18456.5,18457.0,0.5
43852,15,0,9228.25,7,2020-01-22,2020-01-22 15:00:00,2020-01-22 15:00:00,NQH20.csv,805,NQH20.csv,3.0,9228.0,9228.0,27684.75,27684.0,0.75
43852,15,45,9202.0,11,2020-01-22,2020-01-22 15:45:00,2020-01-22 15:45:00,NQH20.csv,1541,NQH20.csv,4.0,9201.5,9201.5,36808.0,36806.0,2.0
43852,16,0,9199.5,3,2020-01-22,2020-01-22 16:00:00,2020-01-22 16:00:00,NQH20.csv,2329,NQH20.csv,-8.0,9200.0,9200.0,73596.0,73600.0,4.0
43853,2,30,9191.25,9,2020-01-23,2020-01-23 02:30:00,2020-01-23 02:30:00,NQH20.csv,466,NQH20.csv,6.0,9193.75,9193.75,55147.5,55162.5,-15.0
43853,10,0,9188.75,11,2020-01-23,2020-01-23 10:00:00,2020-01-23 10:00:00,NQH20.csv,1812,NQH20.csv,2.0,9184.25,9184.25,18377.5,18368.5,9.0
43853,11,20,9186.75,10,2020-01-23,2020-01-23 11:20:00,2020-01-23 11:20:00,NQH20.csv,899,NQH20.csv,-1.0,9186.75,9186.75,9186.75,9186.75,-0.0
43853,11,45,9189.25,11,2020-01-23,2020-01-23 11:45:00,2020-01-23 11:45:00,NQH20.csv,752,NQH20.csv,1.0,9184.0,9184.0,9189.25,9184.0,5.25
43853,12,0,9192.25,10,2020-01-23,2020-01-23 12:00:00,2020-01-23 12:00:00,NQH20.csv,799,NQH20.csv,-1.0,9188.5,9188.5,9192.25,9188.5,-3.75
43853,14,0,9212.25,8,2020-01-23,2020-01-23 14:00:00,2020-01-23 14:00:00,NQH20.csv,1039,NQH20.csv,-2.0,9215.75,9215.75,18424.5,18431.5,7.0
43853,15,30,9226.75,11,2020-01-23,2020-01-23 15:30:00,2020-01-23 15:30:00,NQH20.csv,1218,NQH20.csv,3.0,9227.5,9227.5,27680.25,27682.5,-2.25
43853,15,35,9228.25,10,2020-01-23,2020-01-23 15:35:00,2020-01-23 15:35:00,NQH20.csv,550,NQH20.csv,-1.0,9225.5,9225.5,9228.25,9225.5,-2.75
43853,15,45,9225.75,9,2020-01-23,2020-01-23 15:45:00,2020-01-23 15:45:00,NQH20.csv,1145,NQH20.csv,-1.0,9230.5,9230.5,9225.75,9230.5,4.75
43854,2,30,9260.25,4,2020-01-24,2020-01-24 02:30:00,2020-01-24 02:30:00,NQH20.csv,105,NQH20.csv,-5.0,9261.5,9261.5,46301.25,46307.5,6.25
43854,4,30,9283.75,0,2020-01-24,2020-01-24 04:30:00,2020-01-24 04:30:00,NQH20.csv,245,NQH20.csv,-4.0,9284.75,9284.75,37135.0,37139.0,4.0
43854,9,45,9271.0,2,2020-01-24,2020-01-24 09:45:00,2020-01-24 09:45:00,NQH20.csv,1866,NQH20.csv,2.0,9258.75,9258.75,18542.0,18517.5,24.5
43854,10,0,9268.75,4,2020-01-24,2020-01-24 10:00:00,2020-01-24 10:00:00,NQH20.csv,2112,NQH20.csv,2.0,9262.25,9262.25,18537.5,18524.5,13.0
43854,10,15,9262.5,2,2020-01-24,2020-01-24 10:15:00,2020-01-24 10:15:00,NQH20.csv,1219,NQH20.csv,-2.0,9254.75,9254.75,18525.0,18509.5,-15.5
43854,10,30,9232.5,8,2020-01-24,2020-01-24 10:30:00,2020-01-24 10:30:00,NQH20.csv,2831,NQH20.csv,6.0,9235.25,9235.25,55395.0,55411.5,-16.5
43854,10,45,9236.75,9,2020-01-24,2020-01-24 10:45:00,2020-01-24 10:45:00,NQH20.csv,1702,NQH20.csv,1.0,9238.5,9238.5,9236.75,9238.5,-1.75
43854,11,15,9250.0,8,2020-01-24,2020-01-24 11:15:00,2020-01-24 11:15:00,NQH20.csv,809,NQH20.csv,-1.0,9247.25,9247.25,9250.0,9247.25,-2.75
43854,12,0,9206.25,10,2020-01-24,2020-01-24 12:00:00,2020-01-24 12:00:00,NQH20.csv,2100,NQH20.csv,2.0,9199.0,9199.0,18412.5,18398.0,14.5
43854,12,30,9177.5,2,2020-01-24,2020-01-24 12:30:00,2020-01-24 12:30:00,NQH20.csv,2757,NQH20.csv,-8.0,9188.25,9188.25,73420.0,73506.0,86.0
43854,13,15,9174.5,-1,2020-01-24,2020-01-24 13:15:00,2020-01-24 13:15:00,NQH20.csv,1253,NQH20.csv,-3.0,9177.5,9177.5,27523.5,27532.5,9.0
43854,13,45,9156.5,2,2020-01-24,2020-01-24 13:45:00,2020-01-24 13:45:00,NQH20.csv,979,NQH20.csv,3.0,9156.5,9156.5,27469.5,27469.5,0.0
43854,14,0,9150.0,6,2020-01-24,2020-01-24 14:00:00,2020-01-24 14:00:00,NQH20.csv,1536,NQH20.csv,4.0,9138.0,9138.0,36600.0,36552.0,48.0
43854,14,30,9119.25,9,2020-01-24,2020-01-24 14:30:00,2020-01-24 14:30:00,NQH20.csv,2303,NQH20.csv,3.0,9130.5,9130.5,27357.75,27391.5,-33.75
43854,15,45,9133.5,11,2020-01-24,2020-01-24 15:45:00,2020-01-24 15:45:00,NQH20.csv,2588,NQH20.csv,2.0,9138.5,9138.5,18267.0,18277.0,-10.0
43854,15,50,9142.25,10,2020-01-24,2020-01-24 15:50:00,2020-01-24 15:50:00,NQH20.csv,2000,NQH20.csv,-1.0,9148.75,9148.75,9142.25,9148.75,6.5
43854,16,0,9152.0,0,2020-01-24,2020-01-24 16:00:00,2020-01-24 16:00:00,NQH20.csv,2450,NQH20.csv,-10.0,9153.0,9153.0,91520.0,91530.0,10.0
43857,2,30,9027.25,6,2020-01-27,2020-01-27 02:30:00,2020-01-27 02:30:00,NQH20.csv,119,NQH20.csv,6.0,9026.25,9026.25,54163.5,54157.5,6.0
43857,9,15,8966.0,8,2020-01-27,2020-01-27 09:15:00,2020-01-27 09:15:00,NQH20.csv,774,NQH20.csv,2.0,8965.5,8965.5,17932.0,17931.0,1.0
43857,10,0,8985.5,9,2020-01-27,2020-01-27 10:00:00,2020-01-27 10:00:00,NQH20.csv,1898,NQH20.csv,1.0,8985.25,8985.25,8985.5,8985.25,0.25
43857,10,15,8969.5,7,2020-01-27,2020-01-27 10:15:00,2020-01-27 10:15:00,NQH20.csv,1937,NQH20.csv,-2.0,8970.0,8970.0,17939.0,17940.0,1.0
43857,10,30,8989.0,9,2020-01-27,2020-01-27 10:30:00,2020-01-27 10:30:00,NQH20.csv,1743,NQH20.csv,2.0,8988.5,8988.5,17978.0,17977.0,1.0
43857,12,30,8998.0,1,2020-01-27,2020-01-27 12:30:00,2020-01-27 12:30:00,NQH20.csv,943,NQH20.csv,-8.0,8998.5,8998.5,71984.0,71988.0,4.0
43857,13,0,8995.25,7,2020-01-27,2020-01-27 13:00:00,2020-01-27 13:00:00,NQH20.csv,978,NQH20.csv,6.0,8995.0,8995.0,53971.5,53970.0,1.5
43857,14,0,8995.5,6,2020-01-27,2020-01-27 14:00:00,2020-01-27 14:00:00,NQH20.csv,976,NQH20.csv,-1.0,8996.0,8996.0,8995.5,8996.0,0.5
43857,14,30,9007.5,7,2020-01-27,2020-01-27 14:30:00,2020-01-27 14:30:00,NQH20.csv,845,NQH20.csv,1.0,9007.25,9007.25,9007.5,9007.25,0.25
43857,15,45,8968.5,1,2020-01-27,2020-01-27 15:45:00,2020-01-27 15:45:00,NQH20.csv,1457,NQH20.csv,-6.0,8969.0,8969.0,53811.0,53814.0,3.0
43857,16,0,8961.0,6,2020-01-27,2020-01-27 16:00:00,2020-01-27 16:00:00,NQH20.csv,2468,NQH20.csv,5.0,8960.5,8960.5,44805.0,44802.5,2.5
43858,2,30,9037.0,-1,2020-01-28,2020-01-28 02:30:00,2020-01-28 02:30:00,NQH20.csv,285,NQH20.csv,-7.0,9037.75,9037.75,63259.0,63264.25,5.25
43858,3,30,9017.25,3,2020-01-28,2020-01-28 03:30:00,2020-01-28 03:30:00,NQH20.csv,308,NQH20.csv,4.0,9012.75,9012.75,36069.0,36051.0,18.0
43858,4,30,8983.25,9,2020-01-28,2020-01-28 04:30:00,2020-01-28 04:30:00,NQH20.csv,302,NQH20.csv,6.0,8990.75,8990.75,53899.5,53944.5,-45.0
43858,5,30,8987.0,6,2020-01-28,2020-01-28 05:30:00,2020-01-28 05:30:00,NQH20.csv,337,NQH20.csv,-3.0,8990.5,8990.5,26961.0,26971.5,10.5
43858,6,0,8993.25,5,2020-01-28,2020-01-28 06:00:00,2020-01-28 06:00:00,NQH20.csv,198,NQH20.csv,-1.0,8992.75,8992.75,8993.25,8992.75,-0.5
43858,9,15,9027.25,2,2020-01-28,2020-01-28 09:15:00,2020-01-28 09:15:00,NQH20.csv,535,NQH20.csv,-3.0,9025.75,9025.75,27081.75,27077.25,-4.5
43858,9,45,9013.75,-1,2020-01-28,2020-01-28 09:45:00,2020-01-28 09:45:00,NQH20.csv,2015,NQH20.csv,-3.0,9013.5,9013.5,27041.25,27040.5,-0.75
43858,10,0,9019.25,2,2020-01-28,2020-01-28 10:00:00,2020-01-28 10:00:00,NQH20.csv,4045,NQH20.csv,3.0,9020.5,9020.5,27057.75,27061.5,-3.75
43858,10,15,9037.5,8,2020-01-28,2020-01-28 10:15:00,2020-01-28 10:15:00,NQH20.csv,1388,NQH20.csv,6.0,9033.25,9033.25,54225.0,54199.5,25.5
43858,10,30,9050.75,10,2020-01-28,2020-01-28 10:30:00,2020-01-28 10:30:00,NQH20.csv,1947,NQH20.csv,2.0,9056.75,9056.75,18101.5,18113.5,-12.0
43858,11,0,9074.0,8,2020-01-28,2020-01-28 11:00:00,2020-01-28 11:00:00,NQH20.csv,1251,NQH20.csv,-2.0,9065.75,9065.75,18148.0,18131.5,-16.5
43858,14,0,9101.75,5,2020-01-28,2020-01-28 14:00:00,2020-01-28 14:00:00,NQH20.csv,1209,NQH20.csv,-3.0,9107.25,9107.25,27305.25,27321.75,16.5
43858,15,30,9119.0,-1,2020-01-28,2020-01-28 15:30:00,2020-01-28 15:30:00,NQH20.csv,1097,NQH20.csv,-6.0,9114.5,9114.5,54714.0,54687.0,-27.0
43858,15,45,9109.5,-3,2020-01-28,2020-01-28 15:45:00,2020-01-28 15:45:00,NQH20.csv,1229,NQH20.csv,-2.0,9110.75,9110.75,18219.0,18221.5,2.5
43858,16,0,9097.75,5,2020-01-28,2020-01-28 16:00:00,2020-01-28 16:00:00,NQH20.csv,2513,NQH20.csv,8.0,9106.0,9106.0,72782.0,72848.0,-66.0
43859,2,30,9125.5,6,2020-01-29,2020-01-29 02:30:00,2020-01-29 02:30:00,NQH20.csv,95,NQH20.csv,1.0,9128.25,9128.25,9125.5,9128.25,-2.75
43859,6,0,9144.5,1,2020-01-29,2020-01-29 06:00:00,2020-01-29 06:00:00,NQH20.csv,450,NQH20.csv,-5.0,9146.5,9146.5,45722.5,45732.5,10.0
43859,8,0,9145.75,6,2020-01-29,2020-01-29 08:00:00,2020-01-29 08:00:00,NQH20.csv,291,NQH20.csv,5.0,9145.75,9145.75,45728.75,45728.75,0.0
43859,9,15,9144.25,1,2020-01-29,2020-01-29 09:15:00,2020-01-29 09:15:00,NQH20.csv,108,NQH20.csv,-5.0,9146.75,9146.75,45721.25,45733.75,12.5
43859,10,15,9083.25,6,2020-01-29,2020-01-29 10:15:00,2020-01-29 10:15:00,NQH20.csv,2347,NQH20.csv,5.0,9087.75,9087.75,45416.25,45438.75,-22.5
43859,10,30,9096.0,7,2020-01-29,2020-01-29 10:30:00,2020-01-29 10:30:00,NQH20.csv,1424,NQH20.csv,1.0,9098.75,9098.75,9096.0,9098.75,-2.75
43859,12,30,9133.75,6,2020-01-29,2020-01-29 12:30:00,2020-01-29 12:30:00,NQH20.csv,641,NQH20.csv,-1.0,9132.25,9132.25,9133.75,9132.25,-1.5
43859,14,0,9138.5,8,2020-01-29,2020-01-29 14:00:00,2020-01-29 14:00:00,NQH20.csv,1956,NQH20.csv,2.0,9141.5,9141.5,18277.0,18283.0,-6.0
43859,15,0,9145.5,2,2020-01-29,2020-01-29 15:00:00,2020-01-29 15:00:00,NQH20.csv,978,NQH20.csv,-6.0,9138.5,9138.5,54873.0,54831.0,-42.0
43859,15,30,9136.25,9,2020-01-29,2020-01-29 15:30:00,2020-01-29 15:30:00,NQH20.csv,1290,NQH20.csv,7.0,9139.0,9139.0,63953.75,63973.0,-19.25
43859,16,0,9110.25,6,2020-01-29,2020-01-29 16:00:00,2020-01-29 16:00:00,NQH20.csv,2407,NQH20.csv,-3.0,9111.0,9111.0,27330.75,27333.0,2.25
43860,3,30,9028.25,8,2020-01-30,2020-01-30 03:30:00,2020-01-30 03:30:00,NQH20.csv,484,NQH20.csv,2.0,9024.25,9024.25,18056.5,18048.5,8.0
43860,5,30,9041.25,7,2020-01-30,2020-01-30 05:30:00,2020-01-30 05:30:00,NQH20.csv,397,NQH20.csv,-1.0,9041.75,9041.75,9041.25,9041.75,0.5
43860,6,0,9041.5,6,2020-01-30,2020-01-30 06:00:00,2020-01-30 06:00:00,NQH20.csv,136,NQH20.csv,-1.0,9043.25,9043.25,9041.5,9043.25,1.75
43860,6,15,9029.75,9,2020-01-30,2020-01-30 06:15:00,2020-01-30 06:15:00,NQH20.csv,552,NQH20.csv,3.0,9028.25,9028.25,27089.25,27084.75,4.5
43860,6,45,9032.75,-2,2020-01-30,2020-01-30 06:45:00,2020-01-30 06:45:00,NQH20.csv,218,NQH20.csv,-11.0,9034.75,9034.75,99360.25,99382.25,22.0
43860,7,15,9044.0,6,2020-01-30,2020-01-30 07:15:00,2020-01-30 07:15:00,NQH20.csv,148,NQH20.csv,8.0,9043.0,9043.0,72352.0,72344.0,8.0
43860,9,15,9063.75,8,2020-01-30,2020-01-30 09:15:00,2020-01-30 09:15:00,NQH20.csv,736,NQH20.csv,2.0,9055.5,9055.5,18127.5,18111.0,16.5
43860,9,45,9106.75,7,2020-01-30,2020-01-30 09:45:00,2020-01-30 09:45:00,NQH20.csv,3375,NQH20.csv,-1.0,9108.75,9108.75,9106.75,9108.75,2.0
43860,10,0,9085.75,8,2020-01-30,2020-01-30 10:00:00,2020-01-30 10:00:00,NQH20.csv,2376,NQH20.csv,1.0,9089.5,9089.5,9085.75,9089.5,-3.75
43860,10,15,9093.25,7,2020-01-30,2020-01-30 10:15:00,2020-01-30 10:15:00,NQH20.csv,2145,NQH20.csv,-1.0,9087.0,9087.0,9093.25,9087.0,-6.25
43860,10,45,9048.25,1,2020-01-30,2020-01-30 10:45:00,2020-01-30 10:45:00,NQH20.csv,3068,NQH20.csv,-6.0,9045.0,9045.0,54289.5,54270.0,-19.5
43860,11,15,9056.5,7,2020-01-30,2020-01-30 11:15:00,2020-01-30 11:15:00,NQH20.csv,1399,NQH20.csv,6.0,9050.0,9050.0,54339.0,54300.0,39.0
43860,11,45,9075.75,6,2020-01-30,2020-01-30 11:45:00,2020-01-30 11:45:00,NQH20.csv,978,NQH20.csv,-1.0,9078.75,9078.75,9075.75,9078.75,3.0
43860,12,15,9069.0,11,2020-01-30,2020-01-30 12:15:00,2020-01-30 12:15:00,NQH20.csv,707,NQH20.csv,5.0,9071.25,9071.25,45345.0,45356.25,-11.25
43860,12,30,9056.25,10,2020-01-30,2020-01-30 12:30:00,2020-01-30 12:30:00,NQH20.csv,863,NQH20.csv,-1.0,9059.25,9059.25,9056.25,9059.25,3.0
43860,12,45,9043.25,6,2020-01-30,2020-01-30 12:45:00,2020-01-30 12:45:00,NQH20.csv,1856,NQH20.csv,-4.0,9036.25,9036.25,36173.0,36145.0,-28.0
43860,13,0,9045.5,-1,2020-01-30,2020-01-30 13:00:00,2020-01-30 13:00:00,NQH20.csv,1021,NQH20.csv,-7.0,9049.0,9049.0,63318.5,63343.0,24.5
43860,13,30,9051.75,6,2020-01-30,2020-01-30 13:30:00,2020-01-30 13:30:00,NQH20.csv,821,NQH20.csv,7.0,9050.0,9050.0,63362.25,63350.0,12.25
43860,14,30,9079.5,7,2020-01-30,2020-01-30 14:30:00,2020-01-30 14:30:00,NQH20.csv,1001,NQH20.csv,1.0,9079.25,9079.25,9079.5,9079.25,0.25
43860,15,0,9102.75,0,2020-01-30,2020-01-30 15:00:00,2020-01-30 15:00:00,NQH20.csv,2387,NQH20.csv,-7.0,9102.0,9102.0,63719.25,63714.0,-5.25
43860,15,30,9114.25,3,2020-01-30,2020-01-30 15:30:00,2020-01-30 15:30:00,NQH20.csv,2318,NQH20.csv,3.0,9114.75,9114.75,27342.75,27344.25,-1.5
43860,15,45,9130.75,6,2020-01-30,2020-01-30 15:45:00,2020-01-30 15:45:00,NQH20.csv,1560,NQH20.csv,3.0,9127.5,9127.5,27392.25,27382.5,9.75
43861,2,30,9212.0,0,2020-01-31,2020-01-31 02:30:00,2020-01-31 02:30:00,NQH20.csv,241,NQH20.csv,-6.0,9214.5,9214.5,55272.0,55287.0,15.0
43861,3,30,9189.0,-1,2020-01-31,2020-01-31 03:30:00,2020-01-31 03:30:00,NQH20.csv,111,NQH20.csv,-1.0,9187.0,9187.0,9189.0,9187.0,-2.0
43861,5,30,9153.0,0,2020-01-31,2020-01-31 05:30:00,2020-01-31 05:30:00,NQH20.csv,552,NQH20.csv,1.0,9148.75,9148.75,9153.0,9148.75,4.25
43861,6,0,9158.5,3,2020-01-31,2020-01-31 06:00:00,2020-01-31 06:00:00,NQH20.csv,204,NQH20.csv,3.0,9156.75,9156.75,27475.5,27470.25,5.25
43861,7,0,9172.0,-1,2020-01-31,2020-01-31 07:00:00,2020-01-31 07:00:00,NQH20.csv,792,NQH20.csv,-4.0,9177.75,9177.75,36688.0,36711.0,23.0
43861,7,30,9186.75,3,2020-01-31,2020-01-31 07:30:00,2020-01-31 07:30:00,NQH20.csv,663,NQH20.csv,4.0,9194.0,9194.0,36747.0,36776.0,-29.0
43861,8,0,9185.25,0,2020-01-31,2020-01-31 08:00:00,2020-01-31 08:00:00,NQH20.csv,339,NQH20.csv,-3.0,9184.5,9184.5,27555.75,27553.5,-2.25
43861,9,15,9196.5,5,2020-01-31,2020-01-31 09:15:00,2020-01-31 09:15:00,NQH20.csv,546,NQH20.csv,5.0,9198.0,9198.0,45982.5,45990.0,-7.5
43861,10,0,9127.25,-5,2020-01-31,2020-01-31 10:00:00,2020-01-31 10:00:00,NQH20.csv,1946,NQH20.csv,-10.0,9119.0,9119.0,91272.5,91190.0,-82.5
43861,10,15,9085.0,-10,2020-01-31,2020-01-31 10:15:00,2020-01-31 10:15:00,NQH20.csv,2275,NQH20.csv,-5.0,9088.0,9088.0,45425.0,45440.0,15.0
43861,10,30,9068.5,-9,2020-01-31,2020-01-31 10:30:00,2020-01-31 10:30:00,NQH20.csv,2840,NQH20.csv,1.0,9075.5,9075.5,9068.5,9075.5,-7.0
43861,11,15,9043.5,-5,2020-01-31,2020-01-31 11:15:00,2020-01-31 11:15:00,NQH20.csv,5667,NQH20.csv,4.0,9020.25,9020.25,36174.0,36081.0,93.0
43861,11,45,9049.75,-9,2020-01-31,2020-01-31 11:45:00,2020-01-31 11:45:00,NQH20.csv,3994,NQH20.csv,-4.0,9057.5,9057.5,36199.0,36230.0,31.0
43861,12,30,9052.0,-6,2020-01-31,2020-01-31 12:30:00,2020-01-31 12:30:00,NQH20.csv,1547,NQH20.csv,3.0,9042.5,9042.5,27156.0,27127.5,28.5
43861,13,45,8997.75,-7,2020-01-31,2020-01-31 13:45:00,2020-01-31 13:45:00,NQH20.csv,1721,NQH20.csv,-1.0,9001.75,9001.75,8997.75,9001.75,4.0
43861,14,0,9022.75,-1,2020-01-31,2020-01-31 14:00:00,2020-01-31 14:00:00,NQH20.csv,1564,NQH20.csv,6.0,9027.0,9027.0,54136.5,54162.0,-25.5
43861,14,15,9030.0,0,2020-01-31,2020-01-31 14:15:00,2020-01-31 14:15:00,NQH20.csv,1565,NQH20.csv,1.0,9027.25,9027.25,9030.0,9027.25,2.75
43861,14,45,9025.5,-4,2020-01-31,2020-01-31 14:45:00,2020-01-31 14:45:00,NQH20.csv,852,NQH20.csv,-4.0,9032.5,9032.5,36102.0,36130.0,28.0
43861,15,15,8999.25,0,2020-01-31,2020-01-31 15:15:00,2020-01-31 15:15:00,NQH20.csv,1960,NQH20.csv,4.0,8993.0,8993.0,35997.0,35972.0,25.0
43861,15,30,8991.5,-5,2020-01-31,2020-01-31 15:30:00,2020-01-31 15:30:00,NQH20.csv,2403,NQH20.csv,-5.0,8983.75,8983.75,44957.5,44918.75,-38.75
43861,15,45,8997.5,-2,2020-01-31,2020-01-31 15:45:00,2020-01-31 15:45:00,NQH20.csv,3361,NQH20.csv,3.0,8984.75,8984.75,26992.5,26954.25,38.25
43861,16,0,8995.0,0,2020-01-31,2020-01-31 16:00:00,2020-01-31 16:00:00,NQH20.csv,2400,NQH20.csv,2.0,9001.5,9001.5,17990.0,18003.0,-13.0
43864,2,30,9070.75,8,2020-02-03,2020-02-03 02:30:00,2020-02-03 02:30:00,NQH20.csv,211,NQH20.csv,8.0,9070.5,9070.5,72566.0,72564.0,2.0
43864,3,30,9043.75,2,2020-02-03,2020-02-03 03:30:00,2020-02-03 03:30:00,NQH20.csv,280,NQH20.csv,-6.0,9044.25,9044.25,54262.5,54265.5,3.0
43864,5,30,9039.75,8,2020-02-03,2020-02-03 05:30:00,2020-02-03 05:30:00,NQH20.csv,185,NQH20.csv,6.0,9039.0,9039.0,54238.5,54234.0,4.5
43864,6,0,9038.25,11,2020-02-03,2020-02-03 06:00:00,2020-02-03 06:00:00,NQH20.csv,144,NQH20.csv,3.0,9037.5,9053.5,27114.75,27160.5,-45.75
43864,6,5,9050.25,9,2020-02-03,2020-02-03 06:05:00,2020-02-03 06:05:00,NQH20.csv,241,NQH20.csv,-2.0,9050.75,9050.75,18100.5,18101.5,1.0
43864,8,0,9043.0,8,2020-02-03,2020-02-03 08:00:00,2020-02-03 08:00:00,NQH20.csv,441,NQH20.csv,-1.0,9043.25,9043.25,9043.0,9043.25,0.25
43864,9,15,9049.5,4,2020-02-03,2020-02-03 09:15:00,2020-02-03 09:15:00,NQH20.csv,262,NQH20.csv,-4.0,9049.75,9049.75,36198.0,36199.0,1.0
43864,9,45,9091.75,7,2020-02-03,2020-02-03 09:45:00,2020-02-03 09:45:00,NQH20.csv,5107,NQH20.csv,3.0,9091.25,9091.25,27275.25,27273.75,1.5
43864,10,15,9141.25,8,2020-02-03,2020-02-03 10:15:00,2020-02-03 10:15:00,NQH20.csv,2028,NQH20.csv,1.0,9140.75,9140.75,9141.25,9140.75,0.5
43864,11,45,9112.5,7,2020-02-03,2020-02-03 11:45:00,2020-02-03 11:45:00,NQH20.csv,1205,NQH20.csv,-1.0,9113.0,9110.5,9112.5,9110.5,-2.0
43864,12,15,9120.0,8,2020-02-03,2020-02-03 12:15:00,2020-02-03 12:15:00,NQH20.csv,1137,NQH20.csv,1.0,9119.5,9130.75,9120.0,9130.75,-10.75
43864,12,45,9138.25,2,2020-02-03,2020-02-03 12:45:00,2020-02-03 12:45:00,NQH20.csv,1011,NQH20.csv,-6.0,9138.75,9138.75,54829.5,54832.5,3.0
43864,13,15,9115.75,8,2020-02-03,2020-02-03 13:15:00,2020-02-03 13:15:00,NQH20.csv,1144,NQH20.csv,6.0,9115.25,9115.25,54694.5,54691.5,3.0
43864,15,30,9143.5,0,2020-02-03,2020-02-03 15:30:00,2020-02-03 15:30:00,NQH20.csv,1049,NQH20.csv,-8.0,9144.0,9144.0,73148.0,73152.0,4.0
43864,16,0,9132.75,8,2020-02-03,2020-02-03 16:00:00,2020-02-03 16:00:00,NQH20.csv,1356,NQH20.csv,8.0,9132.25,9132.25,73062.0,73058.0,4.0
43865,2,30,9179.75,6,2020-02-04,2020-02-04 02:30:00,2020-02-04 02:30:00,NQH20.csv,140,NQH20.csv,-2.0,9176.0,9176.0,18359.5,18352.0,-7.5
43865,3,30,9225.0,0,2020-02-04,2020-02-04 03:30:00,2020-02-04 03:30:00,NQH20.csv,597,NQH20.csv,-6.0,9219.25,9219.25,55350.0,55315.5,-34.5
43865,5,30,9226.0,6,2020-02-04,2020-02-04 05:30:00,2020-02-04 05:30:00,NQH20.csv,75,NQH20.csv,6.0,9225.25,9225.25,55356.0,55351.5,4.5
43865,9,15,9250.75,3,2020-02-04,2020-02-04 09:15:00,2020-02-04 09:15:00,NQH20.csv,895,NQH20.csv,-3.0,9245.25,9245.25,27752.25,27735.75,-16.5
43865,10,15,9254.5,6,2020-02-04,2020-02-04 10:15:00,2020-02-04 10:15:00,NQH20.csv,1644,NQH20.csv,3.0,9255.5,9255.5,27763.5,27766.5,-3.0
43865,12,0,9324.0,7,2020-02-04,2020-02-04 12:00:00,2020-02-04 12:00:00,NQH20.csv,699,NQH20.csv,1.0,9325.25,9325.25,9324.0,9325.25,-1.25
43865,15,30,9355.75,3,2020-02-04,2020-02-04 15:30:00,2020-02-04 15:30:00,NQH20.csv,835,NQH20.csv,-4.0,9354.5,9354.5,37423.0,37418.0,-5.0
43865,16,0,9337.5,6,2020-02-04,2020-02-04 16:00:00,2020-02-04 16:00:00,NQH20.csv,2132,NQH20.csv,3.0,9342.5,9342.5,28012.5,28027.5,-15.0
43866,2,30,9335.0,2,2020-02-05,2020-02-05 02:30:00,2020-02-05 02:30:00,NQH20.csv,223,NQH20.csv,-4.0,9330.5,9330.5,37340.0,37322.0,-18.0
43866,9,15,9450.25,0,2020-02-05,2020-02-05 09:15:00,2020-02-05 09:15:00,NQH20.csv,413,NQH20.csv,-2.0,9454.5,9454.5,18900.5,18909.0,8.5
43866,10,0,9392.0,2,2020-02-05,2020-02-05 10:00:00,2020-02-05 10:00:00,NQH20.csv,2182,NQH20.csv,2.0,9400.25,9400.25,18784.0,18800.5,-16.5
43866,10,15,9371.5,4,2020-02-05,2020-02-05 10:15:00,2020-02-05 10:15:00,NQH20.csv,1519,NQH20.csv,2.0,9369.5,9369.5,18743.0,18739.0,4.0
43866,11,45,9336.5,7,2020-02-05,2020-02-05 11:45:00,2020-02-05 11:45:00,NQH20.csv,1133,NQH20.csv,3.0,9343.5,9343.5,28009.5,28030.5,-21.0
43866,12,0,9362.75,8,2020-02-05,2020-02-05 12:00:00,2020-02-05 12:00:00,NQH20.csv,962,NQH20.csv,1.0,9361.25,9361.25,9362.75,9361.25,1.5
43866,12,15,9368.0,5,2020-02-05,2020-02-05 12:15:00,2020-02-05 12:15:00,NQH20.csv,1002,NQH20.csv,-3.0,9370.25,9370.25,28104.0,28110.75,6.75
43866,13,0,9354.25,8,2020-02-05,2020-02-05 13:00:00,2020-02-05 13:00:00,NQH20.csv,736,NQH20.csv,3.0,9350.75,9350.75,28062.75,28052.25,10.5
43866,13,30,9348.75,5,2020-02-05,2020-02-05 13:30:00,2020-02-05 13:30:00,NQH20.csv,639,NQH20.csv,-3.0,9357.25,9357.25,28046.25,28071.75,25.5
43866,14,0,9355.5,3,2020-02-05,2020-02-05 14:00:00,2020-02-05 14:00:00,NQH20.csv,1258,NQH20.csv,-2.0,9353.0,9353.0,18711.0,18706.0,-5.0
43866,14,15,9346.0,5,2020-02-05,2020-02-05 14:15:00,2020-02-05 14:15:00,NQH20.csv,689,NQH20.csv,2.0,9353.25,9353.25,18692.0,18706.5,-14.5
43866,14,45,9367.75,3,2020-02-05,2020-02-05 14:45:00,2020-02-05 14:45:00,NQH20.csv,395,NQH20.csv,-2.0,9366.25,9366.25,18735.5,18732.5,-3.0
43866,15,30,9378.5,5,2020-02-05,2020-02-05 15:30:00,2020-02-05 15:30:00,NQH20.csv,864,NQH20.csv,2.0,9372.75,9372.75,18757.0,18745.5,11.5
43866,16,0,9374.5,2,2020-02-05,2020-02-05 16:00:00,2020-02-05 16:00:00,NQH20.csv,2336,NQH20.csv,-3.0,9379.0,9379.0,28123.5,28137.0,13.5
43867,2,30,9435.25,-3,2020-02-06,2020-02-06 02:30:00,2020-02-06 02:30:00,NQH20.csv,172,NQH20.csv,-5.0,9434.0,9434.0,47176.25,47170.0,-6.25
43867,3,30,9437.25,5,2020-02-06,2020-02-06 03:30:00,2020-02-06 03:30:00,NQH20.csv,217,NQH20.csv,8.0,9436.75,9436.75,75498.0,75494.0,4.0
43867,4,30,9416.25,11,2020-02-06,2020-02-06 04:30:00,2020-02-06 04:30:00,NQH20.csv,194,NQH20.csv,6.0,9420.0,9420.0,56497.5,56520.0,-22.5
43867,5,30,9418.5,3,2020-02-06,2020-02-06 05:30:00,2020-02-06 05:30:00,NQH20.csv,68,NQH20.csv,-8.0,9420.5,9420.5,75348.0,75364.0,16.0
43867,9,45,9377.5,5,2020-02-06,2020-02-06 09:45:00,2020-02-06 09:45:00,NQH20.csv,2851,NQH20.csv,2.0,9375.25,9375.25,18755.0,18750.5,4.5
43867,10,0,9414.0,6,2020-02-06,2020-02-06 10:00:00,2020-02-06 10:00:00,NQH20.csv,2168,NQH20.csv,1.0,9404.5,9404.5,9414.0,9404.5,9.5
43867,10,15,9413.25,4,2020-02-06,2020-02-06 10:15:00,2020-02-06 10:15:00,NQH20.csv,1430,NQH20.csv,-2.0,9403.75,9403.75,18826.5,18807.5,-19.0
43867,12,0,9423.75,7,2020-02-06,2020-02-06 12:00:00,2020-02-06 12:00:00,NQH20.csv,1029,NQH20.csv,3.0,9432.0,9432.0,28271.25,28296.0,-24.75
43867,13,15,9441.5,9,2020-02-06,2020-02-06 13:15:00,2020-02-06 13:15:00,NQH20.csv,401,NQH20.csv,2.0,9441.75,9441.75,18883.0,18883.5,-0.5
43867,13,45,9438.25,7,2020-02-06,2020-02-06 13:45:00,2020-02-06 13:45:00,NQH20.csv,474,NQH20.csv,-2.0,9439.0,9439.0,18876.5,18878.0,1.5
43867,14,0,9442.75,8,2020-02-06,2020-02-06 14:00:00,2020-02-06 14:00:00,NQH20.csv,395,NQH20.csv,1.0,9444.25,9444.25,9442.75,9444.25,-1.5
43867,14,30,9441.0,10,2020-02-06,2020-02-06 14:30:00,2020-02-06 14:30:00,NQH20.csv,804,NQH20.csv,2.0,9442.25,9442.25,18882.0,18884.5,-2.5
43867,15,0,9432.25,11,2020-02-06,2020-02-06 15:00:00,2020-02-06 15:00:00,NQH20.csv,854,NQH20.csv,1.0,9431.5,9437.0,9432.25,9437.0,-4.75
43867,15,5,9435.75,9,2020-02-06,2020-02-06 15:05:00,2020-02-06 15:05:00,NQH20.csv,408,NQH20.csv,-2.0,9440.0,9440.0,18871.5,18880.0,8.5
43867,16,0,9452.0,3,2020-02-06,2020-02-06 16:00:00,2020-02-06 16:00:00,NQH20.csv,1757,NQH20.csv,-6.0,9448.5,9448.5,56712.0,56691.0,-21.0
43868,2,30,9441.5,0,2020-02-07,2020-02-07 02:30:00,2020-02-07 02:30:00,NQH20.csv,491,NQH20.csv,-3.0,9439.75,9439.75,28324.5,28319.25,-5.25
43868,6,0,9402.75,2,2020-02-07,2020-02-07 06:00:00,2020-02-07 06:00:00,NQH20.csv,546,NQH20.csv,2.0,9400.25,9400.25,18805.5,18800.5,5.0
43868,6,30,9414.0,0,2020-02-07,2020-02-07 06:30:00,2020-02-07 06:30:00,NQH20.csv,126,NQH20.csv,-2.0,9415.75,9415.75,18828.0,18831.5,3.5
43868,9,15,9413.75,1,2020-02-07,2020-02-07 09:15:00,2020-02-07 09:15:00,NQH20.csv,284,NQH20.csv,1.0,9415.5,9415.5,9413.75,9415.5,-1.75
43868,9,45,9394.25,3,2020-02-07,2020-02-07 09:45:00,2020-02-07 09:45:00,NQH20.csv,1466,NQH20.csv,2.0,9392.25,9392.25,18788.5,18784.5,4.0
43868,10,0,9398.0,4,2020-02-07,2020-02-07 10:00:00,2020-02-07 10:00:00,NQH20.csv,2324,NQH20.csv,1.0,9393.0,9393.0,9398.0,9393.0,5.0
43868,10,15,9407.75,1,2020-02-07,2020-02-07 10:15:00,2020-02-07 10:15:00,NQH20.csv,1329,NQH20.csv,-3.0,9405.75,9405.75,28223.25,28217.25,-6.0
43868,12,0,9451.75,5,2020-02-07,2020-02-07 12:00:00,2020-02-07 12:00:00,NQH20.csv,910,NQH20.csv,4.0,9449.0,9449.0,37807.0,37796.0,11.0
43868,14,0,9413.25,9,2020-02-07,2020-02-07 14:00:00,2020-02-07 14:00:00,NQH20.csv,1707,NQH20.csv,4.0,9408.75,9408.75,37653.0,37635.0,18.0
43868,14,30,9400.0,10,2020-02-07,2020-02-07 14:30:00,2020-02-07 14:30:00,NQH20.csv,1836,NQH20.csv,1.0,9404.75,9404.75,9400.0,9404.75,-4.75
43868,14,45,9415.5,6,2020-02-07,2020-02-07 14:45:00,2020-02-07 14:45:00,NQH20.csv,1197,NQH20.csv,-4.0,9411.0,9411.0,37662.0,37644.0,-18.0
43868,15,0,9415.75,10,2020-02-07,2020-02-07 15:00:00,2020-02-07 15:00:00,NQH20.csv,559,NQH20.csv,4.0,9417.0,9417.0,37663.0,37668.0,-5.0
43868,15,15,9409.75,11,2020-02-07,2020-02-07 15:15:00,2020-02-07 15:15:00,NQH20.csv,703,NQH20.csv,1.0,9411.5,9411.5,9409.75,9411.5,-1.75
43868,15,40,9407.5,9,2020-02-07,2020-02-07 15:40:00,2020-02-07 15:40:00,NQH20.csv,823,NQH20.csv,-2.0,9412.75,9412.75,18815.0,18825.5,10.5
43868,15,45,9415.5,11,2020-02-07,2020-02-07 15:45:00,2020-02-07 15:45:00,NQH20.csv,638,NQH20.csv,2.0,9414.75,9414.75,18831.0,18829.5,1.5
43868,16,0,9412.75,0,2020-02-07,2020-02-07 16:00:00,2020-02-07 16:00:00,NQH20.csv,2530,NQH20.csv,-11.0,9407.25,9407.25,103540.25,103479.75,-60.5
43871,2,30,9422.75,11,2020-02-10,2020-02-10 02:30:00,2020-02-10 02:30:00,NQH20.csv,54,NQH20.csv,11.0,9422.5,9422.5,103650.25,103647.5,2.75
43871,2,35,9420.75,9,2020-02-10,2020-02-10 02:35:00,2020-02-10 02:35:00,NQH20.csv,195,NQH20.csv,-2.0,9421.0,9421.0,18841.5,18842.0,0.5
43871,12,0,9476.5,11,2020-02-10,2020-02-10 12:00:00,2020-02-10 12:00:00,NQH20.csv,413,NQH20.csv,2.0,9476.0,9476.0,18953.0,18952.0,1.0
43871,12,5,9466.25,10,2020-02-10,2020-02-10 12:05:00,2020-02-10 12:05:00,NQH20.csv,989,NQH20.csv,-1.0,9466.75,9466.75,9466.25,9466.75,0.5
43871,16,0,9525.75,9,2020-02-10,2020-02-10 16:00:00,2020-02-10 16:00:00,NQH20.csv,2153,NQH20.csv,-1.0,9526.0,9526.0,9525.75,9526.0,0.25
43872,2,30,9563.25,4,2020-02-11,2020-02-11 02:30:00,2020-02-11 02:30:00,NQH20.csv,165,NQH20.csv,-5.0,9561.0,9561.0,47816.25,47805.0,-11.25
43872,4,30,9555.5,0,2020-02-11,2020-02-11 04:30:00,2020-02-11 04:30:00,NQH20.csv,538,NQH20.csv,-4.0,9552.75,9552.75,38222.0,38211.0,-11.0
43872,6,30,9561.0,2,2020-02-11,2020-02-11 06:30:00,2020-02-11 06:30:00,NQH20.csv,182,NQH20.csv,2.0,9560.25,9560.25,19122.0,19120.5,1.5
43872,7,0,9555.5,0,2020-02-11,2020-02-11 07:00:00,2020-02-11 07:00:00,NQH20.csv,166,NQH20.csv,-2.0,9558.25,9558.25,19111.0,19116.5,5.5
43872,7,15,9565.0,2,2020-02-11,2020-02-11 07:15:00,2020-02-11 07:15:00,NQH20.csv,201,NQH20.csv,2.0,9564.25,9564.25,19130.0,19128.5,1.5
43872,7,45,9568.5,0,2020-02-11,2020-02-11 07:45:00,2020-02-11 07:45:00,NQH20.csv,118,NQH20.csv,-2.0,9570.5,9570.5,19137.0,19141.0,4.0
43872,11,45,9571.5,4,2020-02-11,2020-02-11 11:45:00,2020-02-11 11:45:00,NQH20.csv,1818,NQH20.csv,4.0,9571.0,9571.0,38286.0,38284.0,2.0
43872,12,0,9560.75,7,2020-02-11,2020-02-11 12:00:00,2020-02-11 12:00:00,NQH20.csv,1331,NQH20.csv,3.0,9566.5,9566.5,28682.25,28699.5,-17.25
43872,12,15,9564.5,3,2020-02-11,2020-02-11 12:15:00,2020-02-11 12:15:00,NQH20.csv,671,NQH20.csv,-4.0,9574.0,9574.0,38258.0,38296.0,38.0
43872,13,45,9575.0,5,2020-02-11,2020-02-11 13:45:00,2020-02-11 13:45:00,NQH20.csv,620,NQH20.csv,2.0,9572.0,9572.0,19150.0,19144.0,6.0
43872,14,0,9554.25,7,2020-02-11,2020-02-11 14:00:00,2020-02-11 14:00:00,NQH20.csv,1590,NQH20.csv,2.0,9539.5,9539.5,19108.5,19079.0,29.5
43872,14,15,9541.0,5,2020-02-11,2020-02-11 14:15:00,2020-02-11 14:15:00,NQH20.csv,568,NQH20.csv,-2.0,9539.25,9539.25,19082.0,19078.5,-3.5
43872,15,45,9532.5,7,2020-02-11,2020-02-11 15:45:00,2020-02-11 15:45:00,NQH20.csv,854,NQH20.csv,2.0,9527.25,9527.25,19065.0,19054.5,10.5
43872,16,0,9527.0,0,2020-02-11,2020-02-11 16:00:00,2020-02-11 16:00:00,NQH20.csv,886,NQH20.csv,-7.0,9526.0,9526.0,66689.0,66682.0,-7.0
43873,2,30,9562.25,8,2020-02-12,2020-02-12 02:30:00,2020-02-12 02:30:00,NQH20.csv,61,NQH20.csv,8.0,9561.5,9561.5,76498.0,76492.0,6.0
43873,4,30,9571.0,5,2020-02-12,2020-02-12 04:30:00,2020-02-12 04:30:00,NQH20.csv,132,NQH20.csv,-3.0,9571.0,9571.0,28713.0,28713.0,-0.0
43873,10,0,9584.0,7,2020-02-12,2020-02-12 10:00:00,2020-02-12 10:00:00,NQH20.csv,2972,NQH20.csv,2.0,9585.0,9585.0,19168.0,19170.0,-2.0
43873,10,30,9572.25,10,2020-02-12,2020-02-12 10:30:00,2020-02-12 10:30:00,NQH20.csv,1263,NQH20.csv,3.0,9572.25,9572.25,28716.75,28716.75,0.0
43873,12,0,9602.0,11,2020-02-12,2020-02-12 12:00:00,2020-02-12 12:00:00,NQH20.csv,509,NQH20.csv,1.0,9605.75,9605.75,9602.0,9605.75,-3.75
43873,12,30,9608.75,8,2020-02-12,2020-02-12 12:30:00,2020-02-12 12:30:00,NQH20.csv,363,NQH20.csv,-3.0,9617.0,9617.0,28826.25,28851.0,24.75
43873,14,0,9608.75,6,2020-02-12,2020-02-12 14:00:00,2020-02-12 14:00:00,NQH20.csv,330,NQH20.csv,-2.0,9609.25,9609.25,19217.5,19218.5,1.0
43873,15,30,9608.25,11,2020-02-12,2020-02-12 15:30:00,2020-02-12 15:30:00,NQH20.csv,652,NQH20.csv,5.0,9604.5,9604.5,48041.25,48022.5,18.75
43873,15,35,9609.75,9,2020-02-12,2020-02-12 15:35:00,2020-02-12 15:35:00,NQH20.csv,679,NQH20.csv,-2.0,9611.75,9611.75,19219.5,19223.5,4.0
43873,16,0,9619.5,5,2020-02-12,2020-02-12 16:00:00,2020-02-12 16:00:00,NQH20.csv,1808,NQH20.csv,-4.0,9622.5,9622.5,38478.0,38490.0,12.0
43874,2,30,9573.25,4,2020-02-13,2020-02-13 02:30:00,2020-02-13 02:30:00,NQH20.csv,218,NQH20.csv,-1.0,9573.75,9573.75,9573.25,9573.75,0.5
43874,4,30,9548.5,0,2020-02-13,2020-02-13 04:30:00,2020-02-13 04:30:00,NQH20.csv,273,NQH20.csv,-4.0,9550.5,9550.5,38194.0,38202.0,8.0
43874,5,0,9540.5,4,2020-02-13,2020-02-13 05:00:00,2020-02-13 05:00:00,NQH20.csv,556,NQH20.csv,4.0,9538.75,9538.75,38162.0,38155.0,7.0
43874,5,30,9542.25,0,2020-02-13,2020-02-13 05:30:00,2020-02-13 05:30:00,NQH20.csv,297,NQH20.csv,-4.0,9543.5,9543.5,38169.0,38174.0,5.0
43874,7,30,9540.5,5,2020-02-13,2020-02-13 07:30:00,2020-02-13 07:30:00,NQH20.csv,335,NQH20.csv,5.0,9540.75,9540.75,47702.5,47703.75,-1.25
43874,8,0,9545.75,0,2020-02-13,2020-02-13 08:00:00,2020-02-13 08:00:00,NQH20.csv,1110,NQH20.csv,-5.0,9550.25,9550.25,47728.75,47751.25,22.5
43874,9,15,9554.75,1,2020-02-13,2020-02-13 09:15:00,2020-02-13 09:15:00,NQH20.csv,450,NQH20.csv,1.0,9556.25,9556.25,9554.75,9556.25,-1.5
43874,10,15,9583.75,0,2020-02-13,2020-02-13 10:15:00,2020-02-13 10:15:00,NQH20.csv,1406,NQH20.csv,-1.0,9586.0,9586.0,9583.75,9586.0,2.25
43874,10,30,9583.75,5,2020-02-13,2020-02-13 10:30:00,2020-02-13 10:30:00,NQH20.csv,859,NQH20.csv,5.0,9583.75,9583.75,47918.75,47918.75,0.0
43874,11,0,9608.5,7,2020-02-13,2020-02-13 11:00:00,2020-02-13 11:00:00,NQH20.csv,1760,NQH20.csv,2.0,9611.75,9611.75,19217.0,19223.5,-6.5
43874,11,30,9618.5,5,2020-02-13,2020-02-13 11:30:00,2020-02-13 11:30:00,NQH20.csv,942,NQH20.csv,-2.0,9622.0,9622.0,19237.0,19244.0,7.0
43874,12,0,9614.5,8,2020-02-13,2020-02-13 12:00:00,2020-02-13 12:00:00,NQH20.csv,626,NQH20.csv,3.0,9616.5,9616.5,28843.5,28849.5,-6.0
43874,12,30,9625.75,3,2020-02-13,2020-02-13 12:30:00,2020-02-13 12:30:00,NQH20.csv,563,NQH20.csv,-5.0,9625.25,9625.25,48128.75,48126.25,-2.5
43874,12,45,9619.75,7,2020-02-13,2020-02-13 12:45:00,2020-02-13 12:45:00,NQH20.csv,711,NQH20.csv,4.0,9619.25,9619.25,38479.0,38477.0,2.0
43874,13,15,9605.0,3,2020-02-13,2020-02-13 13:15:00,2020-02-13 13:15:00,NQH20.csv,1359,NQH20.csv,-4.0,9607.25,9607.25,38420.0,38429.0,9.0
43874,14,30,9628.0,6,2020-02-13,2020-02-13 14:30:00,2020-02-13 14:30:00,NQH20.csv,657,NQH20.csv,3.0,9631.25,9631.25,28884.0,28893.75,-9.75
43874,15,0,9634.25,7,2020-02-13,2020-02-13 15:00:00,2020-02-13 15:00:00,NQH20.csv,526,NQH20.csv,1.0,9632.25,9632.25,9634.25,9632.25,2.0
43874,15,30,9614.75,11,2020-02-13,2020-02-13 15:30:00,2020-02-13 15:30:00,NQH20.csv,750,NQH20.csv,4.0,9610.75,9610.75,38459.0,38443.0,16.0
43874,15,35,9607.75,9,2020-02-13,2020-02-13 15:35:00,2020-02-13 15:35:00,NQH20.csv,1112,NQH20.csv,-2.0,9607.0,9607.0,19215.5,19214.0,-1.5
43874,15,45,9600.5,11,2020-02-13,2020-02-13 15:45:00,2020-02-13 15:45:00,NQH20.csv,2233,NQH20.csv,2.0,9601.5,9601.5,19201.0,19203.0,-2.0
43874,16,0,9607.5,0,2020-02-13,2020-02-13 16:00:00,2020-02-13 16:00:00,NQH20.csv,1780,NQH20.csv,-11.0,9612.75,9612.75,105682.5,105740.25,57.75
43875,2,30,9645.0,-3,2020-02-14,2020-02-14 02:30:00,2020-02-14 02:30:00,NQH20.csv,113,NQH20.csv,-3.0,9646.0,9646.0,28935.0,28938.0,3.0
43875,4,30,9631.75,0,2020-02-14,2020-02-14 04:30:00,2020-02-14 04:30:00,NQH20.csv,133,NQH20.csv,3.0,9630.25,9630.25,28895.25,28890.75,4.5
43875,9,15,9619.75,-2,2020-02-14,2020-02-14 09:15:00,2020-02-14 09:15:00,NQH20.csv,401,NQH20.csv,-2.0,9623.25,9623.25,19239.5,19246.5,7.0
43875,10,15,9600.25,0,2020-02-14,2020-02-14 10:15:00,2020-02-14 10:15:00,NQH20.csv,1617,NQH20.csv,2.0,9603.25,9603.25,19200.5,19206.5,-6.0
43875,12,15,9612.75,5,2020-02-14,2020-02-14 12:15:00,2020-02-14 12:15:00,NQH20.csv,937,NQH20.csv,5.0,9613.0,9613.0,48063.75,48065.0,-1.25
43875,12,45,9610.25,0,2020-02-14,2020-02-14 12:45:00,2020-02-14 12:45:00,NQH20.csv,1287,NQH20.csv,-5.0,9608.25,9608.25,48051.25,48041.25,-10.0
43878,2,30,9669.5,4,2020-02-17,2020-02-17 02:30:00,2020-02-17 02:30:00,NQH20.csv,94,NQH20.csv,4.0,9669.5,9669.5,38678.0,38678.0,0.0
43878,4,30,9672.0,0,2020-02-17,2020-02-17 04:30:00,2020-02-17 04:30:00,NQH20.csv,15,NQH20.csv,-4.0,9672.25,9672.25,38688.0,38689.0,1.0
43878,9,15,9657.0,2,2020-02-17,2020-02-17 09:15:00,2020-02-17 09:15:00,NQH20.csv,57,NQH20.csv,2.0,9658.0,9658.0,19314.0,19316.0,-2.0
43878,9,45,9662.5,4,2020-02-17,2020-02-17 09:45:00,2020-02-17 09:45:00,NQH20.csv,297,NQH20.csv,2.0,9657.75,9657.75,19325.0,19315.5,9.5
43878,10,15,9659.75,0,2020-02-17,2020-02-17 10:15:00,2020-02-17 10:15:00,NQH20.csv,76,NQH20.csv,-4.0,9661.0,9661.0,38639.0,38644.0,5.0
43878,12,0,9667.0,2,2020-02-17,2020-02-17 12:00:00,2020-02-17 12:00:00,NQH20.csv,51,NQH20.csv,2.0,9667.5,9667.5,19334.0,19335.0,-1.0
43878,16,0,9666.5,0,2020-02-17,2020-02-17 16:00:00,2020-02-17 16:00:00,NQH20.csv,3275,NQH20.csv,-2.0,9667.25,9623.0,19333.0,19246.0,-87.0
43879,2,30,9552.25,3,2020-02-18,2020-02-18 02:30:00,2020-02-18 02:30:00,NQH20.csv,293,NQH20.csv,3.0,9552.0,9552.0,28656.75,28656.0,0.75
43879,6,0,9567.25,5,2020-02-18,2020-02-18 06:00:00,2020-02-18 06:00:00,NQH20.csv,349,NQH20.csv,2.0,9567.0,9567.0,19134.5,19134.0,0.5
43879,7,0,9557.0,9,2020-02-18,2020-02-18 07:00:00,2020-02-18 07:00:00,NQH20.csv,205,NQH20.csv,4.0,9556.75,9556.75,38228.0,38227.0,1.0
43879,7,30,9570.0,5,2020-02-18,2020-02-18 07:30:00,2020-02-18 07:30:00,NQH20.csv,151,NQH20.csv,-4.0,9570.25,9570.25,38280.0,38281.0,1.0
43879,8,0,9571.25,3,2020-02-18,2020-02-18 08:00:00,2020-02-18 08:00:00,NQH20.csv,271,NQH20.csv,-2.0,9571.5,9571.5,19142.5,19143.0,0.5
43879,10,30,9597.0,4,2020-02-18,2020-02-18 10:30:00,2020-02-18 10:30:00,NQH20.csv,2944,NQH20.csv,1.0,9596.5,9596.5,9597.0,9596.5,0.5
43879,10,45,9612.0,6,2020-02-18,2020-02-18 10:45:00,2020-02-18 10:45:00,NQH20.csv,2381,NQH20.csv,2.0,9611.5,9621.25,19224.0,19242.5,-18.5
43879,11,15,9605.5,4,2020-02-18,2020-02-18 11:15:00,2020-02-18 11:15:00,NQH20.csv,1122,NQH20.csv,-2.0,9606.0,9606.0,19211.0,19212.0,1.0
43879,11,45,9579.25,7,2020-02-18,2020-02-18 11:45:00,2020-02-18 11:45:00,NQH20.csv,1235,NQH20.csv,3.0,9578.75,9578.75,28737.75,28736.25,1.5
43879,12,15,9595.75,-1,2020-02-18,2020-02-18 12:15:00,2020-02-18 12:15:00,NQH20.csv,874,NQH20.csv,-8.0,9596.25,9596.25,76766.0,76770.0,4.0
43879,12,30,9599.25,-2,2020-02-18,2020-02-18 12:30:00,2020-02-18 12:30:00,NQH20.csv,1062,NQH20.csv,-1.0,9599.75,9599.75,9599.25,9599.75,0.5
43879,12,45,9609.0,7,2020-02-18,2020-02-18 12:45:00,2020-02-18 12:45:00,NQH20.csv,554,NQH20.csv,9.0,9608.5,9608.5,86481.0,86476.5,4.5
43879,13,15,9625.25,3,2020-02-18,2020-02-18 13:15:00,2020-02-18 13:15:00,NQH20.csv,532,NQH20.csv,-4.0,9625.75,9625.75,38501.0,38503.0,2.0
43879,14,0,9616.0,5,2020-02-18,2020-02-18 14:00:00,2020-02-18 14:00:00,NQH20.csv,662,NQH20.csv,2.0,9615.5,9615.5,19232.0,19231.0,1.0
43879,14,30,9639.5,-1,2020-02-18,2020-02-18 14:30:00,2020-02-18 14:30:00,NQH20.csv,1014,NQH20.csv,-6.0,9640.0,9636.25,57837.0,57817.5,-19.5
43879,15,30,9642.5,2,2020-02-18,2020-02-18 15:30:00,2020-02-18 15:30:00,NQH20.csv,705,NQH20.csv,3.0,9642.0,9642.0,28927.5,28926.0,1.5
43879,16,0,9636.5,3,2020-02-18,2020-02-18 16:00:00,2020-02-18 16:00:00,NQH20.csv,1440,NQH20.csv,1.0,9636.0,9636.0,9636.5,9636.0,0.5
43880,2,30,9667.25,-1,2020-02-19,2020-02-19 02:30:00,2020-02-19 02:30:00,NQH20.csv,66,NQH20.csv,-4.0,9668.75,9668.75,38669.0,38675.0,6.0
43880,4,30,9669.5,3,2020-02-19,2020-02-19 04:30:00,2020-02-19 04:30:00,NQH20.csv,167,NQH20.csv,4.0,9670.75,9670.75,38678.0,38683.0,-5.0
43880,10,0,9711.75,5,2020-02-19,2020-02-19 10:00:00,2020-02-19 10:00:00,NQH20.csv,1258,NQH20.csv,2.0,9711.0,9711.0,19423.5,19422.0,1.5
43880,10,30,9717.25,6,2020-02-19,2020-02-19 10:30:00,2020-02-19 10:30:00,NQH20.csv,1080,NQH20.csv,1.0,9718.75,9718.75,9717.25,9718.75,-1.5
43880,12,0,9734.5,9,2020-02-19,2020-02-19 12:00:00,2020-02-19 12:00:00,NQH20.csv,345,NQH20.csv,3.0,9731.25,9731.25,29203.5,29193.75,9.75
43880,12,30,9733.25,8,2020-02-19,2020-02-19 12:30:00,2020-02-19 12:30:00,NQH20.csv,387,NQH20.csv,-1.0,9737.5,9737.5,9733.25,9737.5,4.25
43880,14,0,9734.75,11,2020-02-19,2020-02-19 14:00:00,2020-02-19 14:00:00,NQH20.csv,1081,NQH20.csv,3.0,9734.0,9734.0,29204.25,29202.0,2.25
43880,14,35,9739.25,9,2020-02-19,2020-02-19 14:35:00,2020-02-19 14:35:00,NQH20.csv,268,NQH20.csv,-2.0,9741.5,9741.5,19478.5,19483.0,4.5
43880,15,0,9742.25,10,2020-02-19,2020-02-19 15:00:00,2020-02-19 15:00:00,NQH20.csv,409,NQH20.csv,1.0,9740.5,9740.5,9742.25,9740.5,1.75
43880,15,30,9733.0,11,2020-02-19,2020-02-19 15:30:00,2020-02-19 15:30:00,NQH20.csv,740,NQH20.csv,1.0,9731.0,9731.0,9733.0,9731.0,2.0
43880,15,40,9725.0,9,2020-02-19,2020-02-19 15:40:00,2020-02-19 15:40:00,NQH20.csv,1197,NQH20.csv,-2.0,9730.5,9730.5,19450.0,19461.0,11.0
43880,16,0,9728.0,3,2020-02-19,2020-02-19 16:00:00,2020-02-19 16:00:00,NQH20.csv,2286,NQH20.csv,-6.0,9735.75,9735.75,58368.0,58414.5,46.5
43881,2,30,9738.5,9,2020-02-20,2020-02-20 02:30:00,2020-02-20 02:30:00,NQH20.csv,234,NQH20.csv,6.0,9738.75,9738.75,58431.0,58432.5,-1.5
43881,3,30,9714.0,11,2020-02-20,2020-02-20 03:30:00,2020-02-20 03:30:00,NQH20.csv,292,NQH20.csv,2.0,9715.25,9715.25,19428.0,19430.5,-2.5
43881,3,35,9711.25,9,2020-02-20,2020-02-20 03:35:00,2020-02-20 03:35:00,NQH20.csv,233,NQH20.csv,-2.0,9714.0,9714.0,19422.5,19428.0,5.5
43881,6,0,9721.0,10,2020-02-20,2020-02-20 06:00:00,2020-02-20 06:00:00,NQH20.csv,266,NQH20.csv,1.0,9716.5,9716.5,9721.0,9716.5,4.5
43881,7,15,9713.75,11,2020-02-20,2020-02-20 07:15:00,2020-02-20 07:15:00,NQH20.csv,227,NQH20.csv,1.0,9715.0,9715.0,9713.75,9715.0,-1.25
43881,7,20,9714.5,9,2020-02-20,2020-02-20 07:20:00,2020-02-20 07:20:00,NQH20.csv,425,NQH20.csv,-2.0,9711.75,9711.75,19429.0,19423.5,-5.5
43881,7,45,9709.0,10,2020-02-20,2020-02-20 07:45:00,2020-02-20 07:45:00,NQH20.csv,105,NQH20.csv,1.0,9709.25,9709.25,9709.0,9709.25,-0.25
43881,8,0,9712.75,9,2020-02-20,2020-02-20 08:00:00,2020-02-20 08:00:00,NQH20.csv,396,NQH20.csv,-1.0,9712.75,9712.75,9712.75,9712.75,-0.0
43881,9,15,9704.5,11,2020-02-20,2020-02-20 09:15:00,2020-02-20 09:15:00,NQH20.csv,139,NQH20.csv,2.0,9704.5,9704.5,19409.0,19409.0,0.0
43881,9,20,9703.0,9,2020-02-20,2020-02-20 09:20:00,2020-02-20 09:20:00,NQH20.csv,107,NQH20.csv,-2.0,9704.25,9704.25,19406.0,19408.5,2.5
43881,10,30,9703.5,11,2020-02-20,2020-02-20 10:30:00,2020-02-20 10:30:00,NQH20.csv,1166,NQH20.csv,2.0,9704.5,9704.5,19407.0,19409.0,-2.0
43881,10,35,9705.5,9,2020-02-20,2020-02-20 10:35:00,2020-02-20 10:35:00,NQH20.csv,827,NQH20.csv,-2.0,9706.0,9706.0,19411.0,19412.0,1.0
43881,11,45,9580.75,2,2020-02-20,2020-02-20 11:45:00,2020-02-20 11:45:00,NQH20.csv,2996,NQH20.csv,-7.0,9566.25,9566.25,67065.25,66963.75,-101.5
43881,12,15,9579.5,9,2020-02-20,2020-02-20 12:15:00,2020-02-20 12:15:00,NQH20.csv,1454,NQH20.csv,7.0,9564.0,9564.0,67056.5,66948.0,108.5
43881,13,45,9584.0,11,2020-02-20,2020-02-20 13:45:00,2020-02-20 13:45:00,NQH20.csv,1268,NQH20.csv,2.0,9593.5,9593.5,19168.0,19187.0,-19.0
43881,14,15,9618.25,10,2020-02-20,2020-02-20 14:15:00,2020-02-20 14:15:00,NQH20.csv,1155,NQH20.csv,-1.0,9615.5,9615.5,9618.25,9615.5,-2.75
43881,14,45,9629.75,3,2020-02-20,2020-02-20 14:45:00,2020-02-20 14:45:00,NQH20.csv,383,NQH20.csv,-7.0,9628.75,9628.75,67408.25,67401.25,-7.0
43881,15,15,9606.75,9,2020-02-20,2020-02-20 15:15:00,2020-02-20 15:15:00,NQH20.csv,1291,NQH20.csv,6.0,9613.5,9613.5,57640.5,57681.0,-40.5
43881,15,30,9622.75,11,2020-02-20,2020-02-20 15:30:00,2020-02-20 15:30:00,NQH20.csv,2242,NQH20.csv,2.0,9633.25,9633.25,19245.5,19266.5,-21.0
43881,15,35,9632.25,9,2020-02-20,2020-02-20 15:35:00,2020-02-20 15:35:00,NQH20.csv,1530,NQH20.csv,-2.0,9633.75,9633.75,19264.5,19267.5,3.0
43882,2,30,9555.25,4,2020-02-21,2020-02-21 02:30:00,2020-02-21 02:30:00,NQH20.csv,714,NQH20.csv,-5.0,9554.0,9554.0,47776.25,47770.0,-6.25
43882,3,30,9564.5,6,2020-02-21,2020-02-21 03:30:00,2020-02-21 03:30:00,NQH20.csv,1253,NQH20.csv,2.0,9580.5,9580.5,19129.0,19161.0,-32.0
43882,4,30,9570.75,5,2020-02-21,2020-02-21 04:30:00,2020-02-21 04:30:00,NQH20.csv,323,NQH20.csv,-1.0,9569.25,9569.25,9570.75,9569.25,-1.5
43882,5,30,9580.25,-3,2020-02-21,2020-02-21 05:30:00,2020-02-21 05:30:00,NQH20.csv,101,NQH20.csv,-8.0,9578.0,9578.0,76642.0,76624.0,-18.0
43882,6,0,9581.0,3,2020-02-21,2020-02-21 06:00:00,2020-02-21 06:00:00,NQH20.csv,113,NQH20.csv,6.0,9583.0,9583.0,57486.0,57498.0,-12.0
43882,6,15,9570.75,6,2020-02-21,2020-02-21 06:15:00,2020-02-21 06:15:00,NQH20.csv,290,NQH20.csv,3.0,9572.0,9572.0,28712.25,28716.0,-3.75
43882,6,45,9586.0,-4,2020-02-21,2020-02-21 06:45:00,2020-02-21 06:45:00,NQH20.csv,445,NQH20.csv,-10.0,9586.5,9586.5,95860.0,95865.0,5.0
43882,7,15,9578.25,3,2020-02-21,2020-02-21 07:15:00,2020-02-21 07:15:00,NQH20.csv,105,NQH20.csv,7.0,9579.0,9579.0,67047.75,67053.0,-5.25
43882,9,15,9598.25,5,2020-02-21,2020-02-21 09:15:00,2020-02-21 09:15:00,NQH20.csv,259,NQH20.csv,2.0,9601.25,9601.25,19196.5,19202.5,-6.0
43882,10,15,9493.75,3,2020-02-21,2020-02-21 10:15:00,2020-02-21 10:15:00,NQH20.csv,2445,NQH20.csv,-2.0,9500.0,9500.0,18987.5,19000.0,12.5
43882,10,45,9484.25,-2,2020-02-21,2020-02-21 10:45:00,2020-02-21 10:45:00,NQH20.csv,1943,NQH20.csv,-5.0,9476.75,9476.75,47421.25,47383.75,-37.5
43882,11,15,9512.0,3,2020-02-21,2020-02-21 11:15:00,2020-02-21 11:15:00,NQH20.csv,1439,NQH20.csv,5.0,9507.75,9507.75,47560.0,47538.75,21.25
43882,12,30,9503.0,6,2020-02-21,2020-02-21 12:30:00,2020-02-21 12:30:00,NQH20.csv,1005,NQH20.csv,3.0,9504.25,9504.25,28509.0,28512.75,-3.75
43882,12,45,9497.5,7,2020-02-21,2020-02-21 12:45:00,2020-02-21 12:45:00,NQH20.csv,715,NQH20.csv,1.0,9493.0,9493.0,9497.5,9493.0,4.5
43882,13,0,9485.75,4,2020-02-21,2020-02-21 13:00:00,2020-02-21 13:00:00,NQH20.csv,741,NQH20.csv,-3.0,9491.25,9491.25,28457.25,28473.75,16.5
43882,13,15,9468.75,3,2020-02-21,2020-02-21 13:15:00,2020-02-21 13:15:00,NQH20.csv,1551,NQH20.csv,-1.0,9478.0,9478.0,9468.75,9478.0,9.25
43882,13,30,9468.0,6,2020-02-21,2020-02-21 13:30:00,2020-02-21 13:30:00,NQH20.csv,2571,NQH20.csv,3.0,9464.5,9464.5,28404.0,28393.5,10.5
43882,13,45,9447.5,2,2020-02-21,2020-02-21 13:45:00,2020-02-21 13:45:00,NQH20.csv,1856,NQH20.csv,-4.0,9442.0,9442.0,37790.0,37768.0,-22.0
43882,14,15,9427.5,6,2020-02-21,2020-02-21 14:15:00,2020-02-21 14:15:00,NQH20.csv,920,NQH20.csv,4.0,9425.5,9425.5,37710.0,37702.0,8.0
43882,14,45,9445.25,3,2020-02-21,2020-02-21 14:45:00,2020-02-21 14:45:00,NQH20.csv,1485,NQH20.csv,-3.0,9435.0,9435.0,28335.75,28305.0,-30.75
43882,15,0,9444.0,5,2020-02-21,2020-02-21 15:00:00,2020-02-21 15:00:00,NQH20.csv,1133,NQH20.csv,2.0,9437.75,9437.75,18888.0,18875.5,12.5
43882,15,15,9433.75,8,2020-02-21,2020-02-21 15:15:00,2020-02-21 15:15:00,NQH20.csv,640,NQH20.csv,3.0,9427.5,9427.5,28301.25,28282.5,18.75
43882,15,30,9425.0,10,2020-02-21,2020-02-21 15:30:00,2020-02-21 15:30:00,NQH20.csv,1147,NQH20.csv,2.0,9425.75,9425.75,18850.0,18851.5,-1.5
43882,16,0,9452.5,3,2020-02-21,2020-02-21 16:00:00,2020-02-21 16:00:00,NQH20.csv,3253,NQH20.csv,-7.0,9463.25,9456.25,66167.5,66193.75,26.25
43882,16,15,9459.25,0,2020-02-21,2020-02-21 16:15:00,2020-02-21 16:15:00,NQH20.csv,1217,NQH20.csv,-3.0,9458.75,9459.5,28377.75,28378.5,0.75
43885,3,30,9205.75,-4,2020-02-24,2020-02-24 03:30:00,2020-02-24 03:30:00,NQH20.csv,1634,NQH20.csv,-4.0,9206.5,9206.5,36823.0,36826.0,3.0
43885,5,30,9171.25,0,2020-02-24,2020-02-24 05:30:00,2020-02-24 05:30:00,NQH20.csv,402,NQH20.csv,4.0,9170.75,9170.75,36685.0,36683.0,2.0
43885,7,15,9213.25,-2,2020-02-24,2020-02-24 07:15:00,2020-02-24 07:15:00,NQH20.csv,483,NQH20.csv,-2.0,9213.75,9213.75,18426.5,18427.5,1.0
43885,7,45,9186.25,0,2020-02-24,2020-02-24 07:45:00,2020-02-24 07:45:00,NQH20.csv,432,NQH20.csv,2.0,9185.75,9185.75,18372.5,18371.5,1.0
43885,9,45,9178.5,-1,2020-02-24,2020-02-24 09:45:00,2020-02-24 09:45:00,NQH20.csv,3501,NQH20.csv,-1.0,9179.25,9179.25,9178.5,9179.25,0.75
43885,10,0,9179.0,2,2020-02-24,2020-02-24 10:00:00,2020-02-24 10:00:00,NQH20.csv,4014,NQH20.csv,3.0,9178.5,9178.5,27537.0,27535.5,1.5
43885,10,15,9200.75,3,2020-02-24,2020-02-24 10:15:00,2020-02-24 10:15:00,NQH20.csv,2111,NQH20.csv,1.0,9200.25,9200.25,9200.75,9200.25,0.5
43885,10,30,9142.0,-7,2020-02-24,2020-02-24 10:30:00,2020-02-24 10:30:00,NQH20.csv,2066,NQH20.csv,-10.0,9142.75,9142.75,91420.0,91427.5,7.5
43885,11,0,9152.25,-4,2020-02-24,2020-02-24 11:00:00,2020-02-24 11:00:00,NQH20.csv,1879,NQH20.csv,3.0,9151.75,9151.75,27456.75,27455.25,1.5
43885,11,30,9135.25,-8,2020-02-24,2020-02-24 11:30:00,2020-02-24 11:30:00,NQH20.csv,1864,NQH20.csv,-4.0,9136.0,9136.0,36541.0,36544.0,3.0
43885,11,45,9107.0,-10,2020-02-24,2020-02-24 11:45:00,2020-02-24 11:45:00,NQH20.csv,1970,NQH20.csv,-2.0,9107.75,9107.75,18214.0,18215.5,1.5
43885,12,0,9108.0,-9,2020-02-24,2020-02-24 12:00:00,2020-02-24 12:00:00,NQH20.csv,1654,NQH20.csv,1.0,9107.5,9107.5,9108.0,9107.5,0.5
43885,12,15,9079.0,-7,2020-02-24,2020-02-24 12:15:00,2020-02-24 12:15:00,NQH20.csv,1497,NQH20.csv,2.0,9078.5,9078.5,18158.0,18157.0,1.0
43885,12,30,9086.0,-5,2020-02-24,2020-02-24 12:30:00,2020-02-24 12:30:00,NQH20.csv,936,NQH20.csv,2.0,9085.5,9085.5,18172.0,18171.0,1.0
43885,12,45,9117.5,-9,2020-02-24,2020-02-24 12:45:00,2020-02-24 12:45:00,NQH20.csv,921,NQH20.csv,-4.0,9118.25,9098.75,36470.0,36395.0,-75.0
43885,13,15,9058.75,-5,2020-02-24,2020-02-24 13:15:00,2020-02-24 13:15:00,NQH20.csv,865,NQH20.csv,4.0,9058.25,9058.25,36235.0,36233.0,2.0
43885,14,0,9103.0,0,2020-02-24,2020-02-24 14:00:00,2020-02-24 14:00:00,NQH20.csv,2413,NQH20.csv,5.0,9102.5,9102.5,45515.0,45512.5,2.5
43885,14,15,9074.25,4,2020-02-24,2020-02-24 14:15:00,2020-02-24 14:15:00,NQH20.csv,1100,NQH20.csv,4.0,9073.75,9073.75,36297.0,36295.0,2.0
43885,14,30,9123.0,0,2020-02-24,2020-02-24 14:30:00,2020-02-24 14:30:00,NQH20.csv,1505,NQH20.csv,-4.0,9123.75,9123.75,36492.0,36495.0,3.0
43885,14,45,9138.0,-7,2020-02-24,2020-02-24 14:45:00,2020-02-24 14:45:00,NQH20.csv,1349,NQH20.csv,-7.0,9138.5,9138.5,63966.0,63969.5,3.5
43885,15,15,9150.25,-4,2020-02-24,2020-02-24 15:15:00,2020-02-24 15:15:00,NQH20.csv,1940,NQH20.csv,3.0,9149.75,9149.75,27450.75,27449.25,1.5
43885,15,30,9142.75,-9,2020-02-24,2020-02-24 15:30:00,2020-02-24 15:30:00,NQH20.csv,1494,NQH20.csv,-5.0,9143.25,9143.25,45713.75,45716.25,2.5
43885,15,45,9116.25,-11,2020-02-24,2020-02-24 15:45:00,2020-02-24 15:45:00,NQH20.csv,2457,NQH20.csv,-2.0,9116.75,9116.75,18232.5,18233.5,1.0
43885,15,50,9137.25,-9,2020-02-24,2020-02-24 15:50:00,2020-02-24 15:50:00,NQH20.csv,2471,NQH20.csv,2.0,9136.75,9136.75,18274.5,18273.5,1.0
43885,16,0,9086.25,0,2020-02-24,2020-02-24 16:00:00,2020-02-24 16:00:00,NQH20.csv,4570,NQH20.csv,9.0,9085.75,9085.75,81776.25,81771.75,4.5
43886,2,30,9193.25,8,2020-02-25,2020-02-25 02:30:00,2020-02-25 02:30:00,NQH20.csv,430,NQH20.csv,8.0,9188.0,9188.0,73546.0,73504.0,42.0
43886,3,30,9174.0,2,2020-02-25,2020-02-25 03:30:00,2020-02-25 03:30:00,NQH20.csv,778,NQH20.csv,-6.0,9188.75,9188.75,55044.0,55132.5,88.5
43886,5,30,9110.0,8,2020-02-25,2020-02-25 05:30:00,2020-02-25 05:30:00,NQH20.csv,425,NQH20.csv,6.0,9107.0,9107.0,54660.0,54642.0,18.0
43886,6,0,9108.75,5,2020-02-25,2020-02-25 06:00:00,2020-02-25 06:00:00,NQH20.csv,378,NQH20.csv,-3.0,9096.5,9096.5,27326.25,27289.5,-36.75
43886,6,45,9134.0,-1,2020-02-25,2020-02-25 06:45:00,2020-02-25 06:45:00,NQH20.csv,347,NQH20.csv,-6.0,9132.0,9132.0,54804.0,54792.0,-12.0
43886,7,15,9119.25,5,2020-02-25,2020-02-25 07:15:00,2020-02-25 07:15:00,NQH20.csv,274,NQH20.csv,6.0,9127.75,9127.75,54715.5,54766.5,-51.0
43886,7,30,9138.75,-1,2020-02-25,2020-02-25 07:30:00,2020-02-25 07:30:00,NQH20.csv,639,NQH20.csv,-6.0,9146.0,9146.0,54832.5,54876.0,43.5
43886,8,0,9169.75,8,2020-02-25,2020-02-25 08:00:00,2020-02-25 08:00:00,NQH20.csv,808,NQH20.csv,9.0,9159.0,9159.0,82527.75,82431.0,96.75
43886,9,45,9123.5,2,2020-02-25,2020-02-25 09:45:00,2020-02-25 09:45:00,NQH20.csv,3923,NQH20.csv,-6.0,9103.75,9103.75,54741.0,54622.5,-118.5
43886,10,15,9115.5,8,2020-02-25,2020-02-25 10:15:00,2020-02-25 10:15:00,NQH20.csv,2350,NQH20.csv,6.0,9104.0,9104.0,54693.0,54624.0,69.0
43886,10,30,9053.5,2,2020-02-25,2020-02-25 10:30:00,2020-02-25 10:30:00,NQH20.csv,3659,NQH20.csv,-6.0,9025.5,9025.5,54321.0,54153.0,-168.0
43886,10,45,9072.0,3,2020-02-25,2020-02-25 10:45:00,2020-02-25 10:45:00,NQH20.csv,3599,NQH20.csv,1.0,9048.5,9048.5,9072.0,9048.5,23.5
43886,11,0,9025.75,0,2020-02-25,2020-02-25 11:00:00,2020-02-25 11:00:00,NQH20.csv,2286,NQH20.csv,-3.0,9011.0,9011.0,27077.25,27033.0,-44.25
43886,11,15,8986.75,-1,2020-02-25,2020-02-25 11:15:00,2020-02-25 11:15:00,NQH20.csv,3166,NQH20.csv,-1.0,8945.25,8945.25,8986.75,8945.25,-41.5
43886,11,30,8986.25,2,2020-02-25,2020-02-25 11:30:00,2020-02-25 11:30:00,NQH20.csv,3124,NQH20.csv,3.0,8994.75,8994.75,26958.75,26984.25,-25.5
43886,12,0,9035.75,-5,2020-02-25,2020-02-25 12:00:00,2020-02-25 12:00:00,NQH20.csv,2184,NQH20.csv,-7.0,9039.0,9039.0,63250.25,63273.0,22.75
43886,12,30,8996.25,5,2020-02-25,2020-02-25 12:30:00,2020-02-25 12:30:00,NQH20.csv,1338,NQH20.csv,10.0,9010.0,9010.0,89962.5,90100.0,-137.5
43886,13,30,8955.5,2,2020-02-25,2020-02-25 13:30:00,2020-02-25 13:30:00,NQH20.csv,1508,NQH20.csv,-3.0,8944.5,8944.5,26866.5,26833.5,-33.0
43886,14,0,8911.0,7,2020-02-25,2020-02-25 14:00:00,2020-02-25 14:00:00,NQH20.csv,3192,NQH20.csv,5.0,8900.0,8900.0,44555.0,44500.0,55.0
43886,14,15,8898.0,3,2020-02-25,2020-02-25 14:15:00,2020-02-25 14:15:00,NQH20.csv,3043,NQH20.csv,-4.0,8874.75,8874.75,35592.0,35499.0,-93.0
43886,14,30,8839.25,1,2020-02-25,2020-02-25 14:30:00,2020-02-25 14:30:00,NQH20.csv,4009,NQH20.csv,-2.0,8843.5,8843.5,17678.5,17687.0,8.5
43886,14,45,8874.5,5,2020-02-25,2020-02-25 14:45:00,2020-02-25 14:45:00,NQH20.csv,2448,NQH20.csv,4.0,8882.25,8882.25,35498.0,35529.0,-31.0
43886,15,0,8897.0,-1,2020-02-25,2020-02-25 15:00:00,2020-02-25 15:00:00,NQH20.csv,3439,NQH20.csv,-6.0,8913.5,8913.5,53382.0,53481.0,99.0
43886,15,30,8856.0,-7,2020-02-25,2020-02-25 15:30:00,2020-02-25 15:30:00,NQH20.csv,2513,NQH20.csv,-6.0,8829.25,8829.25,53136.0,52975.5,-160.5
43886,16,0,8836.25,8,2020-02-25,2020-02-25 16:00:00,2020-02-25 16:00:00,NQH20.csv,2511,NQH20.csv,15.0,8865.0,8865.0,132543.75,132975.0,-431.25
43887,2,30,8881.0,11,2020-02-26,2020-02-26 02:30:00,2020-02-26 02:30:00,NQH20.csv,340,NQH20.csv,3.0,8875.0,8875.0,26643.0,26625.0,18.0
43887,4,30,8783.25,8,2020-02-26,2020-02-26 04:30:00,2020-02-26 04:30:00,NQH20.csv,440,NQH20.csv,-3.0,8768.5,8768.5,26349.75,26305.5,-44.25
43887,5,0,8790.25,10,2020-02-26,2020-02-26 05:00:00,2020-02-26 05:00:00,NQH20.csv,760,NQH20.csv,2.0,8785.25,8785.25,17580.5,17570.5,10.0
43887,5,30,8848.25,1,2020-02-26,2020-02-26 05:30:00,2020-02-26 05:30:00,NQH20.csv,752,NQH20.csv,-9.0,8848.75,8848.75,79634.25,79638.75,4.5
43887,6,0,8806.25,11,2020-02-26,2020-02-26 06:00:00,2020-02-26 06:00:00,NQH20.csv,180,NQH20.csv,10.0,8810.0,8810.0,88062.5,88100.0,-37.5
43887,6,5,8822.0,9,2020-02-26,2020-02-26 06:05:00,2020-02-26 06:05:00,NQH20.csv,869,NQH20.csv,-2.0,8845.0,8845.0,17644.0,17690.0,46.0
43887,6,30,8872.0,8,2020-02-26,2020-02-26 06:30:00,2020-02-26 06:30:00,NQH20.csv,331,NQH20.csv,-1.0,8877.5,8877.5,8872.0,8877.5,5.5
43887,9,15,8906.75,10,2020-02-26,2020-02-26 09:15:00,2020-02-26 09:15:00,NQH20.csv,1044,NQH20.csv,2.0,8904.75,8904.75,17813.5,17809.5,4.0
43887,10,0,8953.5,11,2020-02-26,2020-02-26 10:00:00,2020-02-26 10:00:00,NQH20.csv,3189,NQH20.csv,1.0,8944.25,8944.25,8953.5,8944.25,9.25
43887,10,15,8973.75,9,2020-02-26,2020-02-26 10:15:00,2020-02-26 10:15:00,NQH20.csv,2816,NQH20.csv,-2.0,8988.5,8988.5,17947.5,17977.0,29.5
43887,10,30,8991.0,8,2020-02-26,2020-02-26 10:30:00,2020-02-26 10:30:00,NQH20.csv,2589,NQH20.csv,-1.0,9005.0,9005.0,8991.0,9005.0,14.0
43887,11,0,9009.0,2,2020-02-26,2020-02-26 11:00:00,2020-02-26 11:00:00,NQH20.csv,2862,NQH20.csv,-6.0,9003.0,9003.0,54054.0,54018.0,-36.0
43887,11,30,9018.75,8,2020-02-26,2020-02-26 11:30:00,2020-02-26 11:30:00,NQH20.csv,3194,NQH20.csv,6.0,9001.75,9001.75,54112.5,54010.5,102.0
43887,11,45,8996.5,4,2020-02-26,2020-02-26 11:45:00,2020-02-26 11:45:00,NQH20.csv,2381,NQH20.csv,-4.0,8988.5,8988.5,35986.0,35954.0,-32.0
43887,12,15,8897.75,8,2020-02-26,2020-02-26 12:15:00,2020-02-26 12:15:00,NQH20.csv,2465,NQH20.csv,4.0,8875.0,8875.0,35591.0,35500.0,91.0
43887,12,30,8930.25,2,2020-02-26,2020-02-26 12:30:00,2020-02-26 12:30:00,NQH20.csv,3114,NQH20.csv,-6.0,8943.75,8943.75,53581.5,53662.5,81.0
43887,13,0,8932.0,8,2020-02-26,2020-02-26 13:00:00,2020-02-26 13:00:00,NQH20.csv,950,NQH20.csv,6.0,8939.25,8939.25,53592.0,53635.5,-43.5
43887,13,45,8820.75,2,2020-02-26,2020-02-26 13:45:00,2020-02-26 13:45:00,NQH20.csv,3233,NQH20.csv,-6.0,8843.0,8843.0,52924.5,53058.0,133.5
43887,14,0,8841.25,-1,2020-02-26,2020-02-26 14:00:00,2020-02-26 14:00:00,NQH20.csv,2163,NQH20.csv,-3.0,8871.75,8871.75,26523.75,26615.25,91.5
43887,14,15,8899.5,5,2020-02-26,2020-02-26 14:15:00,2020-02-26 14:15:00,NQH20.csv,1070,NQH20.csv,6.0,8871.25,8871.25,53397.0,53227.5,169.5
43887,14,30,8879.5,-2,2020-02-26,2020-02-26 14:30:00,2020-02-26 14:30:00,NQH20.csv,2417,NQH20.csv,-7.0,8883.0,8883.0,62156.5,62181.0,24.5
43887,15,0,8866.0,-3,2020-02-26,2020-02-26 15:00:00,2020-02-26 15:00:00,NQH20.csv,2160,NQH20.csv,-1.0,8878.5,8878.5,8866.0,8878.5,12.5
43887,15,30,8895.25,-8,2020-02-26,2020-02-26 15:30:00,2020-02-26 15:30:00,NQH20.csv,1212,NQH20.csv,-5.0,8902.0,8902.0,44476.25,44510.0,33.75
43887,15,45,8897.75,-9,2020-02-26,2020-02-26 15:45:00,2020-02-26 15:45:00,NQH20.csv,874,NQH20.csv,-1.0,8890.0,8890.0,8897.75,8890.0,-7.75
43887,16,0,8882.5,8,2020-02-26,2020-02-26 16:00:00,2020-02-26 16:00:00,NQH20.csv,2859,NQH20.csv,17.0,8869.25,8869.25,151002.5,150777.25,225.25
43888,2,30,8777.0,10,2020-02-27,2020-02-27 02:30:00,2020-02-27 02:30:00,NQH20.csv,846,NQH20.csv,2.0,8791.5,8791.5,17554.0,17583.0,-29.0
43888,3,30,8782.25,3,2020-02-27,2020-02-27 03:30:00,2020-02-27 03:30:00,NQH20.csv,1224,NQH20.csv,-7.0,8773.25,8773.25,61475.75,61412.75,-63.0
43888,4,30,8830.25,1,2020-02-27,2020-02-27 04:30:00,2020-02-27 04:30:00,NQH20.csv,537,NQH20.csv,-2.0,8835.75,8835.75,17660.5,17671.5,11.0
43888,5,0,8800.25,4,2020-02-27,2020-02-27 05:00:00,2020-02-27 05:00:00,NQH20.csv,699,NQH20.csv,3.0,8804.5,8804.5,26400.75,26413.5,-12.75
43888,5,30,8781.5,8,2020-02-27,2020-02-27 05:30:00,2020-02-27 05:30:00,NQH20.csv,343,NQH20.csv,4.0,8789.0,8789.0,35126.0,35156.0,-30.0
43888,6,0,8755.75,9,2020-02-27,2020-02-27 06:00:00,2020-02-27 06:00:00,NQH20.csv,513,NQH20.csv,1.0,8767.5,8767.5,8755.75,8767.5,-11.75
43888,8,0,8703.25,8,2020-02-27,2020-02-27 08:00:00,2020-02-27 08:00:00,NQH20.csv,1185,NQH20.csv,-1.0,8721.0,8721.0,8703.25,8721.0,17.75
43888,9,15,8654.25,10,2020-02-27,2020-02-27 09:15:00,2020-02-27 09:15:00,NQH20.csv,965,NQH20.csv,2.0,8667.0,8667.0,17308.5,17334.0,-25.5
43888,9,45,8663.75,6,2020-02-27,2020-02-27 09:45:00,2020-02-27 09:45:00,NQH20.csv,5010,NQH20.csv,-4.0,8629.25,8629.25,34655.0,34517.0,-138.0
43888,10,15,8657.75,8,2020-02-27,2020-02-27 10:15:00,2020-02-27 10:15:00,NQH20.csv,2313,NQH20.csv,2.0,8635.25,8635.25,17315.5,17270.5,45.0
43888,10,30,8584.5,2,2020-02-27,2020-02-27 10:30:00,2020-02-27 10:30:00,NQH20.csv,3798,NQH20.csv,-6.0,8557.25,8557.25,51507.0,51343.5,-163.5
43888,10,45,8566.0,-4,2020-02-27,2020-02-27 10:45:00,2020-02-27 10:45:00,NQH20.csv,2997,NQH20.csv,-6.0,8612.0,8612.0,51396.0,51672.0,276.0
43888,11,0,8666.75,1,2020-02-27,2020-02-27 11:00:00,2020-02-27 11:00:00,NQH20.csv,3868,NQH20.csv,5.0,8687.0,8687.0,43333.75,43435.0,-101.25
43888,11,15,8702.25,7,2020-02-27,2020-02-27 11:15:00,2020-02-27 11:15:00,NQH20.csv,2789,NQH20.csv,6.0,8696.5,8696.5,52213.5,52179.0,34.5
43888,11,30,8653.5,-1,2020-02-27,2020-02-27 11:30:00,2020-02-27 11:30:00,NQH20.csv,3000,NQH20.csv,-8.0,8653.5,8653.5,69228.0,69228.0,-0.0
43888,12,0,8699.75,4,2020-02-27,2020-02-27 12:00:00,2020-02-27 12:00:00,NQH20.csv,3361,NQH20.csv,5.0,8703.75,8703.75,43498.75,43518.75,-20.0
43888,12,30,8726.25,10,2020-02-27,2020-02-27 12:30:00,2020-02-27 12:30:00,NQH20.csv,2755,NQH20.csv,6.0,8738.5,8738.5,52357.5,52431.0,-73.5
43888,13,15,8773.0,4,2020-02-27,2020-02-27 13:15:00,2020-02-27 13:15:00,NQH20.csv,1860,NQH20.csv,-6.0,8748.5,8748.5,52638.0,52491.0,-147.0
43888,13,45,8634.0,10,2020-02-27,2020-02-27 13:45:00,2020-02-27 13:45:00,NQH20.csv,1754,NQH20.csv,6.0,8659.5,8659.5,51804.0,51957.0,-153.0
43888,14,30,8653.75,5,2020-02-27,2020-02-27 14:30:00,2020-02-27 14:30:00,NQH20.csv,1639,NQH20.csv,-5.0,8635.25,8635.25,43268.75,43176.25,-92.5
43888,15,0,8591.0,0,2020-02-27,2020-02-27 15:00:00,2020-02-27 15:00:00,NQH20.csv,2465,NQH20.csv,-5.0,8575.0,8575.0,42955.0,42875.0,-80.0
43888,15,30,8561.75,-6,2020-02-27,2020-02-27 15:30:00,2020-02-27 15:30:00,NQH20.csv,1922,NQH20.csv,-6.0,8560.0,8560.0,51370.5,51360.0,-10.5
43888,15,45,8530.0,-7,2020-02-27,2020-02-27 15:45:00,2020-02-27 15:45:00,NQH20.csv,3057,NQH20.csv,-1.0,8534.75,8534.75,8530.0,8534.75,4.75
43888,16,0,8439.5,8,2020-02-27,2020-02-27 16:00:00,2020-02-27 16:00:00,NQH20.csv,6741,NQH20.csv,15.0,8420.0,8420.0,126592.5,126300.0,292.5
43889,3,30,8320.25,0,2020-02-28,2020-02-28 03:30:00,2020-02-28 03:30:00,NQH20.csv,909,NQH20.csv,-8.0,8312.75,8312.75,66562.0,66502.0,-60.0
43889,5,15,8228.75,-4,2020-02-28,2020-02-28 05:15:00,2020-02-28 05:15:00,NQH20.csv,420,NQH20.csv,-4.0,8227.0,8227.0,32915.0,32908.0,-7.0
43889,5,30,8302.75,4,2020-02-28,2020-02-28 05:30:00,2020-02-28 05:30:00,NQH20.csv,825,NQH20.csv,8.0,8284.75,8284.75,66422.0,66278.0,144.0
43889,5,45,8281.0,10,2020-02-28,2020-02-28 05:45:00,2020-02-28 05:45:00,NQH20.csv,503,NQH20.csv,6.0,8282.5,8282.5,49686.0,49695.0,-9.0
43889,6,0,8300.75,0,2020-02-28,2020-02-28 06:00:00,2020-02-28 06:00:00,NQH20.csv,336,NQH20.csv,-10.0,8300.5,8300.5,83007.5,83005.0,-2.5
43889,6,15,8321.5,-2,2020-02-28,2020-02-28 06:15:00,2020-02-28 06:15:00,NQH20.csv,516,NQH20.csv,-2.0,8327.75,8327.75,16643.0,16655.5,12.5
43889,6,30,8294.25,9,2020-02-28,2020-02-28 06:30:00,2020-02-28 06:30:00,NQH20.csv,707,NQH20.csv,11.0,8304.0,8304.0,91236.75,91344.0,-107.25
43889,6,45,8302.75,3,2020-02-28,2020-02-28 06:45:00,2020-02-28 06:45:00,NQH20.csv,376,NQH20.csv,-6.0,8314.75,8314.75,49816.5,49888.5,72.0
43889,7,0,8303.25,1,2020-02-28,2020-02-28 07:00:00,2020-02-28 07:00:00,NQH20.csv,1005,NQH20.csv,-2.0,8306.0,8306.0,16606.5,16612.0,5.5
43889,7,15,8318.5,3,2020-02-28,2020-02-28 07:15:00,2020-02-28 07:15:00,NQH20.csv,434,NQH20.csv,2.0,8313.5,8313.5,16637.0,16627.0,10.0
43889,7,30,8362.75,-6,2020-02-28,2020-02-28 07:30:00,2020-02-28 07:30:00,NQH20.csv,1401,NQH20.csv,-9.0,8376.25,8376.25,75264.75,75386.25,121.5
43889,7,45,8353.25,-2,2020-02-28,2020-02-28 07:45:00,2020-02-28 07:45:00,NQH20.csv,366,NQH20.csv,4.0,8351.75,8351.75,33413.0,33407.0,6.0
43889,8,0,8339.25,8,2020-02-28,2020-02-28 08:00:00,2020-02-28 08:00:00,NQH20.csv,743,NQH20.csv,10.0,8331.0,8331.0,83392.5,83310.0,82.5
43889,9,15,8185.75,10,2020-02-28,2020-02-28 09:15:00,2020-02-28 09:15:00,NQH20.csv,1168,NQH20.csv,2.0,8187.0,8187.0,16371.5,16374.0,-2.5
43889,9,45,8228.5,4,2020-02-28,2020-02-28 09:45:00,2020-02-28 09:45:00,NQH20.csv,4475,NQH20.csv,-6.0,8215.5,8215.5,49371.0,49293.0,-78.0
43889,10,0,8183.75,1,2020-02-28,2020-02-28 10:00:00,2020-02-28 10:00:00,NQH20.csv,2889,NQH20.csv,-3.0,8184.0,8184.0,24551.25,24552.0,0.75
43889,10,15,8184.0,5,2020-02-28,2020-02-28 10:15:00,2020-02-28 10:15:00,NQH20.csv,4359,NQH20.csv,4.0,8219.0,8219.0,32736.0,32876.0,-140.0
43889,10,30,8176.0,7,2020-02-28,2020-02-28 10:30:00,2020-02-28 10:30:00,NQH20.csv,2964,NQH20.csv,2.0,8198.25,8198.25,16352.0,16396.5,-44.5
43889,11,0,8286.5,9,2020-02-28,2020-02-28 11:00:00,2020-02-28 11:00:00,NQH20.csv,2707,NQH20.csv,2.0,8280.25,8280.25,16573.0,16560.5,12.5
43889,11,15,8253.0,4,2020-02-28,2020-02-28 11:15:00,2020-02-28 11:15:00,NQH20.csv,2584,NQH20.csv,-5.0,8273.5,8273.5,41265.0,41367.5,102.5
43889,11,30,8341.25,3,2020-02-28,2020-02-28 11:30:00,2020-02-28 11:30:00,NQH20.csv,2348,NQH20.csv,-1.0,8337.5,8337.5,8341.25,8337.5,-3.75
43889,11,45,8460.0,8,2020-02-28,2020-02-28 11:45:00,2020-02-28 11:45:00,NQH20.csv,4193,NQH20.csv,5.0,8436.75,8436.75,42300.0,42183.75,116.25
43889,12,0,8347.5,6,2020-02-28,2020-02-28 12:00:00,2020-02-28 12:00:00,NQH20.csv,2452,NQH20.csv,-2.0,8339.0,8339.0,16695.0,16678.0,-17.0
43889,12,30,8380.0,4,2020-02-28,2020-02-28 12:30:00,2020-02-28 12:30:00,NQH20.csv,2916,NQH20.csv,-2.0,8397.75,8397.75,16760.0,16795.5,35.5
43889,12,45,8385.0,0,2020-02-28,2020-02-28 12:45:00,2020-02-28 12:45:00,NQH20.csv,2573,NQH20.csv,-4.0,8349.75,8349.75,33540.0,33399.0,-141.0
43889,13,15,8367.0,4,2020-02-28,2020-02-28 13:15:00,2020-02-28 13:15:00,NQH20.csv,2100,NQH20.csv,4.0,8380.25,8380.25,33468.0,33521.0,-53.0
43889,13,45,8255.0,-1,2020-02-28,2020-02-28 13:45:00,2020-02-28 13:45:00,NQH20.csv,3660,NQH20.csv,-5.0,8248.75,8248.75,41275.0,41243.75,-31.25
43889,14,0,8277.25,2,2020-02-28,2020-02-28 14:00:00,2020-02-28 14:00:00,NQH20.csv,1531,NQH20.csv,3.0,8250.25,8250.25,24831.75,24750.75,81.0
43889,14,15,8256.5,7,2020-02-28,2020-02-28 14:15:00,2020-02-28 14:15:00,NQH20.csv,481,NQH20.csv,5.0,8251.5,8251.5,41282.5,41257.5,25.0
43889,15,0,8327.25,3,2020-02-28,2020-02-28 15:00:00,2020-02-28 15:00:00,NQH20.csv,1202,NQH20.csv,-4.0,8318.0,8318.0,33309.0,33272.0,-37.0
43889,15,30,8255.5,-1,2020-02-28,2020-02-28 15:30:00,2020-02-28 15:30:00,NQH20.csv,1102,NQH20.csv,-4.0,8283.5,8283.5,33022.0,33134.0,112.0
43889,15,45,8241.25,-3,2020-02-28,2020-02-28 15:45:00,2020-02-28 15:45:00,NQH20.csv,2683,NQH20.csv,-2.0,8292.75,8292.75,16482.5,16585.5,103.0
43889,16,0,8483.0,8,2020-02-28,2020-02-28 16:00:00,2020-02-28 16:00:00,NQH20.csv,5285,NQH20.csv,11.0,8469.25,8469.25,93313.0,93161.75,151.25
43889,16,15,8505.0,0,2020-02-28,2020-02-28 16:15:00,2020-02-28 16:15:00,NQH20.csv,1515,NQH20.csv,-8.0,8515.0,8505.25,68040.0,68042.0,2.0
43892,2,30,8516.25,7,2020-03-02,2020-03-02 02:30:00,2020-03-02 02:30:00,NQH20.csv,538,NQH20.csv,7.0,8515.5,8515.5,59613.75,59608.5,5.25
43892,3,30,8610.5,9,2020-03-02,2020-03-02 03:30:00,2020-03-02 03:30:00,NQH20.csv,812,NQH20.csv,2.0,8609.75,8609.75,17221.0,17219.5,1.5
43892,4,30,8610.5,7,2020-03-02,2020-03-02 04:30:00,2020-03-02 04:30:00,NQH20.csv,452,NQH20.csv,-2.0,8611.25,8611.25,17221.0,17222.5,1.5
43892,5,15,8505.0,9,2020-03-02,2020-03-02 05:15:00,2020-03-02 05:15:00,NQH20.csv,482,NQH20.csv,2.0,8504.25,8504.25,17010.0,17008.5,1.5
43892,5,30,8536.5,7,2020-03-02,2020-03-02 05:30:00,2020-03-02 05:30:00,NQH20.csv,441,NQH20.csv,-2.0,8537.25,8537.25,17073.0,17074.5,1.5
43892,5,45,8531.5,-2,2020-03-02,2020-03-02 05:45:00,2020-03-02 05:45:00,NQH20.csv,309,NQH20.csv,-9.0,8532.25,8532.25,76783.5,76790.25,6.75
43892,6,0,8501.25,3,2020-03-02,2020-03-02 06:00:00,2020-03-02 06:00:00,NQH20.csv,1204,NQH20.csv,5.0,8500.5,8500.5,42506.25,42502.5,3.75
43892,6,15,8458.25,10,2020-03-02,2020-03-02 06:15:00,2020-03-02 06:15:00,NQH20.csv,757,NQH20.csv,7.0,8457.5,8457.5,59207.75,59202.5,5.25
43892,6,30,8446.25,2,2020-03-02,2020-03-02 06:30:00,2020-03-02 06:30:00,NQH20.csv,617,NQH20.csv,-8.0,8447.0,8447.0,67570.0,67576.0,6.0
43892,7,15,8414.75,5,2020-03-02,2020-03-02 07:15:00,2020-03-02 07:15:00,NQH20.csv,605,NQH20.csv,3.0,8414.0,8414.0,25244.25,25242.0,2.25
43892,7,45,8415.25,2,2020-03-02,2020-03-02 07:45:00,2020-03-02 07:45:00,NQH20.csv,312,NQH20.csv,-3.0,8416.0,8416.0,25245.75,25248.0,2.25
43892,8,0,8453.25,-1,2020-03-02,2020-03-02 08:00:00,2020-03-02 08:00:00,NQH20.csv,890,NQH20.csv,-3.0,8454.0,8454.0,25359.75,25362.0,2.25
43892,8,30,8419.75,5,2020-03-02,2020-03-02 08:30:00,2020-03-02 08:30:00,NQH20.csv,684,NQH20.csv,6.0,8419.0,8419.0,50518.5,50514.0,4.5
43892,9,15,8531.5,8,2020-03-02,2020-03-02 09:15:00,2020-03-02 09:15:00,NQH20.csv,746,NQH20.csv,3.0,8530.75,8530.75,25594.5,25592.25,2.25
43892,10,0,8514.25,3,2020-03-02,2020-03-02 10:00:00,2020-03-02 10:00:00,NQH20.csv,2530,NQH20.csv,-5.0,8515.0,8515.0,42571.25,42575.0,3.75
43892,10,15,8513.25,0,2020-03-02,2020-03-02 10:15:00,2020-03-02 10:15:00,NQH20.csv,2663,NQH20.csv,-3.0,8514.0,8514.0,25539.75,25542.0,2.25
43892,10,30,8486.0,7,2020-03-02,2020-03-02 10:30:00,2020-03-02 10:30:00,NQH20.csv,3686,NQH20.csv,7.0,8485.25,8485.25,59402.0,59396.75,5.25
43892,10,45,8541.75,3,2020-03-02,2020-03-02 10:45:00,2020-03-02 10:45:00,NQH20.csv,2621,NQH20.csv,-4.0,8542.5,8542.5,34167.0,34170.0,3.0
43892,11,15,8638.5,7,2020-03-02,2020-03-02 11:15:00,2020-03-02 11:15:00,NQH20.csv,2381,NQH20.csv,4.0,8637.75,8637.75,34554.0,34551.0,3.0
43892,11,30,8659.0,2,2020-03-02,2020-03-02 11:30:00,2020-03-02 11:30:00,NQH20.csv,2076,NQH20.csv,-5.0,8659.75,8659.75,43295.0,43298.75,3.75
43892,12,0,8724.25,6,2020-03-02,2020-03-02 12:00:00,2020-03-02 12:00:00,NQH20.csv,1575,NQH20.csv,4.0,8723.5,8723.5,34897.0,34894.0,3.0
43892,12,15,8696.75,2,2020-03-02,2020-03-02 12:15:00,2020-03-02 12:15:00,NQH20.csv,1554,NQH20.csv,-4.0,8697.5,8697.5,34787.0,34790.0,3.0
43892,12,30,8682.25,0,2020-03-02,2020-03-02 12:30:00,2020-03-02 12:30:00,NQH20.csv,1352,NQH20.csv,-2.0,8683.0,8683.0,17364.5,17366.0,1.5
43892,12,45,8699.5,4,2020-03-02,2020-03-02 12:45:00,2020-03-02 12:45:00,NQH20.csv,1460,NQH20.csv,4.0,8698.75,8698.75,34798.0,34795.0,3.0
43892,13,15,8697.0,-2,2020-03-02,2020-03-02 13:15:00,2020-03-02 13:15:00,NQH20.csv,1525,NQH20.csv,-6.0,8697.75,8697.75,52182.0,52186.5,4.5
43892,13,45,8685.75,4,2020-03-02,2020-03-02 13:45:00,2020-03-02 13:45:00,NQH20.csv,1371,NQH20.csv,6.0,8684.75,8684.75,52114.5,52108.5,6.0
43892,14,30,8652.25,8,2020-03-02,2020-03-02 14:30:00,2020-03-02 14:30:00,NQH20.csv,1209,NQH20.csv,4.0,8651.5,8651.5,34609.0,34606.0,3.0
43892,15,30,8706.25,3,2020-03-02,2020-03-02 15:30:00,2020-03-02 15:30:00,NQH20.csv,2001,NQH20.csv,-5.0,8707.0,8707.0,43531.25,43535.0,3.75
43892,15,45,8736.5,1,2020-03-02,2020-03-02 15:45:00,2020-03-02 15:45:00,NQH20.csv,1813,NQH20.csv,-2.0,8737.25,8737.25,17473.0,17474.5,1.5
43892,16,0,8873.5,5,2020-03-02,2020-03-02 16:00:00,2020-03-02 16:00:00,NQH20.csv,7666,NQH20.csv,4.0,8872.75,8872.75,35494.0,35491.0,3.0
43893,2,30,8813.0,4,2020-03-03,2020-03-03 02:30:00,2020-03-03 02:30:00,NQH20.csv,290,NQH20.csv,-1.0,8803.5,8803.5,8813.0,8803.5,-9.5
43893,3,30,8856.0,8,2020-03-03,2020-03-03 03:30:00,2020-03-03 03:30:00,NQH20.csv,661,NQH20.csv,4.0,8871.75,8871.75,35424.0,35487.0,-63.0
43893,4,30,8870.0,7,2020-03-03,2020-03-03 04:30:00,2020-03-03 04:30:00,NQH20.csv,590,NQH20.csv,-1.0,8883.0,8883.0,8870.0,8883.0,13.0
43893,5,30,8901.5,3,2020-03-03,2020-03-03 05:30:00,2020-03-03 05:30:00,NQH20.csv,395,NQH20.csv,-4.0,8908.0,8908.0,35606.0,35632.0,26.0
43893,6,30,8852.0,7,2020-03-03,2020-03-03 06:30:00,2020-03-03 06:30:00,NQH20.csv,357,NQH20.csv,4.0,8857.25,8857.25,35408.0,35429.0,-21.0
43893,7,0,8855.5,3,2020-03-03,2020-03-03 07:00:00,2020-03-03 07:00:00,NQH20.csv,448,NQH20.csv,-4.0,8868.0,8868.0,35422.0,35472.0,50.0
43893,9,45,8826.75,1,2020-03-03,2020-03-03 09:45:00,2020-03-03 09:45:00,NQH20.csv,3409,NQH20.csv,-2.0,8808.5,8808.5,17653.5,17617.0,-36.5
43893,10,15,8863.25,3,2020-03-03,2020-03-03 10:15:00,2020-03-03 10:15:00,NQH20.csv,5295,NQH20.csv,2.0,8873.25,8873.25,17726.5,17746.5,-20.0
43893,10,30,8898.75,4,2020-03-03,2020-03-03 10:30:00,2020-03-03 10:30:00,NQH20.csv,2822,NQH20.csv,1.0,8899.5,8899.5,8898.75,8899.5,-0.75
43893,11,0,8929.5,0,2020-03-03,2020-03-03 11:00:00,2020-03-03 11:00:00,NQH20.csv,1296,NQH20.csv,-4.0,8902.75,8902.75,35718.0,35611.0,-107.0
43893,11,30,8717.25,5,2020-03-03,2020-03-03 11:30:00,2020-03-03 11:30:00,NQH20.csv,1597,NQH20.csv,5.0,8751.25,8751.25,43586.25,43756.25,-170.0
43893,12,0,8830.0,-1,2020-03-03,2020-03-03 12:00:00,2020-03-03 12:00:00,NQH20.csv,1855,NQH20.csv,-6.0,8821.75,8821.75,52980.0,52930.5,-49.5
43893,12,30,8776.75,3,2020-03-03,2020-03-03 12:30:00,2020-03-03 12:30:00,NQH20.csv,1763,NQH20.csv,4.0,8774.75,8774.75,35107.0,35099.0,8.0
43893,12,45,8776.25,-1,2020-03-03,2020-03-03 12:45:00,2020-03-03 12:45:00,NQH20.csv,1416,NQH20.csv,-4.0,8811.0,8811.0,35105.0,35244.0,139.0
43893,13,15,8703.75,3,2020-03-03,2020-03-03 13:15:00,2020-03-03 13:15:00,NQH20.csv,1338,NQH20.csv,4.0,8709.75,8709.75,34815.0,34839.0,-24.0
43893,13,45,8619.5,-2,2020-03-03,2020-03-03 13:45:00,2020-03-03 13:45:00,NQH20.csv,2244,NQH20.csv,-5.0,8615.75,8615.75,43097.5,43078.75,-18.75
43893,14,0,8589.25,-3,2020-03-03,2020-03-03 14:00:00,2020-03-03 14:00:00,NQH20.csv,3068,NQH20.csv,-1.0,8576.0,8576.0,8589.25,8576.0,-13.25
43893,14,15,8581.25,2,2020-03-03,2020-03-03 14:15:00,2020-03-03 14:15:00,NQH20.csv,2315,NQH20.csv,5.0,8530.5,8530.5,42906.25,42652.5,253.75
43893,14,30,8596.5,-2,2020-03-03,2020-03-03 14:30:00,2020-03-03 14:30:00,NQH20.csv,2017,NQH20.csv,-4.0,8607.0,8607.0,34386.0,34428.0,42.0
43893,15,0,8620.75,-3,2020-03-03,2020-03-03 15:00:00,2020-03-03 15:00:00,NQH20.csv,1825,NQH20.csv,-1.0,8653.0,8653.0,8620.75,8653.0,32.25
43893,15,30,8699.75,-5,2020-03-03,2020-03-03 15:30:00,2020-03-03 15:30:00,NQH20.csv,1565,NQH20.csv,-2.0,8631.25,8631.25,17399.5,17262.5,-137.0
43893,15,45,8645.75,-8,2020-03-03,2020-03-03 15:45:00,2020-03-03 15:45:00,NQH20.csv,2873,NQH20.csv,-3.0,8656.0,8656.0,25937.25,25968.0,30.75
43893,16,0,8590.0,3,2020-03-03,2020-03-03 16:00:00,2020-03-03 16:00:00,NQH20.csv,3465,NQH20.csv,11.0,8627.5,8627.5,94490.0,94902.5,-412.5
43894,2,30,8718.0,7,2020-03-04,2020-03-04 02:30:00,2020-03-04 02:30:00,NQH20.csv,297,NQH20.csv,4.0,8714.25,8714.25,34872.0,34857.0,15.0
43894,3,30,8710.0,10,2020-03-04,2020-03-04 03:30:00,2020-03-04 03:30:00,NQH20.csv,604,NQH20.csv,3.0,8719.0,8719.0,26130.0,26157.0,-27.0
43894,5,15,8770.75,4,2020-03-04,2020-03-04 05:15:00,2020-03-04 05:15:00,NQH20.csv,227,NQH20.csv,-6.0,8765.75,8765.75,52624.5,52594.5,-30.0
43894,5,30,8771.25,1,2020-03-04,2020-03-04 05:30:00,2020-03-04 05:30:00,NQH20.csv,198,NQH20.csv,-3.0,8768.25,8768.25,26313.75,26304.75,-9.0
43894,5,45,8769.0,7,2020-03-04,2020-03-04 05:45:00,2020-03-04 05:45:00,NQH20.csv,154,NQH20.csv,6.0,8763.75,8763.75,52614.0,52582.5,31.5
43894,6,30,8756.0,-7,2020-03-04,2020-03-04 06:30:00,2020-03-04 06:30:00,NQH20.csv,206,NQH20.csv,-14.0,8763.5,8763.5,122584.0,122689.0,105.0
43894,7,0,8763.5,2,2020-03-04,2020-03-04 07:00:00,2020-03-04 07:00:00,NQH20.csv,216,NQH20.csv,9.0,8743.0,8755.25,78871.5,78797.25,74.25
43894,8,0,8770.25,7,2020-03-04,2020-03-04 08:00:00,2020-03-04 08:00:00,NQH20.csv,646,NQH20.csv,5.0,8762.0,8762.0,43851.25,43810.0,41.25
43894,9,15,8757.5,9,2020-03-04,2020-03-04 09:15:00,2020-03-04 09:15:00,NQH20.csv,598,NQH20.csv,2.0,8755.5,8755.5,17515.0,17511.0,4.0
43894,9,45,8722.25,8,2020-03-04,2020-03-04 09:45:00,2020-03-04 09:45:00,NQH20.csv,2934,NQH20.csv,-1.0,8725.25,8725.25,8722.25,8725.25,3.0
43894,10,15,8748.25,7,2020-03-04,2020-03-04 10:15:00,2020-03-04 10:15:00,NQH20.csv,2179,NQH20.csv,-1.0,8773.5,8773.5,8748.25,8773.5,25.25
43894,10,30,8785.75,11,2020-03-04,2020-03-04 10:30:00,2020-03-04 10:30:00,NQH20.csv,1334,NQH20.csv,4.0,8769.75,8769.75,35143.0,35079.0,64.0
43894,10,35,8760.5,10,2020-03-04,2020-03-04 10:35:00,2020-03-04 10:35:00,NQH20.csv,1879,NQH20.csv,-1.0,8753.25,8753.25,8760.5,8753.25,-7.25
43894,11,0,8722.5,3,2020-03-04,2020-03-04 11:00:00,2020-03-04 11:00:00,NQH20.csv,2168,NQH20.csv,-7.0,8735.0,8735.0,61057.5,61145.0,87.5
43894,11,30,8767.75,9,2020-03-04,2020-03-04 11:30:00,2020-03-04 11:30:00,NQH20.csv,1953,NQH20.csv,6.0,8753.75,8753.75,52606.5,52522.5,84.0
43894,11,45,8729.25,5,2020-03-04,2020-03-04 11:45:00,2020-03-04 11:45:00,NQH20.csv,1545,NQH20.csv,-4.0,8714.5,8714.5,34917.0,34858.0,-59.0
43894,12,0,8723.25,4,2020-03-04,2020-03-04 12:00:00,2020-03-04 12:00:00,NQH20.csv,1500,NQH20.csv,-1.0,8733.25,8733.25,8723.25,8733.25,10.0
43894,12,15,8753.5,8,2020-03-04,2020-03-04 12:15:00,2020-03-04 12:15:00,NQH20.csv,929,NQH20.csv,4.0,8752.5,8752.5,35014.0,35010.0,4.0
43894,12,30,8770.25,1,2020-03-04,2020-03-04 12:30:00,2020-03-04 12:30:00,NQH20.csv,1214,NQH20.csv,-7.0,8772.25,8772.25,61391.75,61405.75,14.0
43894,12,45,8759.0,5,2020-03-04,2020-03-04 12:45:00,2020-03-04 12:45:00,NQH20.csv,1139,NQH20.csv,4.0,8766.5,8766.5,35036.0,35066.0,-30.0
43894,13,0,8817.0,11,2020-03-04,2020-03-04 13:00:00,2020-03-04 13:00:00,NQH20.csv,2017,NQH20.csv,6.0,8817.5,8817.5,52902.0,52905.0,-3.0
43894,13,15,8832.5,7,2020-03-04,2020-03-04 13:15:00,2020-03-04 13:15:00,NQH20.csv,1003,NQH20.csv,-4.0,8841.75,8841.75,35330.0,35367.0,37.0
43894,13,30,8846.0,2,2020-03-04,2020-03-04 13:30:00,2020-03-04 13:30:00,NQH20.csv,745,NQH20.csv,-5.0,8849.25,8849.25,44230.0,44246.25,16.25
43894,13,45,8836.25,10,2020-03-04,2020-03-04 13:45:00,2020-03-04 13:45:00,NQH20.csv,542,NQH20.csv,8.0,8828.25,8828.25,70690.0,70626.0,64.0
43894,14,0,8835.0,11,2020-03-04,2020-03-04 14:00:00,2020-03-04 14:00:00,NQH20.csv,799,NQH20.csv,1.0,8818.0,8818.0,8835.0,8818.0,17.0
43894,14,15,8823.0,7,2020-03-04,2020-03-04 14:15:00,2020-03-04 14:15:00,NQH20.csv,925,NQH20.csv,-4.0,8837.75,8837.75,35292.0,35351.0,59.0
43894,14,30,8858.75,9,2020-03-04,2020-03-04 14:30:00,2020-03-04 14:30:00,NQH20.csv,814,NQH20.csv,2.0,8860.25,8860.25,17717.5,17720.5,-3.0
43894,15,30,8884.5,3,2020-03-04,2020-03-04 15:30:00,2020-03-04 15:30:00,NQH20.csv,1783,NQH20.csv,-6.0,8897.5,8897.5,53307.0,53385.0,78.0
43894,16,0,8941.0,7,2020-03-04,2020-03-04 16:00:00,2020-03-04 16:00:00,NQH20.csv,4752,NQH20.csv,4.0,8900.25,8900.25,35764.0,35601.0,163.0
43895,2,30,8822.0,3,2020-03-05,2020-03-05 02:30:00,2020-03-05 02:30:00,NQH20.csv,324,NQH20.csv,-4.0,8825.75,8825.75,35288.0,35303.0,15.0
43895,3,30,8801.0,1,2020-03-05,2020-03-05 03:30:00,2020-03-05 03:30:00,NQH20.csv,237,NQH20.csv,-2.0,8792.0,8792.0,17602.0,17584.0,-18.0
43895,5,30,8722.25,7,2020-03-05,2020-03-05 05:30:00,2020-03-05 05:30:00,NQH20.csv,642,NQH20.csv,6.0,8727.25,8727.25,52333.5,52363.5,-30.0
43895,6,0,8718.0,3,2020-03-05,2020-03-05 06:00:00,2020-03-05 06:00:00,NQH20.csv,813,NQH20.csv,-4.0,8731.0,8731.0,34872.0,34924.0,52.0
43895,6,15,8742.75,4,2020-03-05,2020-03-05 06:15:00,2020-03-05 06:15:00,NQH20.csv,292,NQH20.csv,1.0,8743.25,8743.25,8742.75,8743.25,-0.5
43895,6,45,8729.5,3,2020-03-05,2020-03-05 06:45:00,2020-03-05 06:45:00,NQH20.csv,494,NQH20.csv,-1.0,8734.25,8734.25,8729.5,8734.25,4.75
43895,7,0,8736.0,-1,2020-03-05,2020-03-05 07:00:00,2020-03-05 07:00:00,NQH20.csv,561,NQH20.csv,-4.0,8722.25,8722.25,34944.0,34889.0,-55.0
43895,7,30,8746.25,3,2020-03-05,2020-03-05 07:30:00,2020-03-05 07:30:00,NQH20.csv,437,NQH20.csv,4.0,8734.75,8734.75,34985.0,34939.0,46.0
43895,9,45,8766.25,1,2020-03-05,2020-03-05 09:45:00,2020-03-05 09:45:00,NQH20.csv,3518,NQH20.csv,-2.0,8766.25,8766.25,17532.5,17532.5,-0.0
43895,10,0,8732.75,-1,2020-03-05,2020-03-05 10:00:00,2020-03-05 10:00:00,NQH20.csv,2796,NQH20.csv,-2.0,8743.25,8743.25,17465.5,17486.5,21.0
43895,10,15,8771.75,1,2020-03-05,2020-03-05 10:15:00,2020-03-05 10:15:00,NQH20.csv,1677,NQH20.csv,2.0,8766.0,8766.0,17543.5,17532.0,11.5
43895,11,0,8794.5,3,2020-03-05,2020-03-05 11:00:00,2020-03-05 11:00:00,NQH20.csv,2020,NQH20.csv,2.0,8808.75,8808.75,17589.0,17617.5,-28.5
43895,11,30,8855.25,1,2020-03-05,2020-03-05 11:30:00,2020-03-05 11:30:00,NQH20.csv,1185,NQH20.csv,-2.0,8841.75,8841.75,17710.5,17683.5,-27.0
43895,11,45,8802.5,-2,2020-03-05,2020-03-05 11:45:00,2020-03-05 11:45:00,NQH20.csv,1403,NQH20.csv,-3.0,8811.5,8811.5,26407.5,26434.5,27.0
43895,12,0,8788.75,4,2020-03-05,2020-03-05 12:00:00,2020-03-05 12:00:00,NQH20.csv,1344,NQH20.csv,6.0,8794.5,8794.5,52732.5,52767.0,-34.5
43895,12,15,8761.25,7,2020-03-05,2020-03-05 12:15:00,2020-03-05 12:15:00,NQH20.csv,1268,NQH20.csv,3.0,8757.5,8757.5,26283.75,26272.5,11.25
43895,12,30,8746.5,8,2020-03-05,2020-03-05 12:30:00,2020-03-05 12:30:00,NQH20.csv,990,NQH20.csv,1.0,8759.0,8759.0,8746.5,8759.0,-12.5
43895,12,45,8683.25,2,2020-03-05,2020-03-05 12:45:00,2020-03-05 12:45:00,NQH20.csv,3570,NQH20.csv,-6.0,8683.0,8683.0,52099.5,52098.0,-1.5
43895,13,0,8685.25,0,2020-03-05,2020-03-05 13:00:00,2020-03-05 13:00:00,NQH20.csv,1223,NQH20.csv,-2.0,8699.25,8699.25,17370.5,17398.5,28.0
43895,13,15,8673.25,6,2020-03-05,2020-03-05 13:15:00,2020-03-05 13:15:00,NQH20.csv,1569,NQH20.csv,6.0,8672.0,8672.0,52039.5,52032.0,7.5
43895,13,30,8706.25,1,2020-03-05,2020-03-05 13:30:00,2020-03-05 13:30:00,NQH20.csv,1661,NQH20.csv,-5.0,8707.5,8707.5,43531.25,43537.5,6.25
43895,14,0,8719.75,3,2020-03-05,2020-03-05 14:00:00,2020-03-05 14:00:00,NQH20.csv,1664,NQH20.csv,2.0,8693.0,8693.0,17439.5,17386.0,53.5
43895,14,15,8710.75,6,2020-03-05,2020-03-05 14:15:00,2020-03-05 14:15:00,NQH20.csv,1044,NQH20.csv,3.0,8696.25,8696.25,26132.25,26088.75,43.5
43895,14,45,8686.0,3,2020-03-05,2020-03-05 14:45:00,2020-03-05 14:45:00,NQH20.csv,1613,NQH20.csv,-3.0,8683.5,8683.5,26058.0,26050.5,-7.5
43895,15,30,8623.25,-3,2020-03-05,2020-03-05 15:30:00,2020-03-05 15:30:00,NQH20.csv,1415,NQH20.csv,-6.0,8649.75,8649.75,51739.5,51898.5,159.0
43895,15,45,8665.75,-7,2020-03-05,2020-03-05 15:45:00,2020-03-05 15:45:00,NQH20.csv,2259,NQH20.csv,-4.0,8653.75,8653.75,34663.0,34615.0,-48.0
43895,16,0,8673.0,3,2020-03-05,2020-03-05 16:00:00,2020-03-05 16:00:00,NQH20.csv,3749,NQH20.csv,10.0,8669.25,8669.25,86730.0,86692.5,37.5
43896,2,30,8561.0,11,2020-03-06,2020-03-06 02:30:00,2020-03-06 02:30:00,NQH20.csv,193,NQH20.csv,8.0,8557.75,8557.75,68488.0,68462.0,26.0
43896,3,30,8565.0,4,2020-03-06,2020-03-06 03:30:00,2020-03-06 03:30:00,NQH20.csv,428,NQH20.csv,-7.0,8564.5,8564.5,59955.0,59951.5,-3.5
43896,4,30,8534.75,0,2020-03-06,2020-03-06 04:30:00,2020-03-06 04:30:00,NQH20.csv,209,NQH20.csv,-4.0,8533.25,8533.25,34139.0,34133.0,-6.0
43896,5,15,8464.75,4,2020-03-06,2020-03-06 05:15:00,2020-03-06 05:15:00,NQH20.csv,420,NQH20.csv,4.0,8455.75,8455.75,33859.0,33823.0,36.0
43896,5,30,8419.75,11,2020-03-06,2020-03-06 05:30:00,2020-03-06 05:30:00,NQH20.csv,793,NQH20.csv,7.0,8413.0,8413.0,58938.25,58891.0,47.25
43896,5,45,8388.0,7,2020-03-06,2020-03-06 05:45:00,2020-03-06 05:45:00,NQH20.csv,519,NQH20.csv,-4.0,8397.5,8397.5,33552.0,33590.0,38.0
43896,6,45,8410.5,6,2020-03-06,2020-03-06 06:45:00,2020-03-06 06:45:00,NQH20.csv,443,NQH20.csv,-1.0,8419.25,8419.25,8410.5,8419.25,8.75
43896,7,0,8408.75,1,2020-03-06,2020-03-06 07:00:00,2020-03-06 07:00:00,NQH20.csv,550,NQH20.csv,-5.0,8419.75,8419.75,42043.75,42098.75,55.0
43896,7,15,8419.75,7,2020-03-06,2020-03-06 07:15:00,2020-03-06 07:15:00,NQH20.csv,307,NQH20.csv,6.0,8414.0,8414.0,50518.5,50484.0,34.5
43896,7,30,8389.25,11,2020-03-06,2020-03-06 07:30:00,2020-03-06 07:30:00,NQH20.csv,634,NQH20.csv,4.0,8399.25,8399.25,33557.0,33597.0,-40.0
43896,7,45,8387.75,6,2020-03-06,2020-03-06 07:45:00,2020-03-06 07:45:00,NQH20.csv,746,NQH20.csv,-5.0,8386.75,8386.75,41938.75,41933.75,-5.0
43896,8,0,8369.75,7,2020-03-06,2020-03-06 08:00:00,2020-03-06 08:00:00,NQH20.csv,963,NQH20.csv,1.0,8373.75,8373.75,8369.75,8373.75,-4.0
43896,9,15,8330.5,9,2020-03-06,2020-03-06 09:15:00,2020-03-06 09:15:00,NQH20.csv,1661,NQH20.csv,2.0,8325.25,8325.25,16661.0,16650.5,10.5
43896,9,45,8432.0,4,2020-03-06,2020-03-06 09:45:00,2020-03-06 09:45:00,NQH20.csv,2202,NQH20.csv,-5.0,8423.5,8423.5,42160.0,42117.5,-42.5
43896,10,15,8439.25,7,2020-03-06,2020-03-06 10:15:00,2020-03-06 10:15:00,NQH20.csv,3146,NQH20.csv,3.0,8452.5,8452.5,25317.75,25357.5,-39.75
43896,10,30,8510.25,9,2020-03-06,2020-03-06 10:30:00,2020-03-06 10:30:00,NQH20.csv,3789,NQH20.csv,2.0,8531.25,8531.25,17020.5,17062.5,-42.0
43896,11,0,8512.0,1,2020-03-06,2020-03-06 11:00:00,2020-03-06 11:00:00,NQH20.csv,2704,NQH20.csv,-8.0,8512.5,8512.5,68096.0,68100.0,4.0
43896,11,30,8459.0,7,2020-03-06,2020-03-06 11:30:00,2020-03-06 11:30:00,NQH20.csv,2073,NQH20.csv,6.0,8475.5,8475.5,50754.0,50853.0,-99.0
43896,12,0,8436.5,2,2020-03-06,2020-03-06 12:00:00,2020-03-06 12:00:00,NQH20.csv,1982,NQH20.csv,-5.0,8422.0,8422.0,42182.5,42110.0,-72.5
43896,12,30,8393.0,8,2020-03-06,2020-03-06 12:30:00,2020-03-06 12:30:00,NQH20.csv,1712,NQH20.csv,6.0,8404.75,8404.75,50358.0,50428.5,-70.5
43896,13,0,8420.25,1,2020-03-06,2020-03-06 13:00:00,2020-03-06 13:00:00,NQH20.csv,724,NQH20.csv,-7.0,8425.5,8425.5,58941.75,58978.5,36.75
43896,13,30,8449.0,6,2020-03-06,2020-03-06 13:30:00,2020-03-06 13:30:00,NQH20.csv,1015,NQH20.csv,5.0,8462.75,8462.75,42245.0,42313.75,-68.75
43896,13,45,8433.75,0,2020-03-06,2020-03-06 13:45:00,2020-03-06 13:45:00,NQH20.csv,1159,NQH20.csv,-6.0,8421.75,8421.75,50602.5,50530.5,-72.0
43896,14,0,8396.75,-1,2020-03-06,2020-03-06 14:00:00,2020-03-06 14:00:00,NQH20.csv,1834,NQH20.csv,-1.0,8384.0,8384.0,8396.75,8384.0,-12.75
43896,14,15,8376.25,5,2020-03-06,2020-03-06 14:15:00,2020-03-06 14:15:00,NQH20.csv,605,NQH20.csv,6.0,8378.5,8378.5,50257.5,50271.0,-13.5
43896,14,30,8395.75,3,2020-03-06,2020-03-06 14:30:00,2020-03-06 14:30:00,NQH20.csv,1634,NQH20.csv,-2.0,8394.25,8394.25,16791.5,16788.5,-3.0
43896,15,0,8337.0,-2,2020-03-06,2020-03-06 15:00:00,2020-03-06 15:00:00,NQH20.csv,1606,NQH20.csv,-5.0,8337.5,8337.5,41685.0,41687.5,2.5
43896,15,30,8369.5,-4,2020-03-06,2020-03-06 15:30:00,2020-03-06 15:30:00,NQH20.csv,3324,NQH20.csv,-2.0,8409.25,8409.25,16739.0,16818.5,79.5
43896,15,45,8451.0,-7,2020-03-06,2020-03-06 15:45:00,2020-03-06 15:45:00,NQH20.csv,3506,NQH20.csv,-3.0,8467.5,8467.5,25353.0,25402.5,49.5
43896,16,0,8523.75,7,2020-03-06,2020-03-06 16:00:00,2020-03-06 16:00:00,NQH20.csv,3600,NQH20.csv,14.0,8513.0,8513.0,119332.5,119182.0,150.5
43896,16,15,8506.5,0,2020-03-06,2020-03-06 16:15:00,2020-03-06 16:15:00,NQH20.csv,2105,NQH20.csv,-7.0,8505.0,8504.0,59545.5,59528.0,-17.5
43899,10,0,8073.0,-2,2020-03-09,2020-03-09 10:00:00,2020-03-09 10:00:00,NQH20.csv,1146,NQH20.csv,-2.0,8078.0,8078.0,16146.0,16156.0,10.0
43899,10,30,8086.25,2,2020-03-09,2020-03-09 10:30:00,2020-03-09 10:30:00,NQH20.csv,998,NQH20.csv,4.0,8096.0,8096.0,32345.0,32384.0,-39.0
43899,10,45,8088.0,-1,2020-03-09,2020-03-09 10:45:00,2020-03-09 10:45:00,NQH20.csv,1489,NQH20.csv,-3.0,8074.75,8074.75,24264.0,24224.25,-39.75
43899,11,15,8092.25,2,2020-03-09,2020-03-09 11:15:00,2020-03-09 11:15:00,NQH20.csv,824,NQH20.csv,3.0,8095.75,8095.75,24276.75,24287.25,-10.5
43899,11,30,8123.75,-1,2020-03-09,2020-03-09 11:30:00,2020-03-09 11:30:00,NQH20.csv,1032,NQH20.csv,-3.0,8105.0,8105.0,24371.25,24315.0,-56.25
43899,12,0,8193.0,3,2020-03-09,2020-03-09 12:00:00,2020-03-09 12:00:00,NQH20.csv,924,NQH20.csv,4.0,8190.75,8190.75,32772.0,32763.0,9.0
43899,12,15,8211.5,-3,2020-03-09,2020-03-09 12:15:00,2020-03-09 12:15:00,NQH20.csv,592,NQH20.csv,-6.0,8207.75,8207.75,49269.0,49246.5,-22.5
43899,12,30,8154.0,-7,2020-03-09,2020-03-09 12:30:00,2020-03-09 12:30:00,NQH20.csv,928,NQH20.csv,-4.0,8155.75,8155.75,32616.0,32623.0,7.0
43899,12,45,8114.0,-1,2020-03-09,2020-03-09 12:45:00,2020-03-09 12:45:00,NQH20.csv,972,NQH20.csv,6.0,8113.0,8113.0,48684.0,48678.0,6.0
43899,13,30,8091.5,2,2020-03-09,2020-03-09 13:30:00,2020-03-09 13:30:00,NQH20.csv,584,NQH20.csv,3.0,8082.0,8082.0,24274.5,24246.0,28.5
43899,13,45,8020.25,-3,2020-03-09,2020-03-09 13:45:00,2020-03-09 13:45:00,NQH20.csv,1458,NQH20.csv,-5.0,8034.5,8034.5,40101.25,40172.5,71.25
43899,14,0,8010.5,-4,2020-03-09,2020-03-09 14:00:00,2020-03-09 14:00:00,NQH20.csv,1694,NQH20.csv,-1.0,8015.75,8015.75,8010.5,8015.75,5.25
43899,14,15,8015.75,1,2020-03-09,2020-03-09 14:15:00,2020-03-09 14:15:00,NQH20.csv,2903,NQH20.csv,5.0,8047.25,8047.25,40078.75,40236.25,-157.5
43899,14,30,7990.5,0,2020-03-09,2020-03-09 14:30:00,2020-03-09 14:30:00,NQH20.csv,1042,NQH20.csv,-1.0,7981.25,7981.25,7990.5,7981.25,-9.25
43899,15,0,8033.0,2,2020-03-09,2020-03-09 15:00:00,2020-03-09 15:00:00,NQH20.csv,1200,NQH20.csv,2.0,8030.75,8030.75,16066.0,16061.5,4.5
43899,15,30,8048.75,-3,2020-03-09,2020-03-09 15:30:00,2020-03-09 15:30:00,NQH20.csv,1642,NQH20.csv,-5.0,8032.0,8032.0,40243.75,40160.0,-83.75
43899,16,0,7936.0,0,2020-03-09,2020-03-09 16:00:00,2020-03-09 16:00:00,NQH20.csv,5721,NQH20.csv,3.0,7888.25,7888.25,23808.0,23664.75,143.25
43900,2,30,8241.0,4,2020-03-10,2020-03-10 02:30:00,2020-03-10 02:30:00,NQH20.csv,186,NQH20.csv,4.0,8240.25,8262.25,32964.0,33049.0,-85.0
43900,4,30,8215.0,3,2020-03-10,2020-03-10 04:30:00,2020-03-10 04:30:00,NQH20.csv,188,NQH20.csv,-1.0,8216.0,8216.0,8215.0,8216.0,1.0
43900,5,45,8310.25,1,2020-03-10,2020-03-10 05:45:00,2020-03-10 05:45:00,NQH20.csv,298,NQH20.csv,-2.0,8311.0,8311.0,16620.5,16622.0,1.5
43900,6,0,8322.0,-5,2020-03-10,2020-03-10 06:00:00,2020-03-10 06:00:00,NQH20.csv,215,NQH20.csv,-6.0,8322.75,8322.75,49932.0,49936.5,4.5
43900,6,15,8335.5,-3,2020-03-10,2020-03-10 06:15:00,2020-03-10 06:15:00,NQH20.csv,277,NQH20.csv,2.0,8334.75,8334.75,16671.0,16669.5,1.5
43900,6,30,8308.0,0,2020-03-10,2020-03-10 06:30:00,2020-03-10 06:30:00,NQH20.csv,97,NQH20.csv,3.0,8307.25,8307.25,24924.0,24921.75,2.25
43900,7,0,8331.0,-3,2020-03-10,2020-03-10 07:00:00,2020-03-10 07:00:00,NQH20.csv,283,NQH20.csv,-3.0,8331.75,8331.75,24993.0,24995.25,2.25
43900,8,0,8274.0,3,2020-03-10,2020-03-10 08:00:00,2020-03-10 08:00:00,NQH20.csv,326,NQH20.csv,6.0,8273.5,8273.5,49644.0,49641.0,3.0
43900,9,15,8227.0,6,2020-03-10,2020-03-10 09:15:00,2020-03-10 09:15:00,NQH20.csv,540,NQH20.csv,3.0,8226.0,8226.0,24681.0,24678.0,3.0
43900,9,45,8164.0,5,2020-03-10,2020-03-10 09:45:00,2020-03-10 09:45:00,NQH20.csv,3069,NQH20.csv,-1.0,8165.25,8165.25,8164.0,8165.25,1.25
43900,10,15,8244.5,3,2020-03-10,2020-03-10 10:15:00,2020-03-10 10:15:00,NQH20.csv,1772,NQH20.csv,-2.0,8245.75,8245.75,16489.0,16491.5,2.5
43900,10,30,8191.75,-2,2020-03-10,2020-03-10 10:30:00,2020-03-10 10:30:00,NQH20.csv,1650,NQH20.csv,-5.0,8192.75,8192.75,40958.75,40963.75,5.0
43900,11,0,8084.0,3,2020-03-10,2020-03-10 11:00:00,2020-03-10 11:00:00,NQH20.csv,2657,NQH20.csv,5.0,8083.0,8083.0,40420.0,40415.0,5.0
43900,11,15,8074.75,0,2020-03-10,2020-03-10 11:15:00,2020-03-10 11:15:00,NQH20.csv,2492,NQH20.csv,-3.0,8076.0,8076.0,24224.25,24228.0,3.75
43900,11,30,7986.75,2,2020-03-10,2020-03-10 11:30:00,2020-03-10 11:30:00,NQH20.csv,3828,NQH20.csv,2.0,7985.75,7985.75,15973.5,15971.5,2.0
43900,12,0,8004.75,0,2020-03-10,2020-03-10 12:00:00,2020-03-10 12:00:00,NQH20.csv,2195,NQH20.csv,-2.0,8006.0,8006.0,16009.5,16012.0,2.5
43900,12,15,8119.0,3,2020-03-10,2020-03-10 12:15:00,2020-03-10 12:15:00,NQH20.csv,1389,NQH20.csv,3.0,8118.0,8118.0,24357.0,24354.0,3.0
43900,12,45,8095.0,7,2020-03-10,2020-03-10 12:45:00,2020-03-10 12:45:00,NQH20.csv,3156,NQH20.csv,4.0,8094.0,8094.0,32380.0,32376.0,4.0
43900,13,0,8091.0,-2,2020-03-10,2020-03-10 13:00:00,2020-03-10 13:00:00,NQH20.csv,2382,NQH20.csv,-9.0,8092.25,8059.0,72819.0,72531.0,-288.0
43900,13,15,8128.0,-6,2020-03-10,2020-03-10 13:15:00,2020-03-10 13:15:00,NQH20.csv,856,NQH20.csv,-4.0,8129.25,8129.25,32512.0,32517.0,5.0
43900,13,30,8122.5,3,2020-03-10,2020-03-10 13:30:00,2020-03-10 13:30:00,NQH20.csv,2915,NQH20.csv,9.0,8121.5,8121.5,73102.5,73093.5,9.0
43900,13,45,8087.5,-2,2020-03-10,2020-03-10 13:45:00,2020-03-10 13:45:00,NQH20.csv,488,NQH20.csv,-5.0,8088.5,8066.0,40437.5,40330.0,-107.5
43900,14,0,8055.5,0,2020-03-10,2020-03-10 14:00:00,2020-03-10 14:00:00,NQH20.csv,1965,NQH20.csv,2.0,8054.5,8054.5,16111.0,16109.0,2.0
43900,14,15,8084.5,5,2020-03-10,2020-03-10 14:15:00,2020-03-10 14:15:00,NQH20.csv,2263,NQH20.csv,5.0,8083.5,8083.5,40422.5,40417.5,5.0
43900,14,45,8170.5,6,2020-03-10,2020-03-10 14:45:00,2020-03-10 14:45:00,NQH20.csv,924,NQH20.csv,1.0,8169.5,8169.5,8170.5,8169.5,1.0
43900,15,0,8201.25,7,2020-03-10,2020-03-10 15:00:00,2020-03-10 15:00:00,NQH20.csv,1345,NQH20.csv,1.0,8200.25,8200.25,8201.25,8200.25,1.0
43900,15,15,8239.0,6,2020-03-10,2020-03-10 15:15:00,2020-03-10 15:15:00,NQH20.csv,959,NQH20.csv,-1.0,8240.0,8240.0,8239.0,8240.0,1.0
43900,15,45,8266.25,2,2020-03-10,2020-03-10 15:45:00,2020-03-10 15:45:00,NQH20.csv,913,NQH20.csv,-4.0,8267.25,8267.25,33065.0,33069.0,4.0
43900,16,0,8359.25,3,2020-03-10,2020-03-10 16:00:00,2020-03-10 16:00:00,NQH20.csv,5019,NQH20.csv,1.0,8358.25,8358.25,8359.25,8358.25,1.0
43901,2,30,8146.0,4,2020-03-11,2020-03-11 02:30:00,2020-03-11 02:30:00,NQH20.csv,138,NQH20.csv,1.0,8140.75,8140.75,8146.0,8140.75,5.25
43901,5,15,8206.0,6,2020-03-11,2020-03-11 05:15:00,2020-03-11 05:15:00,NQH20.csv,156,NQH20.csv,2.0,8196.0,8196.0,16412.0,16392.0,20.0
43901,5,45,8172.25,4,2020-03-11,2020-03-11 05:45:00,2020-03-11 05:45:00,NQH20.csv,129,NQH20.csv,-2.0,8178.25,8178.25,16344.5,16356.5,12.0
43901,6,0,8185.75,5,2020-03-11,2020-03-11 06:00:00,2020-03-11 06:00:00,NQH20.csv,128,NQH20.csv,1.0,8183.0,8183.0,8185.75,8183.0,2.75
43901,6,30,8142.75,0,2020-03-11,2020-03-11 06:30:00,2020-03-11 06:30:00,NQH20.csv,145,NQH20.csv,-5.0,8195.75,8195.75,40713.75,40978.75,265.0
43901,6,45,8185.0,-5,2020-03-11,2020-03-11 06:45:00,2020-03-11 06:45:00,NQH20.csv,258,NQH20.csv,-5.0,8198.75,8198.75,40925.0,40993.75,68.75
43901,7,15,8162.5,0,2020-03-11,2020-03-11 07:15:00,2020-03-11 07:15:00,NQH20.csv,187,NQH20.csv,5.0,8165.0,8165.0,40812.5,40825.0,-12.5
43901,7,30,8142.0,3,2020-03-11,2020-03-11 07:30:00,2020-03-11 07:30:00,NQH20.csv,348,NQH20.csv,3.0,8149.0,8149.0,24426.0,24447.0,-21.0
43901,8,0,8134.75,-3,2020-03-11,2020-03-11 08:00:00,2020-03-11 08:00:00,NQH20.csv,309,NQH20.csv,-6.0,8143.25,8143.25,48808.5,48859.5,51.0
43901,8,30,8109.0,4,2020-03-11,2020-03-11 08:30:00,2020-03-11 08:30:00,NQH20.csv,287,NQH20.csv,7.0,8100.5,8100.5,56763.0,56703.5,59.5
43901,9,15,8108.75,7,2020-03-11,2020-03-11 09:15:00,2020-03-11 09:15:00,NQH20.csv,380,NQH20.csv,3.0,8108.75,8108.75,24326.25,24326.25,0.0
43901,10,15,8194.75,4,2020-03-11,2020-03-11 10:15:00,2020-03-11 10:15:00,NQH20.csv,2132,NQH20.csv,-3.0,8185.75,8185.75,24584.25,24557.25,-27.0
43901,10,45,8108.25,0,2020-03-11,2020-03-11 10:45:00,2020-03-11 10:45:00,NQH20.csv,1541,NQH20.csv,-4.0,8116.0,8116.0,32433.0,32464.0,31.0
43901,11,15,8123.5,4,2020-03-11,2020-03-11 11:15:00,2020-03-11 11:15:00,NQH20.csv,2021,NQH20.csv,4.0,8103.25,8103.25,32494.0,32413.0,81.0
43901,11,30,8075.75,5,2020-03-11,2020-03-11 11:30:00,2020-03-11 11:30:00,NQH20.csv,1301,NQH20.csv,1.0,8094.5,8094.5,8075.75,8094.5,-18.75
43901,11,45,8089.0,3,2020-03-11,2020-03-11 11:45:00,2020-03-11 11:45:00,NQH20.csv,1989,NQH20.csv,-2.0,8084.75,8084.75,16178.0,16169.5,-8.5
43901,12,0,8099.25,-2,2020-03-11,2020-03-11 12:00:00,2020-03-11 12:00:00,NQH20.csv,1369,NQH20.csv,-5.0,8100.75,8100.75,40496.25,40503.75,7.5
43901,12,15,8145.25,0,2020-03-11,2020-03-11 12:15:00,2020-03-11 12:15:00,NQH20.csv,1190,NQH20.csv,2.0,8166.75,8166.75,16290.5,16333.5,-43.0
43901,12,30,8113.0,4,2020-03-11,2020-03-11 12:30:00,2020-03-11 12:30:00,NQH20.csv,2117,NQH20.csv,4.0,8107.0,8107.0,32452.0,32428.0,24.0
43901,12,45,8057.5,-1,2020-03-11,2020-03-11 12:45:00,2020-03-11 12:45:00,NQH20.csv,2845,NQH20.csv,-5.0,8057.75,8057.75,40287.5,40288.75,1.25
43901,13,15,8020.75,4,2020-03-11,2020-03-11 13:15:00,2020-03-11 13:15:00,NQH20.csv,1976,NQH20.csv,5.0,8041.75,8041.75,40103.75,40208.75,-105.0
43901,13,30,8055.25,-1,2020-03-11,2020-03-11 13:30:00,2020-03-11 13:30:00,NQH20.csv,1589,NQH20.csv,-5.0,8046.25,8046.25,40276.25,40231.25,-45.0
43901,14,0,8039.75,2,2020-03-11,2020-03-11 14:00:00,2020-03-11 14:00:00,NQH20.csv,1382,NQH20.csv,3.0,8015.75,8015.75,24119.25,24047.25,72.0
43901,14,15,7992.0,4,2020-03-11,2020-03-11 14:15:00,2020-03-11 14:15:00,NQH20.csv,1322,NQH20.csv,2.0,7978.75,7978.75,15984.0,15957.5,26.5
43901,14,30,7973.0,0,2020-03-11,2020-03-11 14:30:00,2020-03-11 14:30:00,NQH20.csv,2248,NQH20.csv,-4.0,7989.5,7989.5,31892.0,31958.0,66.0
43901,14,45,7993.0,1,2020-03-11,2020-03-11 14:45:00,2020-03-11 14:45:00,NQH20.csv,1189,NQH20.csv,1.0,8009.25,8009.25,7993.0,8009.25,-16.25
43901,15,15,7904.75,-2,2020-03-11,2020-03-11 15:15:00,2020-03-11 15:15:00,NQH20.csv,1553,NQH20.csv,-3.0,7939.75,7939.75,23714.25,23819.25,105.0
43901,15,30,7953.25,-6,2020-03-11,2020-03-11 15:30:00,2020-03-11 15:30:00,NQH20.csv,2080,NQH20.csv,-4.0,7997.75,7997.75,31813.0,31991.0,178.0
43901,15,45,8023.75,-5,2020-03-11,2020-03-11 15:45:00,2020-03-11 15:45:00,NQH20.csv,2672,NQH20.csv,1.0,8045.0,8045.0,8023.75,8045.0,-21.25
43901,16,0,7998.75,4,2020-03-11,2020-03-11 16:00:00,2020-03-11 16:00:00,NQH20.csv,3179,NQH20.csv,9.0,7989.5,7989.5,71988.75,71905.5,83.25
43902,2,30,7676.5,9,2020-03-12,2020-03-12 02:30:00,2020-03-12 02:30:00,NQH20.csv,96,NQH20.csv,5.0,7682.75,7682.75,38382.5,38413.75,-31.25
43902,3,30,7654.5,1,2020-03-12,2020-03-12 03:30:00,2020-03-12 03:30:00,NQH20.csv,357,NQH20.csv,-8.0,7655.0,7655.0,61236.0,61240.0,4.0
43902,4,30,7649.75,-4,2020-03-12,2020-03-12 04:30:00,2020-03-12 04:30:00,NQH20.csv,339,NQH20.csv,-5.0,7657.25,7657.25,38248.75,38286.25,37.5
43902,5,0,7623.0,0,2020-03-12,2020-03-12 05:00:00,2020-03-12 05:00:00,NQH20.csv,209,NQH20.csv,4.0,7620.25,7620.25,30492.0,30481.0,11.0
43902,5,30,7603.5,4,2020-03-12,2020-03-12 05:30:00,2020-03-12 05:30:00,NQH20.csv,207,NQH20.csv,4.0,7602.75,7602.75,30414.0,30411.0,3.0
43902,6,15,7613.75,5,2020-03-12,2020-03-12 06:15:00,2020-03-12 06:15:00,NQH20.csv,220,NQH20.csv,1.0,7612.5,7612.5,7613.75,7612.5,1.25
43902,6,45,7620.0,7,2020-03-12,2020-03-12 06:45:00,2020-03-12 06:45:00,NQH20.csv,129,NQH20.csv,2.0,7621.25,7621.25,15240.0,15242.5,-2.5
43902,7,0,7641.5,-1,2020-03-12,2020-03-12 07:00:00,2020-03-12 07:00:00,NQH20.csv,259,NQH20.csv,-8.0,7634.0,7634.0,61132.0,61072.0,-60.0
43902,7,15,7617.25,-4,2020-03-12,2020-03-12 07:15:00,2020-03-12 07:15:00,NQH20.csv,163,NQH20.csv,-3.0,7617.0,7617.0,22851.75,22851.0,-0.75
43902,7,30,7607.5,11,2020-03-12,2020-03-12 07:30:00,2020-03-12 07:30:00,NQH20.csv,118,NQH20.csv,15.0,7607.25,7607.25,114112.5,114108.75,3.75
43902,8,0,7601.5,-2,2020-03-12,2020-03-12 08:00:00,2020-03-12 08:00:00,NQH20.csv,20,NQH20.csv,-13.0,7602.5,7601.5,98819.5,98819.5,-0.0
43902,8,30,7601.5,4,2020-03-12,2020-03-12 08:30:00,2020-03-12 08:30:00,NQH20.csv,42,NQH20.csv,6.0,7600.75,7601.5,45609.0,45609.0,0.0
43902,10,0,7556.25,-2,2020-03-12,2020-03-12 10:00:00,2020-03-12 10:00:00,NQH20.csv,3320,NQH20.csv,-6.0,7551.5,7551.5,45337.5,45309.0,-28.5
43902,10,30,7539.75,-3,2020-03-12,2020-03-12 10:30:00,2020-03-12 10:30:00,NQH20.csv,1912,NQH20.csv,-1.0,7552.5,7552.5,7539.75,7552.5,12.75
43902,10,45,7534.0,-6,2020-03-12,2020-03-12 10:45:00,2020-03-12 10:45:00,NQH20.csv,1233,NQH20.csv,-3.0,7535.5,7535.5,22602.0,22606.5,4.5
43902,11,0,7578.0,0,2020-03-12,2020-03-12 11:00:00,2020-03-12 11:00:00,NQH20.csv,1362,NQH20.csv,6.0,7557.25,7557.25,45468.0,45343.5,124.5
43902,11,15,7473.25,-1,2020-03-12,2020-03-12 11:15:00,2020-03-12 11:15:00,NQH20.csv,1811,NQH20.csv,-1.0,7503.5,7503.5,7473.25,7503.5,30.25
43902,11,30,7466.0,-7,2020-03-12,2020-03-12 11:30:00,2020-03-12 11:30:00,NQH20.csv,1079,NQH20.csv,-6.0,7468.5,7468.5,44796.0,44811.0,15.0
43902,11,45,7425.75,-3,2020-03-12,2020-03-12 11:45:00,2020-03-12 11:45:00,NQH20.csv,1207,NQH20.csv,4.0,7414.5,7414.5,29703.0,29658.0,45.0
43902,12,15,7362.25,-4,2020-03-12,2020-03-12 12:15:00,2020-03-12 12:15:00,NQH20.csv,1429,NQH20.csv,-1.0,7382.75,7382.75,7362.25,7382.75,20.5
43902,12,45,7371.75,-3,2020-03-12,2020-03-12 12:45:00,2020-03-12 12:45:00,NQH20.csv,1133,NQH20.csv,1.0,7390.5,7390.5,7371.75,7390.5,-18.75
43902,13,0,7591.25,-2,2020-03-12,2020-03-12 13:00:00,2020-03-12 13:00:00,NQH20.csv,2868,NQH20.csv,1.0,7568.5,7568.5,7591.25,7568.5,22.75
43902,13,15,7597.75,-4,2020-03-12,2020-03-12 13:15:00,2020-03-12 13:15:00,NQH20.csv,2358,NQH20.csv,-2.0,7628.0,7628.0,15195.5,15256.0,60.5
43902,13,45,7474.75,-2,2020-03-12,2020-03-12 13:45:00,2020-03-12 13:45:00,NQH20.csv,1069,NQH20.csv,2.0,7471.0,7471.0,14949.5,14942.0,7.5
43902,14,0,7552.25,2,2020-03-12,2020-03-12 14:00:00,2020-03-12 14:00:00,NQH20.csv,2096,NQH20.csv,4.0,7515.75,7515.75,30209.0,30063.0,146.0
43902,14,30,7428.75,-2,2020-03-12,2020-03-12 14:30:00,2020-03-12 14:30:00,NQH20.csv,1017,NQH20.csv,-4.0,7435.25,7435.25,29715.0,29741.0,26.0
43902,15,30,7344.75,-7,2020-03-12,2020-03-12 15:30:00,2020-03-12 15:30:00,NQH20.csv,1055,NQH20.csv,-5.0,7349.0,7349.0,36723.75,36745.0,21.25
43902,16,0,7262.25,4,2020-03-12,2020-03-12 16:00:00,2020-03-12 16:00:00,NQH20.csv,5546,NQH20.csv,11.0,7268.5,7268.5,79884.75,79953.5,-68.75
43903,2,30,7368.75,7,2020-03-13,2020-03-13 02:30:00,2020-03-13 02:30:00,NQH20.csv,78,NQH20.csv,3.0,7367.5,7367.5,22106.25,22102.5,3.75
43903,3,30,7514.0,1,2020-03-13,2020-03-13 03:30:00,2020-03-13 03:30:00,NQH20.csv,369,NQH20.csv,-6.0,7515.0,7515.0,45084.0,45090.0,6.0
43903,4,30,7500.25,-2,2020-03-13,2020-03-13 04:30:00,2020-03-13 04:30:00,NQH20.csv,272,NQH20.csv,-3.0,7501.25,7446.5,22500.75,22339.5,-161.25
43903,5,30,7491.25,4,2020-03-13,2020-03-13 05:30:00,2020-03-13 05:30:00,NQH20.csv,98,NQH20.csv,6.0,7489.75,7489.75,44947.5,44938.5,9.0
43903,6,45,7546.5,0,2020-03-13,2020-03-13 06:45:00,2020-03-13 06:45:00,NQH20.csv,214,NQH20.csv,-4.0,7547.5,7547.5,30186.0,30190.0,4.0
43903,7,15,7622.75,4,2020-03-13,2020-03-13 07:15:00,2020-03-13 07:15:00,NQH20.csv,8,NQH20.csv,4.0,7621.5,7622.75,30491.0,30491.0,0.0
43903,10,45,7518.25,0,2020-03-13,2020-03-13 10:45:00,2020-03-13 10:45:00,NQH20.csv,820,NQH20.csv,-4.0,7536.0,7536.0,30073.0,30144.0,71.0
43903,11,15,7520.0,4,2020-03-13,2020-03-13 11:15:00,2020-03-13 11:15:00,NQH20.csv,970,NQH20.csv,4.0,7481.5,7481.5,30080.0,29926.0,154.0
43903,11,45,7351.75,0,2020-03-13,2020-03-13 11:45:00,2020-03-13 11:45:00,NQM20.csv,1133,NQM20.csv,-4.0,7302.0,7302.0,29407.0,29208.0,-199.0
43903,12,15,7403.25,4,2020-03-13,2020-03-13 12:15:00,2020-03-13 12:15:00,NQM20.csv,829,NQM20.csv,4.0,7383.75,7383.75,29613.0,29535.0,78.0
43903,13,15,7495.5,1,2020-03-13,2020-03-13 13:15:00,2020-03-13 13:15:00,NQM20.csv,632,NQM20.csv,-3.0,7469.25,7469.25,22486.5,22407.75,-78.75
43903,13,45,7552.0,4,2020-03-13,2020-03-13 13:45:00,2020-03-13 13:45:00,NQM20.csv,453,NQH20.csv,3.0,7570.75,7570.75,22656.0,22712.25,-56.25
43903,14,0,7571.25,2,2020-03-13,2020-03-13 14:00:00,2020-03-13 14:00:00,NQH20.csv,572,NQH20.csv,-2.0,7527.5,7527.5,15142.5,15055.0,-87.5
43903,14,15,7492.25,-1,2020-03-13,2020-03-13 14:15:00,2020-03-13 14:15:00,NQM20.csv,372,NQH20.csv,-3.0,7507.5,7507.5,22476.75,22522.5,45.75
43903,14,30,7447.5,1,2020-03-13,2020-03-13 14:30:00,2020-03-13 14:30:00,NQH20.csv,446,NQH20.csv,2.0,7432.25,7432.25,14895.0,14864.5,30.5
43903,14,45,7495.25,4,2020-03-13,2020-03-13 14:45:00,2020-03-13 14:45:00,NQM20.csv,532,NQM20.csv,3.0,7479.5,7479.5,22485.75,22438.5,47.25
43903,15,0,7495.0,7,2020-03-13,2020-03-13 15:00:00,2020-03-13 15:00:00,NQM20.csv,1021,NQM20.csv,3.0,7506.0,7506.0,22485.0,22518.0,-33.0
43903,15,45,7635.5,4,2020-03-13,2020-03-13 15:45:00,2020-03-13 15:45:00,NQH20.csv,656,NQH20.csv,-3.0,7706.25,7706.25,22906.5,23118.75,212.25
43903,16,15,7914.25,0,2020-03-13,2020-03-13 16:15:00,2020-03-13 16:15:00,NQH20.csv,1809,NQH20.csv,-4.0,7847.0,7910.0,31657.0,31640.0,-17.0
43906,10,0,7236.0,-2,2020-03-16,2020-03-16 10:00:00,2020-03-16 10:00:00,NQM20.csv,1565,NQM20.csv,-2.0,7192.0,7192.0,14472.0,14384.0,-88.0
43906,10,30,7264.75,-3,2020-03-16,2020-03-16 10:30:00,2020-03-16 10:30:00,NQM20.csv,1168,NQM20.csv,-1.0,7337.5,7337.5,7264.75,7337.5,72.75
43906,11,0,7400.0,0,2020-03-16,2020-03-16 11:00:00,2020-03-16 11:00:00,NQH20.csv,660,NQH20.csv,3.0,7430.0,7430.0,22200.0,22290.0,-90.0
43906,11,30,7548.0,-6,2020-03-16,2020-03-16 11:30:00,2020-03-16 11:30:00,NQM20.csv,979,NQM20.csv,-6.0,7487.5,7487.5,45288.0,44925.0,-363.0
43906,11,45,7458.25,-7,2020-03-16,2020-03-16 11:45:00,2020-03-16 11:45:00,NQM20.csv,346,NQM20.csv,-1.0,7431.75,7431.75,7458.25,7431.75,-26.5
43906,12,0,7509.5,0,2020-03-16,2020-03-16 12:00:00,2020-03-16 12:00:00,NQH20.csv,571,NQH20.csv,7.0,7512.25,7512.25,52566.5,52585.75,-19.25
43906,12,30,7418.0,-1,2020-03-16,2020-03-16 12:30:00,2020-03-16 12:30:00,NQH20.csv,525,NQH20.csv,-1.0,7411.25,7411.25,7418.0,7411.25,-6.75
43906,12,45,7436.0,2,2020-03-16,2020-03-16 12:45:00,2020-03-16 12:45:00,NQM20.csv,360,NQH20.csv,3.0,7410.0,7410.0,22308.0,22230.0,78.0
43906,13,0,7355.25,4,2020-03-16,2020-03-16 13:00:00,2020-03-16 13:00:00,NQM20.csv,417,NQM20.csv,2.0,7343.75,7343.75,14710.5,14687.5,23.0
43906,13,15,7395.0,-1,2020-03-16,2020-03-16 13:15:00,2020-03-16 13:15:00,NQM20.csv,904,NQM20.csv,-5.0,7331.0,7331.0,36975.0,36655.0,-320.0
43906,13,30,7339.0,1,2020-03-16,2020-03-16 13:30:00,2020-03-16 13:30:00,NQM20.csv,1321,NQM20.csv,2.0,7284.0,7284.0,14678.0,14568.0,110.0
43906,14,0,7291.25,-1,2020-03-16,2020-03-16 14:00:00,2020-03-16 14:00:00,NQM20.csv,505,NQM20.csv,-2.0,7244.25,7244.25,14582.5,14488.5,-94.0
43906,14,15,7268.5,2,2020-03-16,2020-03-16 14:15:00,2020-03-16 14:15:00,NQM20.csv,685,NQM20.csv,3.0,7223.0,7223.0,21805.5,21669.0,136.5
43906,14,30,7285.0,0,2020-03-16,2020-03-16 14:30:00,2020-03-16 14:30:00,NQM20.csv,682,NQM20.csv,-2.0,7321.0,7321.0,14570.0,14642.0,72.0
43906,14,45,7283.0,1,2020-03-16,2020-03-16 14:45:00,2020-03-16 14:45:00,NQM20.csv,884,NQM20.csv,1.0,7256.5,7256.5,7283.0,7256.5,26.5
43906,15,0,7336.0,5,2020-03-16,2020-03-16 15:00:00,2020-03-16 15:00:00,NQM20.csv,395,NQM20.csv,4.0,7301.5,7313.25,29344.0,29253.0,91.0
43906,15,15,7282.25,4,2020-03-16,2020-03-16 15:15:00,2020-03-16 15:15:00,NQH20.csv,478,NQH20.csv,-1.0,7339.75,7339.75,7282.25,7339.75,57.5
43906,15,30,7249.75,0,2020-03-16,2020-03-16 15:30:00,2020-03-16 15:30:00,NQM20.csv,1284,NQM20.csv,-4.0,7166.5,7166.5,28999.0,28666.0,-333.0
43906,15,45,7276.25,-4,2020-03-16,2020-03-16 15:45:00,2020-03-16 15:45:00,NQM20.csv,1702,NQM20.csv,-4.0,7186.75,7186.75,29105.0,28747.0,-358.0
43906,16,0,6951.75,0,2020-03-16,2020-03-16 16:00:00,2020-03-16 16:00:00,NQM20.csv,4543,NQM20.csv,4.0,7054.25,7054.25,27807.0,28217.0,-410.0
43907,5,15,7130.25,3,2020-03-17,2020-03-17 05:15:00,2020-03-17 05:15:00,NQM20.csv,264,NQM20.csv,3.0,7118.75,7118.75,21390.75,21356.25,34.5
43907,5,45,7037.0,0,2020-03-17,2020-03-17 05:45:00,2020-03-17 05:45:00,NQM20.csv,92,NQM20.csv,-3.0,7089.0,7089.0,21111.0,21267.0,156.0
43907,6,0,7083.0,-6,2020-03-17,2020-03-17 06:00:00,2020-03-17 06:00:00,NQM20.csv,183,NQH20.csv,-6.0,7086.75,7086.75,42498.0,42520.5,22.5
43907,6,15,7159.5,-5,2020-03-17,2020-03-17 06:15:00,2020-03-17 06:15:00,NQH20.csv,224,NQH20.csv,1.0,7188.25,7188.25,7159.5,7188.25,-28.75
43907,6,45,7133.0,-6,2020-03-17,2020-03-17 06:45:00,2020-03-17 06:45:00,NQH20.csv,165,NQH20.csv,-1.0,7168.75,7168.75,7133.0,7168.75,35.75
43907,7,30,7176.0,-1,2020-03-17,2020-03-17 07:30:00,2020-03-17 07:30:00,NQM20.csv,310,NQM20.csv,5.0,7151.75,7151.75,35880.0,35758.75,121.25
43907,7,45,7105.5,-6,2020-03-17,2020-03-17 07:45:00,2020-03-17 07:45:00,NQH20.csv,137,NQM20.csv,-5.0,7154.25,7154.25,35527.5,35771.25,243.75
43907,8,0,7092.25,-1,2020-03-17,2020-03-17 08:00:00,2020-03-17 08:00:00,NQM20.csv,289,NQM20.csv,5.0,7088.75,7088.75,35461.25,35443.75,17.5
43907,8,15,7133.25,4,2020-03-17,2020-03-17 08:15:00,2020-03-17 08:15:00,NQM20.csv,181,NQM20.csv,5.0,7154.25,7154.25,35666.25,35771.25,-105.0
43907,8,30,7143.0,0,2020-03-17,2020-03-17 08:30:00,2020-03-17 08:30:00,NQM20.csv,211,NQM20.csv,-4.0,7149.0,7149.0,28572.0,28596.0,24.0
43907,9,15,7160.75,4,2020-03-17,2020-03-17 09:15:00,2020-03-17 09:15:00,NQM20.csv,269,NQM20.csv,4.0,7151.5,7151.5,28643.0,28606.0,37.0
43907,10,0,6967.75,1,2020-03-17,2020-03-17 10:00:00,2020-03-17 10:00:00,NQM20.csv,1334,NQM20.csv,-3.0,6949.75,6949.75,20903.25,20849.25,-54.0
43907,10,15,7056.0,-3,2020-03-17,2020-03-17 10:15:00,2020-03-17 10:15:00,NQM20.csv,1607,NQM20.csv,-4.0,7088.75,7088.75,28224.0,28355.0,131.0
43907,10,30,7138.25,1,2020-03-17,2020-03-17 10:30:00,2020-03-17 10:30:00,NQM20.csv,797,NQM20.csv,4.0,7133.25,7133.25,28553.0,28533.0,20.0
43907,11,0,7210.0,-3,2020-03-17,2020-03-17 11:00:00,2020-03-17 11:00:00,NQM20.csv,1748,NQM20.csv,-4.0,7218.0,7218.0,28840.0,28872.0,32.0
43907,11,30,7312.5,1,2020-03-17,2020-03-17 11:30:00,2020-03-17 11:30:00,NQM20.csv,593,NQM20.csv,4.0,7357.25,7357.25,29250.0,29429.0,-179.0
43907,11,45,7334.25,-1,2020-03-17,2020-03-17 11:45:00,2020-03-17 11:45:00,NQM20.csv,648,NQM20.csv,-2.0,7357.25,7357.25,14668.5,14714.5,46.0
43907,12,0,7401.75,-8,2020-03-17,2020-03-17 12:00:00,2020-03-17 12:00:00,NQM20.csv,1011,NQM20.csv,-7.0,7415.75,7415.75,51812.25,51910.25,98.0
43907,12,15,7529.5,-6,2020-03-17,2020-03-17 12:15:00,2020-03-17 12:15:00,NQM20.csv,1255,NQM20.csv,2.0,7453.5,7453.5,15059.0,14907.0,152.0
43907,12,30,7383.0,0,2020-03-17,2020-03-17 12:30:00,2020-03-17 12:30:00,NQM20.csv,872,NQM20.csv,6.0,7414.25,7414.25,44298.0,44485.5,-187.5
43907,12,45,7328.5,-3,2020-03-17,2020-03-17 12:45:00,2020-03-17 12:45:00,NQM20.csv,977,NQM20.csv,-3.0,7340.25,7340.25,21985.5,22020.75,35.25
43907,13,15,7246.0,-2,2020-03-17,2020-03-17 13:15:00,2020-03-17 13:15:00,NQM20.csv,966,NQM20.csv,1.0,7224.25,7224.25,7246.0,7224.25,21.75
43907,13,45,7355.25,1,2020-03-17,2020-03-17 13:45:00,2020-03-17 13:45:00,NQM20.csv,290,NQM20.csv,3.0,7377.5,7377.5,22065.75,22132.5,-66.75
43907,14,0,7378.5,4,2020-03-17,2020-03-17 14:00:00,2020-03-17 14:00:00,NQM20.csv,766,NQM20.csv,3.0,7379.75,7379.75,22135.5,22139.25,-3.75
43907,14,15,7438.5,3,2020-03-17,2020-03-17 14:15:00,2020-03-17 14:15:00,NQM20.csv,497,NQM20.csv,-1.0,7469.75,7469.75,7438.5,7469.75,31.25
43907,14,30,7445.75,7,2020-03-17,2020-03-17 14:30:00,2020-03-17 14:30:00,NQM20.csv,623,NQM20.csv,4.0,7454.5,7454.5,29783.0,29818.0,-35.0
43907,14,45,7409.75,6,2020-03-17,2020-03-17 14:45:00,2020-03-17 14:45:00,NQM20.csv,755,NQM20.csv,-1.0,7381.25,7381.25,7409.75,7381.25,-28.5
43907,15,0,7395.75,9,2020-03-17,2020-03-17 15:00:00,2020-03-17 15:00:00,NQM20.csv,777,NQM20.csv,3.0,7326.0,7326.0,22187.25,21978.0,209.25
43907,15,15,7358.75,10,2020-03-17,2020-03-17 15:15:00,2020-03-17 15:15:00,NQM20.csv,541,NQM20.csv,1.0,7356.75,7356.75,7358.75,7356.75,2.0
43907,15,30,7325.25,5,2020-03-17,2020-03-17 15:30:00,2020-03-17 15:30:00,NQM20.csv,899,NQM20.csv,-5.0,7349.75,7349.75,36626.25,36748.75,122.5
43907,15,45,7456.25,2,2020-03-17,2020-03-17 15:45:00,2020-03-17 15:45:00,NQM20.csv,1329,NQM20.csv,-3.0,7468.25,7468.25,22368.75,22404.75,36.0
43907,16,0,7443.0,0,2020-03-17,2020-03-17 16:00:00,2020-03-17 16:00:00,NQM20.csv,3133,NQM20.csv,-2.0,7423.75,7423.75,14886.0,14847.5,-38.5
43908,9,45,7149.75,-1,2020-03-18,2020-03-18 09:45:00,2020-03-18 09:45:00,NQM20.csv,2020,NQM20.csv,-1.0,7115.0,7115.0,7149.75,7115.0,-34.75
43908,10,0,7217.75,-3,2020-03-18,2020-03-18 10:00:00,2020-03-18 10:00:00,NQM20.csv,1629,NQM20.csv,-2.0,7250.25,7250.25,14435.5,14500.5,65.0
43908,10,15,7251.0,-2,2020-03-18,2020-03-18 10:15:00,2020-03-18 10:15:00,NQM20.csv,952,NQM20.csv,1.0,7276.5,7276.5,7251.0,7276.5,-25.5
43908,10,45,7276.0,-4,2020-03-18,2020-03-18 10:45:00,2020-03-18 10:45:00,NQM20.csv,756,NQM20.csv,-2.0,7239.0,7239.0,14552.0,14478.0,-74.0
43908,11,0,7175.75,-1,2020-03-18,2020-03-18 11:00:00,2020-03-18 11:00:00,NQM20.csv,771,NQM20.csv,3.0,7186.75,7186.75,21527.25,21560.25,-33.0
43908,11,15,7107.25,-2,2020-03-18,2020-03-18 11:15:00,2020-03-18 11:15:00,NQM20.csv,1593,NQM20.csv,-1.0,7128.5,7128.5,7107.25,7128.5,21.25
43908,11,30,7108.75,-5,2020-03-18,2020-03-18 11:30:00,2020-03-18 11:30:00,NQM20.csv,1130,NQM20.csv,-3.0,7097.5,7097.5,21326.25,21292.5,-33.75
43908,11,45,7086.75,-4,2020-03-18,2020-03-18 11:45:00,2020-03-18 11:45:00,NQM20.csv,1309,NQM20.csv,1.0,7098.0,7098.0,7086.75,7098.0,-11.25
43908,12,15,7116.75,-2,2020-03-18,2020-03-18 12:15:00,2020-03-18 12:15:00,NQM20.csv,1604,NQM20.csv,2.0,7088.75,7088.75,14233.5,14177.5,56.0
43908,12,45,7113.0,-5,2020-03-18,2020-03-18 12:45:00,2020-03-18 12:45:00,NQM20.csv,798,NQM20.csv,-3.0,7079.0,7079.0,21339.0,21237.0,-102.0
43908,13,0,7003.75,-3,2020-03-18,2020-03-18 13:00:00,2020-03-18 13:00:00,NQM20.csv,513,NQM20.csv,2.0,6980.5,6974.0,14007.5,13948.0,59.5
43908,13,15,6982.5,0,2020-03-18,2020-03-18 13:15:00,2020-03-18 13:15:00,NQM20.csv,1261,NQM20.csv,3.0,6980.5,6980.5,20947.5,20941.5,6.0
43908,13,45,6945.25,-2,2020-03-18,2020-03-18 13:45:00,2020-03-18 13:45:00,NQM20.csv,1317,NQM20.csv,-2.0,6947.0,6947.0,13890.5,13894.0,3.5
43908,14,0,6895.25,0,2020-03-18,2020-03-18 14:00:00,2020-03-18 14:00:00,NQM20.csv,529,NQM20.csv,2.0,6893.25,6893.25,13790.5,13786.5,4.0
43908,14,15,6852.75,-1,2020-03-18,2020-03-18 14:15:00,2020-03-18 14:15:00,NQM20.csv,644,NQM20.csv,-1.0,6854.5,6854.5,6852.75,6854.5,1.75
43908,14,30,6846.5,-2,2020-03-18,2020-03-18 14:30:00,2020-03-18 14:30:00,NQM20.csv,699,NQM20.csv,-1.0,6848.25,6848.25,6846.5,6848.25,1.75
43908,14,45,6929.25,4,2020-03-18,2020-03-18 14:45:00,2020-03-18 14:45:00,NQM20.csv,1064,NQM20.csv,6.0,6927.25,6927.25,41575.5,41563.5,12.0
43908,15,15,7022.25,1,2020-03-18,2020-03-18 15:15:00,2020-03-18 15:15:00,NQM20.csv,1095,NQM20.csv,-3.0,7024.0,7024.0,21066.75,21072.0,5.25
43908,15,30,6903.0,-2,2020-03-18,2020-03-18 15:30:00,2020-03-18 15:30:00,NQM20.csv,1163,NQM20.csv,-3.0,6905.25,6905.25,20709.0,20715.75,6.75
43908,16,0,7214.25,0,2020-03-18,2020-03-18 16:00:00,2020-03-18 16:00:00,NQM20.csv,4020,NQM20.csv,2.0,7212.0,7212.0,14428.5,14424.0,4.5
43909,2,30,7078.5,4,2020-03-19,2020-03-19 02:30:00,2020-03-19 02:30:00,NQM20.csv,57,NQM20.csv,4.0,7065.0,7065.0,28314.0,28260.0,54.0
43909,3,30,7240.0,-4,2020-03-19,2020-03-19 03:30:00,2020-03-19 03:30:00,NQM20.csv,76,NQM20.csv,-8.0,7207.75,7207.75,57920.0,57662.0,-258.0
43909,4,30,7273.25,-5,2020-03-19,2020-03-19 04:30:00,2020-03-19 04:30:00,NQM20.csv,340,NQM20.csv,-1.0,7306.25,7306.25,7273.25,7306.25,33.0
43909,5,30,7193.0,7,2020-03-19,2020-03-19 05:30:00,2020-03-19 05:30:00,NQM20.csv,190,NQM20.csv,12.0,7200.25,7200.25,86316.0,86403.0,-87.0
43909,6,0,7184.25,3,2020-03-19,2020-03-19 06:00:00,2020-03-19 06:00:00,NQM20.csv,110,NQM20.csv,-4.0,7173.5,7173.5,28737.0,28694.0,-43.0
43909,6,15,7126.75,7,2020-03-19,2020-03-19 06:15:00,2020-03-19 06:15:00,NQM20.csv,195,NQM20.csv,4.0,7130.0,7130.0,28507.0,28520.0,-13.0
43909,6,45,7172.25,3,2020-03-19,2020-03-19 06:45:00,2020-03-19 06:45:00,NQM20.csv,110,NQM20.csv,-4.0,7166.25,7166.25,28689.0,28665.0,-24.0
43909,7,15,7181.5,7,2020-03-19,2020-03-19 07:15:00,2020-03-19 07:15:00,NQM20.csv,74,NQM20.csv,4.0,7175.25,7175.25,28726.0,28701.0,25.0
43909,7,45,7091.25,3,2020-03-19,2020-03-19 07:45:00,2020-03-19 07:45:00,NQM20.csv,145,NQM20.csv,-4.0,7116.75,7116.75,28365.0,28467.0,102.0
43909,10,30,7341.0,4,2020-03-19,2020-03-19 10:30:00,2020-03-19 10:30:00,NQM20.csv,702,NQM20.csv,1.0,7359.0,7359.0,7341.0,7359.0,-18.0
43909,10,45,7247.5,0,2020-03-19,2020-03-19 10:45:00,2020-03-19 10:45:00,NQM20.csv,1533,NQM20.csv,-4.0,7228.0,7228.0,28990.0,28912.0,-78.0
43909,11,15,7304.75,4,2020-03-19,2020-03-19 11:15:00,2020-03-19 11:15:00,NQM20.csv,793,NQM20.csv,4.0,7301.5,7301.5,29219.0,29206.0,13.0
43909,11,30,7427.0,1,2020-03-19,2020-03-19 11:30:00,2020-03-19 11:30:00,NQM20.csv,1726,NQM20.csv,-3.0,7384.75,7384.75,22281.0,22154.25,-126.75
43909,11,45,7398.5,-1,2020-03-19,2020-03-19 11:45:00,2020-03-19 11:45:00,NQM20.csv,1035,NQM20.csv,-2.0,7401.0,7401.0,14797.0,14802.0,5.0
43909,12,0,7320.5,3,2020-03-19,2020-03-19 12:00:00,2020-03-19 12:00:00,NQM20.csv,1013,NQM20.csv,4.0,7299.25,7299.25,29282.0,29197.0,85.0
43909,12,15,7306.75,5,2020-03-19,2020-03-19 12:15:00,2020-03-19 12:15:00,NQM20.csv,608,NQM20.csv,2.0,7272.0,7272.0,14613.5,14544.0,69.5
43909,12,30,7306.0,1,2020-03-19,2020-03-19 12:30:00,2020-03-19 12:30:00,NQM20.csv,569,NQM20.csv,-4.0,7252.75,7252.75,29224.0,29011.0,-213.0
43909,13,0,7346.25,4,2020-03-19,2020-03-19 13:00:00,2020-03-19 13:00:00,NQM20.csv,505,NQM20.csv,3.0,7316.25,7316.25,22038.75,21948.75,90.0
43909,13,30,7338.5,8,2020-03-19,2020-03-19 13:30:00,2020-03-19 13:30:00,NQM20.csv,333,NQM20.csv,4.0,7354.75,7354.75,29354.0,29419.0,-65.0
43909,13,45,7366.0,0,2020-03-19,2020-03-19 13:45:00,2020-03-19 13:45:00,NQM20.csv,238,NQM20.csv,-8.0,7377.0,7377.0,58928.0,59016.0,88.0
43909,14,0,7415.0,-2,2020-03-19,2020-03-19 14:00:00,2020-03-19 14:00:00,NQM20.csv,433,NQM20.csv,-2.0,7389.0,7389.0,14830.0,14778.0,-52.0
43909,14,15,7402.5,9,2020-03-19,2020-03-19 14:15:00,2020-03-19 14:15:00,NQM20.csv,172,NQM20.csv,11.0,7397.75,7397.75,81427.5,81375.25,52.25
43909,14,45,7483.75,5,2020-03-19,2020-03-19 14:45:00,2020-03-19 14:45:00,NQM20.csv,728,NQM20.csv,-4.0,7466.0,7466.0,29935.0,29864.0,-71.0
43909,15,0,7420.25,7,2020-03-19,2020-03-19 15:00:00,2020-03-19 15:00:00,NQM20.csv,996,NQM20.csv,2.0,7372.25,7372.25,14840.5,14744.5,96.0
43909,15,15,7393.75,8,2020-03-19,2020-03-19 15:15:00,2020-03-19 15:15:00,NQM20.csv,1249,NQM20.csv,1.0,7410.25,7410.25,7393.75,7410.25,-16.5
43909,15,30,7428.25,5,2020-03-19,2020-03-19 15:30:00,2020-03-19 15:30:00,NQM20.csv,628,NQM20.csv,-3.0,7406.75,7406.75,22284.75,22220.25,-64.5
43909,15,45,7440.75,-1,2020-03-19,2020-03-19 15:45:00,2020-03-19 15:45:00,NQM20.csv,616,NQM20.csv,-6.0,7398.5,7398.5,44644.5,44391.0,-253.5
43909,16,0,7264.5,3,2020-03-19,2020-03-19 16:00:00,2020-03-19 16:00:00,NQM20.csv,2284,NQM20.csv,4.0,7219.25,7219.25,29058.0,28877.0,181.0
43910,2,30,7377.25,7,2020-03-20,2020-03-20 02:30:00,2020-03-20 02:30:00,NQM20.csv,272,NQM20.csv,4.0,7374.5,7374.5,29509.0,29498.0,11.0
43910,4,30,7607.5,6,2020-03-20,2020-03-20 04:30:00,2020-03-20 04:30:00,NQM20.csv,279,NQM20.csv,-1.0,7575.5,7575.5,7607.5,7575.5,-32.0
43910,7,0,7585.25,10,2020-03-20,2020-03-20 07:00:00,2020-03-20 07:00:00,NQM20.csv,333,NQM20.csv,4.0,7583.0,7583.0,30341.0,30332.0,9.0
43910,7,15,7515.25,1,2020-03-20,2020-03-20 07:15:00,2020-03-20 07:15:00,NQM20.csv,347,NQM20.csv,-9.0,7515.75,7515.75,67637.25,67641.75,4.5
43910,7,30,7511.75,0,2020-03-20,2020-03-20 07:30:00,2020-03-20 07:30:00,NQM20.csv,178,NQM20.csv,-1.0,7512.25,7512.25,7511.75,7512.25,0.5
43910,7,45,7503.25,9,2020-03-20,2020-03-20 07:45:00,2020-03-20 07:45:00,NQM20.csv,144,NQM20.csv,9.0,7501.0,7501.0,67529.25,67509.0,20.25
43910,8,0,7524.75,6,2020-03-20,2020-03-20 08:00:00,2020-03-20 08:00:00,NQM20.csv,71,NQM20.csv,-3.0,7525.25,7525.25,22574.25,22575.75,1.5
43910,9,15,7475.25,10,2020-03-20,2020-03-20 09:15:00,2020-03-20 09:15:00,NQM20.csv,182,NQM20.csv,4.0,7473.0,7473.0,29901.0,29892.0,9.0
43910,9,45,7323.0,11,2020-03-20,2020-03-20 09:45:00,2020-03-20 09:45:00,NQM20.csv,1749,NQM20.csv,1.0,7320.75,7320.75,7323.0,7320.75,2.25
43910,10,0,7351.75,10,2020-03-20,2020-03-20 10:00:00,2020-03-20 10:00:00,NQM20.csv,2298,NQM20.csv,-1.0,7354.0,7354.0,7351.75,7354.0,2.25
43910,10,15,7366.25,5,2020-03-20,2020-03-20 10:15:00,2020-03-20 10:15:00,NQM20.csv,1278,NQM20.csv,-5.0,7368.5,7368.5,36831.25,36842.5,11.25
43910,10,30,7413.75,8,2020-03-20,2020-03-20 10:30:00,2020-03-20 10:30:00,NQM20.csv,1265,NQM20.csv,3.0,7411.5,7411.5,22241.25,22234.5,6.75
43910,11,0,7466.5,5,2020-03-20,2020-03-20 11:00:00,2020-03-20 11:00:00,NQM20.csv,2054,NQM20.csv,-3.0,7468.75,7468.75,22399.5,22406.25,6.75
43910,11,15,7413.5,1,2020-03-20,2020-03-20 11:15:00,2020-03-20 11:15:00,NQM20.csv,825,NQM20.csv,-4.0,7415.75,7415.75,29654.0,29663.0,9.0
43910,11,45,7336.25,5,2020-03-20,2020-03-20 11:45:00,2020-03-20 11:45:00,NQM20.csv,1232,NQM20.csv,4.0,7334.0,7334.0,29345.0,29336.0,9.0
43910,12,0,7309.0,6,2020-03-20,2020-03-20 12:00:00,2020-03-20 12:00:00,NQM20.csv,616,NQM20.csv,1.0,7306.75,7306.75,7309.0,7306.75,2.25
43910,12,15,7231.75,5,2020-03-20,2020-03-20 12:15:00,2020-03-20 12:15:00,NQM20.csv,571,NQM20.csv,-1.0,7234.0,7234.0,7231.75,7234.0,2.25
43910,12,45,7221.0,6,2020-03-20,2020-03-20 12:45:00,2020-03-20 12:45:00,NQM20.csv,566,NQM20.csv,1.0,7218.75,7218.75,7221.0,7218.75,2.25
43910,14,30,7173.25,2,2020-03-20,2020-03-20 14:30:00,2020-03-20 14:30:00,NQM20.csv,704,NQM20.csv,-4.0,7175.5,7175.5,28693.0,28702.0,9.0
43910,15,0,7099.25,5,2020-03-20,2020-03-20 15:00:00,2020-03-20 15:00:00,NQM20.csv,999,NQM20.csv,3.0,7097.0,7097.0,21297.75,21291.0,6.75
43910,15,30,7134.5,0,2020-03-20,2020-03-20 15:30:00,2020-03-20 15:30:00,NQM20.csv,1535,NQM20.csv,-5.0,7136.75,7136.75,35672.5,35683.75,11.25
43910,15,45,7060.5,-2,2020-03-20,2020-03-20 15:45:00,2020-03-20 15:45:00,NQM20.csv,734,NQM20.csv,-2.0,7062.75,7062.75,14121.0,14125.5,4.5
43910,16,0,6981.0,6,2020-03-20,2020-03-20 16:00:00,2020-03-20 16:00:00,NQM20.csv,4103,NQM20.csv,8.0,6978.75,6978.75,55848.0,55830.0,18.0
43910,16,15,6967.75,0,2020-03-20,2020-03-20 16:15:00,2020-03-20 16:15:00,NQM20.csv,1139,NQM20.csv,-6.0,6970.0,6963.0,41806.5,41778.0,-28.5
43913,2,30,6755.0,8,2020-03-23,2020-03-23 02:30:00,2020-03-23 02:30:00,NQM20.csv,105,NQM20.csv,8.0,6759.25,6759.25,54040.0,54074.0,-34.0
43913,3,30,6795.25,3,2020-03-23,2020-03-23 03:30:00,2020-03-23 03:30:00,NQM20.csv,85,NQM20.csv,-5.0,6797.25,6797.25,33976.25,33986.25,10.0
43913,4,30,6770.0,0,2020-03-23,2020-03-23 04:30:00,2020-03-23 04:30:00,NQM20.csv,107,NQM20.csv,-3.0,6759.5,6759.5,20310.0,20278.5,-31.5
43913,5,30,6770.0,9,2020-03-23,2020-03-23 05:30:00,2020-03-23 05:30:00,NQM20.csv,191,NQM20.csv,9.0,6772.0,6772.0,60930.0,60948.0,-18.0
43913,5,45,6788.5,1,2020-03-23,2020-03-23 05:45:00,2020-03-23 05:45:00,NQM20.csv,302,NQM20.csv,-8.0,6821.25,6821.25,54308.0,54570.0,262.0
43913,6,0,6788.0,-7,2020-03-23,2020-03-23 06:00:00,2020-03-23 06:00:00,NQM20.csv,169,NQM20.csv,-8.0,6783.25,6783.25,54304.0,54266.0,-38.0
43913,6,15,6787.0,6,2020-03-23,2020-03-23 06:15:00,2020-03-23 06:15:00,NQM20.csv,78,NQM20.csv,13.0,6779.75,6779.75,88231.0,88136.75,94.25
43913,6,45,6826.0,-6,2020-03-23,2020-03-23 06:45:00,2020-03-23 06:45:00,NQM20.csv,110,NQM20.csv,-12.0,6834.0,6834.0,81912.0,82008.0,96.0
43913,7,15,6835.5,1,2020-03-23,2020-03-23 07:15:00,2020-03-23 07:15:00,NQM20.csv,194,NQM20.csv,7.0,6822.75,6822.75,47848.5,47759.25,89.25
43913,8,0,6781.0,5,2020-03-23,2020-03-23 08:00:00,2020-03-23 08:00:00,NQM20.csv,1547,NQM20.csv,4.0,6837.5,6837.5,27124.0,27350.0,-226.0
43913,9,15,7125.75,3,2020-03-23,2020-03-23 09:15:00,2020-03-23 09:15:00,NQM20.csv,442,NQM20.csv,-2.0,7137.0,7137.0,14251.5,14274.0,22.5
43913,10,15,7066.25,5,2020-03-23,2020-03-23 10:15:00,2020-03-23 10:15:00,NQM20.csv,1436,NQM20.csv,2.0,7054.25,7054.25,14132.5,14108.5,24.0
43913,10,45,7024.5,1,2020-03-23,2020-03-23 10:45:00,2020-03-23 10:45:00,NQM20.csv,997,NQM20.csv,-4.0,6997.25,6997.25,28098.0,27989.0,-109.0
43913,11,15,6910.0,5,2020-03-23,2020-03-23 11:15:00,2020-03-23 11:15:00,NQM20.csv,568,NQM20.csv,4.0,6907.5,6907.5,27640.0,27630.0,10.0
43913,11,45,6770.25,2,2020-03-23,2020-03-23 11:45:00,2020-03-23 11:45:00,NQM20.csv,1922,NQM20.csv,-3.0,6769.5,6769.5,20310.75,20308.5,-2.25
43913,12,15,6849.0,5,2020-03-23,2020-03-23 12:15:00,2020-03-23 12:15:00,NQM20.csv,783,NQM20.csv,3.0,6867.0,6867.0,20547.0,20601.0,-54.0
43913,13,45,6969.75,2,2020-03-23,2020-03-23 13:45:00,2020-03-23 13:45:00,NQM20.csv,838,NQM20.csv,-3.0,6991.5,6991.5,20909.25,20974.5,65.25
43913,14,0,6957.75,3,2020-03-23,2020-03-23 14:00:00,2020-03-23 14:00:00,NQM20.csv,1361,NQM20.csv,1.0,6931.75,6931.75,6957.75,6931.75,26.0
43913,14,15,6941.75,6,2020-03-23,2020-03-23 14:15:00,2020-03-23 14:15:00,NQM20.csv,573,NQM20.csv,3.0,6944.75,6944.75,20825.25,20834.25,-9.0
43913,14,30,6990.5,5,2020-03-23,2020-03-23 14:30:00,2020-03-23 14:30:00,NQM20.csv,1030,NQM20.csv,-1.0,6963.25,6963.25,6990.5,6963.25,-27.25
43913,15,30,6883.25,1,2020-03-23,2020-03-23 15:30:00,2020-03-23 15:30:00,NQM20.csv,778,NQM20.csv,-4.0,6869.25,6869.25,27533.0,27477.0,-56.0
43913,15,45,6918.0,-2,2020-03-23,2020-03-23 15:45:00,2020-03-23 15:45:00,NQM20.csv,1198,NQM20.csv,-3.0,6924.75,6924.75,20754.0,20774.25,20.25
43913,16,0,6993.0,5,2020-03-23,2020-03-23 16:00:00,2020-03-23 16:00:00,NQM20.csv,4101,NQM20.csv,7.0,6954.0,6954.0,48951.0,48678.0,273.0
43914,2,30,7311.25,6,2020-03-24,2020-03-24 02:30:00,2020-03-24 02:30:00,NQM20.csv,118,NQM20.csv,1.0,7309.5,7309.5,7311.25,7309.5,1.75
43914,5,45,7359.25,-1,2020-03-24,2020-03-24 05:45:00,2020-03-24 05:45:00,NQM20.csv,45,NQM20.csv,-7.0,7359.75,7359.5,51514.75,51516.5,1.75
43914,6,15,7359.5,6,2020-03-24,2020-03-24 06:15:00,2020-03-24 06:15:00,NQM20.csv,3,NQM20.csv,7.0,7357.25,7359.5,51516.5,51516.5,0.0
43914,7,15,7308.5,-1,2020-03-24,2020-03-24 07:15:00,2020-03-24 07:15:00,NQM20.csv,125,NQM20.csv,-7.0,7289.75,7289.75,51159.5,51028.25,-131.25
43914,7,30,7304.0,6,2020-03-24,2020-03-24 07:30:00,2020-03-24 07:30:00,NQM20.csv,325,NQM20.csv,7.0,7318.0,7318.0,51128.0,51226.0,-98.0
43914,7,45,7296.0,5,2020-03-24,2020-03-24 07:45:00,2020-03-24 07:45:00,NQM20.csv,125,NQM20.csv,-1.0,7297.5,7297.5,7296.0,7297.5,1.5
43914,8,0,7296.25,1,2020-03-24,2020-03-24 08:00:00,2020-03-24 08:00:00,NQM20.csv,112,NQM20.csv,-4.0,7292.5,7292.5,29185.0,29170.0,-15.0
43914,8,15,7255.0,9,2020-03-24,2020-03-24 08:15:00,2020-03-24 08:15:00,NQM20.csv,415,NQM20.csv,8.0,7247.25,7247.25,58040.0,57978.0,62.0
43914,8,30,7272.75,6,2020-03-24,2020-03-24 08:30:00,2020-03-24 08:30:00,NQM20.csv,112,NQM20.csv,-3.0,7265.0,7265.0,21818.25,21795.0,-23.25
43914,9,15,7359.5,5,2020-03-24,2020-03-24 09:15:00,2020-03-24 09:15:00,NQM20.csv,42,NQM20.csv,-1.0,7359.75,7356.25,7359.5,7356.25,-3.25
43914,9,45,7341.25,7,2020-03-24,2020-03-24 09:45:00,2020-03-24 09:45:00,NQM20.csv,1523,NQM20.csv,2.0,7358.25,7358.25,14682.5,14716.5,-34.0
43914,10,15,7403.25,6,2020-03-24,2020-03-24 10:15:00,2020-03-24 10:15:00,NQM20.csv,1851,NQM20.csv,-1.0,7406.5,7406.5,7403.25,7406.5,3.25
43914,10,30,7419.0,4,2020-03-24,2020-03-24 10:30:00,2020-03-24 10:30:00,NQM20.csv,1303,NQM20.csv,-2.0,7430.0,7430.0,14838.0,14860.0,22.0
43914,11,0,7382.75,1,2020-03-24,2020-03-24 11:00:00,2020-03-24 11:00:00,NQM20.csv,867,NQM20.csv,-3.0,7405.5,7405.5,22148.25,22216.5,68.25
43914,11,15,7397.75,4,2020-03-24,2020-03-24 11:15:00,2020-03-24 11:15:00,NQM20.csv,534,NQM20.csv,3.0,7390.25,7390.25,22193.25,22170.75,22.5
43914,11,30,7417.25,0,2020-03-24,2020-03-24 11:30:00,2020-03-24 11:30:00,NQM20.csv,536,NQM20.csv,-4.0,7401.75,7401.75,29669.0,29607.0,-62.0
43914,11,45,7446.75,-4,2020-03-24,2020-03-24 11:45:00,2020-03-24 11:45:00,NQM20.csv,924,NQM20.csv,-4.0,7435.0,7435.0,29787.0,29740.0,-47.0
43914,12,0,7453.75,4,2020-03-24,2020-03-24 12:00:00,2020-03-24 12:00:00,NQM20.csv,964,NQM20.csv,8.0,7447.0,7447.0,59630.0,59576.0,54.0
43914,12,15,7442.75,5,2020-03-24,2020-03-24 12:15:00,2020-03-24 12:15:00,NQM20.csv,656,NQM20.csv,1.0,7446.75,7446.75,7442.75,7446.75,-4.0
43914,12,30,7500.75,1,2020-03-24,2020-03-24 12:30:00,2020-03-24 12:30:00,NQM20.csv,1308,NQM20.csv,-4.0,7502.25,7502.25,30003.0,30009.0,6.0
43914,13,0,7433.25,8,2020-03-24,2020-03-24 13:00:00,2020-03-24 13:00:00,NQM20.csv,1037,NQM20.csv,7.0,7441.25,7441.25,52032.75,52088.75,-56.0
43914,13,15,7418.75,4,2020-03-24,2020-03-24 13:15:00,2020-03-24 13:15:00,NQM20.csv,981,NQM20.csv,-4.0,7399.0,7399.0,29675.0,29596.0,-79.0
43914,13,45,7409.0,7,2020-03-24,2020-03-24 13:45:00,2020-03-24 13:45:00,NQM20.csv,691,NQM20.csv,3.0,7391.25,7391.25,22227.0,22173.75,53.25
43914,14,0,7352.25,2,2020-03-24,2020-03-24 14:00:00,2020-03-24 14:00:00,NQM20.csv,958,NQM20.csv,-5.0,7343.5,7343.5,36761.25,36717.5,-43.75
43914,14,15,7306.5,3,2020-03-24,2020-03-24 14:15:00,2020-03-24 14:15:00,NQM20.csv,1269,NQM20.csv,1.0,7342.75,7342.75,7306.5,7342.75,-36.25
43914,14,30,7368.25,6,2020-03-24,2020-03-24 14:30:00,2020-03-24 14:30:00,NQM20.csv,1196,NQM20.csv,3.0,7365.5,7365.5,22104.75,22096.5,8.25
43914,14,45,7416.0,5,2020-03-24,2020-03-24 14:45:00,2020-03-24 14:45:00,NQM20.csv,945,NQM20.csv,-1.0,7374.0,7374.0,7416.0,7374.0,-42.0
43914,15,0,7464.25,8,2020-03-24,2020-03-24 15:00:00,2020-03-24 15:00:00,NQM20.csv,1255,NQM20.csv,3.0,7458.25,7458.25,22392.75,22374.75,18.0
43914,15,15,7490.5,9,2020-03-24,2020-03-24 15:15:00,2020-03-24 15:15:00,NQM20.csv,1119,NQM20.csv,1.0,7485.25,7485.25,7490.5,7485.25,5.25
43914,15,45,7507.5,6,2020-03-24,2020-03-24 15:45:00,2020-03-24 15:45:00,NQM20.csv,1215,NQM20.csv,-3.0,7466.75,7466.75,22522.5,22400.25,-122.25
43915,2,30,7525.5,0,2020-03-25,2020-03-25 02:30:00,2020-03-25 02:30:00,NQM20.csv,203,NQM20.csv,-6.0,7538.25,7538.25,45153.0,45229.5,76.5
43915,3,30,7562.25,-3,2020-03-25,2020-03-25 03:30:00,2020-03-25 03:30:00,NQM20.csv,222,NQM20.csv,-3.0,7560.75,7560.75,22686.75,22682.25,-4.5
43915,5,30,7748.75,0,2020-03-25,2020-03-25 05:30:00,2020-03-25 05:30:00,NQM20.csv,135,NQM20.csv,3.0,7735.0,7735.0,23246.25,23205.0,41.25
43915,5,45,7689.25,5,2020-03-25,2020-03-25 05:45:00,2020-03-25 05:45:00,NQM20.csv,301,NQM20.csv,5.0,7711.0,7711.0,38446.25,38555.0,-108.75
43915,6,0,7679.0,1,2020-03-25,2020-03-25 06:00:00,2020-03-25 06:00:00,NQM20.csv,211,NQM20.csv,-4.0,7666.75,7666.75,30716.0,30667.0,-49.0
43915,6,15,7635.25,-4,2020-03-25,2020-03-25 06:15:00,2020-03-25 06:15:00,NQM20.csv,311,NQM20.csv,-5.0,7634.75,7634.75,38176.25,38173.75,-2.5
43915,6,30,7608.5,2,2020-03-25,2020-03-25 06:30:00,2020-03-25 06:30:00,NQM20.csv,200,NQM20.csv,6.0,7613.0,7613.0,45651.0,45678.0,-27.0
43915,6,45,7547.0,-2,2020-03-25,2020-03-25 06:45:00,2020-03-25 06:45:00,NQM20.csv,367,NQM20.csv,-4.0,7530.5,7530.5,30188.0,30122.0,-66.0
43915,7,0,7446.75,-8,2020-03-25,2020-03-25 07:00:00,2020-03-25 07:00:00,NQM20.csv,677,NQM20.csv,-6.0,7493.5,7493.5,44680.5,44961.0,280.5
43915,7,15,7479.0,0,2020-03-25,2020-03-25 07:15:00,2020-03-25 07:15:00,NQM20.csv,302,NQM20.csv,8.0,7476.75,7476.75,59832.0,59814.0,18.0
43915,7,30,7497.5,-7,2020-03-25,2020-03-25 07:30:00,2020-03-25 07:30:00,NQM20.csv,144,NQM20.csv,-7.0,7469.25,7469.25,52482.5,52284.75,-197.75
43915,7,45,7470.75,-11,2020-03-25,2020-03-25 07:45:00,2020-03-25 07:45:00,NQM20.csv,225,NQM20.csv,-4.0,7449.75,7449.75,29883.0,29799.0,-84.0
43915,8,0,7477.0,0,2020-03-25,2020-03-25 08:00:00,2020-03-25 08:00:00,NQM20.csv,467,NQM20.csv,11.0,7471.25,7471.25,82247.0,82183.75,63.25
43915,10,30,7441.5,1,2020-03-25,2020-03-25 10:30:00,2020-03-25 10:30:00,NQM20.csv,2252,NQM20.csv,1.0,7446.75,7446.75,7441.5,7446.75,-5.25
43915,11,0,7508.0,3,2020-03-25,2020-03-25 11:00:00,2020-03-25 11:00:00,NQM20.csv,1372,NQM20.csv,2.0,7491.0,7491.0,15016.0,14982.0,34.0
43915,11,15,7501.0,-2,2020-03-25,2020-03-25 11:15:00,2020-03-25 11:15:00,NQM20.csv,1532,NQM20.csv,-5.0,7504.75,7504.75,37505.0,37523.75,18.75
43915,11,30,7499.0,-4,2020-03-25,2020-03-25 11:30:00,2020-03-25 11:30:00,NQM20.csv,1139,NQM20.csv,-2.0,7510.0,7510.0,14998.0,15020.0,22.0
43915,11,45,7478.5,1,2020-03-25,2020-03-25 11:45:00,2020-03-25 11:45:00,NQM20.csv,945,NQM20.csv,5.0,7480.25,7480.25,37392.5,37401.25,-8.75
43915,12,0,7499.5,-1,2020-03-25,2020-03-25 12:00:00,2020-03-25 12:00:00,NQM20.csv,969,NQM20.csv,-2.0,7534.0,7534.0,14999.0,15068.0,69.0
43915,12,30,7592.75,-7,2020-03-25,2020-03-25 12:30:00,2020-03-25 12:30:00,NQM20.csv,1705,NQM20.csv,-6.0,7578.5,7578.5,45556.5,45471.0,-85.5
43915,13,0,7602.0,2,2020-03-25,2020-03-25 13:00:00,2020-03-25 13:00:00,NQM20.csv,885,NQM20.csv,9.0,7609.25,7609.25,68418.0,68483.25,-65.25
43915,13,30,7680.0,-2,2020-03-25,2020-03-25 13:30:00,2020-03-25 13:30:00,NQM20.csv,570,NQM20.csv,-4.0,7671.75,7671.75,30720.0,30687.0,-33.0
43915,13,45,7738.5,0,2020-03-25,2020-03-25 13:45:00,2020-03-25 13:45:00,NQM20.csv,1019,NQM20.csv,2.0,7758.75,7758.75,15477.0,15517.5,-40.5
43915,14,0,7695.75,1,2020-03-25,2020-03-25 14:00:00,2020-03-25 14:00:00,NQM20.csv,1114,NQM20.csv,1.0,7667.5,7667.5,7695.75,7667.5,28.25
43915,14,15,7672.0,-3,2020-03-25,2020-03-25 14:15:00,2020-03-25 14:15:00,NQM20.csv,1021,NQM20.csv,-4.0,7671.0,7671.0,30688.0,30684.0,-4.0
43915,14,30,7672.5,3,2020-03-25,2020-03-25 14:30:00,2020-03-25 14:30:00,NQM20.csv,854,NQM20.csv,6.0,7639.75,7639.75,46035.0,45838.5,196.5
43915,14,45,7650.5,5,2020-03-25,2020-03-25 14:45:00,2020-03-25 14:45:00,NQM20.csv,566,NQM20.csv,2.0,7678.5,7678.5,15301.0,15357.0,-56.0
43915,15,0,7681.75,6,2020-03-25,2020-03-25 15:00:00,2020-03-25 15:00:00,NQM20.csv,1093,NQM20.csv,1.0,7693.75,7693.75,7681.75,7693.75,-12.0
43915,15,30,7659.75,3,2020-03-25,2020-03-25 15:30:00,2020-03-25 15:30:00,NQM20.csv,812,NQM20.csv,-3.0,7677.5,7677.5,22979.25,23032.5,53.25
43915,15,45,7601.5,-1,2020-03-25,2020-03-25 15:45:00,2020-03-25 15:45:00,NQM20.csv,1303,NQM20.csv,-4.0,7584.75,7584.75,30406.0,30339.0,-67.0
43915,16,0,7455.75,0,2020-03-25,2020-03-25 16:00:00,2020-03-25 16:00:00,NQM20.csv,2806,NQM20.csv,1.0,7463.0,7463.0,7455.75,7463.0,-7.25
43916,2,30,7390.5,5,2020-03-26,2020-03-26 02:30:00,2020-03-26 02:30:00,NQM20.csv,72,NQM20.csv,5.0,7393.5,7393.5,36952.5,36967.5,-15.0
43916,3,30,7370.0,1,2020-03-26,2020-03-26 03:30:00,2020-03-26 03:30:00,NQM20.csv,143,NQM20.csv,-4.0,7348.75,7348.75,29480.0,29395.0,-85.0
43916,5,15,7334.5,3,2020-03-26,2020-03-26 05:15:00,2020-03-26 05:15:00,NQM20.csv,147,NQM20.csv,2.0,7335.25,7335.25,14669.0,14670.5,-1.5
43916,5,30,7342.0,7,2020-03-26,2020-03-26 05:30:00,2020-03-26 05:30:00,NQM20.csv,108,NQM20.csv,4.0,7349.5,7349.5,29368.0,29398.0,-30.0
43916,5,45,7356.5,6,2020-03-26,2020-03-26 05:45:00,2020-03-26 05:45:00,NQM20.csv,39,NQM20.csv,-1.0,7370.75,7370.75,7356.5,7370.75,14.25
43916,6,0,7371.25,0,2020-03-26,2020-03-26 06:00:00,2020-03-26 06:00:00,NQM20.csv,125,NQM20.csv,-6.0,7373.25,7373.25,44227.5,44239.5,12.0
43916,6,15,7376.75,-1,2020-03-26,2020-03-26 06:15:00,2020-03-26 06:15:00,NQM20.csv,93,NQM20.csv,-1.0,7363.75,7363.75,7376.75,7363.75,-13.0
43916,6,30,7390.0,4,2020-03-26,2020-03-26 06:30:00,2020-03-26 06:30:00,NQM20.csv,119,NQM20.csv,5.0,7400.0,7400.0,36950.0,37000.0,-50.0
43916,7,30,7411.0,0,2020-03-26,2020-03-26 07:30:00,2020-03-26 07:30:00,NQM20.csv,285,NQM20.csv,-4.0,7414.25,7414.25,29644.0,29657.0,13.0
43916,8,0,7352.5,7,2020-03-26,2020-03-26 08:00:00,2020-03-26 08:00:00,NQM20.csv,216,NQM20.csv,7.0,7340.75,7340.75,51467.5,51385.25,82.25
43916,8,30,7322.5,5,2020-03-26,2020-03-26 08:30:00,2020-03-26 08:30:00,NQM20.csv,2162,NQM20.csv,-2.0,7380.0,7380.0,14645.0,14760.0,115.0
43916,10,0,7632.25,8,2020-03-26,2020-03-26 10:00:00,2020-03-26 10:00:00,NQM20.csv,1716,NQM20.csv,3.0,7622.25,7622.25,22896.75,22866.75,30.0
43916,10,30,7657.0,5,2020-03-26,2020-03-26 10:30:00,2020-03-26 10:30:00,NQM20.csv,950,NQM20.csv,-3.0,7680.25,7680.25,22971.0,23040.75,69.75
43916,11,0,7678.5,1,2020-03-26,2020-03-26 11:00:00,2020-03-26 11:00:00,NQM20.csv,1362,NQM20.csv,-4.0,7663.25,7663.25,30714.0,30653.0,-61.0
43916,11,15,7659.0,4,2020-03-26,2020-03-26 11:15:00,2020-03-26 11:15:00,NQM20.csv,814,NQM20.csv,3.0,7681.0,7681.0,22977.0,23043.0,-66.0
43916,11,30,7716.5,5,2020-03-26,2020-03-26 11:30:00,2020-03-26 11:30:00,NQM20.csv,1194,NQM20.csv,1.0,7724.0,7724.0,7716.5,7724.0,-7.5
43916,11,45,7743.5,2,2020-03-26,2020-03-26 11:45:00,2020-03-26 11:45:00,NQM20.csv,1166,NQM20.csv,-3.0,7719.5,7719.5,23230.5,23158.5,-72.0
43916,12,0,7735.0,5,2020-03-26,2020-03-26 12:00:00,2020-03-26 12:00:00,NQM20.csv,795,NQM20.csv,3.0,7743.5,7743.5,23205.0,23230.5,-25.5
43916,12,15,7714.25,-1,2020-03-26,2020-03-26 12:15:00,2020-03-26 12:15:00,NQM20.csv,1406,NQM20.csv,-6.0,7705.25,7705.25,46285.5,46231.5,-54.0
43916,12,45,7738.0,5,2020-03-26,2020-03-26 12:45:00,2020-03-26 12:45:00,NQM20.csv,614,NQM20.csv,6.0,7729.0,7729.0,46428.0,46374.0,54.0
43916,13,15,7705.0,3,2020-03-26,2020-03-26 13:15:00,2020-03-26 13:15:00,NQM20.csv,1158,NQM20.csv,-2.0,7717.0,7717.0,15410.0,15434.0,24.0
43916,13,45,7706.0,5,2020-03-26,2020-03-26 13:45:00,2020-03-26 13:45:00,NQM20.csv,820,NQM20.csv,2.0,7686.5,7686.5,15412.0,15373.0,39.0
43916,14,30,7735.0,8,2020-03-26,2020-03-26 14:30:00,2020-03-26 14:30:00,NQM20.csv,731,NQM20.csv,3.0,7748.0,7748.0,23205.0,23244.0,-39.0
43916,14,45,7743.25,7,2020-03-26,2020-03-26 14:45:00,2020-03-26 14:45:00,NQM20.csv,699,NQM20.csv,-1.0,7756.25,7756.25,7743.25,7756.25,13.0
43916,15,0,7759.0,6,2020-03-26,2020-03-26 15:00:00,2020-03-26 15:00:00,NQM20.csv,979,NQM20.csv,-1.0,7759.0,7759.0,7759.0,7759.0,-0.0
43916,15,15,7729.25,7,2020-03-26,2020-03-26 15:15:00,2020-03-26 15:15:00,NQM20.csv,720,NQM20.csv,1.0,7723.75,7723.75,7729.25,7723.75,5.5
43916,15,30,7767.75,4,2020-03-26,2020-03-26 15:30:00,2020-03-26 15:30:00,NQM20.csv,1065,NQM20.csv,-3.0,7791.25,7791.25,23303.25,23373.75,70.5
43916,15,45,7754.75,1,2020-03-26,2020-03-26 15:45:00,2020-03-26 15:45:00,NQM20.csv,1504,NQM20.csv,-3.0,7742.0,7742.0,23264.25,23226.0,-38.25
43916,16,0,7855.0,5,2020-03-26,2020-03-26 16:00:00,2020-03-26 16:00:00,NQM20.csv,2593,NQM20.csv,4.0,7869.0,7869.0,31420.0,31476.0,-56.0
43917,2,30,7786.0,6,2020-03-27,2020-03-27 02:30:00,2020-03-27 02:30:00,NQM20.csv,88,NQM20.csv,1.0,7794.0,7794.0,7786.0,7794.0,-8.0
43917,3,30,7737.5,8,2020-03-27,2020-03-27 03:30:00,2020-03-27 03:30:00,NQM20.csv,101,NQM20.csv,2.0,7743.0,7743.0,15475.0,15486.0,-11.0
43917,5,0,7715.0,9,2020-03-27,2020-03-27 05:00:00,2020-03-27 05:00:00,NQM20.csv,189,NQM20.csv,1.0,7728.25,7728.25,7715.0,7728.25,-13.25
43917,5,30,7685.5,6,2020-03-27,2020-03-27 05:30:00,2020-03-27 05:30:00,NQM20.csv,265,NQM20.csv,-3.0,7684.75,7684.75,23056.5,23054.25,-2.25
43917,6,45,7714.5,-1,2020-03-27,2020-03-27 06:45:00,2020-03-27 06:45:00,NQM20.csv,180,NQM20.csv,-7.0,7709.75,7709.75,54001.5,53968.25,-33.25
43917,7,0,7665.75,3,2020-03-27,2020-03-27 07:00:00,2020-03-27 07:00:00,NQM20.csv,310,NQM20.csv,4.0,7668.5,7668.5,30663.0,30674.0,-11.0
43917,7,15,7701.0,11,2020-03-27,2020-03-27 07:15:00,2020-03-27 07:15:00,NQM20.csv,195,NQM20.csv,8.0,7695.75,7695.75,61608.0,61566.0,42.0
43917,7,30,7665.5,7,2020-03-27,2020-03-27 07:30:00,2020-03-27 07:30:00,NQM20.csv,155,NQM20.csv,-4.0,7664.25,7664.25,30662.0,30657.0,-5.0
43917,7,45,7664.75,6,2020-03-27,2020-03-27 07:45:00,2020-03-27 07:45:00,NQM20.csv,226,NQM20.csv,-1.0,7676.75,7676.75,7664.75,7676.75,12.0
43917,8,0,7638.5,7,2020-03-27,2020-03-27 08:00:00,2020-03-27 08:00:00,NQM20.csv,272,NQM20.csv,1.0,7624.0,7624.0,7638.5,7624.0,14.5
43917,8,30,7679.0,6,2020-03-27,2020-03-27 08:30:00,2020-03-27 08:30:00,NQM20.csv,479,NQM20.csv,-1.0,7676.0,7676.0,7679.0,7676.0,-3.0
43917,9,15,7623.25,9,2020-03-27,2020-03-27 09:15:00,2020-03-27 09:15:00,NQM20.csv,471,NQM20.csv,3.0,7632.25,7632.25,22869.75,22896.75,-27.0
43917,10,15,7636.75,6,2020-03-27,2020-03-27 10:15:00,2020-03-27 10:15:00,NQM20.csv,641,NQM20.csv,-3.0,7636.75,7636.75,22910.25,22910.25,-0.0
43917,10,30,7611.0,3,2020-03-27,2020-03-27 10:30:00,2020-03-27 10:30:00,NQM20.csv,939,NQM20.csv,-3.0,7599.25,7599.25,22833.0,22797.75,-35.25
43917,11,45,7628.75,-2,2020-03-27,2020-03-27 11:45:00,2020-03-27 11:45:00,NQM20.csv,623,NQM20.csv,-5.0,7621.75,7621.75,38143.75,38108.75,-35.0
43917,12,0,7601.75,0,2020-03-27,2020-03-27 12:00:00,2020-03-27 12:00:00,NQM20.csv,1160,NQM20.csv,2.0,7596.5,7596.5,15203.5,15193.0,10.5
43917,12,15,7603.0,9,2020-03-27,2020-03-27 12:15:00,2020-03-27 12:15:00,NQM20.csv,623,NQM20.csv,9.0,7599.25,7599.25,68427.0,68393.25,33.75
43917,12,30,7609.75,1,2020-03-27,2020-03-27 12:30:00,2020-03-27 12:30:00,NQM20.csv,672,NQM20.csv,-8.0,7619.0,7619.0,60878.0,60952.0,74.0
43917,12,45,7651.0,-3,2020-03-27,2020-03-27 12:45:00,2020-03-27 12:45:00,NQM20.csv,671,NQM20.csv,-4.0,7646.25,7646.25,30604.0,30585.0,-19.0
43917,13,0,7652.5,6,2020-03-27,2020-03-27 13:00:00,2020-03-27 13:00:00,NQM20.csv,414,NQM20.csv,9.0,7654.25,7654.25,68872.5,68888.25,-15.75
43917,13,15,7633.5,7,2020-03-27,2020-03-27 13:15:00,2020-03-27 13:15:00,NQM20.csv,339,NQM20.csv,1.0,7624.25,7624.25,7633.5,7624.25,9.25
43917,13,45,7695.75,2,2020-03-27,2020-03-27 13:45:00,2020-03-27 13:45:00,NQM20.csv,718,NQM20.csv,-5.0,7695.75,7695.75,38478.75,38478.75,-0.0
43917,14,0,7681.5,0,2020-03-27,2020-03-27 14:00:00,2020-03-27 14:00:00,NQM20.csv,1262,NQM20.csv,-2.0,7676.0,7676.0,15363.0,15352.0,-11.0
43917,14,15,7687.75,4,2020-03-27,2020-03-27 14:15:00,2020-03-27 14:15:00,NQM20.csv,638,NQM20.csv,4.0,7691.5,7691.5,30751.0,30766.0,-15.0
43917,15,0,7730.0,1,2020-03-27,2020-03-27 15:00:00,2020-03-27 15:00:00,NQM20.csv,940,NQM20.csv,-3.0,7731.25,7731.25,23190.0,23193.75,3.75
43917,15,30,7772.75,3,2020-03-27,2020-03-27 15:30:00,2020-03-27 15:30:00,NQM20.csv,1157,NQM20.csv,2.0,7765.25,7765.25,15545.5,15530.5,15.0
43917,16,0,7586.0,6,2020-03-27,2020-03-27 16:00:00,2020-03-27 16:00:00,NQM20.csv,2238,NQM20.csv,3.0,7579.75,7579.75,22758.0,22739.25,18.75
43917,16,15,7572.25,0,2020-03-27,2020-03-27 16:15:00,2020-03-27 16:15:00,NQM20.csv,1058,NQM20.csv,-6.0,7568.5,7571.5,45433.5,45429.0,-4.5
43920,2,30,7604.0,6,2020-03-30,2020-03-30 02:30:00,2020-03-30 02:30:00,NQM20.csv,175,NQM20.csv,6.0,7601.75,7601.75,45624.0,45610.5,13.5
43920,4,30,7536.75,2,2020-03-30,2020-03-30 04:30:00,2020-03-30 04:30:00,NQM20.csv,94,NQM20.csv,-4.0,7539.0,7539.0,30147.0,30156.0,9.0
43920,5,15,7553.0,4,2020-03-30,2020-03-30 05:15:00,2020-03-30 05:15:00,NQM20.csv,178,NQM20.csv,2.0,7550.75,7550.75,15106.0,15101.5,4.5
43920,5,45,7599.75,2,2020-03-30,2020-03-30 05:45:00,2020-03-30 05:45:00,NQM20.csv,144,NQM20.csv,-2.0,7601.0,7601.0,15199.5,15202.0,2.5
43920,6,0,7552.75,9,2020-03-30,2020-03-30 06:00:00,2020-03-30 06:00:00,NQM20.csv,225,NQM20.csv,7.0,7550.5,7588.5,52869.25,53119.5,-250.25
43920,6,30,7577.5,6,2020-03-30,2020-03-30 06:30:00,2020-03-30 06:30:00,NQM20.csv,137,NQM20.csv,-3.0,7579.75,7579.75,22732.5,22739.25,6.75
43920,7,15,7604.0,3,2020-03-30,2020-03-30 07:15:00,2020-03-30 07:15:00,NQM20.csv,60,NQM20.csv,-3.0,7605.5,7605.5,22812.0,22816.5,4.5
43920,7,45,7578.75,6,2020-03-30,2020-03-30 07:45:00,2020-03-30 07:45:00,NQM20.csv,145,NQM20.csv,3.0,7577.25,7577.25,22736.25,22731.75,4.5
43920,8,0,7604.0,2,2020-03-30,2020-03-30 08:00:00,2020-03-30 08:00:00,NQM20.csv,260,NQM20.csv,-4.0,7605.5,7605.5,30416.0,30422.0,6.0
43920,9,15,7668.25,0,2020-03-30,2020-03-30 09:15:00,2020-03-30 09:15:00,NQM20.csv,344,NQM20.csv,-2.0,7668.75,7668.75,15336.5,15337.5,1.0
43920,9,45,7661.75,1,2020-03-30,2020-03-30 09:45:00,2020-03-30 09:45:00,NQM20.csv,674,NQM20.csv,1.0,7659.5,7659.5,7661.75,7659.5,2.25
43920,10,15,7736.0,2,2020-03-30,2020-03-30 10:15:00,2020-03-30 10:15:00,NQM20.csv,1098,NQM20.csv,1.0,7733.75,7733.75,7736.0,7733.75,2.25
43920,10,30,7746.75,6,2020-03-30,2020-03-30 10:30:00,2020-03-30 10:30:00,NQM20.csv,822,NQM20.csv,4.0,7744.5,7744.5,30987.0,30978.0,9.0
43920,11,0,7761.5,2,2020-03-30,2020-03-30 11:00:00,2020-03-30 11:00:00,NQM20.csv,809,NQM20.csv,-4.0,7763.0,7763.0,31046.0,31052.0,6.0
43920,11,30,7822.75,6,2020-03-30,2020-03-30 11:30:00,2020-03-30 11:30:00,NQM20.csv,1496,NQM20.csv,4.0,7820.5,7820.5,31291.0,31282.0,9.0
43920,11,45,7814.75,-3,2020-03-30,2020-03-30 11:45:00,2020-03-30 11:45:00,NQM20.csv,996,NQM20.csv,-9.0,7816.25,7816.25,70332.75,70346.25,13.5
43920,12,0,7805.5,-4,2020-03-30,2020-03-30 12:00:00,2020-03-30 12:00:00,NQM20.csv,1123,NQM20.csv,-1.0,7807.0,7807.0,7805.5,7807.0,1.5
43920,12,15,7792.25,5,2020-03-30,2020-03-30 12:15:00,2020-03-30 12:15:00,NQM20.csv,498,NQM20.csv,9.0,7790.0,7810.25,70130.25,70292.25,-162.0
43920,12,30,7825.25,1,2020-03-30,2020-03-30 12:30:00,2020-03-30 12:30:00,NQM20.csv,674,NQM20.csv,-4.0,7826.75,7826.75,31301.0,31307.0,6.0
43920,12,45,7820.75,0,2020-03-30,2020-03-30 12:45:00,2020-03-30 12:45:00,NQM20.csv,645,NQM20.csv,-1.0,7822.25,7822.25,7820.75,7822.25,1.5
43920,13,0,7846.0,4,2020-03-30,2020-03-30 13:00:00,2020-03-30 13:00:00,NQM20.csv,603,NQM20.csv,4.0,7843.75,7843.75,31384.0,31375.0,9.0
43920,13,15,7809.75,2,2020-03-30,2020-03-30 13:15:00,2020-03-30 13:15:00,NQM20.csv,860,NQM20.csv,-2.0,7811.25,7811.25,15619.5,15622.5,3.0
43920,13,30,7833.5,4,2020-03-30,2020-03-30 13:30:00,2020-03-30 13:30:00,NQM20.csv,475,NQM20.csv,2.0,7831.25,7831.25,15667.0,15662.5,4.5
43920,13,45,7812.75,7,2020-03-30,2020-03-30 13:45:00,2020-03-30 13:45:00,NQM20.csv,373,NQM20.csv,3.0,7811.25,7811.25,23438.25,23433.75,4.5
43920,14,0,7815.5,6,2020-03-30,2020-03-30 14:00:00,2020-03-30 14:00:00,NQM20.csv,528,NQM20.csv,-1.0,7816.75,7816.75,7815.5,7816.75,1.25
43920,14,30,7829.0,8,2020-03-30,2020-03-30 14:30:00,2020-03-30 14:30:00,NQM20.csv,609,NQM20.csv,2.0,7826.75,7826.75,15658.0,15653.5,4.5
43920,14,45,7850.5,7,2020-03-30,2020-03-30 14:45:00,2020-03-30 14:45:00,NQM20.csv,639,NQM20.csv,-1.0,7851.75,7851.75,7850.5,7851.75,1.25
43920,15,15,7862.0,8,2020-03-30,2020-03-30 15:15:00,2020-03-30 15:15:00,NQM20.csv,869,NQM20.csv,1.0,7860.5,7860.5,7862.0,7860.5,1.5
43920,15,45,7853.0,7,2020-03-30,2020-03-30 15:45:00,2020-03-30 15:45:00,NQM20.csv,565,NQM20.csv,-1.0,7855.25,7855.25,7853.0,7855.25,2.25
43920,16,0,7864.25,2,2020-03-30,2020-03-30 16:00:00,2020-03-30 16:00:00,NQM20.csv,1776,NQM20.csv,-5.0,7865.75,7865.75,39321.25,39328.75,7.5
43921,2,30,7882.0,1,2020-03-31,2020-03-31 02:30:00,2020-03-31 02:30:00,NQM20.csv,164,NQM20.csv,-1.0,7887.5,7887.5,7882.0,7887.5,5.5
43921,3,30,7919.25,6,2020-03-31,2020-03-31 03:30:00,2020-03-31 03:30:00,NQM20.csv,113,NQM20.csv,5.0,7913.25,7913.25,39596.25,39566.25,30.0
43921,5,0,7938.5,0,2020-03-31,2020-03-31 05:00:00,2020-03-31 05:00:00,NQM20.csv,112,NQM20.csv,-6.0,7937.75,7937.75,47631.0,47626.5,-4.5
43921,5,30,7948.25,1,2020-03-31,2020-03-31 05:30:00,2020-03-31 05:30:00,NQM20.csv,92,NQM20.csv,1.0,7944.75,7944.75,7948.25,7944.75,3.5
43921,5,45,7941.25,3,2020-03-31,2020-03-31 05:45:00,2020-03-31 05:45:00,NQM20.csv,252,NQM20.csv,2.0,7922.5,7922.5,15882.5,15845.0,37.5
43921,6,15,7921.25,1,2020-03-31,2020-03-31 06:15:00,2020-03-31 06:15:00,NQM20.csv,160,NQM20.csv,-2.0,7908.5,7908.5,15842.5,15817.0,-25.5
43921,6,30,7892.0,5,2020-03-31,2020-03-31 06:30:00,2020-03-31 06:30:00,NQM20.csv,238,NQM20.csv,4.0,7885.25,7885.25,31568.0,31541.0,27.0
43921,6,45,7898.0,-2,2020-03-31,2020-03-31 06:45:00,2020-03-31 06:45:00,NQM20.csv,285,NQM20.csv,-7.0,7895.5,7895.5,55286.0,55268.5,-17.5
43921,7,15,7856.5,5,2020-03-31,2020-03-31 07:15:00,2020-03-31 07:15:00,NQM20.csv,202,NQM20.csv,7.0,7862.0,7862.0,54995.5,55034.0,-38.5
43921,7,30,7859.75,1,2020-03-31,2020-03-31 07:30:00,2020-03-31 07:30:00,NQM20.csv,95,NQM20.csv,-4.0,7868.0,7868.0,31439.0,31472.0,33.0
43921,7,45,7846.0,-4,2020-03-31,2020-03-31 07:45:00,2020-03-31 07:45:00,NQM20.csv,189,NQM20.csv,-5.0,7849.25,7849.25,39230.0,39246.25,16.25
43921,8,15,7804.25,1,2020-03-31,2020-03-31 08:15:00,2020-03-31 08:15:00,NQM20.csv,1034,NQM20.csv,5.0,7777.75,7777.75,39021.25,38888.75,132.5
43921,9,15,7828.25,6,2020-03-31,2020-03-31 09:15:00,2020-03-31 09:15:00,NQM20.csv,244,NQM20.csv,5.0,7828.0,7828.0,39141.25,39140.0,1.25
43921,10,0,7822.0,7,2020-03-31,2020-03-31 10:00:00,2020-03-31 10:00:00,NQM20.csv,952,NQM20.csv,1.0,7845.5,7845.5,7822.0,7845.5,-23.5
43921,10,15,7938.75,2,2020-03-31,2020-03-31 10:15:00,2020-03-31 10:15:00,NQM20.csv,1543,NQM20.csv,-5.0,7951.25,7951.25,39693.75,39756.25,62.5
43921,10,30,7957.75,6,2020-03-31,2020-03-31 10:30:00,2020-03-31 10:30:00,NQM20.csv,833,NQM20.csv,4.0,7973.75,7973.75,31831.0,31895.0,-64.0
43921,11,0,7934.75,5,2020-03-31,2020-03-31 11:00:00,2020-03-31 11:00:00,NQM20.csv,1105,NQM20.csv,-1.0,7912.0,7912.0,7934.75,7912.0,-22.75
43921,11,15,7944.75,7,2020-03-31,2020-03-31 11:15:00,2020-03-31 11:15:00,NQM20.csv,930,NQM20.csv,2.0,7939.0,7939.0,15889.5,15878.0,11.5
43921,11,30,7958.5,0,2020-03-31,2020-03-31 11:30:00,2020-03-31 11:30:00,NQM20.csv,820,NQM20.csv,-7.0,7965.75,7965.75,55709.5,55760.25,50.75
43921,11,45,7952.75,-2,2020-03-31,2020-03-31 11:45:00,2020-03-31 11:45:00,NQM20.csv,458,NQM20.csv,-2.0,7937.0,7937.0,15905.5,15874.0,-31.5
43921,12,0,7930.75,5,2020-03-31,2020-03-31 12:00:00,2020-03-31 12:00:00,NQM20.csv,684,NQM20.csv,7.0,7910.75,7910.75,55515.25,55375.25,140.0
43921,12,30,7872.0,2,2020-03-31,2020-03-31 12:30:00,2020-03-31 12:30:00,NQM20.csv,575,NQM20.csv,-3.0,7851.5,7851.5,23616.0,23554.5,-61.5
43921,12,45,7848.75,-2,2020-03-31,2020-03-31 12:45:00,2020-03-31 12:45:00,NQM20.csv,617,NQM20.csv,-4.0,7869.5,7863.0,31395.0,31452.0,57.0
43921,13,15,7854.25,2,2020-03-31,2020-03-31 13:15:00,2020-03-31 13:15:00,NQM20.csv,632,NQM20.csv,4.0,7836.75,7836.75,31417.0,31347.0,70.0
43921,13,30,7835.5,4,2020-03-31,2020-03-31 13:30:00,2020-03-31 13:30:00,NQM20.csv,807,NQM20.csv,2.0,7843.75,7843.75,15671.0,15687.5,-16.5
43921,14,0,7884.75,1,2020-03-31,2020-03-31 14:00:00,2020-03-31 14:00:00,NQM20.csv,816,NQM20.csv,-3.0,7875.5,7875.5,23654.25,23626.5,-27.75
43921,14,30,7868.0,3,2020-03-31,2020-03-31 14:30:00,2020-03-31 14:30:00,NQM20.csv,342,NQM20.csv,2.0,7865.0,7865.0,15736.0,15730.0,6.0
43921,15,30,7758.25,8,2020-03-31,2020-03-31 15:30:00,2020-03-31 15:30:00,NQM20.csv,930,NQM20.csv,5.0,7781.5,7781.5,38791.25,38907.5,-116.25
43921,16,0,7796.5,1,2020-03-31,2020-03-31 16:00:00,2020-03-31 16:00:00,NQM20.csv,1563,NQM20.csv,-7.0,7775.0,7775.0,54575.5,54425.0,-150.5
43922,2,30,7568.0,5,2020-04-01,2020-04-01 02:30:00,2020-04-01 02:30:00,NQM20.csv,221,NQM20.csv,4.0,7565.5,7565.5,30272.0,30262.0,10.0
43922,4,30,7571.25,3,2020-04-01,2020-04-01 04:30:00,2020-04-01 04:30:00,NQM20.csv,159,NQM20.csv,-2.0,7569.75,7569.75,15142.5,15139.5,-3.0
43922,6,0,7596.5,4,2020-04-01,2020-04-01 06:00:00,2020-04-01 06:00:00,NQM20.csv,89,NQM20.csv,1.0,7612.25,7612.25,7596.5,7612.25,-15.75
43922,6,15,7594.0,8,2020-04-01,2020-04-01 06:15:00,2020-04-01 06:15:00,NQM20.csv,126,NQM20.csv,4.0,7603.25,7603.25,30376.0,30413.0,-37.0
43922,6,45,7570.25,4,2020-04-01,2020-04-01 06:45:00,2020-04-01 06:45:00,NQM20.csv,82,NQM20.csv,-4.0,7581.0,7581.0,30281.0,30324.0,43.0
43922,7,30,7574.75,-2,2020-04-01,2020-04-01 07:30:00,2020-04-01 07:30:00,NQM20.csv,109,NQM20.csv,-6.0,7583.75,7583.75,45448.5,45502.5,54.0
43922,8,0,7568.75,3,2020-04-01,2020-04-01 08:00:00,2020-04-01 08:00:00,NQM20.csv,165,NQM20.csv,5.0,7558.0,7558.0,37843.75,37790.0,53.75
43922,9,15,7583.25,-3,2020-04-01,2020-04-01 09:15:00,2020-04-01 09:15:00,NQM20.csv,184,NQM20.csv,-6.0,7570.0,7570.0,45499.5,45420.0,-79.5
43922,10,0,7582.75,-7,2020-04-01,2020-04-01 10:00:00,2020-04-01 10:00:00,NQM20.csv,1265,NQM20.csv,-4.0,7576.75,7576.75,30331.0,30307.0,-24.0
43922,10,15,7619.75,-1,2020-04-01,2020-04-01 10:15:00,2020-04-01 10:15:00,NQM20.csv,1458,NQM20.csv,6.0,7616.0,7616.0,45718.5,45696.0,22.5
43922,10,30,7615.0,4,2020-04-01,2020-04-01 10:30:00,2020-04-01 10:30:00,NQM20.csv,709,NQM20.csv,5.0,7632.75,7632.75,38075.0,38163.75,-88.75
43922,10,45,7632.75,6,2020-04-01,2020-04-01 10:45:00,2020-04-01 10:45:00,NQM20.csv,667,NQM20.csv,2.0,7646.25,7646.25,15265.5,15292.5,-27.0
43922,11,0,7642.75,2,2020-04-01,2020-04-01 11:00:00,2020-04-01 11:00:00,NQM20.csv,809,NQM20.csv,-4.0,7646.0,7646.0,30571.0,30584.0,13.0
43922,11,15,7669.5,0,2020-04-01,2020-04-01 11:15:00,2020-04-01 11:15:00,NQM20.csv,1285,NQM20.csv,-2.0,7677.75,7677.75,15339.0,15355.5,16.5
43922,11,45,7601.75,-2,2020-04-01,2020-04-01 11:45:00,2020-04-01 11:45:00,NQM20.csv,549,NQM20.csv,-2.0,7595.25,7595.25,15203.5,15190.5,-13.0
43922,12,0,7595.0,0,2020-04-01,2020-04-01 12:00:00,2020-04-01 12:00:00,NQM20.csv,522,NQM20.csv,2.0,7575.0,7575.0,15190.0,15150.0,40.0
43922,12,15,7579.75,2,2020-04-01,2020-04-01 12:15:00,2020-04-01 12:15:00,NQM20.csv,715,NQM20.csv,2.0,7572.0,7572.0,15159.5,15144.0,15.5
43922,12,45,7517.5,-1,2020-04-01,2020-04-01 12:45:00,2020-04-01 12:45:00,NQM20.csv,592,NQM20.csv,-3.0,7516.5,7516.5,22552.5,22549.5,-3.0
43922,13,15,7518.5,0,2020-04-01,2020-04-01 13:15:00,2020-04-01 13:15:00,NQM20.csv,675,NQM20.csv,1.0,7512.75,7512.75,7518.5,7512.75,5.75
43922,13,45,7529.25,2,2020-04-01,2020-04-01 13:45:00,2020-04-01 13:45:00,NQM20.csv,791,NQM20.csv,2.0,7520.75,7520.75,15058.5,15041.5,17.0
43922,14,0,7538.75,-3,2020-04-01,2020-04-01 14:00:00,2020-04-01 14:00:00,NQM20.csv,480,NQM20.csv,-5.0,7537.5,7537.5,37693.75,37687.5,-6.25
43922,14,15,7527.0,-4,2020-04-01,2020-04-01 14:15:00,2020-04-01 14:15:00,NQM20.csv,362,NQM20.csv,-1.0,7519.25,7519.25,7527.0,7519.25,-7.75
43922,15,0,7467.0,-6,2020-04-01,2020-04-01 15:00:00,2020-04-01 15:00:00,NQM20.csv,1025,NQM20.csv,-2.0,7476.25,7476.25,14934.0,14952.5,18.5
43922,15,15,7449.5,-5,2020-04-01,2020-04-01 15:15:00,2020-04-01 15:15:00,NQM20.csv,578,NQM20.csv,1.0,7462.25,7462.25,7449.5,7462.25,-12.75
43922,15,30,7436.25,-3,2020-04-01,2020-04-01 15:30:00,2020-04-01 15:30:00,NQM20.csv,486,NQM20.csv,2.0,7447.25,7447.25,14872.5,14894.5,-22.0
43922,15,45,7418.5,-4,2020-04-01,2020-04-01 15:45:00,2020-04-01 15:45:00,NQM20.csv,2524,NQM20.csv,-1.0,7444.5,7444.5,7418.5,7444.5,26.0
43922,16,0,7463.75,3,2020-04-01,2020-04-01 16:00:00,2020-04-01 16:00:00,NQM20.csv,1728,NQM20.csv,7.0,7459.5,7459.5,52246.25,52216.5,29.75
43923,2,30,7532.75,7,2020-04-02,2020-04-02 02:30:00,2020-04-02 02:30:00,NQM20.csv,97,NQM20.csv,4.0,7535.5,7535.5,30131.0,30142.0,-11.0
43923,3,30,7570.0,3,2020-04-02,2020-04-02 03:30:00,2020-04-02 03:30:00,NQM20.csv,184,NQM20.csv,-4.0,7558.0,7558.0,30280.0,30232.0,-48.0
43923,4,30,7585.0,1,2020-04-02,2020-04-02 04:30:00,2020-04-02 04:30:00,NQM20.csv,93,NQM20.csv,-2.0,7581.5,7581.5,15170.0,15163.0,-7.0
43923,5,0,7565.0,3,2020-04-02,2020-04-02 05:00:00,2020-04-02 05:00:00,NQM20.csv,148,NQM20.csv,2.0,7565.0,7565.0,15130.0,15130.0,0.0
43923,5,30,7561.25,5,2020-04-02,2020-04-02 05:30:00,2020-04-02 05:30:00,NQM20.csv,110,NQM20.csv,2.0,7561.75,7561.75,15122.5,15123.5,-1.0
43923,6,30,7541.0,-7,2020-04-02,2020-04-02 06:30:00,2020-04-02 06:30:00,NQM20.csv,112,NQM20.csv,-12.0,7542.5,7542.5,90492.0,90510.0,18.0
43923,7,0,7534.5,5,2020-04-02,2020-04-02 07:00:00,2020-04-02 07:00:00,NQM20.csv,163,NQM20.csv,12.0,7528.0,7528.0,90414.0,90336.0,78.0
43923,7,30,7533.5,1,2020-04-02,2020-04-02 07:30:00,2020-04-02 07:30:00,NQM20.csv,118,NQM20.csv,-4.0,7526.75,7526.75,30134.0,30107.0,-27.0
43923,8,0,7558.0,5,2020-04-02,2020-04-02 08:00:00,2020-04-02 08:00:00,NQM20.csv,548,NQM20.csv,4.0,7562.25,7562.25,30232.0,30249.0,-17.0
43923,9,15,7386.25,7,2020-04-02,2020-04-02 09:15:00,2020-04-02 09:15:00,NQM20.csv,921,NQM20.csv,2.0,7393.0,7393.0,14772.5,14786.0,-13.5
43923,10,0,7470.25,0,2020-04-02,2020-04-02 10:00:00,2020-04-02 10:00:00,NQM20.csv,1880,NQM20.csv,-7.0,7472.25,7472.25,52291.75,52305.75,14.0
43923,10,15,7512.75,-2,2020-04-02,2020-04-02 10:15:00,2020-04-02 10:15:00,NQM20.csv,942,NQM20.csv,-2.0,7498.75,7498.75,15025.5,14997.5,-28.0
43923,11,15,7551.5,2,2020-04-02,2020-04-02 11:15:00,2020-04-02 11:15:00,NQM20.csv,1270,NQM20.csv,4.0,7571.5,7571.5,30206.0,30286.0,-80.0
43923,11,45,7573.25,-5,2020-04-02,2020-04-02 11:45:00,2020-04-02 11:45:00,NQM20.csv,720,NQM20.csv,-7.0,7583.75,7583.75,53012.75,53086.25,73.5
43923,12,0,7599.25,-3,2020-04-02,2020-04-02 12:00:00,2020-04-02 12:00:00,NQM20.csv,516,NQM20.csv,2.0,7591.25,7591.25,15198.5,15182.5,16.0
43923,12,15,7604.25,0,2020-04-02,2020-04-02 12:15:00,2020-04-02 12:15:00,NQM20.csv,769,NQM20.csv,3.0,7598.75,7598.75,22812.75,22796.25,16.5
43923,13,15,7545.5,-2,2020-04-02,2020-04-02 13:15:00,2020-04-02 13:15:00,NQM20.csv,691,NQM20.csv,-2.0,7541.0,7541.0,15091.0,15082.0,-9.0
43923,13,45,7533.25,0,2020-04-02,2020-04-02 13:45:00,2020-04-02 13:45:00,NQM20.csv,628,NQM20.csv,2.0,7519.75,7519.75,15066.5,15039.5,27.0
43923,14,0,7517.75,7,2020-04-02,2020-04-02 14:00:00,2020-04-02 14:00:00,NQM20.csv,570,NQM20.csv,7.0,7505.0,7505.0,52624.25,52535.0,89.25
43923,14,15,7487.75,3,2020-04-02,2020-04-02 14:15:00,2020-04-02 14:15:00,NQM20.csv,604,NQM20.csv,-4.0,7484.0,7484.0,29951.0,29936.0,-15.0
43923,14,30,7485.0,5,2020-04-02,2020-04-02 14:30:00,2020-04-02 14:30:00,NQM20.csv,1133,NQM20.csv,2.0,7462.75,7478.75,14970.0,14957.5,12.5
43923,14,45,7477.5,9,2020-04-02,2020-04-02 14:45:00,2020-04-02 14:45:00,NQM20.csv,680,NQM20.csv,4.0,7484.5,7484.5,29910.0,29938.0,-28.0
43923,15,0,7544.25,10,2020-04-02,2020-04-02 15:00:00,2020-04-02 15:00:00,NQM20.csv,1125,NQM20.csv,1.0,7535.25,7535.25,7544.25,7535.25,9.0
43923,15,30,7556.25,4,2020-04-02,2020-04-02 15:30:00,2020-04-02 15:30:00,NQM20.csv,793,NQM20.csv,-6.0,7541.25,7541.25,45337.5,45247.5,-90.0
43923,15,45,7576.0,1,2020-04-02,2020-04-02 15:45:00,2020-04-02 15:45:00,NQM20.csv,1036,NQM20.csv,-3.0,7573.25,7573.25,22728.0,22719.75,-8.25
43923,16,0,7618.25,5,2020-04-02,2020-04-02 16:00:00,2020-04-02 16:00:00,NQM20.csv,1496,NQM20.csv,4.0,7629.25,7629.25,30473.0,30517.0,-44.0
43924,2,30,7535.5,7,2020-04-03,2020-04-03 02:30:00,2020-04-03 02:30:00,NQM20.csv,47,NQM20.csv,2.0,7541.25,7541.25,15071.0,15082.5,-11.5
43924,3,30,7539.25,2,2020-04-03,2020-04-03 03:30:00,2020-04-03 03:30:00,NQM20.csv,80,NQM20.csv,-5.0,7542.75,7542.75,37696.25,37713.75,17.5
43924,4,30,7540.25,0,2020-04-03,2020-04-03 04:30:00,2020-04-03 04:30:00,NQM20.csv,198,NQM20.csv,-2.0,7544.5,7544.5,15080.5,15089.0,8.5
43924,5,15,7537.0,-3,2020-04-03,2020-04-03 05:15:00,2020-04-03 05:15:00,NQM20.csv,84,NQM20.csv,-3.0,7531.5,7531.5,22611.0,22594.5,-16.5
43924,5,30,7533.5,2,2020-04-03,2020-04-03 05:30:00,2020-04-03 05:30:00,NQM20.csv,132,NQM20.csv,5.0,7531.25,7531.25,37667.5,37656.25,11.25
43924,5,45,7525.0,11,2020-04-03,2020-04-03 05:45:00,2020-04-03 05:45:00,NQM20.csv,85,NQM20.csv,9.0,7521.0,7521.0,67725.0,67689.0,36.0
43924,6,0,7548.75,6,2020-04-03,2020-04-03 06:00:00,2020-04-03 06:00:00,NQM20.csv,163,NQM20.csv,-5.0,7544.75,7544.75,37743.75,37723.75,-20.0
43924,6,15,7542.5,0,2020-04-03,2020-04-03 06:15:00,2020-04-03 06:15:00,NQM20.csv,106,NQM20.csv,-6.0,7542.5,7542.5,45255.0,45255.0,-0.0
43924,6,30,7536.5,10,2020-04-03,2020-04-03 06:30:00,2020-04-03 06:30:00,NQM20.csv,74,NQM20.csv,10.0,7538.5,7538.5,75365.0,75385.0,-20.0
43924,7,0,7551.25,2,2020-04-03,2020-04-03 07:00:00,2020-04-03 07:00:00,NQM20.csv,114,NQM20.csv,-8.0,7550.75,7550.75,60410.0,60406.0,-4.0
43924,7,30,7558.0,5,2020-04-03,2020-04-03 07:30:00,2020-04-03 07:30:00,NQM20.csv,59,NQM20.csv,3.0,7560.25,7560.25,22674.0,22680.75,-6.75
43924,9,15,7598.75,3,2020-04-03,2020-04-03 09:15:00,2020-04-03 09:15:00,NQM20.csv,118,NQM20.csv,-2.0,7599.75,7599.75,15197.5,15199.5,2.0
43924,9,45,7643.5,1,2020-04-03,2020-04-03 09:45:00,2020-04-03 09:45:00,NQM20.csv,959,NQM20.csv,-2.0,7641.0,7641.0,15287.0,15282.0,-5.0
43924,10,0,7623.75,5,2020-04-03,2020-04-03 10:00:00,2020-04-03 10:00:00,NQM20.csv,1241,NQM20.csv,4.0,7631.0,7631.0,30495.0,30524.0,-29.0
43924,10,15,7618.25,10,2020-04-03,2020-04-03 10:15:00,2020-04-03 10:15:00,NQM20.csv,963,NQM20.csv,5.0,7609.0,7609.0,38091.25,38045.0,46.25
43924,10,30,7567.75,8,2020-04-03,2020-04-03 10:30:00,2020-04-03 10:30:00,NQM20.csv,870,NQM20.csv,-2.0,7570.0,7570.0,15135.5,15140.0,4.5
43924,10,45,7549.25,1,2020-04-03,2020-04-03 10:45:00,2020-04-03 10:45:00,NQM20.csv,789,NQM20.csv,-7.0,7552.75,7552.75,52844.75,52869.25,24.5
43924,11,15,7529.75,7,2020-04-03,2020-04-03 11:15:00,2020-04-03 11:15:00,NQM20.csv,898,NQM20.csv,6.0,7533.75,7533.75,45178.5,45202.5,-24.0
43924,11,30,7525.75,6,2020-04-03,2020-04-03 11:30:00,2020-04-03 11:30:00,NQM20.csv,602,NQM20.csv,-1.0,7522.25,7522.25,7525.75,7522.25,-3.5
43924,12,15,7485.0,3,2020-04-03,2020-04-03 12:15:00,2020-04-03 12:15:00,NQM20.csv,425,NQM20.csv,-3.0,7490.25,7490.25,22455.0,22470.75,15.75
43924,12,30,7483.5,6,2020-04-03,2020-04-03 12:30:00,2020-04-03 12:30:00,NQM20.csv,1223,NQM20.csv,3.0,7490.0,7490.0,22450.5,22470.0,-19.5
43924,12,45,7504.5,5,2020-04-03,2020-04-03 12:45:00,2020-04-03 12:45:00,NQM20.csv,402,NQM20.csv,-1.0,7500.25,7500.25,7504.5,7500.25,-4.25
43924,13,15,7485.25,6,2020-04-03,2020-04-03 13:15:00,2020-04-03 13:15:00,NQM20.csv,424,NQM20.csv,1.0,7489.0,7489.0,7485.25,7489.0,-3.75
43924,13,45,7452.5,9,2020-04-03,2020-04-03 13:45:00,2020-04-03 13:45:00,NQM20.csv,901,NQM20.csv,3.0,7458.0,7458.0,22357.5,22374.0,-16.5
43924,14,0,7446.5,3,2020-04-03,2020-04-03 14:00:00,2020-04-03 14:00:00,NQM20.csv,759,NQM20.csv,-6.0,7454.25,7454.25,44679.0,44725.5,46.5
43924,14,30,7473.5,-1,2020-04-03,2020-04-03 14:30:00,2020-04-03 14:30:00,NQM20.csv,713,NQM20.csv,-4.0,7467.75,7467.75,29894.0,29871.0,-23.0
43924,15,0,7494.0,-2,2020-04-03,2020-04-03 15:00:00,2020-04-03 15:00:00,NQM20.csv,593,NQM20.csv,-1.0,7500.25,7500.25,7494.0,7500.25,6.25
43924,15,30,7477.25,-3,2020-04-03,2020-04-03 15:30:00,2020-04-03 15:30:00,NQM20.csv,678,NQM20.csv,-1.0,7485.0,7485.0,7477.25,7485.0,7.75
43924,16,0,7515.75,5,2020-04-03,2020-04-03 16:00:00,2020-04-03 16:00:00,NQM20.csv,1332,NQM20.csv,8.0,7513.5,7513.5,60126.0,60108.0,18.0
43924,16,15,7518.25,0,2020-04-03,2020-04-03 16:15:00,2020-04-03 16:15:00,NQM20.csv,821,NQM20.csv,-5.0,7524.25,7521.75,37591.25,37608.75,17.5
43927,2,30,7840.0,2,2020-04-06,2020-04-06 02:30:00,2020-04-06 02:30:00,NQM20.csv,47,NQM20.csv,2.0,7839.25,7839.25,15680.0,15678.5,1.5
43927,3,30,7847.25,-2,2020-04-06,2020-04-06 03:30:00,2020-04-06 03:30:00,NQM20.csv,132,NQM20.csv,-4.0,7847.75,7847.75,31389.0,31391.0,2.0
43927,5,30,7832.75,2,2020-04-06,2020-04-06 05:30:00,2020-04-06 05:30:00,NQM20.csv,87,NQM20.csv,4.0,7831.5,7831.5,31331.0,31326.0,5.0
43927,5,45,7847.5,-3,2020-04-06,2020-04-06 05:45:00,2020-04-06 05:45:00,NQM20.csv,287,NQM20.csv,-5.0,7848.0,7848.0,39237.5,39240.0,2.5
43927,6,15,7823.0,5,2020-04-06,2020-04-06 06:15:00,2020-04-06 06:15:00,NQM20.csv,51,NQM20.csv,8.0,7822.25,7822.25,62584.0,62578.0,6.0
43927,6,30,7814.0,1,2020-04-06,2020-04-06 06:30:00,2020-04-06 06:30:00,NQM20.csv,93,NQM20.csv,-4.0,7814.5,7814.5,31256.0,31258.0,2.0
43927,6,45,7823.5,-2,2020-04-06,2020-04-06 06:45:00,2020-04-06 06:45:00,NQM20.csv,49,NQM20.csv,-3.0,7824.0,7824.0,23470.5,23472.0,1.5
43927,7,15,7803.5,-7,2020-04-06,2020-04-06 07:15:00,2020-04-06 07:15:00,NQM20.csv,89,NQM20.csv,-5.0,7804.0,7804.0,39017.5,39020.0,2.5
43927,7,45,7810.25,-2,2020-04-06,2020-04-06 07:45:00,2020-04-06 07:45:00,NQM20.csv,140,NQM20.csv,5.0,7809.0,7809.0,39051.25,39045.0,6.25
43927,8,0,7807.0,2,2020-04-06,2020-04-06 08:00:00,2020-04-06 08:00:00,NQM20.csv,137,NQM20.csv,4.0,7805.75,7805.75,31228.0,31223.0,5.0
43927,10,30,7853.75,6,2020-04-06,2020-04-06 10:30:00,2020-04-06 10:30:00,NQM20.csv,797,NQM20.csv,4.0,7852.0,7852.0,31415.0,31408.0,7.0
43927,11,0,7855.25,5,2020-04-06,2020-04-06 11:00:00,2020-04-06 11:00:00,NQM20.csv,435,NQM20.csv,-1.0,7857.25,7857.25,7855.25,7857.25,2.0
43927,11,30,7882.0,0,2020-04-06,2020-04-06 11:30:00,2020-04-06 11:30:00,NQM20.csv,738,NQM20.csv,-5.0,7883.75,7883.75,39410.0,39418.75,8.75
43927,12,0,7890.5,5,2020-04-06,2020-04-06 12:00:00,2020-04-06 12:00:00,NQM20.csv,444,NQM20.csv,5.0,7888.75,7888.75,39452.5,39443.75,8.75
43927,12,15,7906.25,3,2020-04-06,2020-04-06 12:15:00,2020-04-06 12:15:00,NQM20.csv,467,NQM20.csv,-2.0,7908.0,7908.0,15812.5,15816.0,3.5
43927,12,30,7923.75,-1,2020-04-06,2020-04-06 12:30:00,2020-04-06 12:30:00,NQM20.csv,258,NQM20.csv,-4.0,7925.5,7925.5,31695.0,31702.0,7.0
43927,12,45,7922.0,1,2020-04-06,2020-04-06 12:45:00,2020-04-06 12:45:00,NQM20.csv,322,NQM20.csv,2.0,7920.25,7920.25,15844.0,15840.5,3.5
43927,14,0,7961.0,2,2020-04-06,2020-04-06 14:00:00,2020-04-06 14:00:00,NQM20.csv,714,NQM20.csv,1.0,7959.25,7959.25,7961.0,7959.25,1.75
43927,15,0,7954.0,5,2020-04-06,2020-04-06 15:00:00,2020-04-06 15:00:00,NQM20.csv,354,NQM20.csv,3.0,7952.0,7952.0,23862.0,23856.0,6.0
43927,15,30,7978.25,7,2020-04-06,2020-04-06 15:30:00,2020-04-06 15:30:00,NQM20.csv,578,NQM20.csv,2.0,7976.25,7976.25,15956.5,15952.5,4.0
43927,15,45,8003.0,4,2020-04-06,2020-04-06 15:45:00,2020-04-06 15:45:00,NQM20.csv,880,NQM20.csv,-3.0,8004.75,8004.75,24009.0,24014.25,5.25
43927,16,0,8045.5,2,2020-04-06,2020-04-06 16:00:00,2020-04-06 16:00:00,NQM20.csv,2690,NQM20.csv,-2.0,8047.5,8047.5,16091.0,16095.0,4.0
43928,2,30,8095.75,7,2020-04-07,2020-04-07 02:30:00,2020-04-07 02:30:00,NQM20.csv,115,NQM20.csv,5.0,8090.0,8090.0,40478.75,40450.0,28.75
43928,3,30,8131.5,4,2020-04-07,2020-04-07 03:30:00,2020-04-07 03:30:00,NQM20.csv,373,NQM20.csv,-3.0,8131.0,8131.0,24394.5,24393.0,-1.5
43928,4,30,8239.5,0,2020-04-07,2020-04-07 04:30:00,2020-04-07 04:30:00,NQM20.csv,160,NQM20.csv,-4.0,8213.0,8213.0,32958.0,32852.0,-106.0
43928,5,0,8200.5,2,2020-04-07,2020-04-07 05:00:00,2020-04-07 05:00:00,NQM20.csv,164,NQM20.csv,2.0,8210.25,8210.25,16401.0,16420.5,-19.5
43928,5,30,8221.25,3,2020-04-07,2020-04-07 05:30:00,2020-04-07 05:30:00,NQM20.csv,248,NQM20.csv,1.0,8223.25,8223.25,8221.25,8223.25,-2.0
43928,5,45,8224.25,-1,2020-04-07,2020-04-07 05:45:00,2020-04-07 05:45:00,NQM20.csv,60,NQM20.csv,-4.0,8227.0,8227.0,32897.0,32908.0,11.0
43928,6,15,8269.5,3,2020-04-07,2020-04-07 06:15:00,2020-04-07 06:15:00,NQM20.csv,475,NQM20.csv,4.0,8280.5,8280.5,33078.0,33122.0,-44.0
43928,7,15,8275.25,-3,2020-04-07,2020-04-07 07:15:00,2020-04-07 07:15:00,NQM20.csv,105,NQM20.csv,-6.0,8261.0,8261.0,49651.5,49566.0,-85.5
43928,7,45,8250.0,3,2020-04-07,2020-04-07 07:45:00,2020-04-07 07:45:00,NQM20.csv,300,NQM20.csv,6.0,8255.0,8255.0,49500.0,49530.0,-30.0
43928,8,0,8240.25,-3,2020-04-07,2020-04-07 08:00:00,2020-04-07 08:00:00,NQM20.csv,291,NQM20.csv,-6.0,8250.0,8250.0,49441.5,49500.0,58.5
43928,8,30,8235.5,3,2020-04-07,2020-04-07 08:30:00,2020-04-07 08:30:00,NQM20.csv,310,NQM20.csv,6.0,8255.5,8255.5,49413.0,49533.0,-120.0
43928,10,30,8130.75,4,2020-04-07,2020-04-07 10:30:00,2020-04-07 10:30:00,NQM20.csv,1340,NQM20.csv,1.0,8164.5,8164.5,8130.75,8164.5,-33.75
43928,10,45,8121.25,2,2020-04-07,2020-04-07 10:45:00,2020-04-07 10:45:00,NQM20.csv,1219,NQM20.csv,-2.0,8100.5,8100.5,16242.5,16201.0,-41.5
43928,11,0,8101.75,3,2020-04-07,2020-04-07 11:00:00,2020-04-07 11:00:00,NQM20.csv,973,NQM20.csv,1.0,8087.0,8087.0,8101.75,8087.0,14.75
43928,11,15,8121.5,5,2020-04-07,2020-04-07 11:15:00,2020-04-07 11:15:00,NQM20.csv,1755,NQM20.csv,2.0,8138.5,8138.5,16243.0,16277.0,-34.0
43928,11,30,8155.75,4,2020-04-07,2020-04-07 11:30:00,2020-04-07 11:30:00,NQM20.csv,732,NQM20.csv,-1.0,8174.0,8174.0,8155.75,8174.0,18.25
43928,12,0,8173.5,6,2020-04-07,2020-04-07 12:00:00,2020-04-07 12:00:00,NQM20.csv,933,NQM20.csv,2.0,8188.0,8188.0,16347.0,16376.0,-29.0
43928,12,15,8234.25,3,2020-04-07,2020-04-07 12:15:00,2020-04-07 12:15:00,NQM20.csv,672,NQM20.csv,-3.0,8253.25,8253.25,24702.75,24759.75,57.0
43928,12,30,8236.5,2,2020-04-07,2020-04-07 12:30:00,2020-04-07 12:30:00,NQM20.csv,534,NQM20.csv,-1.0,8220.75,8220.75,8236.5,8220.75,-15.75
43928,12,45,8225.0,5,2020-04-07,2020-04-07 12:45:00,2020-04-07 12:45:00,NQM20.csv,522,NQM20.csv,3.0,8232.5,8232.5,24675.0,24697.5,-22.5
43928,13,0,8225.5,-1,2020-04-07,2020-04-07 13:00:00,2020-04-07 13:00:00,NQM20.csv,523,NQM20.csv,-6.0,8239.5,8231.0,49353.0,49386.0,33.0
43928,13,30,8211.25,6,2020-04-07,2020-04-07 13:30:00,2020-04-07 13:30:00,NQM20.csv,652,NQM20.csv,7.0,8181.5,8181.5,57478.75,57270.5,208.25
43928,13,45,8174.0,2,2020-04-07,2020-04-07 13:45:00,2020-04-07 13:45:00,NQM20.csv,380,NQM20.csv,-4.0,8193.5,8193.5,32696.0,32774.0,78.0
43928,14,15,8130.0,6,2020-04-07,2020-04-07 14:15:00,2020-04-07 14:15:00,NQM20.csv,661,NQM20.csv,4.0,8122.0,8122.0,32520.0,32488.0,32.0
43928,14,30,8134.75,8,2020-04-07,2020-04-07 14:30:00,2020-04-07 14:30:00,NQM20.csv,676,NQM20.csv,2.0,8125.5,8125.5,16269.5,16251.0,18.5
43928,15,0,8066.5,10,2020-04-07,2020-04-07 15:00:00,2020-04-07 15:00:00,NQM20.csv,1033,NQM20.csv,2.0,8093.75,8093.75,16133.0,16187.5,-54.5
43928,15,30,8060.0,11,2020-04-07,2020-04-07 15:30:00,2020-04-07 15:30:00,NQM20.csv,1338,NQM20.csv,1.0,8069.25,8069.25,8060.0,8069.25,-9.25
43928,15,35,8078.5,9,2020-04-07,2020-04-07 15:35:00,2020-04-07 15:35:00,NQM20.csv,1596,NQM20.csv,-2.0,8092.0,8092.0,16157.0,16184.0,27.0
43928,16,0,8044.25,3,2020-04-07,2020-04-07 16:00:00,2020-04-07 16:00:00,NQM20.csv,1315,NQM20.csv,-6.0,8013.5,8013.5,48265.5,48081.0,-184.5
43929,2,30,7996.75,0,2020-04-08,2020-04-08 02:30:00,2020-04-08 02:30:00,NQM20.csv,130,NQM20.csv,-3.0,8017.25,8017.25,23990.25,24051.75,61.5
43929,3,30,8045.0,2,2020-04-08,2020-04-08 03:30:00,2020-04-08 03:30:00,NQM20.csv,190,NQM20.csv,2.0,8023.25,8023.25,16090.0,16046.5,43.5
43929,5,30,8019.5,0,2020-04-08,2020-04-08 05:30:00,2020-04-08 05:30:00,NQM20.csv,206,NQM20.csv,-2.0,8018.75,8018.75,16039.0,16037.5,-1.5
43929,5,45,8022.0,-4,2020-04-08,2020-04-08 05:45:00,2020-04-08 05:45:00,NQM20.csv,443,NQM20.csv,-4.0,8031.0,8031.0,32088.0,32124.0,36.0
43929,6,0,8012.75,2,2020-04-08,2020-04-08 06:00:00,2020-04-08 06:00:00,NQM20.csv,162,NQM20.csv,6.0,8022.25,8022.25,48076.5,48133.5,-57.0
43929,6,15,8016.5,6,2020-04-08,2020-04-08 06:15:00,2020-04-08 06:15:00,NQM20.csv,60,NQM20.csv,4.0,8026.5,8026.5,32066.0,32106.0,-40.0
43929,6,30,8043.75,-9,2020-04-08,2020-04-08 06:30:00,2020-04-08 06:30:00,NQM20.csv,73,NQM20.csv,-15.0,8058.5,8058.5,120656.25,120877.5,221.25
43929,7,0,8069.25,0,2020-04-08,2020-04-08 07:00:00,2020-04-08 07:00:00,NQM20.csv,264,NQM20.csv,9.0,8059.25,8059.25,72623.25,72533.25,90.0
43929,7,45,8063.75,-5,2020-04-08,2020-04-08 07:45:00,2020-04-08 07:45:00,NQM20.csv,207,NQM20.csv,-5.0,8061.0,8061.0,40318.75,40305.0,-13.75
43929,8,15,8119.75,0,2020-04-08,2020-04-08 08:15:00,2020-04-08 08:15:00,NQM20.csv,262,NQM20.csv,5.0,8123.25,8123.25,40598.75,40616.25,-17.5
43929,9,15,8119.25,2,2020-04-08,2020-04-08 09:15:00,2020-04-08 09:15:00,NQM20.csv,331,NQM20.csv,2.0,8121.0,8121.0,16238.5,16242.0,-3.5
43929,9,45,8130.25,3,2020-04-08,2020-04-08 09:45:00,2020-04-08 09:45:00,NQM20.csv,888,NQM20.csv,1.0,8115.25,8115.25,8130.25,8115.25,15.0
43929,10,15,8072.5,0,2020-04-08,2020-04-08 10:15:00,2020-04-08 10:15:00,NQM20.csv,975,NQM20.csv,-3.0,8082.75,8082.75,24217.5,24248.25,30.75
43929,10,30,8101.5,2,2020-04-08,2020-04-08 10:30:00,2020-04-08 10:30:00,NQM20.csv,939,NQM20.csv,2.0,8104.0,8104.0,16203.0,16208.0,-5.0
43929,12,0,8161.5,5,2020-04-08,2020-04-08 12:00:00,2020-04-08 12:00:00,NQM20.csv,616,NQM20.csv,3.0,8154.0,8154.0,24484.5,24462.0,22.5
43929,12,15,8154.0,3,2020-04-08,2020-04-08 12:15:00,2020-04-08 12:15:00,NQM20.csv,454,NQM20.csv,-2.0,8174.75,8172.0,16308.0,16344.0,36.0
43929,12,30,8158.5,1,2020-04-08,2020-04-08 12:30:00,2020-04-08 12:30:00,NQM20.csv,443,NQM20.csv,-2.0,8166.0,8166.0,16317.0,16332.0,15.0
43929,13,15,8176.0,3,2020-04-08,2020-04-08 13:15:00,2020-04-08 13:15:00,NQM20.csv,350,NQM20.csv,2.0,8175.25,8175.25,16352.0,16350.5,1.5
43929,13,45,8140.25,0,2020-04-08,2020-04-08 13:45:00,2020-04-08 13:45:00,NQM20.csv,469,NQM20.csv,-3.0,8152.75,8152.75,24420.75,24458.25,37.5
43929,14,0,8126.25,1,2020-04-08,2020-04-08 14:00:00,2020-04-08 14:00:00,NQM20.csv,930,NQM20.csv,1.0,8134.5,8134.5,8126.25,8134.5,-8.25
43929,14,15,8156.5,4,2020-04-08,2020-04-08 14:15:00,2020-04-08 14:15:00,NQM20.csv,649,NQM20.csv,3.0,8163.5,8163.5,24469.5,24490.5,-21.0
43929,14,30,8187.25,8,2020-04-08,2020-04-08 14:30:00,2020-04-08 14:30:00,NQM20.csv,407,NQM20.csv,4.0,8195.5,8195.5,32749.0,32782.0,-33.0
43929,15,0,8211.5,10,2020-04-08,2020-04-08 15:00:00,2020-04-08 15:00:00,NQM20.csv,1032,NQM20.csv,2.0,8217.0,8217.0,16423.0,16434.0,-11.0
43929,15,30,8209.25,11,2020-04-08,2020-04-08 15:30:00,2020-04-08 15:30:00,NQM20.csv,1149,NQM20.csv,1.0,8221.25,8221.25,8209.25,8221.25,-12.0
43929,15,35,8203.5,9,2020-04-08,2020-04-08 15:35:00,2020-04-08 15:35:00,NQM20.csv,954,NQM20.csv,-2.0,8188.0,8188.0,16407.0,16376.0,-31.0
43929,16,0,8209.0,0,2020-04-08,2020-04-08 16:00:00,2020-04-08 16:00:00,NQM20.csv,1896,NQM20.csv,-9.0,8210.0,8210.0,73881.0,73890.0,9.0
43930,4,30,8211.25,7,2020-04-09,2020-04-09 04:30:00,2020-04-09 04:30:00,NQM20.csv,215,NQM20.csv,7.0,8217.25,8217.25,57478.75,57520.75,-42.0
43930,6,0,8161.5,10,2020-04-09,2020-04-09 06:00:00,2020-04-09 06:00:00,NQM20.csv,249,NQM20.csv,3.0,8165.75,8165.75,24484.5,24497.25,-12.75
43930,6,30,8154.75,7,2020-04-09,2020-04-09 06:30:00,2020-04-09 06:30:00,NQM20.csv,282,NQM20.csv,-3.0,8157.5,8157.5,24464.25,24472.5,8.25
43930,7,0,8162.25,3,2020-04-09,2020-04-09 07:00:00,2020-04-09 07:00:00,NQM20.csv,491,NQM20.csv,-4.0,8176.0,8176.0,32649.0,32704.0,55.0
43930,7,30,8130.5,11,2020-04-09,2020-04-09 07:30:00,2020-04-09 07:30:00,NQM20.csv,577,NQM20.csv,8.0,8135.5,8135.5,65044.0,65084.0,-40.0
43930,7,35,8147.75,9,2020-04-09,2020-04-09 07:35:00,2020-04-09 07:35:00,NQM20.csv,449,NQM20.csv,-2.0,8143.25,8143.25,16295.5,16286.5,-9.0
43930,8,0,8140.5,7,2020-04-09,2020-04-09 08:00:00,2020-04-09 08:00:00,NQM20.csv,174,NQM20.csv,-2.0,8140.0,8140.0,16281.0,16280.0,-1.0
43930,9,15,8304.75,2,2020-04-09,2020-04-09 09:15:00,2020-04-09 09:15:00,NQM20.csv,515,NQM20.csv,-5.0,8290.25,8290.25,41523.75,41451.25,-72.5
43930,9,45,8320.25,6,2020-04-09,2020-04-09 09:45:00,2020-04-09 09:45:00,NQM20.csv,1536,NQM20.csv,4.0,8300.5,8300.5,33281.0,33202.0,79.0
43930,10,0,8307.75,9,2020-04-09,2020-04-09 10:00:00,2020-04-09 10:00:00,NQM20.csv,1258,NQM20.csv,3.0,8289.25,8289.25,24923.25,24867.75,55.5
43930,10,15,8221.5,10,2020-04-09,2020-04-09 10:15:00,2020-04-09 10:15:00,NQM20.csv,2135,NQM20.csv,1.0,8211.75,8211.75,8221.5,8211.75,9.75
43930,10,30,8212.75,11,2020-04-09,2020-04-09 10:30:00,2020-04-09 10:30:00,NQM20.csv,1232,NQM20.csv,1.0,8182.75,8182.75,8212.75,8182.75,30.0
43930,10,35,8202.5,10,2020-04-09,2020-04-09 10:35:00,2020-04-09 10:35:00,NQM20.csv,1230,NQM20.csv,-1.0,8200.75,8200.75,8202.5,8200.75,-1.75
43930,11,15,8189.0,6,2020-04-09,2020-04-09 11:15:00,2020-04-09 11:15:00,NQM20.csv,836,NQM20.csv,-4.0,8181.75,8181.75,32756.0,32727.0,-29.0
43930,11,45,8240.0,10,2020-04-09,2020-04-09 11:45:00,2020-04-09 11:45:00,NQM20.csv,1264,NQM20.csv,4.0,8237.75,8237.75,32960.0,32951.0,9.0
43930,12,0,8240.25,1,2020-04-09,2020-04-09 12:00:00,2020-04-09 12:00:00,NQM20.csv,920,NQM20.csv,-9.0,8248.0,8248.0,74162.25,74232.0,69.75
43930,12,30,8234.5,8,2020-04-09,2020-04-09 12:30:00,2020-04-09 12:30:00,NQM20.csv,744,NQM20.csv,7.0,8244.25,8244.25,57641.5,57709.75,-68.25
43930,13,15,8273.25,3,2020-04-09,2020-04-09 13:15:00,2020-04-09 13:15:00,NQM20.csv,420,NQM20.csv,-5.0,8269.75,8269.75,41366.25,41348.75,-17.5
43930,13,45,8254.5,8,2020-04-09,2020-04-09 13:45:00,2020-04-09 13:45:00,NQM20.csv,662,NQM20.csv,5.0,8249.75,8249.75,41272.5,41248.75,23.75
43930,14,0,8249.25,7,2020-04-09,2020-04-09 14:00:00,2020-04-09 14:00:00,NQM20.csv,411,NQM20.csv,-1.0,8238.75,8238.75,8249.25,8238.75,-10.5
43930,14,30,8202.5,8,2020-04-09,2020-04-09 14:30:00,2020-04-09 14:30:00,NQM20.csv,536,NQM20.csv,1.0,8219.75,8219.75,8202.5,8219.75,-17.25
43930,15,45,8214.75,10,2020-04-09,2020-04-09 15:45:00,2020-04-09 15:45:00,NQM20.csv,749,NQM20.csv,2.0,8210.75,8210.75,16429.5,16421.5,8.0
43930,16,0,8221.5,7,2020-04-09,2020-04-09 16:00:00,2020-04-09 16:00:00,NQM20.csv,1530,NQM20.csv,-3.0,8227.75,8227.75,24664.5,24683.25,18.75
43931,2,30,8238.75,0,2020-04-10,2020-04-10 02:30:00,2020-04-10 02:30:00,NQM20.csv,159,NQM20.csv,-7.0,8237.0,8296.0,57671.25,58072.0,400.75
43934,2,30,8125.75,5,2020-04-13,2020-04-13 02:30:00,2020-04-13 02:30:00,NQM20.csv,22,NQM20.csv,5.0,8125.0,8125.0,40628.75,40625.0,3.75
43934,3,30,8113.0,10,2020-04-13,2020-04-13 03:30:00,2020-04-13 03:30:00,NQM20.csv,49,NQM20.csv,5.0,8112.25,8112.25,40565.0,40561.25,3.75
43934,5,30,8143.0,5,2020-04-13,2020-04-13 05:30:00,2020-04-13 05:30:00,NQM20.csv,61,NQM20.csv,-5.0,8143.5,8143.5,40715.0,40717.5,2.5
43934,7,0,8150.75,-1,2020-04-13,2020-04-13 07:00:00,2020-04-13 07:00:00,NQM20.csv,141,NQM20.csv,-6.0,8151.25,8151.25,48904.5,48907.5,3.0
43934,7,30,8181.25,5,2020-04-13,2020-04-13 07:30:00,2020-04-13 07:30:00,NQM20.csv,166,NQM20.csv,6.0,8180.5,8180.5,49087.5,49083.0,4.5
43934,9,15,8203.75,7,2020-04-13,2020-04-13 09:15:00,2020-04-13 09:15:00,NQM20.csv,347,NQM20.csv,2.0,8203.0,8203.0,16407.5,16406.0,1.5
43934,10,15,8213.75,5,2020-04-13,2020-04-13 10:15:00,2020-04-13 10:15:00,NQM20.csv,1460,NQM20.csv,-2.0,8215.5,8181.75,16427.5,16363.5,-64.0
43934,10,30,8178.0,11,2020-04-13,2020-04-13 10:30:00,2020-04-13 10:30:00,NQM20.csv,1178,NQM20.csv,6.0,8175.75,8175.75,49068.0,49054.5,13.5
43934,10,45,8174.0,7,2020-04-13,2020-04-13 10:45:00,2020-04-13 10:45:00,NQM20.csv,760,NQM20.csv,-4.0,8175.75,8175.75,32696.0,32703.0,7.0
43934,11,0,8175.0,6,2020-04-13,2020-04-13 11:00:00,2020-04-13 11:00:00,NQM20.csv,624,NQM20.csv,-1.0,8177.0,8177.0,8175.0,8177.0,2.0
43934,11,15,8159.0,11,2020-04-13,2020-04-13 11:15:00,2020-04-13 11:15:00,NQM20.csv,1120,NQM20.csv,5.0,8156.75,8166.25,40795.0,40831.25,-36.25
43934,11,20,8170.25,10,2020-04-13,2020-04-13 11:20:00,2020-04-13 11:20:00,NQM20.csv,858,NQM20.csv,-1.0,8172.25,8172.25,8170.25,8172.25,2.0
43934,11,30,8203.75,9,2020-04-13,2020-04-13 11:30:00,2020-04-13 11:30:00,NQM20.csv,756,NQM20.csv,-1.0,8205.75,8197.5,8203.75,8197.5,-6.25
43934,12,0,8205.0,11,2020-04-13,2020-04-13 12:00:00,2020-04-13 12:00:00,NQM20.csv,891,NQM20.csv,2.0,8203.25,8203.25,16410.0,16406.5,3.5
43934,12,30,8218.5,6,2020-04-13,2020-04-13 12:30:00,2020-04-13 12:30:00,NQM20.csv,1333,NQM20.csv,-5.0,8220.25,8207.75,41092.5,41038.75,-53.75
43934,12,45,8216.0,7,2020-04-13,2020-04-13 12:45:00,2020-04-13 12:45:00,NQM20.csv,885,NQM20.csv,1.0,8214.25,8214.25,8216.0,8214.25,1.75
43934,13,15,8194.5,9,2020-04-13,2020-04-13 13:15:00,2020-04-13 13:15:00,NQM20.csv,487,NQM20.csv,2.0,8193.25,8193.25,16389.0,16386.5,2.5
43934,13,45,8230.75,6,2020-04-13,2020-04-13 13:45:00,2020-04-13 13:45:00,NQM20.csv,636,NQM20.csv,-3.0,8232.25,8232.25,24692.25,24696.75,4.5
43934,14,30,8233.0,7,2020-04-13,2020-04-13 14:30:00,2020-04-13 14:30:00,NQM20.csv,697,NQM20.csv,1.0,8231.0,8231.0,8233.0,8231.0,2.0
43934,15,0,8254.75,10,2020-04-13,2020-04-13 15:00:00,2020-04-13 15:00:00,NQM20.csv,623,NQM20.csv,3.0,8252.75,8252.75,24764.25,24758.25,6.0
43934,15,30,8281.5,5,2020-04-13,2020-04-13 15:30:00,2020-04-13 15:30:00,NQM20.csv,796,NQM20.csv,-5.0,8283.25,8283.25,41407.5,41416.25,8.75
43935,2,30,8444.75,1,2020-04-14,2020-04-14 02:30:00,2020-04-14 02:30:00,NQM20.csv,114,NQM20.csv,-4.0,8449.75,8449.75,33779.0,33799.0,20.0
43935,5,0,8425.75,5,2020-04-14,2020-04-14 05:00:00,2020-04-14 05:00:00,NQM20.csv,64,NQM20.csv,4.0,8421.25,8421.25,33703.0,33685.0,18.0
43935,5,30,8448.0,-7,2020-04-14,2020-04-14 05:30:00,2020-04-14 05:30:00,NQM20.csv,54,NQM20.csv,-12.0,8452.0,8452.0,101376.0,101424.0,48.0
43935,6,0,8444.75,-5,2020-04-14,2020-04-14 06:00:00,2020-04-14 06:00:00,NQM20.csv,56,NQM20.csv,2.0,8445.0,8445.0,16889.5,16890.0,-0.5
43935,7,0,8438.75,-8,2020-04-14,2020-04-14 07:00:00,2020-04-14 07:00:00,NQM20.csv,149,NQM20.csv,-3.0,8437.0,8437.0,25316.25,25311.0,-5.25
43935,7,30,8434.25,-5,2020-04-14,2020-04-14 07:30:00,2020-04-14 07:30:00,NQM20.csv,59,NQM20.csv,3.0,8432.5,8432.5,25302.75,25297.5,5.25
43935,8,0,8461.5,1,2020-04-14,2020-04-14 08:00:00,2020-04-14 08:00:00,NQM20.csv,304,NQM20.csv,6.0,8462.0,8462.0,50769.0,50772.0,-3.0
43935,9,15,8495.75,-1,2020-04-14,2020-04-14 09:15:00,2020-04-14 09:15:00,NQM20.csv,297,NQM20.csv,-2.0,8502.5,8502.5,16991.5,17005.0,13.5
43935,9,45,8538.5,2,2020-04-14,2020-04-14 09:45:00,2020-04-14 09:45:00,NQM20.csv,2273,NQM20.csv,3.0,8549.5,8549.5,25615.5,25648.5,-33.0
43935,10,0,8591.5,7,2020-04-14,2020-04-14 10:00:00,2020-04-14 10:00:00,NQM20.csv,2213,NQM20.csv,5.0,8572.5,8572.5,42957.5,42862.5,95.0
43935,10,15,8584.0,6,2020-04-14,2020-04-14 10:15:00,2020-04-14 10:15:00,NQM20.csv,1041,NQM20.csv,-1.0,8607.5,8607.5,8584.0,8607.5,23.5
43935,10,30,8601.5,5,2020-04-14,2020-04-14 10:30:00,2020-04-14 10:30:00,NQM20.csv,1123,NQM20.csv,-1.0,8591.5,8591.5,8601.5,8591.5,-10.0
43935,11,0,8581.5,7,2020-04-14,2020-04-14 11:00:00,2020-04-14 11:00:00,NQM20.csv,1403,NQM20.csv,2.0,8582.5,8582.5,17163.0,17165.0,-2.0
43935,11,15,8558.0,4,2020-04-14,2020-04-14 11:15:00,2020-04-14 11:15:00,NQM20.csv,758,NQM20.csv,-3.0,8555.0,8555.0,25674.0,25665.0,-9.0
43935,11,30,8567.0,2,2020-04-14,2020-04-14 11:30:00,2020-04-14 11:30:00,NQM20.csv,876,NQM20.csv,-2.0,8587.0,8587.0,17134.0,17174.0,40.0
43935,11,45,8587.25,5,2020-04-14,2020-04-14 11:45:00,2020-04-14 11:45:00,NQM20.csv,602,NQM20.csv,3.0,8579.75,8579.75,25761.75,25739.25,22.5
43935,12,30,8634.75,1,2020-04-14,2020-04-14 12:30:00,2020-04-14 12:30:00,NQM20.csv,614,NQM20.csv,-4.0,8638.5,8638.5,34539.0,34554.0,15.0
43935,13,0,8652.5,5,2020-04-14,2020-04-14 13:00:00,2020-04-14 13:00:00,NQM20.csv,626,NQM20.csv,4.0,8641.0,8641.0,34610.0,34564.0,46.0
43935,14,0,8684.75,1,2020-04-14,2020-04-14 14:00:00,2020-04-14 14:00:00,NQM20.csv,937,NQM20.csv,-4.0,8675.25,8675.25,34739.0,34701.0,-38.0
43935,14,30,8687.5,2,2020-04-14,2020-04-14 14:30:00,2020-04-14 14:30:00,NQM20.csv,385,NQM20.csv,1.0,8679.0,8679.0,8687.5,8679.0,8.5
43935,15,0,8686.5,4,2020-04-14,2020-04-14 15:00:00,2020-04-14 15:00:00,NQM20.csv,537,NQM20.csv,2.0,8674.5,8674.5,17373.0,17349.0,24.0
43935,15,30,8674.0,6,2020-04-14,2020-04-14 15:30:00,2020-04-14 15:30:00,NQM20.csv,513,NQM20.csv,2.0,8679.5,8679.5,17348.0,17359.0,-11.0
43935,16,0,8683.0,1,2020-04-14,2020-04-14 16:00:00,2020-04-14 16:00:00,NQM20.csv,1797,NQM20.csv,-5.0,8681.5,8681.5,43415.0,43407.5,-7.5
43936,2,30,8636.5,3,2020-04-15,2020-04-15 02:30:00,2020-04-15 02:30:00,NQM20.csv,83,NQM20.csv,2.0,8635.25,8635.25,17273.0,17270.5,2.5
43936,5,0,8584.75,4,2020-04-15,2020-04-15 05:00:00,2020-04-15 05:00:00,NQM20.csv,290,NQM20.csv,1.0,8566.0,8566.0,8584.75,8566.0,18.75
43936,5,30,8573.25,3,2020-04-15,2020-04-15 05:30:00,2020-04-15 05:30:00,NQM20.csv,123,NQM20.csv,-1.0,8584.25,8584.25,8573.25,8584.25,11.0
43936,6,0,8581.75,6,2020-04-15,2020-04-15 06:00:00,2020-04-15 06:00:00,NQM20.csv,152,NQM20.csv,3.0,8581.5,8581.5,25745.25,25744.5,0.75
43936,7,45,8604.0,0,2020-04-15,2020-04-15 07:45:00,2020-04-15 07:45:00,NQM20.csv,50,NQM20.csv,-6.0,8601.0,8601.0,51624.0,51606.0,-18.0
43936,8,0,8594.75,-3,2020-04-15,2020-04-15 08:00:00,2020-04-15 08:00:00,NQM20.csv,252,NQM20.csv,-3.0,8590.5,8590.5,25784.25,25771.5,-12.75
43936,8,15,8570.5,3,2020-04-15,2020-04-15 08:15:00,2020-04-15 08:15:00,NQM20.csv,294,NQM20.csv,6.0,8565.75,8565.75,51423.0,51394.5,28.5
43936,9,15,8519.25,7,2020-04-15,2020-04-15 09:15:00,2020-04-15 09:15:00,NQM20.csv,215,NQM20.csv,4.0,8523.25,8523.25,34077.0,34093.0,-16.0
43936,10,15,8530.75,5,2020-04-15,2020-04-15 10:15:00,2020-04-15 10:15:00,NQM20.csv,821,NQM20.csv,-2.0,8513.0,8513.0,17061.5,17026.0,-35.5
43936,10,30,8525.0,7,2020-04-15,2020-04-15 10:30:00,2020-04-15 10:30:00,NQM20.csv,668,NQM20.csv,2.0,8536.75,8536.75,17050.0,17073.5,-23.5
43936,10,45,8540.75,5,2020-04-15,2020-04-15 10:45:00,2020-04-15 10:45:00,NQM20.csv,1271,NQM20.csv,-2.0,8556.75,8556.75,17081.5,17113.5,32.0
43936,11,0,8571.5,9,2020-04-15,2020-04-15 11:00:00,2020-04-15 11:00:00,NQM20.csv,1430,NQM20.csv,4.0,8553.5,8553.5,34286.0,34214.0,72.0
43936,11,30,8547.25,5,2020-04-15,2020-04-15 11:30:00,2020-04-15 11:30:00,NQM20.csv,1224,NQM20.csv,-4.0,8561.25,8561.25,34189.0,34245.0,56.0
43936,11,45,8531.5,3,2020-04-15,2020-04-15 11:45:00,2020-04-15 11:45:00,NQM20.csv,416,NQM20.csv,-2.0,8533.0,8533.0,17063.0,17066.0,3.0
43936,12,15,8534.25,5,2020-04-15,2020-04-15 12:15:00,2020-04-15 12:15:00,NQM20.csv,447,NQM20.csv,2.0,8528.25,8528.25,17068.5,17056.5,12.0
43936,12,30,8554.25,3,2020-04-15,2020-04-15 12:30:00,2020-04-15 12:30:00,NQM20.csv,568,NQM20.csv,-2.0,8557.5,8557.5,17108.5,17115.0,6.5
43936,12,45,8574.25,-1,2020-04-15,2020-04-15 12:45:00,2020-04-15 12:45:00,NQM20.csv,549,NQM20.csv,-4.0,8564.75,8564.75,34297.0,34259.0,-38.0
43936,13,15,8581.25,3,2020-04-15,2020-04-15 13:15:00,2020-04-15 13:15:00,NQM20.csv,568,NQM20.csv,4.0,8583.75,8583.75,34325.0,34335.0,-10.0
43936,13,30,8576.5,-2,2020-04-15,2020-04-15 13:30:00,2020-04-15 13:30:00,NQM20.csv,365,NQM20.csv,-5.0,8571.75,8571.75,42882.5,42858.75,-23.75
43936,14,0,8572.25,6,2020-04-15,2020-04-15 14:00:00,2020-04-15 14:00:00,NQM20.csv,581,NQM20.csv,8.0,8584.25,8584.25,68578.0,68674.0,-96.0
43936,15,30,8602.75,7,2020-04-15,2020-04-15 15:30:00,2020-04-15 15:30:00,NQM20.csv,655,NQM20.csv,1.0,8593.25,8593.25,8602.75,8593.25,9.5
43936,16,0,8583.25,3,2020-04-15,2020-04-15 16:00:00,2020-04-15 16:00:00,NQM20.csv,1615,NQM20.csv,-4.0,8595.75,8595.75,34333.0,34383.0,50.0
43937,2,30,8639.75,8,2020-04-16,2020-04-16 02:30:00,2020-04-16 02:30:00,NQM20.csv,254,NQM20.csv,5.0,8643.5,8643.5,43198.75,43217.5,-18.75
43937,3,30,8667.75,9,2020-04-16,2020-04-16 03:30:00,2020-04-16 03:30:00,NQM20.csv,275,NQM20.csv,1.0,8672.0,8672.0,8667.75,8672.0,-4.25
43937,5,30,8643.75,11,2020-04-16,2020-04-16 05:30:00,2020-04-16 05:30:00,NQM20.csv,96,NQM20.csv,2.0,8648.75,8648.75,17287.5,17297.5,-10.0
43937,5,45,8673.0,0,2020-04-16,2020-04-16 05:45:00,2020-04-16 05:45:00,NQM20.csv,119,NQM20.csv,-11.0,8666.75,8666.75,95403.0,95334.25,-68.75
43937,6,0,8665.5,-3,2020-04-16,2020-04-16 06:00:00,2020-04-16 06:00:00,NQM20.csv,116,NQM20.csv,-3.0,8661.0,8661.0,25996.5,25983.0,-13.5
43937,6,15,8662.75,8,2020-04-16,2020-04-16 06:15:00,2020-04-16 06:15:00,NQM20.csv,101,NQM20.csv,11.0,8658.75,8658.75,95290.25,95246.25,44.0
43937,9,45,8670.0,7,2020-04-16,2020-04-16 09:45:00,2020-04-16 09:45:00,NQM20.csv,1123,NQM20.csv,-1.0,8684.5,8684.5,8670.0,8684.5,14.5
43937,10,0,8641.25,11,2020-04-16,2020-04-16 10:00:00,2020-04-16 10:00:00,NQM20.csv,1790,NQM20.csv,4.0,8633.0,8633.0,34565.0,34532.0,33.0
43937,10,30,8664.0,9,2020-04-16,2020-04-16 10:30:00,2020-04-16 10:30:00,NQM20.csv,1558,NQM20.csv,-2.0,8656.5,8656.5,17328.0,17313.0,-15.0
43937,11,0,8708.25,11,2020-04-16,2020-04-16 11:00:00,2020-04-16 11:00:00,NQM20.csv,872,NQM20.csv,2.0,8700.75,8700.75,17416.5,17401.5,15.0
43937,11,5,8706.5,9,2020-04-16,2020-04-16 11:05:00,2020-04-16 11:05:00,NQM20.csv,1183,NQM20.csv,-2.0,8722.0,8722.0,17413.0,17444.0,31.0
43937,12,0,8771.25,11,2020-04-16,2020-04-16 12:00:00,2020-04-16 12:00:00,NQM20.csv,1228,NQM20.csv,2.0,8761.5,8761.5,17542.5,17523.0,19.5
43937,12,30,8673.25,8,2020-04-16,2020-04-16 12:30:00,2020-04-16 12:30:00,NQM20.csv,1999,NQM20.csv,-3.0,8644.25,8644.25,26019.75,25932.75,-87.0
43937,13,0,8659.75,10,2020-04-16,2020-04-16 13:00:00,2020-04-16 13:00:00,NQM20.csv,779,NQM20.csv,2.0,8667.5,8667.5,17319.5,17335.0,-15.5
43937,13,30,8673.0,8,2020-04-16,2020-04-16 13:30:00,2020-04-16 13:30:00,NQM20.csv,981,NQM20.csv,-2.0,8679.5,8679.5,17346.0,17359.0,13.0
43937,14,0,8660.5,9,2020-04-16,2020-04-16 14:00:00,2020-04-16 14:00:00,NQM20.csv,1252,NQM20.csv,1.0,8643.5,8643.5,8660.5,8643.5,17.0
43937,14,30,8683.5,10,2020-04-16,2020-04-16 14:30:00,2020-04-16 14:30:00,NQM20.csv,1202,NQM20.csv,1.0,8695.5,8695.5,8683.5,8695.5,-12.0
43937,15,0,8701.25,5,2020-04-16,2020-04-16 15:00:00,2020-04-16 15:00:00,NQM20.csv,949,NQM20.csv,-5.0,8688.75,8688.75,43506.25,43443.75,-62.5
43937,15,30,8711.25,7,2020-04-16,2020-04-16 15:30:00,2020-04-16 15:30:00,NQM20.csv,933,NQM20.csv,2.0,8705.25,8705.25,17422.5,17410.5,12.0
43937,16,0,8737.25,8,2020-04-16,2020-04-16 16:00:00,2020-04-16 16:00:00,NQM20.csv,1772,NQM20.csv,1.0,8747.0,8747.0,8737.25,8747.0,-9.75
43938,2,30,8889.0,3,2020-04-17,2020-04-17 02:30:00,2020-04-17 02:30:00,NQM20.csv,187,NQM20.csv,-5.0,8891.0,8891.0,44445.0,44455.0,10.0
43938,3,30,8941.25,7,2020-04-17,2020-04-17 03:30:00,2020-04-17 03:30:00,NQM20.csv,300,NQM20.csv,4.0,8933.5,8933.5,35765.0,35734.0,31.0
43938,5,30,8892.25,3,2020-04-17,2020-04-17 05:30:00,2020-04-17 05:30:00,NQM20.csv,191,NQM20.csv,-4.0,8883.75,8883.75,35569.0,35535.0,-34.0
43938,9,15,8856.25,7,2020-04-17,2020-04-17 09:15:00,2020-04-17 09:15:00,NQM20.csv,397,NQM20.csv,4.0,8844.75,8844.75,35425.0,35379.0,46.0
43938,10,0,8823.5,3,2020-04-17,2020-04-17 10:00:00,2020-04-17 10:00:00,NQM20.csv,1147,NQM20.csv,-4.0,8825.75,8825.75,35294.0,35303.0,9.0
43938,10,15,8806.25,-1,2020-04-17,2020-04-17 10:15:00,2020-04-17 10:15:00,NQM20.csv,2327,NQM20.csv,-4.0,8788.0,8788.0,35225.0,35152.0,-73.0
43938,10,30,8793.0,5,2020-04-17,2020-04-17 10:30:00,2020-04-17 10:30:00,NQM20.csv,1496,NQM20.csv,6.0,8789.25,8789.25,52758.0,52735.5,22.5
43938,11,30,8725.75,8,2020-04-17,2020-04-17 11:30:00,2020-04-17 11:30:00,NQM20.csv,1319,NQM20.csv,3.0,8726.0,8726.0,26177.25,26178.0,-0.75
43938,12,0,8745.75,6,2020-04-17,2020-04-17 12:00:00,2020-04-17 12:00:00,NQM20.csv,1009,NQM20.csv,-2.0,8736.5,8736.5,17491.5,17473.0,-18.5
43938,12,30,8731.0,0,2020-04-17,2020-04-17 12:30:00,2020-04-17 12:30:00,NQM20.csv,480,NQM20.csv,-6.0,8734.5,8734.5,52386.0,52407.0,21.0
43938,12,45,8754.5,-4,2020-04-17,2020-04-17 12:45:00,2020-04-17 12:45:00,NQM20.csv,408,NQM20.csv,-4.0,8753.5,8753.5,35018.0,35014.0,-4.0
43938,13,15,8747.75,0,2020-04-17,2020-04-17 13:15:00,2020-04-17 13:15:00,NQM20.csv,566,NQM20.csv,4.0,8749.25,8749.25,34991.0,34997.0,-6.0
43938,13,30,8735.5,2,2020-04-17,2020-04-17 13:30:00,2020-04-17 13:30:00,NQM20.csv,711,NQM20.csv,2.0,8741.5,8741.5,17471.0,17483.0,-12.0
43938,14,0,8735.25,6,2020-04-17,2020-04-17 14:00:00,2020-04-17 14:00:00,NQM20.csv,516,NQM20.csv,4.0,8729.5,8729.5,34941.0,34918.0,23.0
43938,16,0,8810.5,3,2020-04-17,2020-04-17 16:00:00,2020-04-17 16:00:00,NQM20.csv,2698,NQM20.csv,-3.0,8806.25,8806.25,26431.5,26418.75,-12.75
43938,16,15,8808.25,0,2020-04-17,2020-04-17 16:15:00,2020-04-17 16:15:00,NQM20.csv,469,NQM20.csv,-3.0,8810.25,8809.5,26424.75,26428.5,3.75
43941,2,30,8787.75,11,2020-04-20,2020-04-20 02:30:00,2020-04-20 02:30:00,NQM20.csv,167,NQM20.csv,11.0,8786.75,8786.75,96665.25,96654.25,11.0
43941,7,45,8723.0,10,2020-04-20,2020-04-20 07:45:00,2020-04-20 07:45:00,NQM20.csv,177,NQM20.csv,-1.0,8724.25,8724.25,8723.0,8724.25,1.25
43941,8,15,8732.75,11,2020-04-20,2020-04-20 08:15:00,2020-04-20 08:15:00,NQM20.csv,339,NQM20.csv,1.0,8731.75,8731.75,8732.75,8731.75,1.0
43941,9,20,8724.25,10,2020-04-20,2020-04-20 09:20:00,2020-04-20 09:20:00,NQM20.csv,240,NQM20.csv,-1.0,8725.5,8725.5,8724.25,8725.5,1.25
43941,10,0,8739.75,11,2020-04-20,2020-04-20 10:00:00,2020-04-20 10:00:00,NQM20.csv,1606,NQM20.csv,1.0,8738.0,8738.0,8739.75,8738.0,1.75
43941,10,5,8751.25,9,2020-04-20,2020-04-20 10:05:00,2020-04-20 10:05:00,NQM20.csv,799,NQM20.csv,-2.0,8753.0,8753.0,17502.5,17506.0,3.5
43941,10,15,8771.25,10,2020-04-20,2020-04-20 10:15:00,2020-04-20 10:15:00,NQM20.csv,817,NQM20.csv,1.0,8769.5,8769.5,8771.25,8769.5,1.75
43941,10,30,8787.25,11,2020-04-20,2020-04-20 10:30:00,2020-04-20 10:30:00,NQM20.csv,981,NQM20.csv,1.0,8785.5,8785.5,8787.25,8785.5,1.75
43941,10,35,8798.75,10,2020-04-20,2020-04-20 10:35:00,2020-04-20 10:35:00,NQM20.csv,1089,NQM20.csv,-1.0,8800.5,8800.5,8798.75,8800.5,1.75
43941,11,0,8816.75,11,2020-04-20,2020-04-20 11:00:00,2020-04-20 11:00:00,NQM20.csv,751,NQM20.csv,1.0,8815.0,8815.0,8816.75,8815.0,1.75
43941,11,30,8818.75,10,2020-04-20,2020-04-20 11:30:00,2020-04-20 11:30:00,NQM20.csv,835,NQM20.csv,-1.0,8820.5,8820.5,8818.75,8820.5,1.75
43941,12,0,8835.0,8,2020-04-20,2020-04-20 12:00:00,2020-04-20 12:00:00,NQM20.csv,533,NQM20.csv,-2.0,8836.75,8823.75,17670.0,17647.5,-22.5
43941,12,15,8814.25,10,2020-04-20,2020-04-20 12:15:00,2020-04-20 12:15:00,NQM20.csv,375,NQM20.csv,2.0,8812.5,8812.5,17628.5,17625.0,3.5
43941,12,45,8827.5,8,2020-04-20,2020-04-20 12:45:00,2020-04-20 12:45:00,NQM20.csv,304,NQM20.csv,-2.0,8829.0,8829.0,17655.0,17658.0,3.0
43941,13,15,8795.75,4,2020-04-20,2020-04-20 13:15:00,2020-04-20 13:15:00,NQM20.csv,386,NQM20.csv,-4.0,8797.25,8797.25,35183.0,35189.0,6.0
43941,13,45,8806.25,8,2020-04-20,2020-04-20 13:45:00,2020-04-20 13:45:00,NQM20.csv,368,NQM20.csv,4.0,8805.25,8805.25,35225.0,35221.0,4.0
43941,14,0,8815.75,11,2020-04-20,2020-04-20 14:00:00,2020-04-20 14:00:00,NQM20.csv,534,NQM20.csv,3.0,8814.75,8814.75,26447.25,26444.25,3.0
43941,14,5,8823.25,9,2020-04-20,2020-04-20 14:05:00,2020-04-20 14:05:00,NQM20.csv,370,NQM20.csv,-2.0,8824.5,8824.5,17646.5,17649.0,2.5
43941,14,30,8759.5,8,2020-04-20,2020-04-20 14:30:00,2020-04-20 14:30:00,NQM20.csv,1169,NQM20.csv,-1.0,8761.0,8761.0,8759.5,8761.0,1.5
43941,15,0,8733.5,11,2020-04-20,2020-04-20 15:00:00,2020-04-20 15:00:00,NQM20.csv,1047,NQM20.csv,3.0,8731.75,8731.75,26200.5,26195.25,5.25
43941,15,35,8760.25,9,2020-04-20,2020-04-20 15:35:00,2020-04-20 15:35:00,NQM20.csv,574,NQM20.csv,-2.0,8762.0,8741.5,17520.5,17483.0,-37.5
43941,15,45,8744.0,11,2020-04-20,2020-04-20 15:45:00,2020-04-20 15:45:00,NQM20.csv,676,NQM20.csv,2.0,8742.25,8742.25,17488.0,17484.5,3.5
43941,15,50,8739.0,10,2020-04-20,2020-04-20 15:50:00,2020-04-20 15:50:00,NQM20.csv,2505,NQM20.csv,-1.0,8740.75,8733.25,8739.0,8733.25,-5.75
43941,16,0,8718.25,11,2020-04-20,2020-04-20 16:00:00,2020-04-20 16:00:00,NQM20.csv,1180,NQM20.csv,1.0,8716.5,8716.5,8718.25,8716.5,1.75
43942,2,30,8694.25,10,2020-04-21,2020-04-21 02:30:00,2020-04-21 02:30:00,NQM20.csv,135,NQM20.csv,-1.0,8692.25,8692.25,8694.25,8692.25,-2.0
43942,4,30,8682.5,9,2020-04-21,2020-04-21 04:30:00,2020-04-21 04:30:00,NQM20.csv,168,NQM20.csv,-1.0,8672.0,8672.0,8682.5,8672.0,-10.5
43942,5,30,8660.5,11,2020-04-21,2020-04-21 05:30:00,2020-04-21 05:30:00,NQM20.csv,251,NQM20.csv,2.0,8654.25,8654.25,17321.0,17308.5,12.5
43942,5,35,8658.75,9,2020-04-21,2020-04-21 05:35:00,2020-04-21 05:35:00,NQM20.csv,390,NQM20.csv,-2.0,8660.5,8660.5,17317.5,17321.0,3.5
43942,6,15,8623.75,11,2020-04-21,2020-04-21 06:15:00,2020-04-21 06:15:00,NQM20.csv,351,NQM20.csv,2.0,8616.25,8616.25,17247.5,17232.5,15.0
43942,6,20,8611.5,9,2020-04-21,2020-04-21 06:20:00,2020-04-21 06:20:00,NQM20.csv,326,NQM20.csv,-2.0,8616.25,8616.25,17223.0,17232.5,9.5
43942,9,15,8618.25,8,2020-04-21,2020-04-21 09:15:00,2020-04-21 09:15:00,NQM20.csv,351,NQM20.csv,-1.0,8620.0,8620.0,8618.25,8620.0,1.75
43942,10,0,8584.0,9,2020-04-21,2020-04-21 10:00:00,2020-04-21 10:00:00,NQM20.csv,1946,NQM20.csv,1.0,8569.75,8569.75,8584.0,8569.75,14.25
43942,10,15,8547.0,10,2020-04-21,2020-04-21 10:15:00,2020-04-21 10:15:00,NQM20.csv,1234,NQM20.csv,1.0,8530.0,8530.0,8547.0,8530.0,17.0
43942,10,30,8538.5,2,2020-04-21,2020-04-21 10:30:00,2020-04-21 10:30:00,NQM20.csv,996,NQM20.csv,-8.0,8513.5,8513.5,68308.0,68108.0,-200.0
43942,11,0,8393.5,-3,2020-04-21,2020-04-21 11:00:00,2020-04-21 11:00:00,NQM20.csv,3175,NQM20.csv,-5.0,8410.75,8410.75,41967.5,42053.75,86.25
43942,11,30,8367.0,2,2020-04-21,2020-04-21 11:30:00,2020-04-21 11:30:00,NQM20.csv,1602,NQM20.csv,5.0,8390.25,8390.25,41835.0,41951.25,-116.25
43942,11,45,8348.75,6,2020-04-21,2020-04-21 11:45:00,2020-04-21 11:45:00,NQM20.csv,1150,NQM20.csv,4.0,8375.25,8375.25,33395.0,33501.0,-106.0
43942,12,15,8403.5,2,2020-04-21,2020-04-21 12:15:00,2020-04-21 12:15:00,NQM20.csv,486,NQM20.csv,-4.0,8395.75,8395.75,33614.0,33583.0,-31.0
43942,12,30,8386.5,5,2020-04-21,2020-04-21 12:30:00,2020-04-21 12:30:00,NQM20.csv,1276,NQM20.csv,3.0,8367.75,8367.75,25159.5,25103.25,56.25
43942,13,0,8391.0,10,2020-04-21,2020-04-21 13:00:00,2020-04-21 13:00:00,NQM20.csv,959,NQM20.csv,5.0,8401.0,8401.0,41955.0,42005.0,-50.0
43942,13,45,8473.5,8,2020-04-21,2020-04-21 13:45:00,2020-04-21 13:45:00,NQM20.csv,781,NQM20.csv,-2.0,8455.5,8455.5,16947.0,16911.0,-36.0
43942,14,0,8454.75,7,2020-04-21,2020-04-21 14:00:00,2020-04-21 14:00:00,NQM20.csv,988,NQM20.csv,-1.0,8454.0,8454.0,8454.75,8454.0,-0.75
43942,14,15,8489.25,8,2020-04-21,2020-04-21 14:15:00,2020-04-21 14:15:00,NQM20.csv,981,NQM20.csv,1.0,8469.75,8469.75,8489.25,8469.75,19.5
43942,14,30,8496.5,9,2020-04-21,2020-04-21 14:30:00,2020-04-21 14:30:00,NQM20.csv,733,NQM20.csv,1.0,8478.0,8478.0,8496.5,8478.0,18.5
43942,14,45,8438.25,10,2020-04-21,2020-04-21 14:45:00,2020-04-21 14:45:00,NQM20.csv,865,NQM20.csv,1.0,8429.25,8429.25,8438.25,8429.25,9.0
43942,15,0,8426.5,11,2020-04-21,2020-04-21 15:00:00,2020-04-21 15:00:00,NQM20.csv,1320,NQM20.csv,1.0,8429.25,8429.25,8426.5,8429.25,-2.75
43942,15,5,8436.5,9,2020-04-21,2020-04-21 15:05:00,2020-04-21 15:05:00,NQM20.csv,581,NQM20.csv,-2.0,8401.0,8401.0,16873.0,16802.0,-71.0
43942,15,30,8445.0,6,2020-04-21,2020-04-21 15:30:00,2020-04-21 15:30:00,NQM20.csv,718,NQM20.csv,-3.0,8449.0,8449.0,25335.0,25347.0,12.0
43942,15,45,8437.0,7,2020-04-21,2020-04-21 15:45:00,2020-04-21 15:45:00,NQM20.csv,883,NQM20.csv,1.0,8416.75,8416.75,8437.0,8416.75,20.25
43942,16,0,8398.25,9,2020-04-21,2020-04-21 16:00:00,2020-04-21 16:00:00,NQM20.csv,2892,NQM20.csv,2.0,8424.0,8424.0,16796.5,16848.0,-51.5
43943,2,30,8511.0,8,2020-04-22,2020-04-22 02:30:00,2020-04-22 02:30:00,NQM20.csv,121,NQM20.csv,-1.0,8510.0,8510.0,8511.0,8510.0,-1.0
43943,3,30,8512.5,9,2020-04-22,2020-04-22 03:30:00,2020-04-22 03:30:00,NQM20.csv,130,NQM20.csv,1.0,8521.0,8521.0,8512.5,8521.0,-8.5
43943,4,30,8526.5,7,2020-04-22,2020-04-22 04:30:00,2020-04-22 04:30:00,NQM20.csv,256,NQM20.csv,-2.0,8527.5,8527.5,17053.0,17055.0,2.0
43943,5,0,8548.5,1,2020-04-22,2020-04-22 05:00:00,2020-04-22 05:00:00,NQM20.csv,273,NQM20.csv,-6.0,8555.0,8555.0,51291.0,51330.0,39.0
43943,5,30,8560.5,6,2020-04-22,2020-04-22 05:30:00,2020-04-22 05:30:00,NQM20.csv,113,NQM20.csv,5.0,8544.5,8544.5,42802.5,42722.5,80.0
43943,6,0,8548.0,-2,2020-04-22,2020-04-22 06:00:00,2020-04-22 06:00:00,NQM20.csv,153,NQM20.csv,-8.0,8541.5,8541.5,68384.0,68332.0,-52.0
43943,6,15,8532.5,3,2020-04-22,2020-04-22 06:15:00,2020-04-22 06:15:00,NQM20.csv,125,NQM20.csv,5.0,8524.25,8524.25,42662.5,42621.25,41.25
43943,6,45,8515.75,-2,2020-04-22,2020-04-22 06:45:00,2020-04-22 06:45:00,NQM20.csv,142,NQM20.csv,-5.0,8522.5,8522.5,42578.75,42612.5,33.75
43943,7,0,8526.5,-6,2020-04-22,2020-04-22 07:00:00,2020-04-22 07:00:00,NQM20.csv,125,NQM20.csv,-4.0,8527.5,8527.5,34106.0,34110.0,4.0
43943,7,30,8522.75,7,2020-04-22,2020-04-22 07:30:00,2020-04-22 07:30:00,NQM20.csv,179,NQM20.csv,13.0,8529.25,8529.25,110795.75,110880.25,-84.5
43943,8,0,8537.5,6,2020-04-22,2020-04-22 08:00:00,2020-04-22 08:00:00,NQM20.csv,266,NQM20.csv,-1.0,8532.0,8532.0,8537.5,8532.0,-5.5
43943,9,15,8573.25,-1,2020-04-22,2020-04-22 09:15:00,2020-04-22 09:15:00,NQM20.csv,262,NQM20.csv,-7.0,8570.5,8570.5,60012.75,59993.5,-19.25
43943,10,0,8573.0,3,2020-04-22,2020-04-22 10:00:00,2020-04-22 10:00:00,NQM20.csv,1253,NQM20.csv,4.0,8562.0,8562.0,34292.0,34248.0,44.0
43943,10,15,8550.5,10,2020-04-22,2020-04-22 10:15:00,2020-04-22 10:15:00,NQM20.csv,964,NQM20.csv,7.0,8558.75,8558.75,59853.5,59911.25,-57.75
43943,10,30,8574.5,8,2020-04-22,2020-04-22 10:30:00,2020-04-22 10:30:00,NQM20.csv,879,NQM20.csv,-2.0,8584.0,8584.0,17149.0,17168.0,19.0
43943,12,0,8596.25,7,2020-04-22,2020-04-22 12:00:00,2020-04-22 12:00:00,NQM20.csv,535,NQM20.csv,-1.0,8604.75,8604.75,8596.25,8604.75,8.5
43943,12,30,8600.5,9,2020-04-22,2020-04-22 12:30:00,2020-04-22 12:30:00,NQM20.csv,516,NQM20.csv,2.0,8603.25,8603.25,17201.0,17206.5,-5.5
43943,12,45,8615.25,4,2020-04-22,2020-04-22 12:45:00,2020-04-22 12:45:00,NQM20.csv,174,NQM20.csv,-5.0,8613.25,8613.25,43076.25,43066.25,-10.0
43943,13,15,8612.75,9,2020-04-22,2020-04-22 13:15:00,2020-04-22 13:15:00,NQM20.csv,203,NQM20.csv,5.0,8615.75,8615.75,43063.75,43078.75,-15.0
43943,13,45,8640.75,4,2020-04-22,2020-04-22 13:45:00,2020-04-22 13:45:00,NQM20.csv,348,NQM20.csv,-5.0,8640.5,8640.5,43203.75,43202.5,-1.25
43943,14,0,8650.25,3,2020-04-22,2020-04-22 14:00:00,2020-04-22 14:00:00,NQM20.csv,654,NQM20.csv,-1.0,8650.0,8650.0,8650.25,8650.0,-0.25
43943,14,15,8645.5,8,2020-04-22,2020-04-22 14:15:00,2020-04-22 14:15:00,NQM20.csv,399,NQM20.csv,5.0,8640.5,8640.5,43227.5,43202.5,25.0
43943,14,30,8654.25,7,2020-04-22,2020-04-22 14:30:00,2020-04-22 14:30:00,NQM20.csv,426,NQM20.csv,-1.0,8665.75,8665.75,8654.25,8665.75,11.5
43943,15,0,8676.5,6,2020-04-22,2020-04-22 15:00:00,2020-04-22 15:00:00,NQM20.csv,749,NQM20.csv,-1.0,8674.5,8674.5,8676.5,8674.5,-2.0
43943,15,30,8668.25,7,2020-04-22,2020-04-22 15:30:00,2020-04-22 15:30:00,NQM20.csv,672,NQM20.csv,1.0,8669.25,8669.25,8668.25,8669.25,-1.0
43943,16,0,8643.0,6,2020-04-22,2020-04-22 16:00:00,2020-04-22 16:00:00,NQM20.csv,1772,NQM20.csv,-1.0,8638.5,8638.5,8643.0,8638.5,-4.5
43944,2,30,8655.75,8,2020-04-23,2020-04-23 02:30:00,2020-04-23 02:30:00,NQM20.csv,470,NQM20.csv,2.0,8669.25,8669.25,17311.5,17338.5,-27.0
43944,3,30,8631.5,11,2020-04-23,2020-04-23 03:30:00,2020-04-23 03:30:00,NQM20.csv,192,NQM20.csv,3.0,8637.0,8637.0,25894.5,25911.0,-16.5
43944,5,30,8642.5,8,2020-04-23,2020-04-23 05:30:00,2020-04-23 05:30:00,NQM20.csv,145,NQM20.csv,-3.0,8645.75,8645.75,25927.5,25937.25,9.75
43944,6,30,8635.75,9,2020-04-23,2020-04-23 06:30:00,2020-04-23 06:30:00,NQM20.csv,173,NQM20.csv,1.0,8625.75,8625.75,8635.75,8625.75,10.0
43944,6,45,8621.25,3,2020-04-23,2020-04-23 06:45:00,2020-04-23 06:45:00,NQM20.csv,56,NQM20.csv,-6.0,8625.0,8625.0,51727.5,51750.0,22.5
43944,7,0,8621.0,2,2020-04-23,2020-04-23 07:00:00,2020-04-23 07:00:00,NQM20.csv,98,NQM20.csv,-1.0,8629.75,8629.75,8621.0,8629.75,8.75
43944,7,15,8639.75,8,2020-04-23,2020-04-23 07:15:00,2020-04-23 07:15:00,NQM20.csv,91,NQM20.csv,6.0,8638.25,8638.25,51838.5,51829.5,9.0
43944,9,15,8685.5,5,2020-04-23,2020-04-23 09:15:00,2020-04-23 09:15:00,NQM20.csv,182,NQM20.csv,-3.0,8688.75,8688.75,26056.5,26066.25,9.75
43944,10,0,8725.25,10,2020-04-23,2020-04-23 10:00:00,2020-04-23 10:00:00,NQM20.csv,1282,NQM20.csv,5.0,8730.75,8730.75,43626.25,43653.75,-27.5
43944,10,15,8729.25,11,2020-04-23,2020-04-23 10:15:00,2020-04-23 10:15:00,NQM20.csv,1349,NQM20.csv,1.0,8727.0,8727.0,8729.25,8727.0,2.25
43944,12,5,8730.5,9,2020-04-23,2020-04-23 12:05:00,2020-04-23 12:05:00,NQM20.csv,358,NQM20.csv,-2.0,8735.25,8735.25,17461.0,17470.5,9.5
43944,12,15,8741.5,11,2020-04-23,2020-04-23 12:15:00,2020-04-23 12:15:00,NQM20.csv,577,NQM20.csv,2.0,8744.5,8744.5,17483.0,17489.0,-6.0
43944,12,30,8761.0,7,2020-04-23,2020-04-23 12:30:00,2020-04-23 12:30:00,NQM20.csv,482,NQM20.csv,-4.0,8760.75,8760.75,35044.0,35043.0,-1.0
43944,12,45,8703.0,8,2020-04-23,2020-04-23 12:45:00,2020-04-23 12:45:00,NQM20.csv,4675,NQM20.csv,1.0,8615.75,8615.75,8703.0,8615.75,87.25
43944,13,15,8729.75,7,2020-04-23,2020-04-23 13:15:00,2020-04-23 13:15:00,NQM20.csv,552,NQM20.csv,-1.0,8728.5,8728.5,8729.75,8728.5,-1.25
43944,14,0,8639.75,6,2020-04-23,2020-04-23 14:00:00,2020-04-23 14:00:00,NQM20.csv,914,NQM20.csv,-1.0,8641.75,8641.75,8639.75,8641.75,2.0
43944,14,30,8672.0,7,2020-04-23,2020-04-23 14:30:00,2020-04-23 14:30:00,NQM20.csv,683,NQM20.csv,1.0,8682.0,8682.0,8672.0,8682.0,-10.0
43944,15,0,8701.75,9,2020-04-23,2020-04-23 15:00:00,2020-04-23 15:00:00,NQM20.csv,843,NQM20.csv,2.0,8693.25,8693.25,17403.5,17386.5,17.0
43944,15,30,8648.5,5,2020-04-23,2020-04-23 15:30:00,2020-04-23 15:30:00,NQM20.csv,1161,NQM20.csv,-4.0,8647.75,8647.75,34594.0,34591.0,-3.0
43944,15,45,8641.5,7,2020-04-23,2020-04-23 15:45:00,2020-04-23 15:45:00,NQM20.csv,640,NQM20.csv,2.0,8655.75,8655.75,17283.0,17311.5,-28.5
43944,16,0,8626.0,8,2020-04-23,2020-04-23 16:00:00,2020-04-23 16:00:00,NQM20.csv,2069,NQM20.csv,1.0,8613.5,8613.5,8626.0,8613.5,12.5
43945,2,30,8532.75,7,2020-04-24,2020-04-24 02:30:00,2020-04-24 02:30:00,NQM20.csv,85,NQM20.csv,-1.0,8532.25,8532.25,8532.75,8532.25,-0.5
43945,4,30,8550.5,6,2020-04-24,2020-04-24 04:30:00,2020-04-24 04:30:00,NQM20.csv,107,NQM20.csv,-1.0,8555.25,8555.25,8550.5,8555.25,4.75
43945,5,45,8616.0,-1,2020-04-24,2020-04-24 05:45:00,2020-04-24 05:45:00,NQM20.csv,35,NQM20.csv,-7.0,8616.0,8616.0,60312.0,60312.0,-0.0
43945,6,0,8621.25,-6,2020-04-24,2020-04-24 06:00:00,2020-04-24 06:00:00,NQM20.csv,174,NQM20.csv,-5.0,8622.25,8622.25,43106.25,43111.25,5.0
43945,6,15,8616.75,1,2020-04-24,2020-04-24 06:15:00,2020-04-24 06:15:00,NQM20.csv,145,NQM20.csv,7.0,8621.75,8621.75,60317.25,60352.25,-35.0
43945,7,30,8658.5,-3,2020-04-24,2020-04-24 07:30:00,2020-04-24 07:30:00,NQM20.csv,99,NQM20.csv,-4.0,8655.25,8655.25,34634.0,34621.0,-13.0
43945,8,0,8633.25,6,2020-04-24,2020-04-24 08:00:00,2020-04-24 08:00:00,NQM20.csv,129,NQM20.csv,9.0,8636.25,8636.25,77699.25,77726.25,-27.0
43945,9,15,8647.5,3,2020-04-24,2020-04-24 09:15:00,2020-04-24 09:15:00,NQM20.csv,173,NQM20.csv,-3.0,8653.75,8653.75,25942.5,25961.25,18.75
43945,10,0,8589.0,4,2020-04-24,2020-04-24 10:00:00,2020-04-24 10:00:00,NQM20.csv,1389,NQM20.csv,1.0,8601.5,8601.5,8589.0,8601.5,-12.5
43945,10,15,8624.25,7,2020-04-24,2020-04-24 10:15:00,2020-04-24 10:15:00,NQM20.csv,1038,NQM20.csv,3.0,8623.25,8623.25,25872.75,25869.75,3.0
43945,10,30,8636.5,11,2020-04-24,2020-04-24 10:30:00,2020-04-24 10:30:00,NQM20.csv,865,NQM20.csv,4.0,8637.25,8637.25,34546.0,34549.0,-3.0
43945,11,0,8636.25,10,2020-04-24,2020-04-24 11:00:00,2020-04-24 11:00:00,NQM20.csv,724,NQM20.csv,-1.0,8640.5,8640.5,8636.25,8640.5,4.25
43945,11,15,8621.5,6,2020-04-24,2020-04-24 11:15:00,2020-04-24 11:15:00,NQM20.csv,982,NQM20.csv,-4.0,8636.0,8636.0,34486.0,34544.0,58.0
43945,11,30,8636.25,5,2020-04-24,2020-04-24 11:30:00,2020-04-24 11:30:00,NQM20.csv,888,NQM20.csv,-1.0,8644.25,8644.25,8636.25,8644.25,8.0
43945,11,45,8636.75,9,2020-04-24,2020-04-24 11:45:00,2020-04-24 11:45:00,NQM20.csv,566,NQM20.csv,4.0,8638.75,8638.75,34547.0,34555.0,-8.0
43945,12,0,8647.5,8,2020-04-24,2020-04-24 12:00:00,2020-04-24 12:00:00,NQM20.csv,359,NQM20.csv,-1.0,8645.25,8645.25,8647.5,8645.25,-2.25
43945,12,15,8659.25,11,2020-04-24,2020-04-24 12:15:00,2020-04-24 12:15:00,NQM20.csv,359,NQM20.csv,3.0,8656.0,8656.0,25977.75,25968.0,9.75
43945,12,30,8677.0,4,2020-04-24,2020-04-24 12:30:00,2020-04-24 12:30:00,NQM20.csv,546,NQM20.csv,-7.0,8677.0,8677.0,60739.0,60739.0,-0.0
43945,12,45,8687.75,1,2020-04-24,2020-04-24 12:45:00,2020-04-24 12:45:00,NQM20.csv,337,NQM20.csv,-3.0,8689.5,8689.5,26063.25,26068.5,5.25
43945,13,0,8683.75,6,2020-04-24,2020-04-24 13:00:00,2020-04-24 13:00:00,NQM20.csv,353,NQM20.csv,5.0,8680.25,8680.25,43418.75,43401.25,17.5
43945,14,0,8718.25,5,2020-04-24,2020-04-24 14:00:00,2020-04-24 14:00:00,NQM20.csv,1195,NQM20.csv,-1.0,8718.5,8718.5,8718.25,8718.5,0.25
43945,15,0,8733.75,9,2020-04-24,2020-04-24 15:00:00,2020-04-24 15:00:00,NQM20.csv,674,NQM20.csv,4.0,8726.75,8726.75,34935.0,34907.0,28.0
43945,15,30,8753.0,11,2020-04-24,2020-04-24 15:30:00,2020-04-24 15:30:00,NQM20.csv,508,NQM20.csv,2.0,8746.5,8746.5,17506.0,17493.0,13.0
43945,16,0,8764.75,6,2020-04-24,2020-04-24 16:00:00,2020-04-24 16:00:00,NQM20.csv,1899,NQM20.csv,-5.0,8776.75,8776.75,43823.75,43883.75,60.0
43945,16,15,8767.5,0,2020-04-24,2020-04-24 16:15:00,2020-04-24 16:15:00,NQM20.csv,536,NQM20.csv,-6.0,8770.5,8768.0,52605.0,52608.0,3.0
43948,2,30,8856.5,3,2020-04-27,2020-04-27 02:30:00,2020-04-27 02:30:00,NQM20.csv,94,NQM20.csv,3.0,8855.75,8855.75,26569.5,26567.25,2.25
43948,9,15,8869.25,4,2020-04-27,2020-04-27 09:15:00,2020-04-27 09:15:00,NQM20.csv,184,NQM20.csv,1.0,8868.5,8868.5,8869.25,8868.5,0.75
43948,9,45,8832.0,6,2020-04-27,2020-04-27 09:45:00,2020-04-27 09:45:00,NQM20.csv,1254,NQM20.csv,2.0,8831.25,8831.25,17664.0,17662.5,1.5
43948,10,0,8866.75,9,2020-04-27,2020-04-27 10:00:00,2020-04-27 10:00:00,NQM20.csv,1119,NQM20.csv,3.0,8866.0,8866.0,26600.25,26598.0,2.25
43948,10,15,8866.75,6,2020-04-27,2020-04-27 10:15:00,2020-04-27 10:15:00,NQM20.csv,1055,NQM20.csv,-3.0,8868.25,8868.25,26600.25,26604.75,4.5
43948,10,30,8849.5,11,2020-04-27,2020-04-27 10:30:00,2020-04-27 10:30:00,NQM20.csv,690,NQM20.csv,5.0,8848.0,8848.0,44247.5,44240.0,7.5
43948,11,5,8832.25,10,2020-04-27,2020-04-27 11:05:00,2020-04-27 11:05:00,NQM20.csv,826,NQM20.csv,-1.0,8833.75,8827.25,8832.25,8827.25,-5.0
43948,11,30,8856.0,11,2020-04-27,2020-04-27 11:30:00,2020-04-27 11:30:00,NQM20.csv,456,NQM20.csv,1.0,8854.5,8854.5,8856.0,8854.5,1.5
43948,11,50,8855.0,10,2020-04-27,2020-04-27 11:50:00,2020-04-27 11:50:00,NQM20.csv,471,NQM20.csv,-1.0,8856.5,8856.5,8855.0,8856.5,1.5
43948,12,0,8845.0,8,2020-04-27,2020-04-27 12:00:00,2020-04-27 12:00:00,NQM20.csv,1090,NQM20.csv,-2.0,8846.5,8846.5,17690.0,17693.0,3.0
43948,12,15,8825.5,9,2020-04-27,2020-04-27 12:15:00,2020-04-27 12:15:00,NQM20.csv,673,NQM20.csv,1.0,8824.75,8824.75,8825.5,8824.75,0.75
43948,12,30,8830.0,4,2020-04-27,2020-04-27 12:30:00,2020-04-27 12:30:00,NQM20.csv,322,NQM20.csv,-5.0,8831.5,8831.5,44150.0,44157.5,7.5
43948,12,45,8838.75,7,2020-04-27,2020-04-27 12:45:00,2020-04-27 12:45:00,NQM20.csv,709,NQM20.csv,3.0,8837.25,8837.25,26516.25,26511.75,4.5
43948,13,15,8820.25,4,2020-04-27,2020-04-27 13:15:00,2020-04-27 13:15:00,NQM20.csv,663,NQM20.csv,-3.0,8821.75,8821.75,26460.75,26465.25,4.5
43948,13,30,8810.0,7,2020-04-27,2020-04-27 13:30:00,2020-04-27 13:30:00,NQM20.csv,563,NQM20.csv,3.0,8809.25,8809.25,26430.0,26427.75,2.25
43948,14,0,8801.5,1,2020-04-27,2020-04-27 14:00:00,2020-04-27 14:00:00,NQM20.csv,802,NQM20.csv,-6.0,8803.0,8803.0,52809.0,52818.0,9.0
43948,14,15,8816.5,4,2020-04-27,2020-04-27 14:15:00,2020-04-27 14:15:00,NQM20.csv,524,NQM20.csv,3.0,8815.75,8815.75,26449.5,26447.25,2.25
43948,14,45,8825.25,1,2020-04-27,2020-04-27 14:45:00,2020-04-27 14:45:00,NQM20.csv,335,NQM20.csv,-3.0,8827.0,8827.0,26475.75,26481.0,5.25
43948,15,30,8825.75,3,2020-04-27,2020-04-27 15:30:00,2020-04-27 15:30:00,NQM20.csv,700,NQM20.csv,2.0,8824.25,8824.25,17651.5,17648.5,3.0
43948,15,45,8847.25,6,2020-04-27,2020-04-27 15:45:00,2020-04-27 15:45:00,NQM20.csv,884,NQM20.csv,3.0,8845.75,8845.75,26541.75,26537.25,4.5
43948,16,0,8821.75,3,2020-04-27,2020-04-27 16:00:00,2020-04-27 16:00:00,NQM20.csv,1152,NQM20.csv,-3.0,8823.25,8823.25,26465.25,26469.75,4.5
43949,2,30,8827.25,7,2020-04-28,2020-04-28 02:30:00,2020-04-28 02:30:00,NQM20.csv,98,NQM20.csv,4.0,8822.0,8822.0,35309.0,35288.0,21.0
43949,7,30,8929.5,0,2020-04-28,2020-04-28 07:30:00,2020-04-28 07:30:00,NQM20.csv,173,NQM20.csv,-7.0,8922.5,8922.5,62506.5,62457.5,-49.0
43949,8,0,8929.75,7,2020-04-28,2020-04-28 08:00:00,2020-04-28 08:00:00,NQM20.csv,385,NQM20.csv,7.0,8917.5,8917.5,62508.25,62422.5,85.75
43949,10,0,8829.75,1,2020-04-28,2020-04-28 10:00:00,2020-04-28 10:00:00,NQM20.csv,2431,NQM20.csv,-6.0,8818.25,8818.25,52978.5,52909.5,-69.0
43949,10,30,8777.0,7,2020-04-28,2020-04-28 10:30:00,2020-04-28 10:30:00,NQM20.csv,1417,NQM20.csv,6.0,8780.25,8780.25,52662.0,52681.5,-19.5
43949,11,0,8701.5,6,2020-04-28,2020-04-28 11:00:00,2020-04-28 11:00:00,NQM20.csv,1504,NQM20.csv,-1.0,8718.75,8718.75,8701.5,8718.75,17.25
43949,11,15,8725.75,10,2020-04-28,2020-04-28 11:15:00,2020-04-28 11:15:00,NQM20.csv,548,NQM20.csv,4.0,8703.0,8703.0,34903.0,34812.0,91.0
43949,11,45,8739.25,6,2020-04-28,2020-04-28 11:45:00,2020-04-28 11:45:00,NQM20.csv,701,NQM20.csv,-4.0,8736.5,8736.5,34957.0,34946.0,-11.0
43949,12,15,8716.75,9,2020-04-28,2020-04-28 12:15:00,2020-04-28 12:15:00,NQM20.csv,1940,NQM20.csv,3.0,8674.75,8689.5,26150.25,26068.5,81.75
43949,12,30,8698.75,10,2020-04-28,2020-04-28 12:30:00,2020-04-28 12:30:00,NQM20.csv,866,NQM20.csv,1.0,8702.5,8702.5,8698.75,8702.5,-3.75
43949,12,45,8714.5,7,2020-04-28,2020-04-28 12:45:00,2020-04-28 12:45:00,NQM20.csv,596,NQM20.csv,-3.0,8713.75,8713.75,26143.5,26141.25,-2.25
43949,13,0,8731.0,1,2020-04-28,2020-04-28 13:00:00,2020-04-28 13:00:00,NQM20.csv,546,NQM20.csv,-6.0,8735.75,8735.75,52386.0,52414.5,28.5
43949,13,15,8727.25,5,2020-04-28,2020-04-28 13:15:00,2020-04-28 13:15:00,NQM20.csv,542,NQM20.csv,4.0,8725.75,8725.75,34909.0,34903.0,6.0
43949,13,30,8730.0,11,2020-04-28,2020-04-28 13:30:00,2020-04-28 13:30:00,NQM20.csv,565,NQM20.csv,6.0,8730.75,8730.75,52380.0,52384.5,-4.5
43949,13,45,8746.25,7,2020-04-28,2020-04-28 13:45:00,2020-04-28 13:45:00,NQM20.csv,750,NQM20.csv,-4.0,8745.25,8745.25,34985.0,34981.0,-4.0
43949,14,0,8735.0,2,2020-04-28,2020-04-28 14:00:00,2020-04-28 14:00:00,NQM20.csv,498,NQM20.csv,-5.0,8750.25,8750.25,43675.0,43751.25,76.25
43949,14,30,8753.0,8,2020-04-28,2020-04-28 14:30:00,2020-04-28 14:30:00,NQM20.csv,649,NQM20.csv,6.0,8752.0,8752.0,52518.0,52512.0,6.0
43949,15,0,8722.0,7,2020-04-28,2020-04-28 15:00:00,2020-04-28 15:00:00,NQM20.csv,604,NQM20.csv,-1.0,8728.0,8728.0,8722.0,8728.0,6.0
43950,2,30,8800.0,8,2020-04-29,2020-04-29 02:30:00,2020-04-29 02:30:00,NQM20.csv,228,NQM20.csv,1.0,8807.25,8807.25,8800.0,8807.25,-7.25
43950,3,30,8800.25,11,2020-04-29,2020-04-29 03:30:00,2020-04-29 03:30:00,NQM20.csv,165,NQM20.csv,3.0,8792.75,8792.75,26400.75,26378.25,22.5
43950,5,30,8821.25,8,2020-04-29,2020-04-29 05:30:00,2020-04-29 05:30:00,NQM20.csv,76,NQM20.csv,-3.0,8818.75,8818.75,26463.75,26456.25,-7.5
43950,5,45,8824.0,1,2020-04-29,2020-04-29 05:45:00,2020-04-29 05:45:00,NQM20.csv,99,NQM20.csv,-7.0,8819.5,8819.5,61768.0,61736.5,-31.5
43950,6,0,8815.75,3,2020-04-29,2020-04-29 06:00:00,2020-04-29 06:00:00,NQM20.csv,49,NQM20.csv,2.0,8807.0,8807.0,17631.5,17614.0,17.5
43950,6,15,8800.5,11,2020-04-29,2020-04-29 06:15:00,2020-04-29 06:15:00,NQM20.csv,87,NQM20.csv,8.0,8802.5,8802.5,70404.0,70420.0,-16.0
43950,6,20,8805.75,10,2020-04-29,2020-04-29 06:20:00,2020-04-29 06:20:00,NQM20.csv,45,NQM20.csv,-1.0,8799.75,8799.75,8805.75,8799.75,-6.0
43950,6,30,8797.75,8,2020-04-29,2020-04-29 06:30:00,2020-04-29 06:30:00,NQM20.csv,245,NQM20.csv,-2.0,8797.75,8797.75,17595.5,17595.5,-0.0
43950,6,45,8804.5,1,2020-04-29,2020-04-29 06:45:00,2020-04-29 06:45:00,NQM20.csv,158,NQM20.csv,-7.0,8804.5,8804.5,61631.5,61631.5,-0.0
43950,7,15,8805.75,8,2020-04-29,2020-04-29 07:15:00,2020-04-29 07:15:00,NQM20.csv,179,NQM20.csv,7.0,8800.5,8800.5,61640.25,61603.5,36.75
43950,9,45,8867.0,7,2020-04-29,2020-04-29 09:45:00,2020-04-29 09:45:00,NQM20.csv,1917,NQM20.csv,-1.0,8880.75,8880.75,8867.0,8880.75,13.75
43950,10,0,8894.25,9,2020-04-29,2020-04-29 10:00:00,2020-04-29 10:00:00,NQM20.csv,1124,NQM20.csv,2.0,8875.5,8875.5,17788.5,17751.0,37.5
43950,10,15,8885.5,10,2020-04-29,2020-04-29 10:15:00,2020-04-29 10:15:00,NQM20.csv,1416,NQM20.csv,1.0,8903.75,8903.75,8885.5,8903.75,-18.25
43950,10,30,8930.25,11,2020-04-29,2020-04-29 10:30:00,2020-04-29 10:30:00,NQM20.csv,1367,NQM20.csv,1.0,8929.0,8929.0,8930.25,8929.0,1.25
43950,10,35,8927.25,10,2020-04-29,2020-04-29 10:35:00,2020-04-29 10:35:00,NQM20.csv,987,NQM20.csv,-1.0,8920.75,8920.75,8927.25,8920.75,-6.5
43950,11,0,8920.25,11,2020-04-29,2020-04-29 11:00:00,2020-04-29 11:00:00,NQM20.csv,965,NQM20.csv,1.0,8913.5,8913.5,8920.25,8913.5,6.75
43950,12,0,8917.25,9,2020-04-29,2020-04-29 12:00:00,2020-04-29 12:00:00,NQM20.csv,672,NQM20.csv,-2.0,8929.5,8929.5,17834.5,17859.0,24.5
43950,12,30,8951.25,8,2020-04-29,2020-04-29 12:30:00,2020-04-29 12:30:00,NQM20.csv,655,NQM20.csv,-1.0,8951.0,8951.0,8951.25,8951.0,-0.25
43950,14,0,8959.5,6,2020-04-29,2020-04-29 14:00:00,2020-04-29 14:00:00,NQM20.csv,1558,NQM20.csv,-2.0,8962.25,8962.25,17919.0,17924.5,5.5
43950,14,15,8932.25,7,2020-04-29,2020-04-29 14:15:00,2020-04-29 14:15:00,NQM20.csv,1378,NQM20.csv,1.0,8935.25,8935.25,8932.25,8935.25,-3.0
43950,14,30,8953.5,8,2020-04-29,2020-04-29 14:30:00,2020-04-29 14:30:00,NQM20.csv,660,NQM20.csv,1.0,8954.25,8954.25,8953.5,8954.25,-0.75
43950,14,45,8968.5,7,2020-04-29,2020-04-29 14:45:00,2020-04-29 14:45:00,NQM20.csv,427,NQM20.csv,-1.0,8970.75,8970.75,8968.5,8970.75,2.25
43950,15,0,8979.5,8,2020-04-29,2020-04-29 15:00:00,2020-04-29 15:00:00,NQM20.csv,492,NQM20.csv,1.0,8979.0,8979.0,8979.5,8979.0,0.5
43950,15,30,9006.5,3,2020-04-29,2020-04-29 15:30:00,2020-04-29 15:30:00,NQM20.csv,1032,NQM20.csv,-5.0,8997.25,8997.25,45032.5,44986.25,-46.25
43950,16,0,8963.5,8,2020-04-29,2020-04-29 16:00:00,2020-04-29 16:00:00,NQM20.csv,1303,NQM20.csv,5.0,8997.25,8997.25,44817.5,44986.25,-168.75
43951,2,30,9098.5,6,2020-04-30,2020-04-30 02:30:00,2020-04-30 02:30:00,NQM20.csv,69,NQM20.csv,-2.0,9098.25,9098.25,18197.0,18196.5,-0.5
43951,4,30,9074.25,2,2020-04-30,2020-04-30 04:30:00,2020-04-30 04:30:00,NQM20.csv,188,NQM20.csv,-4.0,9086.5,9086.5,36297.0,36346.0,49.0
43951,5,0,9071.5,6,2020-04-30,2020-04-30 05:00:00,2020-04-30 05:00:00,NQM20.csv,186,NQM20.csv,4.0,9073.5,9073.5,36286.0,36294.0,-8.0
43951,5,30,9086.5,2,2020-04-30,2020-04-30 05:30:00,2020-04-30 05:30:00,NQM20.csv,120,NQM20.csv,-4.0,9082.75,9082.75,36346.0,36331.0,-15.0
43951,6,0,9095.25,-1,2020-04-30,2020-04-30 06:00:00,2020-04-30 06:00:00,NQM20.csv,381,NQM20.csv,-3.0,9100.75,9100.75,27285.75,27302.25,16.5
43951,6,30,9074.5,4,2020-04-30,2020-04-30 06:30:00,2020-04-30 06:30:00,NQM20.csv,209,NQM20.csv,5.0,9067.75,9067.75,45372.5,45338.75,33.75
43951,6,45,9064.25,-1,2020-04-30,2020-04-30 06:45:00,2020-04-30 06:45:00,NQM20.csv,341,NQM20.csv,-5.0,9063.75,9063.75,45321.25,45318.75,-2.5
43951,7,0,9055.75,0,2020-04-30,2020-04-30 07:00:00,2020-04-30 07:00:00,NQM20.csv,375,NQM20.csv,1.0,9059.75,9059.75,9055.75,9059.75,-4.0
43951,7,15,9050.5,5,2020-04-30,2020-04-30 07:15:00,2020-04-30 07:15:00,NQM20.csv,281,NQM20.csv,5.0,9059.75,9059.75,45252.5,45298.75,-46.25
43951,7,30,9049.5,-1,2020-04-30,2020-04-30 07:30:00,2020-04-30 07:30:00,NQM20.csv,336,NQM20.csv,-6.0,9059.75,9059.75,54297.0,54358.5,61.5
43951,8,0,9046.5,2,2020-04-30,2020-04-30 08:00:00,2020-04-30 08:00:00,NQM20.csv,547,NQM20.csv,3.0,9041.5,9041.5,27139.5,27124.5,15.0
43951,9,15,9000.0,-1,2020-04-30,2020-04-30 09:15:00,2020-04-30 09:15:00,NQM20.csv,432,NQM20.csv,-3.0,8998.25,8998.25,27000.0,26994.75,-5.25
43951,10,0,8996.5,2,2020-04-30,2020-04-30 10:00:00,2020-04-30 10:00:00,NQM20.csv,1788,NQM20.csv,3.0,8994.75,8994.75,26989.5,26984.25,5.25
43951,10,15,8996.75,5,2020-04-30,2020-04-30 10:15:00,2020-04-30 10:15:00,NQM20.csv,937,NQM20.csv,3.0,8987.75,8987.75,26990.25,26963.25,27.0
43951,11,45,8977.0,8,2020-04-30,2020-04-30 11:45:00,2020-04-30 11:45:00,NQM20.csv,656,NQM20.csv,3.0,8967.0,8967.0,26931.0,26901.0,30.0
43951,12,0,8941.0,7,2020-04-30,2020-04-30 12:00:00,2020-04-30 12:00:00,NQM20.csv,1505,NQM20.csv,-1.0,8919.75,8919.75,8941.0,8919.75,-21.25
43951,12,15,8936.75,4,2020-04-30,2020-04-30 12:15:00,2020-04-30 12:15:00,NQM20.csv,641,NQM20.csv,-3.0,8934.5,8934.5,26810.25,26803.5,-6.75
43951,12,30,8919.25,5,2020-04-30,2020-04-30 12:30:00,2020-04-30 12:30:00,NQM20.csv,1093,NQM20.csv,1.0,8907.75,8907.75,8919.25,8907.75,11.5
43951,13,45,8926.0,8,2020-04-30,2020-04-30 13:45:00,2020-04-30 13:45:00,NQM20.csv,559,NQM20.csv,3.0,8918.0,8926.25,26778.0,26778.75,-0.75
43951,14,0,8923.75,6,2020-04-30,2020-04-30 14:00:00,2020-04-30 14:00:00,NQM20.csv,568,NQM20.csv,-2.0,8922.0,8922.0,17847.5,17844.0,-3.5
43951,14,15,8951.0,3,2020-04-30,2020-04-30 14:15:00,2020-04-30 14:15:00,NQM20.csv,350,NQM20.csv,-3.0,8944.75,8944.75,26853.0,26834.25,-18.75
43951,14,30,8938.75,2,2020-04-30,2020-04-30 14:30:00,2020-04-30 14:30:00,NQM20.csv,379,NQM20.csv,-1.0,8947.0,8947.0,8938.75,8947.0,8.25
43951,15,30,8972.25,0,2020-04-30,2020-04-30 15:30:00,2020-04-30 15:30:00,NQM20.csv,764,NQM20.csv,-2.0,8978.75,8978.75,17944.5,17957.5,13.0
43951,15,45,8953.75,1,2020-04-30,2020-04-30 15:45:00,2020-04-30 15:45:00,NQM20.csv,597,NQM20.csv,1.0,8947.25,8947.25,8953.75,8947.25,6.5
43951,16,0,8986.0,2,2020-04-30,2020-04-30 16:00:00,2020-04-30 16:00:00,NQM20.csv,2688,NQM20.csv,1.0,8916.0,8916.0,8986.0,8916.0,70.0
43952,2,30,8774.5,5,2020-05-01,2020-05-01 02:30:00,2020-05-01 02:30:00,NQM20.csv,47,NQM20.csv,3.0,8776.75,8776.75,26323.5,26330.25,-6.75
43952,6,45,8774.25,8,2020-05-01,2020-05-01 06:45:00,2020-05-01 06:45:00,NQM20.csv,44,NQM20.csv,3.0,8773.25,8773.25,26322.75,26319.75,3.0
43952,7,0,8772.25,2,2020-05-01,2020-05-01 07:00:00,2020-05-01 07:00:00,NQM20.csv,146,NQM20.csv,-6.0,8772.75,8772.75,52633.5,52636.5,3.0
43952,7,15,8760.25,-1,2020-05-01,2020-05-01 07:15:00,2020-05-01 07:15:00,NQM20.csv,77,NQM20.csv,-3.0,8759.5,8759.5,26280.75,26278.5,-2.25
43952,7,30,8749.5,11,2020-05-01,2020-05-01 07:30:00,2020-05-01 07:30:00,NQM20.csv,180,NQM20.csv,12.0,8745.75,8745.75,104994.0,104949.0,45.0
43952,7,40,8760.5,9,2020-05-01,2020-05-01 07:40:00,2020-05-01 07:40:00,NQM20.csv,107,NQM20.csv,-2.0,8763.0,8763.0,17521.0,17526.0,5.0
43952,7,45,8770.75,-1,2020-05-01,2020-05-01 07:45:00,2020-05-01 07:45:00,NQM20.csv,160,NQM20.csv,-10.0,8773.5,8773.5,87707.5,87735.0,27.5
43952,8,0,8782.5,-5,2020-05-01,2020-05-01 08:00:00,2020-05-01 08:00:00,NQM20.csv,250,NQM20.csv,-4.0,8774.5,8774.5,35130.0,35098.0,-32.0
43952,8,15,8776.0,5,2020-05-01,2020-05-01 08:15:00,2020-05-01 08:15:00,NQM20.csv,66,NQM20.csv,10.0,8774.0,8774.0,87760.0,87740.0,20.0
43952,9,45,8810.25,3,2020-05-01,2020-05-01 09:45:00,2020-05-01 09:45:00,NQM20.csv,1155,NQM20.csv,-2.0,8815.0,8815.0,17620.5,17630.0,9.5
43952,10,0,8833.75,7,2020-05-01,2020-05-01 10:00:00,2020-05-01 10:00:00,NQM20.csv,2149,NQM20.csv,4.0,8845.5,8845.5,35335.0,35382.0,-47.0
43952,10,15,8849.75,9,2020-05-01,2020-05-01 10:15:00,2020-05-01 10:15:00,NQM20.csv,737,NQM20.csv,2.0,8847.75,8847.75,17699.5,17695.5,4.0
43952,10,30,8829.25,11,2020-05-01,2020-05-01 10:30:00,2020-05-01 10:30:00,NQM20.csv,1124,NQM20.csv,2.0,8823.75,8823.75,17658.5,17647.5,11.0
43952,10,35,8828.25,9,2020-05-01,2020-05-01 10:35:00,2020-05-01 10:35:00,NQM20.csv,1672,NQM20.csv,-2.0,8841.75,8841.75,17656.5,17683.5,27.0
43952,10,45,8828.25,8,2020-05-01,2020-05-01 10:45:00,2020-05-01 10:45:00,NQM20.csv,794,NQM20.csv,-1.0,8829.75,8829.75,8828.25,8829.75,1.5
43952,11,15,8818.75,9,2020-05-01,2020-05-01 11:15:00,2020-05-01 11:15:00,NQM20.csv,692,NQM20.csv,1.0,8808.5,8808.5,8818.75,8808.5,10.25
43952,11,30,8783.5,5,2020-05-01,2020-05-01 11:30:00,2020-05-01 11:30:00,NQM20.csv,1481,NQM20.csv,-4.0,8774.5,8774.5,35134.0,35098.0,-36.0
43952,11,45,8768.0,3,2020-05-01,2020-05-01 11:45:00,2020-05-01 11:45:00,NQM20.csv,1533,NQM20.csv,-2.0,8754.0,8754.0,17536.0,17508.0,-28.0
43952,12,0,8728.0,8,2020-05-01,2020-05-01 12:00:00,2020-05-01 12:00:00,NQM20.csv,2274,NQM20.csv,5.0,8711.25,8711.25,43640.0,43556.25,83.75
43952,12,15,8729.75,10,2020-05-01,2020-05-01 12:15:00,2020-05-01 12:15:00,NQM20.csv,960,NQM20.csv,2.0,8723.0,8723.0,17459.5,17446.0,13.5
43952,12,30,8706.0,9,2020-05-01,2020-05-01 12:30:00,2020-05-01 12:30:00,NQM20.csv,1023,NQM20.csv,-1.0,8706.75,8706.75,8706.0,8706.75,0.75
43952,13,0,8699.5,10,2020-05-01,2020-05-01 13:00:00,2020-05-01 13:00:00,NQM20.csv,515,NQM20.csv,1.0,8702.75,8702.75,8699.5,8702.75,-3.25
43952,13,15,8686.5,11,2020-05-01,2020-05-01 13:15:00,2020-05-01 13:15:00,NQM20.csv,680,NQM20.csv,1.0,8681.75,8681.75,8686.5,8681.75,4.75
43952,13,20,8682.0,9,2020-05-01,2020-05-01 13:20:00,2020-05-01 13:20:00,NQM20.csv,526,NQM20.csv,-2.0,8680.25,8680.25,17364.0,17360.5,-3.5
43952,13,30,8693.0,2,2020-05-01,2020-05-01 13:30:00,2020-05-01 13:30:00,NQM20.csv,476,NQM20.csv,-7.0,8693.25,8693.25,60851.0,60852.75,1.75
43952,13,45,8685.5,3,2020-05-01,2020-05-01 13:45:00,2020-05-01 13:45:00,NQM20.csv,275,NQM20.csv,1.0,8682.5,8682.5,8685.5,8682.5,3.0
43952,14,0,8697.0,6,2020-05-01,2020-05-01 14:00:00,2020-05-01 14:00:00,NQM20.csv,627,NQM20.csv,3.0,8686.0,8686.0,26091.0,26058.0,33.0
43952,15,0,8725.0,8,2020-05-01,2020-05-01 15:00:00,2020-05-01 15:00:00,NQM20.csv,882,NQM20.csv,2.0,8731.75,8731.75,17450.0,17463.5,-13.5
43952,15,45,8713.25,10,2020-05-01,2020-05-01 15:45:00,2020-05-01 15:45:00,NQM20.csv,427,NQM20.csv,2.0,8711.5,8711.5,17426.5,17423.0,3.5
43952,16,0,8716.0,5,2020-05-01,2020-05-01 16:00:00,2020-05-01 16:00:00,NQM20.csv,1576,NQM20.csv,-5.0,8719.0,8719.0,43580.0,43595.0,15.0
43952,16,15,8716.75,0,2020-05-01,2020-05-01 16:15:00,2020-05-01 16:15:00,NQM20.csv,293,NQM20.csv,-5.0,8716.25,8715.75,43583.75,43578.75,-5.0
43955,2,30,8650.75,3,2020-05-04,2020-05-04 02:30:00,2020-05-04 02:30:00,NQM20.csv,98,NQM20.csv,3.0,8650.0,8650.0,25952.25,25950.0,2.25
43955,4,30,8659.5,8,2020-05-04,2020-05-04 04:30:00,2020-05-04 04:30:00,NQM20.csv,115,NQM20.csv,5.0,8658.75,8658.75,43297.5,43293.75,3.75
43955,5,30,8620.0,11,2020-05-04,2020-05-04 05:30:00,2020-05-04 05:30:00,NQM20.csv,159,NQM20.csv,3.0,8619.25,8619.25,25860.0,25857.75,2.25
43955,6,0,8648.5,7,2020-05-04,2020-05-04 06:00:00,2020-05-04 06:00:00,NQM20.csv,208,NQM20.csv,-4.0,8649.5,8649.5,34594.0,34598.0,4.0
43955,6,30,8654.25,11,2020-05-04,2020-05-04 06:30:00,2020-05-04 06:30:00,NQM20.csv,112,NQM20.csv,4.0,8653.5,8653.5,34617.0,34614.0,3.0
43955,7,20,8641.25,9,2020-05-04,2020-05-04 07:20:00,2020-05-04 07:20:00,NQM20.csv,117,NQM20.csv,-2.0,8642.25,8642.25,17282.5,17284.5,2.0
43955,7,30,8645.0,10,2020-05-04,2020-05-04 07:30:00,2020-05-04 07:30:00,NQM20.csv,123,NQM20.csv,1.0,8644.25,8644.25,8645.0,8644.25,0.75
43955,7,45,8660.0,11,2020-05-04,2020-05-04 07:45:00,2020-05-04 07:45:00,NQM20.csv,248,NQM20.csv,1.0,8659.25,8663.0,8660.0,8663.0,-3.0
43955,8,0,8661.0,8,2020-05-04,2020-05-04 08:00:00,2020-05-04 08:00:00,NQM20.csv,341,NQM20.csv,-3.0,8661.75,8661.75,25983.0,25985.25,2.25
43955,9,45,8671.75,5,2020-05-04,2020-05-04 09:45:00,2020-05-04 09:45:00,NQM20.csv,1298,NQM20.csv,-3.0,8673.5,8673.5,26015.25,26020.5,5.25
43955,10,0,8720.25,11,2020-05-04,2020-05-04 10:00:00,2020-05-04 10:00:00,NQM20.csv,2152,NQM20.csv,6.0,8718.75,8718.75,52321.5,52312.5,9.0
43955,10,5,8748.25,9,2020-05-04,2020-05-04 10:05:00,2020-05-04 10:05:00,NQM20.csv,1386,NQM20.csv,-2.0,8750.0,8750.0,17496.5,17500.0,3.5
43955,10,15,8744.5,11,2020-05-04,2020-05-04 10:15:00,2020-05-04 10:15:00,NQM20.csv,751,NQM20.csv,2.0,8743.0,8754.5,17489.0,17509.0,-20.0
43955,10,30,8742.75,5,2020-05-04,2020-05-04 10:30:00,2020-05-04 10:30:00,NQM20.csv,1279,NQM20.csv,-6.0,8744.5,8744.5,52456.5,52467.0,10.5
43955,11,0,8732.75,11,2020-05-04,2020-05-04 11:00:00,2020-05-04 11:00:00,NQM20.csv,910,NQM20.csv,6.0,8731.25,8731.25,52396.5,52387.5,9.0
43955,12,0,8766.5,9,2020-05-04,2020-05-04 12:00:00,2020-05-04 12:00:00,NQM20.csv,435,NQM20.csv,-2.0,8768.25,8768.25,17533.0,17536.5,3.5
43955,12,15,8755.25,11,2020-05-04,2020-05-04 12:15:00,2020-05-04 12:15:00,NQM20.csv,481,NQM20.csv,2.0,8753.75,8753.75,17510.5,17507.5,3.0
43955,12,30,8763.5,8,2020-05-04,2020-05-04 12:30:00,2020-05-04 12:30:00,NQM20.csv,418,NQM20.csv,-3.0,8765.25,8765.25,26290.5,26295.75,5.25
43955,12,45,8734.0,5,2020-05-04,2020-05-04 12:45:00,2020-05-04 12:45:00,NQM20.csv,324,NQM20.csv,-3.0,8735.25,8735.25,26202.0,26205.75,3.75
43955,13,15,8716.0,6,2020-05-04,2020-05-04 13:15:00,2020-05-04 13:15:00,NQM20.csv,325,NQM20.csv,1.0,8715.0,8715.0,8716.0,8715.0,1.0
43955,14,45,8739.25,7,2020-05-04,2020-05-04 14:45:00,2020-05-04 14:45:00,NQM20.csv,530,NQM20.csv,1.0,8737.75,8766.5,8739.25,8766.5,-27.25
43955,15,0,8774.75,4,2020-05-04,2020-05-04 15:00:00,2020-05-04 15:00:00,NQM20.csv,639,NQM20.csv,-3.0,8776.5,8770.5,26324.25,26311.5,-12.75
43955,15,15,8788.0,3,2020-05-04,2020-05-04 15:15:00,2020-05-04 15:15:00,NQM20.csv,402,NQM20.csv,-1.0,8789.75,8789.75,8788.0,8789.75,1.75
43955,15,30,8798.0,1,2020-05-04,2020-05-04 15:30:00,2020-05-04 15:30:00,NQM20.csv,483,NQM20.csv,-2.0,8799.75,8799.75,17596.0,17599.5,3.5
43955,15,45,8806.25,3,2020-05-04,2020-05-04 15:45:00,2020-05-04 15:45:00,NQM20.csv,779,NQM20.csv,2.0,8804.75,8804.75,17612.5,17609.5,3.0
43955,16,0,8816.75,8,2020-05-04,2020-05-04 16:00:00,2020-05-04 16:00:00,NQM20.csv,939,NQM20.csv,5.0,8815.25,8815.25,44083.75,44076.25,7.5
43956,2,30,8860.25,7,2020-05-05,2020-05-05 02:30:00,2020-05-05 02:30:00,NQM20.csv,45,NQM20.csv,-1.0,8853.25,8853.25,8860.25,8853.25,-7.0
43956,6,0,8878.5,3,2020-05-05,2020-05-05 06:00:00,2020-05-05 06:00:00,NQM20.csv,270,NQM20.csv,-4.0,8889.75,8889.75,35514.0,35559.0,45.0
43956,8,0,8907.0,7,2020-05-05,2020-05-05 08:00:00,2020-05-05 08:00:00,NQM20.csv,187,NQM20.csv,4.0,8908.25,8908.25,35628.0,35633.0,-5.0
43956,9,15,8915.25,4,2020-05-05,2020-05-05 09:15:00,2020-05-05 09:15:00,NQM20.csv,164,NQM20.csv,-3.0,8906.25,8906.25,26745.75,26718.75,-27.0
43956,10,0,8959.75,11,2020-05-05,2020-05-05 10:00:00,2020-05-05 10:00:00,NQM20.csv,1755,NQM20.csv,7.0,8964.25,8964.25,62718.25,62749.75,-31.5
43956,10,30,8945.0,9,2020-05-05,2020-05-05 10:30:00,2020-05-05 10:30:00,NQM20.csv,681,NQM20.csv,-2.0,8954.75,8954.75,17890.0,17909.5,19.5
43956,10,35,8957.75,11,2020-05-05,2020-05-05 10:35:00,2020-05-05 10:35:00,NQM20.csv,708,NQM20.csv,2.0,8949.0,8949.0,17915.5,17898.0,17.5
43956,12,30,8977.0,9,2020-05-05,2020-05-05 12:30:00,2020-05-05 12:30:00,NQM20.csv,451,NQM20.csv,-2.0,8982.0,8982.0,17954.0,17964.0,10.0
43956,12,45,8971.0,11,2020-05-05,2020-05-05 12:45:00,2020-05-05 12:45:00,NQM20.csv,432,NQM20.csv,2.0,8973.5,8973.5,17942.0,17947.0,-5.0
43956,12,50,8976.0,9,2020-05-05,2020-05-05 12:50:00,2020-05-05 12:50:00,NQM20.csv,419,NQM20.csv,-2.0,8982.75,8982.75,17952.0,17965.5,13.5
43956,14,0,8996.0,5,2020-05-05,2020-05-05 14:00:00,2020-05-05 14:00:00,NQM20.csv,604,NQM20.csv,-4.0,8996.25,8996.25,35984.0,35985.0,1.0
43956,14,30,9015.75,8,2020-05-05,2020-05-05 14:30:00,2020-05-05 14:30:00,NQM20.csv,420,NQM20.csv,3.0,9005.75,9005.75,27047.25,27017.25,30.0
43956,15,30,8945.5,3,2020-05-05,2020-05-05 15:30:00,2020-05-05 15:30:00,NQM20.csv,1864,NQM20.csv,-5.0,8936.0,8936.0,44727.5,44680.0,-47.5
43956,16,0,8913.75,7,2020-05-05,2020-05-05 16:00:00,2020-05-05 16:00:00,NQM20.csv,1238,NQM20.csv,4.0,8916.75,8916.75,35655.0,35667.0,-12.0
43957,2,30,8992.0,5,2020-05-06,2020-05-06 02:30:00,2020-05-06 02:30:00,NQM20.csv,98,NQM20.csv,-2.0,8994.5,8994.5,17984.0,17989.0,5.0
43957,3,30,8988.25,9,2020-05-06,2020-05-06 03:30:00,2020-05-06 03:30:00,NQM20.csv,94,NQM20.csv,4.0,8977.25,8977.25,35953.0,35909.0,44.0
43957,5,30,8991.25,5,2020-05-06,2020-05-06 05:30:00,2020-05-06 05:30:00,NQM20.csv,68,NQM20.csv,-4.0,8999.5,8995.75,35965.0,35983.0,18.0
43957,9,15,8989.5,-1,2020-05-06,2020-05-06 09:15:00,2020-05-06 09:15:00,NQM20.csv,112,NQM20.csv,-6.0,8988.0,8988.0,53937.0,53928.0,-9.0
43957,9,45,9010.0,0,2020-05-06,2020-05-06 09:45:00,2020-05-06 09:45:00,NQM20.csv,1331,NQM20.csv,1.0,9014.0,9014.0,9010.0,9014.0,-4.0
43957,10,0,8986.0,3,2020-05-06,2020-05-06 10:00:00,2020-05-06 10:00:00,NQM20.csv,1004,NQM20.csv,3.0,8986.5,8986.5,26958.0,26959.5,-1.5
43957,10,15,8956.25,8,2020-05-06,2020-05-06 10:15:00,2020-05-06 10:15:00,NQM20.csv,1265,NQM20.csv,5.0,8965.5,8965.5,44781.25,44827.5,-46.25
43957,10,30,8992.0,10,2020-05-06,2020-05-06 10:30:00,2020-05-06 10:30:00,NQM20.csv,1117,NQM20.csv,2.0,8999.25,8999.25,17984.0,17998.5,-14.5
43957,11,0,9027.75,8,2020-05-06,2020-05-06 11:00:00,2020-05-06 11:00:00,NQM20.csv,735,NQM20.csv,-2.0,9039.25,9039.25,18055.5,18078.5,23.0
43957,11,30,9015.25,10,2020-05-06,2020-05-06 11:30:00,2020-05-06 11:30:00,NQM20.csv,927,NQM20.csv,2.0,9017.0,9017.0,18030.5,18034.0,-3.5
43957,12,0,9010.75,11,2020-05-06,2020-05-06 12:00:00,2020-05-06 12:00:00,NQM20.csv,397,NQM20.csv,1.0,9005.5,9005.5,9010.75,9005.5,5.25
43957,12,20,9027.0,9,2020-05-06,2020-05-06 12:20:00,2020-05-06 12:20:00,NQM20.csv,649,NQM20.csv,-2.0,9024.5,9024.5,18054.0,18049.0,-5.0
43957,12,30,9021.75,5,2020-05-06,2020-05-06 12:30:00,2020-05-06 12:30:00,NQM20.csv,279,NQM20.csv,-4.0,9027.5,9027.5,36087.0,36110.0,23.0
43957,12,45,9024.25,7,2020-05-06,2020-05-06 12:45:00,2020-05-06 12:45:00,NQM20.csv,496,NQM20.csv,2.0,9033.0,9033.0,18048.5,18066.0,-17.5
43957,14,0,9042.25,6,2020-05-06,2020-05-06 14:00:00,2020-05-06 14:00:00,NQM20.csv,1076,NQM20.csv,-1.0,9029.5,9029.5,9042.25,9029.5,-12.75
43957,14,30,9018.0,7,2020-05-06,2020-05-06 14:30:00,2020-05-06 14:30:00,NQM20.csv,1250,NQM20.csv,1.0,9030.0,9030.0,9018.0,9030.0,-12.0
43957,15,30,9019.25,3,2020-05-06,2020-05-06 15:30:00,2020-05-06 15:30:00,NQM20.csv,1242,NQM20.csv,-4.0,9011.75,9011.75,36077.0,36047.0,-30.0
43957,15,45,8993.5,5,2020-05-06,2020-05-06 15:45:00,2020-05-06 15:45:00,NQM20.csv,939,NQM20.csv,2.0,8981.25,8981.25,17987.0,17962.5,24.5
43958,3,30,9075.0,6,2020-05-07,2020-05-07 03:30:00,2020-05-07 03:30:00,NQM20.csv,158,NQM20.csv,1.0,9071.0,9071.0,9075.0,9071.0,4.0
43958,5,30,9082.0,5,2020-05-07,2020-05-07 05:30:00,2020-05-07 05:30:00,NQM20.csv,319,NQM20.csv,-1.0,9088.25,9088.25,9082.0,9088.25,6.25
43958,6,0,9094.25,0,2020-05-07,2020-05-07 06:00:00,2020-05-07 06:00:00,NQM20.csv,262,NQM20.csv,-5.0,9087.5,9087.5,45471.25,45437.5,-33.75
43958,6,30,9094.0,5,2020-05-07,2020-05-07 06:30:00,2020-05-07 06:30:00,NQM20.csv,66,NQM20.csv,5.0,9088.0,9088.0,45470.0,45440.0,30.0
43958,7,45,9086.0,1,2020-05-07,2020-05-07 07:45:00,2020-05-07 07:45:00,NQM20.csv,159,NQM20.csv,-4.0,9088.25,9088.25,36344.0,36353.0,9.0
43958,8,15,9079.0,5,2020-05-07,2020-05-07 08:15:00,2020-05-07 08:15:00,NQM20.csv,160,NQM20.csv,4.0,9084.0,9084.0,36316.0,36336.0,-20.0
43958,9,15,9084.0,7,2020-05-07,2020-05-07 09:15:00,2020-05-07 09:15:00,NQM20.csv,177,NQM20.csv,2.0,9087.0,9087.0,18168.0,18174.0,-6.0
43958,9,45,9093.0,6,2020-05-07,2020-05-07 09:45:00,2020-05-07 09:45:00,NQM20.csv,1415,NQM20.csv,-1.0,9083.25,9083.25,9093.0,9083.25,-9.75
43958,10,15,9051.75,5,2020-05-07,2020-05-07 10:15:00,2020-05-07 10:15:00,NQM20.csv,1022,NQM20.csv,-1.0,9055.5,9055.5,9051.75,9055.5,3.75
43958,10,30,9069.0,9,2020-05-07,2020-05-07 10:30:00,2020-05-07 10:30:00,NQM20.csv,719,NQM20.csv,4.0,9074.5,9074.5,36276.0,36298.0,-22.0
43958,12,0,9097.25,3,2020-05-07,2020-05-07 12:00:00,2020-05-07 12:00:00,NQM20.csv,713,NQM20.csv,-6.0,9103.5,9103.5,54583.5,54621.0,37.5
43958,12,30,9109.5,4,2020-05-07,2020-05-07 12:30:00,2020-05-07 12:30:00,NQM20.csv,455,NQM20.csv,1.0,9103.5,9103.5,9109.5,9103.5,6.0
43958,14,30,9091.5,6,2020-05-07,2020-05-07 14:30:00,2020-05-07 14:30:00,NQM20.csv,470,NQM20.csv,2.0,9094.0,9094.0,18183.0,18188.0,-5.0
43958,15,30,9087.0,3,2020-05-07,2020-05-07 15:30:00,2020-05-07 15:30:00,NQM20.csv,842,NQM20.csv,-3.0,9081.5,9081.5,27261.0,27244.5,-16.5
43958,15,45,9071.75,5,2020-05-07,2020-05-07 15:45:00,2020-05-07 15:45:00,NQM20.csv,1135,NQM20.csv,2.0,9076.0,9076.0,18143.5,18152.0,-8.5
43959,2,30,9212.5,6,2020-05-08,2020-05-08 02:30:00,2020-05-08 02:30:00,NQM20.csv,336,NQM20.csv,1.0,9208.0,9208.0,9212.5,9208.0,4.5
43959,3,30,9193.25,10,2020-05-08,2020-05-08 03:30:00,2020-05-08 03:30:00,NQM20.csv,454,NQM20.csv,4.0,9185.25,9185.25,36773.0,36741.0,32.0
43959,5,30,9190.25,6,2020-05-08,2020-05-08 05:30:00,2020-05-08 05:30:00,NQM20.csv,35,NQM20.csv,-4.0,9192.25,9192.25,36761.0,36769.0,8.0
43959,6,0,9203.0,-2,2020-05-08,2020-05-08 06:00:00,2020-05-08 06:00:00,NQM20.csv,349,NQM20.csv,-8.0,9199.0,9199.0,73624.0,73592.0,-32.0
43959,8,0,9194.25,6,2020-05-08,2020-05-08 08:00:00,2020-05-08 08:00:00,NQM20.csv,105,NQM20.csv,8.0,9192.0,9192.0,73554.0,73536.0,18.0
43959,10,0,9145.0,5,2020-05-08,2020-05-08 10:00:00,2020-05-08 10:00:00,NQM20.csv,1618,NQM20.csv,-1.0,9156.75,9156.75,9145.0,9156.75,11.75
43959,10,30,9183.0,10,2020-05-08,2020-05-08 10:30:00,2020-05-08 10:30:00,NQM20.csv,910,NQM20.csv,5.0,9182.75,9182.75,45915.0,45913.75,1.25
43959,11,0,9172.75,9,2020-05-08,2020-05-08 11:00:00,2020-05-08 11:00:00,NQM20.csv,714,NQM20.csv,-1.0,9175.25,9175.25,9172.75,9175.25,2.5
43959,11,30,9177.75,10,2020-05-08,2020-05-08 11:30:00,2020-05-08 11:30:00,NQM20.csv,553,NQM20.csv,1.0,9180.0,9180.0,9177.75,9180.0,-2.25
43959,12,0,9204.0,11,2020-05-08,2020-05-08 12:00:00,2020-05-08 12:00:00,NQM20.csv,378,NQM20.csv,1.0,9200.25,9200.25,9204.0,9200.25,3.75
43959,12,5,9202.0,9,2020-05-08,2020-05-08 12:05:00,2020-05-08 12:05:00,NQM20.csv,600,NQM20.csv,-2.0,9205.25,9205.25,18404.0,18410.5,6.5
43959,12,30,9203.5,4,2020-05-08,2020-05-08 12:30:00,2020-05-08 12:30:00,NQM20.csv,403,NQM20.csv,-5.0,9207.0,9207.0,46017.5,46035.0,17.5
43959,13,45,9171.75,7,2020-05-08,2020-05-08 13:45:00,2020-05-08 13:45:00,NQM20.csv,504,NQM20.csv,3.0,9170.25,9170.25,27515.25,27510.75,4.5
43959,14,0,9167.75,8,2020-05-08,2020-05-08 14:00:00,2020-05-08 14:00:00,NQM20.csv,377,NQM20.csv,1.0,9168.25,9168.25,9167.75,9168.25,-0.5
43959,14,15,9175.0,5,2020-05-08,2020-05-08 14:15:00,2020-05-08 14:15:00,NQM20.csv,606,NQM20.csv,-3.0,9175.5,9175.5,27525.0,27526.5,1.5
43959,14,30,9178.25,9,2020-05-08,2020-05-08 14:30:00,2020-05-08 14:30:00,NQM20.csv,343,NQM20.csv,4.0,9177.5,9177.5,36713.0,36710.0,3.0
43959,15,45,9209.25,8,2020-05-08,2020-05-08 15:45:00,2020-05-08 15:45:00,NQM20.csv,748,NQM20.csv,-1.0,9207.0,9207.0,9209.25,9207.0,-2.25
43959,16,0,9209.25,6,2020-05-08,2020-05-08 16:00:00,2020-05-08 16:00:00,NQM20.csv,1161,NQM20.csv,-2.0,9218.0,9218.0,18418.5,18436.0,17.5
43959,16,15,9219.25,0,2020-05-08,2020-05-08 16:15:00,2020-05-08 16:15:00,NQM20.csv,393,NQM20.csv,-6.0,9219.25,9218.0,55315.5,55308.0,-7.5
43962,2,30,9245.25,-3,2020-05-11,2020-05-11 02:30:00,2020-05-11 02:30:00,NQM20.csv,96,NQM20.csv,-3.0,9246.25,9246.25,27735.75,27738.75,3.0
43962,4,30,9238.75,4,2020-05-11,2020-05-11 04:30:00,2020-05-11 04:30:00,NQM20.csv,337,NQM20.csv,7.0,9238.0,9238.0,64671.25,64666.0,5.25
43962,7,45,9160.5,-1,2020-05-11,2020-05-11 07:45:00,2020-05-11 07:45:00,NQM20.csv,764,NQM20.csv,-5.0,9161.25,9161.25,45802.5,45806.25,3.75
43962,8,0,9149.75,7,2020-05-11,2020-05-11 08:00:00,2020-05-11 08:00:00,NQM20.csv,642,NQM20.csv,8.0,9149.0,9149.0,73198.0,73192.0,6.0
43962,8,15,9146.5,11,2020-05-11,2020-05-11 08:15:00,2020-05-11 08:15:00,NQM20.csv,290,NQM20.csv,4.0,9145.75,9145.75,36586.0,36583.0,3.0
43962,8,30,9132.25,4,2020-05-11,2020-05-11 08:30:00,2020-05-11 08:30:00,NQM20.csv,367,NQM20.csv,-7.0,9133.25,9133.25,63925.75,63932.75,7.0
43962,9,45,9203.5,5,2020-05-11,2020-05-11 09:45:00,2020-05-11 09:45:00,NQM20.csv,1259,NQM20.csv,1.0,9202.0,9210.25,9203.5,9210.25,-6.75
43962,10,15,9230.25,4,2020-05-11,2020-05-11 10:15:00,2020-05-11 10:15:00,NQM20.csv,1243,NQM20.csv,-1.0,9232.0,9232.0,9230.25,9232.0,1.75
43962,10,30,9235.0,6,2020-05-11,2020-05-11 10:30:00,2020-05-11 10:30:00,NQM20.csv,772,NQM20.csv,2.0,9233.75,9233.75,18470.0,18467.5,2.5
43962,11,30,9260.75,8,2020-05-11,2020-05-11 11:30:00,2020-05-11 11:30:00,NQM20.csv,489,NQM20.csv,2.0,9259.5,9259.5,18521.5,18519.0,2.5
43962,12,0,9263.75,11,2020-05-11,2020-05-11 12:00:00,2020-05-11 12:00:00,NQM20.csv,1039,NQM20.csv,3.0,9262.25,9262.25,27791.25,27786.75,4.5
43962,12,5,9261.75,10,2020-05-11,2020-05-11 12:05:00,2020-05-11 12:05:00,NQM20.csv,459,NQM20.csv,-1.0,9262.75,9262.75,9261.75,9262.75,1.0
43962,12,30,9278.25,8,2020-05-11,2020-05-11 12:30:00,2020-05-11 12:30:00,NQM20.csv,422,NQM20.csv,-2.0,9279.25,9279.25,18556.5,18558.5,2.0
43962,15,0,9322.25,9,2020-05-11,2020-05-11 15:00:00,2020-05-11 15:00:00,NQM20.csv,874,NQM20.csv,1.0,9321.0,9331.25,9322.25,9331.25,-9.0
43962,15,30,9312.0,3,2020-05-11,2020-05-11 15:30:00,2020-05-11 15:30:00,NQM20.csv,759,NQM20.csv,-6.0,9313.25,9313.25,55872.0,55879.5,7.5
43962,16,0,9288.5,4,2020-05-11,2020-05-11 16:00:00,2020-05-11 16:00:00,NQM20.csv,1590,NQM20.csv,1.0,9287.75,9287.75,9288.5,9287.75,0.75
43963,2,30,9237.5,9,2020-05-12,2020-05-12 02:30:00,2020-05-12 02:30:00,NQM20.csv,104,NQM20.csv,5.0,9236.75,9236.75,46187.5,46183.75,3.75
43963,4,30,9276.25,8,2020-05-12,2020-05-12 04:30:00,2020-05-12 04:30:00,NQM20.csv,195,NQM20.csv,-1.0,9277.5,9277.5,9276.25,9277.5,1.25
43963,5,45,9254.75,7,2020-05-12,2020-05-12 05:45:00,2020-05-12 05:45:00,NQM20.csv,142,NQM20.csv,-1.0,9262.75,9262.75,9254.75,9262.75,8.0
43963,6,0,9278.25,3,2020-05-12,2020-05-12 06:00:00,2020-05-12 06:00:00,NQM20.csv,188,NQM20.csv,-4.0,9281.25,9281.25,37113.0,37125.0,12.0
43963,6,15,9275.25,4,2020-05-12,2020-05-12 06:15:00,2020-05-12 06:15:00,NQM20.csv,166,NQM20.csv,1.0,9283.75,9283.75,9275.25,9283.75,-8.5
43963,6,45,9295.25,0,2020-05-12,2020-05-12 06:45:00,2020-05-12 06:45:00,NQM20.csv,73,NQM20.csv,-4.0,9294.0,9294.0,37181.0,37176.0,-5.0
43963,7,15,9306.25,4,2020-05-12,2020-05-12 07:15:00,2020-05-12 07:15:00,NQM20.csv,145,NQM20.csv,4.0,9312.75,9312.75,37225.0,37251.0,-26.0
43963,7,45,9309.5,-1,2020-05-12,2020-05-12 07:45:00,2020-05-12 07:45:00,NQM20.csv,173,NQM20.csv,-5.0,9318.75,9318.75,46547.5,46593.75,46.25
43963,8,0,9317.5,3,2020-05-12,2020-05-12 08:00:00,2020-05-12 08:00:00,NQM20.csv,260,NQM20.csv,4.0,9311.0,9311.0,37270.0,37244.0,26.0
43963,8,15,9313.75,8,2020-05-12,2020-05-12 08:15:00,2020-05-12 08:15:00,NQM20.csv,186,NQM20.csv,5.0,9310.0,9310.0,46568.75,46550.0,18.75
43963,10,15,9275.25,9,2020-05-12,2020-05-12 10:15:00,2020-05-12 10:15:00,NQM20.csv,1992,NQM20.csv,1.0,9286.25,9286.25,9275.25,9286.25,-11.0
43963,10,30,9281.25,11,2020-05-12,2020-05-12 10:30:00,2020-05-12 10:30:00,NQM20.csv,1160,NQM20.csv,2.0,9289.75,9289.75,18562.5,18579.5,-17.0
43963,10,35,9296.25,9,2020-05-12,2020-05-12 10:35:00,2020-05-12 10:35:00,NQM20.csv,1083,NQM20.csv,-2.0,9306.75,9306.75,18592.5,18613.5,21.0
43963,10,45,9304.25,8,2020-05-12,2020-05-12 10:45:00,2020-05-12 10:45:00,NQM20.csv,951,NQM20.csv,-1.0,9293.5,9293.5,9304.25,9293.5,-10.75
43963,11,45,9306.5,10,2020-05-12,2020-05-12 11:45:00,2020-05-12 11:45:00,NQM20.csv,918,NQM20.csv,2.0,9292.25,9292.25,18613.0,18584.5,28.5
43963,12,0,9312.5,11,2020-05-12,2020-05-12 12:00:00,2020-05-12 12:00:00,NQM20.csv,678,NQM20.csv,1.0,9312.25,9312.25,9312.5,9312.25,0.25
43963,12,10,9312.5,10,2020-05-12,2020-05-12 12:10:00,2020-05-12 12:10:00,NQM20.csv,425,NQM20.csv,-1.0,9306.0,9306.0,9312.5,9306.0,-6.5
43963,12,15,9306.25,8,2020-05-12,2020-05-12 12:15:00,2020-05-12 12:15:00,NQM20.csv,727,NQM20.csv,-2.0,9311.75,9311.75,18612.5,18623.5,11.0
43963,15,30,9213.25,11,2020-05-12,2020-05-12 15:30:00,2020-05-12 15:30:00,NQM20.csv,979,NQM20.csv,3.0,9201.0,9201.0,27639.75,27603.0,36.75
43963,15,35,9205.5,10,2020-05-12,2020-05-12 15:35:00,2020-05-12 15:35:00,NQM20.csv,1289,NQM20.csv,-1.0,9184.0,9184.0,9205.5,9184.0,-21.5
43963,15,45,9157.75,11,2020-05-12,2020-05-12 15:45:00,2020-05-12 15:45:00,NQM20.csv,1851,NQM20.csv,1.0,9148.75,9148.75,9157.75,9148.75,9.0
43963,15,50,9133.25,10,2020-05-12,2020-05-12 15:50:00,2020-05-12 15:50:00,NQM20.csv,3279,NQM20.csv,-1.0,9131.75,9131.75,9133.25,9131.75,-1.5
43963,16,0,9102.0,8,2020-05-12,2020-05-12 16:00:00,2020-05-12 16:00:00,NQM20.csv,2557,NQM20.csv,-2.0,9094.25,9094.25,18204.0,18188.5,-15.5
43964,4,30,9118.0,6,2020-05-13,2020-05-13 04:30:00,2020-05-13 04:30:00,NQM20.csv,166,NQM20.csv,-2.0,9114.5,9114.5,18236.0,18229.0,-7.0
43964,5,0,9093.0,7,2020-05-13,2020-05-13 05:00:00,2020-05-13 05:00:00,NQM20.csv,163,NQM20.csv,1.0,9090.75,9090.75,9093.0,9090.75,2.25
43964,5,30,9109.5,0,2020-05-13,2020-05-13 05:30:00,2020-05-13 05:30:00,NQM20.csv,490,NQM20.csv,-7.0,9103.75,9103.75,63766.5,63726.25,-40.25
43964,6,0,9135.5,2,2020-05-13,2020-05-13 06:00:00,2020-05-13 06:00:00,NQM20.csv,206,NQM20.csv,2.0,9144.75,9144.75,18271.0,18289.5,-18.5
43964,6,45,9141.75,-3,2020-05-13,2020-05-13 06:45:00,2020-05-13 06:45:00,NQM20.csv,222,NQM20.csv,-5.0,9138.0,9138.0,45708.75,45690.0,-18.75
43964,7,15,9141.5,2,2020-05-13,2020-05-13 07:15:00,2020-05-13 07:15:00,NQM20.csv,105,NQM20.csv,5.0,9139.5,9139.5,45707.5,45697.5,10.0
43964,7,30,9148.0,-3,2020-05-13,2020-05-13 07:30:00,2020-05-13 07:30:00,NQM20.csv,122,NQM20.csv,-5.0,9151.75,9151.75,45740.0,45758.75,18.75
43964,8,0,9160.0,6,2020-05-13,2020-05-13 08:00:00,2020-05-13 08:00:00,NQM20.csv,394,NQM20.csv,9.0,9163.5,9163.5,82440.0,82471.5,-31.5
43964,9,15,9115.75,2,2020-05-13,2020-05-13 09:15:00,2020-05-13 09:15:00,NQM20.csv,649,NQM20.csv,-4.0,9123.25,9123.25,36463.0,36493.0,30.0
43964,10,0,9110.0,0,2020-05-13,2020-05-13 10:00:00,2020-05-13 10:00:00,NQM20.csv,1868,NQM20.csv,-2.0,9148.75,9148.75,18220.0,18297.5,77.5
43964,10,15,9154.25,4,2020-05-13,2020-05-13 10:15:00,2020-05-13 10:15:00,NQM20.csv,1160,NQM20.csv,4.0,9152.5,9152.5,36617.0,36610.0,7.0
43964,10,30,9177.75,11,2020-05-13,2020-05-13 10:30:00,2020-05-13 10:30:00,NQM20.csv,2033,NQM20.csv,7.0,9189.0,9189.0,64244.25,64323.0,-78.75
43964,11,0,9116.5,4,2020-05-13,2020-05-13 11:00:00,2020-05-13 11:00:00,NQM20.csv,1673,NQM20.csv,-7.0,9124.0,9106.25,63815.5,63743.75,-71.75
43964,11,15,9134.75,2,2020-05-13,2020-05-13 11:15:00,2020-05-13 11:15:00,NQM20.csv,1030,NQM20.csv,-2.0,9143.75,9097.75,18269.5,18195.5,-74.0
43964,11,30,9080.75,6,2020-05-13,2020-05-13 11:30:00,2020-05-13 11:30:00,NQM20.csv,1244,NQM20.csv,4.0,9078.75,9078.75,36323.0,36315.0,8.0
43964,11,45,9030.5,8,2020-05-13,2020-05-13 11:45:00,2020-05-13 11:45:00,NQM20.csv,1472,NQM20.csv,2.0,9003.5,9003.5,18061.0,18007.0,54.0
43964,12,0,8996.0,4,2020-05-13,2020-05-13 12:00:00,2020-05-13 12:00:00,NQM20.csv,1631,NQM20.csv,-4.0,9005.5,9005.5,35984.0,36022.0,38.0
43964,12,15,8912.0,6,2020-05-13,2020-05-13 12:15:00,2020-05-13 12:15:00,NQM20.csv,2904,NQM20.csv,2.0,8894.5,8894.5,17824.0,17789.0,35.0
43964,12,30,8954.25,1,2020-05-13,2020-05-13 12:30:00,2020-05-13 12:30:00,NQM20.csv,1389,NQM20.csv,-5.0,8933.25,8933.25,44771.25,44666.25,-105.0
43964,12,45,8963.0,-3,2020-05-13,2020-05-13 12:45:00,2020-05-13 12:45:00,NQM20.csv,1193,NQM20.csv,-4.0,8979.25,8979.25,35852.0,35917.0,65.0
43964,13,0,8981.75,2,2020-05-13,2020-05-13 13:00:00,2020-05-13 13:00:00,NQM20.csv,1405,NQM20.csv,5.0,8954.75,8954.75,44908.75,44773.75,135.0
43964,13,15,8948.5,1,2020-05-13,2020-05-13 13:15:00,2020-05-13 13:15:00,NQM20.csv,818,NQM20.csv,-1.0,8966.5,8950.75,8948.5,8950.75,2.25
43964,13,45,8944.5,6,2020-05-13,2020-05-13 13:45:00,2020-05-13 13:45:00,NQM20.csv,568,NQM20.csv,5.0,8941.0,8941.0,44722.5,44705.0,17.5
43964,14,0,8926.5,8,2020-05-13,2020-05-13 14:00:00,2020-05-13 14:00:00,NQM20.csv,767,NQM20.csv,2.0,8919.75,8919.75,17853.0,17839.5,13.5
43964,14,15,8949.75,6,2020-05-13,2020-05-13 14:15:00,2020-05-13 14:15:00,NQM20.csv,1486,NQM20.csv,-2.0,8977.5,8977.5,17899.5,17955.0,55.5
43964,14,30,8940.0,5,2020-05-13,2020-05-13 14:30:00,2020-05-13 14:30:00,NQM20.csv,1238,NQM20.csv,-1.0,8947.25,8947.25,8940.0,8947.25,7.25
43964,15,0,8902.25,0,2020-05-13,2020-05-13 15:00:00,2020-05-13 15:00:00,NQM20.csv,2672,NQM20.csv,-5.0,8962.5,8944.0,44511.25,44720.0,208.75
43964,15,45,8943.25,2,2020-05-13,2020-05-13 15:45:00,2020-05-13 15:45:00,NQM20.csv,1316,NQM20.csv,2.0,8954.25,8954.25,17886.5,17908.5,-22.0
43964,16,0,8987.5,6,2020-05-13,2020-05-13 16:00:00,2020-05-13 16:00:00,NQM20.csv,1902,NQM20.csv,4.0,8998.75,8998.75,35950.0,35995.0,-45.0
43965,2,30,8962.0,5,2020-05-14,2020-05-14 02:30:00,2020-05-14 02:30:00,NQM20.csv,106,NQM20.csv,-1.0,8965.25,8965.25,8962.0,8965.25,3.25
43965,5,30,9021.25,0,2020-05-14,2020-05-14 05:30:00,2020-05-14 05:30:00,NQM20.csv,84,NQM20.csv,-5.0,9021.75,9021.75,45106.25,45108.75,2.5
43965,6,0,9033.0,5,2020-05-14,2020-05-14 06:00:00,2020-05-14 06:00:00,NQM20.csv,876,NQM20.csv,5.0,9027.25,9027.25,45165.0,45136.25,28.75
43965,6,30,9004.0,6,2020-05-14,2020-05-14 06:30:00,2020-05-14 06:30:00,NQM20.csv,263,NQM20.csv,1.0,9006.75,9006.75,9004.0,9006.75,-2.75
43965,7,0,9001.5,0,2020-05-14,2020-05-14 07:00:00,2020-05-14 07:00:00,NQM20.csv,158,NQM20.csv,-6.0,9002.25,9002.25,54009.0,54013.5,4.5
43965,7,30,8957.75,11,2020-05-14,2020-05-14 07:30:00,2020-05-14 07:30:00,NQM20.csv,238,NQM20.csv,11.0,8956.75,8956.75,98535.25,98524.25,11.0
43965,7,35,8959.25,9,2020-05-14,2020-05-14 07:35:00,2020-05-14 07:35:00,NQM20.csv,159,NQM20.csv,-2.0,8963.75,8963.75,17918.5,17927.5,9.0
43965,8,0,8934.5,5,2020-05-14,2020-05-14 08:00:00,2020-05-14 08:00:00,NQM20.csv,549,NQM20.csv,-4.0,8945.5,8928.0,35738.0,35712.0,-26.0
43965,9,15,8934.75,7,2020-05-14,2020-05-14 09:15:00,2020-05-14 09:15:00,NQM20.csv,493,NQM20.csv,2.0,8929.75,8929.75,17869.5,17859.5,10.0
43965,10,0,8873.25,-1,2020-05-14,2020-05-14 10:00:00,2020-05-14 10:00:00,NQM20.csv,1860,NQM20.csv,-8.0,8865.0,8865.0,70986.0,70920.0,-66.0
43965,10,15,8890.25,1,2020-05-14,2020-05-14 10:15:00,2020-05-14 10:15:00,NQM20.csv,1557,NQM20.csv,2.0,8878.75,8878.75,17780.5,17757.5,23.0
43965,10,30,8853.5,4,2020-05-14,2020-05-14 10:30:00,2020-05-14 10:30:00,NQM20.csv,2147,NQM20.csv,3.0,8860.25,8860.25,26560.5,26580.75,-20.25
43965,10,45,8892.0,0,2020-05-14,2020-05-14 10:45:00,2020-05-14 10:45:00,NQM20.csv,1241,NQM20.csv,-4.0,8882.0,8882.0,35568.0,35528.0,-40.0
43965,11,0,8904.5,5,2020-05-14,2020-05-14 11:00:00,2020-05-14 11:00:00,NQM20.csv,1532,NQM20.csv,5.0,8914.5,8914.5,44522.5,44572.5,-50.0
43965,11,30,8927.0,0,2020-05-14,2020-05-14 11:30:00,2020-05-14 11:30:00,NQM20.csv,2078,NQM20.csv,-5.0,8942.5,8942.5,44635.0,44712.5,77.5
43965,11,45,8922.5,-2,2020-05-14,2020-05-14 11:45:00,2020-05-14 11:45:00,NQM20.csv,1019,NQM20.csv,-2.0,8922.25,8922.25,17845.0,17844.5,-0.5
43965,12,0,8903.75,-4,2020-05-14,2020-05-14 12:00:00,2020-05-14 12:00:00,NQM20.csv,2514,NQM20.csv,-2.0,8907.0,8907.0,17807.5,17814.0,6.5
43965,12,15,8904.5,3,2020-05-14,2020-05-14 12:15:00,2020-05-14 12:15:00,NQM20.csv,3489,NQM20.csv,7.0,8903.25,8903.25,62331.5,62322.75,8.75
43965,12,30,8931.25,5,2020-05-14,2020-05-14 12:30:00,2020-05-14 12:30:00,NQM20.csv,777,NQM20.csv,2.0,8933.25,8933.25,17862.5,17866.5,-4.0
43965,12,45,8931.75,0,2020-05-14,2020-05-14 12:45:00,2020-05-14 12:45:00,NQM20.csv,778,NQM20.csv,-5.0,8927.75,8927.75,44658.75,44638.75,-20.0
43965,13,45,8980.75,4,2020-05-14,2020-05-14 13:45:00,2020-05-14 13:45:00,NQM20.csv,396,NQM20.csv,4.0,8981.25,8981.25,35923.0,35925.0,-2.0
43965,14,0,8970.75,9,2020-05-14,2020-05-14 14:00:00,2020-05-14 14:00:00,NQM20.csv,606,NQM20.csv,5.0,8956.75,8956.75,44853.75,44783.75,70.0
43965,14,15,8974.0,5,2020-05-14,2020-05-14 14:15:00,2020-05-14 14:15:00,NQM20.csv,1839,NQM20.csv,-4.0,8970.75,8970.75,35896.0,35883.0,-13.0
43965,14,30,8987.25,1,2020-05-14,2020-05-14 14:30:00,2020-05-14 14:30:00,NQM20.csv,488,NQM20.csv,-4.0,8982.25,8982.25,35949.0,35929.0,-20.0
43965,15,0,8985.5,6,2020-05-14,2020-05-14 15:00:00,2020-05-14 15:00:00,NQM20.csv,2018,NQM20.csv,5.0,8989.0,8989.0,44927.5,44945.0,-17.5
43965,15,30,9038.0,3,2020-05-14,2020-05-14 15:30:00,2020-05-14 15:30:00,NQM20.csv,1345,NQM20.csv,-3.0,9037.0,9037.0,27114.0,27111.0,-3.0
43965,16,0,9086.5,5,2020-05-14,2020-05-14 16:00:00,2020-05-14 16:00:00,NQM20.csv,1628,NQM20.csv,2.0,9087.5,9087.5,18173.0,18175.0,-2.0
43966,2,30,9097.0,1,2020-05-15,2020-05-15 02:30:00,2020-05-15 02:30:00,NQM20.csv,106,NQM20.csv,-4.0,9090.75,9090.75,36388.0,36363.0,-25.0
43966,3,30,9119.75,6,2020-05-15,2020-05-15 03:30:00,2020-05-15 03:30:00,NQM20.csv,210,NQM20.csv,5.0,9116.25,9116.25,45598.75,45581.25,17.5
43966,6,0,9110.75,1,2020-05-15,2020-05-15 06:00:00,2020-05-15 06:00:00,NQM20.csv,584,NQM20.csv,-5.0,9102.5,9102.5,45553.75,45512.5,-41.25
43966,6,45,9068.75,-3,2020-05-15,2020-05-15 06:45:00,2020-05-15 06:45:00,NQM20.csv,138,NQM20.csv,-4.0,9068.0,9068.0,36275.0,36272.0,-3.0
43966,7,0,9037.0,5,2020-05-15,2020-05-15 07:00:00,2020-05-15 07:00:00,NQM20.csv,441,NQM20.csv,8.0,9030.75,9030.75,72296.0,72246.0,50.0
43966,7,15,9013.0,9,2020-05-15,2020-05-15 07:15:00,2020-05-15 07:15:00,NQM20.csv,218,NQM20.csv,4.0,9012.25,9012.25,36052.0,36049.0,3.0
43966,7,30,9014.25,1,2020-05-15,2020-05-15 07:30:00,2020-05-15 07:30:00,NQM20.csv,206,NQM20.csv,-8.0,9013.75,9013.75,72114.0,72110.0,-4.0
43966,9,15,8948.25,4,2020-05-15,2020-05-15 09:15:00,2020-05-15 09:15:00,NQM20.csv,760,NQM20.csv,3.0,8949.5,8949.5,26844.75,26848.5,-3.75
43966,9,45,9002.75,1,2020-05-15,2020-05-15 09:45:00,2020-05-15 09:45:00,NQM20.csv,1547,NQM20.csv,-3.0,8992.0,8992.0,27008.25,26976.0,-32.25
43966,10,0,9019.5,4,2020-05-15,2020-05-15 10:00:00,2020-05-15 10:00:00,NQM20.csv,2009,NQM20.csv,3.0,9017.0,9017.0,27058.5,27051.0,7.5
43966,10,30,9018.75,5,2020-05-15,2020-05-15 10:30:00,2020-05-15 10:30:00,NQM20.csv,1134,NQM20.csv,1.0,9017.0,9017.0,9018.75,9017.0,1.75
43966,10,45,9003.75,3,2020-05-15,2020-05-15 10:45:00,2020-05-15 10:45:00,NQM20.csv,1336,NQM20.csv,-2.0,9014.0,9014.0,18007.5,18028.0,20.5
43966,11,15,8982.0,5,2020-05-15,2020-05-15 11:15:00,2020-05-15 11:15:00,NQM20.csv,678,NQM20.csv,2.0,8975.0,8975.0,17964.0,17950.0,14.0
43966,12,0,8993.0,3,2020-05-15,2020-05-15 12:00:00,2020-05-15 12:00:00,NQM20.csv,1184,NQM20.csv,-2.0,9002.75,9002.75,17986.0,18005.5,19.5
43966,12,30,9044.75,7,2020-05-15,2020-05-15 12:30:00,2020-05-15 12:30:00,NQM20.csv,722,NQM20.csv,4.0,9042.25,9042.25,36179.0,36169.0,10.0
43966,13,0,9058.5,2,2020-05-15,2020-05-15 13:00:00,2020-05-15 13:00:00,NQM20.csv,1633,NQM20.csv,-5.0,9070.75,9070.75,45292.5,45353.75,61.25
43966,13,45,9063.75,0,2020-05-15,2020-05-15 13:45:00,2020-05-15 13:45:00,NQM20.csv,528,NQM20.csv,-2.0,9064.5,9064.5,18127.5,18129.0,1.5
43966,14,0,9079.5,5,2020-05-15,2020-05-15 14:00:00,2020-05-15 14:00:00,NQM20.csv,1305,NQM20.csv,5.0,9087.25,9087.25,45397.5,45436.25,-38.75
43966,14,15,9085.25,7,2020-05-15,2020-05-15 14:15:00,2020-05-15 14:15:00,NQM20.csv,415,NQM20.csv,2.0,9086.75,9086.75,18170.5,18173.5,-3.0
43966,14,30,9111.5,2,2020-05-15,2020-05-15 14:30:00,2020-05-15 14:30:00,NQM20.csv,569,NQM20.csv,-5.0,9106.5,9106.5,45557.5,45532.5,-25.0
43966,15,30,9115.25,-2,2020-05-15,2020-05-15 15:30:00,2020-05-15 15:30:00,NQM20.csv,602,NQM20.csv,-4.0,9121.25,9121.25,36461.0,36485.0,24.0
43966,15,45,9106.25,4,2020-05-15,2020-05-15 15:45:00,2020-05-15 15:45:00,NQM20.csv,1055,NQM20.csv,6.0,9107.25,9107.25,54637.5,54643.5,-6.0
43966,16,0,9143.75,1,2020-05-15,2020-05-15 16:00:00,2020-05-15 16:00:00,NQM20.csv,2851,NQM20.csv,-3.0,9139.5,9139.5,27431.25,27418.5,-12.75
43966,16,15,9096.75,0,2020-05-15,2020-05-15 16:15:00,2020-05-15 16:15:00,NQM20.csv,1909,NQM20.csv,-1.0,9102.75,9101.0,9096.75,9101.0,4.25
43969,2,30,9198.0,5,2020-05-18,2020-05-18 02:30:00,2020-05-18 02:30:00,NQM20.csv,456,NQM20.csv,5.0,9197.75,9197.75,45990.0,45988.75,1.25
43969,4,30,9228.5,0,2020-05-18,2020-05-18 04:30:00,2020-05-18 04:30:00,NQM20.csv,204,NQM20.csv,-5.0,9229.25,9229.25,46142.5,46146.25,3.75
43969,5,30,9201.0,3,2020-05-18,2020-05-18 05:30:00,2020-05-18 05:30:00,NQM20.csv,221,NQM20.csv,3.0,9200.25,9200.25,27603.0,27600.75,2.25
43969,6,0,9208.25,-2,2020-05-18,2020-05-18 06:00:00,2020-05-18 06:00:00,NQM20.csv,132,NQM20.csv,-5.0,9209.0,9209.0,46041.25,46045.0,3.75
43969,6,15,9215.0,-7,2020-05-18,2020-05-18 06:15:00,2020-05-18 06:15:00,NQM20.csv,30,NQM20.csv,-5.0,9215.75,9202.75,46075.0,46013.75,-61.25
43969,6,30,9203.5,0,2020-05-18,2020-05-18 06:30:00,2020-05-18 06:30:00,NQM20.csv,107,NQM20.csv,7.0,9202.75,9202.75,64424.5,64419.25,5.25
43969,6,45,9215.5,5,2020-05-18,2020-05-18 06:45:00,2020-05-18 06:45:00,NQM20.csv,127,NQM20.csv,5.0,9214.75,9214.75,46077.5,46073.75,3.75
43969,7,0,9226.0,-11,2020-05-18,2020-05-18 07:00:00,2020-05-18 07:00:00,NQM20.csv,199,NQM20.csv,-16.0,9226.75,9226.75,147616.0,147628.0,12.0
43969,7,30,9225.5,-2,2020-05-18,2020-05-18 07:30:00,2020-05-18 07:30:00,NQM20.csv,712,NQM20.csv,9.0,9225.0,9225.0,83029.5,83025.0,4.5
43969,8,0,9278.0,0,2020-05-18,2020-05-18 08:00:00,2020-05-18 08:00:00,NQM20.csv,844,NQM20.csv,2.0,9277.5,9277.5,18556.0,18555.0,1.0
43969,9,15,9278.5,-4,2020-05-18,2020-05-18 09:15:00,2020-05-18 09:15:00,NQM20.csv,291,NQM20.csv,-4.0,9279.75,9279.75,37114.0,37119.0,5.0
43969,9,45,9283.5,-2,2020-05-18,2020-05-18 09:45:00,2020-05-18 09:45:00,NQM20.csv,2124,NQM20.csv,2.0,9282.25,9282.25,18567.0,18564.5,2.5
43969,10,0,9262.75,2,2020-05-18,2020-05-18 10:00:00,2020-05-18 10:00:00,NQM20.csv,1398,NQM20.csv,4.0,9261.5,9261.5,37051.0,37046.0,5.0
43969,10,15,9265.25,6,2020-05-18,2020-05-18 10:15:00,2020-05-18 10:15:00,NQM20.csv,1082,NQM20.csv,4.0,9264.0,9264.0,37061.0,37056.0,5.0
43969,10,30,9290.5,10,2020-05-18,2020-05-18 10:30:00,2020-05-18 10:30:00,NQM20.csv,799,NQM20.csv,4.0,9289.25,9298.5,37162.0,37194.0,-32.0
43969,10,45,9323.75,8,2020-05-18,2020-05-18 10:45:00,2020-05-18 10:45:00,NQM20.csv,601,NQM20.csv,-2.0,9325.25,9325.25,18647.5,18650.5,3.0
43969,11,0,9331.5,10,2020-05-18,2020-05-18 11:00:00,2020-05-18 11:00:00,NQM20.csv,808,NQM20.csv,2.0,9330.25,9330.25,18663.0,18660.5,2.5
43969,11,30,9328.25,8,2020-05-18,2020-05-18 11:30:00,2020-05-18 11:30:00,NQM20.csv,773,NQM20.csv,-2.0,9329.75,9329.75,18656.5,18659.5,3.0
43969,12,0,9327.25,7,2020-05-18,2020-05-18 12:00:00,2020-05-18 12:00:00,NQM20.csv,569,NQM20.csv,-1.0,9328.75,9328.75,9327.25,9328.75,1.5
43969,12,30,9327.25,3,2020-05-18,2020-05-18 12:30:00,2020-05-18 12:30:00,NQM20.csv,297,NQM20.csv,-4.0,9328.75,9328.75,37309.0,37315.0,6.0
43969,12,45,9312.5,6,2020-05-18,2020-05-18 12:45:00,2020-05-18 12:45:00,NQM20.csv,728,NQM20.csv,3.0,9311.25,9311.25,27937.5,27933.75,3.75
43969,13,15,9339.0,3,2020-05-18,2020-05-18 13:15:00,2020-05-18 13:15:00,NQM20.csv,263,NQM20.csv,-3.0,9340.25,9340.25,28017.0,28020.75,3.75
43969,13,45,9340.25,6,2020-05-18,2020-05-18 13:45:00,2020-05-18 13:45:00,NQM20.csv,230,NQM20.csv,3.0,9339.0,9339.0,28020.75,28017.0,3.75
43969,14,0,9345.0,2,2020-05-18,2020-05-18 14:00:00,2020-05-18 14:00:00,NQM20.csv,363,NQM20.csv,-4.0,9346.25,9346.25,37380.0,37385.0,5.0
43969,14,15,9341.25,-1,2020-05-18,2020-05-18 14:15:00,2020-05-18 14:15:00,NQM20.csv,161,NQM20.csv,-3.0,9342.5,9342.5,28023.75,28027.5,3.75
43969,14,30,9337.5,1,2020-05-18,2020-05-18 14:30:00,2020-05-18 14:30:00,NQM20.csv,449,NQM20.csv,2.0,9336.0,9336.0,18675.0,18672.0,3.0
43969,15,30,9332.0,3,2020-05-18,2020-05-18 15:30:00,2020-05-18 15:30:00,NQM20.csv,1589,NQM20.csv,2.0,9331.25,9348.5,18664.0,18697.0,-33.0
43969,16,0,9315.75,0,2020-05-18,2020-05-18 16:00:00,2020-05-18 16:00:00,NQM20.csv,2100,NQM20.csv,-3.0,9316.75,9316.75,27947.25,27950.25,3.0
43970,2,30,9365.75,2,2020-05-19,2020-05-19 02:30:00,2020-05-19 02:30:00,NQM20.csv,102,NQM20.csv,2.0,9368.5,9368.5,18731.5,18737.0,-5.5
43970,3,30,9364.5,5,2020-05-19,2020-05-19 03:30:00,2020-05-19 03:30:00,NQM20.csv,477,NQM20.csv,3.0,9358.25,9358.25,28093.5,28074.75,18.75
43970,5,30,9319.0,2,2020-05-19,2020-05-19 05:30:00,2020-05-19 05:30:00,NQM20.csv,210,NQM20.csv,-3.0,9320.25,9320.25,27957.0,27960.75,3.75
43970,6,0,9316.0,4,2020-05-19,2020-05-19 06:00:00,2020-05-19 06:00:00,NQM20.csv,394,NQM20.csv,2.0,9303.75,9303.75,18632.0,18607.5,24.5
43970,6,15,9301.5,5,2020-05-19,2020-05-19 06:15:00,2020-05-19 06:15:00,NQM20.csv,70,NQM20.csv,1.0,9302.75,9302.75,9301.5,9302.75,-1.25
43970,6,30,9301.75,3,2020-05-19,2020-05-19 06:30:00,2020-05-19 06:30:00,NQM20.csv,130,NQM20.csv,-2.0,9305.75,9305.75,18603.5,18611.5,8.0
43970,6,45,9319.0,2,2020-05-19,2020-05-19 06:45:00,2020-05-19 06:45:00,NQM20.csv,84,NQM20.csv,-1.0,9320.0,9320.0,9319.0,9320.0,1.0
43970,7,15,9326.5,6,2020-05-19,2020-05-19 07:15:00,2020-05-19 07:15:00,NQM20.csv,86,NQM20.csv,4.0,9330.75,9330.75,37306.0,37323.0,-17.0
43970,7,45,9347.0,-8,2020-05-19,2020-05-19 07:45:00,2020-05-19 07:45:00,NQM20.csv,184,NQM20.csv,-14.0,9342.5,9342.5,130858.0,130795.0,-63.0
43970,8,15,9322.0,2,2020-05-19,2020-05-19 08:15:00,2020-05-19 08:15:00,NQM20.csv,210,NQM20.csv,10.0,9323.25,9323.25,93220.0,93232.5,-12.5
43970,9,15,9335.75,-2,2020-05-19,2020-05-19 09:15:00,2020-05-19 09:15:00,NQM20.csv,238,NQM20.csv,-4.0,9331.25,9331.25,37343.0,37325.0,-18.0
43970,9,45,9353.5,0,2020-05-19,2020-05-19 09:45:00,2020-05-19 09:45:00,NQM20.csv,988,NQM20.csv,2.0,9332.25,9332.25,18707.0,18664.5,42.5
43970,10,0,9369.5,3,2020-05-19,2020-05-19 10:00:00,2020-05-19 10:00:00,NQM20.csv,912,NQM20.csv,3.0,9374.0,9374.0,28108.5,28122.0,-13.5
43970,10,15,9393.5,5,2020-05-19,2020-05-19 10:15:00,2020-05-19 10:15:00,NQM20.csv,930,NQM20.csv,2.0,9377.0,9377.0,18787.0,18754.0,33.0
43970,10,30,9382.5,10,2020-05-19,2020-05-19 10:30:00,2020-05-19 10:30:00,NQM20.csv,1230,NQM20.csv,5.0,9377.75,9377.75,46912.5,46888.75,23.75
43970,10,45,9368.0,11,2020-05-19,2020-05-19 10:45:00,2020-05-19 10:45:00,NQM20.csv,1067,NQM20.csv,1.0,9376.75,9376.75,9368.0,9376.75,-8.75
43970,11,0,9393.0,5,2020-05-19,2020-05-19 11:00:00,2020-05-19 11:00:00,NQM20.csv,652,NQM20.csv,-6.0,9388.75,9388.75,56358.0,56332.5,-25.5
43970,11,15,9389.25,4,2020-05-19,2020-05-19 11:15:00,2020-05-19 11:15:00,NQM20.csv,1436,NQM20.csv,-1.0,9401.75,9401.75,9389.25,9401.75,12.5
43970,11,30,9399.75,10,2020-05-19,2020-05-19 11:30:00,2020-05-19 11:30:00,NQM20.csv,597,NQM20.csv,6.0,9396.25,9396.25,56398.5,56377.5,21.0
43970,12,0,9390.5,8,2020-05-19,2020-05-19 12:00:00,2020-05-19 12:00:00,NQM20.csv,488,NQM20.csv,-2.0,9384.5,9384.5,18781.0,18769.0,-12.0
43970,12,30,9380.5,3,2020-05-19,2020-05-19 12:30:00,2020-05-19 12:30:00,NQM20.csv,403,NQM20.csv,-5.0,9384.25,9384.25,46902.5,46921.25,18.75
43970,14,0,9403.25,0,2020-05-19,2020-05-19 14:00:00,2020-05-19 14:00:00,NQM20.csv,385,NQM20.csv,-3.0,9397.5,9397.5,28209.75,28192.5,-17.25
43970,15,30,9375.5,2,2020-05-19,2020-05-19 15:30:00,2020-05-19 15:30:00,NQM20.csv,1491,NQM20.csv,2.0,9366.5,9366.5,18751.0,18733.0,18.0
43970,15,45,9346.5,4,2020-05-19,2020-05-19 15:45:00,2020-05-19 15:45:00,NQM20.csv,1523,NQM20.csv,2.0,9337.0,9337.0,18693.0,18674.0,19.0
43970,16,0,9292.75,2,2020-05-19,2020-05-19 16:00:00,2020-05-19 16:00:00,NQM20.csv,1631,NQM20.csv,-2.0,9291.25,9291.25,18585.5,18582.5,-3.0
43971,2,30,9326.5,6,2020-05-20,2020-05-20 02:30:00,2020-05-20 02:30:00,NQM20.csv,159,NQM20.csv,4.0,9336.25,9336.25,37306.0,37345.0,-39.0
43971,9,15,9405.25,2,2020-05-20,2020-05-20 09:15:00,2020-05-20 09:15:00,NQM20.csv,284,NQM20.csv,-4.0,9404.25,9404.25,37621.0,37617.0,-4.0
43971,9,45,9440.75,6,2020-05-20,2020-05-20 09:45:00,2020-05-20 09:45:00,NQM20.csv,1234,NQM20.csv,4.0,9441.25,9441.25,37763.0,37765.0,-2.0
43971,10,0,9463.0,8,2020-05-20,2020-05-20 10:00:00,2020-05-20 10:00:00,NQM20.csv,1620,NQM20.csv,2.0,9461.5,9461.5,18926.0,18923.0,3.0
43971,10,30,9456.25,9,2020-05-20,2020-05-20 10:30:00,2020-05-20 10:30:00,NQM20.csv,713,NQM20.csv,1.0,9449.0,9449.0,9456.25,9449.0,7.25
43971,12,0,9491.25,8,2020-05-20,2020-05-20 12:00:00,2020-05-20 12:00:00,NQM20.csv,1085,NQM20.csv,-1.0,9484.75,9484.75,9491.25,9484.75,-6.5
43971,12,30,9463.75,7,2020-05-20,2020-05-20 12:30:00,2020-05-20 12:30:00,NQM20.csv,570,NQM20.csv,-1.0,9469.25,9469.25,9463.75,9469.25,5.5
43971,12,45,9441.0,8,2020-05-20,2020-05-20 12:45:00,2020-05-20 12:45:00,NQM20.csv,1329,NQM20.csv,1.0,9446.0,9446.0,9441.0,9446.0,-5.0
43971,13,15,9458.0,7,2020-05-20,2020-05-20 13:15:00,2020-05-20 13:15:00,NQM20.csv,451,NQM20.csv,-1.0,9452.75,9452.75,9458.0,9452.75,-5.25
43971,14,0,9457.75,5,2020-05-20,2020-05-20 14:00:00,2020-05-20 14:00:00,NQM20.csv,626,NQM20.csv,-2.0,9453.5,9453.5,18915.5,18907.0,-8.5
43971,14,30,9442.0,7,2020-05-20,2020-05-20 14:30:00,2020-05-20 14:30:00,NQM20.csv,735,NQM20.csv,2.0,9449.75,9449.75,18884.0,18899.5,-15.5
43971,16,0,9481.5,6,2020-05-20,2020-05-20 16:00:00,2020-05-20 16:00:00,NQM20.csv,1381,NQM20.csv,-1.0,9487.0,9487.0,9481.5,9487.0,5.5
43972,4,30,9419.0,3,2020-05-21,2020-05-21 04:30:00,2020-05-21 04:30:00,NQM20.csv,167,NQM20.csv,-3.0,9423.25,9423.25,28257.0,28269.75,12.75
43972,6,30,9436.0,-2,2020-05-21,2020-05-21 06:30:00,2020-05-21 06:30:00,NQM20.csv,126,NQM20.csv,-5.0,9434.5,9434.5,47180.0,47172.5,-7.5
43972,7,0,9434.0,3,2020-05-21,2020-05-21 07:00:00,2020-05-21 07:00:00,NQM20.csv,154,NQM20.csv,5.0,9437.0,9437.0,47170.0,47185.0,-15.0
43972,9,15,9474.25,1,2020-05-21,2020-05-21 09:15:00,2020-05-21 09:15:00,NQM20.csv,148,NQM20.csv,-2.0,9472.25,9472.25,18948.5,18944.5,-4.0
43972,9,45,9507.5,3,2020-05-21,2020-05-21 09:45:00,2020-05-21 09:45:00,NQM20.csv,1326,NQM20.csv,2.0,9498.75,9498.75,19015.0,18997.5,17.5
43972,10,30,9444.0,5,2020-05-21,2020-05-21 10:30:00,2020-05-21 10:30:00,NQM20.csv,2391,NQM20.csv,2.0,9418.75,9418.75,18888.0,18837.5,50.5
43972,11,15,9395.25,9,2020-05-21,2020-05-21 11:15:00,2020-05-21 11:15:00,NQM20.csv,810,NQM20.csv,4.0,9372.75,9372.75,37581.0,37491.0,90.0
43972,11,45,9408.5,5,2020-05-21,2020-05-21 11:45:00,2020-05-21 11:45:00,NQM20.csv,840,NQM20.csv,-4.0,9417.25,9409.25,37634.0,37637.0,3.0
43972,12,15,9432.25,0,2020-05-21,2020-05-21 12:15:00,2020-05-21 12:15:00,NQM20.csv,552,NQM20.csv,-5.0,9430.0,9430.0,47161.25,47150.0,-11.25
43972,12,30,9418.25,-2,2020-05-21,2020-05-21 12:30:00,2020-05-21 12:30:00,NQM20.csv,1491,NQM20.csv,-2.0,9414.5,9414.5,18836.5,18829.0,-7.5
43972,12,45,9408.75,8,2020-05-21,2020-05-21 12:45:00,2020-05-21 12:45:00,NQM20.csv,665,NQM20.csv,10.0,9411.25,9411.25,94087.5,94112.5,-25.0
43972,13,15,9413.5,3,2020-05-21,2020-05-21 13:15:00,2020-05-21 13:15:00,NQM20.csv,498,NQM20.csv,-5.0,9406.75,9406.75,47067.5,47033.75,-33.75
43972,14,15,9418.0,-2,2020-05-21,2020-05-21 14:15:00,2020-05-21 14:15:00,NQM20.csv,583,NQM20.csv,-5.0,9415.5,9415.5,47090.0,47077.5,-12.5
43972,14,30,9417.25,0,2020-05-21,2020-05-21 14:30:00,2020-05-21 14:30:00,NQM20.csv,591,NQM20.csv,2.0,9412.0,9412.0,18834.5,18824.0,10.5
43972,14,45,9387.75,5,2020-05-21,2020-05-21 14:45:00,2020-05-21 14:45:00,NQM20.csv,736,NQM20.csv,5.0,9383.25,9383.25,46938.75,46916.25,22.5
43972,15,30,9398.5,11,2020-05-21,2020-05-21 15:30:00,2020-05-21 15:30:00,NQM20.csv,1184,NQM20.csv,6.0,9394.0,9394.0,56391.0,56364.0,27.0
43972,15,45,9402.0,10,2020-05-21,2020-05-21 15:45:00,2020-05-21 15:45:00,NQM20.csv,764,NQM20.csv,-1.0,9396.5,9396.5,9402.0,9396.5,-5.5
43972,16,0,9377.75,3,2020-05-21,2020-05-21 16:00:00,2020-05-21 16:00:00,NQM20.csv,1114,NQM20.csv,-7.0,9373.25,9373.25,65644.25,65612.75,-31.5
43973,2,30,9302.5,2,2020-05-22,2020-05-22 02:30:00,2020-05-22 02:30:00,NQM20.csv,227,NQM20.csv,-1.0,9295.0,9295.0,9302.5,9295.0,-7.5
43973,4,30,9265.25,7,2020-05-22,2020-05-22 04:30:00,2020-05-22 04:30:00,NQM20.csv,328,NQM20.csv,5.0,9280.0,9280.0,46326.25,46400.0,-73.75
43973,6,0,9289.25,10,2020-05-22,2020-05-22 06:00:00,2020-05-22 06:00:00,NQM20.csv,112,NQM20.csv,3.0,9290.75,9290.75,27867.75,27872.25,-4.5
43973,6,30,9304.5,-1,2020-05-22,2020-05-22 06:30:00,2020-05-22 06:30:00,NQM20.csv,151,NQM20.csv,-11.0,9306.75,9306.75,102349.5,102374.25,24.75
43973,7,0,9308.75,7,2020-05-22,2020-05-22 07:00:00,2020-05-22 07:00:00,NQM20.csv,167,NQM20.csv,8.0,9312.5,9312.5,74470.0,74500.0,-30.0
43973,9,15,9358.25,4,2020-05-22,2020-05-22 09:15:00,2020-05-22 09:15:00,NQM20.csv,154,NQM20.csv,-3.0,9356.75,9356.75,28074.75,28070.25,-4.5
43973,10,0,9394.5,8,2020-05-22,2020-05-22 10:00:00,2020-05-22 10:00:00,NQM20.csv,1317,NQM20.csv,4.0,9388.0,9388.0,37578.0,37552.0,26.0
43973,10,15,9348.5,11,2020-05-22,2020-05-22 10:15:00,2020-05-22 10:15:00,NQM20.csv,1092,NQM20.csv,3.0,9352.75,9352.75,28045.5,28058.25,-12.75
43973,10,35,9371.0,10,2020-05-22,2020-05-22 10:35:00,2020-05-22 10:35:00,NQM20.csv,503,NQM20.csv,-1.0,9368.0,9368.0,9371.0,9368.0,-3.0
43973,11,0,9347.0,9,2020-05-22,2020-05-22 11:00:00,2020-05-22 11:00:00,NQM20.csv,737,NQM20.csv,-1.0,9352.5,9352.5,9347.0,9352.5,5.5
43973,11,30,9348.5,10,2020-05-22,2020-05-22 11:30:00,2020-05-22 11:30:00,NQM20.csv,421,NQM20.csv,1.0,9346.5,9346.5,9348.5,9346.5,2.0
43973,12,0,9364.75,8,2020-05-22,2020-05-22 12:00:00,2020-05-22 12:00:00,NQM20.csv,284,NQM20.csv,-2.0,9369.25,9369.25,18729.5,18738.5,9.0
43973,12,15,9359.25,11,2020-05-22,2020-05-22 12:15:00,2020-05-22 12:15:00,NQM20.csv,301,NQM20.csv,3.0,9359.0,9359.0,28077.75,28077.0,0.75
43973,12,45,9390.75,9,2020-05-22,2020-05-22 12:45:00,2020-05-22 12:45:00,NQM20.csv,384,NQM20.csv,-2.0,9394.0,9394.0,18781.5,18788.0,6.5
43973,13,0,9380.75,11,2020-05-22,2020-05-22 13:00:00,2020-05-22 13:00:00,NQM20.csv,841,NQM20.csv,2.0,9383.25,9383.25,18761.5,18766.5,-5.0
43973,13,30,9402.25,9,2020-05-22,2020-05-22 13:30:00,2020-05-22 13:30:00,NQM20.csv,202,NQM20.csv,-2.0,9404.0,9404.0,18804.5,18808.0,3.5
43973,14,0,9398.5,5,2020-05-22,2020-05-22 14:00:00,2020-05-22 14:00:00,NQM20.csv,401,NQM20.csv,-4.0,9398.75,9398.75,37594.0,37595.0,1.0
43973,14,30,9406.0,6,2020-05-22,2020-05-22 14:30:00,2020-05-22 14:30:00,NQM20.csv,229,NQM20.csv,1.0,9404.0,9413.0,9406.0,9413.0,-7.0
43973,15,0,9401.75,5,2020-05-22,2020-05-22 15:00:00,2020-05-22 15:00:00,NQM20.csv,689,NQM20.csv,-1.0,9403.0,9403.0,9401.75,9403.0,1.25
43973,15,30,9385.5,10,2020-05-22,2020-05-22 15:30:00,2020-05-22 15:30:00,NQM20.csv,531,NQM20.csv,5.0,9381.75,9390.0,46927.5,46950.0,-22.5
43973,15,45,9393.5,6,2020-05-22,2020-05-22 15:45:00,2020-05-22 15:45:00,NQM20.csv,771,NQM20.csv,-4.0,9399.5,9399.5,37574.0,37598.0,24.0
43973,16,0,9408.25,7,2020-05-22,2020-05-22 16:00:00,2020-05-22 16:00:00,NQM20.csv,1390,NQM20.csv,1.0,9408.5,9408.5,9408.25,9408.5,-0.25
43973,16,15,9407.25,0,2020-05-22,2020-05-22 16:15:00,2020-05-22 16:15:00,NQM20.csv,500,NQM20.csv,-7.0,9409.0,9406.75,65850.75,65847.25,-3.5
43976,2,30,9468.0,4,2020-05-25,2020-05-25 02:30:00,2020-05-25 02:30:00,NQM20.csv,27,NQM20.csv,4.0,9467.75,9467.75,37872.0,37871.0,1.0
43976,3,30,9453.0,9,2020-05-25,2020-05-25 03:30:00,2020-05-25 03:30:00,NQM20.csv,83,NQM20.csv,5.0,9452.5,9452.5,47265.0,47262.5,2.5
43976,5,30,9496.75,4,2020-05-25,2020-05-25 05:30:00,2020-05-25 05:30:00,NQM20.csv,66,NQM20.csv,-5.0,9497.0,9497.0,47483.75,47485.0,1.25
43976,9,15,9516.25,-1,2020-05-25,2020-05-25 09:15:00,2020-05-25 09:15:00,NQM20.csv,75,NQM20.csv,-5.0,9516.5,9516.5,47581.25,47582.5,1.25
43976,9,45,9517.0,1,2020-05-25,2020-05-25 09:45:00,2020-05-25 09:45:00,NQM20.csv,200,NQM20.csv,2.0,9516.75,9516.75,19034.0,19033.5,0.5
43976,10,0,9524.0,6,2020-05-25,2020-05-25 10:00:00,2020-05-25 10:00:00,NQM20.csv,185,NQM20.csv,5.0,9523.75,9523.75,47620.0,47618.75,1.25
43976,10,15,9524.75,9,2020-05-25,2020-05-25 10:15:00,2020-05-25 10:15:00,NQM20.csv,136,NQM20.csv,3.0,9524.5,9524.5,28574.25,28573.5,0.75
43976,10,30,9523.25,11,2020-05-25,2020-05-25 10:30:00,2020-05-25 10:30:00,NQM20.csv,89,NQM20.csv,2.0,9523.0,9523.0,19046.5,19046.0,0.5
43976,12,30,9528.0,9,2020-05-25,2020-05-25 12:30:00,2020-05-25 12:30:00,NQM20.csv,279,NQM20.csv,-2.0,9528.25,9528.25,19056.0,19056.5,0.5
43976,14,0,9530.5,4,2020-05-25,2020-05-25 14:00:00,2020-05-25 14:00:00,NQM20.csv,64,NQM20.csv,-5.0,9530.75,9530.25,47652.5,47651.25,-1.25
43977,2,30,9598.25,0,2020-05-26,2020-05-26 02:30:00,2020-05-26 02:30:00,NQM20.csv,87,NQM20.csv,-4.0,9599.0,9599.0,38393.0,38396.0,3.0
43977,3,30,9574.0,3,2020-05-26,2020-05-26 03:30:00,2020-05-26 03:30:00,NQM20.csv,272,NQM20.csv,3.0,9573.25,9573.25,28722.0,28719.75,2.25
43977,5,30,9590.0,2,2020-05-26,2020-05-26 05:30:00,2020-05-26 05:30:00,NQM20.csv,99,NQM20.csv,-1.0,9590.75,9590.75,9590.0,9590.75,0.75
43977,6,0,9581.25,3,2020-05-26,2020-05-26 06:00:00,2020-05-26 06:00:00,NQM20.csv,98,NQM20.csv,1.0,9580.5,9580.5,9581.25,9580.5,0.75
43977,7,0,9570.0,7,2020-05-26,2020-05-26 07:00:00,2020-05-26 07:00:00,NQM20.csv,546,NQM20.csv,4.0,9569.25,9569.25,38280.0,38277.0,3.0
43977,7,30,9559.5,3,2020-05-26,2020-05-26 07:30:00,2020-05-26 07:30:00,NQM20.csv,221,NQM20.csv,-4.0,9560.25,9560.25,38238.0,38241.0,3.0
43977,8,0,9554.0,0,2020-05-26,2020-05-26 08:00:00,2020-05-26 08:00:00,NQM20.csv,228,NQM20.csv,-3.0,9554.75,9554.75,28662.0,28664.25,2.25
43977,9,15,9558.75,-3,2020-05-26,2020-05-26 09:15:00,2020-05-26 09:15:00,NQM20.csv,266,NQM20.csv,-3.0,9559.5,9559.5,28676.25,28678.5,2.25
43977,10,15,9512.0,3,2020-05-26,2020-05-26 10:15:00,2020-05-26 10:15:00,NQM20.csv,470,NQM20.csv,6.0,9511.0,9511.0,57072.0,57066.0,6.0
43977,10,30,9523.0,5,2020-05-26,2020-05-26 10:30:00,2020-05-26 10:30:00,NQM20.csv,1008,NQM20.csv,2.0,9522.0,9522.0,19046.0,19044.0,2.0
43977,10,45,9484.25,2,2020-05-26,2020-05-26 10:45:00,2020-05-26 10:45:00,NQM20.csv,1158,NQM20.csv,-3.0,9485.5,9485.5,28452.75,28456.5,3.75
43977,11,30,9463.5,3,2020-05-26,2020-05-26 11:30:00,2020-05-26 11:30:00,NQM20.csv,887,NQM20.csv,1.0,9462.5,9462.5,9463.5,9462.5,1.0
43977,12,0,9445.0,2,2020-05-26,2020-05-26 12:00:00,2020-05-26 12:00:00,NQM20.csv,598,NQM20.csv,-1.0,9446.25,9446.25,9445.0,9446.25,1.25
43977,12,30,9452.75,0,2020-05-26,2020-05-26 12:30:00,2020-05-26 12:30:00,NQM20.csv,529,NQM20.csv,-2.0,9454.0,9454.0,18905.5,18908.0,2.5
43977,14,30,9458.0,2,2020-05-26,2020-05-26 14:30:00,2020-05-26 14:30:00,NQM20.csv,294,NQM20.csv,2.0,9457.25,9457.25,18916.0,18914.5,1.5
43977,15,0,9447.75,4,2020-05-26,2020-05-26 15:00:00,2020-05-26 15:00:00,NQM20.csv,315,NQM20.csv,2.0,9447.0,9447.0,18895.5,18894.0,1.5
43977,15,30,9424.25,10,2020-05-26,2020-05-26 15:30:00,2020-05-26 15:30:00,NQM20.csv,783,NQM20.csv,6.0,9423.5,9423.5,56545.5,56541.0,4.5
43977,16,0,9394.5,0,2020-05-26,2020-05-26 16:00:00,2020-05-26 16:00:00,NQM20.csv,1588,NQM20.csv,-10.0,9395.75,9395.75,93945.0,93957.5,12.5
43978,2,30,9462.0,6,2020-05-27,2020-05-27 02:30:00,2020-05-27 02:30:00,NQM20.csv,68,NQM20.csv,6.0,9463.0,9463.0,56772.0,56778.0,-6.0
43978,6,0,9503.75,-2,2020-05-27,2020-05-27 06:00:00,2020-05-27 06:00:00,NQM20.csv,118,NQM20.csv,-8.0,9504.0,9504.0,76030.0,76032.0,2.0
43978,6,15,9485.25,0,2020-05-27,2020-05-27 06:15:00,2020-05-27 06:15:00,NQM20.csv,202,NQM20.csv,2.0,9481.25,9481.25,18970.5,18962.5,8.0
43978,6,45,9474.25,-2,2020-05-27,2020-05-27 06:45:00,2020-05-27 06:45:00,NQM20.csv,154,NQM20.csv,-2.0,9472.25,9472.25,18948.5,18944.5,-4.0
43978,7,15,9452.25,-6,2020-05-27,2020-05-27 07:15:00,2020-05-27 07:15:00,NQM20.csv,366,NQM20.csv,-4.0,9449.5,9449.5,37809.0,37798.0,-11.0
43978,7,45,9441.75,-2,2020-05-27,2020-05-27 07:45:00,2020-05-27 07:45:00,NQM20.csv,168,NQM20.csv,4.0,9440.5,9440.5,37767.0,37762.0,5.0
43978,8,0,9441.75,6,2020-05-27,2020-05-27 08:00:00,2020-05-27 08:00:00,NQM20.csv,217,NQM20.csv,8.0,9435.5,9435.5,75534.0,75484.0,50.0
43978,10,0,9288.75,2,2020-05-27,2020-05-27 10:00:00,2020-05-27 10:00:00,NQM20.csv,2327,NQM20.csv,-4.0,9272.25,9272.25,37155.0,37089.0,-66.0
43978,10,30,9290.5,8,2020-05-27,2020-05-27 10:30:00,2020-05-27 10:30:00,NQM20.csv,1067,NQM20.csv,6.0,9280.0,9280.0,55743.0,55680.0,63.0
43978,10,45,9222.75,2,2020-05-27,2020-05-27 10:45:00,2020-05-27 10:45:00,NQM20.csv,1422,NQM20.csv,-6.0,9199.5,9199.5,55336.5,55197.0,-139.5
43978,11,15,9222.75,8,2020-05-27,2020-05-27 11:15:00,2020-05-27 11:15:00,NQM20.csv,1200,NQM20.csv,6.0,9240.75,9240.75,55336.5,55444.5,-108.0
43978,11,30,9252.25,9,2020-05-27,2020-05-27 11:30:00,2020-05-27 11:30:00,NQM20.csv,853,NQM20.csv,1.0,9254.0,9254.0,9252.25,9254.0,-1.75
43978,12,30,9292.75,3,2020-05-27,2020-05-27 12:30:00,2020-05-27 12:30:00,NQM20.csv,674,NQM20.csv,-6.0,9303.0,9303.0,55756.5,55818.0,61.5
43978,13,0,9319.75,-2,2020-05-27,2020-05-27 13:00:00,2020-05-27 13:00:00,NQM20.csv,3986,NQM20.csv,-5.0,9330.25,9330.25,46598.75,46651.25,52.5
43978,13,30,9334.5,3,2020-05-27,2020-05-27 13:30:00,2020-05-27 13:30:00,NQM20.csv,715,NQM20.csv,5.0,9316.0,9316.0,46672.5,46580.0,92.5
43978,14,0,9336.25,7,2020-05-27,2020-05-27 14:00:00,2020-05-27 14:00:00,NQM20.csv,2542,NQM20.csv,4.0,9361.0,9361.0,37345.0,37444.0,-99.0
43978,14,30,9371.75,10,2020-05-27,2020-05-27 14:30:00,2020-05-27 14:30:00,NQM20.csv,1631,NQM20.csv,3.0,9374.5,9374.5,28115.25,28123.5,-8.25
43978,15,30,9403.0,11,2020-05-27,2020-05-27 15:30:00,2020-05-27 15:30:00,NQM20.csv,743,NQM20.csv,1.0,9391.25,9391.25,9403.0,9391.25,11.75
43978,15,35,9386.0,10,2020-05-27,2020-05-27 15:35:00,2020-05-27 15:35:00,NQM20.csv,628,NQM20.csv,-1.0,9403.0,9403.0,9386.0,9403.0,17.0
43978,15,45,9420.0,9,2020-05-27,2020-05-27 15:45:00,2020-05-27 15:45:00,NQM20.csv,899,NQM20.csv,-1.0,9422.25,9422.25,9420.0,9422.25,2.25
43978,16,0,9436.25,6,2020-05-27,2020-05-27 16:00:00,2020-05-27 16:00:00,NQM20.csv,823,NQM20.csv,-3.0,9434.75,9434.75,28308.75,28304.25,-4.5
43979,4,30,9404.0,4,2020-05-28,2020-05-28 04:30:00,2020-05-28 04:30:00,NQM20.csv,209,NQM20.csv,-2.0,9397.75,9397.75,18808.0,18795.5,-12.5
43979,6,0,9376.25,7,2020-05-28,2020-05-28 06:00:00,2020-05-28 06:00:00,NQM20.csv,253,NQM20.csv,3.0,9378.75,9378.75,28128.75,28136.25,-7.5
43979,6,30,9390.0,-5,2020-05-28,2020-05-28 06:30:00,2020-05-28 06:30:00,NQM20.csv,75,NQM20.csv,-12.0,9397.25,9397.25,112680.0,112767.0,87.0
43979,7,0,9408.75,4,2020-05-28,2020-05-28 07:00:00,2020-05-28 07:00:00,NQM20.csv,177,NQM20.csv,9.0,9401.75,9401.75,84678.75,84615.75,63.0
43979,7,15,9397.25,-1,2020-05-28,2020-05-28 07:15:00,2020-05-28 07:15:00,NQM20.csv,159,NQM20.csv,-5.0,9393.5,9393.5,46986.25,46967.5,-18.75
43979,7,45,9400.75,4,2020-05-28,2020-05-28 07:45:00,2020-05-28 07:45:00,NQM20.csv,83,NQM20.csv,5.0,9399.0,9399.0,47003.75,46995.0,8.75
43979,9,15,9366.25,6,2020-05-28,2020-05-28 09:15:00,2020-05-28 09:15:00,NQM20.csv,282,NQM20.csv,2.0,9368.75,9368.75,18732.5,18737.5,-5.0
43979,9,45,9456.25,2,2020-05-28,2020-05-28 09:45:00,2020-05-28 09:45:00,NQM20.csv,2021,NQM20.csv,-4.0,9450.25,9450.25,37825.0,37801.0,-24.0
43979,10,0,9431.75,7,2020-05-28,2020-05-28 10:00:00,2020-05-28 10:00:00,NQM20.csv,1810,NQM20.csv,5.0,9433.0,9433.0,47158.75,47165.0,-6.25
43979,10,15,9468.5,9,2020-05-28,2020-05-28 10:15:00,2020-05-28 10:15:00,NQM20.csv,1643,NQM20.csv,2.0,9451.25,9451.25,18937.0,18902.5,34.5
43979,12,0,9515.75,11,2020-05-28,2020-05-28 12:00:00,2020-05-28 12:00:00,NQM20.csv,1569,NQM20.csv,2.0,9518.0,9518.0,19031.5,19036.0,-4.5
43979,12,5,9514.25,10,2020-05-28,2020-05-28 12:05:00,2020-05-28 12:05:00,NQM20.csv,758,NQM20.csv,-1.0,9525.5,9525.5,9514.25,9525.5,11.25
43979,12,30,9517.0,6,2020-05-28,2020-05-28 12:30:00,2020-05-28 12:30:00,NQM20.csv,584,NQM20.csv,-4.0,9520.0,9520.0,38068.0,38080.0,12.0
43979,13,0,9544.25,1,2020-05-28,2020-05-28 13:00:00,2020-05-28 13:00:00,NQM20.csv,467,NQM20.csv,-5.0,9552.75,9552.75,47721.25,47763.75,42.5
43979,13,30,9558.75,6,2020-05-28,2020-05-28 13:30:00,2020-05-28 13:30:00,NQM20.csv,264,NQM20.csv,5.0,9557.25,9557.25,47793.75,47786.25,7.5
43979,14,0,9541.25,7,2020-05-28,2020-05-28 14:00:00,2020-05-28 14:00:00,NQM20.csv,884,NQM20.csv,1.0,9542.75,9542.75,9541.25,9542.75,-1.5
43979,14,15,9528.5,9,2020-05-28,2020-05-28 14:15:00,2020-05-28 14:15:00,NQM20.csv,621,NQM20.csv,2.0,9538.5,9538.5,19057.0,19077.0,-20.0
43979,14,45,9509.25,7,2020-05-28,2020-05-28 14:45:00,2020-05-28 14:45:00,NQM20.csv,574,NQM20.csv,-2.0,9516.0,9516.0,19018.5,19032.0,13.5
43979,15,0,9522.25,3,2020-05-28,2020-05-28 15:00:00,2020-05-28 15:00:00,NQM20.csv,730,NQM20.csv,-4.0,9534.5,9534.5,38089.0,38138.0,49.0
43979,15,30,9464.0,8,2020-05-28,2020-05-28 15:30:00,2020-05-28 15:30:00,NQM20.csv,1428,NQM20.csv,5.0,9452.5,9452.5,47320.0,47262.5,57.5
43979,16,0,9418.75,4,2020-05-28,2020-05-28 16:00:00,2020-05-28 16:00:00,NQM20.csv,2153,NQM20.csv,-4.0,9442.5,9442.5,37675.0,37770.0,95.0
43980,2,30,9434.0,2,2020-05-29,2020-05-29 02:30:00,2020-05-29 02:30:00,NQM20.csv,83,NQM20.csv,-2.0,9427.5,9427.5,18868.0,18855.0,-13.0
43980,6,0,9428.25,-3,2020-05-29,2020-05-29 06:00:00,2020-05-29 06:00:00,NQM20.csv,114,NQM20.csv,-5.0,9435.0,9435.0,47141.25,47175.0,33.75
43980,6,15,9432.75,-7,2020-05-29,2020-05-29 06:15:00,2020-05-29 06:15:00,NQM20.csv,124,NQM20.csv,-4.0,9435.5,9435.5,37731.0,37742.0,11.0
43980,6,45,9432.25,-3,2020-05-29,2020-05-29 06:45:00,2020-05-29 06:45:00,NQM20.csv,183,NQM20.csv,4.0,9435.75,9435.75,37729.0,37743.0,-14.0
43980,8,0,9471.0,2,2020-05-29,2020-05-29 08:00:00,2020-05-29 08:00:00,NQM20.csv,229,NQM20.csv,5.0,9472.5,9472.5,47355.0,47362.5,-7.5
43980,9,15,9449.25,-1,2020-05-29,2020-05-29 09:15:00,2020-05-29 09:15:00,NQM20.csv,480,NQM20.csv,-3.0,9455.25,9455.25,28347.75,28365.75,18.0
43980,10,15,9402.75,2,2020-05-29,2020-05-29 10:15:00,2020-05-29 10:15:00,NQM20.csv,1115,NQM20.csv,3.0,9396.0,9396.0,28208.25,28188.0,20.25
43980,10,30,9407.5,-1,2020-05-29,2020-05-29 10:30:00,2020-05-29 10:30:00,NQM20.csv,2222,NQM20.csv,-3.0,9423.5,9423.5,28222.5,28270.5,48.0
43980,11,0,9413.0,5,2020-05-29,2020-05-29 11:00:00,2020-05-29 11:00:00,NQM20.csv,1081,NQM20.csv,6.0,9398.75,9398.75,56478.0,56392.5,85.5
43980,12,0,9447.25,1,2020-05-29,2020-05-29 12:00:00,2020-05-29 12:00:00,NQM20.csv,529,NQM20.csv,-4.0,9445.75,9445.75,37789.0,37783.0,-6.0
43980,12,30,9424.5,2,2020-05-29,2020-05-29 12:30:00,2020-05-29 12:30:00,NQM20.csv,589,NQM20.csv,1.0,9417.5,9417.5,9424.5,9417.5,7.0
43980,12,45,9423.25,6,2020-05-29,2020-05-29 12:45:00,2020-05-29 12:45:00,NQM20.csv,667,NQM20.csv,4.0,9417.25,9417.25,37693.0,37669.0,24.0
43980,13,0,9446.5,1,2020-05-29,2020-05-29 13:00:00,2020-05-29 13:00:00,NQM20.csv,1875,NQM20.csv,-5.0,9445.0,9445.0,47232.5,47225.0,-7.5
43980,13,15,9452.0,-3,2020-05-29,2020-05-29 13:15:00,2020-05-29 13:15:00,NQM20.csv,949,NQM20.csv,-4.0,9450.0,9450.0,37808.0,37800.0,-8.0
43980,13,30,9439.75,2,2020-05-29,2020-05-29 13:30:00,2020-05-29 13:30:00,NQM20.csv,435,NQM20.csv,5.0,9437.25,9437.25,47198.75,47186.25,12.5
43980,14,0,9437.25,4,2020-05-29,2020-05-29 14:00:00,2020-05-29 14:00:00,NQM20.csv,909,NQM20.csv,2.0,9446.75,9446.75,18874.5,18893.5,-19.0
43980,14,30,9486.75,6,2020-05-29,2020-05-29 14:30:00,2020-05-29 14:30:00,NQM20.csv,645,NQM20.csv,2.0,9476.25,9476.25,18973.5,18952.5,21.0
43980,15,30,9512.25,9,2020-05-29,2020-05-29 15:30:00,2020-05-29 15:30:00,NQM20.csv,753,NQM20.csv,3.0,9515.0,9515.0,28536.75,28545.0,-8.25
43980,16,0,9543.0,2,2020-05-29,2020-05-29 16:00:00,2020-05-29 16:00:00,NQM20.csv,2204,NQM20.csv,-7.0,9573.0,9573.0,66801.0,67011.0,210.0
43980,16,15,9577.0,0,2020-05-29,2020-05-29 16:15:00,2020-05-29 16:15:00,NQM20.csv,700,NQM20.csv,-2.0,9582.0,9577.0,19154.0,19154.0,-0.0
