day,hour,min,price,inventory,date,timestamp,minute,main_contract,main_volume,main_contract_clean,signal,opti_price,filled_price,benchmark_amount,amount,slippage
45293,1,30,2084.4,-1,2024-01-02,2024-01-02 01:30:00,2024-01-02 01:30:00,GCG24.csv,90,GCG24.csv,-1.0,2084.5,2084.5,2084.4,2084.5,0.09999999999990905
45293,3,30,2081.5,0,2024-01-02,2024-01-02 03:30:00,2024-01-02 03:30:00,GCG24.csv,67,GCG24.csv,1.0,2081.4,2081.4,2081.5,2081.4,0.09999999999990905
45293,4,30,2083.7,2,2024-01-02,2024-01-02 04:30:00,2024-01-02 04:30:00,GCG24.csv,55,GCG24.csv,2.0,2083.6,2085.6,4167.4,4171.2,-3.800000000000182
45293,6,0,2085.1,6,2024-01-02,2024-01-02 06:00:00,2024-01-02 06:00:00,GCG24.csv,164,GCG24.csv,4.0,2085.0,2085.0,8340.4,8340.0,0.3999999999996362
45293,8,30,2075.8,4,2024-01-02,2024-01-02 08:30:00,2024-01-02 08:30:00,GCG24.csv,169,GCG24.csv,-2.0,2075.9,2075.9,4151.6,4151.8,0.1999999999998181
45293,9,0,2074.9,6,2024-01-02,2024-01-02 09:00:00,2024-01-02 09:00:00,GCG24.csv,208,GCG24.csv,2.0,2074.8,2074.8,4149.8,4149.6,0.1999999999998181
45293,10,30,2073.5,8,2024-01-02,2024-01-02 10:30:00,2024-01-02 10:30:00,GCG24.csv,194,GCG24.csv,2.0,2073.4,2073.4,4147.0,4146.8,0.1999999999998181
45293,11,0,2068.2,6,2024-01-02,2024-01-02 11:00:00,2024-01-02 11:00:00,GCG24.csv,529,GCG24.csv,-2.0,2068.3,2068.3,4136.4,4136.6,0.2000000000007276
45293,12,0,2074.9,8,2024-01-02,2024-01-02 12:00:00,2024-01-02 12:00:00,GCG24.csv,69,GCG24.csv,2.0,2074.8,2074.8,4149.8,4149.6,0.1999999999998181
45293,14,30,2070.3,6,2024-01-02,2024-01-02 14:30:00,2024-01-02 14:30:00,GCG24.csv,30,GCG24.csv,-2.0,2070.4,2070.4,4140.6,4140.8,0.1999999999998181
45294,4,30,2067.0,4,2024-01-03,2024-01-03 04:30:00,2024-01-03 04:30:00,GCG24.csv,88,GCG24.csv,-2.0,2067.1,2067.1,4134.0,4134.2,0.1999999999998181
45294,6,0,2063.1,3,2024-01-03,2024-01-03 06:00:00,2024-01-03 06:00:00,GCG24.csv,104,GCG24.csv,-1.0,2063.1,2063.1,2063.1,2063.1,-0.0
45294,8,30,2050.8,5,2024-01-03,2024-01-03 08:30:00,2024-01-03 08:30:00,GCG24.csv,368,GCG24.csv,2.0,2050.7000000000003,2050.7000000000003,4101.6,4101.400000000001,0.1999999999998181
45294,9,20,2044.4,6,2024-01-03,2024-01-03 09:20:00,2024-01-03 09:20:00,GCG24.csv,331,GCG24.csv,1.0,2044.3,2044.3,2044.4,2044.3,0.10000000000013642
45294,9,40,2042.8,5,2024-01-03,2024-01-03 09:40:00,2024-01-03 09:40:00,GCG24.csv,300,GCG24.csv,-1.0,2042.9,2042.9,2042.8,2042.9,0.10000000000013642
45294,10,10,2052.3,2,2024-01-03,2024-01-03 10:10:00,2024-01-03 10:10:00,GCG24.csv,499,GCG24.csv,-3.0,2052.4,2052.4,6156.900000000001,6157.200000000001,0.3000000000001819
45294,10,30,2045.4,5,2024-01-03,2024-01-03 10:30:00,2024-01-03 10:30:00,GCG24.csv,277,GCG24.csv,3.0,2045.3,2045.3,6136.200000000001,6135.9,0.3000000000010914
45294,14,0,2043.7,3,2024-01-03,2024-01-03 14:00:00,2024-01-03 14:00:00,GCG24.csv,513,GCG24.csv,-2.0,2043.8,2043.8,4087.4,4087.6,0.1999999999998181
45294,16,0,2049.5,5,2024-01-03,2024-01-03 16:00:00,2024-01-03 16:00:00,GCG24.csv,95,GCG24.csv,2.0,2049.4,2049.4,4099.0,4098.8,0.1999999999998181
45295,4,30,2054.3,2,2024-01-04,2024-01-04 04:30:00,2024-01-04 04:30:00,GCG24.csv,107,GCG24.csv,-3.0,2054.8,2054.8,6162.900000000001,6164.400000000001,1.5
45295,6,0,2055.2,3,2024-01-04,2024-01-04 06:00:00,2024-01-04 06:00:00,GCG24.csv,90,GCG24.csv,1.0,2054.7000000000003,2054.7000000000003,2055.2,2054.7000000000003,0.49999999999954525
45295,8,30,2049.7,6,2024-01-04,2024-01-04 08:30:00,2024-01-04 08:30:00,GCG24.csv,717,GCG24.csv,3.0,2050.4,2050.4,6149.099999999999,6151.200000000001,-2.1000000000012733
45295,10,30,2054.3,2,2024-01-04,2024-01-04 10:30:00,2024-01-04 10:30:00,GCG24.csv,588,GCG24.csv,-4.0,2053.0,2053.0,8217.2,8212.0,-5.200000000000728
45295,10,50,2052.3,4,2024-01-04,2024-01-04 10:50:00,2024-01-04 10:50:00,GCG24.csv,130,GCG24.csv,2.0,2051.3,2051.3,4104.6,4102.6,2.0
45295,12,0,2052.1,1,2024-01-04,2024-01-04 12:00:00,2024-01-04 12:00:00,GCG24.csv,87,GCG24.csv,-3.0,2051.6,2051.6,6156.299999999999,6154.799999999999,-1.5
45295,14,0,2050.6,-1,2024-01-04,2024-01-04 14:00:00,2024-01-04 14:00:00,GCG24.csv,97,GCG24.csv,-2.0,2051.1,2051.1,4101.2,4102.2,1.0
45295,14,30,2050.3,1,2024-01-04,2024-01-04 14:30:00,2024-01-04 14:30:00,GCG24.csv,21,GCG24.csv,2.0,2050.2,2050.2,4100.6,4100.4,0.2000000000007276
45295,16,0,2051.1,3,2024-01-04,2024-01-04 16:00:00,2024-01-04 16:00:00,GCG24.csv,37,GCG24.csv,2.0,2051.2,2051.2,4102.2,4102.4,-0.1999999999998181
45296,1,30,2049.1,2,2024-01-05,2024-01-05 01:30:00,2024-01-05 01:30:00,GCG24.csv,59,GCG24.csv,-1.0,2048.5,2048.5,2049.1,2048.5,-0.599999999999909
45296,3,30,2049.6,3,2024-01-05,2024-01-05 03:30:00,2024-01-05 03:30:00,GCG24.csv,80,GCG24.csv,1.0,2048.5,2048.5,2049.6,2048.5,1.099999999999909
45296,4,30,2048.9,0,2024-01-05,2024-01-05 04:30:00,2024-01-05 04:30:00,GCG24.csv,30,GCG24.csv,-3.0,2049.0,2049.0,6146.700000000001,6147.0,0.2999999999992724
45296,8,30,2042.8,3,2024-01-05,2024-01-05 08:30:00,2024-01-05 08:30:00,GCG24.csv,4457,GCG24.csv,3.0,2031.3,2031.3,6128.4,6093.9,34.5
45296,9,0,2047.2,2,2024-01-05,2024-01-05 09:00:00,2024-01-05 09:00:00,GCG24.csv,720,GCG24.csv,-1.0,2049.0,2049.0,2047.2,2049.0,1.7999999999999545
45296,9,10,2048.4,1,2024-01-05,2024-01-05 09:10:00,2024-01-05 09:10:00,GCG24.csv,409,GCG24.csv,-1.0,2048.1,2048.1,2048.4,2048.1,-0.3000000000001819
45296,9,20,2049.7,3,2024-01-05,2024-01-05 09:20:00,2024-01-05 09:20:00,GCG24.csv,193,GCG24.csv,2.0,2050.5,2050.5,4099.4,4101.0,-1.6000000000003638
45296,9,30,2054.0,4,2024-01-05,2024-01-05 09:30:00,2024-01-05 09:30:00,GCG24.csv,529,GCG24.csv,1.0,2054.7000000000003,2054.7000000000003,2054.0,2054.7000000000003,-0.7000000000002728
45296,9,40,2050.0,6,2024-01-05,2024-01-05 09:40:00,2024-01-05 09:40:00,GCG24.csv,436,GCG24.csv,2.0,2050.3,2050.3,4100.0,4100.6,-0.6000000000003638
45296,10,0,2060.5,2,2024-01-05,2024-01-05 10:00:00,2024-01-05 10:00:00,GCG24.csv,2968,GCG24.csv,-4.0,2064.0,2064.0,8242.0,8256.0,14.0
45296,10,10,2067.6,1,2024-01-05,2024-01-05 10:10:00,2024-01-05 10:10:00,GCG24.csv,1552,GCG24.csv,-1.0,2069.3,2069.3,2067.6,2069.3,1.7000000000002728
45296,10,20,2065.7,3,2024-01-05,2024-01-05 10:20:00,2024-01-05 10:20:00,GCG24.csv,531,GCG24.csv,2.0,2067.0,2067.0,4131.4,4134.0,-2.600000000000364
45296,10,30,2067.3,2,2024-01-05,2024-01-05 10:30:00,2024-01-05 10:30:00,GCG24.csv,391,GCG24.csv,-1.0,2067.3,2067.3,2067.3,2067.3,-0.0
45296,11,0,2061.8,1,2024-01-05,2024-01-05 11:00:00,2024-01-05 11:00:00,GCG24.csv,321,GCG24.csv,-1.0,2062.1,2062.1,2061.8,2062.1,0.29999999999972715
45296,12,0,2051.9,2,2024-01-05,2024-01-05 12:00:00,2024-01-05 12:00:00,GCG24.csv,281,GCG24.csv,1.0,2050.4,2050.4,2051.9,2050.4,1.5
45296,14,0,2055.1,1,2024-01-05,2024-01-05 14:00:00,2024-01-05 14:00:00,GCG24.csv,93,GCG24.csv,-1.0,2055.8,2055.3,2055.1,2055.3,0.20000000000027285
45296,14,30,2054.2,3,2024-01-05,2024-01-05 14:30:00,2024-01-05 14:30:00,GCG24.csv,36,GCG24.csv,2.0,2054.7000000000003,2054.7000000000003,4108.4,4109.400000000001,-1.0000000000009095
45296,16,0,2051.3,4,2024-01-05,2024-01-05 16:00:00,2024-01-05 16:00:00,GCG24.csv,123,GCG24.csv,1.0,2051.3,2051.3,2051.3,2051.3,0.0
45296,16,30,2051.8,0,2024-01-05,2024-01-05 16:30:00,2024-01-05 16:30:00,GCG24.csv,3,GCG24.csv,-4.0,2051.7,2051.7,8207.2,8206.8,-0.4000000000014552
45299,1,30,2038.2,-2,2024-01-08,2024-01-08 01:30:00,2024-01-08 01:30:00,GCG24.csv,94,GCG24.csv,-2.0,2038.3,2038.3,4076.4,4076.6,0.1999999999998181
45299,3,30,2035.6,0,2024-01-08,2024-01-08 03:30:00,2024-01-08 03:30:00,GCG24.csv,163,GCG24.csv,2.0,2035.5,2035.5,4071.2,4071.0,0.1999999999998181
45299,4,30,2034.3,-4,2024-01-08,2024-01-08 04:30:00,2024-01-08 04:30:00,GCG24.csv,58,GCG24.csv,-4.0,2034.4,2034.4,8137.2,8137.6,0.4000000000005457
45299,6,0,2033.9,-6,2024-01-08,2024-01-08 06:00:00,2024-01-08 06:00:00,GCG24.csv,68,GCG24.csv,-2.0,2034.0,2034.0,4067.8,4068.0,0.1999999999998181
45299,8,30,2028.5,-2,2024-01-08,2024-01-08 08:30:00,2024-01-08 08:30:00,GCG24.csv,389,GCG24.csv,4.0,2028.4,2028.4,8114.0,8113.6,0.3999999999996362
45299,9,0,2025.3,-1,2024-01-08,2024-01-08 09:00:00,2024-01-08 09:00:00,GCG24.csv,467,GCG24.csv,1.0,2025.2,2025.2,2025.3,2025.2,0.09999999999990905
45299,10,30,2036.9,0,2024-01-08,2024-01-08 10:30:00,2024-01-08 10:30:00,GCG24.csv,566,GCG24.csv,1.0,2036.8,2038.1,2036.9,2038.1,-1.199999999999818
45299,11,0,2041.3,-1,2024-01-08,2024-01-08 11:00:00,2024-01-08 11:00:00,GCG24.csv,700,GCG24.csv,-1.0,2041.4,2041.4,2041.3,2041.4,0.10000000000013642
45299,14,0,2032.8,-3,2024-01-08,2024-01-08 14:00:00,2024-01-08 14:00:00,GCG24.csv,72,GCG24.csv,-2.0,2032.9,2032.9,4065.6,4065.8,0.20000000000027285
45299,14,30,2034.6,-4,2024-01-08,2024-01-08 14:30:00,2024-01-08 14:30:00,GCG24.csv,185,GCG24.csv,-1.0,2034.6,2034.6,2034.6,2034.6,-0.0
45299,16,0,2033.5,-2,2024-01-08,2024-01-08 16:00:00,2024-01-08 16:00:00,GCG24.csv,67,GCG24.csv,2.0,2033.4,2033.4,4067.0,4066.8,0.1999999999998181
45300,1,30,2038.7,-3,2024-01-09,2024-01-09 01:30:00,2024-01-09 01:30:00,GCG24.csv,52,GCG24.csv,-1.0,2038.7,2038.7,2038.7,2038.7,-0.0
45300,3,30,2037.6,-2,2024-01-09,2024-01-09 03:30:00,2024-01-09 03:30:00,GCG24.csv,125,GCG24.csv,1.0,2037.5,2037.5,2037.6,2037.5,0.09999999999990905
45300,6,0,2041.5,4,2024-01-09,2024-01-09 06:00:00,2024-01-09 06:00:00,GCG24.csv,89,GCG24.csv,6.0,2041.4,2041.4,12249.0,12248.400000000001,0.5999999999985448
45300,9,0,2045.0,2,2024-01-09,2024-01-09 09:00:00,2024-01-09 09:00:00,GCG24.csv,185,GCG24.csv,-2.0,2045.1,2045.1,4090.0,4090.2,0.1999999999998181
45300,10,30,2040.4,1,2024-01-09,2024-01-09 10:30:00,2024-01-09 10:30:00,GCG24.csv,142,GCG24.csv,-1.0,2040.5,2040.5,2040.4,2040.5,0.09999999999990905
45300,11,0,2034.7,3,2024-01-09,2024-01-09 11:00:00,2024-01-09 11:00:00,GCG24.csv,661,GCG24.csv,2.0,2034.6,2034.6,4069.4,4069.2,0.20000000000027285
45300,14,0,2034.8,1,2024-01-09,2024-01-09 14:00:00,2024-01-09 14:00:00,GCG24.csv,61,GCG24.csv,-2.0,2034.9,2034.9,4069.6,4069.8,0.20000000000027285
45300,14,30,2034.8,2,2024-01-09,2024-01-09 14:30:00,2024-01-09 14:30:00,GCG24.csv,43,GCG24.csv,1.0,2034.7,2034.7,2034.8,2034.7,0.09999999999990905
45300,16,0,2034.6,4,2024-01-09,2024-01-09 16:00:00,2024-01-09 16:00:00,GCG24.csv,55,GCG24.csv,2.0,2034.6,2034.6,4069.2,4069.2,0.0
45301,1,30,2031.6,0,2024-01-10,2024-01-10 01:30:00,2024-01-10 01:30:00,GCG24.csv,32,GCG24.csv,-4.0,2031.5,2031.5,8126.4,8126.0,-0.3999999999996362
45301,3,30,2040.2,4,2024-01-10,2024-01-10 03:30:00,2024-01-10 03:30:00,GCG24.csv,246,GCG24.csv,4.0,2038.9,2038.9,8160.8,8155.6,5.199999999999818
45301,6,0,2040.7,1,2024-01-10,2024-01-10 06:00:00,2024-01-10 06:00:00,GCG24.csv,155,GCG24.csv,-3.0,2040.9,2040.9,6122.1,6122.700000000001,0.6000000000003638
45301,9,0,2035.8,0,2024-01-10,2024-01-10 09:00:00,2024-01-10 09:00:00,GCG24.csv,143,GCG24.csv,-1.0,2036.4,2036.4,2035.8,2036.4,0.6000000000001364
45301,9,50,2032.9,1,2024-01-10,2024-01-10 09:50:00,2024-01-10 09:50:00,GCG24.csv,287,GCG24.csv,1.0,2033.8,2033.8,2032.9,2033.8,-0.8999999999998636
45301,10,10,2032.1,0,2024-01-10,2024-01-10 10:10:00,2024-01-10 10:10:00,GCG24.csv,205,GCG24.csv,-1.0,2033.2,2033.2,2032.1,2033.2,1.1000000000001364
45301,10,30,2031.5,3,2024-01-10,2024-01-10 10:30:00,2024-01-10 10:30:00,GCG24.csv,278,GCG24.csv,3.0,2033.8,2033.8,6094.5,6101.4,-6.899999999999636
45301,11,0,2033.4,4,2024-01-10,2024-01-10 11:00:00,2024-01-10 11:00:00,GCG24.csv,197,GCG24.csv,1.0,2033.4,2033.4,2033.4,2033.4,0.0
45301,12,0,2032.6,1,2024-01-10,2024-01-10 12:00:00,2024-01-10 12:00:00,GCG24.csv,160,GCG24.csv,-3.0,2032.8,2032.8,6097.799999999999,6098.4,0.6000000000003638
45301,14,0,2029.2,0,2024-01-10,2024-01-10 14:00:00,2024-01-10 14:00:00,GCG24.csv,64,GCG24.csv,-1.0,2028.8,2028.8,2029.2,2028.8,-0.40000000000009095
45301,14,30,2028.1,-3,2024-01-10,2024-01-10 14:30:00,2024-01-10 14:30:00,GCG24.csv,222,GCG24.csv,-3.0,2028.9,2028.9,6084.299999999999,6086.700000000001,2.400000000001455
45301,16,0,2029.0,-2,2024-01-10,2024-01-10 16:00:00,2024-01-10 16:00:00,GCG24.csv,106,GCG24.csv,1.0,2029.2,2029.2,2029.0,2029.2,-0.20000000000004547
45302,1,30,2038.7,2,2024-01-11,2024-01-11 01:30:00,2024-01-11 01:30:00,GCG24.csv,33,GCG24.csv,4.0,2038.8,2038.8,8154.8,8155.2,-0.3999999999996362
45302,3,30,2038.0,-2,2024-01-11,2024-01-11 03:30:00,2024-01-11 03:30:00,GCG24.csv,105,GCG24.csv,-4.0,2037.8,2037.8,8152.0,8151.2,-0.8000000000001819
45302,4,30,2035.4,-5,2024-01-11,2024-01-11 04:30:00,2024-01-11 04:30:00,GCG24.csv,57,GCG24.csv,-3.0,2034.8,2034.8,6106.200000000001,6104.4,-1.8000000000010914
45302,6,0,2036.4,-1,2024-01-11,2024-01-11 06:00:00,2024-01-11 06:00:00,GCG24.csv,28,GCG24.csv,4.0,2036.3,2036.3,8145.6,8145.2,0.4000000000005457
45302,8,30,2053.6,2,2024-01-11,2024-01-11 08:30:00,2024-01-11 08:30:00,GCG24.csv,4848,GCG24.csv,3.0,2038.2,2038.2,6160.799999999999,6114.6,46.19999999999891
45302,9,0,2033.5,1,2024-01-11,2024-01-11 09:00:00,2024-01-11 09:00:00,GCG24.csv,423,GCG24.csv,-1.0,2033.1,2033.1,2033.5,2033.1,-0.40000000000009095
45302,9,40,2036.4,0,2024-01-11,2024-01-11 09:40:00,2024-01-11 09:40:00,GCG24.csv,565,GCG24.csv,-1.0,2033.2,2033.2,2036.4,2033.2,-3.2000000000000455
45302,10,0,2034.0,1,2024-01-11,2024-01-11 10:00:00,2024-01-11 10:00:00,GCG24.csv,577,GCG24.csv,1.0,2032.7,2032.7,2034.0,2032.7,1.2999999999999545
45302,10,30,2035.3,0,2024-01-11,2024-01-11 10:30:00,2024-01-11 10:30:00,GCG24.csv,922,GCG24.csv,-1.0,2035.7,2035.7,2035.3,2035.7,0.40000000000009095
45302,11,0,2033.5,1,2024-01-11,2024-01-11 11:00:00,2024-01-11 11:00:00,GCG24.csv,194,GCG24.csv,1.0,2032.8,2032.8,2033.5,2032.8,0.7000000000000455
45302,12,0,2020.7,6,2024-01-11,2024-01-11 12:00:00,2024-01-11 12:00:00,GCG24.csv,363,GCG24.csv,5.0,2021.9,2021.9,10103.5,10109.5,-6.0
45302,14,0,2021.1,3,2024-01-11,2024-01-11 14:00:00,2024-01-11 14:00:00,GCG24.csv,283,GCG24.csv,-3.0,2022.9,2022.9,6063.299999999999,6068.700000000001,5.400000000001455
45302,14,30,2028.9,4,2024-01-11,2024-01-11 14:30:00,2024-01-11 14:30:00,GCG24.csv,598,GCG24.csv,1.0,2028.0,2028.0,2028.9,2028.0,0.900000000000091
45302,16,0,2032.1,7,2024-01-11,2024-01-11 16:00:00,2024-01-11 16:00:00,GCG24.csv,78,GCG24.csv,3.0,2032.4,2032.4,6096.299999999999,6097.200000000001,-0.9000000000014552
45303,6,0,2050.7,2,2024-01-12,2024-01-12 06:00:00,2024-01-12 06:00:00,GCG24.csv,450,GCG24.csv,-5.0,2051.1,2051.1,10253.5,10255.5,2.0
45303,8,40,2059.3,0,2024-01-12,2024-01-12 08:40:00,2024-01-12 08:40:00,GCG24.csv,482,GCG24.csv,-2.0,2058.7,2058.7,4118.6,4117.4,-1.2000000000007276
45303,9,0,2061.2,1,2024-01-12,2024-01-12 09:00:00,2024-01-12 09:00:00,GCG24.csv,484,GCG24.csv,1.0,2063.6,2063.6,2061.2,2063.6,-2.400000000000091
45303,9,20,2060.0,4,2024-01-12,2024-01-12 09:20:00,2024-01-12 09:20:00,GCG24.csv,452,GCG24.csv,3.0,2061.1,2061.1,6180.0,6183.299999999999,-3.2999999999992724
45303,10,0,2061.0,5,2024-01-12,2024-01-12 10:00:00,2024-01-12 10:00:00,GCG24.csv,786,GCG24.csv,1.0,2061.8,2061.8,2061.0,2061.8,-0.8000000000001819
45303,10,20,2062.6,4,2024-01-12,2024-01-12 10:20:00,2024-01-12 10:20:00,GCG24.csv,208,GCG24.csv,-1.0,2062.4,2062.4,2062.6,2062.4,-0.1999999999998181
45303,10,30,2062.9,1,2024-01-12,2024-01-12 10:30:00,2024-01-12 10:30:00,GCG24.csv,543,GCG24.csv,-3.0,2061.8,2061.8,6188.700000000001,6185.400000000001,-3.300000000000182
45303,11,0,2058.3,-1,2024-01-12,2024-01-12 11:00:00,2024-01-12 11:00:00,GCG24.csv,235,GCG24.csv,-2.0,2058.0,2058.0,4116.6,4116.0,-0.6000000000003638
45303,12,0,2052.5,-3,2024-01-12,2024-01-12 12:00:00,2024-01-12 12:00:00,GCG24.csv,277,GCG24.csv,-2.0,2051.4,2051.4,4105.0,4102.8,-2.199999999999818
45303,14,0,2051.7,-4,2024-01-12,2024-01-12 14:00:00,2024-01-12 14:00:00,GCG24.csv,68,GCG24.csv,-1.0,2052.1,2052.1,2051.7,2052.1,0.40000000000009095
45303,14,30,2052.7,-1,2024-01-12,2024-01-12 14:30:00,2024-01-12 14:30:00,GCG24.csv,37,GCG24.csv,3.0,2052.1,2052.1,6158.099999999999,6156.299999999999,1.800000000000182
45303,16,0,2051.7,0,2024-01-12,2024-01-12 16:00:00,2024-01-12 16:00:00,GCG24.csv,95,GCG24.csv,1.0,2051.2,2051.2,2051.7,2051.2,0.5
45306,1,30,2060.0,1,2024-01-15,2024-01-15 01:30:00,2024-01-15 01:30:00,GCG24.csv,58,GCG24.csv,1.0,2060.0,2060.0,2060.0,2060.0,0.0
45306,3,30,2060.2,0,2024-01-15,2024-01-15 03:30:00,2024-01-15 03:30:00,GCG24.csv,10,GCG24.csv,-1.0,2060.2,2060.2,2060.2,2060.2,-0.0
45306,4,30,2060.1,2,2024-01-15,2024-01-15 04:30:00,2024-01-15 04:30:00,GCG24.csv,25,GCG24.csv,2.0,2060.1,2060.1,4120.2,4120.2,0.0
45306,6,0,2057.2,6,2024-01-15,2024-01-15 06:00:00,2024-01-15 06:00:00,GCG24.csv,35,GCG24.csv,4.0,2057.2,2057.2,8228.8,8228.8,0.0
45306,8,30,2056.5,4,2024-01-15,2024-01-15 08:30:00,2024-01-15 08:30:00,GCG24.csv,63,GCG24.csv,-2.0,2056.5,2056.5,4113.0,4113.0,-0.0
45306,10,30,2055.8,5,2024-01-15,2024-01-15 10:30:00,2024-01-15 10:30:00,GCG24.csv,63,GCG24.csv,1.0,2055.8,2055.8,2055.8,2055.8,0.0
45306,12,0,2058.3,2,2024-01-15,2024-01-15 12:00:00,2024-01-15 12:00:00,GCG24.csv,36,GCG24.csv,-3.0,2058.3,2058.3,6174.900000000001,6174.900000000001,-0.0
45306,14,30,2059.0,1,2024-01-15,2024-01-15 14:30:00,2024-01-15 14:30:00,GCG24.csv,68,GCG24.csv,-1.0,2059.0,2060.4,2059.0,2060.4,1.400000000000091
45307,1,30,2052.9,2,2024-01-16,2024-01-16 01:30:00,2024-01-16 01:30:00,GCG24.csv,27,GCG24.csv,1.0,2052.9,2052.9,2052.9,2052.9,0.0
45307,3,30,2051.3,1,2024-01-16,2024-01-16 03:30:00,2024-01-16 03:30:00,GCG24.csv,200,GCG24.csv,-1.0,2051.4,2048.9,2051.3,2048.9,-2.400000000000091
45307,4,30,2043.7,-2,2024-01-16,2024-01-16 04:30:00,2024-01-16 04:30:00,GCG24.csv,75,GCG24.csv,-3.0,2043.8,2043.8,6131.1,6131.4,0.2999999999992724
45307,6,0,2044.5,-4,2024-01-16,2024-01-16 06:00:00,2024-01-16 06:00:00,GCG24.csv,76,GCG24.csv,-2.0,2044.6,2044.6,4089.0,4089.2,0.1999999999998181
45307,8,30,2037.9,-1,2024-01-16,2024-01-16 08:30:00,2024-01-16 08:30:00,GCG24.csv,1587,GCG24.csv,3.0,2037.8,2037.8,6113.700000000001,6113.4,0.3000000000010914
45307,9,0,2041.5,-3,2024-01-16,2024-01-16 09:00:00,2024-01-16 09:00:00,GCG24.csv,391,GCG24.csv,-2.0,2041.6,2041.6,4083.0,4083.2,0.1999999999998181
45307,10,30,2042.6,0,2024-01-16,2024-01-16 10:30:00,2024-01-16 10:30:00,GCG24.csv,113,GCG24.csv,3.0,2042.5,2042.5,6127.799999999999,6127.5,0.2999999999992724
45307,11,0,2044.9,2,2024-01-16,2024-01-16 11:00:00,2024-01-16 11:00:00,GCG24.csv,2945,GCG24.csv,2.0,2044.8,2044.8,4089.8,4089.6,0.20000000000027285
45307,12,0,2037.0,5,2024-01-16,2024-01-16 12:00:00,2024-01-16 12:00:00,GCG24.csv,201,GCG24.csv,3.0,2036.9,2036.9,6111.0,6110.700000000001,0.2999999999992724
45307,14,0,2028.6,6,2024-01-16,2024-01-16 14:00:00,2024-01-16 14:00:00,GCG24.csv,317,GCG24.csv,1.0,2028.5,2028.5,2028.6,2028.5,0.09999999999990905
45307,14,30,2031.1,3,2024-01-16,2024-01-16 14:30:00,2024-01-16 14:30:00,GCG24.csv,64,GCG24.csv,-3.0,2031.2,2031.2,6093.299999999999,6093.6,0.3000000000010914
45307,16,0,2031.8,2,2024-01-16,2024-01-16 16:00:00,2024-01-16 16:00:00,GCG24.csv,73,GCG24.csv,-1.0,2031.8,2031.8,2031.8,2031.8,-0.0
45308,1,30,2020.7,0,2024-01-17,2024-01-17 01:30:00,2024-01-17 01:30:00,GCG24.csv,57,GCG24.csv,-2.0,2021.4,2021.4,4041.4,4042.8,1.400000000000091
45308,3,30,2027.2,2,2024-01-17,2024-01-17 03:30:00,2024-01-17 03:30:00,GCG24.csv,81,GCG24.csv,2.0,2026.9,2026.9,4054.4,4053.8,0.599999999999909
45308,4,30,2023.6,-2,2024-01-17,2024-01-17 04:30:00,2024-01-17 04:30:00,GCG24.csv,161,GCG24.csv,-4.0,2024.0,2024.0,8094.4,8096.0,1.6000000000003638
45308,8,30,2025.4,2,2024-01-17,2024-01-17 08:30:00,2024-01-17 08:30:00,GCG24.csv,2065,GCG24.csv,4.0,2024.1,2024.1,8101.6,8096.4,5.200000000000728
45308,8,40,2028.2,1,2024-01-17,2024-01-17 08:40:00,2024-01-17 08:40:00,GCG24.csv,404,GCG24.csv,-1.0,2026.6,2026.6,2028.2,2026.6,-1.6000000000001364
45308,9,0,2025.8,3,2024-01-17,2024-01-17 09:00:00,2024-01-17 09:00:00,GCG24.csv,460,GCG24.csv,2.0,2025.8,2025.8,4051.6,4051.6,0.0
45308,9,20,2022.3,5,2024-01-17,2024-01-17 09:20:00,2024-01-17 09:20:00,GCG24.csv,154,GCG24.csv,2.0,2023.6,2023.6,4044.6,4047.2,-2.599999999999909
45308,9,40,2023.6,3,2024-01-17,2024-01-17 09:40:00,2024-01-17 09:40:00,GCG24.csv,225,GCG24.csv,-2.0,2023.1,2023.1,4047.2,4046.2,-1.0
45308,10,0,2015.1,4,2024-01-17,2024-01-17 10:00:00,2024-01-17 10:00:00,GCG24.csv,1683,GCG24.csv,1.0,2014.8,2014.8,2015.1,2014.8,0.2999999999999545
45308,10,10,2016.1,5,2024-01-17,2024-01-17 10:10:00,2024-01-17 10:10:00,GCG24.csv,356,GCG24.csv,1.0,2016.5,2016.5,2016.1,2016.5,-0.40000000000009095
45308,10,20,2013.6,4,2024-01-17,2024-01-17 10:20:00,2024-01-17 10:20:00,GCG24.csv,724,GCG24.csv,-1.0,2014.4,2014.4,2013.6,2014.4,0.8000000000001819
45308,11,0,2011.7,3,2024-01-17,2024-01-17 11:00:00,2024-01-17 11:00:00,GCG24.csv,212,GCG24.csv,-1.0,2011.9,2011.9,2011.7,2011.9,0.20000000000004547
45308,12,0,2008.4,6,2024-01-17,2024-01-17 12:00:00,2024-01-17 12:00:00,GCG24.csv,127,GCG24.csv,3.0,2008.8,2008.8,6025.200000000001,6026.4,-1.1999999999989086
45308,14,30,2008.3,5,2024-01-17,2024-01-17 14:30:00,2024-01-17 14:30:00,GCG24.csv,75,GCG24.csv,-1.0,2007.8,2007.8,2008.3,2007.8,-0.5
45309,1,30,2013.6,3,2024-01-18,2024-01-18 01:30:00,2024-01-18 01:30:00,GCG24.csv,62,GCG24.csv,-2.0,2013.4,2013.4,4027.2,4026.8,-0.3999999999996362
45309,3,30,2013.7,5,2024-01-18,2024-01-18 03:30:00,2024-01-18 03:30:00,GCG24.csv,69,GCG24.csv,2.0,2012.7,2012.7,4027.4,4025.4,2.0
45309,4,30,2013.9,0,2024-01-18,2024-01-18 04:30:00,2024-01-18 04:30:00,GCG24.csv,152,GCG24.csv,-5.0,2014.4,2014.4,10069.5,10072.0,2.5
45309,6,0,2013.7,-1,2024-01-18,2024-01-18 06:00:00,2024-01-18 06:00:00,GCG24.csv,37,GCG24.csv,-1.0,2014.2,2014.2,2013.7,2014.2,0.5
45309,8,30,2010.2,4,2024-01-18,2024-01-18 08:30:00,2024-01-18 08:30:00,GCG24.csv,1539,GCG24.csv,5.0,2013.5,2013.5,10051.0,10067.5,-16.5
45309,9,0,2011.3,5,2024-01-18,2024-01-18 09:00:00,2024-01-18 09:00:00,GCG24.csv,153,GCG24.csv,1.0,2012.4,2012.4,2011.3,2012.4,-1.1000000000001364
45309,10,30,2016.0,7,2024-01-18,2024-01-18 10:30:00,2024-01-18 10:30:00,GCG24.csv,222,GCG24.csv,2.0,2016.2,2016.2,4032.0,4032.4,-0.40000000000009095
45309,11,0,2015.8,6,2024-01-18,2024-01-18 11:00:00,2024-01-18 11:00:00,GCG24.csv,104,GCG24.csv,-1.0,2015.8,2015.8,2015.8,2015.8,-0.0
45309,12,0,2017.2,3,2024-01-18,2024-01-18 12:00:00,2024-01-18 12:00:00,GCG24.csv,229,GCG24.csv,-3.0,2017.0,2017.0,6051.6,6051.0,-0.6000000000003638
45309,14,30,2022.0,1,2024-01-18,2024-01-18 14:30:00,2024-01-18 14:30:00,GCG24.csv,101,GCG24.csv,-2.0,2023.0,2023.0,4044.0,4046.0,2.0
45310,4,30,2032.3,2,2024-01-19,2024-01-19 04:30:00,2024-01-19 04:30:00,GCG24.csv,28,GCG24.csv,1.0,2031.2,2031.2,2032.3,2031.2,1.099999999999909
45310,6,0,2032.6,6,2024-01-19,2024-01-19 06:00:00,2024-01-19 06:00:00,GCG24.csv,19,GCG24.csv,4.0,2032.9,2032.9,8130.4,8131.6,-1.2000000000007276
45310,8,30,2038.8,5,2024-01-19,2024-01-19 08:30:00,2024-01-19 08:30:00,GCG24.csv,470,GCG24.csv,-1.0,2039.6,2039.6,2038.8,2039.6,0.7999999999999545
45310,9,0,2037.7,1,2024-01-19,2024-01-19 09:00:00,2024-01-19 09:00:00,GCG24.csv,175,GCG24.csv,-4.0,2036.9,2036.9,8150.8,8147.6,-3.199999999999818
45310,9,40,2030.7,2,2024-01-19,2024-01-19 09:40:00,2024-01-19 09:40:00,GCG24.csv,725,GCG24.csv,1.0,2029.6,2029.6,2030.7,2029.6,1.1000000000001364
45310,9,50,2029.5,4,2024-01-19,2024-01-19 09:50:00,2024-01-19 09:50:00,GCG24.csv,257,GCG24.csv,2.0,2030.9,2030.9,4059.0,4061.8,-2.800000000000182
45310,10,0,2033.9,3,2024-01-19,2024-01-19 10:00:00,2024-01-19 10:00:00,GCG24.csv,1801,GCG24.csv,-1.0,2031.5,2031.5,2033.9,2031.5,-2.400000000000091
45310,10,10,2028.2,1,2024-01-19,2024-01-19 10:10:00,2024-01-19 10:10:00,GCG24.csv,315,GCG24.csv,-2.0,2026.9,2026.9,4056.4,4053.8,-2.599999999999909
45310,11,0,2029.8,5,2024-01-19,2024-01-19 11:00:00,2024-01-19 11:00:00,GCG24.csv,191,GCG24.csv,4.0,2031.0,2031.0,8119.2,8124.0,-4.800000000000182
45310,16,30,2031.6,0,2024-01-19,2024-01-19 16:30:00,2024-01-19 16:30:00,GCG24.csv,18,GCG24.csv,-5.0,2031.5,2031.5,10158.0,10157.5,-0.5
45313,1,30,2025.8,1,2024-01-22,2024-01-22 01:30:00,2024-01-22 01:30:00,GCG24.csv,86,GCG24.csv,1.0,2025.8,2025.8,2025.8,2025.8,0.0
45313,3,30,2027.0,0,2024-01-22,2024-01-22 03:30:00,2024-01-22 03:30:00,GCG24.csv,82,GCG24.csv,-1.0,2027.1,2024.2,2027.0,2024.2,-2.7999999999999545
45313,4,30,2023.9,-3,2024-01-22,2024-01-22 04:30:00,2024-01-22 04:30:00,GCG24.csv,45,GCG24.csv,-3.0,2024.0,2024.0,6071.700000000001,6072.0,0.2999999999992724
45313,8,30,2026.9,0,2024-01-22,2024-01-22 08:30:00,2024-01-22 08:30:00,GCG24.csv,342,GCG24.csv,3.0,2026.9,2026.9,6080.700000000001,6080.700000000001,0.0
45313,10,30,2028.2,-1,2024-01-22,2024-01-22 10:30:00,2024-01-22 10:30:00,GCG24.csv,177,GCG24.csv,-1.0,2028.3,2028.3,2028.2,2028.3,0.09999999999990905
45313,12,0,2025.3,-4,2024-01-22,2024-01-22 12:00:00,2024-01-22 12:00:00,GCG24.csv,62,GCG24.csv,-3.0,2025.4,2025.4,6075.9,6076.200000000001,0.3000000000010914
45313,14,30,2021.7,-3,2024-01-22,2024-01-22 14:30:00,2024-01-22 14:30:00,GCG24.csv,25,GCG24.csv,1.0,2021.7,2021.7,2021.7,2021.7,0.0
45314,1,30,2031.6,1,2024-01-23,2024-01-23 01:30:00,2024-01-23 01:30:00,GCG24.csv,55,GCG24.csv,4.0,2031.6,2031.6,8126.4,8126.4,0.0
45314,3,30,2031.7,-3,2024-01-23,2024-01-23 03:30:00,2024-01-23 03:30:00,GCG24.csv,40,GCG24.csv,-4.0,2031.8,2031.8,8126.8,8127.2,0.3999999999996362
45314,4,30,2031.3,0,2024-01-23,2024-01-23 04:30:00,2024-01-23 04:30:00,GCG24.csv,39,GCG24.csv,3.0,2031.2,2031.2,6093.9,6093.6,0.2999999999992724
45314,6,0,2026.4,-1,2024-01-23,2024-01-23 06:00:00,2024-01-23 06:00:00,GCG24.csv,176,GCG24.csv,-1.0,2026.5,2025.6,2026.4,2025.6,-0.8000000000001819
45314,8,30,2029.8,-4,2024-01-23,2024-01-23 08:30:00,2024-01-23 08:30:00,GCG24.csv,202,GCG24.csv,-3.0,2029.9,2029.9,6089.4,6089.700000000001,0.3000000000010914
45314,9,0,2026.1,-6,2024-01-23,2024-01-23 09:00:00,2024-01-23 09:00:00,GCG24.csv,130,GCG24.csv,-2.0,2026.2,2026.2,4052.2,4052.4,0.20000000000027285
45314,10,30,2026.1,-2,2024-01-23,2024-01-23 10:30:00,2024-01-23 10:30:00,GCG24.csv,175,GCG24.csv,4.0,2026.0,2026.0,8104.4,8104.0,0.3999999999996362
45314,11,0,2026.7,0,2024-01-23,2024-01-23 11:00:00,2024-01-23 11:00:00,GCG24.csv,167,GCG24.csv,2.0,2026.6,2026.6,4053.4,4053.2,0.20000000000027285
45314,12,0,2027.0,4,2024-01-23,2024-01-23 12:00:00,2024-01-23 12:00:00,GCG24.csv,74,GCG24.csv,4.0,2026.9,2026.9,8108.0,8107.6,0.3999999999996362
45314,14,30,2029.9,0,2024-01-23,2024-01-23 14:30:00,2024-01-23 14:30:00,GCG24.csv,112,GCG24.csv,-4.0,2030.0,2030.0,8119.6,8120.0,0.3999999999996362
45315,9,0,2035.1,-3,2024-01-24,2024-01-24 09:00:00,2024-01-24 09:00:00,GCG24.csv,114,GCG24.csv,-3.0,2035.2,2035.2,6105.299999999999,6105.6,0.3000000000010914
45315,9,40,2028.1,-2,2024-01-24,2024-01-24 09:40:00,2024-01-24 09:40:00,GCG24.csv,681,GCG24.csv,1.0,2028.0,2028.0,2028.1,2028.0,0.09999999999990905
45315,9,50,2025.6,0,2024-01-24,2024-01-24 09:50:00,2024-01-24 09:50:00,GCG24.csv,681,GCG24.csv,2.0,2025.5,2025.5,4051.2,4051.0,0.1999999999998181
45315,10,0,2025.7,-1,2024-01-24,2024-01-24 10:00:00,2024-01-24 10:00:00,GCG24.csv,730,GCG24.csv,-1.0,2025.8,2025.8,2025.7,2025.8,0.09999999999990905
45315,10,10,2024.9,-3,2024-01-24,2024-01-24 10:10:00,2024-01-24 10:10:00,GCG24.csv,341,GCG24.csv,-2.0,2025.0,2025.0,4049.8,4050.0,0.1999999999998181
45315,10,30,2020.7,-1,2024-01-24,2024-01-24 10:30:00,2024-01-24 10:30:00,GCG24.csv,729,GCG24.csv,2.0,2020.6,2020.6,4041.4,4041.2,0.20000000000027285
45315,11,0,2016.0,2,2024-01-24,2024-01-24 11:00:00,2024-01-24 11:00:00,GCG24.csv,726,GCG24.csv,3.0,2015.9,2015.9,6048.0,6047.700000000001,0.2999999999992724
45315,12,0,2016.2,1,2024-01-24,2024-01-24 12:00:00,2024-01-24 12:00:00,GCG24.csv,256,GCG24.csv,-1.0,2016.3,2016.3,2016.2,2016.3,0.09999999999990905
45315,14,0,2015.8,2,2024-01-24,2024-01-24 14:00:00,2024-01-24 14:00:00,GCG24.csv,23,GCG24.csv,1.0,2015.7,2015.7,2015.8,2015.7,0.09999999999990905
45315,14,30,2013.2,0,2024-01-24,2024-01-24 14:30:00,2024-01-24 14:30:00,GCG24.csv,46,GCG24.csv,-2.0,2013.3,2013.3,4026.4,4026.6,0.1999999999998181
45315,16,0,2012.9,-1,2024-01-24,2024-01-24 16:00:00,2024-01-24 16:00:00,GCG24.csv,49,GCG24.csv,-1.0,2013.0,2013.0,2012.9,2013.0,0.09999999999990905
45316,1,30,2015.3,-4,2024-01-25,2024-01-25 01:30:00,2024-01-25 01:30:00,GCG24.csv,40,GCG24.csv,-3.0,2015.3,2015.3,6045.9,6045.9,-0.0
45316,3,30,2013.2,-1,2024-01-25,2024-01-25 03:30:00,2024-01-25 03:30:00,GCG24.csv,183,GCG24.csv,3.0,2013.2,2013.2,6039.6,6039.6,0.0
45316,4,30,2014.4,-5,2024-01-25,2024-01-25 04:30:00,2024-01-25 04:30:00,GCG24.csv,69,GCG24.csv,-4.0,2014.5,2014.5,8057.6,8058.0,0.3999999999996362
45316,6,0,2019.3,-4,2024-01-25,2024-01-25 06:00:00,2024-01-25 06:00:00,GCG24.csv,48,GCG24.csv,1.0,2019.3,2019.3,2019.3,2019.3,0.0
45316,8,30,2017.8,0,2024-01-25,2024-01-25 08:30:00,2024-01-25 08:30:00,GCG24.csv,4527,GCG24.csv,4.0,2017.7,2017.7,8071.2,8070.8,0.3999999999996362
45316,9,0,2019.3,-3,2024-01-25,2024-01-25 09:00:00,2024-01-25 09:00:00,GCG24.csv,244,GCG24.csv,-3.0,2019.4,2019.4,6057.9,6058.200000000001,0.3000000000010914
45316,10,30,2019.8,-1,2024-01-25,2024-01-25 10:30:00,2024-01-25 10:30:00,GCG24.csv,312,GCG24.csv,2.0,2019.7,2019.7,4039.6,4039.4,0.1999999999998181
45316,11,0,2020.3,2,2024-01-25,2024-01-25 11:00:00,2024-01-25 11:00:00,GCG24.csv,155,GCG24.csv,3.0,2020.2,2020.2,6060.9,6060.6,0.2999999999992724
45316,12,0,2014.4,5,2024-01-25,2024-01-25 12:00:00,2024-01-25 12:00:00,GCG24.csv,113,GCG24.csv,3.0,2014.3,2014.3,6043.200000000001,6042.9,0.3000000000010914
45316,14,30,2018.1,3,2024-01-25,2024-01-25 14:30:00,2024-01-25 14:30:00,GCG24.csv,44,GCG24.csv,-2.0,2018.2,2018.2,4036.2,4036.4,0.20000000000027285
45317,9,0,2024.3,0,2024-01-26,2024-01-26 09:00:00,2024-01-26 09:00:00,GCG24.csv,285,GCG24.csv,-3.0,2024.8,2024.8,6072.9,6074.4,1.5
45317,10,30,2017.8,2,2024-01-26,2024-01-26 10:30:00,2024-01-26 10:30:00,GCG24.csv,104,GCG24.csv,2.0,2018.1,2018.1,4035.6,4036.2,-0.599999999999909
45317,11,0,2016.6,5,2024-01-26,2024-01-26 11:00:00,2024-01-26 11:00:00,GCG24.csv,92,GCJ24.csv,3.0,2035.8,2035.8,6049.799999999999,6107.4,-57.600000000000364
45317,12,0,2017.8,4,2024-01-26,2024-01-26 12:00:00,2024-01-26 12:00:00,GCG24.csv,40,GCG24.csv,-1.0,2017.1,2017.1,2017.8,2017.1,-0.7000000000000455
45317,14,30,2015.8,2,2024-01-26,2024-01-26 14:30:00,2024-01-26 14:30:00,GCG24.csv,48,GCG24.csv,-2.0,2016.0,2016.0,4031.6,4032.0,0.40000000000009095
45317,16,30,2018.6,0,2024-01-26,2024-01-26 16:30:00,2024-01-26 16:30:00,GCG24.csv,11,GCG24.csv,-2.0,2018.6,2018.6,4037.2,4037.2,-0.0
45320,1,30,2026.6,4,2024-01-29,2024-01-29 01:30:00,2024-01-29 01:30:00,GCJ24.csv,13,GCJ24.csv,4.0,2045.4,2045.4,8106.4,8181.6,-75.20000000000073
45320,3,30,2031.3,0,2024-01-29,2024-01-29 03:30:00,2024-01-29 03:30:00,GCJ24.csv,170,GCJ24.csv,-4.0,2050.1,2050.1,8125.2,8200.4,75.19999999999982
45320,4,30,2029.6,1,2024-01-29,2024-01-29 04:30:00,2024-01-29 04:30:00,GCJ24.csv,27,GCJ24.csv,1.0,2048.4,2048.4,2029.6,2048.4,-18.800000000000182
45320,6,0,2026.9,-1,2024-01-29,2024-01-29 06:00:00,2024-01-29 06:00:00,GCJ24.csv,43,GCJ24.csv,-2.0,2045.8,2045.8,4053.8,4091.6,37.79999999999973
45320,8,30,2030.9,-2,2024-01-29,2024-01-29 08:30:00,2024-01-29 08:30:00,GCJ24.csv,326,GCJ24.csv,-1.0,2050.0,2050.0,2030.9,2050.0,19.09999999999991
45320,9,0,2036.3,-5,2024-01-29,2024-01-29 09:00:00,2024-01-29 09:00:00,GCJ24.csv,203,GCJ24.csv,-3.0,2055.3,2055.3,6108.9,6165.900000000001,57.00000000000091
45320,9,30,2032.0,-3,2024-01-29,2024-01-29 09:30:00,2024-01-29 09:30:00,GCJ24.csv,559,GCJ24.csv,2.0,2051.1,2051.1,4064.0,4102.2,-38.19999999999982
45320,9,40,2026.2,-2,2024-01-29,2024-01-29 09:40:00,2024-01-29 09:40:00,GCJ24.csv,1448,GCJ24.csv,1.0,2045.4,2045.4,2026.2,2045.4,-19.200000000000045
45320,10,0,2023.5,-3,2024-01-29,2024-01-29 10:00:00,2024-01-29 10:00:00,GCJ24.csv,550,GCJ24.csv,-1.0,2042.6,2042.6,2023.5,2042.6,19.09999999999991
45320,10,10,2023.9,-5,2024-01-29,2024-01-29 10:10:00,2024-01-29 10:10:00,GCJ24.csv,276,GCJ24.csv,-2.0,2043.1,2043.1,4047.8,4086.2,38.399999999999636
45320,10,30,2020.5,-1,2024-01-29,2024-01-29 10:30:00,2024-01-29 10:30:00,GCJ24.csv,315,GCJ24.csv,4.0,2039.8,2039.8,8082.0,8159.2,-77.19999999999982
45320,11,0,2024.5,2,2024-01-29,2024-01-29 11:00:00,2024-01-29 11:00:00,GCJ24.csv,98,GCJ24.csv,3.0,2043.6,2043.6,6073.5,6130.799999999999,-57.29999999999927
45320,12,0,2026.0,3,2024-01-29,2024-01-29 12:00:00,2024-01-29 12:00:00,GCJ24.csv,97,GCJ24.csv,1.0,2045.3,2045.3,2026.0,2045.3,-19.299999999999955
45320,14,30,2025.7,-1,2024-01-29,2024-01-29 14:30:00,2024-01-29 14:30:00,GCG24.csv,81,GCJ24.csv,-4.0,2044.8,2044.8,8102.8,8179.2,76.39999999999964
45321,1,30,2033.9,1,2024-01-30,2024-01-30 01:30:00,2024-01-30 01:30:00,GCJ24.csv,49,GCJ24.csv,2.0,2053.0,2053.0,4067.8,4106.0,-38.19999999999982
45321,3,30,2037.0,-1,2024-01-30,2024-01-30 03:30:00,2024-01-30 03:30:00,GCJ24.csv,90,GCJ24.csv,-2.0,2056.2,2056.2,4074.0,4112.4,38.399999999999636
45321,4,30,2035.9,1,2024-01-30,2024-01-30 04:30:00,2024-01-30 04:30:00,GCJ24.csv,146,GCJ24.csv,2.0,2055.7,2055.7,4071.8,4111.4,-39.599999999999454
45321,6,0,2034.3,3,2024-01-30,2024-01-30 06:00:00,2024-01-30 06:00:00,GCJ24.csv,64,GCJ24.csv,2.0,2054.2,2054.2,4068.6,4108.4,-39.79999999999973
45321,8,30,2034.2,1,2024-01-30,2024-01-30 08:30:00,2024-01-30 08:30:00,GCJ24.csv,266,GCJ24.csv,-2.0,2054.2,2054.2,4068.4,4108.4,39.999999999999545
45321,9,0,2036.7,-2,2024-01-30,2024-01-30 09:00:00,2024-01-30 09:00:00,GCJ24.csv,414,GCJ24.csv,-3.0,2055.9,2055.9,6110.1,6167.700000000001,57.600000000000364
45321,9,10,2039.9,-4,2024-01-30,2024-01-30 09:10:00,2024-01-30 09:10:00,GCJ24.csv,534,GCJ24.csv,-2.0,2061.0,2061.0,4079.8,4122.0,42.19999999999982
45321,9,20,2044.6,-6,2024-01-30,2024-01-30 09:20:00,2024-01-30 09:20:00,GCJ24.csv,940,GCJ24.csv,-2.0,2064.5,2064.5,4089.2,4129.0,39.80000000000018
45321,9,40,2046.2,-4,2024-01-30,2024-01-30 09:40:00,2024-01-30 09:40:00,GCJ24.csv,703,GCJ24.csv,2.0,2065.7,2065.7,4092.4,4131.4,-38.999999999999545
45321,9,50,2045.7,-2,2024-01-30,2024-01-30 09:50:00,2024-01-30 09:50:00,GCJ24.csv,911,GCJ24.csv,2.0,2065.2,2065.2,4091.4,4130.4,-38.999999999999545
45321,10,10,2036.5,-1,2024-01-30,2024-01-30 10:10:00,2024-01-30 10:10:00,GCJ24.csv,814,GCJ24.csv,1.0,2055.3,2055.3,2036.5,2055.3,-18.800000000000182
45321,10,30,2028.1,2,2024-01-30,2024-01-30 10:30:00,2024-01-30 10:30:00,GCJ24.csv,628,GCJ24.csv,3.0,2049.1,2049.1,6084.299999999999,6147.299999999999,-63.0
45321,10,50,2032.1,1,2024-01-30,2024-01-30 10:50:00,2024-01-30 10:50:00,GCJ24.csv,213,GCJ24.csv,-1.0,2050.5,2050.5,2032.1,2050.5,18.40000000000009
45321,11,0,2031.5,4,2024-01-30,2024-01-30 11:00:00,2024-01-30 11:00:00,GCJ24.csv,324,GCJ24.csv,3.0,2051.0,2051.0,6094.5,6153.0,-58.5
45321,12,0,2034.4,1,2024-01-30,2024-01-30 12:00:00,2024-01-30 12:00:00,GCJ24.csv,122,GCJ24.csv,-3.0,2053.7,2053.7,6103.200000000001,6161.099999999999,57.89999999999873
45321,14,30,2034.7,-2,2024-01-30,2024-01-30 14:30:00,2024-01-30 14:30:00,GCJ24.csv,60,GCJ24.csv,-3.0,2054.8,2054.8,6104.1,6164.400000000001,60.30000000000018
45322,6,0,2035.9,-4,2024-01-31,2024-01-31 06:00:00,2024-01-31 06:00:00,GCJ24.csv,51,GCJ24.csv,-2.0,2055.0,2055.0,4071.8,4110.0,38.19999999999982
45322,9,0,2040.9,-7,2024-01-31,2024-01-31 09:00:00,2024-01-31 09:00:00,GCJ24.csv,663,GCJ24.csv,-3.0,2060.1,2060.1,6122.700000000001,6180.299999999999,57.599999999998545
45322,11,0,2053.1,-4,2024-01-31,2024-01-31 11:00:00,2024-01-31 11:00:00,GCJ24.csv,410,GCJ24.csv,3.0,2070.7000000000003,2070.7000000000003,6159.299999999999,6212.1,-52.80000000000109
45322,12,0,2049.3,-2,2024-01-31,2024-01-31 12:00:00,2024-01-31 12:00:00,GCJ24.csv,77,GCJ24.csv,2.0,2068.0,2068.0,4098.6,4136.0,-37.399999999999636
45323,4,30,2059.6,2,2024-02-01,2024-02-01 04:30:00,2024-02-01 04:30:00,GCJ24.csv,42,GCJ24.csv,4.0,2059.6,2059.6,8238.4,8238.4,0.0
45323,6,0,2048.7,4,2024-02-01,2024-02-01 06:00:00,2024-02-01 06:00:00,GCJ24.csv,409,GCJ24.csv,2.0,2048.7,2048.7,4097.4,4097.4,0.0
45323,8,30,2049.4,0,2024-02-01,2024-02-01 08:30:00,2024-02-01 08:30:00,GCJ24.csv,1673,GCJ24.csv,-4.0,2049.4,2049.4,8197.6,8197.6,-0.0
45323,8,40,2057.4,-2,2024-02-01,2024-02-01 08:40:00,2024-02-01 08:40:00,GCJ24.csv,1443,GCJ24.csv,-2.0,2057.4,2057.4,4114.8,4114.8,-0.0
45323,8,50,2057.7,-3,2024-02-01,2024-02-01 08:50:00,2024-02-01 08:50:00,GCJ24.csv,399,GCJ24.csv,-1.0,2057.7,2057.7,2057.7,2057.7,-0.0
45323,9,0,2057.0,0,2024-02-01,2024-02-01 09:00:00,2024-02-01 09:00:00,GCJ24.csv,366,GCJ24.csv,3.0,2056.9,2056.9,6171.0,6170.700000000001,0.2999999999992724
45323,9,10,2059.6,1,2024-02-01,2024-02-01 09:10:00,2024-02-01 09:10:00,GCJ24.csv,270,GCJ24.csv,1.0,2059.5,2063.2,2059.6,2063.2,-3.599999999999909
45323,9,20,2062.6,-1,2024-02-01,2024-02-01 09:20:00,2024-02-01 09:20:00,GCJ24.csv,379,GCJ24.csv,-2.0,2062.6,2062.6,4125.2,4125.2,-0.0
45323,9,30,2065.2,-2,2024-02-01,2024-02-01 09:30:00,2024-02-01 09:30:00,GCJ24.csv,950,GCJ24.csv,-1.0,2065.2,2065.2,2065.2,2065.2,-0.0
45323,9,40,2065.5,0,2024-02-01,2024-02-01 09:40:00,2024-02-01 09:40:00,GCJ24.csv,290,GCJ24.csv,2.0,2065.4,2065.4,4131.0,4130.8,0.1999999999998181
45323,9,50,2064.9,1,2024-02-01,2024-02-01 09:50:00,2024-02-01 09:50:00,GCJ24.csv,811,GCJ24.csv,1.0,2064.8,2064.8,2064.9,2064.8,0.09999999999990905
45323,10,0,2058.4,2,2024-02-01,2024-02-01 10:00:00,2024-02-01 10:00:00,GCJ24.csv,2747,GCJ24.csv,1.0,2058.3,2058.3,2058.4,2058.3,0.09999999999990905
45323,10,20,2065.2,1,2024-02-01,2024-02-01 10:20:00,2024-02-01 10:20:00,GCJ24.csv,349,GCJ24.csv,-1.0,2065.2,2065.2,2065.2,2065.2,-0.0
45323,10,30,2066.2,0,2024-02-01,2024-02-01 10:30:00,2024-02-01 10:30:00,GCJ24.csv,292,GCJ24.csv,-1.0,2066.2,2066.2,2066.2,2066.2,-0.0
45323,11,0,2069.6,-1,2024-02-01,2024-02-01 11:00:00,2024-02-01 11:00:00,GCJ24.csv,967,GCJ24.csv,-1.0,2069.6,2069.6,2069.6,2069.6,-0.0
45323,12,0,2076.9,-5,2024-02-01,2024-02-01 12:00:00,2024-02-01 12:00:00,GCJ24.csv,356,GCJ24.csv,-4.0,2076.9,2076.9,8307.6,8307.6,-0.0
45323,14,30,2073.5,-4,2024-02-01,2024-02-01 14:30:00,2024-02-01 14:30:00,GCJ24.csv,38,GCJ24.csv,1.0,2073.5,2073.5,2073.5,2073.5,0.0
45324,1,30,2073.0,0,2024-02-02,2024-02-02 01:30:00,2024-02-02 01:30:00,GCJ24.csv,50,GCJ24.csv,4.0,2073.0,2073.0,8292.0,8292.0,0.0
45324,3,30,2072.3,-4,2024-02-02,2024-02-02 03:30:00,2024-02-02 03:30:00,GCJ24.csv,28,GCJ24.csv,-4.0,2072.3,2072.3,8289.2,8289.2,-0.0
45324,4,30,2071.9,0,2024-02-02,2024-02-02 04:30:00,2024-02-02 04:30:00,GCJ24.csv,47,GCJ24.csv,4.0,2071.9,2071.9,8287.6,8287.6,0.0
45324,6,0,2071.7,-2,2024-02-02,2024-02-02 06:00:00,2024-02-02 06:00:00,GCJ24.csv,26,GCJ24.csv,-2.0,2071.7,2071.7,4143.4,4143.4,-0.0
45324,8,30,2070.1,-6,2024-02-02,2024-02-02 08:30:00,2024-02-02 08:30:00,GCJ24.csv,7454,GCJ24.csv,-4.0,2057.5,2057.5,8280.4,8230.0,-50.399999999999636
45324,8,40,2053.6,-4,2024-02-02,2024-02-02 08:40:00,2024-02-02 08:40:00,GCJ24.csv,4023,GCJ24.csv,2.0,2051.6,2051.6,4107.2,4103.2,4.0
45324,9,20,2048.2,-6,2024-02-02,2024-02-02 09:20:00,2024-02-02 09:20:00,GCJ24.csv,651,GCJ24.csv,-2.0,2047.0,2047.0,4096.4,4094.0,-2.399999999999636
45324,9,50,2051.3,-7,2024-02-02,2024-02-02 09:50:00,2024-02-02 09:50:00,GCJ24.csv,836,GCJ24.csv,-1.0,2050.0,2050.0,2051.3,2050.0,-1.300000000000182
45324,10,10,2049.7,-6,2024-02-02,2024-02-02 10:10:00,2024-02-02 10:10:00,GCJ24.csv,315,GCJ24.csv,1.0,2050.3,2050.3,2049.7,2050.3,-0.6000000000003638
45324,10,20,2046.9,-4,2024-02-02,2024-02-02 10:20:00,2024-02-02 10:20:00,GCJ24.csv,298,GCJ24.csv,2.0,2046.8,2046.8,4093.8,4093.6,0.20000000000027285
45324,10,30,2047.8,0,2024-02-02,2024-02-02 10:30:00,2024-02-02 10:30:00,GCJ24.csv,323,GCJ24.csv,4.0,2047.5,2047.5,8191.2,8190.0,1.199999999999818
45324,10,40,2049.7,-2,2024-02-02,2024-02-02 10:40:00,2024-02-02 10:40:00,GCJ24.csv,1159,GCJ24.csv,-2.0,2050.8,2050.8,4099.4,4101.6,2.2000000000007276
45324,12,0,2053.3,2,2024-02-02,2024-02-02 12:00:00,2024-02-02 12:00:00,GCJ24.csv,154,GCJ24.csv,4.0,2053.2000000000003,2053.2000000000003,8213.2,8212.800000000001,0.3999999999996362
45324,14,0,2054.5,1,2024-02-02,2024-02-02 14:00:00,2024-02-02 14:00:00,GCJ24.csv,32,GCJ24.csv,-1.0,2054.4,2054.4,2054.5,2054.4,-0.09999999999990905
45324,14,30,2054.3,-3,2024-02-02,2024-02-02 14:30:00,2024-02-02 14:30:00,GCJ24.csv,61,GCJ24.csv,-4.0,2053.8,2053.8,8217.2,8215.2,-2.0
45324,16,0,2053.2,-2,2024-02-02,2024-02-02 16:00:00,2024-02-02 16:00:00,GCJ24.csv,95,GCJ24.csv,1.0,2053.7,2053.7,2053.2,2053.7,-0.5
45324,16,30,2054.5,0,2024-02-02,2024-02-02 16:30:00,2024-02-02 16:30:00,GCJ24.csv,33,GCJ24.csv,2.0,2054.6,2054.6,4109.0,4109.2,-0.1999999999998181
45327,1,30,2046.9,-2,2024-02-05,2024-02-05 01:30:00,2024-02-05 01:30:00,GCJ24.csv,40,GCJ24.csv,-2.0,2046.9,2046.9,4093.8,4093.8,-0.0
45327,3,30,2039.2,0,2024-02-05,2024-02-05 03:30:00,2024-02-05 03:30:00,GCJ24.csv,191,GCJ24.csv,2.0,2039.2,2039.2,4078.4,4078.4,0.0
45327,4,30,2037.8,-4,2024-02-05,2024-02-05 04:30:00,2024-02-05 04:30:00,GCJ24.csv,144,GCJ24.csv,-4.0,2037.8,2037.8,8151.2,8151.2,-0.0
45327,6,0,2040.6,-5,2024-02-05,2024-02-05 06:00:00,2024-02-05 06:00:00,GCJ24.csv,67,GCJ24.csv,-1.0,2040.6,2040.6,2040.6,2040.6,-0.0
45327,8,30,2033.3,-1,2024-02-05,2024-02-05 08:30:00,2024-02-05 08:30:00,GCJ24.csv,651,GCJ24.csv,4.0,2033.3,2033.3,8133.2,8133.2,0.0
45327,9,0,2032.1,-2,2024-02-05,2024-02-05 09:00:00,2024-02-05 09:00:00,GCJ24.csv,378,GCJ24.csv,-1.0,2032.1,2032.1,2032.1,2032.1,-0.0
45327,9,50,2038.6,-4,2024-02-05,2024-02-05 09:50:00,2024-02-05 09:50:00,GCJ24.csv,523,GCJ24.csv,-2.0,2038.6,2038.6,4077.2,4077.2,-0.0
45327,10,0,2035.3,-2,2024-02-05,2024-02-05 10:00:00,2024-02-05 10:00:00,GCJ24.csv,2177,GCJ24.csv,2.0,2035.2,2035.2,4070.6,4070.4,0.1999999999998181
45327,10,10,2035.2,0,2024-02-05,2024-02-05 10:10:00,2024-02-05 10:10:00,GCJ24.csv,311,GCJ24.csv,2.0,2035.1,2035.1,4070.4,4070.2,0.20000000000027285
45327,10,20,2034.9,-2,2024-02-05,2024-02-05 10:20:00,2024-02-05 10:20:00,GCJ24.csv,313,GCJ24.csv,-2.0,2034.9,2034.9,4069.8,4069.8,-0.0
45327,10,30,2035.3,1,2024-02-05,2024-02-05 10:30:00,2024-02-05 10:30:00,GCJ24.csv,287,GCJ24.csv,3.0,2035.2,2035.2,6105.9,6105.6,0.2999999999992724
45327,11,0,2034.3,2,2024-02-05,2024-02-05 11:00:00,2024-02-05 11:00:00,GCJ24.csv,122,GCJ24.csv,1.0,2034.2,2034.2,2034.3,2034.2,0.09999999999990905
45327,12,0,2038.5,4,2024-02-05,2024-02-05 12:00:00,2024-02-05 12:00:00,GCJ24.csv,309,GCJ24.csv,2.0,2038.5,2038.5,4077.0,4077.0,0.0
45327,14,0,2042.3,2,2024-02-05,2024-02-05 14:00:00,2024-02-05 14:00:00,GCJ24.csv,182,GCJ24.csv,-2.0,2042.3,2042.3,4084.6,4084.6,-0.0
45327,14,30,2042.8,-1,2024-02-05,2024-02-05 14:30:00,2024-02-05 14:30:00,GCJ24.csv,38,GCJ24.csv,-3.0,2042.8,2042.8,6128.4,6128.4,-0.0
45327,16,0,2041.5,1,2024-02-05,2024-02-05 16:00:00,2024-02-05 16:00:00,GCJ24.csv,93,GCJ24.csv,2.0,2041.5,2041.5,4083.0,4083.0,0.0
45328,1,30,2043.2,4,2024-02-06,2024-02-06 01:30:00,2024-02-06 01:30:00,GCJ24.csv,40,GCJ24.csv,3.0,2042.8,2042.8,6129.6,6128.4,1.2000000000007276
45328,3,30,2041.9,1,2024-02-06,2024-02-06 03:30:00,2024-02-06 03:30:00,GCJ24.csv,48,GCJ24.csv,-3.0,2040.7,2040.7,6125.700000000001,6122.1,-3.600000000000364
45328,4,30,2040.4,-3,2024-02-06,2024-02-06 04:30:00,2024-02-06 04:30:00,GCJ24.csv,50,GCJ24.csv,-4.0,2039.9,2039.9,8161.6,8159.6,-2.0
45328,6,0,2039.9,-2,2024-02-06,2024-02-06 06:00:00,2024-02-06 06:00:00,GCJ24.csv,21,GCJ24.csv,1.0,2039.8,2039.8,2039.9,2039.8,0.10000000000013642
45328,8,30,2043.3,2,2024-02-06,2024-02-06 08:30:00,2024-02-06 08:30:00,GCJ24.csv,117,GCJ24.csv,4.0,2044.3,2044.3,8173.2,8177.2,-4.0
45328,9,0,2045.2,0,2024-02-06,2024-02-06 09:00:00,2024-02-06 09:00:00,GCJ24.csv,160,GCJ24.csv,-2.0,2045.6,2045.6,4090.4,4091.2,0.7999999999997272
45328,10,30,2051.6,-2,2024-02-06,2024-02-06 10:30:00,2024-02-06 10:30:00,GCJ24.csv,173,GCJ24.csv,-2.0,2051.5,2051.5,4103.2,4103.0,-0.1999999999998181
45328,11,0,2052.6,0,2024-02-06,2024-02-06 11:00:00,2024-02-06 11:00:00,GCJ24.csv,168,GCJ24.csv,2.0,2053.0,2053.0,4105.2,4106.0,-0.8000000000001819
45328,12,0,2052.9,-3,2024-02-06,2024-02-06 12:00:00,2024-02-06 12:00:00,GCJ24.csv,342,GCJ24.csv,-3.0,2053.0,2053.0,6158.700000000001,6159.0,0.2999999999992724
45328,14,30,2052.5,-1,2024-02-06,2024-02-06 14:30:00,2024-02-06 14:30:00,GCJ24.csv,28,GCJ24.csv,2.0,2052.8,2052.8,4105.0,4105.6,-0.6000000000003638
45329,4,30,2049.9,-3,2024-02-07,2024-02-07 04:30:00,2024-02-07 04:30:00,GCJ24.csv,57,GCJ24.csv,-2.0,2049.9,2049.9,4099.8,4099.8,-0.0
45329,6,0,2049.0,-2,2024-02-07,2024-02-07 06:00:00,2024-02-07 06:00:00,GCJ24.csv,57,GCJ24.csv,1.0,2049.0,2049.0,2049.0,2049.0,0.0
45329,8,30,2050.6,0,2024-02-07,2024-02-07 08:30:00,2024-02-07 08:30:00,GCJ24.csv,64,GCJ24.csv,2.0,2050.6,2050.6,4101.2,4101.2,0.0
45329,9,0,2052.1,1,2024-02-07,2024-02-07 09:00:00,2024-02-07 09:00:00,GCJ24.csv,111,GCJ24.csv,1.0,2052.0,2052.0,2052.1,2052.0,0.09999999999990905
45329,9,50,2060.4,0,2024-02-07,2024-02-07 09:50:00,2024-02-07 09:50:00,GCJ24.csv,892,GCJ24.csv,-1.0,2060.5,2060.5,2060.4,2060.5,0.09999999999990905
45329,10,0,2059.1,-1,2024-02-07,2024-02-07 10:00:00,2024-02-07 10:00:00,GCJ24.csv,625,GCJ24.csv,-1.0,2059.2,2059.2,2059.1,2059.2,0.09999999999990905
45329,10,10,2055.9,2,2024-02-07,2024-02-07 10:10:00,2024-02-07 10:10:00,GCJ24.csv,268,GCJ24.csv,3.0,2055.8,2055.8,6167.700000000001,6167.400000000001,0.3000000000001819
45329,10,20,2051.8,3,2024-02-07,2024-02-07 10:20:00,2024-02-07 10:20:00,GCJ24.csv,447,GCJ24.csv,1.0,2051.7000000000003,2051.7000000000003,2051.8,2051.7000000000003,0.09999999999990905
45329,10,30,2055.1,-1,2024-02-07,2024-02-07 10:30:00,2024-02-07 10:30:00,GCJ24.csv,285,GCJ24.csv,-4.0,2055.2,2055.2,8220.4,8220.8,0.3999999999996362
45329,11,0,2054.3,-2,2024-02-07,2024-02-07 11:00:00,2024-02-07 11:00:00,GCJ24.csv,142,GCJ24.csv,-1.0,2054.4,2054.4,2054.3,2054.4,0.09999999999990905
45329,12,0,2054.5,-1,2024-02-07,2024-02-07 12:00:00,2024-02-07 12:00:00,GCJ24.csv,136,GCJ24.csv,1.0,2054.5,2054.5,2054.5,2054.5,0.0
45329,14,30,2051.6,1,2024-02-07,2024-02-07 14:30:00,2024-02-07 14:30:00,GCJ24.csv,17,GCJ24.csv,2.0,2051.6,2051.6,4103.2,4103.2,0.0
45330,1,30,2048.4,-1,2024-02-08,2024-02-08 01:30:00,2024-02-08 01:30:00,GCJ24.csv,24,GCJ24.csv,-2.0,2048.2,2048.2,4096.8,4096.4,-0.4000000000005457
45330,3,30,2045.2,1,2024-02-08,2024-02-08 03:30:00,2024-02-08 03:30:00,GCJ24.csv,424,GCJ24.csv,2.0,2044.6,2044.6,4090.4,4089.2,1.2000000000002728
45330,4,30,2045.1,-2,2024-02-08,2024-02-08 04:30:00,2024-02-08 04:30:00,GCJ24.csv,40,GCJ24.csv,-3.0,2044.8,2044.8,6135.299999999999,6134.4,-0.8999999999996362
45330,6,0,2051.1,0,2024-02-08,2024-02-08 06:00:00,2024-02-08 06:00:00,GCJ24.csv,49,GCJ24.csv,2.0,2051.1,2051.1,4102.2,4102.2,0.0
45330,8,30,2040.1,3,2024-02-08,2024-02-08 08:30:00,2024-02-08 08:30:00,GCJ24.csv,840,GCJ24.csv,3.0,2038.6,2038.6,6120.299999999999,6115.799999999999,4.5
45330,9,0,2035.6,4,2024-02-08,2024-02-08 09:00:00,2024-02-08 09:00:00,GCJ24.csv,971,GCJ24.csv,1.0,2035.0,2035.0,2035.6,2035.0,0.599999999999909
45330,9,20,2038.2,3,2024-02-08,2024-02-08 09:20:00,2024-02-08 09:20:00,GCJ24.csv,187,GCJ24.csv,-1.0,2038.5,2038.5,2038.2,2038.5,0.2999999999999545
45330,9,30,2043.3,2,2024-02-08,2024-02-08 09:30:00,2024-02-08 09:30:00,GCJ24.csv,556,GCJ24.csv,-1.0,2043.9,2043.9,2043.3,2043.9,0.6000000000001364
45330,9,50,2045.2,3,2024-02-08,2024-02-08 09:50:00,2024-02-08 09:50:00,GCJ24.csv,89,GCJ24.csv,1.0,2045.2,2045.2,2045.2,2045.2,0.0
45330,10,30,2045.1,6,2024-02-08,2024-02-08 10:30:00,2024-02-08 10:30:00,GCJ24.csv,214,GCJ24.csv,3.0,2044.9,2044.9,6135.299999999999,6134.700000000001,0.5999999999985448
45330,14,30,2047.7,3,2024-02-08,2024-02-08 14:30:00,2024-02-08 14:30:00,GCJ24.csv,54,GCJ24.csv,-3.0,2047.5,2047.5,6143.1,6142.5,-0.6000000000003638
45331,1,30,2047.9,0,2024-02-09,2024-02-09 01:30:00,2024-02-09 01:30:00,GCJ24.csv,10,GCJ24.csv,-3.0,2047.9,2047.9,6143.700000000001,6143.700000000001,-0.0
45331,3,30,2047.4,3,2024-02-09,2024-02-09 03:30:00,2024-02-09 03:30:00,GCJ24.csv,81,GCJ24.csv,3.0,2047.4,2047.4,6142.200000000001,6142.200000000001,0.0
45331,4,30,2047.0,4,2024-02-09,2024-02-09 04:30:00,2024-02-09 04:30:00,GCJ24.csv,30,GCJ24.csv,1.0,2047.0,2047.0,2047.0,2047.0,0.0
45331,6,0,2047.5,0,2024-02-09,2024-02-09 06:00:00,2024-02-09 06:00:00,GCJ24.csv,28,GCJ24.csv,-4.0,2047.5,2047.1,8190.0,8188.4,-1.6000000000003638
45331,8,30,2041.3,-1,2024-02-09,2024-02-09 08:30:00,2024-02-09 08:30:00,GCJ24.csv,827,GCJ24.csv,-1.0,2041.3,2041.3,2041.3,2041.3,-0.0
45331,9,0,2041.3,-2,2024-02-09,2024-02-09 09:00:00,2024-02-09 09:00:00,GCJ24.csv,520,GCJ24.csv,-1.0,2041.4,2041.4,2041.3,2041.4,0.10000000000013642
45331,10,30,2038.1,0,2024-02-09,2024-02-09 10:30:00,2024-02-09 10:30:00,GCJ24.csv,97,GCJ24.csv,2.0,2038.0,2038.0,4076.2,4076.0,0.1999999999998181
45331,11,0,2036.9,1,2024-02-09,2024-02-09 11:00:00,2024-02-09 11:00:00,GCJ24.csv,310,GCJ24.csv,1.0,2036.8,2036.8,2036.9,2036.8,0.10000000000013642
45331,14,30,2039.3,-1,2024-02-09,2024-02-09 14:30:00,2024-02-09 14:30:00,GCJ24.csv,31,GCJ24.csv,-2.0,2039.3,2039.3,4078.6,4078.6,-0.0
45331,16,30,2039.6,0,2024-02-09,2024-02-09 16:30:00,2024-02-09 16:30:00,GCJ24.csv,11,GCJ24.csv,1.0,2039.6,2039.6,2039.6,2039.6,0.0
45334,4,30,2036.4,-4,2024-02-12,2024-02-12 04:30:00,2024-02-12 04:30:00,GCJ24.csv,84,GCJ24.csv,-4.0,2036.5,2036.5,8145.6,8146.0,0.3999999999996362
45334,6,0,2035.1,-6,2024-02-12,2024-02-12 06:00:00,2024-02-12 06:00:00,GCJ24.csv,82,GCJ24.csv,-2.0,2035.2,2035.2,4070.2,4070.4,0.20000000000027285
45334,8,30,2037.6,-2,2024-02-12,2024-02-12 08:30:00,2024-02-12 08:30:00,GCJ24.csv,334,GCJ24.csv,4.0,2036.2,2036.2,8150.4,8144.8,5.599999999999454
45334,9,20,2030.7,-3,2024-02-12,2024-02-12 09:20:00,2024-02-12 09:20:00,GCJ24.csv,587,GCJ24.csv,-1.0,2028.6,2028.6,2030.7,2028.6,-2.1000000000001364
45334,10,30,2028.6,-1,2024-02-12,2024-02-12 10:30:00,2024-02-12 10:30:00,GCJ24.csv,136,GCJ24.csv,2.0,2028.4,2028.4,4057.2,4056.8,0.3999999999996362
45334,11,0,2026.6,0,2024-02-12,2024-02-12 11:00:00,2024-02-12 11:00:00,GCJ24.csv,237,GCJ24.csv,1.0,2025.5,2025.5,2026.6,2025.5,1.099999999999909
45334,12,0,2029.7,-2,2024-02-12,2024-02-12 12:00:00,2024-02-12 12:00:00,GCJ24.csv,111,GCJ24.csv,-2.0,2029.7,2029.7,4059.4,4059.4,-0.0
45334,14,0,2035.2,-3,2024-02-12,2024-02-12 14:00:00,2024-02-12 14:00:00,GCJ24.csv,93,GCJ24.csv,-1.0,2034.9,2034.9,2035.2,2034.9,-0.2999999999999545
45334,14,30,2032.9,-5,2024-02-12,2024-02-12 14:30:00,2024-02-12 14:30:00,GCJ24.csv,84,GCJ24.csv,-2.0,2032.7,2032.7,4065.8,4065.4,-0.40000000000009095
45334,16,0,2034.0,-4,2024-02-12,2024-02-12 16:00:00,2024-02-12 16:00:00,GCJ24.csv,88,GCJ24.csv,1.0,2034.2,2034.2,2034.0,2034.2,-0.20000000000004547
45335,1,30,2034.9,-1,2024-02-13,2024-02-13 01:30:00,2024-02-13 01:30:00,GCJ24.csv,29,GCJ24.csv,3.0,2035.5,2035.5,6104.700000000001,6106.5,-1.7999999999992724
45335,3,30,2038.3,-4,2024-02-13,2024-02-13 03:30:00,2024-02-13 03:30:00,GCJ24.csv,182,GCJ24.csv,-3.0,2039.2,2039.2,6114.9,6117.6,2.7000000000007276
45335,6,0,2040.3,2,2024-02-13,2024-02-13 06:00:00,2024-02-13 06:00:00,GCJ24.csv,95,GCJ24.csv,6.0,2040.1,2040.1,12241.8,12240.599999999999,1.2000000000007276
45335,8,50,2020.5,3,2024-02-13,2024-02-13 08:50:00,2024-02-13 08:50:00,GCJ24.csv,1457,GCJ24.csv,1.0,2020.9,2020.9,2020.5,2020.9,-0.40000000000009095
45335,9,10,2015.0,2,2024-02-13,2024-02-13 09:10:00,2024-02-13 09:10:00,GCJ24.csv,1031,GCJ24.csv,-1.0,2013.8,2013.8,2015.0,2013.8,-1.2000000000000455
45335,9,20,2016.2,1,2024-02-13,2024-02-13 09:20:00,2024-02-13 09:20:00,GCJ24.csv,514,GCJ24.csv,-1.0,2015.5,2015.5,2016.2,2015.5,-0.7000000000000455
45335,10,30,2006.6,2,2024-02-13,2024-02-13 10:30:00,2024-02-13 10:30:00,GCJ24.csv,616,GCJ24.csv,1.0,2005.3,2005.3,2006.6,2005.3,1.2999999999999545
45335,11,0,2005.4,3,2024-02-13,2024-02-13 11:00:00,2024-02-13 11:00:00,GCJ24.csv,240,GCJ24.csv,1.0,2006.6,2006.6,2005.4,2006.6,-1.199999999999818
45335,12,0,2008.0,6,2024-02-13,2024-02-13 12:00:00,2024-02-13 12:00:00,GCJ24.csv,140,GCJ24.csv,3.0,2007.8,2007.8,6024.0,6023.4,0.6000000000003638
45335,14,30,2004.7,5,2024-02-13,2024-02-13 14:30:00,2024-02-13 14:30:00,GCJ24.csv,38,GCJ24.csv,-1.0,2004.6,2004.6,2004.7,2004.6,-0.10000000000013642
45336,4,30,2002.6,0,2024-02-14,2024-02-14 04:30:00,2024-02-14 04:30:00,GCJ24.csv,41,GCJ24.csv,-5.0,2003.1,2003.1,10013.0,10015.5,2.5
45336,6,0,2005.6,-2,2024-02-14,2024-02-14 06:00:00,2024-02-14 06:00:00,GCJ24.csv,89,GCJ24.csv,-2.0,2004.8,2004.8,4011.2,4009.6,-1.599999999999909
45336,8,30,2003.5,3,2024-02-14,2024-02-14 08:30:00,2024-02-14 08:30:00,GCJ24.csv,228,GCJ24.csv,5.0,2004.4,2004.4,10017.5,10022.0,-4.5
45336,9,0,2001.7,2,2024-02-14,2024-02-14 09:00:00,2024-02-14 09:00:00,GCJ24.csv,202,GCJ24.csv,-1.0,2002.5,2002.5,2001.7,2002.5,0.7999999999999545
45336,10,10,1998.3,3,2024-02-14,2024-02-14 10:10:00,2024-02-14 10:10:00,GCJ24.csv,693,GCJ24.csv,1.0,1999.6,1999.6,1998.3,1999.6,-1.2999999999999545
45336,11,0,2000.6,4,2024-02-14,2024-02-14 11:00:00,2024-02-14 11:00:00,GCJ24.csv,237,GCJ24.csv,1.0,2000.7,2000.7,2000.6,2000.7,-0.10000000000013642
45336,12,0,2005.9,5,2024-02-14,2024-02-14 12:00:00,2024-02-14 12:00:00,GCJ24.csv,309,GCJ24.csv,1.0,2004.0,2004.0,2005.9,2004.0,1.900000000000091
45336,14,0,2004.4,1,2024-02-14,2024-02-14 14:00:00,2024-02-14 14:00:00,GCJ24.csv,470,GCJ24.csv,-4.0,2004.2,2004.2,8017.6,8016.8,-0.8000000000001819
45336,14,30,2003.3,0,2024-02-14,2024-02-14 14:30:00,2024-02-14 14:30:00,GCJ24.csv,43,GCJ24.csv,-1.0,2003.4,2003.4,2003.3,2003.4,0.10000000000013642
45336,16,0,2003.9,4,2024-02-14,2024-02-14 16:00:00,2024-02-14 16:00:00,GCJ24.csv,161,GCJ24.csv,4.0,2003.6,2003.6,8015.6,8014.4,1.2000000000007276
45337,4,30,2006.6,-1,2024-02-15,2024-02-15 04:30:00,2024-02-15 04:30:00,GCJ24.csv,119,GCJ24.csv,-5.0,2006.3,2006.3,10033.0,10031.5,-1.5
45337,6,0,2007.3,-2,2024-02-15,2024-02-15 06:00:00,2024-02-15 06:00:00,GCJ24.csv,83,GCJ24.csv,-1.0,2007.5,2007.5,2007.3,2007.5,0.20000000000004547
45337,8,30,2012.9,3,2024-02-15,2024-02-15 08:30:00,2024-02-15 08:30:00,GCJ24.csv,2814,GCJ24.csv,5.0,2013.1,2013.1,10064.5,10065.5,-1.0
45337,9,0,2015.0,2,2024-02-15,2024-02-15 09:00:00,2024-02-15 09:00:00,GCJ24.csv,634,GCJ24.csv,-1.0,2013.5,2013.5,2015.0,2013.5,-1.5
45337,9,40,2018.2,0,2024-02-15,2024-02-15 09:40:00,2024-02-15 09:40:00,GCJ24.csv,458,GCJ24.csv,-2.0,2018.5,2018.5,4036.4,4037.0,0.599999999999909
45337,10,0,2016.0,2,2024-02-15,2024-02-15 10:00:00,2024-02-15 10:00:00,GCJ24.csv,258,GCJ24.csv,2.0,2016.6,2016.6,4032.0,4033.2,-1.199999999999818
45337,10,30,2018.4,0,2024-02-15,2024-02-15 10:30:00,2024-02-15 10:30:00,GCJ24.csv,217,GCJ24.csv,-2.0,2017.1,2017.1,4036.8,4034.2,-2.600000000000364
45337,11,0,2012.3,1,2024-02-15,2024-02-15 11:00:00,2024-02-15 11:00:00,GCJ24.csv,699,GCJ24.csv,1.0,2012.0,2012.0,2012.3,2012.0,0.2999999999999545
45337,12,0,2011.7,0,2024-02-15,2024-02-15 12:00:00,2024-02-15 12:00:00,GCJ24.csv,341,GCJ24.csv,-1.0,2012.9,2012.9,2011.7,2012.9,1.2000000000000455
45337,14,30,2015.7,2,2024-02-15,2024-02-15 14:30:00,2024-02-15 14:30:00,GCJ24.csv,53,GCJ24.csv,2.0,2016.4,2016.4,4031.4,4032.8,-1.400000000000091
45338,1,30,2014.8,0,2024-02-16,2024-02-16 01:30:00,2024-02-16 01:30:00,GCJ24.csv,43,GCJ24.csv,-2.0,2015.3,2015.3,4029.6,4030.6,1.0
45338,3,30,2016.6,2,2024-02-16,2024-02-16 03:30:00,2024-02-16 03:30:00,GCJ24.csv,30,GCJ24.csv,2.0,2016.4,2016.4,4033.2,4032.8,0.3999999999996362
45338,4,30,2017.7,3,2024-02-16,2024-02-16 04:30:00,2024-02-16 04:30:00,GCJ24.csv,73,GCJ24.csv,1.0,2017.6,2017.6,2017.7,2017.6,0.10000000000013642
45338,6,0,2018.6,4,2024-02-16,2024-02-16 06:00:00,2024-02-16 06:00:00,GCJ24.csv,35,GCJ24.csv,1.0,2017.9,2017.9,2018.6,2017.9,0.6999999999998181
45338,8,30,2018.3,3,2024-02-16,2024-02-16 08:30:00,2024-02-16 08:30:00,GCJ24.csv,3136,GCJ24.csv,-1.0,2012.1,2012.1,2018.3,2012.1,-6.2000000000000455
45338,8,40,2008.2,4,2024-02-16,2024-02-16 08:40:00,2024-02-16 08:40:00,GCJ24.csv,765,GCJ24.csv,1.0,2009.4,2009.4,2008.2,2009.4,-1.2000000000000455
45338,9,0,2013.2,3,2024-02-16,2024-02-16 09:00:00,2024-02-16 09:00:00,GCJ24.csv,418,GCJ24.csv,-1.0,2014.4,2014.4,2013.2,2014.4,1.2000000000000455
45338,9,20,2008.5,5,2024-02-16,2024-02-16 09:20:00,2024-02-16 09:20:00,GCJ24.csv,512,GCJ24.csv,2.0,2008.9,2008.9,4017.0,4017.8,-0.8000000000001819
45338,9,40,2010.3,3,2024-02-16,2024-02-16 09:40:00,2024-02-16 09:40:00,GCJ24.csv,129,GCJ24.csv,-2.0,2011.5,2011.5,4020.6,4023.0,2.400000000000091
45338,9,50,2008.8,4,2024-02-16,2024-02-16 09:50:00,2024-02-16 09:50:00,GCJ24.csv,232,GCJ24.csv,1.0,2008.3,2008.3,2008.8,2008.3,0.5
45338,10,10,2013.5,1,2024-02-16,2024-02-16 10:10:00,2024-02-16 10:10:00,GCJ24.csv,434,GCJ24.csv,-3.0,2015.7,2015.7,6040.5,6047.1,6.600000000000364
45338,10,30,2018.3,5,2024-02-16,2024-02-16 10:30:00,2024-02-16 10:30:00,GCJ24.csv,583,GCJ24.csv,4.0,2018.1,2018.1,8073.2,8072.4,0.8000000000001819
45338,12,0,2021.2,6,2024-02-16,2024-02-16 12:00:00,2024-02-16 12:00:00,GCJ24.csv,121,GCJ24.csv,1.0,2021.4,2021.4,2021.2,2021.4,-0.20000000000004547
45338,14,30,2026.5,4,2024-02-16,2024-02-16 14:30:00,2024-02-16 14:30:00,GCJ24.csv,27,GCJ24.csv,-2.0,2025.5,2025.5,4053.0,4051.0,-2.0
45338,16,30,2024.9,0,2024-02-16,2024-02-16 16:30:00,2024-02-16 16:30:00,GCJ24.csv,14,GCJ24.csv,-4.0,2024.9,2024.9,8099.6,8099.6,-0.0
45341,1,30,2033.0,2,2024-02-19,2024-02-19 01:30:00,2024-02-19 01:30:00,GCJ24.csv,42,GCJ24.csv,2.0,2032.9,2032.9,4066.0,4065.8,0.1999999999998181
45341,3,30,2031.6,0,2024-02-19,2024-02-19 03:30:00,2024-02-19 03:30:00,GCJ24.csv,44,GCJ24.csv,-2.0,2031.7,2031.7,4063.2,4063.4,0.20000000000027285
45341,6,0,2030.4,2,2024-02-19,2024-02-19 06:00:00,2024-02-19 06:00:00,GCJ24.csv,9,GCJ24.csv,2.0,2030.3,2030.3,4060.8,4060.6,0.20000000000027285
45341,9,0,2028.2,1,2024-02-19,2024-02-19 09:00:00,2024-02-19 09:00:00,GCJ24.csv,49,GCJ24.csv,-1.0,2028.3,2028.3,2028.2,2028.3,0.09999999999990905
45341,11,0,2026.3,2,2024-02-19,2024-02-19 11:00:00,2024-02-19 11:00:00,GCJ24.csv,33,GCJ24.csv,1.0,2026.2,2026.2,2026.3,2026.2,0.09999999999990905
45341,12,0,2027.6,1,2024-02-19,2024-02-19 12:00:00,2024-02-19 12:00:00,GCJ24.csv,43,GCJ24.csv,-1.0,2027.9,2027.9,2027.6,2027.9,0.3000000000001819
45342,4,30,2035.0,5,2024-02-20,2024-02-20 04:30:00,2024-02-20 04:30:00,GCJ24.csv,93,GCJ24.csv,4.0,2035.0,2035.0,8140.0,8140.0,0.0
45342,6,0,2037.3,7,2024-02-20,2024-02-20 06:00:00,2024-02-20 06:00:00,GCJ24.csv,63,GCJ24.csv,2.0,2037.3,2037.3,4074.6,4074.6,0.0
45342,8,30,2039.8,3,2024-02-20,2024-02-20 08:30:00,2024-02-20 08:30:00,GCJ24.csv,1420,GCJ24.csv,-4.0,2039.8,2039.8,8159.2,8159.2,-0.0
45342,9,0,2041.4,0,2024-02-20,2024-02-20 09:00:00,2024-02-20 09:00:00,GCJ24.csv,206,GCJ24.csv,-3.0,2041.4,2041.4,6124.200000000001,6124.200000000001,-0.0
45342,10,30,2040.7,-3,2024-02-20,2024-02-20 10:30:00,2024-02-20 10:30:00,GCJ24.csv,160,GCJ24.csv,-3.0,2040.7,2040.7,6122.1,6122.1,-0.0
45342,11,0,2038.9,0,2024-02-20,2024-02-20 11:00:00,2024-02-20 11:00:00,GCJ24.csv,152,GCJ24.csv,3.0,2038.9,2038.9,6116.700000000001,6116.700000000001,0.0
45342,14,30,2038.8,3,2024-02-20,2024-02-20 14:30:00,2024-02-20 14:30:00,GCJ24.csv,25,GCJ24.csv,3.0,2038.8,2038.8,6116.4,6116.4,0.0
45343,1,30,2041.3,5,2024-02-21,2024-02-21 01:30:00,2024-02-21 01:30:00,GCJ24.csv,20,GCJ24.csv,2.0,2041.3,2041.3,4082.6,4082.6,0.0
45343,3,30,2038.6,3,2024-02-21,2024-02-21 03:30:00,2024-02-21 03:30:00,GCJ24.csv,61,GCJ24.csv,-2.0,2038.6,2038.6,4077.2,4077.2,-0.0
45343,4,30,2038.7,4,2024-02-21,2024-02-21 04:30:00,2024-02-21 04:30:00,GCJ24.csv,22,GCJ24.csv,1.0,2038.7,2038.7,2038.7,2038.7,0.0
45343,6,0,2041.1,3,2024-02-21,2024-02-21 06:00:00,2024-02-21 06:00:00,GCJ24.csv,42,GCJ24.csv,-1.0,2041.1,2041.1,2041.1,2041.1,-0.0
45343,8,30,2039.6,2,2024-02-21,2024-02-21 08:30:00,2024-02-21 08:30:00,GCJ24.csv,156,GCJ24.csv,-1.0,2039.6,2039.6,2039.6,2039.6,-0.0
45343,9,0,2039.7,-1,2024-02-21,2024-02-21 09:00:00,2024-02-21 09:00:00,GCJ24.csv,88,GCJ24.csv,-3.0,2039.7,2039.7,6119.1,6119.1,-0.0
45343,10,30,2040.3,-3,2024-02-21,2024-02-21 10:30:00,2024-02-21 10:30:00,GCJ24.csv,157,GCJ24.csv,-2.0,2040.3,2040.3,4080.6,4080.6,-0.0
45343,11,0,2035.0,0,2024-02-21,2024-02-21 11:00:00,2024-02-21 11:00:00,GCJ24.csv,1081,GCJ24.csv,3.0,2035.0,2035.0,6105.0,6105.0,0.0
45343,14,30,2035.7,2,2024-02-21,2024-02-21 14:30:00,2024-02-21 14:30:00,GCJ24.csv,63,GCJ24.csv,2.0,2035.6,2035.6,4071.4,4071.2,0.20000000000027285
45344,1,30,2039.9,4,2024-02-22,2024-02-22 01:30:00,2024-02-22 01:30:00,GCJ24.csv,29,GCJ24.csv,2.0,2040.0,2040.0,4079.8,4080.0,-0.1999999999998181
45344,3,30,2044.1,2,2024-02-22,2024-02-22 03:30:00,2024-02-22 03:30:00,GCJ24.csv,390,GCJ24.csv,-2.0,2043.1,2043.1,4088.2,4086.2,-2.0
45344,6,0,2039.3,-1,2024-02-22,2024-02-22 06:00:00,2024-02-22 06:00:00,GCJ24.csv,58,GCJ24.csv,-3.0,2038.8,2038.8,6117.9,6116.4,-1.5
45344,10,30,2030.4,0,2024-02-22,2024-02-22 10:30:00,2024-02-22 10:30:00,GCJ24.csv,213,GCJ24.csv,1.0,2032.0,2032.0,2030.4,2032.0,-1.599999999999909
45344,14,30,2033.1,-1,2024-02-22,2024-02-22 14:30:00,2024-02-22 14:30:00,GCJ24.csv,24,GCJ24.csv,-1.0,2033.3,2033.3,2033.1,2033.3,0.20000000000004547
45345,4,30,2026.8,-5,2024-02-23,2024-02-23 04:30:00,2024-02-23 04:30:00,GCJ24.csv,108,GCJ24.csv,-4.0,2027.1,2027.1,8107.2,8108.4,1.199999999999818
45345,6,0,2032.3,-2,2024-02-23,2024-02-23 06:00:00,2024-02-23 06:00:00,GCJ24.csv,104,GCJ24.csv,3.0,2031.7,2031.7,6096.9,6095.1,1.7999999999992724
45345,8,30,2035.7,2,2024-02-23,2024-02-23 08:30:00,2024-02-23 08:30:00,GCJ24.csv,374,GCJ24.csv,4.0,2036.5,2036.5,8142.8,8146.0,-3.199999999999818
45345,9,0,2034.8,1,2024-02-23,2024-02-23 09:00:00,2024-02-23 09:00:00,GCJ24.csv,131,GCJ24.csv,-1.0,2034.8,2034.8,2034.8,2034.8,-0.0
45345,10,0,2037.5,-1,2024-02-23,2024-02-23 10:00:00,2024-02-23 10:00:00,GCJ24.csv,563,GCJ24.csv,-2.0,2037.1,2037.1,4075.0,4074.2,-0.8000000000001819
45345,10,20,2037.1,1,2024-02-23,2024-02-23 10:20:00,2024-02-23 10:20:00,GCJ24.csv,142,GCJ24.csv,2.0,2037.0,2037.0,4074.2,4074.0,0.1999999999998181
45345,10,30,2036.6,-2,2024-02-23,2024-02-23 10:30:00,2024-02-23 10:30:00,GCJ24.csv,208,GCJ24.csv,-3.0,2037.1,2037.1,6109.799999999999,6111.299999999999,1.5
45345,11,0,2040.4,-1,2024-02-23,2024-02-23 11:00:00,2024-02-23 11:00:00,GCJ24.csv,435,GCJ24.csv,1.0,2041.1,2041.1,2040.4,2041.1,-0.6999999999998181
45345,12,0,2048.3,0,2024-02-23,2024-02-23 12:00:00,2024-02-23 12:00:00,GCJ24.csv,550,GCJ24.csv,1.0,2049.0,2049.0,2048.3,2049.0,-0.6999999999998181
45345,14,30,2048.5,3,2024-02-23,2024-02-23 14:30:00,2024-02-23 14:30:00,GCJ24.csv,92,GCJ24.csv,3.0,2048.6,2048.6,6145.5,6145.799999999999,-0.2999999999992724
45345,16,30,2045.4,0,2024-02-23,2024-02-23 16:30:00,2024-02-23 16:30:00,GCJ24.csv,25,GCJ24.csv,-3.0,2045.4,2045.4,6136.200000000001,6136.200000000001,-0.0
45348,1,30,2042.6,4,2024-02-26,2024-02-26 01:30:00,2024-02-26 01:30:00,GCJ24.csv,45,GCJ24.csv,4.0,2042.8,2042.8,8170.4,8171.2,-0.8000000000001819
45348,3,30,2045.7,0,2024-02-26,2024-02-26 03:30:00,2024-02-26 03:30:00,GCJ24.csv,45,GCJ24.csv,-4.0,2045.9,2045.9,8182.8,8183.6,0.8000000000001819
45348,4,30,2042.5,4,2024-02-26,2024-02-26 04:30:00,2024-02-26 04:30:00,GCJ24.csv,72,GCJ24.csv,4.0,2042.2,2042.2,8170.0,8168.8,1.199999999999818
45348,6,0,2041.6,5,2024-02-26,2024-02-26 06:00:00,2024-02-26 06:00:00,GCJ24.csv,67,GCJ24.csv,1.0,2040.9,2040.9,2041.6,2040.9,0.6999999999998181
45348,8,30,2041.7,1,2024-02-26,2024-02-26 08:30:00,2024-02-26 08:30:00,GCJ24.csv,132,GCJ24.csv,-4.0,2043.1,2043.1,8166.8,8172.4,5.599999999999454
45348,9,20,2038.8,3,2024-02-26,2024-02-26 09:20:00,2024-02-26 09:20:00,GCJ24.csv,373,GCJ24.csv,2.0,2038.3,2038.3,4077.6,4076.6,1.0
45348,9,40,2037.1,1,2024-02-26,2024-02-26 09:40:00,2024-02-26 09:40:00,GCJ24.csv,229,GCJ24.csv,-2.0,2036.4,2036.4,4074.2,4072.8,-1.3999999999996362
45348,10,30,2036.3,2,2024-02-26,2024-02-26 10:30:00,2024-02-26 10:30:00,GCJ24.csv,171,GCJ24.csv,1.0,2035.5,2035.5,2036.3,2035.5,0.7999999999999545
45348,12,0,2037.1,1,2024-02-26,2024-02-26 12:00:00,2024-02-26 12:00:00,GCJ24.csv,68,GCJ24.csv,-1.0,2036.8,2036.8,2037.1,2036.8,-0.2999999999999545
45348,14,30,2038.5,0,2024-02-26,2024-02-26 14:30:00,2024-02-26 14:30:00,GCJ24.csv,32,GCJ24.csv,-1.0,2038.3,2038.3,2038.5,2038.3,-0.20000000000004547
45349,1,30,2043.1,4,2024-02-27,2024-02-27 01:30:00,2024-02-27 01:30:00,GCJ24.csv,25,GCJ24.csv,4.0,2043.1,2043.1,8172.4,8172.4,0.0
45349,3,30,2047.0,0,2024-02-27,2024-02-27 03:30:00,2024-02-27 03:30:00,GCJ24.csv,312,GCJ24.csv,-4.0,2047.0,2047.0,8188.0,8188.0,-0.0
45349,4,30,2046.0,3,2024-02-27,2024-02-27 04:30:00,2024-02-27 04:30:00,GCJ24.csv,63,GCJ24.csv,3.0,2046.0,2046.0,6138.0,6138.0,0.0
45349,6,0,2045.8,5,2024-02-27,2024-02-27 06:00:00,2024-02-27 06:00:00,GCJ24.csv,99,GCJ24.csv,2.0,2045.8,2045.8,4091.6,4091.6,0.0
45349,8,30,2046.9,2,2024-02-27,2024-02-27 08:30:00,2024-02-27 08:30:00,GCJ24.csv,936,GCJ24.csv,-3.0,2046.9,2046.9,6140.700000000001,6140.700000000001,-0.0
45349,9,0,2044.8,3,2024-02-27,2024-02-27 09:00:00,2024-02-27 09:00:00,GCJ24.csv,236,GCJ24.csv,1.0,2044.7,2044.7,2044.8,2044.7,0.09999999999990905
45349,11,0,2043.1,2,2024-02-27,2024-02-27 11:00:00,2024-02-27 11:00:00,GCJ24.csv,177,GCJ24.csv,-1.0,2043.2,2043.2,2043.1,2043.2,0.10000000000013642
45349,12,0,2042.7,3,2024-02-27,2024-02-27 12:00:00,2024-02-27 12:00:00,GCJ24.csv,123,GCJ24.csv,1.0,2042.6,2042.6,2042.7,2042.6,0.10000000000013642
45350,1,30,2040.1,5,2024-02-28,2024-02-28 01:30:00,2024-02-28 01:30:00,GCJ24.csv,19,GCJ24.csv,2.0,2040.1,2040.1,4080.2,4080.2,0.0
45350,3,30,2037.6,3,2024-02-28,2024-02-28 03:30:00,2024-02-28 03:30:00,GCJ24.csv,54,GCJ24.csv,-2.0,2037.1,2037.1,4075.2,4074.2,-1.0
45350,4,30,2034.6,1,2024-02-28,2024-02-28 04:30:00,2024-02-28 04:30:00,GCJ24.csv,99,GCJ24.csv,-2.0,2034.4,2034.4,4069.2,4068.8,-0.3999999999996362
45350,6,0,2036.2,-1,2024-02-28,2024-02-28 06:00:00,2024-02-28 06:00:00,GCJ24.csv,50,GCJ24.csv,-2.0,2036.3,2036.3,4072.4,4072.6,0.1999999999998181
45350,8,30,2043.0,1,2024-02-28,2024-02-28 08:30:00,2024-02-28 08:30:00,GCJ24.csv,796,GCJ24.csv,2.0,2044.1,2044.1,4086.0,4088.2,-2.199999999999818
45350,9,0,2045.1,0,2024-02-28,2024-02-28 09:00:00,2024-02-28 09:00:00,GCJ24.csv,373,GCJ24.csv,-1.0,2045.2,2045.2,2045.1,2045.2,0.10000000000013642
45350,10,30,2042.2,-2,2024-02-28,2024-02-28 10:30:00,2024-02-28 10:30:00,GCJ24.csv,178,GCJ24.csv,-2.0,2043.0,2043.0,4084.4,4086.0,1.599999999999909
45350,11,0,2041.1,-1,2024-02-28,2024-02-28 11:00:00,2024-02-28 11:00:00,GCJ24.csv,133,GCJ24.csv,1.0,2041.8,2041.8,2041.1,2041.8,-0.7000000000000455
45350,12,0,2042.9,-2,2024-02-28,2024-02-28 12:00:00,2024-02-28 12:00:00,GCJ24.csv,82,GCJ24.csv,-1.0,2043.3,2043.3,2042.9,2043.3,0.3999999999998636
45350,14,30,2041.2,0,2024-02-28,2024-02-28 14:30:00,2024-02-28 14:30:00,GCJ24.csv,21,GCJ24.csv,2.0,2040.8,2040.8,4082.4,4081.6,0.8000000000001819
45351,1,30,2044.7,6,2024-02-29,2024-02-29 01:30:00,2024-02-29 01:30:00,GCJ24.csv,28,GCJ24.csv,6.0,2044.9,2044.9,12268.2,12269.400000000001,-1.2000000000007276
45351,3,30,2045.2,0,2024-02-29,2024-02-29 03:30:00,2024-02-29 03:30:00,GCJ24.csv,34,GCJ24.csv,-6.0,2044.6,2044.6,12271.2,12267.599999999999,-3.600000000002183
45351,6,0,2038.7,-1,2024-02-29,2024-02-29 06:00:00,2024-02-29 06:00:00,GCJ24.csv,111,GCJ24.csv,-1.0,2038.4,2038.4,2038.7,2038.4,-0.2999999999999545
45351,9,0,2056.5,-2,2024-02-29,2024-02-29 09:00:00,2024-02-29 09:00:00,GCJ24.csv,1203,GCJ24.csv,-1.0,2055.4,2055.4,2056.5,2055.4,-1.099999999999909
45351,9,20,2056.7,0,2024-02-29,2024-02-29 09:20:00,2024-02-29 09:20:00,GCJ24.csv,721,GCJ24.csv,2.0,2056.6,2056.6,4113.4,4113.2,0.1999999999998181
45351,10,30,2057.3,-3,2024-02-29,2024-02-29 10:30:00,2024-02-29 10:30:00,GCJ24.csv,315,GCJ24.csv,-3.0,2057.6,2057.6,6171.900000000001,6172.799999999999,0.8999999999987267
45351,11,0,2056.8,-4,2024-02-29,2024-02-29 11:00:00,2024-02-29 11:00:00,GCJ24.csv,261,GCJ24.csv,-1.0,2055.9,2055.9,2056.8,2055.9,-0.900000000000091
45351,12,0,2053.2,-2,2024-02-29,2024-02-29 12:00:00,2024-02-29 12:00:00,GCJ24.csv,333,GCJ24.csv,2.0,2053.6,2053.6,4106.4,4107.2,-0.8000000000001819
45351,14,30,2055.1,1,2024-02-29,2024-02-29 14:30:00,2024-02-29 14:30:00,GCJ24.csv,88,GCJ24.csv,3.0,2055.5,2055.5,6165.299999999999,6166.5,-1.2000000000007276
45352,1,30,2055.9,3,2024-03-01,2024-03-01 01:30:00,2024-03-01 01:30:00,GCJ24.csv,30,GCJ24.csv,2.0,2055.5,2055.5,4111.8,4111.0,0.8000000000001819
45352,3,30,2050.4,1,2024-03-01,2024-03-01 03:30:00,2024-03-01 03:30:00,GCJ24.csv,80,GCJ24.csv,-2.0,2049.9,2049.9,4100.8,4099.8,-1.0
45352,4,30,2052.7,3,2024-03-01,2024-03-01 04:30:00,2024-03-01 04:30:00,GCJ24.csv,248,GCJ24.csv,2.0,2052.4,2052.4,4105.4,4104.8,0.5999999999994543
45352,6,0,2063.2,6,2024-03-01,2024-03-01 06:00:00,2024-03-01 06:00:00,GCJ24.csv,301,GCJ24.csv,3.0,2063.3,2063.3,6189.599999999999,6189.900000000001,-0.3000000000010914
45352,8,30,2060.0,4,2024-03-01,2024-03-01 08:30:00,2024-03-01 08:30:00,GCJ24.csv,265,GCJ24.csv,-2.0,2061.1,2061.1,4120.0,4122.2,2.199999999999818
45352,9,0,2060.0,5,2024-03-01,2024-03-01 09:00:00,2024-03-01 09:00:00,GCJ24.csv,110,GCJ24.csv,1.0,2060.9,2060.9,2060.0,2060.9,-0.900000000000091
45352,9,20,2064.2,3,2024-03-01,2024-03-01 09:20:00,2024-03-01 09:20:00,GCJ24.csv,435,GCJ24.csv,-2.0,2064.7,2064.7,4128.4,4129.4,1.0
45352,9,40,2061.5,5,2024-03-01,2024-03-01 09:40:00,2024-03-01 09:40:00,GCJ24.csv,348,GCJ24.csv,2.0,2060.3,2060.3,4123.0,4120.6,2.399999999999636
45352,9,50,2055.8,6,2024-03-01,2024-03-01 09:50:00,2024-03-01 09:50:00,GCJ24.csv,1041,GCJ24.csv,1.0,2054.3,2054.3,2055.8,2054.3,1.5
45352,10,10,2061.2,5,2024-03-01,2024-03-01 10:10:00,2024-03-01 10:10:00,GCJ24.csv,1332,GCJ24.csv,-1.0,2062.9,2062.9,2061.2,2062.9,1.7000000000002728
45352,11,0,2078.0,4,2024-03-01,2024-03-01 11:00:00,2024-03-01 11:00:00,GCJ24.csv,604,GCJ24.csv,-1.0,2079.9,2079.9,2078.0,2079.9,1.900000000000091
45352,16,30,2092.4,0,2024-03-01,2024-03-01 16:30:00,2024-03-01 16:30:00,GCJ24.csv,17,GCJ24.csv,-4.0,2092.5,2092.5,8369.6,8370.0,0.3999999999996362
45355,1,30,2090.1,-1,2024-03-04,2024-03-04 01:30:00,2024-03-04 01:30:00,GCJ24.csv,51,GCJ24.csv,-1.0,2090.4,2090.4,2090.1,2090.4,0.3000000000001819
45355,3,30,2093.9,0,2024-03-04,2024-03-04 03:30:00,2024-03-04 03:30:00,GCJ24.csv,418,GCJ24.csv,1.0,2093.6,2093.6,2093.9,2093.6,0.3000000000001819
45355,4,30,2091.9,2,2024-03-04,2024-03-04 04:30:00,2024-03-04 04:30:00,GCJ24.csv,78,GCJ24.csv,2.0,2091.8,2091.8,4183.8,4183.6,0.1999999999998181
45355,8,30,2091.4,0,2024-03-04,2024-03-04 08:30:00,2024-03-04 08:30:00,GCJ24.csv,313,GCJ24.csv,-2.0,2091.8,2091.8,4182.8,4183.6,0.8000000000001819
45355,9,10,2100.0,-1,2024-03-04,2024-03-04 09:10:00,2024-03-04 09:10:00,GCJ24.csv,342,GCJ24.csv,-1.0,2100.3,2100.3,2100.0,2100.3,0.3000000000001819
45355,9,20,2103.6,-3,2024-03-04,2024-03-04 09:20:00,2024-03-04 09:20:00,GCJ24.csv,555,GCJ24.csv,-2.0,2104.2,2104.2,4207.2,4208.4,1.199999999999818
45355,9,40,2104.5,-1,2024-03-04,2024-03-04 09:40:00,2024-03-04 09:40:00,GCJ24.csv,567,GCJ24.csv,2.0,2106.1,2106.1,4209.0,4212.2,-3.199999999999818
45355,9,50,2108.0,0,2024-03-04,2024-03-04 09:50:00,2024-03-04 09:50:00,GCJ24.csv,377,GCJ24.csv,1.0,2108.2000000000003,2108.2000000000003,2108.0,2108.2000000000003,-0.20000000000027285
45355,10,30,2109.6,-1,2024-03-04,2024-03-04 10:30:00,2024-03-04 10:30:00,GCJ24.csv,270,GCJ24.csv,-1.0,2110.0,2110.0,2109.6,2110.0,0.40000000000009095
45355,12,0,2127.9,0,2024-03-04,2024-03-04 12:00:00,2024-03-04 12:00:00,GCJ24.csv,432,GCJ24.csv,1.0,2127.2000000000003,2127.2000000000003,2127.9,2127.2000000000003,0.6999999999998181
45355,14,30,2124.8,1,2024-03-04,2024-03-04 14:30:00,2024-03-04 14:30:00,GCJ24.csv,139,GCJ24.csv,1.0,2124.8,2124.8,2124.8,2124.8,0.0
45356,1,30,2124.7,3,2024-03-05,2024-03-05 01:30:00,2024-03-05 01:30:00,GCJ24.csv,162,GCJ24.csv,2.0,2123.9,2123.9,4249.4,4247.8,1.5999999999994543
45356,3,30,2129.4,1,2024-03-05,2024-03-05 03:30:00,2024-03-05 03:30:00,GCJ24.csv,312,GCJ24.csv,-2.0,2129.5,2129.5,4258.8,4259.0,0.1999999999998181
45356,6,0,2132.0,0,2024-03-05,2024-03-05 06:00:00,2024-03-05 06:00:00,GCJ24.csv,105,GCJ24.csv,-1.0,2131.4,2131.4,2132.0,2131.4,-0.599999999999909
45356,9,0,2136.3,1,2024-03-05,2024-03-05 09:00:00,2024-03-05 09:00:00,GCJ24.csv,568,GCJ24.csv,1.0,2135.2000000000003,2135.2000000000003,2136.3,2135.2000000000003,1.099999999999909
45356,9,40,2137.6,2,2024-03-05,2024-03-05 09:40:00,2024-03-05 09:40:00,GCJ24.csv,555,GCJ24.csv,1.0,2137.7000000000003,2137.7000000000003,2137.6,2137.7000000000003,-0.1000000000003638
45356,9,50,2137.3,3,2024-03-05,2024-03-05 09:50:00,2024-03-05 09:50:00,GCJ24.csv,330,GCJ24.csv,1.0,2136.7000000000003,2136.7000000000003,2137.3,2136.7000000000003,0.599999999999909
45356,10,0,2139.7,2,2024-03-05,2024-03-05 10:00:00,2024-03-05 10:00:00,GCJ24.csv,2772,GCJ24.csv,-1.0,2146.0,2146.0,2139.7,2146.0,6.300000000000182
45356,10,10,2141.0,1,2024-03-05,2024-03-05 10:10:00,2024-03-05 10:10:00,GCJ24.csv,728,GCJ24.csv,-1.0,2139.9,2139.9,2141.0,2139.9,-1.099999999999909
45356,10,30,2139.9,-1,2024-03-05,2024-03-05 10:30:00,2024-03-05 10:30:00,GCJ24.csv,433,GCJ24.csv,-2.0,2140.3,2140.3,4279.8,4280.6,0.8000000000001819
45356,11,0,2135.1,-2,2024-03-05,2024-03-05 11:00:00,2024-03-05 11:00:00,GCJ24.csv,715,GCJ24.csv,-1.0,2136.7,2136.7,2135.1,2136.7,1.599999999999909
45356,12,0,2136.9,-1,2024-03-05,2024-03-05 12:00:00,2024-03-05 12:00:00,GCJ24.csv,225,GCJ24.csv,1.0,2136.1,2136.1,2136.9,2136.1,0.8000000000001819
45356,14,0,2139.3,1,2024-03-05,2024-03-05 14:00:00,2024-03-05 14:00:00,GCJ24.csv,472,GCJ24.csv,2.0,2139.4,2139.4,4278.6,4278.8,-0.1999999999998181
45356,14,30,2142.2,3,2024-03-05,2024-03-05 14:30:00,2024-03-05 14:30:00,GCJ24.csv,40,GCJ24.csv,2.0,2142.2000000000003,2142.2000000000003,4284.4,4284.400000000001,-9.094947017729282e-13
45356,16,0,2138.2,1,2024-03-05,2024-03-05 16:00:00,2024-03-05 16:00:00,GCJ24.csv,197,GCJ24.csv,-2.0,2138.4,2138.4,4276.4,4276.8,0.4000000000005457
45357,1,30,2133.9,2,2024-03-06,2024-03-06 01:30:00,2024-03-06 01:30:00,GCJ24.csv,23,GCJ24.csv,1.0,2134.8,2134.8,2133.9,2134.8,-0.900000000000091
45357,3,30,2135.3,1,2024-03-06,2024-03-06 03:30:00,2024-03-06 03:30:00,GCJ24.csv,93,GCJ24.csv,-1.0,2134.3,2134.3,2135.3,2134.3,-1.0
45357,6,0,2133.8,0,2024-03-06,2024-03-06 06:00:00,2024-03-06 06:00:00,GCJ24.csv,38,GCJ24.csv,-1.0,2135.0,2135.0,2133.8,2135.0,1.199999999999818
45357,9,0,2147.8,-2,2024-03-06,2024-03-06 09:00:00,2024-03-06 09:00:00,GCJ24.csv,897,GCJ24.csv,-2.0,2146.2,2146.2,4295.6,4292.4,-3.2000000000007276
45357,9,20,2146.9,0,2024-03-06,2024-03-06 09:20:00,2024-03-06 09:20:00,GCJ24.csv,568,GCJ24.csv,2.0,2147.0,2147.0,4293.8,4294.0,-0.1999999999998181
45357,9,40,2152.1,-2,2024-03-06,2024-03-06 09:40:00,2024-03-06 09:40:00,GCJ24.csv,559,GCJ24.csv,-2.0,2152.1,2152.1,4304.2,4304.2,-0.0
45357,9,50,2154.8,-4,2024-03-06,2024-03-06 09:50:00,2024-03-06 09:50:00,GCJ24.csv,785,GCJ24.csv,-2.0,2152.6,2152.6,4309.6,4305.2,-4.400000000000546
45357,10,0,2152.4,-1,2024-03-06,2024-03-06 10:00:00,2024-03-06 10:00:00,GCJ24.csv,2126,GCJ24.csv,3.0,2152.1,2152.1,6457.200000000001,6456.299999999999,0.9000000000014552
45357,10,10,2147.2,3,2024-03-06,2024-03-06 10:10:00,2024-03-06 10:10:00,GCJ24.csv,578,GCJ24.csv,4.0,2149.8,2149.8,8588.8,8599.2,-10.400000000001455
45357,10,20,2149.6,2,2024-03-06,2024-03-06 10:20:00,2024-03-06 10:20:00,GCJ24.csv,187,GCJ24.csv,-1.0,2150.9,2150.9,2149.6,2150.9,1.300000000000182
45357,10,30,2148.9,-3,2024-03-06,2024-03-06 10:30:00,2024-03-06 10:30:00,GCJ24.csv,463,GCJ24.csv,-5.0,2147.7,2147.7,10744.5,10738.5,-6.0
45357,12,0,2156.3,-1,2024-03-06,2024-03-06 12:00:00,2024-03-06 12:00:00,GCJ24.csv,447,GCJ24.csv,2.0,2157.7000000000003,2157.7000000000003,4312.6,4315.400000000001,-2.800000000000182
45357,14,0,2155.7,2,2024-03-06,2024-03-06 14:00:00,2024-03-06 14:00:00,GCJ24.csv,155,GCJ24.csv,3.0,2152.9,2152.9,6467.099999999999,6458.700000000001,8.399999999998727
45357,14,30,2149.3,5,2024-03-06,2024-03-06 14:30:00,2024-03-06 14:30:00,GCJ24.csv,660,GCJ24.csv,3.0,2149.3,2149.3,6447.900000000001,6447.900000000001,0.0
45357,16,0,2154.8,2,2024-03-06,2024-03-06 16:00:00,2024-03-06 16:00:00,GCJ24.csv,90,GCJ24.csv,-3.0,2154.6,2154.6,6464.400000000001,6463.799999999999,-0.6000000000012733
45358,1,30,2161.1,3,2024-03-07,2024-03-07 01:30:00,2024-03-07 01:30:00,GCJ24.csv,40,GCJ24.csv,1.0,2160.9,2160.9,2161.1,2160.9,0.1999999999998181
45358,3,30,2165.0,2,2024-03-07,2024-03-07 03:30:00,2024-03-07 03:30:00,GCJ24.csv,175,GCJ24.csv,-1.0,2166.3,2166.3,2165.0,2166.3,1.300000000000182
45358,9,0,2167.1,1,2024-03-07,2024-03-07 09:00:00,2024-03-07 09:00:00,GCJ24.csv,1003,GCJ24.csv,-1.0,2163.7,2163.7,2167.1,2163.7,-3.400000000000091
45358,9,20,2162.4,3,2024-03-07,2024-03-07 09:20:00,2024-03-07 09:20:00,GCJ24.csv,234,GCJ24.csv,2.0,2163.2000000000003,2163.2000000000003,4324.8,4326.400000000001,-1.6000000000003638
45358,10,0,2161.4,1,2024-03-07,2024-03-07 10:00:00,2024-03-07 10:00:00,GCJ24.csv,772,GCJ24.csv,-2.0,2163.5,2163.5,4322.8,4327.0,4.199999999999818
45358,10,30,2160.1,4,2024-03-07,2024-03-07 10:30:00,2024-03-07 10:30:00,GCJ24.csv,309,GCJ24.csv,3.0,2161.2000000000003,2161.2000000000003,6480.299999999999,6483.6,-3.3000000000010914
45358,10,50,2162.5,3,2024-03-07,2024-03-07 10:50:00,2024-03-07 10:50:00,GCJ24.csv,305,GCJ24.csv,-1.0,2161.4,2161.4,2162.5,2161.4,-1.099999999999909
45358,11,0,2161.0,4,2024-03-07,2024-03-07 11:00:00,2024-03-07 11:00:00,GCJ24.csv,254,GCJ24.csv,1.0,2160.3,2160.3,2161.0,2160.3,0.6999999999998181
45358,12,0,2163.9,3,2024-03-07,2024-03-07 12:00:00,2024-03-07 12:00:00,GCJ24.csv,124,GCJ24.csv,-1.0,2163.9,2163.9,2163.9,2163.9,-0.0
45358,14,30,2166.3,1,2024-03-07,2024-03-07 14:30:00,2024-03-07 14:30:00,GCJ24.csv,25,GCJ24.csv,-2.0,2167.1,2167.1,4332.6,4334.2,1.5999999999994543
45359,1,30,2166.1,0,2024-03-08,2024-03-08 01:30:00,2024-03-08 01:30:00,GCJ24.csv,23,GCJ24.csv,-1.0,2166.2,2166.2,2166.1,2166.2,0.09999999999990905
45359,3,30,2173.5,1,2024-03-08,2024-03-08 03:30:00,2024-03-08 03:30:00,GCJ24.csv,1117,GCJ24.csv,1.0,2173.8,2173.8,2173.5,2173.8,-0.3000000000001819
45359,6,0,2175.5,2,2024-03-08,2024-03-08 06:00:00,2024-03-08 06:00:00,GCJ24.csv,89,GCJ24.csv,1.0,2174.6,2174.6,2175.5,2174.6,0.900000000000091
45359,8,40,2187.4,0,2024-03-08,2024-03-08 08:40:00,2024-03-08 08:40:00,GCJ24.csv,1103,GCJ24.csv,-2.0,2189.7,2189.7,4374.8,4379.4,4.599999999999454
45359,8,50,2182.6,-2,2024-03-08,2024-03-08 08:50:00,2024-03-08 08:50:00,GCJ24.csv,1901,GCJ24.csv,-2.0,2183.3,2183.3,4365.2,4366.6,1.4000000000005457
45359,9,0,2177.9,1,2024-03-08,2024-03-08 09:00:00,2024-03-08 09:00:00,GCJ24.csv,594,GCJ24.csv,3.0,2178.1,2178.1,6533.700000000001,6534.299999999999,-0.5999999999985448
45359,9,10,2172.1,4,2024-03-08,2024-03-08 09:10:00,2024-03-08 09:10:00,GCJ24.csv,892,GCJ24.csv,3.0,2174.7000000000003,2174.7000000000003,6516.299999999999,6524.1,-7.800000000001091
45359,9,20,2176.2,2,2024-03-08,2024-03-08 09:20:00,2024-03-08 09:20:00,GCJ24.csv,280,GCJ24.csv,-2.0,2177.2,2177.2,4352.4,4354.4,2.0
45359,9,30,2176.4,1,2024-03-08,2024-03-08 09:30:00,2024-03-08 09:30:00,GCJ24.csv,540,GCJ24.csv,-1.0,2176.8,2176.8,2176.4,2176.8,0.40000000000009095
45359,9,40,2173.3,4,2024-03-08,2024-03-08 09:40:00,2024-03-08 09:40:00,GCJ24.csv,512,GCJ24.csv,3.0,2174.7000000000003,2174.7000000000003,6519.900000000001,6524.1,-4.199999999999818
45359,9,50,2178.2,2,2024-03-08,2024-03-08 09:50:00,2024-03-08 09:50:00,GCJ24.csv,207,GCJ24.csv,-2.0,2178.8,2178.8,4356.4,4357.6,1.2000000000007276
45359,10,0,2178.7,0,2024-03-08,2024-03-08 10:00:00,2024-03-08 10:00:00,GCJ24.csv,956,GCJ24.csv,-2.0,2178.2,2178.2,4357.4,4356.4,-1.0
45359,10,10,2179.1,2,2024-03-08,2024-03-08 10:10:00,2024-03-08 10:10:00,GCJ24.csv,489,GCJ24.csv,2.0,2178.2000000000003,2178.2000000000003,4358.2,4356.400000000001,1.7999999999992724
45359,10,30,2176.9,1,2024-03-08,2024-03-08 10:30:00,2024-03-08 10:30:00,GCJ24.csv,287,GCJ24.csv,-1.0,2177.1,2177.1,2176.9,2177.1,0.1999999999998181
45359,12,0,2187.8,2,2024-03-08,2024-03-08 12:00:00,2024-03-08 12:00:00,GCJ24.csv,1243,GCJ24.csv,1.0,2189.2000000000003,2189.2000000000003,2187.8,2189.2000000000003,-1.400000000000091
45359,14,0,2181.5,4,2024-03-08,2024-03-08 14:00:00,2024-03-08 14:00:00,GCJ24.csv,173,GCJ24.csv,2.0,2182.0,2182.0,4363.0,4364.0,-1.0
45359,14,30,2182.1,5,2024-03-08,2024-03-08 14:30:00,2024-03-08 14:30:00,GCJ24.csv,151,GCJ24.csv,1.0,2183.4,2183.4,2182.1,2183.4,-1.300000000000182
45359,16,0,2184.2,3,2024-03-08,2024-03-08 16:00:00,2024-03-08 16:00:00,GCJ24.csv,317,GCJ24.csv,-2.0,2184.7,2184.7,4368.4,4369.4,1.0
45359,16,30,2184.5,0,2024-03-08,2024-03-08 16:30:00,2024-03-08 16:30:00,GCJ24.csv,7,GCJ24.csv,-3.0,2184.7,2184.7,6553.5,6554.099999999999,0.5999999999994543
45362,6,0,2186.8,-1,2024-03-11,2024-03-11 06:00:00,2024-03-11 06:00:00,GCJ24.csv,48,GCJ24.csv,-1.0,2186.8,2186.8,2186.8,2186.8,-0.0
45362,9,0,2183.8,1,2024-03-11,2024-03-11 09:00:00,2024-03-11 09:00:00,GCJ24.csv,341,GCJ24.csv,2.0,2183.7000000000003,2183.7000000000003,4367.6,4367.400000000001,0.1999999999998181
45362,9,40,2188.9,-1,2024-03-11,2024-03-11 09:40:00,2024-03-11 09:40:00,GCJ24.csv,465,GCJ24.csv,-2.0,2189.0,2189.0,4377.8,4378.0,0.1999999999998181
45362,9,50,2189.6,-2,2024-03-11,2024-03-11 09:50:00,2024-03-11 09:50:00,GCJ24.csv,249,GCJ24.csv,-1.0,2189.7,2189.7,2189.6,2189.7,0.09999999999990905
45362,10,0,2188.2,0,2024-03-11,2024-03-11 10:00:00,2024-03-11 10:00:00,GCJ24.csv,391,GCJ24.csv,2.0,2188.1,2188.1,4376.4,4376.2,0.1999999999998181
45362,10,10,2183.9,3,2024-03-11,2024-03-11 10:10:00,2024-03-11 10:10:00,GCJ24.csv,260,GCJ24.csv,3.0,2183.8,2183.8,6551.700000000001,6551.400000000001,0.3000000000001819
45362,10,30,2187.8,1,2024-03-11,2024-03-11 10:30:00,2024-03-11 10:30:00,GCJ24.csv,289,GCJ24.csv,-2.0,2187.9,2187.9,4375.6,4375.8,0.1999999999998181
45362,11,0,2188.4,-1,2024-03-11,2024-03-11 11:00:00,2024-03-11 11:00:00,GCJ24.csv,290,GCJ24.csv,-2.0,2188.5,2188.5,4376.8,4377.0,0.1999999999998181
45362,14,0,2186.2,-2,2024-03-11,2024-03-11 14:00:00,2024-03-11 14:00:00,GCJ24.csv,356,GCJ24.csv,-1.0,2186.3,2186.3,2186.2,2186.3,0.1000000000003638
45362,16,0,2187.6,-1,2024-03-11,2024-03-11 16:00:00,2024-03-11 16:00:00,GCJ24.csv,48,GCJ24.csv,1.0,2187.5,2187.5,2187.6,2187.5,0.09999999999990905
45363,4,30,2183.2,0,2024-03-12,2024-03-12 04:30:00,2024-03-12 04:30:00,GCJ24.csv,47,GCJ24.csv,1.0,2183.3,2183.3,2183.2,2183.3,-0.1000000000003638
45363,6,0,2183.0,1,2024-03-12,2024-03-12 06:00:00,2024-03-12 06:00:00,GCJ24.csv,233,GCJ24.csv,1.0,2182.7,2182.7,2183.0,2182.7,0.3000000000001819
45363,8,30,2176.1,0,2024-03-12,2024-03-12 08:30:00,2024-03-12 08:30:00,GCJ24.csv,5226,GCJ24.csv,-1.0,2172.8,2172.8,2176.1,2172.8,-3.299999999999727
45363,8,40,2184.0,-2,2024-03-12,2024-03-12 08:40:00,2024-03-12 08:40:00,GCJ24.csv,1902,GCJ24.csv,-2.0,2186.7,2186.7,4368.0,4373.4,5.399999999999636
45363,8,50,2184.4,-3,2024-03-12,2024-03-12 08:50:00,2024-03-12 08:50:00,GCJ24.csv,1317,GCJ24.csv,-1.0,2183.0,2183.0,2184.4,2183.0,-1.400000000000091
45363,9,0,2175.5,2,2024-03-12,2024-03-12 09:00:00,2024-03-12 09:00:00,GCJ24.csv,2166,GCJ24.csv,5.0,2174.7000000000003,2174.7000000000003,10877.5,10873.500000000002,3.999999999998181
45363,9,10,2168.8,4,2024-03-12,2024-03-12 09:10:00,2024-03-12 09:10:00,GCJ24.csv,1606,GCJ24.csv,2.0,2168.7000000000003,2168.7000000000003,4337.6,4337.400000000001,0.1999999999998181
45363,9,20,2166.9,3,2024-03-12,2024-03-12 09:20:00,2024-03-12 09:20:00,GCJ24.csv,619,GCJ24.csv,-1.0,2168.8,2168.8,2166.9,2168.8,1.900000000000091
45363,9,40,2162.9,4,2024-03-12,2024-03-12 09:40:00,2024-03-12 09:40:00,GCJ24.csv,607,GCJ24.csv,1.0,2164.4,2164.4,2162.9,2164.4,-1.5
45363,9,50,2166.1,2,2024-03-12,2024-03-12 09:50:00,2024-03-12 09:50:00,GCJ24.csv,541,GCJ24.csv,-2.0,2167.7,2167.7,4332.2,4335.4,3.199999999999818
45363,10,0,2165.8,1,2024-03-12,2024-03-12 10:00:00,2024-03-12 10:00:00,GCJ24.csv,1236,GCJ24.csv,-1.0,2168.4,2168.4,2165.8,2168.4,2.599999999999909
45363,10,10,2158.9,3,2024-03-12,2024-03-12 10:10:00,2024-03-12 10:10:00,GCJ24.csv,675,GCJ24.csv,2.0,2160.1,2160.1,4317.8,4320.2,-2.399999999999636
45363,11,0,2167.6,1,2024-03-12,2024-03-12 11:00:00,2024-03-12 11:00:00,GCJ24.csv,1329,GCJ24.csv,-2.0,2168.0,2168.0,4335.2,4336.0,0.8000000000001819
45363,12,0,2168.6,4,2024-03-12,2024-03-12 12:00:00,2024-03-12 12:00:00,GCJ24.csv,179,GCJ24.csv,3.0,2168.4,2168.4,6505.799999999999,6505.200000000001,0.5999999999985448
45363,14,0,2160.1,5,2024-03-12,2024-03-12 14:00:00,2024-03-12 14:00:00,GCJ24.csv,887,GCJ24.csv,1.0,2159.8,2159.8,2160.1,2159.8,0.29999999999972715
45363,14,30,2160.9,4,2024-03-12,2024-03-12 14:30:00,2024-03-12 14:30:00,GCJ24.csv,164,GCJ24.csv,-1.0,2161.4,2161.4,2160.9,2161.4,0.5
45363,16,0,2162.8,3,2024-03-12,2024-03-12 16:00:00,2024-03-12 16:00:00,GCJ24.csv,123,GCJ24.csv,-1.0,2162.4,2162.4,2162.8,2162.4,-0.40000000000009095
45364,4,30,2164.4,4,2024-03-13,2024-03-13 04:30:00,2024-03-13 04:30:00,GCJ24.csv,115,GCJ24.csv,1.0,2164.5,2164.5,2164.4,2164.5,-0.09999999999990905
45364,6,0,2163.8,6,2024-03-13,2024-03-13 06:00:00,2024-03-13 06:00:00,GCJ24.csv,80,GCJ24.csv,2.0,2163.7,2163.7,4327.6,4327.4,0.2000000000007276
45364,8,30,2169.2,5,2024-03-13,2024-03-13 08:30:00,2024-03-13 08:30:00,GCJ24.csv,310,GCJ24.csv,-1.0,2169.1,2169.1,2169.2,2169.1,-0.09999999999990905
45364,9,40,2175.0,3,2024-03-13,2024-03-13 09:40:00,2024-03-13 09:40:00,GCJ24.csv,1287,GCJ24.csv,-2.0,2174.6,2174.6,4350.0,4349.2,-0.8000000000001819
45364,10,0,2171.6,5,2024-03-13,2024-03-13 10:00:00,2024-03-13 10:00:00,GCJ24.csv,326,GCJ24.csv,2.0,2170.8,2170.8,4343.2,4341.6,1.5999999999994543
45364,12,0,2177.3,6,2024-03-13,2024-03-13 12:00:00,2024-03-13 12:00:00,GCJ24.csv,140,GCJ24.csv,1.0,2176.5,2176.5,2177.3,2176.5,0.8000000000001819
45365,1,30,2175.4,3,2024-03-14,2024-03-14 01:30:00,2024-03-14 01:30:00,GCJ24.csv,40,GCJ24.csv,-3.0,2175.4,2175.4,6526.200000000001,6526.200000000001,-0.0
45365,3,30,2171.9,6,2024-03-14,2024-03-14 03:30:00,2024-03-14 03:30:00,GCJ24.csv,66,GCJ24.csv,3.0,2171.9,2171.9,6515.700000000001,6515.700000000001,0.0
45365,4,30,2173.8,8,2024-03-14,2024-03-14 04:30:00,2024-03-14 04:30:00,GCJ24.csv,404,GCJ24.csv,2.0,2173.8,2173.8,4347.6,4347.6,0.0
45365,8,30,2171.7,6,2024-03-14,2024-03-14 08:30:00,2024-03-14 08:30:00,GCJ24.csv,2388,GCJ24.csv,-2.0,2171.8,2171.8,4343.4,4343.6,0.2000000000007276
45365,9,0,2167.3,7,2024-03-14,2024-03-14 09:00:00,2024-03-14 09:00:00,GCJ24.csv,765,GCJ24.csv,1.0,2167.2000000000003,2167.2000000000003,2167.3,2167.2000000000003,0.09999999999990905
45365,10,30,2166.5,8,2024-03-14,2024-03-14 10:30:00,2024-03-14 10:30:00,GCJ24.csv,375,GCJ24.csv,1.0,2166.4,2167.6,2166.5,2167.6,-1.099999999999909
45365,11,0,2165.9,7,2024-03-14,2024-03-14 11:00:00,2024-03-14 11:00:00,GCJ24.csv,635,GCJ24.csv,-1.0,2166.0,2166.0,2165.9,2166.0,0.09999999999990905
45365,12,0,2161.4,6,2024-03-14,2024-03-14 12:00:00,2024-03-14 12:00:00,GCJ24.csv,192,GCJ24.csv,-1.0,2161.5,2161.5,2161.4,2161.5,0.09999999999990905
45365,14,30,2166.1,5,2024-03-14,2024-03-14 14:30:00,2024-03-14 14:30:00,GCJ24.csv,108,GCJ24.csv,-1.0,2166.1,2166.1,2166.1,2166.1,-0.0
45366,1,30,2168.3,7,2024-03-15,2024-03-15 01:30:00,2024-03-15 01:30:00,GCJ24.csv,29,GCJ24.csv,2.0,2169.6,2169.6,4336.6,4339.2,-2.5999999999994543
45366,3,30,2172.1,5,2024-03-15,2024-03-15 03:30:00,2024-03-15 03:30:00,GCJ24.csv,89,GCJ24.csv,-2.0,2172.1,2172.1,4344.2,4344.2,-0.0
45366,6,0,2176.1,7,2024-03-15,2024-03-15 06:00:00,2024-03-15 06:00:00,GCJ24.csv,695,GCJ24.csv,2.0,2176.5,2176.5,4352.2,4353.0,-0.8000000000001819
45366,8,40,2163.2,8,2024-03-15,2024-03-15 08:40:00,2024-03-15 08:40:00,GCJ24.csv,552,GCJ24.csv,1.0,2162.6,2162.6,2163.2,2162.6,0.599999999999909
45366,9,0,2165.6,7,2024-03-15,2024-03-15 09:00:00,2024-03-15 09:00:00,GCJ24.csv,471,GCJ24.csv,-1.0,2166.2,2166.2,2165.6,2166.2,0.599999999999909
45366,10,30,2164.8,8,2024-03-15,2024-03-15 10:30:00,2024-03-15 10:30:00,GCJ24.csv,237,GCJ24.csv,1.0,2166.7000000000003,2166.7000000000003,2164.8,2166.7000000000003,-1.900000000000091
45366,12,0,2163.8,5,2024-03-15,2024-03-15 12:00:00,2024-03-15 12:00:00,GCJ24.csv,135,GCJ24.csv,-3.0,2163.1,2163.1,6491.400000000001,6489.299999999999,-2.1000000000012733
45366,14,30,2161.4,4,2024-03-15,2024-03-15 14:30:00,2024-03-15 14:30:00,GCJ24.csv,69,GCJ24.csv,-1.0,2161.7,2161.7,2161.4,2161.7,0.29999999999972715
45366,16,30,2161.9,0,2024-03-15,2024-03-15 16:30:00,2024-03-15 16:30:00,GCJ24.csv,21,GCJ24.csv,-4.0,2161.9,2161.9,8647.6,8647.6,-0.0
45369,1,30,2149.9,-1,2024-03-18,2024-03-18 01:30:00,2024-03-18 01:30:00,GCJ24.csv,126,GCJ24.csv,-1.0,2149.7,2149.7,2149.9,2149.7,-0.20000000000027285
45369,3,30,2153.8,0,2024-03-18,2024-03-18 03:30:00,2024-03-18 03:30:00,GCJ24.csv,189,GCJ24.csv,1.0,2152.7,2152.7,2153.8,2152.7,1.1000000000003638
45369,4,30,2156.2,-2,2024-03-18,2024-03-18 04:30:00,2024-03-18 04:30:00,GCJ24.csv,71,GCJ24.csv,-2.0,2156.5,2156.5,4312.4,4313.0,0.6000000000003638
45369,6,0,2158.4,1,2024-03-18,2024-03-18 06:00:00,2024-03-18 06:00:00,GCJ24.csv,45,GCJ24.csv,3.0,2158.2000000000003,2158.2000000000003,6475.200000000001,6474.6,0.6000000000003638
45369,8,30,2165.1,3,2024-03-18,2024-03-18 08:30:00,2024-03-18 08:30:00,GCJ24.csv,534,GCJ24.csv,2.0,2164.9,2164.9,4330.2,4329.8,0.3999999999996362
45369,9,0,2162.3,5,2024-03-18,2024-03-18 09:00:00,2024-03-18 09:00:00,GCJ24.csv,555,GCJ24.csv,2.0,2163.3,2163.3,4324.6,4326.6,-2.0
45369,10,10,2164.0,3,2024-03-18,2024-03-18 10:10:00,2024-03-18 10:10:00,GCJ24.csv,211,GCJ24.csv,-2.0,2163.7,2163.7,4328.0,4327.4,-0.6000000000003638
45369,10,30,2163.4,5,2024-03-18,2024-03-18 10:30:00,2024-03-18 10:30:00,GCJ24.csv,88,GCJ24.csv,2.0,2163.3,2163.3,4326.8,4326.6,0.1999999999998181
45369,11,0,2161.9,3,2024-03-18,2024-03-18 11:00:00,2024-03-18 11:00:00,GCJ24.csv,499,GCJ24.csv,-2.0,2161.9,2161.9,4323.8,4323.8,-0.0
45369,12,0,2161.7,5,2024-03-18,2024-03-18 12:00:00,2024-03-18 12:00:00,GCJ24.csv,185,GCJ24.csv,2.0,2161.4,2161.4,4323.4,4322.8,0.5999999999994543
45370,1,30,2161.6,3,2024-03-19,2024-03-19 01:30:00,2024-03-19 01:30:00,GCJ24.csv,139,GCJ24.csv,-2.0,2161.6,2161.6,4323.2,4323.2,-0.0
45370,3,30,2158.7,5,2024-03-19,2024-03-19 03:30:00,2024-03-19 03:30:00,GCJ24.csv,78,GCJ24.csv,2.0,2159.2000000000003,2159.2000000000003,4317.4,4318.400000000001,-1.0000000000009095
45370,4,30,2153.7,3,2024-03-19,2024-03-19 04:30:00,2024-03-19 04:30:00,GCJ24.csv,254,GCJ24.csv,-2.0,2153.8,2153.8,4307.4,4307.6,0.2000000000007276
45370,8,30,2156.4,5,2024-03-19,2024-03-19 08:30:00,2024-03-19 08:30:00,GCJ24.csv,606,GCJ24.csv,2.0,2156.7000000000003,2156.7000000000003,4312.8,4313.400000000001,-0.6000000000003638
45370,10,30,2155.9,7,2024-03-19,2024-03-19 10:30:00,2024-03-19 10:30:00,GCJ24.csv,120,GCJ24.csv,2.0,2156.1,2156.1,4311.8,4312.2,-0.3999999999996362
45370,14,30,2159.7,5,2024-03-19,2024-03-19 14:30:00,2024-03-19 14:30:00,GCJ24.csv,21,GCJ24.csv,-2.0,2159.7,2159.7,4319.4,4319.4,-0.0
45371,1,30,2160.6,2,2024-03-20,2024-03-20 01:30:00,2024-03-20 01:30:00,GCJ24.csv,41,GCJ24.csv,-3.0,2160.5,2160.5,6481.799999999999,6481.5,-0.2999999999992724
45371,3,30,2161.9,5,2024-03-20,2024-03-20 03:30:00,2024-03-20 03:30:00,GCJ24.csv,60,GCJ24.csv,3.0,2161.9,2161.9,6485.700000000001,6485.700000000001,0.0
45371,4,30,2159.1,3,2024-03-20,2024-03-20 04:30:00,2024-03-20 04:30:00,GCJ24.csv,42,GCJ24.csv,-2.0,2159.6,2159.6,4318.2,4319.2,1.0
45371,6,0,2157.2,4,2024-03-20,2024-03-20 06:00:00,2024-03-20 06:00:00,GCJ24.csv,355,GCJ24.csv,1.0,2156.8,2156.8,2157.2,2156.8,0.3999999999996362
45371,8,30,2157.2,6,2024-03-20,2024-03-20 08:30:00,2024-03-20 08:30:00,GCJ24.csv,88,GCJ24.csv,2.0,2156.7,2156.7,4314.4,4313.4,1.0
45371,9,0,2156.1,7,2024-03-20,2024-03-20 09:00:00,2024-03-20 09:00:00,GCJ24.csv,177,GCJ24.csv,1.0,2156.4,2156.4,2156.1,2156.4,-0.3000000000001819
45371,9,30,2153.8,8,2024-03-20,2024-03-20 09:30:00,2024-03-20 09:30:00,GCJ24.csv,816,GCJ24.csv,1.0,2154.9,2154.9,2153.8,2154.9,-1.099999999999909
45371,9,50,2158.2,5,2024-03-20,2024-03-20 09:50:00,2024-03-20 09:50:00,GCJ24.csv,233,GCJ24.csv,-3.0,2158.7,2158.7,6474.599999999999,6476.099999999999,1.5
45371,10,10,2167.3,4,2024-03-20,2024-03-20 10:10:00,2024-03-20 10:10:00,GCJ24.csv,624,GCJ24.csv,-1.0,2167.1,2167.1,2167.3,2167.1,-0.20000000000027285
45371,10,30,2163.9,7,2024-03-20,2024-03-20 10:30:00,2024-03-20 10:30:00,GCJ24.csv,337,GCJ24.csv,3.0,2162.5,2162.5,6491.700000000001,6487.5,4.200000000000728
45371,11,0,2159.9,6,2024-03-20,2024-03-20 11:00:00,2024-03-20 11:00:00,GCJ24.csv,304,GCJ24.csv,-1.0,2161.3,2161.3,2159.9,2161.3,1.400000000000091
45371,12,0,2158.8,7,2024-03-20,2024-03-20 12:00:00,2024-03-20 12:00:00,GCJ24.csv,135,GCJ24.csv,1.0,2159.9,2159.9,2158.8,2159.9,-1.099999999999909
45371,14,0,2160.7,5,2024-03-20,2024-03-20 14:00:00,2024-03-20 14:00:00,GCJ24.csv,3114,GCJ24.csv,-2.0,2170.8,2170.8,4321.4,4341.6,20.200000000000728
45371,16,0,2186.5,7,2024-03-20,2024-03-20 16:00:00,2024-03-20 16:00:00,GCJ24.csv,457,GCJ24.csv,2.0,2187.3,2187.3,4373.0,4374.6,-1.6000000000003638
45372,4,30,2205.6,8,2024-03-21,2024-03-21 04:30:00,2024-03-21 04:30:00,GCJ24.csv,581,GCJ24.csv,1.0,2204.4,2204.4,2205.6,2204.4,1.199999999999818
45372,6,0,2207.8,1,2024-03-21,2024-03-21 06:00:00,2024-03-21 06:00:00,GCJ24.csv,86,GCJ24.csv,-7.0,2208.3,2208.3,15454.600000000002,15458.100000000002,3.5
45372,8,30,2209.6,0,2024-03-21,2024-03-21 08:30:00,2024-03-21 08:30:00,GCJ24.csv,696,GCJ24.csv,-1.0,2207.3,2207.3,2209.6,2207.3,-2.299999999999727
45372,9,10,2205.8,2,2024-03-21,2024-03-21 09:10:00,2024-03-21 09:10:00,GCJ24.csv,473,GCJ24.csv,2.0,2205.9,2205.9,4411.6,4411.8,-0.1999999999998181
45372,9,30,2204.4,0,2024-03-21,2024-03-21 09:30:00,2024-03-21 09:30:00,GCJ24.csv,1813,GCJ24.csv,-2.0,2201.2,2201.2,4408.8,4402.4,-6.400000000000546
45372,9,40,2201.6,2,2024-03-21,2024-03-21 09:40:00,2024-03-21 09:40:00,GCJ24.csv,279,GCJ24.csv,2.0,2201.9,2201.9,4403.2,4403.8,-0.6000000000003638
45372,9,50,2198.2,4,2024-03-21,2024-03-21 09:50:00,2024-03-21 09:50:00,GCJ24.csv,755,GCJ24.csv,2.0,2198.0,2198.0,4396.4,4396.0,0.3999999999996362
45372,10,0,2193.1,3,2024-03-21,2024-03-21 10:00:00,2024-03-21 10:00:00,GCJ24.csv,1710,GCJ24.csv,-1.0,2189.9,2189.9,2193.1,2189.9,-3.199999999999818
45372,10,10,2185.7,2,2024-03-21,2024-03-21 10:10:00,2024-03-21 10:10:00,GCJ24.csv,1458,GCJ24.csv,-1.0,2185.8,2185.8,2185.7,2185.8,0.1000000000003638
45372,10,30,2178.7,5,2024-03-21,2024-03-21 10:30:00,2024-03-21 10:30:00,GCJ24.csv,1017,GCJ24.csv,3.0,2182.5,2182.5,6536.099999999999,6547.5,-11.400000000000546
45372,10,40,2180.5,4,2024-03-21,2024-03-21 10:40:00,2024-03-21 10:40:00,GCJ24.csv,1072,GCJ24.csv,-1.0,2180.8,2180.8,2180.5,2180.8,0.3000000000001819
45372,10,50,2181.8,3,2024-03-21,2024-03-21 10:50:00,2024-03-21 10:50:00,GCJ24.csv,581,GCJ24.csv,-1.0,2181.6,2181.6,2181.8,2181.6,-0.20000000000027285
45372,14,30,2183.7,0,2024-03-21,2024-03-21 14:30:00,2024-03-21 14:30:00,GCJ24.csv,59,GCJ24.csv,-3.0,2183.7,2183.7,6551.099999999999,6551.099999999999,-0.0
45373,1,30,2175.6,-1,2024-03-22,2024-03-22 01:30:00,2024-03-22 01:30:00,GCJ24.csv,88,GCJ24.csv,-1.0,2174.8,2174.8,2175.6,2174.8,-0.7999999999997272
45373,3,30,2166.4,0,2024-03-22,2024-03-22 03:30:00,2024-03-22 03:30:00,GCJ24.csv,261,GCJ24.csv,1.0,2167.5,2167.5,2166.4,2167.5,-1.099999999999909
45373,6,0,2168.1,3,2024-03-22,2024-03-22 06:00:00,2024-03-22 06:00:00,GCJ24.csv,64,GCJ24.csv,3.0,2168.3,2168.3,6504.299999999999,6504.900000000001,-0.6000000000012733
45373,9,50,2181.0,1,2024-03-22,2024-03-22 09:50:00,2024-03-22 09:50:00,GCJ24.csv,214,GCJ24.csv,-2.0,2181.4,2181.4,4362.0,4362.8,0.8000000000001819
45373,10,0,2180.6,0,2024-03-22,2024-03-22 10:00:00,2024-03-22 10:00:00,GCJ24.csv,202,GCJ24.csv,-1.0,2180.7,2180.7,2180.6,2180.7,0.09999999999990905
45373,10,10,2176.0,4,2024-03-22,2024-03-22 10:10:00,2024-03-22 10:10:00,GCJ24.csv,265,GCJ24.csv,4.0,2178.0,2178.0,8704.0,8712.0,-8.0
45373,10,20,2176.0,5,2024-03-22,2024-03-22 10:20:00,2024-03-22 10:20:00,GCJ24.csv,520,GCJ24.csv,1.0,2175.0,2175.0,2176.0,2175.0,1.0
45373,14,0,2160.5,7,2024-03-22,2024-03-22 14:00:00,2024-03-22 14:00:00,GCJ24.csv,145,GCJ24.csv,2.0,2160.7000000000003,2160.7000000000003,4321.0,4321.400000000001,-0.4000000000005457
45373,14,30,2165.5,5,2024-03-22,2024-03-22 14:30:00,2024-03-22 14:30:00,GCJ24.csv,145,GCJ24.csv,-2.0,2164.5,2164.5,4331.0,4329.0,-2.0
45373,16,0,2165.7,3,2024-03-22,2024-03-22 16:00:00,2024-03-22 16:00:00,GCJ24.csv,142,GCJ24.csv,-2.0,2165.3,2165.3,4331.4,4330.6,-0.7999999999992724
45373,16,30,2167.3,0,2024-03-22,2024-03-22 16:30:00,2024-03-22 16:30:00,GCJ24.csv,33,GCJ24.csv,-3.0,2167.1,2167.1,6501.900000000001,6501.299999999999,-0.6000000000012733
45376,1,30,2169.4,-1,2024-03-25,2024-03-25 01:30:00,2024-03-25 01:30:00,GCJ24.csv,51,GCJ24.csv,-1.0,2169.2,2169.2,2169.4,2169.2,-0.20000000000027285
45376,3,30,2167.7,0,2024-03-25,2024-03-25 03:30:00,2024-03-25 03:30:00,GCJ24.csv,31,GCJ24.csv,1.0,2167.4,2167.4,2167.7,2167.4,0.29999999999972715
45376,9,0,2175.6,-1,2024-03-25,2024-03-25 09:00:00,2024-03-25 09:00:00,GCJ24.csv,722,GCJ24.csv,-1.0,2175.6,2175.6,2175.6,2175.6,-0.0
45376,9,40,2178.8,-2,2024-03-25,2024-03-25 09:40:00,2024-03-25 09:40:00,GCJ24.csv,187,GCJ24.csv,-1.0,2178.4,2178.4,2178.8,2178.4,-0.40000000000009095
45376,10,0,2178.3,-1,2024-03-25,2024-03-25 10:00:00,2024-03-25 10:00:00,GCJ24.csv,248,GCJ24.csv,1.0,2179.2000000000003,2179.2000000000003,2178.3,2179.2000000000003,-0.900000000000091
45376,10,30,2178.4,-2,2024-03-25,2024-03-25 10:30:00,2024-03-25 10:30:00,GCJ24.csv,234,GCJ24.csv,-1.0,2177.9,2177.9,2178.4,2177.9,-0.5
45376,11,0,2178.8,-1,2024-03-25,2024-03-25 11:00:00,2024-03-25 11:00:00,GCJ24.csv,429,GCJ24.csv,1.0,2178.0,2178.0,2178.8,2178.0,0.8000000000001819
45376,12,0,2176.5,2,2024-03-25,2024-03-25 12:00:00,2024-03-25 12:00:00,GCJ24.csv,133,GCJ24.csv,3.0,2176.8,2176.8,6529.5,6530.400000000001,-0.9000000000005457
45376,14,30,2175.3,3,2024-03-25,2024-03-25 14:30:00,2024-03-25 14:30:00,GCJ24.csv,28,GCJ24.csv,1.0,2175.0,2175.0,2175.3,2175.0,0.3000000000001819
45377,1,30,2172.2,4,2024-03-26,2024-03-26 01:30:00,2024-03-26 01:30:00,GCM24.csv,63,GCM24.csv,1.0,2194.2,2194.2,2172.2,2194.2,-22.0
45377,3,30,2172.1,3,2024-03-26,2024-03-26 03:30:00,2024-03-26 03:30:00,GCM24.csv,101,GCM24.csv,-1.0,2194.4,2194.4,2172.1,2194.4,22.300000000000182
45377,6,0,2191.5,6,2024-03-26,2024-03-26 06:00:00,2024-03-26 06:00:00,GCM24.csv,92,GCM24.csv,3.0,2214.0,2214.0,6574.5,6642.0,-67.5
45377,8,50,2188.7,7,2024-03-26,2024-03-26 08:50:00,2024-03-26 08:50:00,GCM24.csv,257,GCM24.csv,1.0,2211.1,2211.1,2188.7,2211.1,-22.40000000000009
45377,9,10,2188.9,6,2024-03-26,2024-03-26 09:10:00,2024-03-26 09:10:00,GCM24.csv,118,GCM24.csv,-1.0,2212.3,2212.3,2188.9,2212.3,23.40000000000009
45377,9,50,2183.3,7,2024-03-26,2024-03-26 09:50:00,2024-03-26 09:50:00,GCM24.csv,298,GCM24.csv,1.0,2206.8,2206.8,2183.3,2206.8,-23.5
45377,10,10,2185.6,6,2024-03-26,2024-03-26 10:10:00,2024-03-26 10:10:00,GCJ24.csv,203,GCJ24.csv,-1.0,2185.1,2185.1,2185.6,2185.1,-0.5
45378,4,30,2178.5,3,2024-03-27,2024-03-27 04:30:00,2024-03-27 04:30:00,GCM24.csv,97,GCM24.csv,-3.0,2200.0,2200.0,6535.5,6600.0,64.5
45378,6,0,2188.2,4,2024-03-27,2024-03-27 06:00:00,2024-03-27 06:00:00,GCM24.csv,349,GCM24.csv,1.0,2210.7,2210.7,2188.2,2210.7,-22.5
45378,8,30,2186.1,7,2024-03-27,2024-03-27 08:30:00,2024-03-27 08:30:00,GCM24.csv,169,GCM24.csv,3.0,2208.7,2208.7,6558.299999999999,6626.099999999999,-67.80000000000018
45378,9,40,2190.9,5,2024-03-27,2024-03-27 09:40:00,2024-03-27 09:40:00,GCM24.csv,541,GCM24.csv,-2.0,2211.6,2211.6,4381.8,4423.2,41.399999999999636
45378,10,0,2192.4,7,2024-03-27,2024-03-27 10:00:00,2024-03-27 10:00:00,GCM24.csv,456,GCM24.csv,2.0,2213.6,2213.6,4384.8,4427.2,-42.399999999999636
45378,10,30,2190.9,8,2024-03-27,2024-03-27 10:30:00,2024-03-27 10:30:00,GCM24.csv,173,GCM24.csv,1.0,2213.3,2213.3,2190.9,2213.3,-22.40000000000009
45378,12,0,2189.0,7,2024-03-27,2024-03-27 12:00:00,2024-03-27 12:00:00,GCM24.csv,401,GCM24.csv,-1.0,2211.7,2211.7,2189.0,2211.7,22.699999999999818
45378,14,30,2188.7,6,2024-03-27,2024-03-27 14:30:00,2024-03-27 14:30:00,GCM24.csv,24,GCM24.csv,-1.0,2211.7,2211.7,2188.7,2211.7,23.0
45379,4,30,2194.3,4,2024-03-28,2024-03-28 04:30:00,2024-03-28 04:30:00,GCM24.csv,61,GCM24.csv,-2.0,2214.3,2214.3,4388.6,4428.6,40.0
45379,6,0,2195.1,0,2024-03-28,2024-03-28 06:00:00,2024-03-28 06:00:00,GCM24.csv,69,GCM24.csv,-4.0,2218.5,2218.5,8780.4,8874.0,93.60000000000036
45379,8,30,2210.7,2,2024-03-28,2024-03-28 08:30:00,2024-03-28 08:30:00,GCM24.csv,750,GCM24.csv,2.0,2232.2,2232.2,4421.4,4464.4,-43.0
45379,8,40,2207.3,3,2024-03-28,2024-03-28 08:40:00,2024-03-28 08:40:00,GCM24.csv,457,GCM24.csv,1.0,2229.3,2229.3,2207.3,2229.3,-22.0
45379,9,0,2215.0,0,2024-03-28,2024-03-28 09:00:00,2024-03-28 09:00:00,GCM24.csv,2039,GCM24.csv,-3.0,2236.4,2236.4,6645.0,6709.200000000001,64.20000000000073
45379,9,10,2212.1,-1,2024-03-28,2024-03-28 09:10:00,2024-03-28 09:10:00,GCM24.csv,210,GCM24.csv,-1.0,2233.3,2233.3,2212.1,2233.3,21.200000000000273
45379,9,20,2210.9,3,2024-03-28,2024-03-28 09:20:00,2024-03-28 09:20:00,GCM24.csv,469,GCM24.csv,4.0,2232.5,2232.5,8843.6,8930.0,-86.39999999999964
45379,9,30,2208.8,4,2024-03-28,2024-03-28 09:30:00,2024-03-28 09:30:00,GCM24.csv,982,GCM24.csv,1.0,2230.3,2230.3,2208.8,2230.3,-21.5
45379,10,0,2207.3,2,2024-03-28,2024-03-28 10:00:00,2024-03-28 10:00:00,GCM24.csv,578,GCM24.csv,-2.0,2228.6,2228.6,4414.6,4457.2,42.599999999999454
45379,10,30,2206.1,0,2024-03-28,2024-03-28 10:30:00,2024-03-28 10:30:00,GCM24.csv,268,GCM24.csv,-2.0,2227.3,2227.3,4412.2,4454.6,42.400000000000546
45379,12,0,2215.5,1,2024-03-28,2024-03-28 12:00:00,2024-03-28 12:00:00,GCM24.csv,608,GCM24.csv,1.0,2236.4,2236.4,2215.5,2236.4,-20.90000000000009
45379,14,30,2221.0,3,2024-03-28,2024-03-28 14:30:00,2024-03-28 14:30:00,GCM24.csv,236,GCM24.csv,2.0,2242.1,2242.1,4442.0,4484.2,-42.19999999999982
45380,12,0,2234.1,0,2024-03-29,2024-03-29 12:00:00,2024-03-29 12:00:00,GCM24.csv,248,GCM24.csv,-3.0,2254.9,2259.2,6702.299999999999,6777.599999999999,75.30000000000018
45383,9,20,2255.9,-2,2024-04-01,2024-04-01 09:20:00,2024-04-01 09:20:00,GCM24.csv,266,GCM24.csv,-2.0,2276.4,2276.4,4511.8,4552.8,41.0
45383,9,40,2255.9,0,2024-04-01,2024-04-01 09:40:00,2024-04-01 09:40:00,GCM24.csv,536,GCM24.csv,2.0,2271.4,2271.4,4511.8,4542.8,-31.0
45383,9,50,2250.9,2,2024-04-01,2024-04-01 09:50:00,2024-04-01 09:50:00,GCM24.csv,1688,GCM24.csv,2.0,2263.1,2263.1,4501.8,4526.2,-24.399999999999636
45383,10,0,2243.1,3,2024-04-01,2024-04-01 10:00:00,2024-04-01 10:00:00,GCM24.csv,1984,GCM24.csv,1.0,2262.9,2262.9,2243.1,2262.9,-19.800000000000182
45383,10,10,2235.9,2,2024-04-01,2024-04-01 10:10:00,2024-04-01 10:10:00,GCM24.csv,701,GCM24.csv,-1.0,2257.5,2257.5,2235.9,2257.5,21.59999999999991
45383,10,20,2234.0,1,2024-04-01,2024-04-01 10:20:00,2024-04-01 10:20:00,GCM24.csv,776,GCM24.csv,-1.0,2252.7,2252.7,2234.0,2252.7,18.699999999999818
45383,10,30,2234.0,0,2024-04-01,2024-04-01 10:30:00,2024-04-01 10:30:00,GCM24.csv,424,GCM24.csv,-1.0,2253.4,2253.4,2234.0,2253.4,19.40000000000009
45384,1,30,2274.6,-3,2024-04-02,2024-04-02 01:30:00,2024-04-02 01:30:00,GCM24.csv,145,GCM24.csv,-3.0,2274.6,2274.6,6823.799999999999,6823.799999999999,-0.0
45384,3,30,2274.2,0,2024-04-02,2024-04-02 03:30:00,2024-04-02 03:30:00,GCM24.csv,141,GCM24.csv,3.0,2274.2,2274.2,6822.599999999999,6822.599999999999,0.0
45384,4,30,2282.0,-2,2024-04-02,2024-04-02 04:30:00,2024-04-02 04:30:00,GCM24.csv,103,GCM24.csv,-2.0,2282.0,2282.0,4564.0,4564.0,-0.0
45384,6,0,2281.2,-3,2024-04-02,2024-04-02 06:00:00,2024-04-02 06:00:00,GCM24.csv,113,GCM24.csv,-1.0,2281.2,2281.2,2281.2,2281.2,-0.0
45384,8,30,2276.9,-1,2024-04-02,2024-04-02 08:30:00,2024-04-02 08:30:00,GCM24.csv,252,GCM24.csv,2.0,2276.8,2276.8,4553.8,4553.6,0.1999999999998181
45384,9,0,2277.7,0,2024-04-02,2024-04-02 09:00:00,2024-04-02 09:00:00,GCM24.csv,366,GCM24.csv,1.0,2277.6,2277.6,2277.7,2277.6,0.09999999999990905
45384,9,40,2284.3,-1,2024-04-02,2024-04-02 09:40:00,2024-04-02 09:40:00,GCM24.csv,1107,GCM24.csv,-1.0,2284.4,2284.4,2284.3,2284.4,0.09999999999990905
45384,10,0,2286.2,0,2024-04-02,2024-04-02 10:00:00,2024-04-02 10:00:00,GCM24.csv,858,GCM24.csv,1.0,2286.2,2286.2,2286.2,2286.2,0.0
45384,11,0,2280.5,-1,2024-04-02,2024-04-02 11:00:00,2024-04-02 11:00:00,GCM24.csv,567,GCM24.csv,-1.0,2280.6,2280.6,2280.5,2280.6,0.09999999999990905
45385,1,30,2303.8,-4,2024-04-03,2024-04-03 01:30:00,2024-04-03 01:30:00,GCM24.csv,131,GCM24.csv,-3.0,2304.1,2304.1,6911.400000000001,6912.299999999999,0.8999999999987267
45385,3,30,2292.9,-1,2024-04-03,2024-04-03 03:30:00,2024-04-03 03:30:00,GCM24.csv,294,GCM24.csv,3.0,2292.2,2292.2,6878.700000000001,6876.599999999999,2.1000000000012733
45385,4,30,2289.6,-2,2024-04-03,2024-04-03 04:30:00,2024-04-03 04:30:00,GCM24.csv,102,GCM24.csv,-1.0,2289.7,2289.7,2289.6,2289.7,0.09999999999990905
45385,6,0,2292.2,-3,2024-04-03,2024-04-03 06:00:00,2024-04-03 06:00:00,GCM24.csv,59,GCM24.csv,-1.0,2292.1,2292.1,2292.2,2292.1,-0.09999999999990905
45385,8,30,2288.7,-2,2024-04-03,2024-04-03 08:30:00,2024-04-03 08:30:00,GCM24.csv,1080,GCM24.csv,1.0,2291.4,2291.4,2288.7,2291.4,-2.700000000000273
45385,9,10,2297.9,-3,2024-04-03,2024-04-03 09:10:00,2024-04-03 09:10:00,GCM24.csv,299,GCM24.csv,-1.0,2298.1,2298.1,2297.9,2298.1,0.1999999999998181
45385,9,20,2295.5,-2,2024-04-03,2024-04-03 09:20:00,2024-04-03 09:20:00,GCM24.csv,180,GCM24.csv,1.0,2295.3,2295.3,2295.5,2295.3,0.1999999999998181
45385,9,30,2294.9,-1,2024-04-03,2024-04-03 09:30:00,2024-04-03 09:30:00,GCM24.csv,674,GCM24.csv,1.0,2293.5,2293.5,2294.9,2293.5,1.400000000000091
45385,9,40,2294.5,-2,2024-04-03,2024-04-03 09:40:00,2024-04-03 09:40:00,GCM24.csv,304,GCM24.csv,-1.0,2294.9,2294.9,2294.5,2294.9,0.40000000000009095
45385,10,30,2296.3,-1,2024-04-03,2024-04-03 10:30:00,2024-04-03 10:30:00,GCM24.csv,823,GCM24.csv,1.0,2294.9,2294.9,2296.3,2294.9,1.400000000000091
45385,12,0,2306.9,0,2024-04-03,2024-04-03 12:00:00,2024-04-03 12:00:00,GCM24.csv,204,GCM24.csv,1.0,2306.2000000000003,2306.2000000000003,2306.9,2306.2000000000003,0.6999999999998181
45385,14,0,2315.5,2,2024-04-03,2024-04-03 14:00:00,2024-04-03 14:00:00,GCM24.csv,104,GCM24.csv,2.0,2315.5,2315.5,4631.0,4631.0,0.0
45385,14,30,2315.0,1,2024-04-03,2024-04-03 14:30:00,2024-04-03 14:30:00,GCM24.csv,40,GCM24.csv,-1.0,2315.4,2315.4,2315.0,2315.4,0.40000000000009095
45385,16,0,2318.1,-1,2024-04-03,2024-04-03 16:00:00,2024-04-03 16:00:00,GCM24.csv,151,GCM24.csv,-2.0,2318.2,2318.2,4636.2,4636.4,0.1999999999998181
45386,4,30,2310.9,-2,2024-04-04,2024-04-04 04:30:00,2024-04-04 04:30:00,GCM24.csv,106,GCM24.csv,-1.0,2312.0,2312.0,2310.9,2312.0,1.099999999999909
45386,6,0,2312.6,-1,2024-04-04,2024-04-04 06:00:00,2024-04-04 06:00:00,GCM24.csv,17,GCM24.csv,1.0,2312.7,2312.7,2312.6,2312.7,-0.09999999999990905
45386,8,30,2306.9,0,2024-04-04,2024-04-04 08:30:00,2024-04-04 08:30:00,GCM24.csv,1018,GCM24.csv,1.0,2305.8,2305.8,2306.9,2305.8,1.099999999999909
45386,9,20,2308.5,-1,2024-04-04,2024-04-04 09:20:00,2024-04-04 09:20:00,GCM24.csv,123,GCM24.csv,-1.0,2308.8,2308.8,2308.5,2308.8,0.3000000000001819
45386,9,30,2308.9,-2,2024-04-04,2024-04-04 09:30:00,2024-04-04 09:30:00,GCM24.csv,356,GCM24.csv,-1.0,2309.3,2309.3,2308.9,2309.3,0.40000000000009095
45386,9,40,2307.2,-1,2024-04-04,2024-04-04 09:40:00,2024-04-04 09:40:00,GCM24.csv,663,GCM24.csv,1.0,2306.6,2306.6,2307.2,2306.6,0.599999999999909
45386,9,50,2307.0,0,2024-04-04,2024-04-04 09:50:00,2024-04-04 09:50:00,GCM24.csv,209,GCM24.csv,1.0,2306.3,2306.3,2307.0,2306.3,0.6999999999998181
45386,10,10,2312.2,-1,2024-04-04,2024-04-04 10:10:00,2024-04-04 10:10:00,GCM24.csv,191,GCM24.csv,-1.0,2312.4,2312.4,2312.2,2312.4,0.20000000000027285
45386,10,30,2317.0,0,2024-04-04,2024-04-04 10:30:00,2024-04-04 10:30:00,GCM24.csv,822,GCM24.csv,1.0,2317.0,2317.0,2317.0,2317.0,0.0
45386,12,0,2310.9,1,2024-04-04,2024-04-04 12:00:00,2024-04-04 12:00:00,GCM24.csv,70,GCM24.csv,1.0,2310.9,2310.9,2310.9,2310.9,0.0
45386,14,0,2313.2,0,2024-04-04,2024-04-04 14:00:00,2024-04-04 14:00:00,GCM24.csv,128,GCM24.csv,-1.0,2313.1,2313.1,2313.2,2313.1,-0.09999999999990905
45386,16,0,2305.1,1,2024-04-04,2024-04-04 16:00:00,2024-04-04 16:00:00,GCM24.csv,251,GCM24.csv,1.0,2305.3,2305.3,2305.1,2305.3,-0.20000000000027285
45387,4,30,2306.5,2,2024-04-05,2024-04-05 04:30:00,2024-04-05 04:30:00,GCM24.csv,172,GCM24.csv,1.0,2308.8,2308.8,2306.5,2308.8,-2.300000000000182
45387,8,30,2315.7,1,2024-04-05,2024-04-05 08:30:00,2024-04-05 08:30:00,GCM24.csv,3781,GCM24.csv,-1.0,2301.5,2301.5,2315.7,2301.5,-14.199999999999818
45387,8,40,2306.3,3,2024-04-05,2024-04-05 08:40:00,2024-04-05 08:40:00,GCM24.csv,591,GCM24.csv,2.0,2307.0,2307.0,4612.6,4614.0,-1.3999999999996362
45387,9,0,2310.3,1,2024-04-05,2024-04-05 09:00:00,2024-04-05 09:00:00,GCM24.csv,751,GCM24.csv,-2.0,2309.5,2309.5,4620.6,4619.0,-1.6000000000003638
45387,9,10,2306.5,2,2024-04-05,2024-04-05 09:10:00,2024-04-05 09:10:00,GCM24.csv,309,GCM24.csv,1.0,2308.7000000000003,2308.7000000000003,2306.5,2308.7000000000003,-2.200000000000273
45387,9,20,2317.8,1,2024-04-05,2024-04-05 09:20:00,2024-04-05 09:20:00,GCM24.csv,1004,GCM24.csv,-1.0,2315.3,2315.3,2317.8,2315.3,-2.5
45387,9,30,2314.3,-2,2024-04-05,2024-04-05 09:30:00,2024-04-05 09:30:00,GCM24.csv,570,GCM24.csv,-3.0,2313.8,2313.8,6942.900000000001,6941.400000000001,-1.5
45387,9,40,2316.1,0,2024-04-05,2024-04-05 09:40:00,2024-04-05 09:40:00,GCM24.csv,529,GCM24.csv,2.0,2315.6,2315.6,4632.2,4631.2,1.0
45387,9,50,2317.1,2,2024-04-05,2024-04-05 09:50:00,2024-04-05 09:50:00,GCM24.csv,1270,GCM24.csv,2.0,2322.4,2322.4,4634.2,4644.8,-10.600000000000364
45387,11,0,2337.3,1,2024-04-05,2024-04-05 11:00:00,2024-04-05 11:00:00,GCM24.csv,951,GCM24.csv,-1.0,2336.0,2336.0,2337.3,2336.0,-1.300000000000182
45387,12,0,2345.6,2,2024-04-05,2024-04-05 12:00:00,2024-04-05 12:00:00,GCM24.csv,503,GCM24.csv,1.0,2347.6,2347.6,2345.6,2347.6,-2.0
45387,16,30,2343.8,0,2024-04-05,2024-04-05 16:30:00,2024-04-05 16:30:00,GCM24.csv,38,GCM24.csv,-2.0,2345.5,2345.5,4687.6,4691.0,3.399999999999636
45390,1,30,2360.1,-3,2024-04-08,2024-04-08 01:30:00,2024-04-08 01:30:00,GCM24.csv,308,GCM24.csv,-3.0,2360.2,2353.4,7080.299999999999,7060.200000000001,-20.099999999998545
45390,3,30,2354.9,0,2024-04-08,2024-04-08 03:30:00,2024-04-08 03:30:00,GCM24.csv,149,GCM24.csv,3.0,2354.8,2354.8,7064.700000000001,7064.400000000001,0.3000000000001819
45390,4,30,2354.1,-1,2024-04-08,2024-04-08 04:30:00,2024-04-08 04:30:00,GCM24.csv,167,GCM24.csv,-1.0,2354.2,2354.2,2354.1,2354.2,0.09999999999990905
45390,8,30,2345.1,0,2024-04-08,2024-04-08 08:30:00,2024-04-08 08:30:00,GCM24.csv,1556,GCM24.csv,1.0,2345.0,2345.0,2345.1,2345.0,0.09999999999990905
45390,9,20,2346.3,1,2024-04-08,2024-04-08 09:20:00,2024-04-08 09:20:00,GCM24.csv,294,GCM24.csv,1.0,2346.2000000000003,2349.4,2346.3,2349.4,-3.099999999999909
45390,9,30,2351.3,0,2024-04-08,2024-04-08 09:30:00,2024-04-08 09:30:00,GCM24.csv,843,GCM24.csv,-1.0,2351.4,2351.4,2351.3,2351.4,0.09999999999990905
45390,9,50,2349.4,1,2024-04-08,2024-04-08 09:50:00,2024-04-08 09:50:00,GCM24.csv,409,GCM24.csv,1.0,2349.3,2349.3,2349.4,2349.3,0.09999999999990905
45390,10,0,2346.7,2,2024-04-08,2024-04-08 10:00:00,2024-04-08 10:00:00,GCM24.csv,898,GCM24.csv,1.0,2346.6,2346.6,2346.7,2346.6,0.09999999999990905
45390,10,20,2340.8,0,2024-04-08,2024-04-08 10:20:00,2024-04-08 10:20:00,GCM24.csv,591,GCM24.csv,-2.0,2340.9,2340.9,4681.6,4681.8,0.1999999999998181
45390,10,30,2344.7,1,2024-04-08,2024-04-08 10:30:00,2024-04-08 10:30:00,GCM24.csv,375,GCM24.csv,1.0,2344.6,2344.6,2344.7,2344.6,0.09999999999990905
45390,12,0,2346.7,4,2024-04-08,2024-04-08 12:00:00,2024-04-08 12:00:00,GCM24.csv,172,GCM24.csv,3.0,2346.6,2346.6,7040.099999999999,7039.799999999999,0.3000000000001819
45390,14,0,2357.1,2,2024-04-08,2024-04-08 14:00:00,2024-04-08 14:00:00,GCM24.csv,131,GCM24.csv,-2.0,2357.2,2357.2,4714.2,4714.4,0.1999999999998181
45390,14,30,2361.0,1,2024-04-08,2024-04-08 14:30:00,2024-04-08 14:30:00,GCM24.csv,116,GCM24.csv,-1.0,2361.1,2361.1,2361.0,2361.1,0.09999999999990905
45390,16,0,2357.7,3,2024-04-08,2024-04-08 16:00:00,2024-04-08 16:00:00,GCM24.csv,400,GCM24.csv,2.0,2357.7,2357.7,4715.4,4715.4,0.0
45391,1,30,2363.7,0,2024-04-09,2024-04-09 01:30:00,2024-04-09 01:30:00,GCM24.csv,115,GCM24.csv,-3.0,2364.2,2364.2,7091.099999999999,7092.599999999999,1.5
45391,3,30,2370.8,3,2024-04-09,2024-04-09 03:30:00,2024-04-09 03:30:00,GCM24.csv,201,GCM24.csv,3.0,2370.6,2370.6,7112.400000000001,7111.799999999999,0.6000000000012733
45391,4,30,2374.8,2,2024-04-09,2024-04-09 04:30:00,2024-04-09 04:30:00,GCM24.csv,110,GCM24.csv,-1.0,2375.0,2375.0,2374.8,2375.0,0.1999999999998181
45391,6,0,2382.2,-1,2024-04-09,2024-04-09 06:00:00,2024-04-09 06:00:00,GCM24.csv,67,GCM24.csv,-3.0,2382.8,2382.8,7146.599999999999,7148.400000000001,1.8000000000010914
45391,8,30,2366.2,0,2024-04-09,2024-04-09 08:30:00,2024-04-09 08:30:00,GCM24.csv,449,GCM24.csv,1.0,2366.2000000000003,2366.2000000000003,2366.2,2366.2000000000003,-4.547473508864641e-13
45391,9,0,2367.9,-1,2024-04-09,2024-04-09 09:00:00,2024-04-09 09:00:00,GCM24.csv,410,GCM24.csv,-1.0,2367.7,2367.7,2367.9,2367.7,-0.20000000000027285
45391,9,40,2375.2,-3,2024-04-09,2024-04-09 09:40:00,2024-04-09 09:40:00,GCM24.csv,499,GCM24.csv,-2.0,2373.9,2373.9,4750.4,4747.8,-2.5999999999994543
45391,10,0,2374.0,0,2024-04-09,2024-04-09 10:00:00,2024-04-09 10:00:00,GCM24.csv,486,GCM24.csv,3.0,2375.3,2375.3,7122.0,7125.900000000001,-3.9000000000005457
45391,10,10,2378.7,-2,2024-04-09,2024-04-09 10:10:00,2024-04-09 10:10:00,GCM24.csv,740,GCM24.csv,-2.0,2379.1,2379.1,4757.4,4758.2,0.8000000000001819
45391,10,20,2381.1,-3,2024-04-09,2024-04-09 10:20:00,2024-04-09 10:20:00,GCM24.csv,423,GCM24.csv,-1.0,2381.3,2381.3,2381.1,2381.3,0.20000000000027285
45391,10,30,2380.0,-2,2024-04-09,2024-04-09 10:30:00,2024-04-09 10:30:00,GCM24.csv,541,GCM24.csv,1.0,2378.9,2378.9,2380.0,2378.9,1.099999999999909
45391,11,0,2371.9,-1,2024-04-09,2024-04-09 11:00:00,2024-04-09 11:00:00,GCM24.csv,309,GCM24.csv,1.0,2371.4,2371.4,2371.9,2371.4,0.5
45391,12,0,2359.1,0,2024-04-09,2024-04-09 12:00:00,2024-04-09 12:00:00,GCM24.csv,453,GCM24.csv,1.0,2360.3,2360.3,2359.1,2360.3,-1.2000000000002728
45391,14,0,2365.8,-1,2024-04-09,2024-04-09 14:00:00,2024-04-09 14:00:00,GCM24.csv,235,GCM24.csv,-1.0,2365.9,2365.9,2365.8,2365.9,0.09999999999990905
45391,14,30,2367.5,0,2024-04-09,2024-04-09 14:30:00,2024-04-09 14:30:00,GCM24.csv,55,GCM24.csv,1.0,2367.7000000000003,2367.7000000000003,2367.5,2367.7000000000003,-0.20000000000027285
45391,16,0,2369.9,1,2024-04-09,2024-04-09 16:00:00,2024-04-09 16:00:00,GCM24.csv,356,GCM24.csv,1.0,2369.3,2369.3,2369.9,2369.3,0.599999999999909
45392,4,30,2372.7,0,2024-04-10,2024-04-10 04:30:00,2024-04-10 04:30:00,GCM24.csv,130,GCM24.csv,-1.0,2374.2,2374.2,2372.7,2374.2,1.5
45392,6,0,2365.4,4,2024-04-10,2024-04-10 06:00:00,2024-04-10 06:00:00,GCM24.csv,228,GCM24.csv,4.0,2364.5,2364.5,9461.6,9458.0,3.600000000000364
45392,8,30,2368.6,5,2024-04-10,2024-04-10 08:30:00,2024-04-10 08:30:00,GCM24.csv,4970,GCM24.csv,1.0,2351.0,2351.0,2368.6,2351.0,17.59999999999991
45392,8,50,2362.3,3,2024-04-10,2024-04-10 08:50:00,2024-04-10 08:50:00,GCM24.csv,743,GCM24.csv,-2.0,2361.2,2361.2,4724.6,4722.4,-2.2000000000007276
45392,9,0,2357.5,5,2024-04-10,2024-04-10 09:00:00,2024-04-10 09:00:00,GCM24.csv,1300,GCM24.csv,2.0,2353.7000000000003,2353.7000000000003,4715.0,4707.400000000001,7.599999999999454
45392,9,10,2350.0,7,2024-04-10,2024-04-10 09:10:00,2024-04-10 09:10:00,GCM24.csv,522,GCM24.csv,2.0,2348.7000000000003,2348.7000000000003,4700.0,4697.400000000001,2.5999999999994543
45392,9,20,2343.0,6,2024-04-10,2024-04-10 09:20:00,2024-04-10 09:20:00,GCM24.csv,813,GCM24.csv,-1.0,2344.9,2344.9,2343.0,2344.9,1.900000000000091
45392,10,0,2352.5,4,2024-04-10,2024-04-10 10:00:00,2024-04-10 10:00:00,GCM24.csv,1051,GCM24.csv,-2.0,2353.5,2353.5,4705.0,4707.0,2.0
45392,10,10,2361.6,2,2024-04-10,2024-04-10 10:10:00,2024-04-10 10:10:00,GCM24.csv,1065,GCM24.csv,-2.0,2361.5,2361.5,4723.2,4723.0,-0.1999999999998181
45392,10,20,2365.6,4,2024-04-10,2024-04-10 10:20:00,2024-04-10 10:20:00,GCM24.csv,2071,GCM24.csv,2.0,2367.2000000000003,2367.2000000000003,4731.2,4734.400000000001,-3.2000000000007276
45392,10,30,2364.8,3,2024-04-10,2024-04-10 10:30:00,2024-04-10 10:30:00,GCM24.csv,670,GCM24.csv,-1.0,2364.0,2364.0,2364.8,2364.0,-0.8000000000001819
45392,11,0,2364.4,2,2024-04-10,2024-04-10 11:00:00,2024-04-10 11:00:00,GCM24.csv,258,GCM24.csv,-1.0,2365.9,2365.9,2364.4,2365.9,1.5
45392,12,0,2355.6,-1,2024-04-10,2024-04-10 12:00:00,2024-04-10 12:00:00,GCM24.csv,271,GCM24.csv,-3.0,2355.8,2355.8,7066.799999999999,7067.400000000001,0.6000000000012733
45392,14,0,2357.0,-2,2024-04-10,2024-04-10 14:00:00,2024-04-10 14:00:00,GCM24.csv,196,GCM24.csv,-1.0,2357.0,2357.0,2357.0,2357.0,-0.0
45392,14,30,2354.4,1,2024-04-10,2024-04-10 14:30:00,2024-04-10 14:30:00,GCM24.csv,66,GCM24.csv,3.0,2353.7000000000003,2353.7000000000003,7063.200000000001,7061.1,2.100000000000364
45392,16,0,2347.8,2,2024-04-10,2024-04-10 16:00:00,2024-04-10 16:00:00,GCM24.csv,112,GCM24.csv,1.0,2349.7000000000003,2349.7000000000003,2347.8,2349.7000000000003,-1.900000000000091
45393,1,30,2360.6,-1,2024-04-11,2024-04-11 01:30:00,2024-04-11 01:30:00,GCM24.csv,129,GCM24.csv,-3.0,2361.1,2361.1,7081.799999999999,7083.299999999999,1.5
45393,3,30,2356.1,2,2024-04-11,2024-04-11 03:30:00,2024-04-11 03:30:00,GCM24.csv,157,GCM24.csv,3.0,2354.6,2354.6,7068.299999999999,7063.799999999999,4.5
45393,4,30,2349.5,3,2024-04-11,2024-04-11 04:30:00,2024-04-11 04:30:00,GCM24.csv,75,GCM24.csv,1.0,2350.0,2350.0,2349.5,2350.0,-0.5
45393,6,0,2348.2,4,2024-04-11,2024-04-11 06:00:00,2024-04-11 06:00:00,GCM24.csv,91,GCM24.csv,1.0,2348.9,2348.9,2348.2,2348.9,-0.7000000000002728
45393,8,30,2352.9,3,2024-04-11,2024-04-11 08:30:00,2024-04-11 08:30:00,GCM24.csv,2264,GCM24.csv,-1.0,2355.7,2355.7,2352.9,2355.7,2.799999999999727
45393,8,40,2359.4,1,2024-04-11,2024-04-11 08:40:00,2024-04-11 08:40:00,GCM24.csv,488,GCM24.csv,-2.0,2358.2,2358.2,4718.8,4716.4,-2.4000000000005457
45393,9,0,2359.0,3,2024-04-11,2024-04-11 09:00:00,2024-04-11 09:00:00,GCM24.csv,468,GCM24.csv,2.0,2356.8,2356.8,4718.0,4713.6,4.399999999999636
45393,9,20,2360.8,2,2024-04-11,2024-04-11 09:20:00,2024-04-11 09:20:00,GCM24.csv,283,GCM24.csv,-1.0,2362.4,2362.4,2360.8,2362.4,1.599999999999909
45393,9,40,2360.6,3,2024-04-11,2024-04-11 09:40:00,2024-04-11 09:40:00,GCM24.csv,321,GCM24.csv,1.0,2360.5,2360.5,2360.6,2360.5,0.09999999999990905
45393,9,50,2363.8,2,2024-04-11,2024-04-11 09:50:00,2024-04-11 09:50:00,GCM24.csv,357,GCM24.csv,-1.0,2362.8,2362.8,2363.8,2362.8,-1.0
45393,10,10,2361.0,3,2024-04-11,2024-04-11 10:10:00,2024-04-11 10:10:00,GCM24.csv,329,GCM24.csv,1.0,2361.0,2361.0,2361.0,2361.0,0.0
45393,10,30,2354.6,4,2024-04-11,2024-04-11 10:30:00,2024-04-11 10:30:00,GCM24.csv,738,GCM24.csv,1.0,2350.0,2350.0,2354.6,2350.0,4.599999999999909
45393,12,0,2362.4,5,2024-04-11,2024-04-11 12:00:00,2024-04-11 12:00:00,GCM24.csv,787,GCM24.csv,1.0,2362.6,2362.6,2362.4,2362.6,-0.1999999999998181
45393,14,0,2374.0,6,2024-04-11,2024-04-11 14:00:00,2024-04-11 14:00:00,GCM24.csv,564,GCM24.csv,1.0,2374.8,2374.8,2374.0,2374.8,-0.8000000000001819
45393,14,30,2379.5,5,2024-04-11,2024-04-11 14:30:00,2024-04-11 14:30:00,GCM24.csv,271,GCM24.csv,-1.0,2379.6,2379.6,2379.5,2379.6,0.09999999999990905
45393,16,0,2391.2,4,2024-04-11,2024-04-11 16:00:00,2024-04-11 16:00:00,GCM24.csv,196,GCM24.csv,-1.0,2390.7,2390.7,2391.2,2390.7,-0.5
45394,1,30,2402.2,2,2024-04-12,2024-04-12 01:30:00,2024-04-12 01:30:00,GCM24.csv,234,GCM24.csv,-2.0,2403.4,2403.4,4804.4,4806.8,2.4000000000005457
45394,3,30,2412.7,4,2024-04-12,2024-04-12 03:30:00,2024-04-12 03:30:00,GCM24.csv,417,GCM24.csv,2.0,2412.5,2412.5,4825.4,4825.0,0.3999999999996362
45394,4,30,2415.4,1,2024-04-12,2024-04-12 04:30:00,2024-04-12 04:30:00,GCM24.csv,196,GCM24.csv,-3.0,2414.4,2414.4,7246.200000000001,7243.200000000001,-3.0
45394,6,0,2415.4,-4,2024-04-12,2024-04-12 06:00:00,2024-04-12 06:00:00,GCM24.csv,79,GCM24.csv,-5.0,2415.0,2415.0,12077.0,12075.0,-2.0
45394,8,30,2412.3,-1,2024-04-12,2024-04-12 08:30:00,2024-04-12 08:30:00,GCM24.csv,348,GCM24.csv,3.0,2413.7000000000003,2413.7000000000003,7236.900000000001,7241.1,-4.199999999999818
45394,8,50,2409.6,1,2024-04-12,2024-04-12 08:50:00,2024-04-12 08:50:00,GCM24.csv,273,GCM24.csv,2.0,2411.7000000000003,2411.7000000000003,4819.2,4823.400000000001,-4.200000000000728
45394,9,10,2414.3,-1,2024-04-12,2024-04-12 09:10:00,2024-04-12 09:10:00,GCM24.csv,169,GCM24.csv,-2.0,2412.6,2412.6,4828.6,4825.2,-3.4000000000005457
45394,9,20,2414.2,0,2024-04-12,2024-04-12 09:20:00,2024-04-12 09:20:00,GCM24.csv,282,GCM24.csv,1.0,2414.2000000000003,2414.2000000000003,2414.2,2414.2000000000003,-4.547473508864641e-13
45394,9,50,2420.4,-1,2024-04-12,2024-04-12 09:50:00,2024-04-12 09:50:00,GCM24.csv,647,GCM24.csv,-1.0,2421.8,2421.8,2420.4,2421.8,1.400000000000091
45394,10,0,2420.9,-2,2024-04-12,2024-04-12 10:00:00,2024-04-12 10:00:00,GCM24.csv,1190,GCM24.csv,-1.0,2419.8,2419.8,2420.9,2419.8,-1.099999999999909
45394,10,40,2433.0,-1,2024-04-12,2024-04-12 10:40:00,2024-04-12 10:40:00,GCM24.csv,469,GCM24.csv,1.0,2433.2000000000003,2433.2000000000003,2433.0,2433.2000000000003,-0.20000000000027285
45394,11,0,2443.4,-2,2024-04-12,2024-04-12 11:00:00,2024-04-12 11:00:00,GCM24.csv,1206,GCM24.csv,-1.0,2444.9,2444.9,2443.4,2444.9,1.5
45394,12,0,2412.0,-1,2024-04-12,2024-04-12 12:00:00,2024-04-12 12:00:00,GCM24.csv,520,GCM24.csv,1.0,2411.8,2411.8,2412.0,2411.8,0.1999999999998181
45394,14,0,2371.3,1,2024-04-12,2024-04-12 14:00:00,2024-04-12 14:00:00,GCM24.csv,292,GCM24.csv,2.0,2370.2000000000003,2370.2000000000003,4742.6,4740.400000000001,2.199999999999818
45394,14,30,2362.7,2,2024-04-12,2024-04-12 14:30:00,2024-04-12 14:30:00,GCM24.csv,520,GCM24.csv,1.0,2362.5,2362.5,2362.7,2362.5,0.1999999999998181
45394,16,0,2360.8,0,2024-04-12,2024-04-12 16:00:00,2024-04-12 16:00:00,GCM24.csv,188,GCM24.csv,-2.0,2359.9,2359.9,4721.6,4719.8,-1.800000000000182
45397,1,30,2372.8,-3,2024-04-15,2024-04-15 01:30:00,2024-04-15 01:30:00,GCM24.csv,129,GCM24.csv,-3.0,2372.9,2370.5,7118.400000000001,7111.5,-6.900000000000546
45397,3,30,2370.8,0,2024-04-15,2024-04-15 03:30:00,2024-04-15 03:30:00,GCM24.csv,180,GCM24.csv,3.0,2370.7000000000003,2370.7000000000003,7112.400000000001,7112.1,0.3000000000001819
45397,4,30,2366.1,4,2024-04-15,2024-04-15 04:30:00,2024-04-15 04:30:00,GCM24.csv,109,GCM24.csv,4.0,2365.9,2365.9,9464.4,9463.6,0.7999999999992724
45397,6,0,2366.2,5,2024-04-15,2024-04-15 06:00:00,2024-04-15 06:00:00,GCM24.csv,63,GCM24.csv,1.0,2366.0,2366.0,2366.2,2366.0,0.1999999999998181
45397,8,30,2372.4,1,2024-04-15,2024-04-15 08:30:00,2024-04-15 08:30:00,GCM24.csv,1356,GCM24.csv,-4.0,2372.6,2372.6,9489.6,9490.4,0.7999999999992724
45397,8,50,2374.8,0,2024-04-15,2024-04-15 08:50:00,2024-04-15 08:50:00,GCM24.csv,260,GCM24.csv,-1.0,2375.0,2375.0,2374.8,2375.0,0.1999999999998181
45397,9,0,2374.9,2,2024-04-15,2024-04-15 09:00:00,2024-04-15 09:00:00,GCM24.csv,1113,GCM24.csv,2.0,2374.7000000000003,2374.7000000000003,4749.8,4749.400000000001,0.3999999999996362
45397,9,10,2372.2,3,2024-04-15,2024-04-15 09:10:00,2024-04-15 09:10:00,GCM24.csv,218,GCM24.csv,1.0,2372.0,2372.0,2372.2,2372.0,0.1999999999998181
45397,9,20,2370.0,5,2024-04-15,2024-04-15 09:20:00,2024-04-15 09:20:00,GCM24.csv,197,GCM24.csv,2.0,2369.8,2369.8,4740.0,4739.6,0.3999999999996362
45397,9,40,2367.8,3,2024-04-15,2024-04-15 09:40:00,2024-04-15 09:40:00,GCM24.csv,365,GCM24.csv,-2.0,2368.0,2368.0,4735.6,4736.0,0.3999999999996362
45397,9,50,2365.9,4,2024-04-15,2024-04-15 09:50:00,2024-04-15 09:50:00,GCM24.csv,350,GCM24.csv,1.0,2365.7000000000003,2365.7000000000003,2365.9,2365.7000000000003,0.1999999999998181
45397,10,10,2342.8,3,2024-04-15,2024-04-15 10:10:00,2024-04-15 10:10:00,GCM24.csv,1974,GCM24.csv,-1.0,2343.0,2343.0,2342.8,2343.0,0.1999999999998181
45397,11,0,2365.7,1,2024-04-15,2024-04-15 11:00:00,2024-04-15 11:00:00,GCM24.csv,502,GCM24.csv,-2.0,2365.9,2365.9,4731.4,4731.8,0.4000000000005457
45397,12,0,2368.2,0,2024-04-15,2024-04-15 12:00:00,2024-04-15 12:00:00,GCM24.csv,131,GCM24.csv,-1.0,2368.4,2368.4,2368.2,2368.4,0.20000000000027285
45397,14,0,2381.8,-2,2024-04-15,2024-04-15 14:00:00,2024-04-15 14:00:00,GCM24.csv,311,GCM24.csv,-2.0,2382.0,2382.0,4763.6,4764.0,0.3999999999996362
45397,16,0,2403.0,0,2024-04-15,2024-04-15 16:00:00,2024-04-15 16:00:00,GCM24.csv,247,GCM24.csv,2.0,2402.8,2402.8,4806.0,4805.6,0.3999999999996362
45398,1,30,2403.8,-3,2024-04-16,2024-04-16 01:30:00,2024-04-16 01:30:00,GCM24.csv,165,GCM24.csv,-3.0,2403.9,2403.9,7211.400000000001,7211.700000000001,0.3000000000001819
45398,3,30,2387.6,0,2024-04-16,2024-04-16 03:30:00,2024-04-16 03:30:00,GCM24.csv,172,GCM24.csv,3.0,2387.4,2387.4,7162.799999999999,7162.200000000001,0.5999999999985448
45398,4,30,2386.3,1,2024-04-16,2024-04-16 04:30:00,2024-04-16 04:30:00,GCM24.csv,246,GCM24.csv,1.0,2386.1000000000004,2386.1000000000004,2386.3,2386.1000000000004,0.1999999999998181
45398,8,30,2390.4,0,2024-04-16,2024-04-16 08:30:00,2024-04-16 08:30:00,GCM24.csv,726,GCM24.csv,-1.0,2390.6,2390.6,2390.4,2390.6,0.1999999999998181
45398,9,30,2394.7,-2,2024-04-16,2024-04-16 09:30:00,2024-04-16 09:30:00,GCM24.csv,891,GCM24.csv,-2.0,2394.9,2390.6,4789.4,4781.2,-8.199999999999818
45398,9,40,2389.3,-1,2024-04-16,2024-04-16 09:40:00,2024-04-16 09:40:00,GCM24.csv,695,GCM24.csv,1.0,2389.1000000000004,2389.1000000000004,2389.3,2389.1000000000004,0.1999999999998181
45398,9,50,2391.8,1,2024-04-16,2024-04-16 09:50:00,2024-04-16 09:50:00,GCM24.csv,560,GCM24.csv,2.0,2391.6000000000004,2391.6000000000004,4783.6,4783.200000000001,0.3999999999996362
45398,10,20,2385.9,0,2024-04-16,2024-04-16 10:20:00,2024-04-16 10:20:00,GCM24.csv,264,GCM24.csv,-1.0,2386.1,2386.1,2385.9,2386.1,0.1999999999998181
45398,10,30,2382.7,3,2024-04-16,2024-04-16 10:30:00,2024-04-16 10:30:00,GCM24.csv,341,GCM24.csv,3.0,2382.5,2387.2,7148.099999999999,7161.599999999999,-13.5
45398,10,50,2392.8,2,2024-04-16,2024-04-16 10:50:00,2024-04-16 10:50:00,GCM24.csv,336,GCM24.csv,-1.0,2393.0,2393.0,2392.8,2393.0,0.1999999999998181
45398,12,0,2402.7,1,2024-04-16,2024-04-16 12:00:00,2024-04-16 12:00:00,GCM24.csv,375,GCM24.csv,-1.0,2402.9,2402.9,2402.7,2402.9,0.20000000000027285
45398,14,30,2405.7,-1,2024-04-16,2024-04-16 14:30:00,2024-04-16 14:30:00,GCM24.csv,917,GCM24.csv,-2.0,2405.9,2405.9,4811.4,4811.8,0.4000000000005457
45399,4,30,2404.6,1,2024-04-17,2024-04-17 04:30:00,2024-04-17 04:30:00,GCM24.csv,237,GCM24.csv,2.0,2404.5,2404.5,4809.2,4809.0,0.1999999999998181
45399,6,0,2408.3,4,2024-04-17,2024-04-17 06:00:00,2024-04-17 06:00:00,GCM24.csv,88,GCM24.csv,3.0,2408.2000000000003,2408.2000000000003,7224.900000000001,7224.6,0.3000000000001819
45399,8,30,2400.3,2,2024-04-17,2024-04-17 08:30:00,2024-04-17 08:30:00,GCM24.csv,483,GCM24.csv,-2.0,2400.4,2400.4,4800.6,4800.8,0.1999999999998181
45399,8,40,2397.5,4,2024-04-17,2024-04-17 08:40:00,2024-04-17 08:40:00,GCM24.csv,591,GCM24.csv,2.0,2397.5,2397.5,4795.0,4795.0,0.0
45399,10,10,2407.0,5,2024-04-17,2024-04-17 10:10:00,2024-04-17 10:10:00,GCM24.csv,363,GCM24.csv,1.0,2406.8,2406.8,2407.0,2406.8,0.1999999999998181
45399,10,30,2408.6,0,2024-04-17,2024-04-17 10:30:00,2024-04-17 10:30:00,GCM24.csv,342,GCM24.csv,-5.0,2408.8,2408.8,12043.0,12044.0,1.0
45399,11,0,2406.7,-2,2024-04-17,2024-04-17 11:00:00,2024-04-17 11:00:00,GCM24.csv,326,GCM24.csv,-2.0,2406.9,2406.9,4813.4,4813.8,0.4000000000005457
45399,12,0,2398.6,-1,2024-04-17,2024-04-17 12:00:00,2024-04-17 12:00:00,GCM24.csv,338,GCM24.csv,1.0,2398.4,2398.4,2398.6,2398.4,0.1999999999998181
45399,14,0,2388.2,0,2024-04-17,2024-04-17 14:00:00,2024-04-17 14:00:00,GCM24.csv,257,GCM24.csv,1.0,2388.0,2388.0,2388.2,2388.0,0.1999999999998181
45399,14,30,2392.1,4,2024-04-17,2024-04-17 14:30:00,2024-04-17 14:30:00,GCM24.csv,359,GCM24.csv,4.0,2391.9,2391.9,9568.4,9567.6,0.7999999999992724
45399,16,0,2388.6,3,2024-04-17,2024-04-17 16:00:00,2024-04-17 16:00:00,GCM24.csv,84,GCM24.csv,-1.0,2388.8,2388.8,2388.6,2388.8,0.20000000000027285
45400,4,30,2395.0,7,2024-04-18,2024-04-18 04:30:00,2024-04-18 04:30:00,GCM24.csv,251,GCM24.csv,4.0,2394.9,2394.9,9580.0,9579.6,0.3999999999996362
45400,6,0,2394.2,6,2024-04-18,2024-04-18 06:00:00,2024-04-18 06:00:00,GCM24.csv,29,GCM24.csv,-1.0,2394.3,2394.3,2394.2,2394.3,0.1000000000003638
45400,8,30,2400.5,2,2024-04-18,2024-04-18 08:30:00,2024-04-18 08:30:00,GCM24.csv,1474,GCM24.csv,-4.0,2400.7,2400.7,9602.0,9602.8,0.7999999999992724
45400,8,40,2396.3,3,2024-04-18,2024-04-18 08:40:00,2024-04-18 08:40:00,GCM24.csv,185,GCM24.csv,1.0,2396.1000000000004,2396.1000000000004,2396.3,2396.1000000000004,0.1999999999998181
45400,9,0,2400.6,4,2024-04-18,2024-04-18 09:00:00,2024-04-18 09:00:00,GCM24.csv,821,GCM24.csv,1.0,2400.4,2400.4,2400.6,2400.4,0.1999999999998181
45400,9,30,2405.8,2,2024-04-18,2024-04-18 09:30:00,2024-04-18 09:30:00,GCM24.csv,816,GCM24.csv,-2.0,2406.0,2406.0,4811.6,4812.0,0.3999999999996362
45400,9,40,2393.9,3,2024-04-18,2024-04-18 09:40:00,2024-04-18 09:40:00,GCM24.csv,904,GCM24.csv,1.0,2393.7000000000003,2393.7000000000003,2393.9,2393.7000000000003,0.1999999999998181
45400,9,50,2395.8,5,2024-04-18,2024-04-18 09:50:00,2024-04-18 09:50:00,GCM24.csv,524,GCM24.csv,2.0,2395.6000000000004,2395.6000000000004,4791.6,4791.200000000001,0.3999999999996362
45400,10,0,2395.1,4,2024-04-18,2024-04-18 10:00:00,2024-04-18 10:00:00,GCM24.csv,583,GCM24.csv,-1.0,2395.3,2395.3,2395.1,2395.3,0.20000000000027285
45400,10,30,2392.3,6,2024-04-18,2024-04-18 10:30:00,2024-04-18 10:30:00,GCM24.csv,288,GCM24.csv,2.0,2392.1000000000004,2392.1000000000004,4784.6,4784.200000000001,0.3999999999996362
45400,11,0,2394.9,4,2024-04-18,2024-04-18 11:00:00,2024-04-18 11:00:00,GCM24.csv,297,GCM24.csv,-2.0,2395.1,2395.1,4789.8,4790.2,0.3999999999996362
45400,12,0,2399.5,5,2024-04-18,2024-04-18 12:00:00,2024-04-18 12:00:00,GCM24.csv,210,GCM24.csv,1.0,2399.3,2399.3,2399.5,2399.3,0.1999999999998181
45400,14,0,2399.9,8,2024-04-18,2024-04-18 14:00:00,2024-04-18 14:00:00,GCM24.csv,184,GCM24.csv,3.0,2399.7000000000003,2399.7000000000003,7199.700000000001,7199.1,0.6000000000003638
45400,14,30,2396.9,6,2024-04-18,2024-04-18 14:30:00,2024-04-18 14:30:00,GCM24.csv,129,GCM24.csv,-2.0,2397.1,2397.1,4793.8,4794.2,0.3999999999996362
45400,16,0,2395.3,3,2024-04-18,2024-04-18 16:00:00,2024-04-18 16:00:00,GCM24.csv,77,GCM24.csv,-3.0,2395.4,2395.4,7185.900000000001,7186.200000000001,0.3000000000001819
45401,1,30,2398.6,2,2024-04-19,2024-04-19 01:30:00,2024-04-19 01:30:00,GCM24.csv,172,GCM24.csv,-1.0,2397.7,2397.7,2398.6,2397.7,-0.900000000000091
45401,3,30,2400.9,3,2024-04-19,2024-04-19 03:30:00,2024-04-19 03:30:00,GCM24.csv,146,GCM24.csv,1.0,2401.5,2401.5,2400.9,2401.5,-0.599999999999909
45401,4,30,2395.5,4,2024-04-19,2024-04-19 04:30:00,2024-04-19 04:30:00,GCM24.csv,105,GCM24.csv,1.0,2396.8,2396.8,2395.5,2396.8,-1.300000000000182
45401,6,0,2395.7,1,2024-04-19,2024-04-19 06:00:00,2024-04-19 06:00:00,GCM24.csv,65,GCM24.csv,-3.0,2395.8,2395.8,7187.099999999999,7187.400000000001,0.3000000000010914
45401,8,30,2396.0,0,2024-04-19,2024-04-19 08:30:00,2024-04-19 08:30:00,GCM24.csv,204,GCM24.csv,-1.0,2398.4,2398.4,2396.0,2398.4,2.400000000000091
45401,9,10,2392.9,1,2024-04-19,2024-04-19 09:10:00,2024-04-19 09:10:00,GCM24.csv,279,GCM24.csv,1.0,2393.7000000000003,2393.7000000000003,2392.9,2393.7000000000003,-0.8000000000001819
45401,9,30,2396.7,-1,2024-04-19,2024-04-19 09:30:00,2024-04-19 09:30:00,GCM24.csv,341,GCM24.csv,-2.0,2398.6,2398.6,4793.4,4797.2,3.800000000000182
45401,9,50,2395.5,1,2024-04-19,2024-04-19 09:50:00,2024-04-19 09:50:00,GCM24.csv,234,GCM24.csv,2.0,2396.7000000000003,2396.7000000000003,4791.0,4793.400000000001,-2.4000000000005457
45401,10,10,2398.0,0,2024-04-19,2024-04-19 10:10:00,2024-04-19 10:10:00,GCM24.csv,133,GCM24.csv,-1.0,2398.6,2398.6,2398.0,2398.6,0.599999999999909
45401,10,30,2403.0,-1,2024-04-19,2024-04-19 10:30:00,2024-04-19 10:30:00,GCM24.csv,366,GCM24.csv,-1.0,2404.3,2404.3,2403.0,2404.3,1.300000000000182
45401,12,0,2409.7,0,2024-04-19,2024-04-19 12:00:00,2024-04-19 12:00:00,GCM24.csv,245,GCM24.csv,1.0,2408.1000000000004,2408.1000000000004,2409.7,2408.1000000000004,1.5999999999994543
45401,14,0,2408.7,1,2024-04-19,2024-04-19 14:00:00,2024-04-19 14:00:00,GCM24.csv,91,GCM24.csv,1.0,2408.3,2408.3,2408.7,2408.3,0.3999999999996362
45401,14,30,2410.0,2,2024-04-19,2024-04-19 14:30:00,2024-04-19 14:30:00,GCM24.csv,130,GCM24.csv,1.0,2409.4,2409.4,2410.0,2409.4,0.599999999999909
45401,16,0,2403.5,1,2024-04-19,2024-04-19 16:00:00,2024-04-19 16:00:00,GCM24.csv,131,GCM24.csv,-1.0,2402.3,2402.3,2403.5,2402.3,-1.199999999999818
45401,16,30,2403.8,0,2024-04-19,2024-04-19 16:30:00,2024-04-19 16:30:00,GCM24.csv,54,GCM24.csv,-1.0,2403.6,2403.6,2403.8,2403.6,-0.20000000000027285
45404,1,30,2382.9,-1,2024-04-22,2024-04-22 01:30:00,2024-04-22 01:30:00,GCM24.csv,197,GCM24.csv,-1.0,2383.0,2383.0,2382.9,2383.0,0.09999999999990905
45404,3,30,2372.2,0,2024-04-22,2024-04-22 03:30:00,2024-04-22 03:30:00,GCM24.csv,124,GCM24.csv,1.0,2372.0,2372.0,2372.2,2372.0,0.1999999999998181
45404,4,30,2372.5,-1,2024-04-22,2024-04-22 04:30:00,2024-04-22 04:30:00,GCM24.csv,69,GCM24.csv,-1.0,2372.7,2372.7,2372.5,2372.7,0.1999999999998181
45404,6,0,2375.1,-2,2024-04-22,2024-04-22 06:00:00,2024-04-22 06:00:00,GCM24.csv,40,GCM24.csv,-1.0,2375.2,2375.2,2375.1,2375.2,0.09999999999990905
45404,8,30,2360.8,-1,2024-04-22,2024-04-22 08:30:00,2024-04-22 08:30:00,GCM24.csv,396,GCM24.csv,1.0,2360.6000000000004,2360.6000000000004,2360.8,2360.6000000000004,0.1999999999998181
45404,9,0,2350.4,-2,2024-04-22,2024-04-22 09:00:00,2024-04-22 09:00:00,GCM24.csv,638,GCM24.csv,-1.0,2350.6,2350.6,2350.4,2350.6,0.1999999999998181
45404,9,10,2350.6,0,2024-04-22,2024-04-22 09:10:00,2024-04-22 09:10:00,GCM24.csv,427,GCM24.csv,2.0,2350.4,2355.4,4701.2,4710.8,-9.600000000000364
45404,9,20,2353.9,-1,2024-04-22,2024-04-22 09:20:00,2024-04-22 09:20:00,GCM24.csv,156,GCM24.csv,-1.0,2354.1,2354.1,2353.9,2354.1,0.1999999999998181
45404,9,30,2349.2,-2,2024-04-22,2024-04-22 09:30:00,2024-04-22 09:30:00,GCM24.csv,1167,GCM24.csv,-1.0,2349.4,2349.4,2349.2,2349.4,0.20000000000027285
45404,9,40,2349.6,0,2024-04-22,2024-04-22 09:40:00,2024-04-22 09:40:00,GCM24.csv,607,GCM24.csv,2.0,2349.4,2349.4,4699.2,4698.8,0.3999999999996362
45404,9,50,2352.8,-1,2024-04-22,2024-04-22 09:50:00,2024-04-22 09:50:00,GCM24.csv,323,GCM24.csv,-1.0,2353.0,2353.0,2352.8,2353.0,0.1999999999998181
45404,10,0,2352.7,-2,2024-04-22,2024-04-22 10:00:00,2024-04-22 10:00:00,GCM24.csv,977,GCM24.csv,-1.0,2352.9,2352.9,2352.7,2352.9,0.20000000000027285
45404,10,30,2354.4,-1,2024-04-22,2024-04-22 10:30:00,2024-04-22 10:30:00,GCM24.csv,561,GCM24.csv,1.0,2354.2000000000003,2354.2000000000003,2354.4,2354.2000000000003,0.1999999999998181
45404,11,0,2355.3,0,2024-04-22,2024-04-22 11:00:00,2024-04-22 11:00:00,GCM24.csv,218,GCM24.csv,1.0,2355.1000000000004,2355.1000000000004,2355.3,2355.1000000000004,0.1999999999998181
45404,12,0,2348.6,1,2024-04-22,2024-04-22 12:00:00,2024-04-22 12:00:00,GCM24.csv,385,GCM24.csv,1.0,2348.4,2348.4,2348.6,2348.4,0.1999999999998181
45404,14,0,2344.1,2,2024-04-22,2024-04-22 14:00:00,2024-04-22 14:00:00,GCM24.csv,210,GCM24.csv,1.0,2343.9,2343.9,2344.1,2343.9,0.1999999999998181
45404,14,30,2339.3,1,2024-04-22,2024-04-22 14:30:00,2024-04-22 14:30:00,GCM24.csv,251,GCM24.csv,-1.0,2339.5,2339.5,2339.3,2339.5,0.1999999999998181
45404,16,0,2343.6,0,2024-04-22,2024-04-22 16:00:00,2024-04-22 16:00:00,GCM24.csv,37,GCM24.csv,-1.0,2343.7,2343.7,2343.6,2343.7,0.09999999999990905
45405,4,30,2321.3,-2,2024-04-23,2024-04-23 04:30:00,2024-04-23 04:30:00,GCM24.csv,191,GCM24.csv,-2.0,2321.5,2318.6,4642.6,4637.2,-5.400000000000546
45405,6,0,2309.0,-1,2024-04-23,2024-04-23 06:00:00,2024-04-23 06:00:00,GCM24.csv,49,GCM24.csv,1.0,2308.9,2308.9,2309.0,2308.9,0.09999999999990905
45405,8,30,2321.7,1,2024-04-23,2024-04-23 08:30:00,2024-04-23 08:30:00,GCM24.csv,434,GCM24.csv,2.0,2321.5,2321.5,4643.4,4643.0,0.3999999999996362
45405,8,40,2326.7,-1,2024-04-23,2024-04-23 08:40:00,2024-04-23 08:40:00,GCM24.csv,301,GCM24.csv,-2.0,2326.9,2326.9,4653.4,4653.8,0.4000000000005457
45405,9,0,2325.0,1,2024-04-23,2024-04-23 09:00:00,2024-04-23 09:00:00,GCM24.csv,430,GCM24.csv,2.0,2324.8,2324.8,4650.0,4649.6,0.3999999999996362
45405,9,20,2329.1,-1,2024-04-23,2024-04-23 09:20:00,2024-04-23 09:20:00,GCM24.csv,245,GCM24.csv,-2.0,2329.3,2329.3,4658.2,4658.6,0.4000000000005457
45405,9,40,2332.5,1,2024-04-23,2024-04-23 09:40:00,2024-04-23 09:40:00,GCM24.csv,844,GCM24.csv,2.0,2332.3,2332.3,4665.0,4664.6,0.3999999999996362
45405,9,50,2338.2,-1,2024-04-23,2024-04-23 09:50:00,2024-04-23 09:50:00,GCM24.csv,1149,GCM24.csv,-2.0,2338.4,2338.4,4676.4,4676.8,0.4000000000005457
45405,10,0,2343.9,-2,2024-04-23,2024-04-23 10:00:00,2024-04-23 10:00:00,GCM24.csv,1560,GCM24.csv,-1.0,2344.1,2344.1,2343.9,2344.1,0.1999999999998181
45405,10,10,2342.0,0,2024-04-23,2024-04-23 10:10:00,2024-04-23 10:10:00,GCM24.csv,682,GCM24.csv,2.0,2341.8,2341.8,4684.0,4683.6,0.3999999999996362
45405,10,20,2336.5,1,2024-04-23,2024-04-23 10:20:00,2024-04-23 10:20:00,GCM24.csv,224,GCM24.csv,1.0,2336.3,2336.3,2336.5,2336.3,0.1999999999998181
45405,10,50,2330.8,0,2024-04-23,2024-04-23 10:50:00,2024-04-23 10:50:00,GCM24.csv,504,GCM24.csv,-1.0,2331.0,2331.0,2330.8,2331.0,0.1999999999998181
45405,12,0,2337.0,2,2024-04-23,2024-04-23 12:00:00,2024-04-23 12:00:00,GCM24.csv,153,GCM24.csv,2.0,2336.8,2336.8,4674.0,4673.6,0.3999999999996362
45405,14,0,2340.2,0,2024-04-23,2024-04-23 14:00:00,2024-04-23 14:00:00,GCM24.csv,42,GCM24.csv,-2.0,2340.4,2340.4,4680.4,4680.8,0.4000000000005457
45405,14,30,2340.9,1,2024-04-23,2024-04-23 14:30:00,2024-04-23 14:30:00,GCM24.csv,56,GCM24.csv,1.0,2340.8,2340.8,2340.9,2340.8,0.09999999999990905
45405,16,0,2336.5,3,2024-04-23,2024-04-23 16:00:00,2024-04-23 16:00:00,GCM24.csv,109,GCM24.csv,2.0,2336.4,2336.4,4673.0,4672.8,0.1999999999998181
45406,1,30,2339.7,1,2024-04-24,2024-04-24 01:30:00,2024-04-24 01:30:00,GCM24.csv,158,GCM24.csv,-2.0,2340.7,2340.7,4679.4,4681.4,2.0
45406,3,30,2335.1,3,2024-04-24,2024-04-24 03:30:00,2024-04-24 03:30:00,GCM24.csv,127,GCM24.csv,2.0,2335.4,2335.4,4670.2,4670.8,-0.6000000000003638
45406,4,30,2331.9,0,2024-04-24,2024-04-24 04:30:00,2024-04-24 04:30:00,GCM24.csv,81,GCM24.csv,-3.0,2331.9,2331.9,6995.700000000001,6995.700000000001,-0.0
45406,6,0,2328.1,-1,2024-04-24,2024-04-24 06:00:00,2024-04-24 06:00:00,GCM24.csv,77,GCM24.csv,-1.0,2328.6,2328.6,2328.1,2328.6,0.5
45406,8,30,2328.9,2,2024-04-24,2024-04-24 08:30:00,2024-04-24 08:30:00,GCM24.csv,664,GCM24.csv,3.0,2329.2000000000003,2329.2000000000003,6986.700000000001,6987.6,-0.8999999999996362
45406,9,0,2336.3,1,2024-04-24,2024-04-24 09:00:00,2024-04-24 09:00:00,GCM24.csv,282,GCM24.csv,-1.0,2335.9,2335.9,2336.3,2335.9,-0.40000000000009095
45406,9,10,2336.5,0,2024-04-24,2024-04-24 09:10:00,2024-04-24 09:10:00,GCM24.csv,239,GCM24.csv,-1.0,2337.8,2335.4,2336.5,2335.4,-1.099999999999909
45406,9,20,2330.9,5,2024-04-24,2024-04-24 09:20:00,2024-04-24 09:20:00,GCM24.csv,761,GCM24.csv,5.0,2332.8,2332.8,11654.5,11664.0,-9.5
45406,9,30,2333.2,6,2024-04-24,2024-04-24 09:30:00,2024-04-24 09:30:00,GCM24.csv,438,GCM24.csv,1.0,2333.5,2333.5,2333.2,2333.5,-0.3000000000001819
45406,9,40,2336.3,2,2024-04-24,2024-04-24 09:40:00,2024-04-24 09:40:00,GCM24.csv,291,GCM24.csv,-4.0,2336.1,2336.1,9345.2,9344.4,-0.8000000000010914
45406,10,0,2334.8,4,2024-04-24,2024-04-24 10:00:00,2024-04-24 10:00:00,GCM24.csv,261,GCM24.csv,2.0,2334.4,2334.4,4669.6,4668.8,0.8000000000001819
45406,11,0,2343.4,2,2024-04-24,2024-04-24 11:00:00,2024-04-24 11:00:00,GCM24.csv,2514,GCM24.csv,-2.0,2347.3,2347.3,4686.8,4694.6,7.800000000000182
45407,1,30,2328.5,1,2024-04-25,2024-04-25 01:30:00,2024-04-25 01:30:00,GCM24.csv,107,GCM24.csv,-1.0,2328.9,2328.9,2328.5,2328.9,0.40000000000009095
45407,3,30,2334.4,2,2024-04-25,2024-04-25 03:30:00,2024-04-25 03:30:00,GCM24.csv,96,GCM24.csv,1.0,2334.1,2334.1,2334.4,2334.1,0.3000000000001819
45407,4,30,2337.3,-2,2024-04-25,2024-04-25 04:30:00,2024-04-25 04:30:00,GCM24.csv,108,GCM24.csv,-4.0,2337.8,2337.8,9349.2,9351.2,2.0
45407,6,0,2337.3,3,2024-04-25,2024-04-25 06:00:00,2024-04-25 06:00:00,GCM24.csv,55,GCM24.csv,5.0,2337.5,2337.5,11686.5,11687.5,-1.0
45407,8,30,2340.3,7,2024-04-25,2024-04-25 08:30:00,2024-04-25 08:30:00,GCM24.csv,1889,GCM24.csv,4.0,2338.7000000000003,2338.7000000000003,9361.2,9354.800000000001,6.399999999999636
45407,9,0,2343.4,6,2024-04-25,2024-04-25 09:00:00,2024-04-25 09:00:00,GCM24.csv,531,GCM24.csv,-1.0,2342.7,2342.7,2343.4,2342.7,-0.7000000000002728
45407,9,20,2325.3,8,2024-04-25,2024-04-25 09:20:00,2024-04-25 09:20:00,GCM24.csv,832,GCM24.csv,2.0,2328.9,2328.9,4650.6,4657.8,-7.199999999999818
45407,9,40,2333.0,6,2024-04-25,2024-04-25 09:40:00,2024-04-25 09:40:00,GCM24.csv,217,GCM24.csv,-2.0,2333.4,2333.4,4666.0,4666.8,0.8000000000001819
45407,10,0,2331.3,8,2024-04-25,2024-04-25 10:00:00,2024-04-25 10:00:00,GCM24.csv,650,GCM24.csv,2.0,2330.8,2330.8,4662.6,4661.6,1.0
45407,11,0,2345.9,7,2024-04-25,2024-04-25 11:00:00,2024-04-25 11:00:00,GCM24.csv,1459,GCM24.csv,-1.0,2343.5,2343.5,2345.9,2343.5,-2.400000000000091
45407,14,0,2344.6,5,2024-04-25,2024-04-25 14:00:00,2024-04-25 14:00:00,GCM24.csv,79,GCM24.csv,-2.0,2344.1,2344.1,4689.2,4688.2,-1.0
45407,16,0,2345.2,7,2024-04-25,2024-04-25 16:00:00,2024-04-25 16:00:00,GCM24.csv,49,GCM24.csv,2.0,2345.2000000000003,2345.2000000000003,4690.4,4690.400000000001,-9.094947017729282e-13
45408,6,0,2361.4,3,2024-04-26,2024-04-26 06:00:00,2024-04-26 06:00:00,GCM24.csv,53,GCM24.csv,-4.0,2362.0,2362.0,9445.6,9448.0,2.399999999999636
45408,8,40,2363.4,1,2024-04-26,2024-04-26 08:40:00,2024-04-26 08:40:00,GCM24.csv,557,GCM24.csv,-2.0,2361.2,2361.2,4726.8,4722.4,-4.400000000000546
45408,9,0,2357.2,3,2024-04-26,2024-04-26 09:00:00,2024-04-26 09:00:00,GCM24.csv,556,GCM24.csv,2.0,2359.1,2359.1,4714.4,4718.2,-3.800000000000182
45408,9,30,2354.1,4,2024-04-26,2024-04-26 09:30:00,2024-04-26 09:30:00,GCM24.csv,520,GCM24.csv,1.0,2354.5,2354.5,2354.1,2354.5,-0.40000000000009095
45408,9,50,2352.0,3,2024-04-26,2024-04-26 09:50:00,2024-04-26 09:50:00,GCM24.csv,376,GCM24.csv,-1.0,2351.6,2351.6,2352.0,2351.6,-0.40000000000009095
45408,12,0,2348.7,2,2024-04-26,2024-04-26 12:00:00,2024-04-26 12:00:00,GCM24.csv,106,GCM24.csv,-1.0,2348.4,2348.4,2348.7,2348.4,-0.29999999999972715
45408,14,0,2350.3,1,2024-04-26,2024-04-26 14:00:00,2024-04-26 14:00:00,GCM24.csv,28,GCM24.csv,-1.0,2350.0,2350.0,2350.3,2350.0,-0.3000000000001819
45408,16,0,2351.6,2,2024-04-26,2024-04-26 16:00:00,2024-04-26 16:00:00,GCM24.csv,103,GCM24.csv,1.0,2351.0,2351.0,2351.6,2351.0,0.599999999999909
45408,16,30,2349.7,0,2024-04-26,2024-04-26 16:30:00,2024-04-26 16:30:00,GCM24.csv,59,GCM24.csv,-2.0,2349.8,2349.8,4699.4,4699.6,0.2000000000007276
45411,1,30,2344.7,-3,2024-04-29,2024-04-29 01:30:00,2024-04-29 01:30:00,GCM24.csv,186,GCM24.csv,-3.0,2344.7,2344.7,7034.099999999999,7034.099999999999,-0.0
45411,3,30,2344.4,0,2024-04-29,2024-04-29 03:30:00,2024-04-29 03:30:00,GCM24.csv,453,GCM24.csv,3.0,2346.1,2346.1,7033.200000000001,7038.299999999999,-5.099999999998545
45411,4,30,2349.6,-1,2024-04-29,2024-04-29 04:30:00,2024-04-29 04:30:00,GCM24.csv,67,GCM24.csv,-1.0,2349.7,2349.7,2349.6,2349.7,0.09999999999990905
45411,8,30,2345.3,0,2024-04-29,2024-04-29 08:30:00,2024-04-29 08:30:00,GCM24.csv,258,GCM24.csv,1.0,2343.7000000000003,2343.7000000000003,2345.3,2343.7000000000003,1.599999999999909
45411,8,40,2341.0,2,2024-04-29,2024-04-29 08:40:00,2024-04-29 08:40:00,GCM24.csv,120,GCM24.csv,2.0,2341.3,2341.3,4682.0,4682.6,-0.6000000000003638
45411,9,0,2343.3,0,2024-04-29,2024-04-29 09:00:00,2024-04-29 09:00:00,GCM24.csv,197,GCM24.csv,-2.0,2343.7,2343.7,4686.6,4687.4,0.7999999999992724
45411,10,30,2350.4,-1,2024-04-29,2024-04-29 10:30:00,2024-04-29 10:30:00,GCM24.csv,279,GCM24.csv,-1.0,2348.2,2348.2,2350.4,2348.2,-2.200000000000273
45411,12,0,2349.5,0,2024-04-29,2024-04-29 12:00:00,2024-04-29 12:00:00,GCM24.csv,92,GCM24.csv,1.0,2350.0,2350.0,2349.5,2350.0,-0.5
45411,14,30,2350.3,1,2024-04-29,2024-04-29 14:30:00,2024-04-29 14:30:00,GCM24.csv,139,GCM24.csv,1.0,2350.2000000000003,2350.2000000000003,2350.3,2350.2000000000003,0.09999999999990905
45412,1,30,2335.7,-2,2024-04-30,2024-04-30 01:30:00,2024-04-30 01:30:00,GCM24.csv,984,GCM24.csv,-3.0,2335.7,2335.7,7007.099999999999,7007.099999999999,-0.0
45412,3,30,2327.9,1,2024-04-30,2024-04-30 03:30:00,2024-04-30 03:30:00,GCM24.csv,151,GCM24.csv,3.0,2327.8,2327.8,6983.700000000001,6983.400000000001,0.3000000000001819
45412,4,30,2324.0,-2,2024-04-30,2024-04-30 04:30:00,2024-04-30 04:30:00,GCM24.csv,215,GCM24.csv,-3.0,2324.1,2324.1,6972.0,6972.299999999999,0.2999999999992724
45412,8,30,2320.7,1,2024-04-30,2024-04-30 08:30:00,2024-04-30 08:30:00,GCM24.csv,2800,GCM24.csv,3.0,2320.6,2320.6,6962.099999999999,6961.799999999999,0.3000000000001819
45412,8,40,2315.7,3,2024-04-30,2024-04-30 08:40:00,2024-04-30 08:40:00,GCM24.csv,559,GCM24.csv,2.0,2315.6,2315.6,4631.4,4631.2,0.1999999999998181
45412,9,0,2316.8,1,2024-04-30,2024-04-30 09:00:00,2024-04-30 09:00:00,GCM24.csv,279,GCM24.csv,-2.0,2317.0,2317.0,4633.6,4634.0,0.3999999999996362
45412,9,50,2323.4,-1,2024-04-30,2024-04-30 09:50:00,2024-04-30 09:50:00,GCM24.csv,196,GCM24.csv,-2.0,2323.6,2323.6,4646.8,4647.2,0.3999999999996362
45412,10,10,2313.8,1,2024-04-30,2024-04-30 10:10:00,2024-04-30 10:10:00,GCM24.csv,591,GCM24.csv,2.0,2313.7000000000003,2313.7000000000003,4627.6,4627.400000000001,0.1999999999998181
45412,10,30,2312.3,2,2024-04-30,2024-04-30 10:30:00,2024-04-30 10:30:00,GCM24.csv,235,GCM24.csv,1.0,2312.2000000000003,2312.2000000000003,2312.3,2312.2000000000003,0.09999999999990905
45412,12,0,2306.9,3,2024-04-30,2024-04-30 12:00:00,2024-04-30 12:00:00,GCM24.csv,208,GCM24.csv,1.0,2306.8,2308.1,2306.9,2308.1,-1.199999999999818
45412,14,0,2306.9,6,2024-04-30,2024-04-30 14:00:00,2024-04-30 14:00:00,GCM24.csv,90,GCM24.csv,3.0,2306.8,2306.8,6920.700000000001,6920.400000000001,0.3000000000001819
45412,14,30,2306.2,5,2024-04-30,2024-04-30 14:30:00,2024-04-30 14:30:00,GCM24.csv,72,GCM24.csv,-1.0,2306.3,2306.3,2306.2,2306.3,0.1000000000003638
45412,16,0,2302.3,2,2024-04-30,2024-04-30 16:00:00,2024-04-30 16:00:00,GCM24.csv,720,GCM24.csv,-3.0,2302.4,2302.4,6906.900000000001,6907.200000000001,0.3000000000001819
45413,4,30,2296.2,-2,2024-05-01,2024-05-01 04:30:00,2024-05-01 04:30:00,GCM24.csv,36,GCM24.csv,-4.0,2296.5,2296.5,9184.8,9186.0,1.2000000000007276
45413,6,0,2302.6,1,2024-05-01,2024-05-01 06:00:00,2024-05-01 06:00:00,GCM24.csv,108,GCM24.csv,3.0,2301.4,2301.4,6907.799999999999,6904.200000000001,3.599999999998545
45413,8,30,2306.4,5,2024-05-01,2024-05-01 08:30:00,2024-05-01 08:30:00,GCM24.csv,344,GCM24.csv,4.0,2307.4,2307.4,9225.6,9229.6,-4.0
45413,10,10,2318.2,3,2024-05-01,2024-05-01 10:10:00,2024-05-01 10:10:00,GCM24.csv,679,GCM24.csv,-2.0,2317.9,2317.9,4636.4,4635.8,-0.5999999999994543
45413,10,30,2317.0,5,2024-05-01,2024-05-01 10:30:00,2024-05-01 10:30:00,GCM24.csv,323,GCM24.csv,2.0,2315.7000000000003,2315.7000000000003,4634.0,4631.400000000001,2.5999999999994543
45413,12,0,2318.1,2,2024-05-01,2024-05-01 12:00:00,2024-05-01 12:00:00,GCM24.csv,184,GCM24.csv,-3.0,2316.8,2316.8,6954.299999999999,6950.400000000001,-3.8999999999987267
45413,14,0,2309.8,1,2024-05-01,2024-05-01 14:00:00,2024-05-01 14:00:00,GCM24.csv,1994,GCM24.csv,-1.0,2314.3,2314.3,2309.8,2314.3,4.5
45413,16,0,2320.7,2,2024-05-01,2024-05-01 16:00:00,2024-05-01 16:00:00,GCM24.csv,558,GCM24.csv,1.0,2319.0,2319.0,2320.7,2319.0,1.699999999999818
45414,1,30,2323.9,1,2024-05-02,2024-05-02 01:30:00,2024-05-02 01:30:00,GCM24.csv,62,GCM24.csv,-1.0,2324.0,2324.0,2323.9,2324.0,0.09999999999990905
45414,3,30,2320.4,2,2024-05-02,2024-05-02 03:30:00,2024-05-02 03:30:00,GCM24.csv,97,GCM24.csv,1.0,2320.1,2320.1,2320.4,2320.1,0.3000000000001819
45414,4,30,2313.8,-1,2024-05-02,2024-05-02 04:30:00,2024-05-02 04:30:00,GCM24.csv,124,GCM24.csv,-3.0,2315.4,2315.4,6941.400000000001,6946.200000000001,4.800000000000182
45414,6,0,2311.1,-5,2024-05-02,2024-05-02 06:00:00,2024-05-02 06:00:00,GCM24.csv,44,GCM24.csv,-4.0,2306.6,2306.6,9244.4,9226.4,-18.0
45414,8,30,2311.5,-2,2024-05-02,2024-05-02 08:30:00,2024-05-02 08:30:00,GCM24.csv,741,GCM24.csv,3.0,2308.4,2308.4,6934.5,6925.200000000001,9.299999999999272
45414,9,0,2303.8,1,2024-05-02,2024-05-02 09:00:00,2024-05-02 09:00:00,GCM24.csv,307,GCM24.csv,3.0,2303.0,2303.0,6911.400000000001,6909.0,2.4000000000005457
45414,9,10,2298.8,2,2024-05-02,2024-05-02 09:10:00,2024-05-02 09:10:00,GCM24.csv,634,GCM24.csv,1.0,2298.0,2298.0,2298.8,2298.0,0.8000000000001819
45414,9,20,2296.9,1,2024-05-02,2024-05-02 09:20:00,2024-05-02 09:20:00,GCM24.csv,332,GCM24.csv,-1.0,2299.1,2299.1,2296.9,2299.1,2.199999999999818
45414,9,30,2300.0,0,2024-05-02,2024-05-02 09:30:00,2024-05-02 09:30:00,GCM24.csv,808,GCM24.csv,-1.0,2303.2,2303.2,2300.0,2303.2,3.199999999999818
45414,9,40,2303.9,-2,2024-05-02,2024-05-02 09:40:00,2024-05-02 09:40:00,GCM24.csv,277,GCM24.csv,-2.0,2301.6,2301.6,4607.8,4603.2,-4.600000000000364
45414,10,0,2300.6,-1,2024-05-02,2024-05-02 10:00:00,2024-05-02 10:00:00,GCM24.csv,749,GCM24.csv,1.0,2300.5,2300.5,2300.6,2300.5,0.09999999999990905
45414,10,30,2305.9,-3,2024-05-02,2024-05-02 10:30:00,2024-05-02 10:30:00,GCM24.csv,172,GCM24.csv,-2.0,2309.2,2309.2,4611.8,4618.4,6.599999999999454
45414,11,0,2313.6,-4,2024-05-02,2024-05-02 11:00:00,2024-05-02 11:00:00,GCM24.csv,676,GCM24.csv,-1.0,2313.1,2313.1,2313.6,2313.1,-0.5
45414,12,0,2309.2,-2,2024-05-02,2024-05-02 12:00:00,2024-05-02 12:00:00,GCM24.csv,136,GCM24.csv,2.0,2308.7000000000003,2308.7000000000003,4618.4,4617.400000000001,0.9999999999990905
45414,14,30,2316.6,0,2024-05-02,2024-05-02 14:30:00,2024-05-02 14:30:00,GCM24.csv,59,GCM24.csv,2.0,2316.1,2316.1,4633.2,4632.2,1.0
45415,1,30,2315.2,-3,2024-05-03,2024-05-03 01:30:00,2024-05-03 01:30:00,GCM24.csv,47,GCM24.csv,-3.0,2315.9,2315.9,6945.599999999999,6947.700000000001,2.1000000000012733
45415,3,30,2308.1,0,2024-05-03,2024-05-03 03:30:00,2024-05-03 03:30:00,GCM24.csv,38,GCM24.csv,3.0,2308.8,2308.8,6924.299999999999,6926.400000000001,-2.1000000000012733
45415,4,30,2308.6,-1,2024-05-03,2024-05-03 04:30:00,2024-05-03 04:30:00,GCM24.csv,35,GCM24.csv,-1.0,2307.3,2307.3,2308.6,2307.3,-1.2999999999997272
45415,6,0,2310.2,3,2024-05-03,2024-05-03 06:00:00,2024-05-03 06:00:00,GCM24.csv,42,GCM24.csv,4.0,2310.1,2310.1,9240.8,9240.4,0.3999999999996362
45415,8,30,2305.3,4,2024-05-03,2024-05-03 08:30:00,2024-05-03 08:30:00,GCM24.csv,5284,GCM24.csv,1.0,2325.1,2325.1,2305.3,2325.1,-19.799999999999727
45415,9,0,2313.0,1,2024-05-03,2024-05-03 09:00:00,2024-05-03 09:00:00,GCM24.csv,584,GCM24.csv,-3.0,2313.4,2313.4,6939.0,6940.200000000001,1.2000000000007276
45415,9,20,2310.7,2,2024-05-03,2024-05-03 09:20:00,2024-05-03 09:20:00,GCM24.csv,323,GCM24.csv,1.0,2310.7000000000003,2310.7000000000003,2310.7,2310.7000000000003,-4.547473508864641e-13
45415,9,40,2290.9,3,2024-05-03,2024-05-03 09:40:00,2024-05-03 09:40:00,GCM24.csv,811,GCM24.csv,1.0,2294.6,2294.6,2290.9,2294.6,-3.699999999999818
45415,9,50,2296.8,4,2024-05-03,2024-05-03 09:50:00,2024-05-03 09:50:00,GCM24.csv,937,GCM24.csv,1.0,2297.8,2297.8,2296.8,2297.8,-1.0
45415,10,0,2309.4,2,2024-05-03,2024-05-03 10:00:00,2024-05-03 10:00:00,GCM24.csv,2140,GCM24.csv,-2.0,2303.3,2303.3,4618.8,4606.6,-12.199999999999818
45415,10,10,2304.3,1,2024-05-03,2024-05-03 10:10:00,2024-05-03 10:10:00,GCM24.csv,472,GCM24.csv,-1.0,2301.6,2301.6,2304.3,2301.6,-2.700000000000273
45415,10,20,2294.6,3,2024-05-03,2024-05-03 10:20:00,2024-05-03 10:20:00,GCM24.csv,1171,GCM24.csv,2.0,2292.8,2292.8,4589.2,4585.6,3.5999999999994543
45415,10,30,2295.1,4,2024-05-03,2024-05-03 10:30:00,2024-05-03 10:30:00,GCM24.csv,296,GCM24.csv,1.0,2295.5,2295.5,2295.1,2295.5,-0.40000000000009095
45415,10,40,2298.0,3,2024-05-03,2024-05-03 10:40:00,2024-05-03 10:40:00,GCM24.csv,517,GCM24.csv,-1.0,2295.3,2295.3,2298.0,2295.3,-2.699999999999818
45415,11,0,2300.0,5,2024-05-03,2024-05-03 11:00:00,2024-05-03 11:00:00,GCM24.csv,196,GCM24.csv,2.0,2300.5,2300.5,4600.0,4601.0,-1.0
45415,12,0,2302.2,6,2024-05-03,2024-05-03 12:00:00,2024-05-03 12:00:00,GCM24.csv,208,GCM24.csv,1.0,2301.5,2301.5,2302.2,2301.5,0.6999999999998181
45415,14,30,2307.3,5,2024-05-03,2024-05-03 14:30:00,2024-05-03 14:30:00,GCM24.csv,33,GCM24.csv,-1.0,2307.5,2307.5,2307.3,2307.5,0.1999999999998181
45415,16,30,2309.9,0,2024-05-03,2024-05-03 16:30:00,2024-05-03 16:30:00,GCM24.csv,81,GCM24.csv,-5.0,2310.4,2310.4,11549.5,11552.0,2.5
45418,1,30,2319.7,-3,2024-05-06,2024-05-06 01:30:00,2024-05-06 01:30:00,GCM24.csv,57,GCM24.csv,-3.0,2320.1,2320.1,6959.099999999999,6960.299999999999,1.199999999999818
45418,3,30,2325.3,0,2024-05-06,2024-05-06 03:30:00,2024-05-06 03:30:00,GCM24.csv,61,GCM24.csv,3.0,2325.9,2325.9,6975.900000000001,6977.700000000001,-1.800000000000182
45418,4,30,2330.0,-1,2024-05-06,2024-05-06 04:30:00,2024-05-06 04:30:00,GCM24.csv,63,GCM24.csv,-1.0,2329.6,2329.6,2330.0,2329.6,-0.40000000000009095
45418,6,0,2330.1,1,2024-05-06,2024-05-06 06:00:00,2024-05-06 06:00:00,GCM24.csv,62,GCM24.csv,2.0,2330.0,2330.0,4660.2,4660.0,0.1999999999998181
45418,8,30,2324.9,2,2024-05-06,2024-05-06 08:30:00,2024-05-06 08:30:00,GCM24.csv,151,GCM24.csv,1.0,2324.5,2324.5,2324.9,2324.5,0.40000000000009095
45418,8,50,2336.6,1,2024-05-06,2024-05-06 08:50:00,2024-05-06 08:50:00,GCM24.csv,457,GCM24.csv,-1.0,2337.1,2337.1,2336.6,2337.1,0.5
45418,9,0,2332.5,3,2024-05-06,2024-05-06 09:00:00,2024-05-06 09:00:00,GCM24.csv,430,GCM24.csv,2.0,2332.9,2332.9,4665.0,4665.8,-0.8000000000001819
45418,9,10,2332.8,4,2024-05-06,2024-05-06 09:10:00,2024-05-06 09:10:00,GCM24.csv,199,GCM24.csv,1.0,2331.9,2331.9,2332.8,2331.9,0.900000000000091
45418,9,20,2333.3,3,2024-05-06,2024-05-06 09:20:00,2024-05-06 09:20:00,GCM24.csv,142,GCM24.csv,-1.0,2333.6,2333.6,2333.3,2333.6,0.29999999999972715
45418,9,40,2337.6,1,2024-05-06,2024-05-06 09:40:00,2024-05-06 09:40:00,GCM24.csv,2498,GCM24.csv,-2.0,2340.8,2340.8,4675.2,4681.6,6.400000000000546
45418,9,50,2333.2,2,2024-05-06,2024-05-06 09:50:00,2024-05-06 09:50:00,GCM24.csv,279,GCM24.csv,1.0,2333.1000000000004,2333.1000000000004,2333.2,2333.1000000000004,0.0999999999994543
45418,10,0,2337.3,4,2024-05-06,2024-05-06 10:00:00,2024-05-06 10:00:00,GCM24.csv,565,GCM24.csv,2.0,2337.5,2337.5,4674.6,4675.0,-0.3999999999996362
45418,10,10,2337.4,3,2024-05-06,2024-05-06 10:10:00,2024-05-06 10:10:00,GCM24.csv,214,GCM24.csv,-1.0,2335.9,2335.9,2337.4,2335.9,-1.5
45418,10,30,2333.5,2,2024-05-06,2024-05-06 10:30:00,2024-05-06 10:30:00,GCM24.csv,94,GCM24.csv,-1.0,2334.2,2334.2,2333.5,2334.2,0.6999999999998181
45418,11,0,2329.4,1,2024-05-06,2024-05-06 11:00:00,2024-05-06 11:00:00,GCM24.csv,237,GCM24.csv,-1.0,2329.9,2329.9,2329.4,2329.9,0.5
45418,12,0,2333.6,0,2024-05-06,2024-05-06 12:00:00,2024-05-06 12:00:00,GCM24.csv,65,GCM24.csv,-1.0,2333.4,2333.4,2333.6,2333.4,-0.1999999999998181
45418,14,0,2333.6,2,2024-05-06,2024-05-06 14:00:00,2024-05-06 14:00:00,GCM24.csv,101,GCM24.csv,2.0,2333.9,2333.9,4667.2,4667.8,-0.6000000000003638
45418,14,30,2334.8,3,2024-05-06,2024-05-06 14:30:00,2024-05-06 14:30:00,GCM24.csv,150,GCM24.csv,1.0,2334.1,2334.1,2334.8,2334.1,0.7000000000002728
45418,16,0,2333.5,1,2024-05-06,2024-05-06 16:00:00,2024-05-06 16:00:00,GCM24.csv,77,GCM24.csv,-2.0,2333.9,2333.9,4667.0,4667.8,0.8000000000001819
45419,1,30,2330.8,0,2024-05-07,2024-05-07 01:30:00,2024-05-07 01:30:00,GCM24.csv,90,GCM24.csv,-1.0,2329.5,2329.5,2330.8,2329.5,-1.300000000000182
45419,3,30,2329.1,1,2024-05-07,2024-05-07 03:30:00,2024-05-07 03:30:00,GCM24.csv,116,GCM24.csv,1.0,2328.2,2328.2,2329.1,2328.2,0.900000000000091
45419,4,30,2323.6,-1,2024-05-07,2024-05-07 04:30:00,2024-05-07 04:30:00,GCM24.csv,35,GCM24.csv,-2.0,2324.4,2324.4,4647.2,4648.8,1.6000000000003638
45419,6,0,2322.2,-2,2024-05-07,2024-05-07 06:00:00,2024-05-07 06:00:00,GCM24.csv,74,GCM24.csv,-1.0,2321.5,2321.5,2322.2,2321.5,-0.6999999999998181
45419,8,30,2321.5,0,2024-05-07,2024-05-07 08:30:00,2024-05-07 08:30:00,GCM24.csv,105,GCM24.csv,2.0,2322.0,2322.0,4643.0,4644.0,-1.0
45419,9,0,2324.5,1,2024-05-07,2024-05-07 09:00:00,2024-05-07 09:00:00,GCM24.csv,299,GCM24.csv,1.0,2325.8,2325.8,2324.5,2325.8,-1.300000000000182
45419,9,10,2328.1,-1,2024-05-07,2024-05-07 09:10:00,2024-05-07 09:10:00,GCM24.csv,366,GCM24.csv,-2.0,2329.2,2329.2,4656.2,4658.4,2.199999999999818
45419,9,20,2330.1,-2,2024-05-07,2024-05-07 09:20:00,2024-05-07 09:20:00,GCM24.csv,751,GCM24.csv,-1.0,2328.5,2328.5,2330.1,2328.5,-1.599999999999909
45419,9,30,2326.3,0,2024-05-07,2024-05-07 09:30:00,2024-05-07 09:30:00,GCM24.csv,283,GCM24.csv,2.0,2326.5,2326.5,4652.6,4653.0,-0.3999999999996362
45419,9,40,2326.9,1,2024-05-07,2024-05-07 09:40:00,2024-05-07 09:40:00,GCM24.csv,107,GCM24.csv,1.0,2329.5,2329.5,2326.9,2329.5,-2.599999999999909
45419,10,30,2328.2,4,2024-05-07,2024-05-07 10:30:00,2024-05-07 10:30:00,GCM24.csv,217,GCM24.csv,3.0,2328.9,2328.9,6984.599999999999,6986.700000000001,-2.1000000000012733
45419,11,0,2322.6,3,2024-05-07,2024-05-07 11:00:00,2024-05-07 11:00:00,GCM24.csv,689,GCM24.csv,-1.0,2325.8,2325.8,2322.6,2325.8,3.200000000000273
45419,12,0,2323.6,6,2024-05-07,2024-05-07 12:00:00,2024-05-07 12:00:00,GCM24.csv,149,GCM24.csv,3.0,2321.5,2321.5,6970.799999999999,6964.5,6.299999999999272
45419,14,30,2323.2,3,2024-05-07,2024-05-07 14:30:00,2024-05-07 14:30:00,GCM24.csv,29,GCM24.csv,-3.0,2322.4,2322.4,6969.599999999999,6967.200000000001,-2.3999999999987267
45420,1,30,2327.5,5,2024-05-08,2024-05-08 01:30:00,2024-05-08 01:30:00,GCM24.csv,178,GCM24.csv,2.0,2328.5,2328.5,4655.0,4657.0,-2.0
45420,3,30,2319.9,3,2024-05-08,2024-05-08 03:30:00,2024-05-08 03:30:00,GCM24.csv,51,GCM24.csv,-2.0,2320.1,2320.1,4639.8,4640.2,0.3999999999996362
45420,4,30,2312.3,0,2024-05-08,2024-05-08 04:30:00,2024-05-08 04:30:00,GCM24.csv,109,GCM24.csv,-3.0,2312.7,2312.7,6936.900000000001,6938.099999999999,1.1999999999989086
45420,6,0,2318.7,2,2024-05-08,2024-05-08 06:00:00,2024-05-08 06:00:00,GCM24.csv,412,GCM24.csv,2.0,2318.9,2318.9,4637.4,4637.8,-0.4000000000005457
45420,8,30,2326.1,5,2024-05-08,2024-05-08 08:30:00,2024-05-08 08:30:00,GCM24.csv,144,GCM24.csv,3.0,2325.3,2325.3,6978.299999999999,6975.900000000001,2.3999999999987267
45420,12,0,2328.3,1,2024-05-08,2024-05-08 12:00:00,2024-05-08 12:00:00,GCM24.csv,247,GCM24.csv,-4.0,2327.7,2327.7,9313.2,9310.8,-2.400000000001455
45421,6,0,2314.4,0,2024-05-09,2024-05-09 06:00:00,2024-05-09 06:00:00,GCM24.csv,66,GCM24.csv,-1.0,2314.2,2314.2,2314.4,2314.2,-0.20000000000027285
45421,8,40,2333.2,-1,2024-05-09,2024-05-09 08:40:00,2024-05-09 08:40:00,GCM24.csv,524,GCM24.csv,-1.0,2335.0,2335.0,2333.2,2335.0,1.800000000000182
45421,8,50,2334.4,-3,2024-05-09,2024-05-09 08:50:00,2024-05-09 08:50:00,GCM24.csv,427,GCM24.csv,-2.0,2333.5,2333.5,4668.8,4667.0,-1.800000000000182
45421,9,0,2333.0,-2,2024-05-09,2024-05-09 09:00:00,2024-05-09 09:00:00,GCM24.csv,768,GCM24.csv,1.0,2330.8,2330.8,2333.0,2330.8,2.199999999999818
45421,9,10,2329.8,1,2024-05-09,2024-05-09 09:10:00,2024-05-09 09:10:00,GCM24.csv,1969,GCM24.csv,3.0,2323.4,2323.4,6989.400000000001,6970.200000000001,19.199999999999818
45421,9,20,2321.4,2,2024-05-09,2024-05-09 09:20:00,2024-05-09 09:20:00,GCM24.csv,589,GCM24.csv,1.0,2321.4,2321.4,2321.4,2321.4,0.0
45421,9,30,2324.4,3,2024-05-09,2024-05-09 09:30:00,2024-05-09 09:30:00,GCM24.csv,894,GCM24.csv,1.0,2325.8,2325.8,2324.4,2325.8,-1.400000000000091
45421,9,40,2326.5,2,2024-05-09,2024-05-09 09:40:00,2024-05-09 09:40:00,GCM24.csv,345,GCM24.csv,-1.0,2324.8,2324.8,2326.5,2324.8,-1.699999999999818
45421,9,50,2328.0,0,2024-05-09,2024-05-09 09:50:00,2024-05-09 09:50:00,GCM24.csv,206,GCM24.csv,-2.0,2328.1,2328.1,4656.0,4656.2,0.1999999999998181
45421,10,30,2341.9,-4,2024-05-09,2024-05-09 10:30:00,2024-05-09 10:30:00,GCM24.csv,518,GCM24.csv,-4.0,2341.6,2341.6,9367.6,9366.4,-1.2000000000007276
45421,12,0,2337.3,-1,2024-05-09,2024-05-09 12:00:00,2024-05-09 12:00:00,GCM24.csv,82,GCM24.csv,3.0,2336.7000000000003,2336.7000000000003,7011.900000000001,7010.1,1.800000000000182
45421,14,30,2341.2,3,2024-05-09,2024-05-09 14:30:00,2024-05-09 14:30:00,GCM24.csv,26,GCM24.csv,4.0,2341.4,2341.4,9364.8,9365.6,-0.8000000000010914
45422,1,30,2362.7,4,2024-05-10,2024-05-10 01:30:00,2024-05-10 01:30:00,GCM24.csv,237,GCM24.csv,1.0,2361.6,2361.6,2362.7,2361.6,1.099999999999909
45422,3,30,2374.8,3,2024-05-10,2024-05-10 03:30:00,2024-05-10 03:30:00,GCM24.csv,354,GCM24.csv,-1.0,2373.7,2373.7,2374.8,2373.7,-1.1000000000003638
45422,4,30,2374.8,2,2024-05-10,2024-05-10 04:30:00,2024-05-10 04:30:00,GCM24.csv,51,GCM24.csv,-1.0,2376.0,2375.1,2374.8,2375.1,0.29999999999972715
45422,6,0,2379.4,0,2024-05-10,2024-05-10 06:00:00,2024-05-10 06:00:00,GCM24.csv,141,GCM24.csv,-2.0,2380.7,2380.7,4758.8,4761.4,2.5999999999994543
45422,8,30,2373.9,1,2024-05-10,2024-05-10 08:30:00,2024-05-10 08:30:00,GCM24.csv,733,GCM24.csv,1.0,2373.7000000000003,2373.7000000000003,2373.9,2373.7000000000003,0.1999999999998181
45422,8,40,2373.6,3,2024-05-10,2024-05-10 08:40:00,2024-05-10 08:40:00,GCM24.csv,374,GCM24.csv,2.0,2375.9,2375.9,4747.2,4751.8,-4.600000000000364
45422,9,0,2371.8,0,2024-05-10,2024-05-10 09:00:00,2024-05-10 09:00:00,GCM24.csv,667,GCM24.csv,-3.0,2367.9,2367.9,7115.400000000001,7103.700000000001,-11.699999999999818
45422,9,40,2372.9,1,2024-05-10,2024-05-10 09:40:00,2024-05-10 09:40:00,GCM24.csv,417,GCM24.csv,1.0,2371.2000000000003,2371.2000000000003,2372.9,2371.2000000000003,1.699999999999818
45422,10,0,2373.4,0,2024-05-10,2024-05-10 10:00:00,2024-05-10 10:00:00,GCM24.csv,876,GCM24.csv,-1.0,2377.3,2377.3,2373.4,2377.3,3.900000000000091
45422,10,30,2366.9,3,2024-05-10,2024-05-10 10:30:00,2024-05-10 10:30:00,GCM24.csv,928,GCM24.csv,3.0,2372.1,2372.1,7100.700000000001,7116.299999999999,-15.599999999998545
45422,10,50,2368.5,2,2024-05-10,2024-05-10 10:50:00,2024-05-10 10:50:00,GCM24.csv,255,GCM24.csv,-1.0,2368.7,2368.7,2368.5,2368.7,0.1999999999998181
45422,11,0,2366.9,3,2024-05-10,2024-05-10 11:00:00,2024-05-10 11:00:00,GCM24.csv,358,GCM24.csv,1.0,2364.5,2364.5,2366.9,2364.5,2.400000000000091
45422,14,30,2375.8,1,2024-05-10,2024-05-10 14:30:00,2024-05-10 14:30:00,GCM24.csv,52,GCM24.csv,-2.0,2375.9,2375.9,4751.6,4751.8,0.1999999999998181
45422,16,30,2370.2,0,2024-05-10,2024-05-10 16:30:00,2024-05-10 16:30:00,GCM24.csv,4,GCM24.csv,-1.0,2370.9,2370.9,2370.2,2370.9,0.7000000000002728
45425,4,30,2349.9,2,2024-05-13,2024-05-13 04:30:00,2024-05-13 04:30:00,GCM24.csv,507,GCM24.csv,2.0,2350.5,2350.5,4699.8,4701.0,-1.199999999999818
45425,6,0,2346.0,3,2024-05-13,2024-05-13 06:00:00,2024-05-13 06:00:00,GCM24.csv,119,GCM24.csv,1.0,2347.3,2347.3,2346.0,2347.3,-1.300000000000182
45425,8,30,2352.0,1,2024-05-13,2024-05-13 08:30:00,2024-05-13 08:30:00,GCM24.csv,342,GCM24.csv,-2.0,2352.1,2352.1,4704.0,4704.2,0.1999999999998181
45425,9,0,2353.3,2,2024-05-13,2024-05-13 09:00:00,2024-05-13 09:00:00,GCM24.csv,351,GCM24.csv,1.0,2354.0,2354.0,2353.3,2354.0,-0.6999999999998181
45425,9,50,2346.9,3,2024-05-13,2024-05-13 09:50:00,2024-05-13 09:50:00,GCM24.csv,394,GCM24.csv,1.0,2348.2000000000003,2348.2000000000003,2346.9,2348.2000000000003,-1.300000000000182
45425,10,10,2348.3,2,2024-05-13,2024-05-13 10:10:00,2024-05-13 10:10:00,GCM24.csv,551,GCM24.csv,-1.0,2348.4,2348.4,2348.3,2348.4,0.09999999999990905
45425,10,30,2351.5,4,2024-05-13,2024-05-13 10:30:00,2024-05-13 10:30:00,GCM24.csv,239,GCM24.csv,2.0,2350.9,2350.9,4703.0,4701.8,1.199999999999818
45425,11,0,2349.7,3,2024-05-13,2024-05-13 11:00:00,2024-05-13 11:00:00,GCM24.csv,219,GCM24.csv,-1.0,2347.4,2347.4,2349.7,2347.4,-2.299999999999727
45425,12,0,2342.0,5,2024-05-13,2024-05-13 12:00:00,2024-05-13 12:00:00,GCM24.csv,303,GCM24.csv,2.0,2342.4,2342.4,4684.0,4684.8,-0.8000000000001819
45425,14,30,2342.3,3,2024-05-13,2024-05-13 14:30:00,2024-05-13 14:30:00,GCM24.csv,206,GCM24.csv,-2.0,2342.9,2342.9,4684.6,4685.8,1.199999999999818
45426,4,30,2344.1,6,2024-05-14,2024-05-14 04:30:00,2024-05-14 04:30:00,GCM24.csv,41,GCM24.csv,3.0,2344.0,2344.0,7032.299999999999,7032.0,0.2999999999992724
45426,6,0,2351.5,8,2024-05-14,2024-05-14 06:00:00,2024-05-14 06:00:00,GCM24.csv,506,GCM24.csv,2.0,2352.1,2352.1,4703.0,4704.2,-1.199999999999818
45426,8,30,2348.4,5,2024-05-14,2024-05-14 08:30:00,2024-05-14 08:30:00,GCM24.csv,2641,GCM24.csv,-3.0,2347.1,2347.1,7045.200000000001,7041.299999999999,-3.900000000001455
45426,8,50,2353.1,3,2024-05-14,2024-05-14 08:50:00,2024-05-14 08:50:00,GCM24.csv,274,GCM24.csv,-2.0,2353.7,2353.7,4706.2,4707.4,1.199999999999818
45426,9,0,2354.2,4,2024-05-14,2024-05-14 09:00:00,2024-05-14 09:00:00,GCM24.csv,416,GCM24.csv,1.0,2352.5,2352.5,2354.2,2352.5,1.699999999999818
45426,9,10,2354.6,6,2024-05-14,2024-05-14 09:10:00,2024-05-14 09:10:00,GCM24.csv,553,GCM24.csv,2.0,2356.6000000000004,2356.6000000000004,4709.2,4713.200000000001,-4.0000000000009095
45426,11,0,2358.3,5,2024-05-14,2024-05-14 11:00:00,2024-05-14 11:00:00,GCM24.csv,332,GCM24.csv,-1.0,2357.7,2357.7,2358.3,2357.7,-0.6000000000003638
45426,12,0,2353.4,3,2024-05-14,2024-05-14 12:00:00,2024-05-14 12:00:00,GCM24.csv,327,GCM24.csv,-2.0,2352.3,2352.3,4706.8,4704.6,-2.199999999999818
45426,14,0,2361.6,5,2024-05-14,2024-05-14 14:00:00,2024-05-14 14:00:00,GCM24.csv,75,GCM24.csv,2.0,2362.1,2362.1,4723.2,4724.2,-1.0
45426,16,0,2362.3,3,2024-05-14,2024-05-14 16:00:00,2024-05-14 16:00:00,GCM24.csv,60,GCM24.csv,-2.0,2362.0,2362.0,4724.6,4724.0,-0.6000000000003638
45427,1,30,2362.1,2,2024-05-15,2024-05-15 01:30:00,2024-05-15 01:30:00,GCM24.csv,88,GCM24.csv,-1.0,2362.1,2362.1,2362.1,2362.1,-0.0
45427,3,30,2368.7,3,2024-05-15,2024-05-15 03:30:00,2024-05-15 03:30:00,GCM24.csv,257,GCM24.csv,1.0,2368.7,2368.7,2368.7,2368.7,0.0
45427,4,30,2374.7,2,2024-05-15,2024-05-15 04:30:00,2024-05-15 04:30:00,GCM24.csv,226,GCM24.csv,-1.0,2374.7,2374.7,2374.7,2374.7,-0.0
45427,6,0,2375.0,-1,2024-05-15,2024-05-15 06:00:00,2024-05-15 06:00:00,GCM24.csv,98,GCM24.csv,-3.0,2375.1,2375.1,7125.0,7125.299999999999,0.2999999999992724
45427,8,30,2367.8,0,2024-05-15,2024-05-15 08:30:00,2024-05-15 08:30:00,GCM24.csv,4674,GCM24.csv,1.0,2367.7000000000003,2367.7000000000003,2367.8,2367.7000000000003,0.09999999999990905
45427,8,50,2380.8,-1,2024-05-15,2024-05-15 08:50:00,2024-05-15 08:50:00,GCM24.csv,409,GCM24.csv,-1.0,2380.9,2380.9,2380.8,2380.9,0.09999999999990905
45427,9,0,2377.7,0,2024-05-15,2024-05-15 09:00:00,2024-05-15 09:00:00,GCM24.csv,630,GCM24.csv,1.0,2377.5,2377.5,2377.7,2377.5,0.1999999999998181
45427,9,10,2377.8,1,2024-05-15,2024-05-15 09:10:00,2024-05-15 09:10:00,GCM24.csv,275,GCM24.csv,1.0,2377.6000000000004,2377.6000000000004,2377.8,2377.6000000000004,0.1999999999998181
45427,9,20,2374.6,3,2024-05-15,2024-05-15 09:20:00,2024-05-15 09:20:00,GCM24.csv,331,GCM24.csv,2.0,2374.4,2374.4,4749.2,4748.8,0.3999999999996362
45427,9,30,2372.6,4,2024-05-15,2024-05-15 09:30:00,2024-05-15 09:30:00,GCM24.csv,755,GCM24.csv,1.0,2372.4,2372.4,2372.6,2372.4,0.1999999999998181
45427,9,40,2373.1,2,2024-05-15,2024-05-15 09:40:00,2024-05-15 09:40:00,GCM24.csv,218,GCM24.csv,-2.0,2373.3,2373.3,4746.2,4746.6,0.4000000000005457
45427,10,0,2362.9,3,2024-05-15,2024-05-15 10:00:00,2024-05-15 10:00:00,GCM24.csv,686,GCM24.csv,1.0,2362.8,2362.8,2362.9,2362.8,0.09999999999990905
45427,10,10,2367.9,2,2024-05-15,2024-05-15 10:10:00,2024-05-15 10:10:00,GCM24.csv,405,GCM24.csv,-1.0,2368.1,2368.1,2367.9,2368.1,0.1999999999998181
45427,10,20,2367.7,1,2024-05-15,2024-05-15 10:20:00,2024-05-15 10:20:00,GCM24.csv,234,GCM24.csv,-1.0,2367.9,2367.9,2367.7,2367.9,0.20000000000027285
45427,10,30,2372.0,0,2024-05-15,2024-05-15 10:30:00,2024-05-15 10:30:00,GCM24.csv,369,GCM24.csv,-1.0,2372.2,2372.2,2372.0,2372.2,0.1999999999998181
45427,11,0,2379.9,-1,2024-05-15,2024-05-15 11:00:00,2024-05-15 11:00:00,GCM24.csv,799,GCM24.csv,-1.0,2380.0,2380.0,2379.9,2380.0,0.09999999999990905
45427,12,0,2383.5,0,2024-05-15,2024-05-15 12:00:00,2024-05-15 12:00:00,GCM24.csv,198,GCM24.csv,1.0,2383.3,2383.3,2383.5,2383.3,0.1999999999998181
45427,14,30,2393.4,1,2024-05-15,2024-05-15 14:30:00,2024-05-15 14:30:00,GCM24.csv,99,GCM24.csv,1.0,2393.2000000000003,2393.2000000000003,2393.4,2393.2000000000003,0.1999999999998181
45428,1,30,2396.4,-2,2024-05-16,2024-05-16 01:30:00,2024-05-16 01:30:00,GCM24.csv,246,GCM24.csv,-3.0,2396.4,2396.4,7189.200000000001,7189.200000000001,-0.0
45428,3,30,2393.8,1,2024-05-16,2024-05-16 03:30:00,2024-05-16 03:30:00,GCM24.csv,103,GCM24.csv,3.0,2393.8,2393.8,7181.400000000001,7181.400000000001,0.0
45428,4,30,2390.8,0,2024-05-16,2024-05-16 04:30:00,2024-05-16 04:30:00,GCM24.csv,57,GCM24.csv,-1.0,2390.9,2390.9,2390.8,2390.9,0.09999999999990905
45428,6,0,2390.1,2,2024-05-16,2024-05-16 06:00:00,2024-05-16 06:00:00,GCM24.csv,69,GCM24.csv,2.0,2390.1,2390.1,4780.2,4780.2,0.0
45428,8,30,2386.7,3,2024-05-16,2024-05-16 08:30:00,2024-05-16 08:30:00,GCM24.csv,1092,GCM24.csv,1.0,2386.6,2386.6,2386.7,2386.6,0.09999999999990905
45428,8,40,2384.4,4,2024-05-16,2024-05-16 08:40:00,2024-05-16 08:40:00,GCM24.csv,478,GCM24.csv,1.0,2384.3,2384.3,2384.4,2384.3,0.09999999999990905
45428,9,0,2383.4,5,2024-05-16,2024-05-16 09:00:00,2024-05-16 09:00:00,GCM24.csv,418,GCM24.csv,1.0,2383.3,2383.3,2383.4,2383.3,0.09999999999990905
45428,9,20,2378.9,6,2024-05-16,2024-05-16 09:20:00,2024-05-16 09:20:00,GCM24.csv,2809,GCM24.csv,1.0,2378.8,2378.8,2378.9,2378.8,0.09999999999990905
45428,9,30,2383.3,4,2024-05-16,2024-05-16 09:30:00,2024-05-16 09:30:00,GCM24.csv,986,GCM24.csv,-2.0,2383.5,2383.5,4766.6,4767.0,0.3999999999996362
45428,9,40,2377.9,3,2024-05-16,2024-05-16 09:40:00,2024-05-16 09:40:00,GCM24.csv,404,GCM24.csv,-1.0,2378.1,2378.1,2377.9,2378.1,0.1999999999998181
45428,9,50,2380.7,5,2024-05-16,2024-05-16 09:50:00,2024-05-16 09:50:00,GCM24.csv,380,GCM24.csv,2.0,2380.6,2380.6,4761.4,4761.2,0.1999999999998181
45428,10,30,2378.2,6,2024-05-16,2024-05-16 10:30:00,2024-05-16 10:30:00,GCM24.csv,338,GCM24.csv,1.0,2378.1,2378.1,2378.2,2378.1,0.09999999999990905
45428,11,0,2377.7,4,2024-05-16,2024-05-16 11:00:00,2024-05-16 11:00:00,GCM24.csv,228,GCM24.csv,-2.0,2377.9,2377.9,4755.4,4755.8,0.4000000000005457
45428,14,30,2383.4,3,2024-05-16,2024-05-16 14:30:00,2024-05-16 14:30:00,GCM24.csv,73,GCM24.csv,-1.0,2383.5,2383.5,2383.4,2383.5,0.09999999999990905
45429,4,30,2388.1,5,2024-05-17,2024-05-17 04:30:00,2024-05-17 04:30:00,GCM24.csv,86,GCM24.csv,2.0,2388.2,2388.2,4776.2,4776.4,-0.1999999999998181
45429,8,30,2392.9,3,2024-05-17,2024-05-17 08:30:00,2024-05-17 08:30:00,GCM24.csv,116,GCM24.csv,-2.0,2393.9,2393.9,4785.8,4787.8,2.0
45429,9,0,2398.0,2,2024-05-17,2024-05-17 09:00:00,2024-05-17 09:00:00,GCM24.csv,813,GCM24.csv,-1.0,2399.5,2399.5,2398.0,2399.5,1.5
45429,9,10,2402.2,0,2024-05-17,2024-05-17 09:10:00,2024-05-17 09:10:00,GCM24.csv,590,GCM24.csv,-2.0,2403.8,2403.8,4804.4,4807.6,3.2000000000007276
45429,9,20,2407.6,-1,2024-05-17,2024-05-17 09:20:00,2024-05-17 09:20:00,GCM24.csv,520,GCM24.csv,-1.0,2408.0,2408.0,2407.6,2408.0,0.40000000000009095
45429,9,30,2406.0,1,2024-05-17,2024-05-17 09:30:00,2024-05-17 09:30:00,GCM24.csv,373,GCM24.csv,2.0,2405.6000000000004,2405.6000000000004,4812.0,4811.200000000001,0.7999999999992724
45429,9,40,2402.7,4,2024-05-17,2024-05-17 09:40:00,2024-05-17 09:40:00,GCM24.csv,483,GCM24.csv,3.0,2401.6000000000004,2401.6000000000004,7208.099999999999,7204.800000000001,3.299999999998363
45429,9,50,2402.6,5,2024-05-17,2024-05-17 09:50:00,2024-05-17 09:50:00,GCM24.csv,234,GCM24.csv,1.0,2402.8,2402.8,2402.6,2402.8,-0.20000000000027285
45429,10,0,2406.5,4,2024-05-17,2024-05-17 10:00:00,2024-05-17 10:00:00,GCM24.csv,496,GCM24.csv,-1.0,2406.1,2406.1,2406.5,2406.1,-0.40000000000009095
45429,10,10,2406.6,3,2024-05-17,2024-05-17 10:10:00,2024-05-17 10:10:00,GCM24.csv,163,GCM24.csv,-1.0,2406.0,2406.0,2406.6,2406.0,-0.599999999999909
45429,10,30,2410.7,0,2024-05-17,2024-05-17 10:30:00,2024-05-17 10:30:00,GCM24.csv,480,GCM24.csv,-3.0,2410.7,2410.7,7232.099999999999,7232.099999999999,-0.0
45429,10,50,2415.1,2,2024-05-17,2024-05-17 10:50:00,2024-05-17 10:50:00,GCM24.csv,1409,GCM24.csv,2.0,2416.6000000000004,2416.6000000000004,4830.2,4833.200000000001,-3.0000000000009095
45429,12,0,2412.3,3,2024-05-17,2024-05-17 12:00:00,2024-05-17 12:00:00,GCM24.csv,126,GCM24.csv,1.0,2412.8,2412.8,2412.3,2412.8,-0.5
45429,14,30,2421.1,4,2024-05-17,2024-05-17 14:30:00,2024-05-17 14:30:00,GCM24.csv,57,GCM24.csv,1.0,2420.7000000000003,2420.7000000000003,2421.1,2420.7000000000003,0.3999999999996362
45429,16,30,2420.3,0,2024-05-17,2024-05-17 16:30:00,2024-05-17 16:30:00,GCM24.csv,62,GCM24.csv,-4.0,2420.5,2420.5,9681.2,9682.0,0.7999999999992724
45432,1,30,2444.0,-1,2024-05-20,2024-05-20 01:30:00,2024-05-20 01:30:00,GCM24.csv,868,GCM24.csv,-1.0,2444.0,2444.0,2444.0,2444.0,-0.0
45432,3,30,2441.5,0,2024-05-20,2024-05-20 03:30:00,2024-05-20 03:30:00,GCM24.csv,490,GCM24.csv,1.0,2441.4,2441.4,2441.5,2441.4,0.09999999999990905
45432,4,30,2445.6,-1,2024-05-20,2024-05-20 04:30:00,2024-05-20 04:30:00,GCM24.csv,100,GCM24.csv,-1.0,2445.7,2445.7,2445.6,2445.7,0.09999999999990905
45432,6,0,2446.5,-4,2024-05-20,2024-05-20 06:00:00,2024-05-20 06:00:00,GCM24.csv,308,GCM24.csv,-3.0,2446.7,2446.7,7339.5,7340.099999999999,0.5999999999994543
45432,8,30,2422.1,-3,2024-05-20,2024-05-20 08:30:00,2024-05-20 08:30:00,GCM24.csv,686,GCM24.csv,1.0,2422.0,2422.0,2422.1,2422.0,0.09999999999990905
45432,8,50,2417.2,-2,2024-05-20,2024-05-20 08:50:00,2024-05-20 08:50:00,GCM24.csv,336,GCM24.csv,1.0,2417.1,2417.1,2417.2,2417.1,0.09999999999990905
45432,9,10,2425.9,-5,2024-05-20,2024-05-20 09:10:00,2024-05-20 09:10:00,GCM24.csv,640,GCM24.csv,-3.0,2426.1,2426.1,7277.700000000001,7278.299999999999,0.5999999999985448
45432,9,20,2422.4,-4,2024-05-20,2024-05-20 09:20:00,2024-05-20 09:20:00,GCM24.csv,391,GCM24.csv,1.0,2422.3,2422.3,2422.4,2422.3,0.09999999999990905
45432,9,30,2421.8,-2,2024-05-20,2024-05-20 09:30:00,2024-05-20 09:30:00,GCM24.csv,346,GCM24.csv,2.0,2421.7000000000003,2421.7000000000003,4843.6,4843.400000000001,0.1999999999998181
45432,9,40,2419.2,-4,2024-05-20,2024-05-20 09:40:00,2024-05-20 09:40:00,GCM24.csv,1814,GCM24.csv,-2.0,2419.4,2418.1,4838.4,4836.2,-2.199999999999818
45432,10,30,2421.5,-5,2024-05-20,2024-05-20 10:30:00,2024-05-20 10:30:00,GCM24.csv,191,GCM24.csv,-1.0,2421.7,2421.7,2421.5,2421.7,0.1999999999998181
45432,11,0,2427.1,-4,2024-05-20,2024-05-20 11:00:00,2024-05-20 11:00:00,GCM24.csv,194,GCM24.csv,1.0,2427.0,2427.0,2427.1,2427.0,0.09999999999990905
45432,12,0,2429.1,0,2024-05-20,2024-05-20 12:00:00,2024-05-20 12:00:00,GCM24.csv,109,GCM24.csv,4.0,2428.9,2428.9,9716.4,9715.6,0.7999999999992724
45432,14,0,2439.7,1,2024-05-20,2024-05-20 14:00:00,2024-05-20 14:00:00,GCM24.csv,61,GCM24.csv,1.0,2439.5,2439.5,2439.7,2439.5,0.1999999999998181
45432,14,30,2439.5,2,2024-05-20,2024-05-20 14:30:00,2024-05-20 14:30:00,GCM24.csv,108,GCM24.csv,1.0,2439.3,2439.3,2439.5,2439.3,0.1999999999998181
45432,16,0,2431.3,1,2024-05-20,2024-05-20 16:00:00,2024-05-20 16:00:00,GCM24.csv,199,GCM24.csv,-1.0,2431.5,2431.5,2431.3,2431.5,0.1999999999998181
45433,6,0,2419.8,2,2024-05-21,2024-05-21 06:00:00,2024-05-21 06:00:00,GCM24.csv,46,GCM24.csv,1.0,2419.7000000000003,2420.4,2419.8,2420.4,-0.599999999999909
45433,8,50,2427.5,3,2024-05-21,2024-05-21 08:50:00,2024-05-21 08:50:00,GCM24.csv,507,GCM24.csv,1.0,2427.4,2427.4,2427.5,2427.4,0.09999999999990905
45433,9,0,2430.5,4,2024-05-21,2024-05-21 09:00:00,2024-05-21 09:00:00,GCM24.csv,2268,GCM24.csv,1.0,2430.3,2430.3,2430.5,2430.3,0.1999999999998181
45433,9,10,2429.6,3,2024-05-21,2024-05-21 09:10:00,2024-05-21 09:10:00,GCM24.csv,302,GCM24.csv,-1.0,2429.7,2429.7,2429.6,2429.7,0.09999999999990905
45433,10,30,2431.7,1,2024-05-21,2024-05-21 10:30:00,2024-05-21 10:30:00,GCM24.csv,315,GCM24.csv,-2.0,2431.8,2431.8,4863.4,4863.6,0.2000000000007276
45433,10,50,2433.5,0,2024-05-21,2024-05-21 10:50:00,2024-05-21 10:50:00,GCM24.csv,214,GCM24.csv,-1.0,2433.6,2433.6,2433.5,2433.6,0.09999999999990905
45433,11,0,2433.7,-1,2024-05-21,2024-05-21 11:00:00,2024-05-21 11:00:00,GCM24.csv,231,GCM24.csv,-1.0,2433.8,2433.8,2433.7,2433.8,0.1000000000003638
45433,12,0,2427.1,-2,2024-05-21,2024-05-21 12:00:00,2024-05-21 12:00:00,GCM24.csv,163,GCM24.csv,-1.0,2427.3,2427.3,2427.1,2427.3,0.20000000000027285
45433,14,30,2422.8,1,2024-05-21,2024-05-21 14:30:00,2024-05-21 14:30:00,GCM24.csv,48,GCM24.csv,3.0,2422.7000000000003,2422.7000000000003,7268.400000000001,7268.1,0.3000000000001819
45434,1,30,2417.2,-3,2024-05-22,2024-05-22 01:30:00,2024-05-22 01:30:00,GCM24.csv,145,GCM24.csv,-4.0,2417.1,2417.1,9668.8,9668.4,-0.3999999999996362
45434,3,30,2416.0,1,2024-05-22,2024-05-22 03:30:00,2024-05-22 03:30:00,GCM24.csv,151,GCM24.csv,4.0,2419.0,2419.0,9664.0,9676.0,-12.0
45434,4,30,2414.0,3,2024-05-22,2024-05-22 04:30:00,2024-05-22 04:30:00,GCM24.csv,266,GCM24.csv,2.0,2415.7000000000003,2415.7000000000003,4828.0,4831.400000000001,-3.4000000000005457
45434,6,0,2420.9,7,2024-05-22,2024-05-22 06:00:00,2024-05-22 06:00:00,GCM24.csv,102,GCM24.csv,4.0,2421.7000000000003,2421.7000000000003,9683.6,9686.800000000001,-3.2000000000007276
45434,8,30,2418.5,5,2024-05-22,2024-05-22 08:30:00,2024-05-22 08:30:00,GCM24.csv,255,GCM24.csv,-2.0,2416.0,2416.0,4837.0,4832.0,-5.0
45434,9,0,2415.7,6,2024-05-22,2024-05-22 09:00:00,2024-05-22 09:00:00,GCM24.csv,275,GCM24.csv,1.0,2414.5,2414.5,2415.7,2414.5,1.199999999999818
45434,9,40,2411.3,7,2024-05-22,2024-05-22 09:40:00,2024-05-22 09:40:00,GCM24.csv,279,GCM24.csv,1.0,2413.8,2413.8,2411.3,2413.8,-2.5
45434,10,0,2414.0,6,2024-05-22,2024-05-22 10:00:00,2024-05-22 10:00:00,GCM24.csv,581,GCM24.csv,-1.0,2413.4,2413.4,2414.0,2413.4,-0.599999999999909
45434,10,30,2389.5,7,2024-05-22,2024-05-22 10:30:00,2024-05-22 10:30:00,GCM24.csv,850,GCM24.csv,1.0,2387.7000000000003,2387.7000000000003,2389.5,2387.7000000000003,1.7999999999997272
45434,11,0,2391.9,6,2024-05-22,2024-05-22 11:00:00,2024-05-22 11:00:00,GCM24.csv,412,GCM24.csv,-1.0,2394.7,2394.7,2391.9,2394.7,2.799999999999727
45434,14,0,2391.6,7,2024-05-22,2024-05-22 14:00:00,2024-05-22 14:00:00,GCM24.csv,502,GCM24.csv,1.0,2391.4,2391.4,2391.6,2391.4,0.1999999999998181
45434,14,30,2382.5,6,2024-05-22,2024-05-22 14:30:00,2024-05-22 14:30:00,GCM24.csv,267,GCM24.csv,-1.0,2383.4,2383.4,2382.5,2383.4,0.900000000000091
45434,16,0,2382.7,5,2024-05-22,2024-05-22 16:00:00,2024-05-22 16:00:00,GCM24.csv,175,GCM24.csv,-1.0,2381.9,2381.9,2382.7,2381.9,-0.7999999999997272
45435,1,30,2372.9,3,2024-05-23,2024-05-23 01:30:00,2024-05-23 01:30:00,GCM24.csv,114,GCM24.csv,-2.0,2370.7,2370.7,4745.8,4741.4,-4.400000000000546
45435,3,30,2365.3,5,2024-05-23,2024-05-23 03:30:00,2024-05-23 03:30:00,GCM24.csv,122,GCM24.csv,2.0,2363.7000000000003,2363.7000000000003,4730.6,4727.400000000001,3.199999999999818
45435,4,30,2358.6,2,2024-05-23,2024-05-23 04:30:00,2024-05-23 04:30:00,GCM24.csv,151,GCM24.csv,-3.0,2361.2,2361.2,7075.799999999999,7083.599999999999,7.800000000000182
45435,6,0,2366.2,1,2024-05-23,2024-05-23 06:00:00,2024-05-23 06:00:00,GCM24.csv,55,GCM24.csv,-1.0,2367.1,2367.1,2366.2,2367.1,0.900000000000091
45435,8,30,2368.4,4,2024-05-23,2024-05-23 08:30:00,2024-05-23 08:30:00,GCM24.csv,590,GCM24.csv,3.0,2366.4,2366.4,7105.200000000001,7099.200000000001,6.0
45435,8,40,2364.0,6,2024-05-23,2024-05-23 08:40:00,2024-05-23 08:40:00,GCM24.csv,361,GCM24.csv,2.0,2364.3,2364.3,4728.0,4728.6,-0.6000000000003638
45435,11,0,2347.6,4,2024-05-23,2024-05-23 11:00:00,2024-05-23 11:00:00,GCM24.csv,451,GCM24.csv,-2.0,2349.0,2349.0,4695.2,4698.0,2.800000000000182
45435,12,0,2347.7,3,2024-05-23,2024-05-23 12:00:00,2024-05-23 12:00:00,GCM24.csv,208,GCM24.csv,-1.0,2351.7,2351.7,2347.7,2351.7,4.0
45435,14,0,2333.8,6,2024-05-23,2024-05-23 14:00:00,2024-05-23 14:00:00,GCM24.csv,308,GCM24.csv,3.0,2334.0,2334.0,7001.400000000001,7002.0,-0.5999999999994543
45435,16,0,2333.7,3,2024-05-23,2024-05-23 16:00:00,2024-05-23 16:00:00,GCM24.csv,218,GCM24.csv,-3.0,2333.2,2333.2,7001.099999999999,6999.599999999999,-1.5
45436,1,30,2335.7,2,2024-05-24,2024-05-24 01:30:00,2024-05-24 01:30:00,GCM24.csv,483,GCM24.csv,-1.0,2337.5,2337.5,2335.7,2337.5,1.800000000000182
45436,3,30,2340.2,3,2024-05-24,2024-05-24 03:30:00,2024-05-24 03:30:00,GCM24.csv,27,GCM24.csv,1.0,2339.0,2339.0,2340.2,2339.0,1.199999999999818
45436,4,30,2337.8,0,2024-05-24,2024-05-24 04:30:00,2024-05-24 04:30:00,GCM24.csv,403,GCM24.csv,-3.0,2339.7,2339.7,7013.400000000001,7019.099999999999,5.699999999998909
45436,8,30,2337.6,3,2024-05-24,2024-05-24 08:30:00,2024-05-24 08:30:00,GCM24.csv,356,GCM24.csv,3.0,2340.5,2340.5,7012.799999999999,7021.5,-8.700000000000728
45436,8,40,2341.1,2,2024-05-24,2024-05-24 08:40:00,2024-05-24 08:40:00,GCM24.csv,170,GCM24.csv,-1.0,2341.5,2341.5,2341.1,2341.5,0.40000000000009095
45436,9,0,2340.7,3,2024-05-24,2024-05-24 09:00:00,2024-05-24 09:00:00,GCM24.csv,139,GCM24.csv,1.0,2340.8,2340.8,2340.7,2340.8,-0.1000000000003638
45436,9,40,2341.8,4,2024-05-24,2024-05-24 09:40:00,2024-05-24 09:40:00,GCM24.csv,1137,GCM24.csv,1.0,2343.5,2343.5,2341.8,2343.5,-1.699999999999818
45436,9,50,2340.8,6,2024-05-24,2024-05-24 09:50:00,2024-05-24 09:50:00,GCM24.csv,441,GCM24.csv,2.0,2340.1000000000004,2340.1000000000004,4681.6,4680.200000000001,1.3999999999996362
45436,10,0,2339.7,5,2024-05-24,2024-05-24 10:00:00,2024-05-24 10:00:00,GCM24.csv,825,GCM24.csv,-1.0,2343.5,2343.5,2339.7,2343.5,3.800000000000182
45436,10,10,2341.8,3,2024-05-24,2024-05-24 10:10:00,2024-05-24 10:10:00,GCM24.csv,174,GCM24.csv,-2.0,2340.2,2340.2,4683.6,4680.4,-3.2000000000007276
45436,10,30,2337.9,4,2024-05-24,2024-05-24 10:30:00,2024-05-24 10:30:00,GCM24.csv,196,GCM24.csv,1.0,2339.3,2339.3,2337.9,2339.3,-1.400000000000091
45436,12,0,2336.0,5,2024-05-24,2024-05-24 12:00:00,2024-05-24 12:00:00,GCM24.csv,165,GCM24.csv,1.0,2334.6,2334.6,2336.0,2334.6,1.400000000000091
45436,14,30,2336.3,4,2024-05-24,2024-05-24 14:30:00,2024-05-24 14:30:00,GCM24.csv,15,GCM24.csv,-1.0,2336.5,2336.5,2336.3,2336.5,0.1999999999998181
45436,16,30,2335.7,0,2024-05-24,2024-05-24 16:30:00,2024-05-24 16:30:00,GCM24.csv,31,GCM24.csv,-4.0,2335.7,2335.1,9342.8,9340.4,-2.399999999999636
45439,4,30,2343.8,-4,2024-05-27,2024-05-27 04:30:00,2024-05-27 04:30:00,GCM24.csv,129,GCM24.csv,-4.0,2343.8,2343.8,9375.2,9375.2,-0.0
45439,8,30,2350.4,0,2024-05-27,2024-05-27 08:30:00,2024-05-27 08:30:00,GCM24.csv,144,GCM24.csv,4.0,2350.7000000000003,2350.7000000000003,9401.6,9402.800000000001,-1.2000000000007276
45439,9,30,2351.8,-1,2024-05-27,2024-05-27 09:30:00,2024-05-27 09:30:00,GCM24.csv,114,GCM24.csv,-1.0,2352.3,2352.3,2351.8,2352.3,0.5
45439,10,10,2357.6,0,2024-05-27,2024-05-27 10:10:00,2024-05-27 10:10:00,GCM24.csv,79,GCM24.csv,1.0,2357.6000000000004,2357.6000000000004,2357.6,2357.6000000000004,-4.547473508864641e-13
45439,12,0,2353.7,2,2024-05-27,2024-05-27 12:00:00,2024-05-27 12:00:00,GCM24.csv,42,GCM24.csv,2.0,2353.8,2353.8,4707.4,4707.6,-0.2000000000007276
45439,14,0,2356.3,1,2024-05-27,2024-05-27 14:00:00,2024-05-27 14:00:00,GCM24.csv,34,GCM24.csv,-1.0,2356.3,2356.3,2356.3,2356.3,-0.0
45439,16,0,2352.5,2,2024-05-27,2024-05-27 16:00:00,2024-05-27 16:00:00,GCM24.csv,74,GCM24.csv,1.0,2353.8,2353.5,2352.5,2353.5,-1.0
45440,1,30,2352.5,1,2024-05-28,2024-05-28 01:30:00,2024-05-28 01:30:00,GCM24.csv,91,GCM24.csv,-1.0,2353.5,2353.5,2352.5,2353.5,1.0
45440,3,30,2344.1,2,2024-05-28,2024-05-28 03:30:00,2024-05-28 03:30:00,GCM24.csv,84,GCM24.csv,1.0,2344.1,2344.1,2344.1,2344.1,0.0
45440,4,30,2342.0,-2,2024-05-28,2024-05-28 04:30:00,2024-05-28 04:30:00,GCM24.csv,28,GCM24.csv,-4.0,2342.0,2342.0,9368.0,9368.0,-0.0
45440,6,0,2344.6,0,2024-05-28,2024-05-28 06:00:00,2024-05-28 06:00:00,GCQ24.csv,13,GCM24.csv,2.0,2344.9,2344.9,4689.2,4689.8,-0.6000000000003638
45440,8,30,2355.5,4,2024-05-28,2024-05-28 08:30:00,2024-05-28 08:30:00,GCM24.csv,328,GCM24.csv,4.0,2354.7000000000003,2354.7000000000003,9422.0,9418.800000000001,3.1999999999989086
45440,9,0,2354.2,5,2024-05-28,2024-05-28 09:00:00,2024-05-28 09:00:00,GCM24.csv,456,GCM24.csv,1.0,2354.7000000000003,2354.7000000000003,2354.2,2354.7000000000003,-0.5000000000004547
45440,9,20,2362.2,3,2024-05-28,2024-05-28 09:20:00,2024-05-28 09:20:00,GCM24.csv,623,GCM24.csv,-2.0,2363.3,2363.3,4724.4,4726.6,2.2000000000007276
45440,9,30,2362.3,1,2024-05-28,2024-05-28 09:30:00,2024-05-28 09:30:00,GCM24.csv,537,GCM24.csv,-2.0,2362.5,2362.5,4724.6,4725.0,0.3999999999996362
45440,9,40,2359.2,3,2024-05-28,2024-05-28 09:40:00,2024-05-28 09:40:00,GCM24.csv,183,GCM24.csv,2.0,2361.2000000000003,2361.2000000000003,4718.4,4722.400000000001,-4.0000000000009095
45440,9,50,2355.9,6,2024-05-28,2024-05-28 09:50:00,2024-05-28 09:50:00,GCM24.csv,218,GCM24.csv,3.0,2356.9,2356.9,7067.700000000001,7070.700000000001,-3.0
45440,10,0,2355.0,7,2024-05-28,2024-05-28 10:00:00,2024-05-28 10:00:00,GCM24.csv,1258,GCM24.csv,1.0,2352.6000000000004,2352.6000000000004,2355.0,2352.6000000000004,2.399999999999636
45440,10,10,2352.2,6,2024-05-28,2024-05-28 10:10:00,2024-05-28 10:10:00,GCM24.csv,298,GCM24.csv,-1.0,2350.8,2350.8,2352.2,2350.8,-1.3999999999996362
45440,10,20,2350.5,5,2024-05-28,2024-05-28 10:20:00,2024-05-28 10:20:00,GCM24.csv,264,GCM24.csv,-1.0,2352.1,2352.1,2350.5,2352.1,1.599999999999909
45440,10,30,2353.8,3,2024-05-28,2024-05-28 10:30:00,2024-05-28 10:30:00,GCM24.csv,198,GCM24.csv,-2.0,2355.2,2355.2,4707.6,4710.4,2.7999999999992724
45440,11,0,2356.3,2,2024-05-28,2024-05-28 11:00:00,2024-05-28 11:00:00,GCM24.csv,156,GCM24.csv,-1.0,2355.9,2355.9,2356.3,2355.9,-0.40000000000009095
45440,12,0,2361.2,0,2024-05-28,2024-05-28 12:00:00,2024-05-28 12:00:00,GCM24.csv,169,GCM24.csv,-2.0,2360.7,2360.7,4722.4,4721.4,-1.0
45440,14,30,2354.7,2,2024-05-28,2024-05-28 14:30:00,2024-05-28 14:30:00,GCM24.csv,39,GCM24.csv,2.0,2354.1,2354.1,4709.4,4708.2,1.199999999999818
45441,1,30,2359.1,1,2024-05-29,2024-05-29 01:30:00,2024-05-29 01:30:00,GCQ24.csv,133,GCQ24.csv,-1.0,2382.6,2382.6,2359.1,2382.6,23.5
45441,3,30,2353.8,2,2024-05-29,2024-05-29 03:30:00,2024-05-29 03:30:00,GCQ24.csv,33,GCQ24.csv,1.0,2376.2,2376.2,2353.8,2376.2,-22.399999999999636
45441,4,30,2348.2,-1,2024-05-29,2024-05-29 04:30:00,2024-05-29 04:30:00,GCQ24.csv,159,GCQ24.csv,-3.0,2370.9,2370.9,7044.599999999999,7112.700000000001,68.10000000000127
45441,6,0,2346.1,-2,2024-05-29,2024-05-29 06:00:00,2024-05-29 06:00:00,GCQ24.csv,222,GCQ24.csv,-1.0,2367.3,2367.3,2346.1,2367.3,21.200000000000273
45441,8,30,2342.2,1,2024-05-29,2024-05-29 08:30:00,2024-05-29 08:30:00,GCQ24.csv,101,GCQ24.csv,3.0,2365.0,2365.0,7026.599999999999,7095.0,-68.40000000000055
45441,9,0,2337.7,2,2024-05-29,2024-05-29 09:00:00,2024-05-29 09:00:00,GCQ24.csv,414,GCQ24.csv,1.0,2362.0,2362.0,2337.7,2362.0,-24.300000000000182
45441,9,20,2344.0,1,2024-05-29,2024-05-29 09:20:00,2024-05-29 09:20:00,GCQ24.csv,99,GCQ24.csv,-1.0,2367.0,2367.0,2344.0,2367.0,23.0
45441,9,40,2347.5,0,2024-05-29,2024-05-29 09:40:00,2024-05-29 09:40:00,GCM24.csv,708,GCQ24.csv,-1.0,2363.6,2363.6,2347.5,2363.6,16.09999999999991
45441,9,50,2343.2,-1,2024-05-29,2024-05-29 09:50:00,2024-05-29 09:50:00,GCQ24.csv,270,GCQ24.csv,-1.0,2366.0,2366.0,2343.2,2366.0,22.800000000000182
45441,10,0,2346.1,0,2024-05-29,2024-05-29 10:00:00,2024-05-29 10:00:00,GCQ24.csv,347,GCQ24.csv,1.0,2366.4,2366.4,2346.1,2366.4,-20.300000000000182
45441,10,10,2345.7,1,2024-05-29,2024-05-29 10:10:00,2024-05-29 10:10:00,GCQ24.csv,166,GCQ24.csv,1.0,2367.1,2367.1,2345.7,2367.1,-21.40000000000009
45441,10,30,2344.5,3,2024-05-29,2024-05-29 10:30:00,2024-05-29 10:30:00,GCQ24.csv,192,GCQ24.csv,2.0,2366.1,2366.1,4689.0,4732.2,-43.19999999999982
45441,12,0,2339.0,5,2024-05-29,2024-05-29 12:00:00,2024-05-29 12:00:00,GCQ24.csv,73,GCQ24.csv,2.0,2361.5,2361.5,4678.0,4723.0,-45.0
45441,14,0,2343.3,3,2024-05-29,2024-05-29 14:00:00,2024-05-29 14:00:00,GCQ24.csv,54,GCQ24.csv,-2.0,2366.0,2366.0,4686.6,4732.0,45.399999999999636
45441,14,30,2341.4,1,2024-05-29,2024-05-29 14:30:00,2024-05-29 14:30:00,GCQ24.csv,16,GCQ24.csv,-2.0,2364.3,2364.3,4682.8,4728.6,45.80000000000018
45441,16,0,2336.4,3,2024-05-29,2024-05-29 16:00:00,2024-05-29 16:00:00,GCQ24.csv,43,GCQ24.csv,2.0,2359.2,2359.2,4672.8,4718.4,-45.599999999999454
45442,1,30,2330.3,2,2024-05-30,2024-05-30 01:30:00,2024-05-30 01:30:00,GCQ24.csv,328,GCQ24.csv,-1.0,2348.8,2348.8,2330.3,2348.8,18.5
45442,3,30,2334.2,3,2024-05-30,2024-05-30 03:30:00,2024-05-30 03:30:00,GCQ24.csv,74,GCQ24.csv,1.0,2355.9,2355.9,2334.2,2355.9,-21.700000000000273
45442,4,30,2332.6,-1,2024-05-30,2024-05-30 04:30:00,2024-05-30 04:30:00,GCQ24.csv,60,GCQ24.csv,-4.0,2354.7,2354.7,9330.4,9418.8,88.39999999999964
45442,6,0,2331.1,-2,2024-05-30,2024-05-30 06:00:00,2024-05-30 06:00:00,GCQ24.csv,68,GCQ24.csv,-1.0,2353.8,2353.8,2331.1,2353.8,22.700000000000273
45442,8,30,2336.4,2,2024-05-30,2024-05-30 08:30:00,2024-05-30 08:30:00,GCQ24.csv,1209,GCQ24.csv,4.0,2363.0,2363.0,9345.6,9452.0,-106.39999999999964
45442,8,40,2341.4,1,2024-05-30,2024-05-30 08:40:00,2024-05-30 08:40:00,GCQ24.csv,282,GCQ24.csv,-1.0,2365.8,2365.8,2341.4,2365.8,24.40000000000009
45442,9,0,2339.2,2,2024-05-30,2024-05-30 09:00:00,2024-05-30 09:00:00,GCQ24.csv,312,GCQ24.csv,1.0,2364.9,2364.9,2339.2,2364.9,-25.700000000000273
45442,9,50,2345.1,1,2024-05-30,2024-05-30 09:50:00,2024-05-30 09:50:00,GCQ24.csv,301,GCQ24.csv,-1.0,2368.9,2368.9,2345.1,2368.9,23.800000000000182
45442,10,10,2347.1,2,2024-05-30,2024-05-30 10:10:00,2024-05-30 10:10:00,GCQ24.csv,157,GCQ24.csv,1.0,2368.5,2368.5,2347.1,2368.5,-21.40000000000009
45442,10,30,2346.5,0,2024-05-30,2024-05-30 10:30:00,2024-05-30 10:30:00,GCQ24.csv,322,GCQ24.csv,-2.0,2370.3,2370.3,4693.0,4740.6,47.600000000000364
45442,12,0,2341.7,1,2024-05-30,2024-05-30 12:00:00,2024-05-30 12:00:00,GCQ24.csv,107,GCQ24.csv,1.0,2365.2,2365.2,2341.7,2365.2,-23.5
45442,14,30,2340.1,3,2024-05-30,2024-05-30 14:30:00,2024-05-30 14:30:00,GCQ24.csv,41,GCQ24.csv,2.0,2364.5,2364.5,4680.2,4729.0,-48.80000000000018
45443,1,30,2363.6,2,2024-05-31,2024-05-31 01:30:00,2024-05-31 01:30:00,GCQ24.csv,238,GCQ24.csv,-1.0,2363.6,2363.6,2363.6,2363.6,-0.0
45443,3,30,2364.4,3,2024-05-31,2024-05-31 03:30:00,2024-05-31 03:30:00,GCQ24.csv,151,GCQ24.csv,1.0,2364.4,2363.4,2364.4,2363.4,1.0
45443,4,30,2362.8,4,2024-05-31,2024-05-31 04:30:00,2024-05-31 04:30:00,GCQ24.csv,42,GCQ24.csv,1.0,2362.8,2362.8,2362.8,2362.8,0.0
45443,6,0,2363.1,6,2024-05-31,2024-05-31 06:00:00,2024-05-31 06:00:00,GCQ24.csv,41,GCQ24.csv,2.0,2363.1,2363.1,4726.2,4726.2,0.0
45443,8,30,2366.2,5,2024-05-31,2024-05-31 08:30:00,2024-05-31 08:30:00,GCQ24.csv,1519,GCQ24.csv,-1.0,2366.3,2366.3,2366.2,2366.3,0.1000000000003638
45443,9,0,2377.0,3,2024-05-31,2024-05-31 09:00:00,2024-05-31 09:00:00,GCQ24.csv,977,GCQ24.csv,-2.0,2377.0,2377.0,4754.0,4754.0,-0.0
45443,9,20,2376.0,6,2024-05-31,2024-05-31 09:20:00,2024-05-31 09:20:00,GCQ24.csv,166,GCQ24.csv,3.0,2376.0,2376.0,7128.0,7128.0,0.0
45443,9,50,2376.6,3,2024-05-31,2024-05-31 09:50:00,2024-05-31 09:50:00,GCQ24.csv,465,GCQ24.csv,-3.0,2376.6,2376.6,7129.799999999999,7129.799999999999,-0.0
45443,10,10,2367.2,6,2024-05-31,2024-05-31 10:10:00,2024-05-31 10:10:00,GCQ24.csv,866,GCQ24.csv,3.0,2367.2,2367.2,7101.599999999999,7101.599999999999,0.0
45443,10,30,2362.8,4,2024-05-31,2024-05-31 10:30:00,2024-05-31 10:30:00,GCQ24.csv,150,GCQ24.csv,-2.0,2362.8,2359.0,4725.6,4718.0,-7.600000000000364
45443,11,0,2355.8,3,2024-05-31,2024-05-31 11:00:00,2024-05-31 11:00:00,GCQ24.csv,624,GCQ24.csv,-1.0,2355.8,2355.8,2355.8,2355.8,-0.0
45443,12,0,2351.1,2,2024-05-31,2024-05-31 12:00:00,2024-05-31 12:00:00,GCQ24.csv,166,GCQ24.csv,-1.0,2351.1,2351.1,2351.1,2351.1,-0.0
45443,14,0,2346.9,4,2024-05-31,2024-05-31 14:00:00,2024-05-31 14:00:00,GCQ24.csv,117,GCQ24.csv,2.0,2346.9,2346.9,4693.8,4693.8,0.0
45443,14,30,2347.0,6,2024-05-31,2024-05-31 14:30:00,2024-05-31 14:30:00,GCQ24.csv,70,GCQ24.csv,2.0,2347.0,2347.0,4694.0,4694.0,0.0
45443,16,0,2348.2,4,2024-05-31,2024-05-31 16:00:00,2024-05-31 16:00:00,GCQ24.csv,184,GCQ24.csv,-2.0,2348.2,2348.2,4696.4,4696.4,-0.0
45443,16,30,2348.8,0,2024-05-31,2024-05-31 16:30:00,2024-05-31 16:30:00,GCQ24.csv,26,GCQ24.csv,-4.0,2348.8,2348.8,9395.2,9395.2,-0.0
