day,hour,min,price,inventory,date,timestamp,minute,main_contract,main_volume,main_contract_clean,signal,opti_price,filled_price,benchmark_amount,amount,slippage
45537,9,30,68.105,-4,2024-09-02,2024-09-02 09:30:00,2024-09-02 09:30:00,JYU24.csv,588,JYU24.csv,-4.0,68.135,68.135,272.42,272.54,0.12000000000000455
45537,9,40,68.165,-6,2024-09-02,2024-09-02 09:40:00,2024-09-02 09:40:00,JYU24.csv,66,JYU24.csv,-2.0,68.17,68.17,136.33,136.34,0.009999999999990905
45537,9,50,68.2,-2,2024-09-02,2024-09-02 09:50:00,2024-09-02 09:50:00,JYU24.csv,117,JYU24.csv,4.0,68.195,68.195,272.8,272.78,0.020000000000038654
45537,10,0,68.18,0,2024-09-02,2024-09-02 10:00:00,2024-09-02 10:00:00,JYU24.csv,129,JYU24.csv,2.0,68.175,68.175,136.36,136.35,0.010000000000019327
45537,11,0,68.18,-2,2024-09-02,2024-09-02 11:00:00,2024-09-02 11:00:00,JYU24.csv,208,JYU24.csv,-2.0,68.19,68.19,136.36,136.38,0.01999999999998181
45537,13,0,68.245,0,2024-09-02,2024-09-02 13:00:00,2024-09-02 13:00:00,JYZ24.csv,120,JYU24.csv,2.0,68.24,68.24,136.49,136.48,0.010000000000019327
45538,2,30,68.53,-1,2024-09-03,2024-09-03 02:30:00,2024-09-03 02:30:00,JYU24.csv,202,JYU24.csv,-1.0,68.545,68.545,68.53,68.545,0.015000000000000568
45538,6,30,68.645,-5,2024-09-03,2024-09-03 06:30:00,2024-09-03 06:30:00,JYU24.csv,21,JYU24.csv,-4.0,68.645,68.645,274.58,274.58,-0.0
45538,8,0,68.54,-3,2024-09-03,2024-09-03 08:00:00,2024-09-03 08:00:00,JYU24.csv,153,JYU24.csv,2.0,68.545,68.545,137.08,137.09,-0.009999999999990905
45538,8,30,68.53,-2,2024-09-03,2024-09-03 08:30:00,2024-09-03 08:30:00,JYU24.csv,50,JYU24.csv,1.0,68.525,68.525,68.53,68.525,0.0049999999999954525
45538,8,40,68.61,-6,2024-09-03,2024-09-03 08:40:00,2024-09-03 08:40:00,JYU24.csv,102,JYU24.csv,-4.0,68.635,68.635,274.44,274.54,0.10000000000002274
45538,9,0,68.675,-2,2024-09-03,2024-09-03 09:00:00,2024-09-03 09:00:00,JYU24.csv,146,JYU24.csv,4.0,68.705,68.705,274.7,274.82,-0.12000000000000455
45538,9,10,68.745,0,2024-09-03,2024-09-03 09:10:00,2024-09-03 09:10:00,JYU24.csv,74,JYU24.csv,2.0,68.78,68.78,137.49,137.56,-0.06999999999999318
45538,9,20,68.785,-4,2024-09-03,2024-09-03 09:20:00,2024-09-03 09:20:00,JYU24.csv,246,JYU24.csv,-4.0,68.78999999999999,68.78999999999999,275.14,275.15999999999997,0.01999999999998181
45538,9,30,68.785,-6,2024-09-03,2024-09-03 09:30:00,2024-09-03 09:30:00,JYU24.csv,305,JYU24.csv,-2.0,68.755,68.755,137.57,137.51,-0.060000000000002274
45538,9,40,68.835,-2,2024-09-03,2024-09-03 09:40:00,2024-09-03 09:40:00,JYU24.csv,487,JYU24.csv,4.0,68.84,68.84,275.34,275.36,-0.020000000000038654
45538,10,0,69.035,-8,2024-09-03,2024-09-03 10:00:00,2024-09-03 10:00:00,JYU24.csv,2285,JYU24.csv,-6.0,68.895,68.895,414.21,413.37,-0.839999999999975
45538,10,10,68.945,-5,2024-09-03,2024-09-03 10:10:00,2024-09-03 10:10:00,JYU24.csv,334,JYU24.csv,3.0,68.95,68.95,206.83499999999998,206.85000000000002,-0.015000000000043201
45538,10,20,68.88,2,2024-09-03,2024-09-03 10:20:00,2024-09-03 10:20:00,JYU24.csv,162,JYU24.csv,7.0,68.885,68.885,482.15999999999997,482.19500000000005,-0.035000000000081855
45538,10,30,68.87,5,2024-09-03,2024-09-03 10:30:00,2024-09-03 10:30:00,JYU24.csv,340,JYU24.csv,3.0,68.855,68.855,206.61,206.565,0.045000000000015916
45538,10,40,68.925,-2,2024-09-03,2024-09-03 10:40:00,2024-09-03 10:40:00,JYU24.csv,290,JYU24.csv,-7.0,68.905,68.905,482.47499999999997,482.33500000000004,-0.13999999999992951
45538,10,50,68.91,-4,2024-09-03,2024-09-03 10:50:00,2024-09-03 10:50:00,JYU24.csv,122,JYU24.csv,-2.0,68.89999999999999,68.89999999999999,137.82,137.79999999999998,-0.020000000000010232
45538,11,0,68.83,-6,2024-09-03,2024-09-03 11:00:00,2024-09-03 11:00:00,JYU24.csv,884,JYU24.csv,-2.0,68.82,68.82,137.66,137.64,-0.020000000000010232
45538,11,10,68.755,0,2024-09-03,2024-09-03 11:10:00,2024-09-03 11:10:00,JYU24.csv,373,JYU24.csv,6.0,68.74000000000001,68.74000000000001,412.53,412.44000000000005,0.08999999999991815
45538,11,20,68.71,-2,2024-09-03,2024-09-03 11:20:00,2024-09-03 11:20:00,JYU24.csv,386,JYU24.csv,-2.0,68.75,68.75,137.42,137.5,0.0800000000000125
45538,11,30,68.72,-8,2024-09-03,2024-09-03 11:30:00,2024-09-03 11:30:00,JYU24.csv,183,JYU24.csv,-6.0,68.74,68.74,412.32,412.43999999999994,0.1199999999999477
45538,11,40,68.665,-6,2024-09-03,2024-09-03 11:40:00,2024-09-03 11:40:00,JYU24.csv,96,JYU24.csv,2.0,68.67,68.67,137.33,137.34,-0.009999999999990905
45538,13,0,68.735,-2,2024-09-03,2024-09-03 13:00:00,2024-09-03 13:00:00,JYU24.csv,114,JYU24.csv,4.0,68.73,68.73,274.94,274.92,0.01999999999998181
45539,8,0,69.135,-3,2024-09-04,2024-09-04 08:00:00,2024-09-04 08:00:00,JYU24.csv,101,JYU24.csv,-1.0,69.115,69.115,69.135,69.115,-0.020000000000010232
45539,8,50,69.0,-5,2024-09-04,2024-09-04 08:50:00,2024-09-04 08:50:00,JYU24.csv,120,JYU24.csv,-2.0,69.005,69.005,138.0,138.01,0.009999999999990905
45539,9,0,69.065,-8,2024-09-04,2024-09-04 09:00:00,2024-09-04 09:00:00,JYU24.csv,77,JYU24.csv,-3.0,69.025,69.025,207.195,207.07500000000002,-0.11999999999997613
45539,9,10,69.05,-2,2024-09-04,2024-09-04 09:10:00,2024-09-04 09:10:00,JYU24.csv,110,JYU24.csv,6.0,69.105,69.105,414.29999999999995,414.63,-0.3300000000000409
45539,9,20,69.095,1,2024-09-04,2024-09-04 09:20:00,2024-09-04 09:20:00,JYU24.csv,29,JYU24.csv,3.0,69.115,69.115,207.285,207.34499999999997,-0.05999999999997385
45539,9,30,69.15,0,2024-09-04,2024-09-04 09:30:00,2024-09-04 09:30:00,JYU24.csv,356,JYU24.csv,-1.0,69.145,69.145,69.15,69.145,-0.005000000000009663
45539,9,40,69.16,5,2024-09-04,2024-09-04 09:40:00,2024-09-04 09:40:00,JYU24.csv,301,JYU24.csv,5.0,69.17,69.17,345.79999999999995,345.85,-0.05000000000006821
45539,9,50,69.19,2,2024-09-04,2024-09-04 09:50:00,2024-09-04 09:50:00,JYU24.csv,403,JYU24.csv,-3.0,69.18,69.18,207.57,207.54000000000002,-0.029999999999972715
45539,10,0,69.2,-3,2024-09-04,2024-09-04 10:00:00,2024-09-04 10:00:00,JYU24.csv,5412,JYU24.csv,-5.0,69.41,69.41,346.0,347.04999999999995,1.0499999999999545
45539,10,20,69.445,-6,2024-09-04,2024-09-04 10:20:00,2024-09-04 10:20:00,JYU24.csv,324,JYU24.csv,-3.0,69.47,69.47,208.33499999999998,208.41,0.07500000000001705
45539,10,40,69.525,-5,2024-09-04,2024-09-04 10:40:00,2024-09-04 10:40:00,JYU24.csv,407,JYU24.csv,1.0,69.47500000000001,69.47500000000001,69.525,69.47500000000001,0.04999999999999716
45539,11,0,69.51,-7,2024-09-04,2024-09-04 11:00:00,2024-09-04 11:00:00,JYU24.csv,395,JYU24.csv,-2.0,69.46,69.46,139.02,138.92,-0.10000000000002274
45539,11,10,69.43,-2,2024-09-04,2024-09-04 11:10:00,2024-09-04 11:10:00,JYU24.csv,128,JYU24.csv,5.0,69.43,69.43,347.15000000000003,347.15000000000003,0.0
45539,11,30,69.415,-7,2024-09-04,2024-09-04 11:30:00,2024-09-04 11:30:00,JYU24.csv,531,JYU24.csv,-5.0,69.445,69.445,347.07500000000005,347.22499999999997,0.14999999999992042
45539,13,0,69.545,-3,2024-09-04,2024-09-04 13:00:00,2024-09-04 13:00:00,JYU24.csv,74,JYU24.csv,4.0,69.55000000000001,69.55000000000001,278.18,278.20000000000005,-0.020000000000038654
45540,6,30,69.77,-6,2024-09-05,2024-09-05 06:30:00,2024-09-05 06:30:00,JYU24.csv,33,JYU24.csv,-3.0,69.775,69.775,209.31,209.32500000000002,0.01500000000001478
45540,8,0,69.805,0,2024-09-05,2024-09-05 08:00:00,2024-09-05 08:00:00,JYU24.csv,150,JYU24.csv,6.0,69.83,69.83,418.83000000000004,418.98,-0.14999999999997726
45540,9,0,69.975,-2,2024-09-05,2024-09-05 09:00:00,2024-09-05 09:00:00,JYU24.csv,307,JYU24.csv,-2.0,70.005,70.005,139.95,140.01,0.060000000000002274
45540,9,20,69.915,0,2024-09-05,2024-09-05 09:20:00,2024-09-05 09:20:00,JYU24.csv,128,JYU24.csv,2.0,69.9,69.9,139.83,139.8,0.030000000000001137
45540,9,40,69.935,-2,2024-09-05,2024-09-05 09:40:00,2024-09-05 09:40:00,JYU24.csv,168,JYU24.csv,-2.0,69.92,69.92,139.87,139.84,-0.030000000000001137
45540,10,10,69.735,0,2024-09-05,2024-09-05 10:10:00,2024-09-05 10:10:00,JYU24.csv,295,JYU24.csv,2.0,69.775,69.775,139.47,139.55,-0.0800000000000125
45540,10,30,69.64,4,2024-09-05,2024-09-05 10:30:00,2024-09-05 10:30:00,JYU24.csv,355,JYU24.csv,4.0,69.57000000000001,69.57000000000001,278.56,278.28000000000003,0.2799999999999727
45540,10,50,69.525,1,2024-09-05,2024-09-05 10:50:00,2024-09-05 10:50:00,JYU24.csv,539,JYU24.csv,-3.0,69.55499999999999,69.55499999999999,208.57500000000002,208.66499999999996,0.08999999999994657
45540,11,0,69.57,0,2024-09-05,2024-09-05 11:00:00,2024-09-05 11:00:00,JYU24.csv,764,JYU24.csv,-1.0,69.55499999999999,69.55499999999999,69.57,69.55499999999999,-0.015000000000000568
45540,11,10,69.53,4,2024-09-05,2024-09-05 11:10:00,2024-09-05 11:10:00,JYU24.csv,363,JYU24.csv,4.0,69.605,69.605,278.12,278.42,-0.30000000000001137
45540,11,20,69.625,1,2024-09-05,2024-09-05 11:20:00,2024-09-05 11:20:00,JYU24.csv,115,JYU24.csv,-3.0,69.69,69.69,208.875,209.07,0.19499999999999318
45540,11,30,69.695,-5,2024-09-05,2024-09-05 11:30:00,2024-09-05 11:30:00,JYU24.csv,242,JYU24.csv,-6.0,69.71499999999999,69.71499999999999,418.16999999999996,418.28999999999996,0.12000000000000455
45540,11,40,69.755,-2,2024-09-05,2024-09-05 11:40:00,2024-09-05 11:40:00,JYU24.csv,377,JYU24.csv,3.0,69.76,69.76,209.265,209.28000000000003,-0.015000000000043201
45540,11,50,69.765,0,2024-09-05,2024-09-05 11:50:00,2024-09-05 11:50:00,JYU24.csv,214,JYU24.csv,2.0,69.795,69.795,139.53,139.59,-0.060000000000002274
45540,12,0,69.815,-3,2024-09-05,2024-09-05 12:00:00,2024-09-05 12:00:00,JYU24.csv,257,JYU24.csv,-3.0,69.795,69.795,209.445,209.385,-0.060000000000002274
45540,12,20,69.825,0,2024-09-05,2024-09-05 12:20:00,2024-09-05 12:20:00,JYU24.csv,155,JYU24.csv,3.0,69.79,69.79,209.47500000000002,209.37,0.10500000000001819
45540,13,0,69.815,1,2024-09-05,2024-09-05 13:00:00,2024-09-05 13:00:00,JYU24.csv,140,JYU24.csv,1.0,69.855,69.855,69.815,69.855,-0.04000000000000625
45541,6,30,70.05,-3,2024-09-06,2024-09-06 06:30:00,2024-09-06 06:30:00,JYU24.csv,14,JYU24.csv,-4.0,70.05499999999999,70.05499999999999,280.2,280.21999999999997,0.01999999999998181
45541,8,0,69.98,-4,2024-09-06,2024-09-06 08:00:00,2024-09-06 08:00:00,JYU24.csv,190,JYU24.csv,-1.0,69.98,69.98,69.98,69.98,-0.0
45541,8,50,70.125,-6,2024-09-06,2024-09-06 08:50:00,2024-09-06 08:50:00,JYU24.csv,617,JYU24.csv,-2.0,70.13,70.13,140.25,140.26,0.009999999999990905
45541,9,0,70.02,-8,2024-09-06,2024-09-06 09:00:00,2024-09-06 09:00:00,JYU24.csv,351,JYU24.csv,-2.0,70.02499999999999,70.02499999999999,140.04,140.04999999999998,0.009999999999990905
45541,9,10,69.875,-9,2024-09-06,2024-09-06 09:10:00,2024-09-06 09:10:00,JYU24.csv,536,JYU24.csv,-1.0,69.88,69.88,69.875,69.88,0.0049999999999954525
45541,9,30,69.87,-6,2024-09-06,2024-09-06 09:30:00,2024-09-06 09:30:00,JYU24.csv,316,JYU24.csv,3.0,69.86500000000001,69.86500000000001,209.61,209.59500000000003,0.014999999999986358
45541,9,50,69.595,-7,2024-09-06,2024-09-06 09:50:00,2024-09-06 09:50:00,JYU24.csv,583,JYU24.csv,-1.0,69.6,69.6,69.595,69.6,0.0049999999999954525
45541,10,10,69.89,-6,2024-09-06,2024-09-06 10:10:00,2024-09-06 10:10:00,JYU24.csv,766,JYU24.csv,1.0,69.885,70.085,69.89,70.085,-0.19499999999999318
45541,10,20,70.05,-8,2024-09-06,2024-09-06 10:20:00,2024-09-06 10:20:00,JYU24.csv,1250,JYU24.csv,-2.0,70.05499999999999,70.05499999999999,140.1,140.10999999999999,0.009999999999990905
45541,10,30,70.195,-4,2024-09-06,2024-09-06 10:30:00,2024-09-06 10:30:00,JYU24.csv,573,JYU24.csv,4.0,70.19,70.19,280.78,280.76,0.01999999999998181
45541,10,40,70.315,-2,2024-09-06,2024-09-06 10:40:00,2024-09-06 10:40:00,JYU24.csv,526,JYU24.csv,2.0,70.31,70.31,140.63,140.62,0.009999999999990905
45541,10,50,70.345,-3,2024-09-06,2024-09-06 10:50:00,2024-09-06 10:50:00,JYU24.csv,223,JYU24.csv,-1.0,70.35,70.35,70.345,70.35,0.0049999999999954525
45541,11,0,70.28,-7,2024-09-06,2024-09-06 11:00:00,2024-09-06 11:00:00,JYU24.csv,8336,JYU24.csv,-4.0,70.285,70.285,281.12,281.14,0.01999999999998181
45541,11,10,70.175,-1,2024-09-06,2024-09-06 11:10:00,2024-09-06 11:10:00,JYU24.csv,749,JYU24.csv,6.0,70.17,70.17,421.04999999999995,421.02,0.029999999999972715
45541,11,20,70.54,-2,2024-09-06,2024-09-06 11:20:00,2024-09-06 11:20:00,JYU24.csv,567,JYU24.csv,-1.0,70.545,70.38,70.54,70.38,-0.1600000000000108
45541,11,30,70.455,-7,2024-09-06,2024-09-06 11:30:00,2024-09-06 11:30:00,JYU24.csv,343,JYU24.csv,-5.0,70.46,70.34,352.275,351.70000000000005,-0.5749999999999318
45541,11,40,70.335,-6,2024-09-06,2024-09-06 11:40:00,2024-09-06 11:40:00,JYU24.csv,324,JYU24.csv,1.0,70.33,70.33,70.335,70.33,0.0049999999999954525
45541,13,0,70.28,-2,2024-09-06,2024-09-06 13:00:00,2024-09-06 13:00:00,JYU24.csv,121,JYU24.csv,4.0,70.275,70.275,281.12,281.1,0.01999999999998181
45541,16,15,70.31,0,2024-09-06,2024-09-06 16:15:00,2024-09-06 16:15:00,JYU24.csv,12,JYU24.csv,2.0,70.325,70.325,140.62,140.65,-0.030000000000001137
45544,6,30,69.655,-7,2024-09-09,2024-09-09 06:30:00,2024-09-09 06:30:00,JYU24.csv,105,JYU24.csv,-7.0,69.66,69.66,487.58500000000004,487.62,0.03499999999996817
45544,8,0,69.71,-5,2024-09-09,2024-09-09 08:00:00,2024-09-09 08:00:00,JYU24.csv,75,JYU24.csv,2.0,69.71,69.71,139.42,139.42,0.0
45544,10,0,70.105,-6,2024-09-09,2024-09-09 10:00:00,2024-09-09 10:00:00,JYU24.csv,498,JYU24.csv,-1.0,70.11,70.11,70.105,70.11,0.0049999999999954525
45544,10,20,70.095,-5,2024-09-09,2024-09-09 10:20:00,2024-09-09 10:20:00,JYU24.csv,165,JYU24.csv,1.0,70.09,70.09,70.095,70.09,0.0049999999999954525
45544,10,30,70.14,2,2024-09-09,2024-09-09 10:30:00,2024-09-09 10:30:00,JYU24.csv,727,JYU24.csv,7.0,70.135,70.135,490.98,490.94500000000005,0.03499999999996817
45544,11,0,70.135,-2,2024-09-09,2024-09-09 11:00:00,2024-09-09 11:00:00,JYU24.csv,329,JYU24.csv,-4.0,70.14,70.14,280.54,280.56,0.01999999999998181
45544,11,10,70.055,3,2024-09-09,2024-09-09 11:10:00,2024-09-09 11:10:00,JYU24.csv,118,JYU24.csv,5.0,70.05000000000001,70.11,350.27500000000003,350.55,-0.27499999999997726
45544,11,20,70.125,1,2024-09-09,2024-09-09 11:20:00,2024-09-09 11:20:00,JYU24.csv,80,JYU24.csv,-2.0,70.13,70.015,140.25,140.03,-0.21999999999999886
45544,11,30,70.025,2,2024-09-09,2024-09-09 11:30:00,2024-09-09 11:30:00,JYU24.csv,217,JYU24.csv,1.0,70.02000000000001,70.02000000000001,70.025,70.02000000000001,0.0049999999999954525
45544,11,40,70.05,4,2024-09-09,2024-09-09 11:40:00,2024-09-09 11:40:00,JYU24.csv,155,JYU24.csv,2.0,70.045,70.045,140.1,140.09,0.009999999999990905
45544,11,50,70.015,-2,2024-09-09,2024-09-09 11:50:00,2024-09-09 11:50:00,JYU24.csv,78,JYU24.csv,-6.0,70.02,70.02,420.09000000000003,420.12,0.029999999999972715
45544,13,0,70.06,2,2024-09-09,2024-09-09 13:00:00,2024-09-09 13:00:00,JYU24.csv,45,JYU24.csv,4.0,70.055,70.055,280.24,280.22,0.01999999999998181
45545,2,30,69.865,3,2024-09-10,2024-09-10 02:30:00,2024-09-10 02:30:00,JYU24.csv,55,JYU24.csv,1.0,69.87,69.87,69.865,69.87,-0.005000000000009663
45545,8,0,69.93,-3,2024-09-10,2024-09-10 08:00:00,2024-09-10 08:00:00,JYU24.csv,64,JYU24.csv,-6.0,69.9,69.9,419.58000000000004,419.40000000000003,-0.18000000000000682
45545,8,30,70.01,-4,2024-09-10,2024-09-10 08:30:00,2024-09-10 08:30:00,JYU24.csv,189,JYU24.csv,-1.0,70.065,70.065,70.01,70.065,0.05499999999999261
45545,8,50,70.09,-6,2024-09-10,2024-09-10 08:50:00,2024-09-10 08:50:00,JYU24.csv,66,JYU24.csv,-2.0,70.065,70.065,140.18,140.13,-0.05000000000001137
45545,9,0,70.055,-3,2024-09-10,2024-09-10 09:00:00,2024-09-10 09:00:00,JYU24.csv,158,JYU24.csv,3.0,70.05,70.05,210.16500000000002,210.14999999999998,0.015000000000043201
45545,9,10,70.025,-1,2024-09-10,2024-09-10 09:10:00,2024-09-10 09:10:00,JYU24.csv,145,JYU24.csv,2.0,70.025,70.025,140.05,140.05,0.0
45545,10,20,70.205,-2,2024-09-10,2024-09-10 10:20:00,2024-09-10 10:20:00,JYU24.csv,652,JYU24.csv,-1.0,70.185,70.185,70.205,70.185,-0.01999999999999602
45545,10,30,70.145,2,2024-09-10,2024-09-10 10:30:00,2024-09-10 10:30:00,JYU24.csv,376,JYU24.csv,4.0,70.165,70.165,280.58,280.66,-0.08000000000004093
45545,10,40,70.175,3,2024-09-10,2024-09-10 10:40:00,2024-09-10 10:40:00,JYU24.csv,460,JYU24.csv,1.0,70.14500000000001,70.14500000000001,70.175,70.14500000000001,0.029999999999986926
45545,10,50,70.125,-1,2024-09-10,2024-09-10 10:50:00,2024-09-10 10:50:00,JYU24.csv,422,JYU24.csv,-4.0,70.175,70.175,280.5,280.7,0.19999999999998863
45545,11,0,70.13,-2,2024-09-10,2024-09-10 11:00:00,2024-09-10 11:00:00,JYU24.csv,603,JYU24.csv,-1.0,70.14999999999999,70.14999999999999,70.13,70.14999999999999,0.01999999999999602
45545,11,50,70.27,-3,2024-09-10,2024-09-10 11:50:00,2024-09-10 11:50:00,JYU24.csv,245,JYU24.csv,-1.0,70.31,70.31,70.27,70.31,0.04000000000000625
45545,12,10,70.32,-2,2024-09-10,2024-09-10 12:10:00,2024-09-10 12:10:00,JYU24.csv,89,JYU24.csv,1.0,70.31,70.31,70.32,70.31,0.009999999999990905
45545,13,0,70.255,-1,2024-09-10,2024-09-10 13:00:00,2024-09-10 13:00:00,JYU24.csv,106,JYU24.csv,1.0,70.25,70.25,70.255,70.25,0.0049999999999954525
45546,6,30,70.695,-4,2024-09-11,2024-09-11 06:30:00,2024-09-11 06:30:00,JYU24.csv,108,JYU24.csv,-3.0,70.69,70.69,212.08499999999998,212.07,-0.014999999999986358
45546,8,0,70.625,-1,2024-09-11,2024-09-11 08:00:00,2024-09-11 08:00:00,JYU24.csv,249,JYU24.csv,3.0,70.58,70.58,211.875,211.74,0.1349999999999909
45546,8,40,70.28,2,2024-09-11,2024-09-11 08:40:00,2024-09-11 08:40:00,JYU24.csv,715,JYU24.csv,3.0,70.25,70.25,210.84,210.75,0.09000000000000341
45546,9,0,70.32,-2,2024-09-11,2024-09-11 09:00:00,2024-09-11 09:00:00,JYU24.csv,482,JYU24.csv,-4.0,70.33999999999999,70.325,281.28,281.3,0.020000000000038654
45546,9,20,70.39,-1,2024-09-11,2024-09-11 09:20:00,2024-09-11 09:20:00,JYZ24.csv,134,JYU24.csv,1.0,70.405,70.405,70.39,70.405,-0.015000000000000568
45546,9,30,70.31,-5,2024-09-11,2024-09-11 09:30:00,2024-09-11 09:30:00,JYU24.csv,697,JYU24.csv,-4.0,70.30499999999999,70.30499999999999,281.24,281.21999999999997,-0.020000000000038654
45546,9,40,70.36,-6,2024-09-11,2024-09-11 09:40:00,2024-09-11 09:40:00,JYU24.csv,362,JYU24.csv,-1.0,70.425,70.425,70.36,70.425,0.06499999999999773
45546,9,50,70.49,-2,2024-09-11,2024-09-11 09:50:00,2024-09-11 09:50:00,JYU24.csv,278,JYU24.csv,4.0,70.515,70.515,281.96,282.06,-0.10000000000002274
45546,10,20,70.815,-5,2024-09-11,2024-09-11 10:20:00,2024-09-11 10:20:00,JYU24.csv,491,JYU24.csv,-3.0,70.8,70.8,212.445,212.39999999999998,-0.045000000000015916
45546,10,30,70.755,1,2024-09-11,2024-09-11 10:30:00,2024-09-11 10:30:00,JYU24.csv,423,JYU24.csv,6.0,70.75500000000001,70.75500000000001,424.53,424.5300000000001,-1.1368683772161603e-13
45546,10,40,70.74,4,2024-09-11,2024-09-11 10:40:00,2024-09-11 10:40:00,JYU24.csv,220,JYU24.csv,3.0,70.74000000000001,70.74000000000001,212.21999999999997,212.22000000000003,-5.684341886080802e-14
45546,10,50,70.825,-2,2024-09-11,2024-09-11 10:50:00,2024-09-11 10:50:00,JYU24.csv,409,JYU24.csv,-6.0,70.83,70.83,424.95000000000005,424.98,0.029999999999972715
45546,11,0,70.77,-6,2024-09-11,2024-09-11 11:00:00,2024-09-11 11:00:00,JYU24.csv,681,JYU24.csv,-4.0,70.765,70.765,283.08,283.06,-0.01999999999998181
45546,11,10,70.72,-3,2024-09-11,2024-09-11 11:10:00,2024-09-11 11:10:00,JYU24.csv,210,JYU24.csv,3.0,70.7,70.7,212.16,212.10000000000002,0.05999999999997385
45546,11,20,70.67,-5,2024-09-11,2024-09-11 11:20:00,2024-09-11 11:20:00,JYU24.csv,255,JYU24.csv,-2.0,70.71,70.71,141.34,141.42,0.07999999999998408
45546,11,30,70.755,-7,2024-09-11,2024-09-11 11:30:00,2024-09-11 11:30:00,JYU24.csv,81,JYU24.csv,-2.0,70.75999999999999,70.75999999999999,141.51,141.51999999999998,0.009999999999990905
45546,11,40,70.685,-5,2024-09-11,2024-09-11 11:40:00,2024-09-11 11:40:00,JYU24.csv,318,JYU24.csv,2.0,70.635,70.635,141.37,141.27,0.09999999999999432
45546,11,50,70.59,-3,2024-09-11,2024-09-11 11:50:00,2024-09-11 11:50:00,JYU24.csv,246,JYU24.csv,2.0,70.605,70.605,141.18,141.21,-0.030000000000001137
45546,12,0,70.605,-5,2024-09-11,2024-09-11 12:00:00,2024-09-11 12:00:00,JYU24.csv,153,JYU24.csv,-2.0,70.595,70.595,141.21,141.19,-0.020000000000010232
45546,12,20,70.49,-3,2024-09-11,2024-09-11 12:20:00,2024-09-11 12:20:00,JYU24.csv,191,JYU24.csv,2.0,70.465,70.465,140.98,140.93,0.04999999999998295
45546,13,0,70.5,1,2024-09-11,2024-09-11 13:00:00,2024-09-11 13:00:00,JYU24.csv,90,JYU24.csv,4.0,70.455,70.455,282.0,281.82,0.18000000000000682
45547,8,0,70.155,-2,2024-09-12,2024-09-12 08:00:00,2024-09-12 08:00:00,JYU24.csv,120,JYZ24.csv,-3.0,71.05,71.05,210.465,213.14999999999998,2.684999999999974
45547,9,0,70.385,-1,2024-09-12,2024-09-12 09:00:00,2024-09-12 09:00:00,JYU24.csv,381,JYU24.csv,1.0,70.415,70.415,70.385,70.415,-0.030000000000001137
45547,9,10,70.4,-3,2024-09-12,2024-09-12 09:10:00,2024-09-12 09:10:00,JYU24.csv,214,JYU24.csv,-2.0,70.38,70.38,140.8,140.76,-0.040000000000020464
45547,9,20,70.325,-1,2024-09-12,2024-09-12 09:20:00,2024-09-12 09:20:00,JYZ24.csv,216,JYZ24.csv,2.0,71.145,71.145,140.65,142.29,-1.6399999999999864
45547,9,30,70.305,1,2024-09-12,2024-09-12 09:30:00,2024-09-12 09:30:00,JYZ24.csv,324,JYU24.csv,2.0,70.235,70.235,140.61,140.47,0.14000000000001478
45547,9,40,70.315,-1,2024-09-12,2024-09-12 09:40:00,2024-09-12 09:40:00,JYU24.csv,244,JYU24.csv,-2.0,70.42,70.42,140.63,140.84,0.21000000000000796
45547,10,0,70.42,-4,2024-09-12,2024-09-12 10:00:00,2024-09-12 10:00:00,JYU24.csv,296,JYU24.csv,-3.0,70.36999999999999,70.36999999999999,211.26,211.10999999999996,-0.1500000000000341
45547,10,10,70.33,-1,2024-09-12,2024-09-12 10:10:00,2024-09-12 10:10:00,JYU24.csv,307,JYU24.csv,3.0,70.235,70.235,210.99,210.70499999999998,0.285000000000025
45547,10,20,70.245,2,2024-09-12,2024-09-12 10:20:00,2024-09-12 10:20:00,JYU24.csv,308,JYU24.csv,3.0,70.245,70.245,210.735,210.735,0.0
45547,10,30,70.25,-1,2024-09-12,2024-09-12 10:30:00,2024-09-12 10:30:00,JYZ24.csv,111,JYZ24.csv,-3.0,71.1,71.1,210.75,213.29999999999998,2.549999999999983
45547,11,0,70.195,-3,2024-09-12,2024-09-12 11:00:00,2024-09-12 11:00:00,JYU24.csv,349,JYU24.csv,-2.0,70.17,70.17,140.39,140.34,-0.04999999999998295
45547,13,0,70.18,-1,2024-09-12,2024-09-12 13:00:00,2024-09-12 13:00:00,JYU24.csv,95,JYU24.csv,2.0,70.245,70.245,140.36,140.49,-0.12999999999999545
45548,6,30,72.03,-5,2024-09-13,2024-09-13 06:30:00,2024-09-13 06:30:00,JYZ24.csv,55,JYZ24.csv,-4.0,72.06,72.06,288.12,288.24,0.12000000000000455
45548,8,0,71.89,-9,2024-09-13,2024-09-13 08:00:00,2024-09-13 08:00:00,JYZ24.csv,333,JYZ24.csv,-4.0,71.83,71.83,287.56,287.32,-0.2400000000000091
45548,9,0,71.95,-3,2024-09-13,2024-09-13 09:00:00,2024-09-13 09:00:00,JYZ24.csv,310,JYZ24.csv,6.0,71.985,71.985,431.70000000000005,431.90999999999997,-0.2099999999999227
45548,9,10,72.025,0,2024-09-13,2024-09-13 09:10:00,2024-09-13 09:10:00,JYZ24.csv,275,JYZ24.csv,3.0,72.02,72.02,216.07500000000002,216.06,0.01500000000001478
45548,9,20,72.075,-6,2024-09-13,2024-09-13 09:20:00,2024-09-13 09:20:00,JYZ24.csv,256,JYZ24.csv,-6.0,72.13,72.13,432.45000000000005,432.78,0.32999999999992724
45548,9,30,72.085,-7,2024-09-13,2024-09-13 09:30:00,2024-09-13 09:30:00,JYZ24.csv,302,JYZ24.csv,-1.0,72.02,72.02,72.085,72.02,-0.06499999999999773
45548,9,50,72.09,-9,2024-09-13,2024-09-13 09:50:00,2024-09-13 09:50:00,JYZ24.csv,927,JYZ24.csv,-2.0,72.10499999999999,72.10499999999999,144.18,144.20999999999998,0.029999999999972715
45548,10,30,72.02,-2,2024-09-13,2024-09-13 10:30:00,2024-09-13 10:30:00,JYZ24.csv,254,JYZ24.csv,7.0,71.99000000000001,71.99000000000001,504.14,503.93000000000006,0.2099999999999227
45548,11,0,71.99,-6,2024-09-13,2024-09-13 11:00:00,2024-09-13 11:00:00,JYZ24.csv,253,JYZ24.csv,-4.0,72.005,72.005,287.96,288.02,0.060000000000002274
45548,11,10,72.025,-10,2024-09-13,2024-09-13 11:10:00,2024-09-13 11:10:00,JYZ24.csv,124,JYZ24.csv,-4.0,72.07499999999999,72.07499999999999,288.1,288.29999999999995,0.1999999999999318
45548,11,50,72.015,-9,2024-09-13,2024-09-13 11:50:00,2024-09-13 11:50:00,JYZ24.csv,99,JYZ24.csv,1.0,71.99000000000001,71.99000000000001,72.015,71.99000000000001,0.024999999999991473
45548,13,0,71.9,-5,2024-09-13,2024-09-13 13:00:00,2024-09-13 13:00:00,JYZ24.csv,139,JYZ24.csv,4.0,71.895,71.895,287.6,287.58,0.020000000000038654
45548,16,15,71.83,0,2024-09-13,2024-09-13 16:15:00,2024-09-13 16:15:00,JYZ24.csv,21,JYZ24.csv,5.0,71.84,71.84,359.15,359.20000000000005,-0.05000000000006821
45551,6,30,72.255,-3,2024-09-16,2024-09-16 06:30:00,2024-09-16 06:30:00,JYZ24.csv,82,JYZ24.csv,-3.0,72.28999999999999,72.28999999999999,216.765,216.86999999999998,0.10499999999998977
45551,8,0,72.365,-5,2024-09-16,2024-09-16 08:00:00,2024-09-16 08:00:00,JYZ24.csv,307,JYZ24.csv,-2.0,72.35,72.35,144.73,144.7,-0.030000000000001137
45551,8,40,72.165,-6,2024-09-16,2024-09-16 08:40:00,2024-09-16 08:40:00,JYZ24.csv,765,JYZ24.csv,-1.0,72.10499999999999,72.10499999999999,72.165,72.10499999999999,-0.060000000000016485
45551,9,0,72.185,-7,2024-09-16,2024-09-16 09:00:00,2024-09-16 09:00:00,JYZ24.csv,267,JYZ24.csv,-1.0,72.16,72.16,72.185,72.16,-0.025000000000005684
45551,9,20,72.105,-5,2024-09-16,2024-09-16 09:20:00,2024-09-16 09:20:00,JYZ24.csv,423,JYZ24.csv,2.0,72.09,72.09,144.21,144.18,0.030000000000001137
45551,10,10,71.95,-2,2024-09-16,2024-09-16 10:10:00,2024-09-16 10:10:00,JYZ24.csv,177,JYZ24.csv,3.0,72.005,72.005,215.85000000000002,216.015,-0.16499999999996362
45551,10,40,72.13,0,2024-09-16,2024-09-16 10:40:00,2024-09-16 10:40:00,JYZ24.csv,237,JYZ24.csv,2.0,72.085,72.085,144.26,144.17,0.09000000000000341
45551,11,0,72.075,-4,2024-09-16,2024-09-16 11:00:00,2024-09-16 11:00:00,JYZ24.csv,192,JYZ24.csv,-4.0,72.035,72.035,288.3,288.14,-0.160000000000025
45551,11,10,72.0,1,2024-09-16,2024-09-16 11:10:00,2024-09-16 11:10:00,JYZ24.csv,153,JYZ24.csv,5.0,72.005,72.005,360.0,360.025,-0.024999999999977263
45551,11,30,71.985,-4,2024-09-16,2024-09-16 11:30:00,2024-09-16 11:30:00,JYZ24.csv,178,JYZ24.csv,-5.0,71.905,71.905,359.925,359.525,-0.4000000000000341
45551,11,40,71.915,-6,2024-09-16,2024-09-16 11:40:00,2024-09-16 11:40:00,JYZ24.csv,168,JYZ24.csv,-2.0,71.905,71.905,143.83,143.81,-0.020000000000010232
45551,12,0,71.9,-4,2024-09-16,2024-09-16 12:00:00,2024-09-16 12:00:00,JYZ24.csv,177,JYZ24.csv,2.0,71.925,71.925,143.8,143.85,-0.04999999999998295
45551,13,0,71.975,-2,2024-09-16,2024-09-16 13:00:00,2024-09-16 13:00:00,JYZ24.csv,41,JYZ24.csv,2.0,71.985,71.985,143.95,143.97,-0.020000000000010232
45552,8,40,71.8,-4,2024-09-17,2024-09-17 08:40:00,2024-09-17 08:40:00,JYZ24.csv,381,JYZ24.csv,-2.0,71.825,71.825,143.6,143.65,0.05000000000001137
45552,9,0,71.795,-2,2024-09-17,2024-09-17 09:00:00,2024-09-17 09:00:00,JYZ24.csv,389,JYZ24.csv,2.0,71.71000000000001,71.71000000000001,143.59,143.42000000000002,0.1699999999999875
45552,9,30,71.705,-4,2024-09-17,2024-09-17 09:30:00,2024-09-17 09:30:00,JYZ24.csv,281,JYZ24.csv,-2.0,71.68,71.68,143.41,143.36,-0.04999999999998295
45552,9,50,71.55,-6,2024-09-17,2024-09-17 09:50:00,2024-09-17 09:50:00,JYZ24.csv,396,JYZ24.csv,-2.0,71.48,71.48,143.1,142.96,-0.13999999999998636
45552,10,10,71.475,-2,2024-09-17,2024-09-17 10:10:00,2024-09-17 10:10:00,JYZ24.csv,540,JYZ24.csv,4.0,71.42,71.42,285.9,285.68,0.21999999999997044
45552,10,50,71.355,1,2024-09-17,2024-09-17 10:50:00,2024-09-17 10:50:00,JYZ24.csv,334,JYZ24.csv,3.0,71.36,71.36,214.065,214.07999999999998,-0.014999999999986358
45552,11,0,71.435,0,2024-09-17,2024-09-17 11:00:00,2024-09-17 11:00:00,JYZ24.csv,1116,JYZ24.csv,-1.0,71.47,71.47,71.435,71.47,0.03499999999999659
45552,11,10,71.425,-3,2024-09-17,2024-09-17 11:10:00,2024-09-17 11:10:00,JYZ24.csv,229,JYZ24.csv,-3.0,71.485,71.485,214.27499999999998,214.45499999999998,0.18000000000000682
45552,13,0,71.405,-2,2024-09-17,2024-09-17 13:00:00,2024-09-17 13:00:00,JYZ24.csv,89,JYZ24.csv,1.0,71.37,71.37,71.405,71.37,0.03499999999999659
45553,6,30,71.485,-7,2024-09-18,2024-09-18 06:30:00,2024-09-18 06:30:00,JYZ24.csv,47,JYZ24.csv,-5.0,71.46,71.46,357.425,357.29999999999995,-0.12500000000005684
45553,8,0,71.34,-5,2024-09-18,2024-09-18 08:00:00,2024-09-18 08:00:00,JYZ24.csv,54,JYZ24.csv,2.0,71.34,71.34,142.68,142.68,0.0
45553,9,20,71.415,-6,2024-09-18,2024-09-18 09:20:00,2024-09-18 09:20:00,JYZ24.csv,55,JYZ24.csv,-1.0,71.38,71.38,71.415,71.38,-0.0350000000000108
45553,9,40,71.36,-5,2024-09-18,2024-09-18 09:40:00,2024-09-18 09:40:00,JYZ24.csv,54,JYZ24.csv,1.0,71.355,71.355,71.36,71.355,0.0049999999999954525
45553,10,20,71.345,-2,2024-09-18,2024-09-18 10:20:00,2024-09-18 10:20:00,JYZ24.csv,242,JYZ24.csv,3.0,71.355,71.355,214.035,214.065,-0.030000000000001137
45553,10,30,71.3,7,2024-09-18,2024-09-18 10:30:00,2024-09-18 10:30:00,JYZ24.csv,383,JYZ24.csv,9.0,71.30000000000001,71.30000000000001,641.6999999999999,641.7,-1.1368683772161603e-13
45553,10,40,71.325,4,2024-09-18,2024-09-18 10:40:00,2024-09-18 10:40:00,JYZ24.csv,51,JYZ24.csv,-3.0,71.33,71.33,213.97500000000002,213.99,0.014999999999986358
45553,10,50,71.295,0,2024-09-18,2024-09-18 10:50:00,2024-09-18 10:50:00,JYZ24.csv,370,JYZ24.csv,-4.0,71.25,71.25,285.18,285.0,-0.18000000000000682
45553,11,0,71.265,1,2024-09-18,2024-09-18 11:00:00,2024-09-18 11:00:00,JYZ24.csv,203,JYZ24.csv,1.0,71.30000000000001,71.30000000000001,71.265,71.30000000000001,-0.0350000000000108
45553,13,0,71.33,0,2024-09-18,2024-09-18 13:00:00,2024-09-18 13:00:00,JYZ24.csv,88,JYZ24.csv,-1.0,71.36,71.36,71.33,71.36,0.030000000000001137
45554,6,30,70.685,-2,2024-09-19,2024-09-19 06:30:00,2024-09-19 06:30:00,JYZ24.csv,98,JYZ24.csv,-2.0,70.635,70.635,141.37,141.27,-0.09999999999999432
45554,8,0,70.75,-6,2024-09-19,2024-09-19 08:00:00,2024-09-19 08:00:00,JYZ24.csv,211,JYZ24.csv,-4.0,70.75,70.75,283.0,283.0,-0.0
45554,9,0,70.33,-5,2024-09-19,2024-09-19 09:00:00,2024-09-19 09:00:00,JYZ24.csv,479,JYZ24.csv,1.0,70.39,70.39,70.33,70.39,-0.060000000000002274
45554,9,40,70.455,-3,2024-09-19,2024-09-19 09:40:00,2024-09-19 09:40:00,JYZ24.csv,341,JYZ24.csv,2.0,70.485,70.485,140.91,140.97,-0.060000000000002274
45554,10,0,70.55,-6,2024-09-19,2024-09-19 10:00:00,2024-09-19 10:00:00,JYZ24.csv,427,JYZ24.csv,-3.0,70.7,70.7,211.64999999999998,212.10000000000002,0.4500000000000455
45554,10,20,70.63,-3,2024-09-19,2024-09-19 10:20:00,2024-09-19 10:20:00,JYZ24.csv,111,JYZ24.csv,3.0,70.685,70.685,211.89,212.055,-0.16500000000002046
45554,10,30,70.69,-2,2024-09-19,2024-09-19 10:30:00,2024-09-19 10:30:00,JYZ24.csv,318,JYZ24.csv,1.0,70.66,70.66,70.69,70.66,0.030000000000001137
45554,10,50,70.77,-4,2024-09-19,2024-09-19 10:50:00,2024-09-19 10:50:00,JYZ24.csv,362,JYZ24.csv,-2.0,70.77,70.77,141.54,141.54,-0.0
45554,11,0,70.76,-7,2024-09-19,2024-09-19 11:00:00,2024-09-19 11:00:00,JYZ24.csv,418,JYZ24.csv,-3.0,70.755,70.755,212.28000000000003,212.265,-0.015000000000043201
45554,11,10,70.76,-4,2024-09-19,2024-09-19 11:10:00,2024-09-19 11:10:00,JYZ24.csv,87,JYZ24.csv,3.0,70.8,70.8,212.28000000000003,212.39999999999998,-0.1199999999999477
45554,13,0,70.695,-1,2024-09-19,2024-09-19 13:00:00,2024-09-19 13:00:00,JYZ24.csv,102,JYZ24.csv,3.0,70.7,70.7,212.08499999999998,212.10000000000002,-0.015000000000043201
45555,6,30,70.245,-7,2024-09-20,2024-09-20 06:30:00,2024-09-20 06:30:00,JYZ24.csv,270,JYZ24.csv,-6.0,70.235,70.235,421.47,421.40999999999997,-0.06000000000005912
45555,8,0,70.105,-4,2024-09-20,2024-09-20 08:00:00,2024-09-20 08:00:00,JYZ24.csv,1021,JYZ24.csv,3.0,70.135,70.135,210.315,210.40500000000003,-0.09000000000003183
45555,9,0,70.375,-6,2024-09-20,2024-09-20 09:00:00,2024-09-20 09:00:00,JYZ24.csv,164,JYZ24.csv,-2.0,70.4,70.4,140.75,140.8,0.05000000000001137
45555,9,20,70.445,-7,2024-09-20,2024-09-20 09:20:00,2024-09-20 09:20:00,JYZ24.csv,128,JYZ24.csv,-1.0,70.39,70.39,70.445,70.39,-0.05499999999999261
45555,9,30,70.285,-10,2024-09-20,2024-09-20 09:30:00,2024-09-20 09:30:00,JYZ24.csv,270,JYZ24.csv,-3.0,70.30499999999999,70.30499999999999,210.855,210.91499999999996,0.05999999999997385
45555,9,40,70.255,-6,2024-09-20,2024-09-20 09:40:00,2024-09-20 09:40:00,JYZ24.csv,183,JYZ24.csv,4.0,70.25,70.25,281.02,281.0,0.01999999999998181
45555,9,50,70.28,-3,2024-09-20,2024-09-20 09:50:00,2024-09-20 09:50:00,JYZ24.csv,341,JYZ24.csv,3.0,70.195,70.195,210.84,210.58499999999998,0.2550000000000239
45555,10,30,70.095,3,2024-09-20,2024-09-20 10:30:00,2024-09-20 10:30:00,JYZ24.csv,211,JYZ24.csv,6.0,70.11,70.11,420.57,420.65999999999997,-0.08999999999997499
45555,10,40,70.14,0,2024-09-20,2024-09-20 10:40:00,2024-09-20 10:40:00,JYZ24.csv,186,JYZ24.csv,-3.0,70.17500000000001,70.17500000000001,210.42000000000002,210.52500000000003,0.10500000000001819
45555,11,0,70.01,-2,2024-09-20,2024-09-20 11:00:00,2024-09-20 11:00:00,JYZ24.csv,1128,JYZ24.csv,-2.0,70.055,70.055,140.02,140.11,0.09000000000000341
45555,13,0,70.33,0,2024-09-20,2024-09-20 13:00:00,2024-09-20 13:00:00,JYZ24.csv,69,JYZ24.csv,2.0,70.28,70.28,140.66,140.56,0.09999999999999432
45558,6,30,70.515,-2,2024-09-23,2024-09-23 06:30:00,2024-09-23 06:30:00,JYZ24.csv,57,JYZ24.csv,-2.0,70.49,70.49,141.03,140.98,-0.05000000000001137
45558,8,0,70.405,1,2024-09-23,2024-09-23 08:00:00,2024-09-23 08:00:00,JYZ24.csv,83,JYZ24.csv,3.0,70.415,70.415,211.215,211.245,-0.030000000000001137
45558,9,0,70.32,-3,2024-09-23,2024-09-23 09:00:00,2024-09-23 09:00:00,JYZ24.csv,308,JYZ24.csv,-4.0,70.31,70.31,281.28,281.24,-0.03999999999996362
45558,9,40,70.32,-5,2024-09-23,2024-09-23 09:40:00,2024-09-23 09:40:00,JYZ24.csv,268,JYZ24.csv,-2.0,70.285,70.285,140.64,140.57,-0.06999999999999318
45558,9,50,70.18,-8,2024-09-23,2024-09-23 09:50:00,2024-09-23 09:50:00,JYZ24.csv,437,JYZ24.csv,-3.0,70.205,70.205,210.54000000000002,210.615,0.07499999999998863
45558,10,0,70.175,-1,2024-09-23,2024-09-23 10:00:00,2024-09-23 10:00:00,JYZ24.csv,271,JYZ24.csv,7.0,70.09,70.09,491.22499999999997,490.63,0.5949999999999704
45558,10,10,70.07,6,2024-09-23,2024-09-23 10:10:00,2024-09-23 10:10:00,JYZ24.csv,163,JYZ24.csv,7.0,70.075,70.075,490.48999999999995,490.52500000000003,-0.035000000000081855
45558,10,20,70.145,1,2024-09-23,2024-09-23 10:20:00,2024-09-23 10:20:00,JYZ24.csv,115,JYZ24.csv,-5.0,70.175,70.175,350.72499999999997,350.875,0.1500000000000341
45558,10,30,70.24,-1,2024-09-23,2024-09-23 10:30:00,2024-09-23 10:30:00,JYZ24.csv,177,JYZ24.csv,-2.0,70.28,70.28,140.48,140.56,0.0800000000000125
45558,10,40,70.29,1,2024-09-23,2024-09-23 10:40:00,2024-09-23 10:40:00,JYZ24.csv,101,JYZ24.csv,2.0,70.315,70.315,140.58,140.63,-0.04999999999998295
45558,11,0,70.32,-6,2024-09-23,2024-09-23 11:00:00,2024-09-23 11:00:00,JYZ24.csv,954,JYZ24.csv,-7.0,70.345,70.345,492.23999999999995,492.41499999999996,0.17500000000001137
45558,11,10,70.245,-1,2024-09-23,2024-09-23 11:10:00,2024-09-23 11:10:00,JYZ24.csv,116,JYZ24.csv,5.0,70.25,70.25,351.225,351.25,-0.024999999999977263
45558,11,30,70.275,-6,2024-09-23,2024-09-23 11:30:00,2024-09-23 11:30:00,JYZ24.csv,115,JYZ24.csv,-5.0,70.275,70.275,351.375,351.375,-0.0
45558,13,0,70.535,-1,2024-09-23,2024-09-23 13:00:00,2024-09-23 13:00:00,JYZ24.csv,131,JYZ24.csv,5.0,70.54,70.54,352.67499999999995,352.70000000000005,-0.02500000000009095
45559,6,30,70.135,-3,2024-09-24,2024-09-24 06:30:00,2024-09-24 06:30:00,JYZ24.csv,55,JYZ24.csv,-2.0,70.14,70.14,140.27,140.28,0.009999999999990905
45559,8,50,70.21,-5,2024-09-24,2024-09-24 08:50:00,2024-09-24 08:50:00,JYZ24.csv,104,JYZ24.csv,-2.0,70.21499999999999,70.21499999999999,140.42,140.42999999999998,0.009999999999990905
45559,9,0,70.22,-3,2024-09-24,2024-09-24 09:00:00,2024-09-24 09:00:00,JYZ24.csv,208,JYZ24.csv,2.0,70.215,70.215,140.44,140.43,0.009999999999990905
45559,9,10,70.19,-1,2024-09-24,2024-09-24 09:10:00,2024-09-24 09:10:00,JYZ24.csv,71,JYZ24.csv,2.0,70.185,70.185,140.38,140.37,0.009999999999990905
45559,10,20,70.44,-4,2024-09-24,2024-09-24 10:20:00,2024-09-24 10:20:00,JYZ24.csv,191,JYZ24.csv,-3.0,70.445,70.445,211.32,211.33499999999998,0.014999999999986358
45559,10,30,70.45,-2,2024-09-24,2024-09-24 10:30:00,2024-09-24 10:30:00,JYZ24.csv,612,JYZ24.csv,2.0,70.44500000000001,70.44500000000001,140.9,140.89000000000001,0.009999999999990905
45559,10,40,70.42,1,2024-09-24,2024-09-24 10:40:00,2024-09-24 10:40:00,JYZ24.csv,182,JYZ24.csv,3.0,70.415,70.415,211.26,211.245,0.014999999999986358
45559,11,0,70.37,-1,2024-09-24,2024-09-24 11:00:00,2024-09-24 11:00:00,JYZ24.csv,291,JYZ24.csv,-2.0,70.375,70.375,140.74,140.75,0.009999999999990905
45559,12,0,70.315,-2,2024-09-24,2024-09-24 12:00:00,2024-09-24 12:00:00,JYZ24.csv,77,JYZ24.csv,-1.0,70.32,70.32,70.315,70.32,0.0049999999999954525
45559,12,20,70.425,-1,2024-09-24,2024-09-24 12:20:00,2024-09-24 12:20:00,JYZ24.csv,61,JYZ24.csv,1.0,70.42,70.42,70.425,70.42,0.0049999999999954525
45559,13,0,70.47,1,2024-09-24,2024-09-24 13:00:00,2024-09-24 13:00:00,JYZ24.csv,39,JYZ24.csv,2.0,70.465,70.465,140.94,140.93,0.009999999999990905
45560,6,30,70.145,-5,2024-09-25,2024-09-25 06:30:00,2024-09-25 06:30:00,JYZ24.csv,76,JYZ24.csv,-6.0,70.10499999999999,70.10499999999999,420.87,420.62999999999994,-0.24000000000006594
45560,8,0,70.05,-4,2024-09-25,2024-09-25 08:00:00,2024-09-25 08:00:00,JYZ24.csv,106,JYZ24.csv,1.0,70.055,70.055,70.05,70.055,-0.005000000000009663
45560,9,0,70.095,-6,2024-09-25,2024-09-25 09:00:00,2024-09-25 09:00:00,JYZ24.csv,90,JYZ24.csv,-2.0,70.14,70.14,140.19,140.28,0.09000000000000341
45560,9,20,70.215,-7,2024-09-25,2024-09-25 09:20:00,2024-09-25 09:20:00,JYZ24.csv,179,JYZ24.csv,-1.0,70.225,70.225,70.215,70.225,0.009999999999990905
45560,9,40,70.245,-6,2024-09-25,2024-09-25 09:40:00,2024-09-25 09:40:00,JYZ24.csv,111,JYZ24.csv,1.0,70.17500000000001,70.17500000000001,70.245,70.17500000000001,0.06999999999999318
45560,10,0,70.17,-1,2024-09-25,2024-09-25 10:00:00,2024-09-25 10:00:00,JYZ24.csv,802,JYZ24.csv,5.0,70.11,70.11,350.85,350.55,0.30000000000001137
45560,10,20,70.07,-3,2024-09-25,2024-09-25 10:20:00,2024-09-25 10:20:00,JYZ24.csv,138,JYZ24.csv,-2.0,70.14999999999999,70.14999999999999,140.14,140.29999999999998,0.1599999999999966
45560,10,30,70.11,3,2024-09-25,2024-09-25 10:30:00,2024-09-25 10:30:00,JYZ24.csv,88,JYZ24.csv,6.0,70.165,70.165,420.65999999999997,420.99,-0.3300000000000409
45560,10,40,70.135,0,2024-09-25,2024-09-25 10:40:00,2024-09-25 10:40:00,JYZ24.csv,122,JYZ24.csv,-3.0,70.11999999999999,70.11999999999999,210.40500000000003,210.35999999999996,-0.04500000000007276
45560,11,0,70.025,-2,2024-09-25,2024-09-25 11:00:00,2024-09-25 11:00:00,JYZ24.csv,1308,JYZ24.csv,-2.0,70.02499999999999,70.02499999999999,140.05,140.04999999999998,-2.842170943040401e-14
45560,13,0,69.935,0,2024-09-25,2024-09-25 13:00:00,2024-09-25 13:00:00,JYZ24.csv,56,JYZ24.csv,2.0,69.94,69.94,139.87,139.88,-0.009999999999990905
45561,8,0,70.09,1,2024-09-26,2024-09-26 08:00:00,2024-09-26 08:00:00,JYZ24.csv,553,JYZ24.csv,1.0,70.06,70.06,70.09,70.06,0.030000000000001137
45561,8,40,69.815,3,2024-09-26,2024-09-26 08:40:00,2024-09-26 08:40:00,JYZ24.csv,430,JYZ24.csv,2.0,69.86,69.86,139.63,139.72,-0.09000000000000341
45561,9,0,69.885,0,2024-09-26,2024-09-26 09:00:00,2024-09-26 09:00:00,JYZ24.csv,192,JYZ24.csv,-3.0,69.86999999999999,69.86999999999999,209.65500000000003,209.60999999999996,-0.04500000000007276
45561,9,10,69.975,3,2024-09-26,2024-09-26 09:10:00,2024-09-26 09:10:00,JYZ24.csv,190,JYZ24.csv,3.0,69.945,69.945,209.92499999999998,209.83499999999998,0.09000000000000341
45561,9,30,69.925,0,2024-09-26,2024-09-26 09:30:00,2024-09-26 09:30:00,JYZ24.csv,266,JYZ24.csv,-3.0,69.94999999999999,69.94999999999999,209.77499999999998,209.84999999999997,0.07499999999998863
45561,10,10,69.74,4,2024-09-26,2024-09-26 10:10:00,2024-09-26 10:10:00,JYZ24.csv,208,JYZ24.csv,4.0,69.765,69.765,278.96,279.06,-0.10000000000002274
45561,10,30,69.655,3,2024-09-26,2024-09-26 10:30:00,2024-09-26 10:30:00,JYZ24.csv,352,JYZ24.csv,-1.0,69.67500000000001,69.67500000000001,69.655,69.67500000000001,0.020000000000010232
45561,10,50,69.84,-1,2024-09-26,2024-09-26 10:50:00,2024-09-26 10:50:00,JYZ24.csv,301,JYZ24.csv,-4.0,69.85000000000001,69.85000000000001,279.36,279.40000000000003,0.040000000000020464
45561,11,0,69.76,1,2024-09-26,2024-09-26 11:00:00,2024-09-26 11:00:00,JYZ24.csv,1111,JYZ24.csv,2.0,69.77,69.77,139.52,139.54,-0.01999999999998181
45561,11,10,69.735,2,2024-09-26,2024-09-26 11:10:00,2024-09-26 11:10:00,JYZ24.csv,74,JYZ24.csv,1.0,69.71499999999999,69.71499999999999,69.735,69.71499999999999,0.020000000000010232
45561,11,20,69.79,0,2024-09-26,2024-09-26 11:20:00,2024-09-26 11:20:00,JYZ24.csv,346,JYZ24.csv,-2.0,69.82499999999999,69.82499999999999,139.58,139.64999999999998,0.06999999999996476
45562,6,30,70.595,-2,2024-09-27,2024-09-27 06:30:00,2024-09-27 06:30:00,JYZ24.csv,139,JYZ24.csv,-2.0,70.64999999999999,70.64999999999999,141.19,141.29999999999998,0.10999999999998522
45562,9,0,70.885,-3,2024-09-27,2024-09-27 09:00:00,2024-09-27 09:00:00,JYZ24.csv,523,JYZ24.csv,-1.0,70.80499999999999,70.80499999999999,70.885,70.80499999999999,-0.0800000000000125
45562,9,20,70.785,-1,2024-09-27,2024-09-27 09:20:00,2024-09-27 09:20:00,JYZ24.csv,179,JYZ24.csv,2.0,70.72,70.72,141.57,141.44,0.12999999999999545
45562,9,40,70.795,-3,2024-09-27,2024-09-27 09:40:00,2024-09-27 09:40:00,JYZ24.csv,300,JYZ24.csv,-2.0,70.82499999999999,70.82499999999999,141.59,141.64999999999998,0.05999999999997385
45562,10,30,70.75,2,2024-09-27,2024-09-27 10:30:00,2024-09-27 10:30:00,JYZ24.csv,439,JYZ24.csv,5.0,70.77499999999999,70.77499999999999,353.75,353.87499999999994,-0.12499999999994316
45562,10,50,70.69,3,2024-09-27,2024-09-27 10:50:00,2024-09-27 10:50:00,JYZ24.csv,136,JYZ24.csv,1.0,70.71,70.71,70.69,70.71,-0.01999999999999602
45562,11,0,70.71,-2,2024-09-27,2024-09-27 11:00:00,2024-09-27 11:00:00,JYZ24.csv,516,JYZ24.csv,-5.0,70.69999999999999,70.69999999999999,353.54999999999995,353.49999999999994,-0.05000000000001137
45562,11,10,70.695,-6,2024-09-27,2024-09-27 11:10:00,2024-09-27 11:10:00,JYZ24.csv,75,JYZ24.csv,-4.0,70.63499999999999,70.63499999999999,282.78,282.53999999999996,-0.2400000000000091
45562,11,20,70.62,-7,2024-09-27,2024-09-27 11:20:00,2024-09-27 11:20:00,JYZ24.csv,114,JYZ24.csv,-1.0,70.63499999999999,70.63499999999999,70.62,70.63499999999999,0.014999999999986358
45562,11,30,70.695,-3,2024-09-27,2024-09-27 11:30:00,2024-09-27 11:30:00,JYZ24.csv,356,JYZ24.csv,4.0,70.71,70.71,282.78,282.84,-0.060000000000002274
45562,11,40,70.71,-2,2024-09-27,2024-09-27 11:40:00,2024-09-27 11:40:00,JYZ24.csv,90,JYZ24.csv,1.0,70.765,70.765,70.71,70.765,-0.05500000000000682
45562,11,50,70.825,-6,2024-09-27,2024-09-27 11:50:00,2024-09-27 11:50:00,JYZ24.csv,971,JYZ24.csv,-4.0,70.83,70.83,283.3,283.32,0.01999999999998181
45562,13,0,70.89,-1,2024-09-27,2024-09-27 13:00:00,2024-09-27 13:00:00,JYZ24.csv,100,JYZ24.csv,5.0,70.83,70.895,354.45,354.47499999999997,-0.024999999999977263
45562,16,15,71.02,0,2024-09-27,2024-09-27 16:15:00,2024-09-27 16:15:00,JYZ24.csv,21,JYZ24.csv,1.0,71.015,71.03,71.02,71.03,-0.010000000000005116
45565,6,30,70.77,-1,2024-09-30,2024-09-30 06:30:00,2024-09-30 06:30:00,JYZ24.csv,71,JYZ24.csv,-1.0,70.77499999999999,70.77499999999999,70.77,70.77499999999999,0.0049999999999954525
45565,8,0,70.86,-3,2024-09-30,2024-09-30 08:00:00,2024-09-30 08:00:00,JYZ24.csv,152,JYZ24.csv,-2.0,70.86,70.86,141.72,141.72,-0.0
45565,9,0,70.66,-2,2024-09-30,2024-09-30 09:00:00,2024-09-30 09:00:00,JYZ24.csv,267,JYZ24.csv,1.0,70.655,70.655,70.66,70.655,0.0049999999999954525
45565,9,20,70.74,3,2024-09-30,2024-09-30 09:20:00,2024-09-30 09:20:00,JYZ24.csv,157,JYZ24.csv,5.0,70.735,70.735,353.7,353.675,0.024999999999977263
45565,9,40,70.675,-2,2024-09-30,2024-09-30 09:40:00,2024-09-30 09:40:00,JYZ24.csv,158,JYZ24.csv,-5.0,70.67999999999999,70.67999999999999,353.375,353.4,0.024999999999977263
45565,10,0,70.56,2,2024-09-30,2024-09-30 10:00:00,2024-09-30 10:00:00,JYZ24.csv,629,JYZ24.csv,4.0,70.555,70.555,282.24,282.22,0.01999999999998181
45565,10,20,70.645,-2,2024-09-30,2024-09-30 10:20:00,2024-09-30 10:20:00,JYZ24.csv,199,JYZ24.csv,-4.0,70.64999999999999,70.64999999999999,282.58,282.59999999999997,0.01999999999998181
45565,10,30,70.69,-1,2024-09-30,2024-09-30 10:30:00,2024-09-30 10:30:00,JYZ24.csv,186,JYZ24.csv,1.0,70.685,70.685,70.69,70.685,0.0049999999999954525
45565,10,50,70.625,3,2024-09-30,2024-09-30 10:50:00,2024-09-30 10:50:00,JYZ24.csv,211,JYZ24.csv,4.0,70.62,70.62,282.5,282.48,0.01999999999998181
45565,11,20,70.525,1,2024-09-30,2024-09-30 11:20:00,2024-09-30 11:20:00,JYZ24.csv,142,JYZ24.csv,-2.0,70.53,70.53,141.05,141.06,0.009999999999990905
45565,11,30,70.505,-3,2024-09-30,2024-09-30 11:30:00,2024-09-30 11:30:00,JYZ24.csv,156,JYZ24.csv,-4.0,70.50999999999999,70.50999999999999,282.02,282.03999999999996,0.01999999999998181
45565,11,40,70.505,-1,2024-09-30,2024-09-30 11:40:00,2024-09-30 11:40:00,JYZ24.csv,132,JYZ24.csv,2.0,70.5,70.5,141.01,141.0,0.009999999999990905
45566,9,0,70.115,0,2024-10-01,2024-10-01 09:00:00,2024-10-01 09:00:00,JYZ24.csv,167,JYZ24.csv,1.0,70.11500000000001,70.11500000000001,70.115,70.11500000000001,-1.4210854715202004e-14
45566,9,20,70.16,-2,2024-10-01,2024-10-01 09:20:00,2024-10-01 09:20:00,JYZ24.csv,172,JYZ24.csv,-2.0,70.17,70.17,140.32,140.34,0.020000000000010232
45566,9,30,70.175,1,2024-10-01,2024-10-01 09:30:00,2024-10-01 09:30:00,JYZ24.csv,182,JYZ24.csv,3.0,70.165,70.165,210.52499999999998,210.495,0.029999999999972715
45566,9,40,70.505,3,2024-10-01,2024-10-01 09:40:00,2024-10-01 09:40:00,JYZ24.csv,1092,JYZ24.csv,2.0,70.435,70.435,141.01,140.87,0.13999999999998636
45566,9,50,70.385,-4,2024-10-01,2024-10-01 09:50:00,2024-10-01 09:50:00,JYZ24.csv,597,JYZ24.csv,-7.0,70.405,70.405,492.69500000000005,492.83500000000004,0.13999999999998636
45566,10,0,70.37,-1,2024-10-01,2024-10-01 10:00:00,2024-10-01 10:00:00,JYZ24.csv,2770,JYZ24.csv,3.0,70.46499999999999,70.46499999999999,211.11,211.39499999999998,-0.28499999999996817
45566,10,10,70.525,3,2024-10-01,2024-10-01 10:10:00,2024-10-01 10:10:00,JYZ24.csv,824,JYZ24.csv,4.0,70.6,70.6,282.1,282.4,-0.2999999999999545
45566,10,20,70.545,1,2024-10-01,2024-10-01 10:20:00,2024-10-01 10:20:00,JYZ24.csv,309,JYZ24.csv,-2.0,70.47999999999999,70.47999999999999,141.09,140.95999999999998,-0.13000000000002387
45566,10,40,70.335,2,2024-10-01,2024-10-01 10:40:00,2024-10-01 10:40:00,JYZ24.csv,214,JYZ24.csv,1.0,70.30499999999999,70.30499999999999,70.335,70.30499999999999,0.030000000000001137
45566,11,0,70.33,1,2024-10-01,2024-10-01 11:00:00,2024-10-01 11:00:00,JYZ24.csv,440,JYZ24.csv,-1.0,70.315,70.315,70.33,70.315,-0.015000000000000568
45566,11,20,70.355,-1,2024-10-01,2024-10-01 11:20:00,2024-10-01 11:20:00,JYZ24.csv,38,JYZ24.csv,-2.0,70.345,70.345,140.71,140.69,-0.020000000000010232
45566,11,30,70.24,2,2024-10-01,2024-10-01 11:30:00,2024-10-01 11:30:00,JYZ24.csv,270,JYZ24.csv,3.0,70.22999999999999,70.22999999999999,210.71999999999997,210.68999999999997,0.030000000000001137
45566,11,40,70.22,1,2024-10-01,2024-10-01 11:40:00,2024-10-01 11:40:00,JYZ24.csv,74,JYZ24.csv,-1.0,70.19999999999999,70.19999999999999,70.22,70.19999999999999,-0.020000000000010232
45566,11,50,70.285,-2,2024-10-01,2024-10-01 11:50:00,2024-10-01 11:50:00,JYZ24.csv,60,JYZ24.csv,-3.0,70.28,70.28,210.855,210.84,-0.014999999999986358
45566,12,0,70.305,0,2024-10-01,2024-10-01 12:00:00,2024-10-01 12:00:00,JYZ24.csv,146,JYZ24.csv,2.0,70.3,70.3,140.61,140.6,0.010000000000019327
45566,12,20,70.305,1,2024-10-01,2024-10-01 12:20:00,2024-10-01 12:20:00,JYZ24.csv,75,JYZ24.csv,1.0,70.30499999999999,70.30499999999999,70.305,70.30499999999999,1.4210854715202004e-14
45566,13,0,70.32,0,2024-10-01,2024-10-01 13:00:00,2024-10-01 13:00:00,JYZ24.csv,109,JYZ24.csv,-1.0,70.31,70.31,70.32,70.31,-0.009999999999990905
45567,8,0,69.79,-6,2024-10-02,2024-10-02 08:00:00,2024-10-02 08:00:00,JYZ24.csv,85,JYZ24.csv,-6.0,69.785,69.785,418.74,418.71,-0.03000000000002956
45567,9,0,69.465,-2,2024-10-02,2024-10-02 09:00:00,2024-10-02 09:00:00,JYZ24.csv,230,JYZ24.csv,4.0,69.455,69.455,277.86,277.82,0.040000000000020464
45567,9,50,69.305,-6,2024-10-02,2024-10-02 09:50:00,2024-10-02 09:50:00,JYZ24.csv,349,JYZ24.csv,-4.0,69.32,69.32,277.22,277.28,0.05999999999994543
45567,10,10,69.355,-2,2024-10-02,2024-10-02 10:10:00,2024-10-02 10:10:00,JYZ24.csv,399,JYZ24.csv,4.0,69.315,69.315,277.42,277.26,0.160000000000025
45567,10,20,69.275,2,2024-10-02,2024-10-02 10:20:00,2024-10-02 10:20:00,JYZ24.csv,296,JYZ24.csv,4.0,69.29,69.29,277.1,277.16,-0.060000000000002274
45567,10,40,69.2,0,2024-10-02,2024-10-02 10:40:00,2024-10-02 10:40:00,JYZ24.csv,318,JYZ24.csv,-2.0,69.205,69.205,138.4,138.41,0.009999999999990905
45567,10,50,69.14,4,2024-10-02,2024-10-02 10:50:00,2024-10-02 10:50:00,JYZ24.csv,544,JYZ24.csv,4.0,69.13000000000001,69.13000000000001,276.56,276.52000000000004,0.03999999999996362
45567,11,0,69.08,2,2024-10-02,2024-10-02 11:00:00,2024-10-02 11:00:00,JYZ24.csv,1319,JYZ24.csv,-2.0,69.1,69.1,138.16,138.2,0.03999999999999204
45567,11,10,69.14,-2,2024-10-02,2024-10-02 11:10:00,2024-10-02 11:10:00,JYZ24.csv,393,JYZ24.csv,-4.0,69.11999999999999,69.11999999999999,276.56,276.47999999999996,-0.08000000000004093
45568,6,30,68.745,-3,2024-10-03,2024-10-03 06:30:00,2024-10-03 06:30:00,JYZ24.csv,46,JYZ24.csv,-1.0,68.74,68.74,68.745,68.74,-0.005000000000009663
45568,8,0,68.82,-4,2024-10-03,2024-10-03 08:00:00,2024-10-03 08:00:00,JYZ24.csv,85,JYZ24.csv,-1.0,68.825,68.825,68.82,68.825,0.005000000000009663
45568,9,0,68.765,2,2024-10-03,2024-10-03 09:00:00,2024-10-03 09:00:00,JYZ24.csv,121,JYZ24.csv,6.0,68.77000000000001,68.77000000000001,412.59000000000003,412.62000000000006,-0.03000000000002956
45568,10,0,68.66,5,2024-10-03,2024-10-03 10:00:00,2024-10-03 10:00:00,JYZ24.csv,3061,JYZ24.csv,3.0,68.65,68.65,205.98,205.95000000000002,0.029999999999972715
45568,10,20,68.725,2,2024-10-03,2024-10-03 10:20:00,2024-10-03 10:20:00,JYZ24.csv,140,JYZ24.csv,-3.0,68.775,68.775,206.17499999999998,206.32500000000002,0.1500000000000341
45568,10,30,68.79,4,2024-10-03,2024-10-03 10:30:00,2024-10-03 10:30:00,JYZ24.csv,513,JYZ24.csv,2.0,68.775,68.775,137.58,137.55,0.030000000000001137
45568,10,40,68.725,6,2024-10-03,2024-10-03 10:40:00,2024-10-03 10:40:00,JYZ24.csv,121,JYZ24.csv,2.0,68.735,68.735,137.45,137.47,-0.020000000000010232
45568,10,50,68.74,5,2024-10-03,2024-10-03 10:50:00,2024-10-03 10:50:00,JYZ24.csv,238,JYZ24.csv,-1.0,68.765,68.765,68.74,68.765,0.025000000000005684
45568,11,0,68.78,3,2024-10-03,2024-10-03 11:00:00,2024-10-03 11:00:00,JYZ24.csv,378,JYZ24.csv,-2.0,68.80000000000001,68.80000000000001,137.56,137.60000000000002,0.040000000000020464
45568,11,20,68.845,1,2024-10-03,2024-10-03 11:20:00,2024-10-03 11:20:00,JYZ24.csv,78,JYZ24.csv,-2.0,68.83,68.83,137.69,137.66,-0.030000000000001137
45568,11,30,68.785,4,2024-10-03,2024-10-03 11:30:00,2024-10-03 11:30:00,JYZ24.csv,138,JYZ24.csv,3.0,68.75,68.75,206.355,206.25,0.10499999999998977
45568,11,40,68.77,6,2024-10-03,2024-10-03 11:40:00,2024-10-03 11:40:00,JYZ24.csv,58,JYZ24.csv,2.0,68.775,68.775,137.54,137.55,-0.010000000000019327
45568,11,50,68.805,3,2024-10-03,2024-10-03 11:50:00,2024-10-03 11:50:00,JYZ24.csv,66,JYZ24.csv,-3.0,68.78999999999999,68.78999999999999,206.41500000000002,206.36999999999998,-0.04500000000004434
45569,2,30,69.1,2,2024-10-04,2024-10-04 02:30:00,2024-10-04 02:30:00,JYZ24.csv,113,JYZ24.csv,-1.0,69.08,69.08,69.1,69.08,-0.01999999999999602
45569,8,0,68.845,1,2024-10-04,2024-10-04 08:00:00,2024-10-04 08:00:00,JYZ24.csv,148,JYZ24.csv,-1.0,68.845,68.845,68.845,68.845,-0.0
45569,8,30,68.885,2,2024-10-04,2024-10-04 08:30:00,2024-10-04 08:30:00,JYZ24.csv,10350,JYZ24.csv,1.0,68.095,68.095,68.885,68.095,0.7900000000000063
45569,8,40,68.135,3,2024-10-04,2024-10-04 08:40:00,2024-10-04 08:40:00,JYZ24.csv,987,JYZ24.csv,1.0,68.05000000000001,68.05000000000001,68.135,68.05000000000001,0.08499999999999375
45569,9,20,67.93,0,2024-10-04,2024-10-04 09:20:00,2024-10-04 09:20:00,JYZ24.csv,222,JYZ24.csv,-3.0,67.875,67.875,203.79000000000002,203.625,-0.16500000000002046
45569,9,40,67.99,-2,2024-10-04,2024-10-04 09:40:00,2024-10-04 09:40:00,JYZ24.csv,314,JYZ24.csv,-2.0,67.97500000000001,67.97500000000001,135.98,135.95000000000002,-0.029999999999972715
45569,10,0,68.01,0,2024-10-04,2024-10-04 10:00:00,2024-10-04 10:00:00,JYZ24.csv,238,JYZ24.csv,2.0,67.965,67.965,136.02,135.93,0.09000000000000341
45569,11,0,67.965,-1,2024-10-04,2024-10-04 11:00:00,2024-10-04 11:00:00,JYZ24.csv,472,JYZ24.csv,-1.0,67.97500000000001,67.97500000000001,67.965,67.97500000000001,0.010000000000005116
45569,13,0,67.77,0,2024-10-04,2024-10-04 13:00:00,2024-10-04 13:00:00,JYZ24.csv,209,JYZ24.csv,1.0,67.795,67.795,67.77,67.795,-0.025000000000005684
45572,2,30,67.97,-1,2024-10-07,2024-10-07 02:30:00,2024-10-07 02:30:00,JYZ24.csv,90,JYZ24.csv,-1.0,67.955,67.955,67.97,67.955,-0.015000000000000568
45572,6,30,67.99,-2,2024-10-07,2024-10-07 06:30:00,2024-10-07 06:30:00,JYZ24.csv,24,JYZ24.csv,-1.0,67.985,67.985,67.99,67.985,-0.0049999999999954525
45572,8,30,68.095,-1,2024-10-07,2024-10-07 08:30:00,2024-10-07 08:30:00,JYZ24.csv,111,JYZ24.csv,1.0,68.09,68.09,68.095,68.09,0.0049999999999954525
45572,9,10,68.24,2,2024-10-07,2024-10-07 09:10:00,2024-10-07 09:10:00,JYZ24.csv,442,JYZ24.csv,3.0,68.22500000000001,68.22500000000001,204.71999999999997,204.675,0.04499999999995907
45572,9,30,68.155,-1,2024-10-07,2024-10-07 09:30:00,2024-10-07 09:30:00,JYZ24.csv,116,JYZ24.csv,-3.0,68.17,68.17,204.465,204.51,0.044999999999987494
45572,10,20,68.105,2,2024-10-07,2024-10-07 10:20:00,2024-10-07 10:20:00,JYZ24.csv,214,JYZ24.csv,3.0,68.10000000000001,68.11,204.315,204.32999999999998,-0.014999999999986358
45572,10,30,68.125,3,2024-10-07,2024-10-07 10:30:00,2024-10-07 10:30:00,JYZ24.csv,86,JYZ24.csv,1.0,68.095,68.095,68.125,68.095,0.030000000000001137
45572,10,40,68.135,0,2024-10-07,2024-10-07 10:40:00,2024-10-07 10:40:00,JYZ24.csv,296,JYZ24.csv,-3.0,68.145,68.145,204.40500000000003,204.435,0.029999999999972715
45572,10,50,68.13,2,2024-10-07,2024-10-07 10:50:00,2024-10-07 10:50:00,JYZ24.csv,144,JYZ24.csv,2.0,68.11,68.11,136.26,136.22,0.03999999999999204
45572,11,10,68.12,0,2024-10-07,2024-10-07 11:10:00,2024-10-07 11:10:00,JYZ24.csv,15,JYZ24.csv,-2.0,68.11,68.11,136.24,136.22,-0.020000000000010232
45573,2,30,68.235,-1,2024-10-08,2024-10-08 02:30:00,2024-10-08 02:30:00,JYZ24.csv,74,JYZ24.csv,-1.0,68.22999999999999,68.22999999999999,68.235,68.22999999999999,-0.005000000000009663
45573,6,30,68.235,0,2024-10-08,2024-10-08 06:30:00,2024-10-08 06:30:00,JYZ24.csv,34,JYZ24.csv,1.0,68.24000000000001,68.24000000000001,68.235,68.24000000000001,-0.005000000000009663
45573,8,30,68.14,1,2024-10-08,2024-10-08 08:30:00,2024-10-08 08:30:00,JYZ24.csv,320,JYZ24.csv,1.0,68.11500000000001,68.11500000000001,68.14,68.11500000000001,0.024999999999991473
45573,9,40,68.08,6,2024-10-08,2024-10-08 09:40:00,2024-10-08 09:40:00,JYZ24.csv,171,JYZ24.csv,5.0,68.105,68.105,340.4,340.52500000000003,-0.12500000000005684
45573,10,0,68.055,1,2024-10-08,2024-10-08 10:00:00,2024-10-08 10:00:00,JYZ24.csv,292,JYZ24.csv,-5.0,68.05,68.05,340.27500000000003,340.25,-0.025000000000034106
45573,10,30,68.085,0,2024-10-08,2024-10-08 10:30:00,2024-10-08 10:30:00,JYZ24.csv,273,JYZ24.csv,-1.0,68.075,68.075,68.085,68.075,-0.009999999999990905
45574,2,30,67.9,-1,2024-10-09,2024-10-09 02:30:00,2024-10-09 02:30:00,JYZ24.csv,62,JYZ24.csv,-1.0,67.87,67.87,67.9,67.87,-0.030000000000001137
45574,6,30,67.91,-2,2024-10-09,2024-10-09 06:30:00,2024-10-09 06:30:00,JYZ24.csv,18,JYZ24.csv,-1.0,67.92,67.92,67.91,67.92,0.010000000000005116
45574,8,0,67.84,-3,2024-10-09,2024-10-09 08:00:00,2024-10-09 08:00:00,JYZ24.csv,83,JYZ24.csv,-1.0,67.845,67.845,67.84,67.845,0.0049999999999954525
45574,8,30,67.795,-2,2024-10-09,2024-10-09 08:30:00,2024-10-09 08:30:00,JYZ24.csv,75,JYZ24.csv,1.0,67.795,67.795,67.795,67.795,0.0
45574,9,0,67.765,2,2024-10-09,2024-10-09 09:00:00,2024-10-09 09:00:00,JYZ24.csv,202,JYZ24.csv,4.0,67.76,67.76,271.06,271.04,0.01999999999998181
45574,9,20,67.745,4,2024-10-09,2024-10-09 09:20:00,2024-10-09 09:20:00,JYZ24.csv,313,JYZ24.csv,2.0,67.75,67.75,135.49,135.5,-0.009999999999990905
45574,9,40,67.67,5,2024-10-09,2024-10-09 09:40:00,2024-10-09 09:40:00,JYZ24.csv,231,JYZ24.csv,1.0,67.705,67.705,67.67,67.705,-0.03499999999999659
45574,10,0,67.655,2,2024-10-09,2024-10-09 10:00:00,2024-10-09 10:00:00,JYZ24.csv,430,JYZ24.csv,-3.0,67.68,67.68,202.965,203.04000000000002,0.07500000000001705
45574,10,30,67.675,3,2024-10-09,2024-10-09 10:30:00,2024-10-09 10:30:00,JYZ24.csv,95,JYZ24.csv,1.0,67.67500000000001,67.67500000000001,67.675,67.67500000000001,-1.4210854715202004e-14
45575,2,30,67.625,2,2024-10-10,2024-10-10 02:30:00,2024-10-10 02:30:00,JYZ24.csv,307,JYZ24.csv,-1.0,67.625,67.625,67.625,67.625,-0.0
45575,6,30,67.745,4,2024-10-10,2024-10-10 06:30:00,2024-10-10 06:30:00,JYZ24.csv,44,JYZ24.csv,2.0,67.765,67.765,135.49,135.53,-0.03999999999999204
45575,8,0,67.7,1,2024-10-10,2024-10-10 08:00:00,2024-10-10 08:00:00,JYZ24.csv,161,JYZ24.csv,-3.0,67.695,67.695,203.10000000000002,203.08499999999998,-0.015000000000043201
45575,8,30,67.84,2,2024-10-10,2024-10-10 08:30:00,2024-10-10 08:30:00,JYZ24.csv,8117,JYZ24.csv,1.0,67.79,67.79,67.84,67.79,0.04999999999999716
45575,10,0,67.875,4,2024-10-10,2024-10-10 10:00:00,2024-10-10 10:00:00,JYZ24.csv,515,JYZ24.csv,2.0,67.89,67.89,135.75,135.78,-0.030000000000001137
45575,10,20,67.885,2,2024-10-10,2024-10-10 10:20:00,2024-10-10 10:20:00,JYZ24.csv,424,JYZ24.csv,-2.0,67.86999999999999,67.86999999999999,135.77,135.73999999999998,-0.03000000000002956
45575,10,30,67.84,0,2024-10-10,2024-10-10 10:30:00,2024-10-10 10:30:00,JYZ24.csv,200,JYZ24.csv,-2.0,67.81,67.81,135.68,135.62,-0.060000000000002274
45575,11,0,67.81,3,2024-10-10,2024-10-10 11:00:00,2024-10-10 11:00:00,JYZ24.csv,438,JYZ24.csv,3.0,67.765,67.765,203.43,203.29500000000002,0.1349999999999909
45575,11,20,67.88,-2,2024-10-10,2024-10-10 11:20:00,2024-10-10 11:20:00,JYZ24.csv,78,JYZ24.csv,-5.0,67.91,67.91,339.4,339.54999999999995,0.14999999999997726
45575,11,30,67.92,-3,2024-10-10,2024-10-10 11:30:00,2024-10-10 11:30:00,JYZ24.csv,213,JYZ24.csv,-1.0,67.94,67.915,67.92,67.915,-0.0049999999999954525
45575,11,40,67.92,2,2024-10-10,2024-10-10 11:40:00,2024-10-10 11:40:00,JYZ24.csv,78,JYZ24.csv,5.0,67.915,67.915,339.6,339.57500000000005,0.024999999999977263
45575,11,50,67.9,3,2024-10-10,2024-10-10 11:50:00,2024-10-10 11:50:00,JYZ24.csv,77,JYZ24.csv,1.0,67.89500000000001,67.89500000000001,67.9,67.89500000000001,0.0049999999999954525
45575,13,0,67.715,0,2024-10-10,2024-10-10 13:00:00,2024-10-10 13:00:00,JYZ24.csv,115,JYZ24.csv,-3.0,67.69,67.69,203.145,203.07,-0.07500000000001705
45576,2,30,67.75,-1,2024-10-11,2024-10-11 02:30:00,2024-10-11 02:30:00,JYZ24.csv,102,JYZ24.csv,-1.0,67.76,67.76,67.75,67.76,0.010000000000005116
45576,6,30,67.675,-3,2024-10-11,2024-10-11 06:30:00,2024-10-11 06:30:00,JYZ24.csv,78,JYZ24.csv,-2.0,67.675,67.675,135.35,135.35,-0.0
45576,8,0,67.67,0,2024-10-11,2024-10-11 08:00:00,2024-10-11 08:00:00,JYZ24.csv,71,JYZ24.csv,3.0,67.675,67.675,203.01,203.02499999999998,-0.014999999999986358
45576,8,30,67.7,1,2024-10-11,2024-10-11 08:30:00,2024-10-11 08:30:00,JYZ24.csv,1295,JYZ24.csv,1.0,67.725,67.725,67.7,67.725,-0.024999999999991473
45576,9,0,67.645,-1,2024-10-11,2024-10-11 09:00:00,2024-10-11 09:00:00,JYZ24.csv,148,JYZ24.csv,-2.0,67.645,67.645,135.29,135.29,-0.0
45576,9,20,67.645,1,2024-10-11,2024-10-11 09:20:00,2024-10-11 09:20:00,JYZ24.csv,132,JYZ24.csv,2.0,67.63,67.63,135.29,135.26,0.030000000000001137
45576,10,30,67.565,3,2024-10-11,2024-10-11 10:30:00,2024-10-11 10:30:00,JYZ24.csv,207,JYZ24.csv,2.0,67.55,67.55,135.13,135.1,0.030000000000001137
45576,16,15,67.595,0,2024-10-11,2024-10-11 16:15:00,2024-10-11 16:15:00,JYZ24.csv,2,JYZ24.csv,-3.0,67.595,67.595,202.785,202.785,-0.0
45579,2,30,67.575,-1,2024-10-14,2024-10-14 02:30:00,2024-10-14 02:30:00,JYZ24.csv,38,JYZ24.csv,-1.0,67.575,67.575,67.575,67.575,-0.0
45579,6,30,67.48,-2,2024-10-14,2024-10-14 06:30:00,2024-10-14 06:30:00,JYZ24.csv,15,JYZ24.csv,-1.0,67.465,67.465,67.48,67.465,-0.015000000000000568
45579,8,0,67.38,-7,2024-10-14,2024-10-14 08:00:00,2024-10-14 08:00:00,JYZ24.csv,51,JYZ24.csv,-5.0,67.375,67.375,336.9,336.875,-0.024999999999977263
45579,8,30,67.335,-6,2024-10-14,2024-10-14 08:30:00,2024-10-14 08:30:00,JYZ24.csv,103,JYZ24.csv,1.0,67.33,67.33,67.335,67.33,0.0049999999999954525
45579,9,0,67.34,-3,2024-10-14,2024-10-14 09:00:00,2024-10-14 09:00:00,JYZ24.csv,83,JYZ24.csv,3.0,67.325,67.325,202.02,201.97500000000002,0.044999999999987494
45579,10,30,67.27,-2,2024-10-14,2024-10-14 10:30:00,2024-10-14 10:30:00,JYZ24.csv,51,JYZ24.csv,1.0,67.255,67.255,67.27,67.255,0.015000000000000568
45580,2,30,67.475,-3,2024-10-15,2024-10-15 02:30:00,2024-10-15 02:30:00,JYZ24.csv,114,JYZ24.csv,-1.0,67.45,67.45,67.475,67.45,-0.024999999999991473
45580,6,30,67.65,-7,2024-10-15,2024-10-15 06:30:00,2024-10-15 06:30:00,JYZ24.csv,67,JYZ24.csv,-4.0,67.625,67.625,270.6,270.5,-0.10000000000002274
45580,8,0,67.5,-3,2024-10-15,2024-10-15 08:00:00,2024-10-15 08:00:00,JYZ24.csv,242,JYZ24.csv,4.0,67.485,67.485,270.0,269.94,0.060000000000002274
45580,8,30,67.555,-2,2024-10-15,2024-10-15 08:30:00,2024-10-15 08:30:00,JYZ24.csv,618,JYZ24.csv,1.0,67.625,67.625,67.555,67.625,-0.06999999999999318
45580,9,0,67.625,-4,2024-10-15,2024-10-15 09:00:00,2024-10-15 09:00:00,JYZ24.csv,162,JYZ24.csv,-2.0,67.59,67.59,135.25,135.18,-0.06999999999999318
45580,10,30,67.575,0,2024-10-15,2024-10-15 10:30:00,2024-10-15 10:30:00,JYZ24.csv,308,JYZ24.csv,4.0,67.59,67.59,270.3,270.36,-0.060000000000002274
45580,11,0,67.56,8,2024-10-15,2024-10-15 11:00:00,2024-10-15 11:00:00,JYZ24.csv,421,JYZ24.csv,8.0,67.53,67.53,540.48,540.24,0.2400000000000091
45580,11,20,67.56,3,2024-10-15,2024-10-15 11:20:00,2024-10-15 11:20:00,JYZ24.csv,95,JYZ24.csv,-5.0,67.555,67.555,337.8,337.77500000000003,-0.024999999999977263
45580,13,0,67.46,0,2024-10-15,2024-10-15 13:00:00,2024-10-15 13:00:00,JYZ24.csv,35,JYZ24.csv,-3.0,67.43,67.43,202.38,202.29000000000002,-0.08999999999997499
45581,2,30,67.54,-1,2024-10-16,2024-10-16 02:30:00,2024-10-16 02:30:00,JYZ24.csv,103,JYZ24.csv,-1.0,67.555,67.555,67.54,67.555,0.015000000000000568
45581,6,30,67.5,0,2024-10-16,2024-10-16 06:30:00,2024-10-16 06:30:00,JYZ24.csv,33,JYZ24.csv,1.0,67.5,67.5,67.5,67.5,0.0
45581,8,0,67.575,-3,2024-10-16,2024-10-16 08:00:00,2024-10-16 08:00:00,JYZ24.csv,106,JYZ24.csv,-3.0,67.58,67.58,202.72500000000002,202.74,0.014999999999986358
45581,8,30,67.54,-2,2024-10-16,2024-10-16 08:30:00,2024-10-16 08:30:00,JYZ24.csv,79,JYZ24.csv,1.0,67.5,67.5,67.54,67.5,0.04000000000000625
45581,9,0,67.445,1,2024-10-16,2024-10-16 09:00:00,2024-10-16 09:00:00,JYZ24.csv,147,JYZ24.csv,3.0,67.435,67.435,202.33499999999998,202.305,0.029999999999972715
45581,9,20,67.475,-1,2024-10-16,2024-10-16 09:20:00,2024-10-16 09:20:00,JYZ24.csv,96,JYZ24.csv,-2.0,67.52,67.52,134.95,135.04,0.09000000000000341
45581,9,40,67.52,1,2024-10-16,2024-10-16 09:40:00,2024-10-16 09:40:00,JYZ24.csv,75,JYZ24.csv,2.0,67.53500000000001,67.53500000000001,135.04,135.07000000000002,-0.03000000000002956
45581,10,20,67.395,4,2024-10-16,2024-10-16 10:20:00,2024-10-16 10:20:00,JYZ24.csv,96,JYZ24.csv,3.0,67.35,67.35,202.185,202.04999999999998,0.13500000000001933
45581,10,30,67.34,3,2024-10-16,2024-10-16 10:30:00,2024-10-16 10:30:00,JYZ24.csv,255,JYZ24.csv,-1.0,67.33,67.33,67.34,67.33,-0.010000000000005116
45581,10,40,67.335,0,2024-10-16,2024-10-16 10:40:00,2024-10-16 10:40:00,JYZ24.csv,210,JYZ24.csv,-3.0,67.35,67.35,202.005,202.04999999999998,0.044999999999987494
45582,2,30,67.34,-1,2024-10-17,2024-10-17 02:30:00,2024-10-17 02:30:00,JYZ24.csv,64,JYZ24.csv,-1.0,67.34,67.34,67.34,67.34,-0.0
45582,8,30,67.145,0,2024-10-17,2024-10-17 08:30:00,2024-10-17 08:30:00,JYZ24.csv,3597,JYZ24.csv,1.0,67.165,67.165,67.145,67.165,-0.020000000000010232
45582,9,50,67.25,-4,2024-10-17,2024-10-17 09:50:00,2024-10-17 09:50:00,JYZ24.csv,195,JYZ24.csv,-4.0,67.245,67.245,269.0,268.98,-0.01999999999998181
45582,10,10,67.22,2,2024-10-17,2024-10-17 10:10:00,2024-10-17 10:10:00,JYZ24.csv,363,JYZ24.csv,6.0,67.215,67.215,403.32,403.29,0.029999999999972715
45582,10,30,67.18,0,2024-10-17,2024-10-17 10:30:00,2024-10-17 10:30:00,JYZ24.csv,253,JYZ24.csv,-2.0,67.165,67.165,134.36,134.33,-0.030000000000001137
45582,11,0,67.17,3,2024-10-17,2024-10-17 11:00:00,2024-10-17 11:00:00,JYZ24.csv,396,JYZ24.csv,3.0,67.175,67.175,201.51,201.52499999999998,-0.014999999999986358
45582,13,0,67.08,0,2024-10-17,2024-10-17 13:00:00,2024-10-17 13:00:00,JYZ24.csv,135,JYZ24.csv,-3.0,67.09,67.09,201.24,201.27,0.030000000000001137
45583,2,30,67.215,-1,2024-10-18,2024-10-18 02:30:00,2024-10-18 02:30:00,JYZ24.csv,140,JYZ24.csv,-1.0,67.18,67.18,67.215,67.18,-0.03499999999999659
45583,6,30,67.18,1,2024-10-18,2024-10-18 06:30:00,2024-10-18 06:30:00,JYZ24.csv,68,JYZ24.csv,2.0,67.185,67.185,134.36,134.37,-0.009999999999990905
45583,8,0,67.16,-4,2024-10-18,2024-10-18 08:00:00,2024-10-18 08:00:00,JYZ24.csv,96,JYZ24.csv,-5.0,67.155,67.155,335.79999999999995,335.775,-0.024999999999977263
45583,8,30,67.185,-3,2024-10-18,2024-10-18 08:30:00,2024-10-18 08:30:00,JYZ24.csv,288,JYZ24.csv,1.0,67.24,67.24,67.185,67.24,-0.05499999999999261
45583,10,30,67.285,-5,2024-10-18,2024-10-18 10:30:00,2024-10-18 10:30:00,JYZ24.csv,90,JYZ24.csv,-2.0,67.305,67.305,134.57,134.61,0.040000000000020464
45583,16,15,67.39,0,2024-10-18,2024-10-18 16:15:00,2024-10-18 16:15:00,JYZ24.csv,14,JYZ24.csv,5.0,67.405,67.405,336.95,337.025,-0.07499999999998863
45586,2,30,67.375,-1,2024-10-21,2024-10-21 02:30:00,2024-10-21 02:30:00,JYZ24.csv,61,JYZ24.csv,-1.0,67.365,67.365,67.375,67.365,-0.010000000000005116
45586,6,30,67.155,-2,2024-10-21,2024-10-21 06:30:00,2024-10-21 06:30:00,JYZ24.csv,47,JYZ24.csv,-1.0,67.155,67.155,67.155,67.155,-0.0
45586,8,0,67.19,-6,2024-10-21,2024-10-21 08:00:00,2024-10-21 08:00:00,JYZ24.csv,103,JYZ24.csv,-4.0,67.19,67.19,268.76,268.76,-0.0
45586,8,30,67.225,-5,2024-10-21,2024-10-21 08:30:00,2024-10-21 08:30:00,JYZ24.csv,319,JYZ24.csv,1.0,67.245,67.245,67.225,67.245,-0.020000000000010232
45586,10,30,67.06,-4,2024-10-21,2024-10-21 10:30:00,2024-10-21 10:30:00,JYZ24.csv,226,JYZ24.csv,1.0,67.04,67.04,67.06,67.04,0.01999999999999602
45587,6,30,66.8,-1,2024-10-22,2024-10-22 06:30:00,2024-10-22 06:30:00,JYZ24.csv,12,JYZ24.csv,3.0,66.795,66.795,200.39999999999998,200.385,0.014999999999986358
45587,8,0,66.76,-2,2024-10-22,2024-10-22 08:00:00,2024-10-22 08:00:00,JYZ24.csv,83,JYZ24.csv,-1.0,66.74,66.74,66.76,66.74,-0.020000000000010232
45587,9,30,66.835,1,2024-10-22,2024-10-22 09:30:00,2024-10-22 09:30:00,JYZ24.csv,128,JYZ24.csv,3.0,66.81,66.81,200.505,200.43,0.07499999999998863
45587,9,50,66.795,-2,2024-10-22,2024-10-22 09:50:00,2024-10-22 09:50:00,JYZ24.csv,60,JYZ24.csv,-3.0,66.77499999999999,66.77499999999999,200.385,200.325,-0.060000000000002274
45587,10,0,66.735,3,2024-10-22,2024-10-22 10:00:00,2024-10-22 10:00:00,JYZ24.csv,168,JYZ24.csv,5.0,66.725,66.725,333.675,333.625,0.05000000000001137
45587,10,20,66.72,-2,2024-10-22,2024-10-22 10:20:00,2024-10-22 10:20:00,JYZ24.csv,192,JYZ24.csv,-5.0,66.715,66.715,333.6,333.57500000000005,-0.024999999999977263
45587,10,30,66.71,-5,2024-10-22,2024-10-22 10:30:00,2024-10-22 10:30:00,JYZ24.csv,145,JYZ24.csv,-3.0,66.715,66.715,200.13,200.145,0.01500000000001478
45587,11,0,66.71,-1,2024-10-22,2024-10-22 11:00:00,2024-10-22 11:00:00,JYZ24.csv,260,JYZ24.csv,4.0,66.715,66.715,266.84,266.86,-0.020000000000038654
45587,13,0,66.67,-5,2024-10-22,2024-10-22 13:00:00,2024-10-22 13:00:00,JYZ24.csv,36,JYZ24.csv,-4.0,66.69,66.69,266.68,266.76,0.07999999999998408
45588,6,30,65.975,-10,2024-10-23,2024-10-23 06:30:00,2024-10-23 06:30:00,JYZ24.csv,21,JYZ24.csv,-5.0,65.965,65.965,329.875,329.82500000000005,-0.049999999999954525
45588,10,30,65.81,-5,2024-10-23,2024-10-23 10:30:00,2024-10-23 10:30:00,JYZ24.csv,210,JYZ24.csv,5.0,65.79,65.79,329.05,328.95000000000005,0.0999999999999659
45589,6,30,66.26,-7,2024-10-24,2024-10-24 06:30:00,2024-10-24 06:30:00,JYZ24.csv,36,JYZ24.csv,-2.0,66.29,66.29,132.52,132.58,0.060000000000002274
45589,8,0,66.205,-9,2024-10-24,2024-10-24 08:00:00,2024-10-24 08:00:00,JYZ24.csv,356,JYZ24.csv,-2.0,66.26,66.26,132.41,132.52,0.11000000000001364
45589,10,20,66.135,-6,2024-10-24,2024-10-24 10:20:00,2024-10-24 10:20:00,JYZ24.csv,218,JYZ24.csv,3.0,66.165,66.165,198.40500000000003,198.495,-0.08999999999997499
45589,10,30,66.15,-4,2024-10-24,2024-10-24 10:30:00,2024-10-24 10:30:00,JYZ24.csv,154,JYZ24.csv,2.0,66.19,66.19,132.3,132.38,-0.07999999999998408
45589,10,40,66.18,-7,2024-10-24,2024-10-24 10:40:00,2024-10-24 10:40:00,JYZ24.csv,213,JYZ24.csv,-3.0,66.27,66.27,198.54000000000002,198.81,0.2699999999999818
45590,6,30,66.23,-4,2024-10-25,2024-10-25 06:30:00,2024-10-25 06:30:00,JYZ24.csv,38,JYZ24.csv,3.0,66.235,66.235,198.69,198.70499999999998,-0.014999999999986358
45590,8,0,66.31,0,2024-10-25,2024-10-25 08:00:00,2024-10-25 08:00:00,JYZ24.csv,122,JYZ24.csv,4.0,66.275,66.275,265.24,265.1,0.13999999999998636
45590,10,30,66.225,-3,2024-10-25,2024-10-25 10:30:00,2024-10-25 10:30:00,JYZ24.csv,247,JYZ24.csv,-3.0,66.195,66.195,198.67499999999998,198.58499999999998,-0.09000000000000341
45590,16,15,66.13,0,2024-10-25,2024-10-25 16:15:00,2024-10-25 16:15:00,JYZ24.csv,31,JYZ24.csv,3.0,66.13,66.13,198.39,198.39,0.0
45593,6,30,65.935,-1,2024-10-28,2024-10-28 06:30:00,2024-10-28 06:30:00,JYZ24.csv,72,JYZ24.csv,-1.0,65.935,65.935,65.935,65.935,-0.0
45593,8,0,65.895,-7,2024-10-28,2024-10-28 08:00:00,2024-10-28 08:00:00,JYZ24.csv,175,JYZ24.csv,-6.0,65.895,65.895,395.37,395.37,-0.0
45593,10,20,65.8,-3,2024-10-28,2024-10-28 10:20:00,2024-10-28 10:20:00,JYZ24.csv,178,JYZ24.csv,4.0,65.795,65.795,263.2,263.18,0.01999999999998181
45593,10,30,65.8,-2,2024-10-28,2024-10-28 10:30:00,2024-10-28 10:30:00,JYZ24.csv,158,JYZ24.csv,1.0,65.8,65.8,65.8,65.8,0.0
45593,10,40,65.78,-6,2024-10-28,2024-10-28 10:40:00,2024-10-28 10:40:00,JYZ24.csv,117,JYZ24.csv,-4.0,65.785,65.785,263.12,263.14,0.01999999999998181
45594,8,0,65.475,-7,2024-10-29,2024-10-29 08:00:00,2024-10-29 08:00:00,JYZ24.csv,278,JYZ24.csv,-1.0,65.48,65.48,65.475,65.48,0.005000000000009663
45594,10,50,65.595,-4,2024-10-29,2024-10-29 10:50:00,2024-10-29 10:50:00,JYZ24.csv,58,JYZ24.csv,3.0,65.59,65.59,196.785,196.77,0.014999999999986358
45594,11,10,65.5,-2,2024-10-29,2024-10-29 11:10:00,2024-10-29 11:10:00,JYZ24.csv,618,JYZ24.csv,2.0,65.495,65.495,131.0,130.99,0.009999999999990905
45594,11,20,65.465,1,2024-10-29,2024-10-29 11:20:00,2024-10-29 11:20:00,JYZ24.csv,92,JYZ24.csv,3.0,65.455,65.455,196.395,196.365,0.030000000000001137
45594,11,30,65.45,-4,2024-10-29,2024-10-29 11:30:00,2024-10-29 11:30:00,JYZ24.csv,94,JYZ24.csv,-5.0,65.46,65.46,327.25,327.29999999999995,0.049999999999954525
45594,11,40,65.49,-7,2024-10-29,2024-10-29 11:40:00,2024-10-29 11:40:00,JYZ24.csv,177,JYZ24.csv,-3.0,65.49499999999999,65.49499999999999,196.46999999999997,196.48499999999996,0.014999999999986358
45594,11,50,65.55,-3,2024-10-29,2024-10-29 11:50:00,2024-10-29 11:50:00,JYZ24.csv,74,JYZ24.csv,4.0,65.555,65.555,262.2,262.22,-0.020000000000038654
45594,12,10,65.6,-7,2024-10-29,2024-10-29 12:10:00,2024-10-29 12:10:00,JYZ24.csv,145,JYZ24.csv,-4.0,65.58,65.58,262.4,262.32,-0.07999999999998408
45595,8,0,65.74,-4,2024-10-30,2024-10-30 08:00:00,2024-10-30 08:00:00,JYZ24.csv,258,JYZ24.csv,3.0,65.75,65.75,197.21999999999997,197.25,-0.03000000000002956
45595,9,0,65.605,-6,2024-10-30,2024-10-30 09:00:00,2024-10-30 09:00:00,JYZ24.csv,220,JYZ24.csv,-2.0,65.60499999999999,65.60499999999999,131.21,131.20999999999998,-2.842170943040401e-14
45595,11,0,65.65,-2,2024-10-30,2024-10-30 11:00:00,2024-10-30 11:00:00,JYZ24.csv,151,JYZ24.csv,4.0,65.595,65.595,262.6,262.38,0.22000000000002728
45595,12,0,65.69,-5,2024-10-30,2024-10-30 12:00:00,2024-10-30 12:00:00,JYZ24.csv,340,JYZ24.csv,-3.0,65.705,65.705,197.07,197.115,0.045000000000015916
45595,12,20,65.685,-2,2024-10-30,2024-10-30 12:20:00,2024-10-30 12:20:00,JYZ24.csv,115,JYZ24.csv,3.0,65.7,65.7,197.055,197.10000000000002,-0.045000000000015916
45595,13,0,65.72,-6,2024-10-30,2024-10-30 13:00:00,2024-10-30 13:00:00,JYZ24.csv,87,JYZ24.csv,-4.0,65.665,65.665,262.88,262.66,-0.21999999999997044
45596,8,0,65.835,-4,2024-10-31,2024-10-31 08:00:00,2024-10-31 08:00:00,JYZ24.csv,289,JYZ24.csv,2.0,65.83,65.83,131.67,131.66,0.009999999999990905
45596,9,0,65.85,-7,2024-10-31,2024-10-31 09:00:00,2024-10-31 09:00:00,JYZ24.csv,173,JYZ24.csv,-3.0,65.83,65.83,197.54999999999998,197.49,-0.05999999999997385
45596,9,40,65.84,-2,2024-10-31,2024-10-31 09:40:00,2024-10-31 09:40:00,JYZ24.csv,83,JYZ24.csv,5.0,65.83,65.83,329.20000000000005,329.15,0.05000000000006821
45596,10,0,65.735,-1,2024-10-31,2024-10-31 10:00:00,2024-10-31 10:00:00,JYZ24.csv,712,JYZ24.csv,1.0,65.72,65.72,65.735,65.72,0.015000000000000568
45596,10,20,65.825,-7,2024-10-31,2024-10-31 10:20:00,2024-10-31 10:20:00,JYZ24.csv,220,JYZ24.csv,-6.0,65.85,65.85,394.95000000000005,395.09999999999997,0.14999999999992042
45596,11,20,65.94,-10,2024-10-31,2024-10-31 11:20:00,2024-10-31 11:20:00,JYZ24.csv,232,JYZ24.csv,-3.0,65.955,65.955,197.82,197.865,0.045000000000015916
45596,11,40,66.03,-8,2024-10-31,2024-10-31 11:40:00,2024-10-31 11:40:00,JYZ24.csv,622,JYZ24.csv,2.0,65.995,65.995,132.06,131.99,0.06999999999999318
45596,12,0,65.995,-7,2024-10-31,2024-10-31 12:00:00,2024-10-31 12:00:00,JYZ24.csv,1336,JYZ24.csv,1.0,66.045,66.045,65.995,66.045,-0.04999999999999716
45597,6,30,65.805,-10,2024-11-01,2024-11-01 06:30:00,2024-11-01 06:30:00,JYZ24.csv,11,JYZ24.csv,-3.0,65.81,65.81,197.41500000000002,197.43,0.014999999999986358
45597,8,0,65.855,-8,2024-11-01,2024-11-01 08:00:00,2024-11-01 08:00:00,JYZ24.csv,179,JYZ24.csv,2.0,65.845,65.845,131.71,131.69,0.020000000000010232
45597,9,0,66.13,-5,2024-11-01,2024-11-01 09:00:00,2024-11-01 09:00:00,JYZ24.csv,472,JYZ24.csv,3.0,66.05000000000001,66.05000000000001,198.39,198.15000000000003,0.23999999999995225
45597,9,20,66.025,-3,2024-11-01,2024-11-01 09:20:00,2024-11-01 09:20:00,JYZ24.csv,564,JYZ24.csv,2.0,66.02000000000001,66.02000000000001,132.05,132.04000000000002,0.009999999999990905
45597,9,40,66.04,-8,2024-11-01,2024-11-01 09:40:00,2024-11-01 09:40:00,JYZ24.csv,253,JYZ24.csv,-5.0,66.065,66.065,330.20000000000005,330.325,0.12499999999994316
45597,9,50,65.975,-9,2024-11-01,2024-11-01 09:50:00,2024-11-01 09:50:00,JYZ24.csv,687,JYZ24.csv,-1.0,65.96499999999999,65.96499999999999,65.975,65.96499999999999,-0.010000000000005116
45597,10,10,65.85,-8,2024-11-01,2024-11-01 10:10:00,2024-11-01 10:10:00,JYZ24.csv,213,JYZ24.csv,1.0,65.80000000000001,65.80000000000001,65.85,65.80000000000001,0.04999999999998295
45597,10,20,65.8,-4,2024-11-01,2024-11-01 10:20:00,2024-11-01 10:20:00,JYZ24.csv,429,JYZ24.csv,4.0,65.83500000000001,65.83500000000001,263.2,263.34000000000003,-0.1400000000000432
45597,10,30,65.835,-1,2024-11-01,2024-11-01 10:30:00,2024-11-01 10:30:00,JYZ24.csv,443,JYZ24.csv,3.0,65.76,65.76,197.505,197.28000000000003,0.2249999999999659
45597,10,40,65.75,0,2024-11-01,2024-11-01 10:40:00,2024-11-01 10:40:00,JYZ24.csv,344,JYZ24.csv,1.0,65.79,65.79,65.75,65.79,-0.04000000000000625
45597,11,0,65.75,-5,2024-11-01,2024-11-01 11:00:00,2024-11-01 11:00:00,JYZ24.csv,322,JYZ24.csv,-5.0,65.72,65.72,328.75,328.6,-0.14999999999997726
45597,16,15,65.675,0,2024-11-01,2024-11-01 16:15:00,2024-11-01 16:15:00,JYZ24.csv,87,JYZ24.csv,5.0,65.675,65.675,328.375,328.375,0.0
45600,6,30,66.27,-2,2024-11-04,2024-11-04 06:30:00,2024-11-04 06:30:00,JYZ24.csv,112,JYZ24.csv,-2.0,66.31,66.31,132.54,132.62,0.0800000000000125
45600,8,0,66.225,-9,2024-11-04,2024-11-04 08:00:00,2024-11-04 08:00:00,JYZ24.csv,55,JYZ24.csv,-7.0,66.235,66.235,463.57499999999993,463.645,0.07000000000005002
45600,9,0,66.22,-3,2024-11-04,2024-11-04 09:00:00,2024-11-04 09:00:00,JYZ24.csv,201,JYZ24.csv,6.0,66.28500000000001,66.28500000000001,397.32,397.71000000000004,-0.3900000000000432
45600,9,10,66.28,0,2024-11-04,2024-11-04 09:10:00,2024-11-04 09:10:00,JYZ24.csv,129,JYZ24.csv,3.0,66.25,66.25,198.84,198.75,0.09000000000000341
45600,9,20,66.255,-6,2024-11-04,2024-11-04 09:20:00,2024-11-04 09:20:00,JYZ24.csv,45,JYZ24.csv,-6.0,66.245,66.245,397.53,397.47,-0.05999999999994543
45600,9,30,66.205,-10,2024-11-04,2024-11-04 09:30:00,2024-11-04 09:30:00,JYZ24.csv,131,JYZ24.csv,-4.0,66.195,66.195,264.82,264.78,-0.040000000000020464
45600,9,40,66.17,-4,2024-11-04,2024-11-04 09:40:00,2024-11-04 09:40:00,JYZ24.csv,79,JYZ24.csv,6.0,66.165,66.165,397.02,396.99,0.029999999999972715
45600,9,50,66.21,-3,2024-11-04,2024-11-04 09:50:00,2024-11-04 09:50:00,JYZ24.csv,63,JYZ24.csv,1.0,66.18,66.18,66.21,66.18,0.029999999999986926
45600,10,0,66.225,-9,2024-11-04,2024-11-04 10:00:00,2024-11-04 10:00:00,JYZ24.csv,697,JYZ24.csv,-6.0,66.24499999999999,66.24499999999999,397.34999999999997,397.4699999999999,0.1199999999999477
45600,10,30,66.165,-7,2024-11-04,2024-11-04 10:30:00,2024-11-04 10:30:00,JYZ24.csv,196,JYZ24.csv,2.0,66.17500000000001,66.17500000000001,132.33,132.35000000000002,-0.020000000000010232
45600,10,50,66.125,-4,2024-11-04,2024-11-04 10:50:00,2024-11-04 10:50:00,JYZ24.csv,437,JYZ24.csv,3.0,66.13000000000001,66.13000000000001,198.375,198.39000000000004,-0.015000000000043201
45600,11,10,66.105,-7,2024-11-04,2024-11-04 11:10:00,2024-11-04 11:10:00,JYZ24.csv,112,JYZ24.csv,-3.0,66.115,66.115,198.315,198.34499999999997,0.029999999999972715
45601,6,30,66.05,0,2024-11-05,2024-11-05 06:30:00,2024-11-05 06:30:00,JYZ24.csv,114,JYZ24.csv,7.0,66.05,66.05,462.34999999999997,462.34999999999997,0.0
45601,8,0,66.005,-1,2024-11-05,2024-11-05 08:00:00,2024-11-05 08:00:00,JYZ24.csv,192,JYZ24.csv,-1.0,66.0,66.0,66.005,66.0,-0.0049999999999954525
45601,10,0,66.04,4,2024-11-05,2024-11-05 10:00:00,2024-11-05 10:00:00,JYZ24.csv,2839,JYZ24.csv,5.0,66.11,66.11,330.20000000000005,330.55,-0.3499999999999659
45601,10,20,66.165,-1,2024-11-05,2024-11-05 10:20:00,2024-11-05 10:20:00,JYZ24.csv,163,JYZ24.csv,-5.0,66.14,66.14,330.82500000000005,330.7,-0.12500000000005684
45601,10,30,66.16,-8,2024-11-05,2024-11-05 10:30:00,2024-11-05 10:30:00,JYZ24.csv,66,JYZ24.csv,-7.0,66.175,66.175,463.12,463.22499999999997,0.10499999999996135
45601,11,0,66.11,-1,2024-11-05,2024-11-05 11:00:00,2024-11-05 11:00:00,JYZ24.csv,540,JYZ24.csv,7.0,66.13000000000001,66.13000000000001,462.77,462.9100000000001,-0.14000000000010004
45601,11,20,66.17,-4,2024-11-05,2024-11-05 11:20:00,2024-11-05 11:20:00,JYZ24.csv,54,JYZ24.csv,-3.0,66.14,66.14,198.51,198.42000000000002,-0.08999999999997499
45601,13,0,66.27,-8,2024-11-05,2024-11-05 13:00:00,2024-11-05 13:00:00,JYZ24.csv,112,JYZ24.csv,-4.0,66.295,66.295,265.08,265.18,0.10000000000002274
45602,6,30,65.205,-10,2024-11-06,2024-11-06 06:30:00,2024-11-06 06:30:00,JYZ24.csv,112,JYZ24.csv,-2.0,65.19999999999999,65.19999999999999,130.41,130.39999999999998,-0.010000000000019327
45602,9,0,65.135,-5,2024-11-06,2024-11-06 09:00:00,2024-11-06 09:00:00,JYZ24.csv,239,JYZ24.csv,5.0,65.14,65.14,325.675,325.7,-0.024999999999977263
45602,10,30,65.185,-3,2024-11-06,2024-11-06 10:30:00,2024-11-06 10:30:00,JYZ24.csv,462,JYZ24.csv,2.0,65.18,65.18,130.37,130.36,0.009999999999990905
45602,11,20,65.105,-1,2024-11-06,2024-11-06 11:20:00,2024-11-06 11:20:00,JYZ24.csv,106,JYZ24.csv,2.0,65.08,65.08,130.21,130.16,0.05000000000001137
45602,11,40,65.065,-3,2024-11-06,2024-11-06 11:40:00,2024-11-06 11:40:00,JYZ24.csv,157,JYZ24.csv,-2.0,65.03,65.03,130.13,130.06,-0.06999999999999318
45603,6,30,65.23,-2,2024-11-07,2024-11-07 06:30:00,2024-11-07 06:30:00,JYZ24.csv,23,JYZ24.csv,1.0,65.23,65.23,65.23,65.23,0.0
45603,8,0,65.335,-4,2024-11-07,2024-11-07 08:00:00,2024-11-07 08:00:00,JYZ24.csv,217,JYZ24.csv,-2.0,65.33,65.33,130.67,130.66,-0.009999999999990905
45603,9,0,65.45,0,2024-11-07,2024-11-07 09:00:00,2024-11-07 09:00:00,JYZ24.csv,584,JYZ24.csv,4.0,65.44,65.44,261.8,261.76,0.040000000000020464
45603,9,20,65.46,-4,2024-11-07,2024-11-07 09:20:00,2024-11-07 09:20:00,JYZ24.csv,403,JYZ24.csv,-4.0,65.455,65.455,261.84,261.82,-0.01999999999998181
45603,10,0,65.565,1,2024-11-07,2024-11-07 10:00:00,2024-11-07 10:00:00,JYZ24.csv,559,JYZ24.csv,5.0,65.555,65.555,327.825,327.77500000000003,0.049999999999954525
45603,10,20,65.57,-1,2024-11-07,2024-11-07 10:20:00,2024-11-07 10:20:00,JYZ24.csv,189,JYZ24.csv,-2.0,65.585,65.585,131.14,131.17,0.030000000000001137
45603,10,30,65.68,-2,2024-11-07,2024-11-07 10:30:00,2024-11-07 10:30:00,JYZ24.csv,693,JYZ24.csv,-1.0,65.715,65.715,65.68,65.715,0.03499999999999659
45603,10,40,65.67,-5,2024-11-07,2024-11-07 10:40:00,2024-11-07 10:40:00,JYZ24.csv,432,JYZ24.csv,-3.0,65.69,65.69,197.01,197.07,0.060000000000002274
45603,11,20,65.59,1,2024-11-07,2024-11-07 11:20:00,2024-11-07 11:20:00,JYZ24.csv,215,JYZ24.csv,6.0,65.58,65.58,393.54,393.48,0.060000000000002274
45603,11,40,65.61,-5,2024-11-07,2024-11-07 11:40:00,2024-11-07 11:40:00,JYZ24.csv,35,JYZ24.csv,-6.0,65.62,65.62,393.65999999999997,393.72,0.06000000000005912
45604,6,30,65.975,-2,2024-11-08,2024-11-08 06:30:00,2024-11-08 06:30:00,JYZ24.csv,52,JYZ24.csv,3.0,65.94500000000001,65.95,197.92499999999998,197.85000000000002,0.07499999999996021
45604,8,0,65.93,2,2024-11-08,2024-11-08 08:00:00,2024-11-08 08:00:00,JYZ24.csv,90,JYZ24.csv,4.0,65.92,65.92,263.72,263.68,0.040000000000020464
45604,9,0,65.77,0,2024-11-08,2024-11-08 09:00:00,2024-11-08 09:00:00,JYZ24.csv,141,JYZ24.csv,-2.0,65.77499999999999,65.77499999999999,131.54,131.54999999999998,0.009999999999990905
45604,9,30,65.82,3,2024-11-08,2024-11-08 09:30:00,2024-11-08 09:30:00,JYZ24.csv,217,JYZ24.csv,3.0,65.82000000000001,65.82000000000001,197.45999999999998,197.46000000000004,-5.684341886080802e-14
45604,9,40,65.825,8,2024-11-08,2024-11-08 09:40:00,2024-11-08 09:40:00,JYZ24.csv,113,JYZ24.csv,5.0,65.79,65.79,329.125,328.95000000000005,0.17499999999995453
45604,9,50,65.79,2,2024-11-08,2024-11-08 09:50:00,2024-11-08 09:50:00,JYZ24.csv,264,JYZ24.csv,-6.0,65.77499999999999,65.77499999999999,394.74,394.65,-0.09000000000003183
45604,10,0,65.765,-3,2024-11-08,2024-11-08 10:00:00,2024-11-08 10:00:00,JYZ24.csv,640,JYZ24.csv,-5.0,65.835,65.835,328.825,329.17499999999995,0.3499999999999659
45604,10,10,65.86,0,2024-11-08,2024-11-08 10:10:00,2024-11-08 10:10:00,JYZ24.csv,260,JYZ24.csv,3.0,65.885,65.885,197.57999999999998,197.65500000000003,-0.07500000000004547
45604,10,30,65.885,-3,2024-11-08,2024-11-08 10:30:00,2024-11-08 10:30:00,JYZ24.csv,317,JYZ24.csv,-3.0,65.84,65.84,197.65500000000003,197.52,-0.13500000000001933
45604,11,10,65.85,1,2024-11-08,2024-11-08 11:10:00,2024-11-08 11:10:00,JYZ24.csv,35,JYZ24.csv,4.0,65.80000000000001,65.80000000000001,263.4,263.20000000000005,0.1999999999999318
45604,11,20,65.815,4,2024-11-08,2024-11-08 11:20:00,2024-11-08 11:20:00,JYZ24.csv,67,JYZ24.csv,3.0,65.80000000000001,65.80000000000001,197.445,197.40000000000003,0.04499999999995907
45604,11,30,65.82,0,2024-11-08,2024-11-08 11:30:00,2024-11-08 11:30:00,JYZ24.csv,45,JYZ24.csv,-4.0,65.78999999999999,65.78999999999999,263.28,263.15999999999997,-0.12000000000000455
45604,11,40,65.785,-3,2024-11-08,2024-11-08 11:40:00,2024-11-08 11:40:00,JYZ24.csv,100,JYZ24.csv,-3.0,65.86,65.86,197.355,197.57999999999998,0.22499999999999432
45604,16,15,65.87,0,2024-11-08,2024-11-08 16:15:00,2024-11-08 16:15:00,JYZ24.csv,14,JYZ24.csv,3.0,65.89,65.89,197.61,197.67000000000002,-0.060000000000002274
45607,6,30,65.34,-6,2024-11-11,2024-11-11 06:30:00,2024-11-11 06:30:00,JYZ24.csv,28,JYZ24.csv,-6.0,65.33,65.33,392.04,391.98,-0.060000000000002274
45607,8,0,65.31,-7,2024-11-11,2024-11-11 08:00:00,2024-11-11 08:00:00,JYZ24.csv,51,JYZ24.csv,-1.0,65.32,65.32,65.31,65.32,0.009999999999990905
45607,9,0,65.325,-6,2024-11-11,2024-11-11 09:00:00,2024-11-11 09:00:00,JYZ24.csv,450,JYZ24.csv,1.0,65.365,65.365,65.325,65.365,-0.03999999999999204
45607,9,50,65.28,-7,2024-11-11,2024-11-11 09:50:00,2024-11-11 09:50:00,JYZ24.csv,229,JYZ24.csv,-1.0,65.27,65.27,65.28,65.27,-0.010000000000005116
45607,10,10,65.285,-6,2024-11-11,2024-11-11 10:10:00,2024-11-11 10:10:00,JYZ24.csv,47,JYZ24.csv,1.0,65.26,65.26,65.285,65.26,0.024999999999991473
45607,10,30,65.29,0,2024-11-11,2024-11-11 10:30:00,2024-11-11 10:30:00,JYZ24.csv,194,JYZ24.csv,6.0,65.275,65.275,391.74,391.65000000000003,0.08999999999997499
45608,8,0,65.18,-10,2024-11-12,2024-11-12 08:00:00,2024-11-12 08:00:00,JYZ24.csv,161,JYZ24.csv,-10.0,65.16,65.16,651.8000000000001,651.5999999999999,-0.20000000000015916
45608,9,0,65.05,-6,2024-11-12,2024-11-12 09:00:00,2024-11-12 09:00:00,JYZ24.csv,341,JYZ24.csv,4.0,65.05,65.05,260.2,260.2,0.0
45608,9,50,65.045,-7,2024-11-12,2024-11-12 09:50:00,2024-11-12 09:50:00,JYZ24.csv,250,JYZ24.csv,-1.0,65.035,65.035,65.045,65.035,-0.010000000000005116
45608,10,10,65.01,-6,2024-11-12,2024-11-12 10:10:00,2024-11-12 10:10:00,JYZ24.csv,53,JYZ24.csv,1.0,65.005,65.005,65.01,65.005,0.005000000000009663
45609,8,0,64.815,-9,2024-11-13,2024-11-13 08:00:00,2024-11-13 08:00:00,JYZ24.csv,299,JYZ24.csv,-3.0,64.8,64.8,194.445,194.39999999999998,-0.045000000000015916
45609,9,0,64.995,-7,2024-11-13,2024-11-13 09:00:00,2024-11-13 09:00:00,JYZ24.csv,876,JYZ24.csv,2.0,65.025,65.025,129.99,130.05,-0.060000000000002274
45609,9,20,64.99,-2,2024-11-13,2024-11-13 09:20:00,2024-11-13 09:20:00,JYZ24.csv,328,JYZ24.csv,5.0,64.97500000000001,64.97500000000001,324.95,324.87500000000006,0.07499999999993179
45609,9,40,64.89,-1,2024-11-13,2024-11-13 09:40:00,2024-11-13 09:40:00,JYZ24.csv,240,JYZ24.csv,1.0,64.92500000000001,64.92500000000001,64.89,64.92500000000001,-0.0350000000000108
45609,10,0,64.855,-7,2024-11-13,2024-11-13 10:00:00,2024-11-13 10:00:00,JYZ24.csv,156,JYZ24.csv,-6.0,64.785,64.785,389.13,388.71,-0.4200000000000159
45609,10,30,64.74,-2,2024-11-13,2024-11-13 10:30:00,2024-11-13 10:30:00,JYZ24.csv,343,JYZ24.csv,5.0,64.765,64.765,323.7,323.825,-0.125
45609,10,50,64.755,-7,2024-11-13,2024-11-13 10:50:00,2024-11-13 10:50:00,JYZ24.csv,253,JYZ24.csv,-5.0,64.785,64.785,323.775,323.92499999999995,0.14999999999997726
45610,8,0,64.345,-6,2024-11-14,2024-11-14 08:00:00,2024-11-14 08:00:00,JYZ24.csv,46,JYZ24.csv,1.0,64.345,64.345,64.345,64.345,0.0
45610,8,40,64.305,-7,2024-11-14,2024-11-14 08:40:00,2024-11-14 08:40:00,JYZ24.csv,194,JYZ24.csv,-1.0,64.33,64.33,64.305,64.33,0.024999999999991473
45610,9,0,64.335,-6,2024-11-14,2024-11-14 09:00:00,2024-11-14 09:00:00,JYZ24.csv,245,JYZ24.csv,1.0,64.385,64.385,64.335,64.385,-0.05000000000001137
45610,9,20,64.44,-8,2024-11-14,2024-11-14 09:20:00,2024-11-14 09:20:00,JYZ24.csv,149,JYZ24.csv,-2.0,64.415,64.415,128.88,128.83,-0.04999999999998295
45610,9,50,64.44,-10,2024-11-14,2024-11-14 09:50:00,2024-11-14 09:50:00,JYZ24.csv,101,JYZ24.csv,-2.0,64.425,64.425,128.88,128.85,-0.030000000000001137
45610,10,0,64.435,-2,2024-11-14,2024-11-14 10:00:00,2024-11-14 10:00:00,JYZ24.csv,150,JYZ24.csv,8.0,64.42500000000001,64.42500000000001,515.48,515.4000000000001,0.07999999999992724
45610,10,10,64.44,0,2024-11-14,2024-11-14 10:10:00,2024-11-14 10:10:00,JYZ24.csv,124,JYZ24.csv,2.0,64.47500000000001,64.47500000000001,128.88,128.95000000000002,-0.0700000000000216
45610,10,20,64.46,-6,2024-11-14,2024-11-14 10:20:00,2024-11-14 10:20:00,JYZ24.csv,96,JYZ24.csv,-6.0,64.46,64.46,386.76,386.76,-0.0
45610,10,30,64.395,-1,2024-11-14,2024-11-14 10:30:00,2024-11-14 10:30:00,JYZ24.csv,372,JYZ24.csv,5.0,64.38000000000001,64.38000000000001,321.97499999999997,321.90000000000003,0.07499999999993179
45610,10,40,64.33,3,2024-11-14,2024-11-14 10:40:00,2024-11-14 10:40:00,JYZ24.csv,142,JYZ24.csv,4.0,64.31,64.365,257.32,257.46,-0.13999999999998636
45610,10,50,64.355,-2,2024-11-14,2024-11-14 10:50:00,2024-11-14 10:50:00,JYZ24.csv,141,JYZ24.csv,-5.0,64.38499999999999,64.38499999999999,321.77500000000003,321.92499999999995,0.14999999999992042
45610,11,0,64.365,-6,2024-11-14,2024-11-14 11:00:00,2024-11-14 11:00:00,JYZ24.csv,588,JYZ24.csv,-4.0,64.38499999999999,64.38499999999999,257.46,257.53999999999996,0.07999999999998408
45610,11,20,64.435,-7,2024-11-14,2024-11-14 11:20:00,2024-11-14 11:20:00,JYZ24.csv,56,JYZ24.csv,-1.0,64.45,64.45,64.435,64.45,0.015000000000000568
45610,11,40,64.42,-6,2024-11-14,2024-11-14 11:40:00,2024-11-14 11:40:00,JYZ24.csv,79,JYZ24.csv,1.0,64.405,64.405,64.42,64.405,0.015000000000000568
45611,6,30,64.62,-7,2024-11-15,2024-11-15 06:30:00,2024-11-15 06:30:00,JYZ24.csv,185,JYZ24.csv,-1.0,64.615,64.615,64.62,64.615,-0.005000000000009663
45611,8,0,64.6,-3,2024-11-15,2024-11-15 08:00:00,2024-11-15 08:00:00,JYZ24.csv,76,JYZ24.csv,4.0,64.595,64.595,258.4,258.38,0.01999999999998181
45611,9,30,64.635,0,2024-11-15,2024-11-15 09:30:00,2024-11-15 09:30:00,JYZ24.csv,277,JYZ24.csv,3.0,64.58500000000001,64.58500000000001,193.90500000000003,193.75500000000002,0.15000000000000568
45611,9,40,64.48,5,2024-11-15,2024-11-15 09:40:00,2024-11-15 09:40:00,JYZ24.csv,232,JYZ24.csv,5.0,64.48,64.48,322.40000000000003,322.40000000000003,0.0
45611,9,50,64.44,-2,2024-11-15,2024-11-15 09:50:00,2024-11-15 09:50:00,JYZ24.csv,382,JYZ24.csv,-7.0,64.475,64.475,451.08,451.32499999999993,0.2449999999999477
45611,10,0,64.52,-7,2024-11-15,2024-11-15 10:00:00,2024-11-15 10:00:00,JYZ24.csv,239,JYZ24.csv,-5.0,64.55499999999999,64.55499999999999,322.59999999999997,322.775,0.17500000000001137
45611,10,10,64.625,-3,2024-11-15,2024-11-15 10:10:00,2024-11-15 10:10:00,JYZ24.csv,178,JYZ24.csv,4.0,64.61500000000001,64.61500000000001,258.5,258.46000000000004,0.03999999999996362
45611,10,20,64.65,-4,2024-11-15,2024-11-15 10:20:00,2024-11-15 10:20:00,JYZ24.csv,187,JYZ24.csv,-1.0,64.63,64.63,64.65,64.63,-0.020000000000010232
45611,10,30,64.66,-3,2024-11-15,2024-11-15 10:30:00,2024-11-15 10:30:00,JYZ24.csv,174,JYZ24.csv,1.0,64.705,64.705,64.66,64.705,-0.045000000000001705
45611,10,40,64.76,-2,2024-11-15,2024-11-15 10:40:00,2024-11-15 10:40:00,JYZ24.csv,636,JYZ24.csv,1.0,64.76,64.76,64.76,64.76,0.0
45611,11,0,64.77,-3,2024-11-15,2024-11-15 11:00:00,2024-11-15 11:00:00,JYZ24.csv,928,JYZ24.csv,-1.0,64.795,64.795,64.77,64.795,0.025000000000005684
45611,11,10,64.87,-5,2024-11-15,2024-11-15 11:10:00,2024-11-15 11:10:00,JYZ24.csv,389,JYZ24.csv,-2.0,64.86,64.86,129.74,129.72,-0.020000000000010232
45611,11,30,64.835,-3,2024-11-15,2024-11-15 11:30:00,2024-11-15 11:30:00,JYZ24.csv,340,JYZ24.csv,2.0,64.825,64.825,129.67,129.65,0.01999999999998181
45611,11,50,64.925,-5,2024-11-15,2024-11-15 11:50:00,2024-11-15 11:50:00,JYZ24.csv,134,JYZ24.csv,-2.0,64.935,64.935,129.85,129.87,0.020000000000010232
45611,12,10,64.95,-3,2024-11-15,2024-11-15 12:10:00,2024-11-15 12:10:00,JYZ24.csv,148,JYZ24.csv,2.0,64.97,64.97,129.9,129.94,-0.03999999999999204
45611,13,0,65.055,-2,2024-11-15,2024-11-15 13:00:00,2024-11-15 13:00:00,JYZ24.csv,81,JYZ24.csv,1.0,65.05000000000001,65.05000000000001,65.055,65.05000000000001,0.0049999999999954525
45611,16,15,65.035,0,2024-11-15,2024-11-15 16:15:00,2024-11-15 16:15:00,JYZ24.csv,3,JYZ24.csv,2.0,65.015,65.015,130.07,130.03,0.03999999999999204
45614,6,30,64.71,-4,2024-11-18,2024-11-18 06:30:00,2024-11-18 06:30:00,JYZ24.csv,32,JYZ24.csv,-4.0,64.71,64.71,258.84,258.84,-0.0
45614,8,0,64.625,-10,2024-11-18,2024-11-18 08:00:00,2024-11-18 08:00:00,JYZ24.csv,390,JYZ24.csv,-6.0,64.625,64.625,387.75,387.75,-0.0
45614,9,0,64.79,-4,2024-11-18,2024-11-18 09:00:00,2024-11-18 09:00:00,JYZ24.csv,136,JYZ24.csv,6.0,64.79,64.79,388.74,388.74,0.0
45614,9,20,64.79,-10,2024-11-18,2024-11-18 09:20:00,2024-11-18 09:20:00,JYZ24.csv,129,JYZ24.csv,-6.0,64.795,64.795,388.74,388.77,0.029999999999972715
45614,9,40,64.83,-4,2024-11-18,2024-11-18 09:40:00,2024-11-18 09:40:00,JYZ24.csv,547,JYZ24.csv,6.0,64.825,64.86,388.98,389.15999999999997,-0.17999999999994998
45614,10,0,64.825,-10,2024-11-18,2024-11-18 10:00:00,2024-11-18 10:00:00,JYZ24.csv,261,JYZ24.csv,-6.0,64.825,64.825,388.95000000000005,388.95000000000005,-0.0
45614,10,10,64.8,-7,2024-11-18,2024-11-18 10:10:00,2024-11-18 10:10:00,JYZ24.csv,229,JYZ24.csv,3.0,64.795,64.795,194.39999999999998,194.385,0.014999999999986358
45614,10,30,64.75,-3,2024-11-18,2024-11-18 10:30:00,2024-11-18 10:30:00,JYZ24.csv,122,JYZ24.csv,4.0,64.745,64.795,259.0,259.18,-0.18000000000000682
45614,10,50,64.735,0,2024-11-18,2024-11-18 10:50:00,2024-11-18 10:50:00,JYZ24.csv,218,JYZ24.csv,3.0,64.735,64.735,194.20499999999998,194.20499999999998,0.0
45614,11,10,64.765,-6,2024-11-18,2024-11-18 11:10:00,2024-11-18 11:10:00,JYZ24.csv,82,JYZ24.csv,-6.0,64.77,64.77,388.59000000000003,388.62,0.029999999999972715
45615,6,30,65.255,-3,2024-11-19,2024-11-19 06:30:00,2024-11-19 06:30:00,JYZ24.csv,67,JYZ24.csv,3.0,65.18,65.2,195.765,195.60000000000002,0.16499999999996362
45615,9,0,65.385,2,2024-11-19,2024-11-19 09:00:00,2024-11-19 09:00:00,JYZ24.csv,185,JYZ24.csv,5.0,65.17,65.17,326.925,325.85,1.0749999999999886
45615,9,10,65.18,-2,2024-11-19,2024-11-19 09:10:00,2024-11-19 09:10:00,JYZ24.csv,638,JYZ24.csv,-4.0,65.21499999999999,65.21499999999999,260.72,260.85999999999996,0.13999999999992951
45615,9,20,65.2,-8,2024-11-19,2024-11-19 09:20:00,2024-11-19 09:20:00,JYZ24.csv,220,JYZ24.csv,-6.0,65.17999999999999,65.17999999999999,391.20000000000005,391.0799999999999,-0.12000000000011823
45615,9,30,65.165,-4,2024-11-19,2024-11-19 09:30:00,2024-11-19 09:30:00,JYZ24.csv,615,JYZ24.csv,4.0,65.135,65.135,260.66,260.54,0.12000000000000455
45615,9,40,65.14,-3,2024-11-19,2024-11-19 09:40:00,2024-11-19 09:40:00,JYZ24.csv,151,JYZ24.csv,1.0,65.135,65.135,65.14,65.135,0.0049999999999954525
45615,10,30,65.185,-6,2024-11-19,2024-11-19 10:30:00,2024-11-19 10:30:00,JYZ24.csv,108,JYZ24.csv,-3.0,65.115,65.115,195.555,195.34499999999997,-0.21000000000003638
45615,10,40,65.115,-3,2024-11-19,2024-11-19 10:40:00,2024-11-19 10:40:00,JYZ24.csv,188,JYZ24.csv,3.0,65.17,65.17,195.34499999999997,195.51,-0.16500000000002046
45615,10,50,65.145,1,2024-11-19,2024-11-19 10:50:00,2024-11-19 10:50:00,JYZ24.csv,411,JYZ24.csv,4.0,65.17,65.17,260.58,260.68,-0.10000000000002274
45615,11,0,65.175,-2,2024-11-19,2024-11-19 11:00:00,2024-11-19 11:00:00,JYZ24.csv,600,JYZ24.csv,-3.0,65.125,65.125,195.52499999999998,195.375,-0.14999999999997726
45615,11,10,65.135,-6,2024-11-19,2024-11-19 11:10:00,2024-11-19 11:10:00,JYZ24.csv,172,JYZ24.csv,-4.0,65.08999999999999,65.08999999999999,260.54,260.35999999999996,-0.18000000000006366
45615,11,20,65.08,-2,2024-11-19,2024-11-19 11:20:00,2024-11-19 11:20:00,JYZ24.csv,74,JYZ24.csv,4.0,65.0,65.0,260.32,260.0,0.3199999999999932
45615,11,30,65.0,3,2024-11-19,2024-11-19 11:30:00,2024-11-19 11:30:00,JYZ24.csv,195,JYZ24.csv,5.0,64.97,64.97,325.0,324.85,0.14999999999997726
45615,11,40,64.98,2,2024-11-19,2024-11-19 11:40:00,2024-11-19 11:40:00,JYZ24.csv,265,JYZ24.csv,-1.0,65.005,65.005,64.98,65.005,0.024999999999991473
45615,11,50,64.995,-3,2024-11-19,2024-11-19 11:50:00,2024-11-19 11:50:00,JYZ24.csv,174,JYZ24.csv,-5.0,65.005,65.005,324.975,325.025,0.049999999999954525
45615,12,0,64.995,-6,2024-11-19,2024-11-19 12:00:00,2024-11-19 12:00:00,JYZ24.csv,157,JYZ24.csv,-3.0,65.03999999999999,65.03999999999999,194.985,195.11999999999998,0.13499999999996248
45616,6,30,64.4,-10,2024-11-20,2024-11-20 06:30:00,2024-11-20 06:30:00,JYZ24.csv,55,JYZ24.csv,-4.0,64.42,64.42,257.6,257.68,0.07999999999998408
45616,9,0,64.42,-7,2024-11-20,2024-11-20 09:00:00,2024-11-20 09:00:00,JYZ24.csv,134,JYZ24.csv,3.0,64.42,64.42,193.26,193.26,0.0
45616,9,30,64.43,-10,2024-11-20,2024-11-20 09:30:00,2024-11-20 09:30:00,JYZ24.csv,176,JYZ24.csv,-3.0,64.42999999999999,64.42999999999999,193.29000000000002,193.28999999999996,-5.684341886080802e-14
45616,9,50,64.43,-7,2024-11-20,2024-11-20 09:50:00,2024-11-20 09:50:00,JYZ24.csv,80,JYZ24.csv,3.0,64.43,64.43,193.29000000000002,193.29000000000002,0.0
45616,10,20,64.63,-9,2024-11-20,2024-11-20 10:20:00,2024-11-20 10:20:00,JYZ24.csv,487,JYZ24.csv,-2.0,64.67,64.67,129.26,129.34,0.0800000000000125
45616,10,30,64.65,-5,2024-11-20,2024-11-20 10:30:00,2024-11-20 10:30:00,JYZ24.csv,204,JYZ24.csv,4.0,64.67,64.67,258.6,258.68,-0.07999999999998408
45616,10,40,64.615,-3,2024-11-20,2024-11-20 10:40:00,2024-11-20 10:40:00,JYZ24.csv,216,JYZ24.csv,2.0,64.61,64.61,129.23,129.22,0.009999999999990905
45616,10,50,64.555,1,2024-11-20,2024-11-20 10:50:00,2024-11-20 10:50:00,JYZ24.csv,301,JYZ24.csv,4.0,64.54,64.54,258.22,258.16,0.060000000000002274
45616,11,0,64.505,4,2024-11-20,2024-11-20 11:00:00,2024-11-20 11:00:00,JYZ24.csv,458,JYZ24.csv,3.0,64.495,64.495,193.515,193.485,0.029999999999972715
45616,11,10,64.51,0,2024-11-20,2024-11-20 11:10:00,2024-11-20 11:10:00,JYZ24.csv,189,JYZ24.csv,-4.0,64.53999999999999,64.53999999999999,258.04,258.15999999999997,0.1199999999999477
45616,11,20,64.52,-3,2024-11-20,2024-11-20 11:20:00,2024-11-20 11:20:00,JYZ24.csv,70,JYZ24.csv,-3.0,64.53999999999999,64.53999999999999,193.56,193.61999999999998,0.05999999999997385
45616,11,30,64.59,-2,2024-11-20,2024-11-20 11:30:00,2024-11-20 11:30:00,JYZ24.csv,183,JYZ24.csv,1.0,64.60000000000001,64.60000000000001,64.59,64.60000000000001,-0.010000000000005116
45616,11,50,64.58,-3,2024-11-20,2024-11-20 11:50:00,2024-11-20 11:50:00,JYZ24.csv,122,JYZ24.csv,-1.0,64.565,64.565,64.58,64.565,-0.015000000000000568
45617,8,0,64.94,0,2024-11-21,2024-11-21 08:00:00,2024-11-21 08:00:00,JYZ24.csv,172,JYZ24.csv,3.0,64.91000000000001,64.91000000000001,194.82,194.73000000000002,0.08999999999997499
45617,9,10,64.94,-2,2024-11-21,2024-11-21 09:10:00,2024-11-21 09:10:00,JYZ24.csv,187,JYZ24.csv,-2.0,64.925,64.925,129.88,129.85,-0.030000000000001137
45617,9,30,64.94,0,2024-11-21,2024-11-21 09:30:00,2024-11-21 09:30:00,JYZ24.csv,247,JYZ24.csv,2.0,64.985,64.985,129.88,129.97,-0.09000000000000341
45617,9,50,65.04,-2,2024-11-21,2024-11-21 09:50:00,2024-11-21 09:50:00,JYZ24.csv,254,JYZ24.csv,-2.0,65.065,65.065,130.08,130.13,0.04999999999998295
45617,10,10,65.145,0,2024-11-21,2024-11-21 10:10:00,2024-11-21 10:10:00,JYZ24.csv,219,JYZ24.csv,2.0,65.075,65.075,130.29,130.15,0.13999999999998636
45617,10,20,65.075,4,2024-11-21,2024-11-21 10:20:00,2024-11-21 10:20:00,JYZ24.csv,85,JYZ24.csv,4.0,65.105,65.105,260.3,260.42,-0.12000000000000455
45617,10,40,65.085,0,2024-11-21,2024-11-21 10:40:00,2024-11-21 10:40:00,JYZ24.csv,92,JYZ24.csv,-4.0,65.045,65.045,260.34,260.18,-0.15999999999996817
45617,10,50,65.01,4,2024-11-21,2024-11-21 10:50:00,2024-11-21 10:50:00,JYZ24.csv,451,JYZ24.csv,4.0,65.05000000000001,65.05000000000001,260.04,260.20000000000005,-0.160000000000025
45617,11,0,64.985,5,2024-11-21,2024-11-21 11:00:00,2024-11-21 11:00:00,JYZ24.csv,426,JYZ24.csv,1.0,64.95,64.95,64.985,64.95,0.03499999999999659
45617,11,10,64.97,1,2024-11-21,2024-11-21 11:10:00,2024-11-21 11:10:00,JYZ24.csv,247,JYZ24.csv,-4.0,64.96499999999999,64.96499999999999,259.88,259.85999999999996,-0.020000000000038654
45617,11,40,64.9,-2,2024-11-21,2024-11-21 11:40:00,2024-11-21 11:40:00,JYZ24.csv,167,JYZ24.csv,-3.0,64.865,64.865,194.70000000000002,194.59499999999997,-0.10500000000004661
45617,13,0,64.935,0,2024-11-21,2024-11-21 13:00:00,2024-11-21 13:00:00,JYZ24.csv,61,JYZ24.csv,2.0,64.9,64.9,129.87,129.8,0.06999999999999318
45618,8,0,64.905,-2,2024-11-22,2024-11-22 08:00:00,2024-11-22 08:00:00,JYZ24.csv,59,JYZ24.csv,-2.0,64.915,64.915,129.81,129.83,0.020000000000010232
45618,9,0,65.0,-5,2024-11-22,2024-11-22 09:00:00,2024-11-22 09:00:00,JYZ24.csv,218,JYZ24.csv,-3.0,64.915,64.915,195.0,194.745,-0.25499999999999545
45618,9,10,64.92,-8,2024-11-22,2024-11-22 09:10:00,2024-11-22 09:10:00,JYZ24.csv,132,JYZ24.csv,-3.0,64.87,64.87,194.76,194.61,-0.14999999999997726
45618,9,20,64.865,-5,2024-11-22,2024-11-22 09:20:00,2024-11-22 09:20:00,JYZ24.csv,47,JYZ24.csv,3.0,64.84,64.84,194.59499999999997,194.52,0.07499999999996021
45618,9,30,64.835,-2,2024-11-22,2024-11-22 09:30:00,2024-11-22 09:30:00,JYZ24.csv,276,JYZ24.csv,3.0,64.83,64.83,194.505,194.49,0.014999999999986358
45618,9,40,64.84,-5,2024-11-22,2024-11-22 09:40:00,2024-11-22 09:40:00,JYZ24.csv,295,JYZ24.csv,-3.0,64.705,64.705,194.52,194.115,-0.40500000000000114
45618,10,0,64.75,-1,2024-11-22,2024-11-22 10:00:00,2024-11-22 10:00:00,JYZ24.csv,1029,JYZ24.csv,4.0,64.825,64.825,259.0,259.3,-0.30000000000001137
45618,10,20,64.755,-5,2024-11-22,2024-11-22 10:20:00,2024-11-22 10:20:00,JYZ24.csv,65,JYZ24.csv,-4.0,64.86,64.86,259.02,259.44,0.4200000000000159
45618,10,40,64.765,-2,2024-11-22,2024-11-22 10:40:00,2024-11-22 10:40:00,JYZ24.csv,54,JYZ24.csv,3.0,64.825,64.825,194.29500000000002,194.47500000000002,-0.18000000000000682
45618,11,20,64.76,-5,2024-11-22,2024-11-22 11:20:00,2024-11-22 11:20:00,JYZ24.csv,105,JYZ24.csv,-3.0,64.74499999999999,64.74499999999999,194.28000000000003,194.23499999999996,-0.04500000000007276
45618,16,15,64.775,0,2024-11-22,2024-11-22 16:15:00,2024-11-22 16:15:00,JYZ24.csv,171,JYZ24.csv,5.0,64.77,64.77,323.875,323.84999999999997,0.025000000000034106
45621,6,30,64.935,2,2024-11-25,2024-11-25 06:30:00,2024-11-25 06:30:00,JYZ24.csv,38,JYZ24.csv,2.0,64.935,64.935,129.87,129.87,0.0
45621,9,20,65.2,7,2024-11-25,2024-11-25 09:20:00,2024-11-25 09:20:00,JYZ24.csv,262,JYZ24.csv,5.0,65.19500000000001,65.19500000000001,326.0,325.975,0.024999999999977263
45621,9,40,65.175,4,2024-11-25,2024-11-25 09:40:00,2024-11-25 09:40:00,JYZ24.csv,362,JYZ24.csv,-3.0,65.175,65.175,195.52499999999998,195.52499999999998,-0.0
45621,10,0,65.22,2,2024-11-25,2024-11-25 10:00:00,2024-11-25 10:00:00,JYZ24.csv,191,JYZ24.csv,-2.0,65.22,65.22,130.44,130.44,-0.0
45621,10,30,65.165,0,2024-11-25,2024-11-25 10:30:00,2024-11-25 10:30:00,JYZ24.csv,221,JYZ24.csv,-2.0,65.165,65.165,130.33,130.33,-0.0
45621,10,50,65.08,5,2024-11-25,2024-11-25 10:50:00,2024-11-25 10:50:00,JYZ24.csv,733,JYZ24.csv,5.0,65.075,65.075,325.4,325.375,0.024999999999977263
45621,11,10,64.96,0,2024-11-25,2024-11-25 11:10:00,2024-11-25 11:10:00,JYZ24.csv,224,JYZ24.csv,-5.0,64.96499999999999,64.925,324.79999999999995,324.625,-0.17499999999995453
45622,6,30,65.16,3,2024-11-26,2024-11-26 06:30:00,2024-11-26 06:30:00,JYZ24.csv,18,JYZ24.csv,3.0,65.19,65.19,195.48,195.57,-0.09000000000000341
45622,8,0,65.415,-2,2024-11-26,2024-11-26 08:00:00,2024-11-26 08:00:00,JYZ24.csv,342,JYZ24.csv,-5.0,65.45,65.45,327.07500000000005,327.25,0.17499999999995453
45622,10,30,65.22,-5,2024-11-26,2024-11-26 10:30:00,2024-11-26 10:30:00,JYZ24.csv,189,JYZ24.csv,-3.0,65.235,65.235,195.66,195.70499999999998,0.044999999999987494
45622,11,10,65.26,-2,2024-11-26,2024-11-26 11:10:00,2024-11-26 11:10:00,JYZ24.csv,152,JYZ24.csv,3.0,65.245,65.245,195.78000000000003,195.735,0.045000000000015916
45622,11,20,65.23,1,2024-11-26,2024-11-26 11:20:00,2024-11-26 11:20:00,JYZ24.csv,85,JYZ24.csv,3.0,65.235,65.235,195.69,195.70499999999998,-0.014999999999986358
45622,11,30,65.25,-2,2024-11-26,2024-11-26 11:30:00,2024-11-26 11:30:00,JYZ24.csv,65,JYZ24.csv,-3.0,65.3,65.3,195.75,195.89999999999998,0.14999999999997726
45622,11,40,65.3,-5,2024-11-26,2024-11-26 11:40:00,2024-11-26 11:40:00,JYZ24.csv,57,JYZ24.csv,-3.0,65.28999999999999,65.28999999999999,195.89999999999998,195.86999999999998,-0.030000000000001137
45623,6,30,66.12,-6,2024-11-27,2024-11-27 06:30:00,2024-11-27 06:30:00,JYZ24.csv,100,JYZ24.csv,-1.0,66.14,66.14,66.12,66.14,0.01999999999999602
45623,9,10,66.245,-2,2024-11-27,2024-11-27 09:10:00,2024-11-27 09:10:00,JYZ24.csv,377,JYZ24.csv,4.0,66.24000000000001,66.24000000000001,264.98,264.96000000000004,0.01999999999998181
45623,9,40,66.215,2,2024-11-27,2024-11-27 09:40:00,2024-11-27 09:40:00,JYZ24.csv,164,JYZ24.csv,4.0,66.22,66.22,264.86,264.88,-0.01999999999998181
45623,9,50,66.2,-2,2024-11-27,2024-11-27 09:50:00,2024-11-27 09:50:00,JYZ24.csv,767,JYZ24.csv,-4.0,66.195,66.195,264.8,264.78,-0.020000000000038654
45623,10,0,66.235,-6,2024-11-27,2024-11-27 10:00:00,2024-11-27 10:00:00,JYZ24.csv,849,JYZ24.csv,-4.0,66.175,66.175,264.94,264.7,-0.2400000000000091
45623,10,10,66.145,-1,2024-11-27,2024-11-27 10:10:00,2024-11-27 10:10:00,JYZ24.csv,223,JYZ24.csv,5.0,66.045,66.045,330.72499999999997,330.225,0.49999999999994316
45623,10,20,66.07,1,2024-11-27,2024-11-27 10:20:00,2024-11-27 10:20:00,JYZ24.csv,342,JYZ24.csv,2.0,66.11500000000001,66.11500000000001,132.14,132.23000000000002,-0.09000000000003183
45623,10,30,66.115,-3,2024-11-27,2024-11-27 10:30:00,2024-11-27 10:30:00,JYZ24.csv,369,JYZ24.csv,-4.0,66.16499999999999,66.16499999999999,264.46,264.65999999999997,0.19999999999998863
45623,10,40,66.185,-6,2024-11-27,2024-11-27 10:40:00,2024-11-27 10:40:00,JYZ24.csv,401,JYZ24.csv,-3.0,66.265,66.265,198.555,198.79500000000002,0.2400000000000091
45623,10,50,66.285,-8,2024-11-27,2024-11-27 10:50:00,2024-11-27 10:50:00,JYZ24.csv,656,JYZ24.csv,-2.0,66.35499999999999,66.35499999999999,132.57,132.70999999999998,0.13999999999998636
45623,11,0,66.335,-7,2024-11-27,2024-11-27 11:00:00,2024-11-27 11:00:00,JYZ24.csv,1836,JYZ24.csv,1.0,66.245,66.245,66.335,66.245,0.0899999999999892
45623,11,10,66.26,0,2024-11-27,2024-11-27 11:10:00,2024-11-27 11:10:00,JYZ24.csv,182,JYZ24.csv,7.0,66.25,66.25,463.82000000000005,463.75,0.07000000000005002
45623,11,30,66.265,-5,2024-11-27,2024-11-27 11:30:00,2024-11-27 11:30:00,JYZ24.csv,407,JYZ24.csv,-5.0,66.475,66.475,331.325,332.375,1.0500000000000114
45623,12,0,66.515,-7,2024-11-27,2024-11-27 12:00:00,2024-11-27 12:00:00,JYZ24.csv,223,JYZ24.csv,-2.0,66.57,66.57,133.03,133.14,0.10999999999998522
45623,12,20,66.57,-5,2024-11-27,2024-11-27 12:20:00,2024-11-27 12:20:00,JYZ24.csv,274,JYZ24.csv,2.0,66.51,66.51,133.14,133.02,0.11999999999997613
45624,6,30,65.985,-10,2024-11-28,2024-11-28 06:30:00,2024-11-28 06:30:00,JYZ24.csv,12,JYZ24.csv,-5.0,65.985,65.985,329.925,329.925,-0.0
45624,9,0,66.105,-6,2024-11-28,2024-11-28 09:00:00,2024-11-28 09:00:00,JYZ24.csv,39,JYZ24.csv,4.0,66.13,66.13,264.42,264.52,-0.0999999999999659
45624,9,20,66.12,-10,2024-11-28,2024-11-28 09:20:00,2024-11-28 09:20:00,JYZ24.csv,67,JYZ24.csv,-4.0,66.115,66.115,264.48,264.46,-0.020000000000038654
45624,10,30,66.165,-5,2024-11-28,2024-11-28 10:30:00,2024-11-28 10:30:00,JYZ24.csv,68,JYZ24.csv,5.0,66.125,66.125,330.82500000000005,330.625,0.20000000000004547
45624,10,50,66.115,-2,2024-11-28,2024-11-28 10:50:00,2024-11-28 10:50:00,JYZ24.csv,49,JYZ24.csv,3.0,66.13,66.13,198.34499999999997,198.39,-0.045000000000015916
45624,11,10,66.13,-5,2024-11-28,2024-11-28 11:10:00,2024-11-28 11:10:00,JYZ24.csv,39,JYZ24.csv,-3.0,66.115,66.115,198.39,198.34499999999997,-0.045000000000015916
45625,6,30,66.78,-6,2024-11-29,2024-11-29 06:30:00,2024-11-29 06:30:00,JYZ24.csv,81,JYZ24.csv,-1.0,66.78999999999999,66.78999999999999,66.78,66.78999999999999,0.009999999999990905
45625,8,0,66.72,-1,2024-11-29,2024-11-29 08:00:00,2024-11-29 08:00:00,JYZ24.csv,100,JYZ24.csv,5.0,66.74,66.74,333.6,333.7,-0.0999999999999659
45625,10,20,66.74,4,2024-11-29,2024-11-29 10:20:00,2024-11-29 10:20:00,JYZ24.csv,122,JYZ24.csv,5.0,66.73,66.73,333.7,333.65000000000003,0.049999999999954525
45625,10,30,66.705,5,2024-11-29,2024-11-29 10:30:00,2024-11-29 10:30:00,JYZ24.csv,231,JYZ24.csv,1.0,66.735,66.735,66.705,66.735,-0.030000000000001137
45625,10,40,66.73,0,2024-11-29,2024-11-29 10:40:00,2024-11-29 10:40:00,JYZ24.csv,250,JYZ24.csv,-5.0,66.725,66.725,333.65000000000003,333.625,-0.025000000000034106
45625,10,50,66.675,4,2024-11-29,2024-11-29 10:50:00,2024-11-29 10:50:00,JYZ24.csv,397,JYZ24.csv,4.0,66.695,66.695,266.7,266.78,-0.07999999999998408
45625,11,30,66.565,5,2024-11-29,2024-11-29 11:30:00,2024-11-29 11:30:00,JYZ24.csv,371,JYZ24.csv,1.0,66.595,66.595,66.565,66.595,-0.030000000000001137
45625,11,50,66.62,0,2024-11-29,2024-11-29 11:50:00,2024-11-29 11:50:00,JYZ24.csv,114,JYZ24.csv,-5.0,66.605,66.605,333.1,333.02500000000003,-0.07499999999998863
45628,9,10,66.77,3,2024-12-02,2024-12-02 09:10:00,2024-12-02 09:10:00,JYZ24.csv,181,JYZ24.csv,3.0,66.765,66.765,200.31,200.29500000000002,0.014999999999986358
45628,9,20,66.805,6,2024-12-02,2024-12-02 09:20:00,2024-12-02 09:20:00,JYZ24.csv,38,JYZ24.csv,3.0,66.80000000000001,66.80000000000001,200.41500000000002,200.40000000000003,0.014999999999986358
45628,9,30,66.79,3,2024-12-02,2024-12-02 09:30:00,2024-12-02 09:30:00,JYZ24.csv,300,JYZ24.csv,-3.0,66.79,66.79,200.37,200.37,-0.0
45628,9,40,66.785,0,2024-12-02,2024-12-02 09:40:00,2024-12-02 09:40:00,JYZ24.csv,203,JYZ24.csv,-3.0,66.785,66.785,200.355,200.355,-0.0
45628,10,0,66.74,2,2024-12-02,2024-12-02 10:00:00,2024-12-02 10:00:00,JYZ24.csv,2014,JYZ24.csv,2.0,66.735,66.86,133.48,133.72,-0.2400000000000091
45628,10,20,66.86,-3,2024-12-02,2024-12-02 10:20:00,2024-12-02 10:20:00,JYZ24.csv,169,JYZ24.csv,-5.0,66.865,66.865,334.3,334.325,0.024999999999977263
45628,10,30,66.795,1,2024-12-02,2024-12-02 10:30:00,2024-12-02 10:30:00,JYZ24.csv,370,JYZ24.csv,4.0,66.79,66.79,267.18,267.16,0.01999999999998181
45628,10,40,66.72,4,2024-12-02,2024-12-02 10:40:00,2024-12-02 10:40:00,JYZ24.csv,187,JYZ24.csv,3.0,66.715,66.715,200.16,200.145,0.014999999999986358
45628,10,50,66.795,-1,2024-12-02,2024-12-02 10:50:00,2024-12-02 10:50:00,JYZ24.csv,178,JYZ24.csv,-5.0,66.8,66.8,333.975,334.0,0.024999999999977263
45628,11,10,66.855,0,2024-12-02,2024-12-02 11:10:00,2024-12-02 11:10:00,JYZ24.csv,222,JYZ24.csv,1.0,66.85000000000001,66.85000000000001,66.855,66.85000000000001,0.0049999999999954525
45628,11,30,67.155,-2,2024-12-02,2024-12-02 11:30:00,2024-12-02 11:30:00,JYZ24.csv,498,JYZ24.csv,-2.0,67.16,67.16,134.31,134.32,0.009999999999990905
45628,11,50,67.09,0,2024-12-02,2024-12-02 11:50:00,2024-12-02 11:50:00,JYZ24.csv,136,JYZ24.csv,2.0,67.08500000000001,67.13,134.18,134.26,-0.07999999999998408
45629,6,30,66.855,-2,2024-12-03,2024-12-03 06:30:00,2024-12-03 06:30:00,JYZ24.csv,101,JYZ24.csv,-2.0,66.88499999999999,66.88499999999999,133.71,133.76999999999998,0.05999999999997385
45629,8,50,67.095,-4,2024-12-03,2024-12-03 08:50:00,2024-12-03 08:50:00,JYZ24.csv,341,JYZ24.csv,-2.0,67.225,67.225,134.19,134.45,0.2599999999999909
45629,9,10,67.285,-2,2024-12-03,2024-12-03 09:10:00,2024-12-03 09:10:00,JYZ24.csv,279,JYZ24.csv,2.0,67.22500000000001,67.22500000000001,134.57,134.45000000000002,0.11999999999997613
45629,9,20,67.21,0,2024-12-03,2024-12-03 09:20:00,2024-12-03 09:20:00,JYZ24.csv,301,JYZ24.csv,2.0,67.23,67.23,134.42,134.46,-0.040000000000020464
45629,9,40,67.36,-5,2024-12-03,2024-12-03 09:40:00,2024-12-03 09:40:00,JYZ24.csv,267,JYZ24.csv,-5.0,67.35,67.35,336.8,336.75,-0.05000000000001137
45629,10,0,67.32,-2,2024-12-03,2024-12-03 10:00:00,2024-12-03 10:00:00,JYZ24.csv,2327,JYZ24.csv,3.0,67.215,67.215,201.95999999999998,201.645,0.3149999999999693
45629,10,10,67.175,2,2024-12-03,2024-12-03 10:10:00,2024-12-03 10:10:00,JYZ24.csv,205,JYZ24.csv,4.0,67.21000000000001,67.21000000000001,268.7,268.84000000000003,-0.1400000000000432
45629,10,20,67.21,7,2024-12-03,2024-12-03 10:20:00,2024-12-03 10:20:00,JYZ24.csv,222,JYZ24.csv,5.0,67.215,67.215,336.04999999999995,336.07500000000005,-0.02500000000009095
45629,10,30,67.3,5,2024-12-03,2024-12-03 10:30:00,2024-12-03 10:30:00,JYZ24.csv,482,JYZ24.csv,-2.0,67.265,67.265,134.6,134.53,-0.06999999999999318
45629,10,40,67.175,2,2024-12-03,2024-12-03 10:40:00,2024-12-03 10:40:00,JYZ24.csv,304,JYZ24.csv,-3.0,67.11999999999999,67.11999999999999,201.52499999999998,201.35999999999996,-0.16500000000002046
45629,11,0,67.155,0,2024-12-03,2024-12-03 11:00:00,2024-12-03 11:00:00,JYZ24.csv,559,JYZ24.csv,-2.0,67.05,67.05,134.31,134.1,-0.21000000000000796
45629,11,10,67.05,4,2024-12-03,2024-12-03 11:10:00,2024-12-03 11:10:00,JYZ24.csv,183,JYZ24.csv,4.0,67.045,67.045,268.2,268.18,0.01999999999998181
45629,11,30,66.99,0,2024-12-03,2024-12-03 11:30:00,2024-12-03 11:30:00,JYZ24.csv,222,JYZ24.csv,-4.0,67.06,67.06,267.96,268.24,0.28000000000002956
45629,11,40,67.05,-2,2024-12-03,2024-12-03 11:40:00,2024-12-03 11:40:00,JYZ24.csv,187,JYZ24.csv,-2.0,67.14999999999999,67.14999999999999,134.1,134.29999999999998,0.19999999999998863
45629,11,50,67.14,-3,2024-12-03,2024-12-03 11:50:00,2024-12-03 11:50:00,JYZ24.csv,234,JYZ24.csv,-1.0,67.17,67.17,67.14,67.17,0.030000000000001137
45629,12,0,67.165,-1,2024-12-03,2024-12-03 12:00:00,2024-12-03 12:00:00,JYZ24.csv,159,JYZ24.csv,2.0,67.135,67.135,134.33,134.27,0.060000000000002274
45629,12,10,67.09,0,2024-12-03,2024-12-03 12:10:00,2024-12-03 12:10:00,JYZ24.csv,121,JYZ24.csv,1.0,67.09,67.09,67.09,67.09,0.0
45630,6,30,66.345,-6,2024-12-04,2024-12-04 06:30:00,2024-12-04 06:30:00,JYZ24.csv,85,JYZ24.csv,-6.0,66.345,66.42,398.07,398.52,0.44999999999998863
45630,8,0,66.245,-10,2024-12-04,2024-12-04 08:00:00,2024-12-04 08:00:00,JYZ24.csv,129,JYZ24.csv,-4.0,66.245,66.245,264.98,264.98,-0.0
45630,9,0,66.29,-6,2024-12-04,2024-12-04 09:00:00,2024-12-04 09:00:00,JYZ24.csv,194,JYZ24.csv,4.0,66.28500000000001,66.28500000000001,265.16,265.14000000000004,0.01999999999998181
45630,9,20,66.32,-9,2024-12-04,2024-12-04 09:20:00,2024-12-04 09:20:00,JYZ24.csv,102,JYZ24.csv,-3.0,66.32499999999999,66.32499999999999,198.95999999999998,198.97499999999997,0.014999999999986358
45630,10,30,66.555,-3,2024-12-04,2024-12-04 10:30:00,2024-12-04 10:30:00,JYZ24.csv,359,JYZ24.csv,6.0,66.55000000000001,66.55000000000001,399.33000000000004,399.30000000000007,0.029999999999972715
45630,11,10,66.635,-6,2024-12-04,2024-12-04 11:10:00,2024-12-04 11:10:00,JYZ24.csv,132,JYZ24.csv,-3.0,66.64,66.64,199.90500000000003,199.92000000000002,0.014999999999986358
45630,11,50,66.67,-3,2024-12-04,2024-12-04 11:50:00,2024-12-04 11:50:00,JYZ24.csv,71,JYZ24.csv,3.0,66.665,66.68,200.01,200.04000000000002,-0.03000000000002956
45631,11,20,66.67,-6,2024-12-05,2024-12-05 11:20:00,2024-12-05 11:20:00,JYZ24.csv,155,JYZ24.csv,-3.0,66.685,66.685,200.01,200.055,0.045000000000015916
45631,11,40,66.675,-3,2024-12-05,2024-12-05 11:40:00,2024-12-05 11:40:00,JYZ24.csv,192,JYZ24.csv,3.0,66.68,66.68,200.02499999999998,200.04000000000002,-0.015000000000043201
45632,8,50,66.665,-5,2024-12-06,2024-12-06 08:50:00,2024-12-06 08:50:00,JYZ24.csv,420,JYZ24.csv,-2.0,66.71499999999999,66.71499999999999,133.33,133.42999999999998,0.0999999999999659
45632,9,10,66.87,-7,2024-12-06,2024-12-06 09:10:00,2024-12-06 09:10:00,JYZ24.csv,692,JYZ24.csv,-2.0,66.85,66.85,133.74,133.7,-0.040000000000020464
45632,9,20,66.83,-2,2024-12-06,2024-12-06 09:20:00,2024-12-06 09:20:00,JYZ24.csv,939,JYZ24.csv,5.0,66.815,66.815,334.15,334.075,0.07499999999998863
45632,9,30,66.96,2,2024-12-06,2024-12-06 09:30:00,2024-12-06 09:30:00,JYZ24.csv,657,JYZ24.csv,4.0,66.99000000000001,66.99000000000001,267.84,267.96000000000004,-0.12000000000006139
45632,9,40,66.86,1,2024-12-06,2024-12-06 09:40:00,2024-12-06 09:40:00,JYZ24.csv,431,JYZ24.csv,-1.0,66.88,66.88,66.86,66.88,0.01999999999999602
45632,10,0,66.88,-3,2024-12-06,2024-12-06 10:00:00,2024-12-06 10:00:00,JYZ24.csv,1218,JYZ24.csv,-4.0,66.85499999999999,66.85499999999999,267.52,267.41999999999996,-0.10000000000002274
45632,10,10,66.81,1,2024-12-06,2024-12-06 10:10:00,2024-12-06 10:10:00,JYZ24.csv,326,JYZ24.csv,4.0,66.78,66.78,267.24,267.12,0.12000000000000455
45632,10,30,66.8,-3,2024-12-06,2024-12-06 10:30:00,2024-12-06 10:30:00,JYZ24.csv,159,JYZ24.csv,-4.0,66.80499999999999,66.80499999999999,267.2,267.21999999999997,0.01999999999998181
45632,11,0,66.79,0,2024-12-06,2024-12-06 11:00:00,2024-12-06 11:00:00,JYZ24.csv,453,JYZ24.csv,3.0,66.735,66.735,200.37,200.20499999999998,0.16500000000002046
45632,11,10,66.725,4,2024-12-06,2024-12-06 11:10:00,2024-12-06 11:10:00,JYZ24.csv,191,JYZ24.csv,4.0,66.685,66.685,266.9,266.74,0.15999999999996817
45632,11,30,66.77,0,2024-12-06,2024-12-06 11:30:00,2024-12-06 11:30:00,JYZ24.csv,262,JYZ24.csv,-4.0,66.795,66.795,267.08,267.18,0.10000000000002274
45632,13,0,66.75,-3,2024-12-06,2024-12-06 13:00:00,2024-12-06 13:00:00,JYZ24.csv,109,JYZ24.csv,-3.0,66.755,66.755,200.25,200.265,0.014999999999986358
45632,16,15,66.745,0,2024-12-06,2024-12-06 16:15:00,2024-12-06 16:15:00,JYZ24.csv,10,JYZ24.csv,3.0,66.75,66.75,200.235,200.25,-0.014999999999986358
45635,8,0,66.39,-8,2024-12-09,2024-12-09 08:00:00,2024-12-09 08:00:00,JYZ24.csv,323,JYZ24.csv,-8.0,66.36,66.36,531.12,530.88,-0.2400000000000091
45636,8,0,65.93,0,2024-12-10,2024-12-10 08:00:00,2024-12-10 08:00:00,JYZ24.csv,112,JYZ24.csv,8.0,65.955,65.955,527.44,527.64,-0.1999999999999318
45636,9,10,65.98,-2,2024-12-10,2024-12-10 09:10:00,2024-12-10 09:10:00,JYZ24.csv,82,JYZ24.csv,-2.0,66.005,66.005,131.96,132.01,0.04999999999998295
45636,9,30,65.94,0,2024-12-10,2024-12-10 09:30:00,2024-12-10 09:30:00,JYZ24.csv,71,JYZ24.csv,2.0,65.95,65.95,131.88,131.9,-0.020000000000010232
45636,11,0,65.79,2,2024-12-10,2024-12-10 11:00:00,2024-12-10 11:00:00,JYZ24.csv,323,JYZ24.csv,2.0,65.775,65.775,131.58,131.55,0.030000000000001137
45636,11,20,65.8,0,2024-12-10,2024-12-10 11:20:00,2024-12-10 11:20:00,JYZ24.csv,25,JYZ24.csv,-2.0,65.815,65.815,131.6,131.63,0.030000000000001137
45637,8,0,65.55,-1,2024-12-11,2024-12-11 08:00:00,2024-12-11 08:00:00,JYZ24.csv,242,JYZ24.csv,-1.0,65.55,65.55,65.55,65.55,-0.0
45637,9,0,65.715,-2,2024-12-11,2024-12-11 09:00:00,2024-12-11 09:00:00,JYZ24.csv,608,JYZ24.csv,-1.0,65.735,65.735,65.715,65.735,0.01999999999999602
45637,9,40,65.845,-3,2024-12-11,2024-12-11 09:40:00,2024-12-11 09:40:00,JYZ24.csv,168,JYZ24.csv,-1.0,65.85,65.85,65.845,65.85,0.0049999999999954525
45637,10,0,65.77,1,2024-12-11,2024-12-11 10:00:00,2024-12-11 10:00:00,JYZ24.csv,148,JYZ24.csv,4.0,65.76,65.76,263.08,263.04,0.03999999999996362
45637,10,10,65.7,3,2024-12-11,2024-12-11 10:10:00,2024-12-11 10:10:00,JYZ24.csv,99,JYZ24.csv,2.0,65.715,65.715,131.4,131.43,-0.030000000000001137
45637,10,20,65.72,0,2024-12-11,2024-12-11 10:20:00,2024-12-11 10:20:00,JYZ24.csv,56,JYZ24.csv,-3.0,65.735,65.735,197.16,197.20499999999998,0.044999999999987494
45637,10,30,65.635,1,2024-12-11,2024-12-11 10:30:00,2024-12-11 10:30:00,JYZ24.csv,226,JYZ24.csv,1.0,65.64,65.64,65.635,65.64,-0.0049999999999954525
45637,10,50,65.63,-2,2024-12-11,2024-12-11 10:50:00,2024-12-11 10:50:00,JYZ24.csv,245,JYZ24.csv,-3.0,65.66,65.66,196.89,196.98,0.09000000000000341
45637,11,40,65.675,-4,2024-12-11,2024-12-11 11:40:00,2024-12-11 11:40:00,JYZ24.csv,52,JYZ24.csv,-2.0,65.69999999999999,65.69999999999999,131.35,131.39999999999998,0.04999999999998295
45637,12,0,65.68,-2,2024-12-11,2024-12-11 12:00:00,2024-12-11 12:00:00,JYZ24.csv,141,JYZ24.csv,2.0,65.67,65.67,131.36,131.34,0.020000000000010232
45638,8,0,65.685,3,2024-12-12,2024-12-12 08:00:00,2024-12-12 08:00:00,JYZ24.csv,116,JYZ24.csv,5.0,65.685,65.685,328.425,328.425,0.0
45638,9,0,65.79,0,2024-12-12,2024-12-12 09:00:00,2024-12-12 09:00:00,JYZ24.csv,166,JYZ24.csv,-3.0,65.795,65.795,197.37,197.385,0.014999999999986358
45638,9,20,65.75,4,2024-12-12,2024-12-12 09:20:00,2024-12-12 09:20:00,JYZ24.csv,219,JYZ24.csv,4.0,65.745,65.745,263.0,262.98,0.01999999999998181
45638,9,30,65.685,1,2024-12-12,2024-12-12 09:30:00,2024-12-12 09:30:00,JYZ24.csv,298,JYZ24.csv,-3.0,65.69,65.69,197.055,197.07,0.014999999999986358
45638,9,40,65.66,2,2024-12-12,2024-12-12 09:40:00,2024-12-12 09:40:00,JYZ24.csv,126,JYZ24.csv,1.0,65.655,65.665,65.66,65.665,-0.005000000000009663
45638,9,50,65.69,5,2024-12-12,2024-12-12 09:50:00,2024-12-12 09:50:00,JYZ24.csv,190,JYZ24.csv,3.0,65.685,65.685,197.07,197.055,0.014999999999986358
45638,10,0,65.7,0,2024-12-12,2024-12-12 10:00:00,2024-12-12 10:00:00,JYZ24.csv,261,JYZ24.csv,-5.0,65.705,65.705,328.5,328.525,0.024999999999977263
45638,10,50,65.67,2,2024-12-12,2024-12-12 10:50:00,2024-12-12 10:50:00,JYZ24.csv,75,JYZ24.csv,2.0,65.665,65.665,131.34,131.33,0.009999999999990905
45638,11,10,65.715,0,2024-12-12,2024-12-12 11:10:00,2024-12-12 11:10:00,JYZ24.csv,66,JYZ24.csv,-2.0,65.72,65.72,131.43,131.44,0.009999999999990905
45638,11,20,65.73,-3,2024-12-12,2024-12-12 11:20:00,2024-12-12 11:20:00,JYZ24.csv,35,JYZ24.csv,-3.0,65.735,65.715,197.19,197.145,-0.044999999999987494
45638,11,40,65.705,0,2024-12-12,2024-12-12 11:40:00,2024-12-12 11:40:00,JYZ24.csv,46,JYZ24.csv,3.0,65.7,65.7,197.115,197.10000000000002,0.014999999999986358
45638,12,0,65.775,-3,2024-12-12,2024-12-12 12:00:00,2024-12-12 12:00:00,JYZ24.csv,41,JYZ24.csv,-3.0,65.775,65.775,197.32500000000002,197.32500000000002,-0.0
45638,12,20,65.725,0,2024-12-12,2024-12-12 12:20:00,2024-12-12 12:20:00,JYZ24.csv,228,JYZ24.csv,3.0,65.715,65.715,197.17499999999998,197.145,0.029999999999972715
45639,6,30,65.855,-2,2024-12-13,2024-12-13 06:30:00,2024-12-13 06:30:00,JYZ24.csv,35,JYZ24.csv,-2.0,65.13,65.13,131.71,130.26,-1.450000000000017
45639,10,30,65.835,0,2024-12-13,2024-12-13 10:30:00,2024-12-13 10:30:00,JYZ24.csv,4,JYZ24.csv,2.0,65.105,65.105,131.67,130.21,1.4599999999999795
45642,8,0,65.62,1,2024-12-16,2024-12-16 08:00:00,2024-12-16 08:00:00,JYZ24.csv,1,JYZ24.csv,1.0,64.85,64.915,65.62,64.915,0.7049999999999983
45642,9,0,65.645,0,2024-12-16,2024-12-16 09:00:00,2024-12-16 09:00:00,JYZ24.csv,1,JYZ24.csv,-1.0,64.85,64.93,65.645,64.93,-0.7149999999999892
45642,9,20,65.575,2,2024-12-16,2024-12-16 09:20:00,2024-12-16 09:20:00,JYZ24.csv,9,JYZ24.csv,2.0,64.85,64.85,131.15,129.7,1.450000000000017
45642,9,40,65.58,0,2024-12-16,2024-12-16 09:40:00,2024-12-16 09:40:00,JYZ24.csv,4,JYZ24.csv,-2.0,64.785,64.785,131.16,129.57,-1.5900000000000034
