day,hour,min,price,inventory,date,timestamp,minute,main_contract,main_volume,main_contract_clean,signal,opti_price,filled_price,benchmark_amount,amount,slippage
45293,1,30,2084.4,-1,2024-01-02,2024-01-02 01:30:00,2024-01-02 01:30:00,GCG24.csv,90,GCG24.csv,-1.0,2084.5,2084.5,2084.4,2084.5,0.09999999999990905
45293,3,30,2081.5,0,2024-01-02,2024-01-02 03:30:00,2024-01-02 03:30:00,GCG24.csv,67,GCG24.csv,1.0,2081.4,2081.4,2081.5,2081.4,0.09999999999990905
45293,4,30,2083.7,2,2024-01-02,2024-01-02 04:30:00,2024-01-02 04:30:00,GCG24.csv,55,GCG24.csv,2.0,2083.6,2087.1,4167.4,4174.2,-6.800000000000182
45293,6,0,2085.1,6,2024-01-02,2024-01-02 06:00:00,2024-01-02 06:00:00,GCG24.csv,164,GCG24.csv,4.0,2084.9,2084.9,8340.4,8339.6,0.7999999999992724
45293,8,30,2075.8,4,2024-01-02,2024-01-02 08:30:00,2024-01-02 08:30:00,GCG24.csv,169,GCG24.csv,-2.0,2076.0,2076.0,4151.6,4152.0,0.3999999999996362
45293,9,0,2074.9,6,2024-01-02,2024-01-02 09:00:00,2024-01-02 09:00:00,GCG24.csv,208,GCG24.csv,2.0,2074.7000000000003,2074.7000000000003,4149.8,4149.400000000001,0.3999999999996362
45293,10,30,2073.5,8,2024-01-02,2024-01-02 10:30:00,2024-01-02 10:30:00,GCG24.csv,194,GCG24.csv,2.0,2073.2,2073.2,4147.0,4146.4,0.6000000000003638
45293,11,0,2068.2,6,2024-01-02,2024-01-02 11:00:00,2024-01-02 11:00:00,GCG24.csv,529,GCG24.csv,-2.0,2068.4,2068.4,4136.4,4136.8,0.4000000000005457
45293,12,0,2074.9,8,2024-01-02,2024-01-02 12:00:00,2024-01-02 12:00:00,GCG24.csv,69,GCG24.csv,2.0,2074.6,2074.6,4149.8,4149.2,0.6000000000003638
45293,14,30,2070.3,6,2024-01-02,2024-01-02 14:30:00,2024-01-02 14:30:00,GCG24.csv,30,GCG24.csv,-2.0,2070.5,2070.5,4140.6,4141.0,0.3999999999996362
45294,4,30,2067.0,4,2024-01-03,2024-01-03 04:30:00,2024-01-03 04:30:00,GCG24.csv,88,GCG24.csv,-2.0,2067.1,2067.1,4134.0,4134.2,0.1999999999998181
45294,6,0,2063.1,3,2024-01-03,2024-01-03 06:00:00,2024-01-03 06:00:00,GCG24.csv,104,GCG24.csv,-1.0,2063.3,2063.3,2063.1,2063.3,0.20000000000027285
45294,8,30,2050.8,5,2024-01-03,2024-01-03 08:30:00,2024-01-03 08:30:00,GCG24.csv,368,GCG24.csv,2.0,2050.6000000000004,2050.6000000000004,4101.6,4101.200000000001,0.3999999999996362
45294,9,20,2044.4,6,2024-01-03,2024-01-03 09:20:00,2024-01-03 09:20:00,GCG24.csv,331,GCG24.csv,1.0,2044.5,2044.5,2044.4,2044.5,-0.09999999999990905
45294,9,40,2042.8,5,2024-01-03,2024-01-03 09:40:00,2024-01-03 09:40:00,GCG24.csv,300,GCG24.csv,-1.0,2043.0,2043.0,2042.8,2043.0,0.20000000000004547
45294,10,10,2052.3,2,2024-01-03,2024-01-03 10:10:00,2024-01-03 10:10:00,GCG24.csv,499,GCG24.csv,-3.0,2049.1,2049.1,6156.900000000001,6147.299999999999,-9.600000000001273
45294,10,30,2045.4,5,2024-01-03,2024-01-03 10:30:00,2024-01-03 10:30:00,GCG24.csv,277,GCG24.csv,3.0,2045.1,2045.1,6136.200000000001,6135.299999999999,0.9000000000014552
45294,14,0,2043.7,3,2024-01-03,2024-01-03 14:00:00,2024-01-03 14:00:00,GCG24.csv,513,GCG24.csv,-2.0,2043.9,2043.9,4087.4,4087.8,0.40000000000009095
45294,16,0,2049.5,5,2024-01-03,2024-01-03 16:00:00,2024-01-03 16:00:00,GCG24.csv,95,GCG24.csv,2.0,2049.2,2049.2,4099.0,4098.4,0.6000000000003638
45295,4,30,2054.3,2,2024-01-04,2024-01-04 04:30:00,2024-01-04 04:30:00,GCG24.csv,107,GCG24.csv,-3.0,2054.8,2054.8,6162.900000000001,6164.400000000001,1.5
45295,6,0,2055.2,3,2024-01-04,2024-01-04 06:00:00,2024-01-04 06:00:00,GCG24.csv,90,GCG24.csv,1.0,2054.6000000000004,2054.6000000000004,2055.2,2054.6000000000004,0.5999999999994543
45295,8,30,2049.7,6,2024-01-04,2024-01-04 08:30:00,2024-01-04 08:30:00,GCG24.csv,717,GCG24.csv,3.0,2050.3,2050.3,6149.099999999999,6150.900000000001,-1.8000000000010914
45295,10,30,2054.3,2,2024-01-04,2024-01-04 10:30:00,2024-01-04 10:30:00,GCG24.csv,588,GCG24.csv,-4.0,2053.1,2053.1,8217.2,8212.4,-4.800000000001091
45295,10,50,2052.3,4,2024-01-04,2024-01-04 10:50:00,2024-01-04 10:50:00,GCG24.csv,130,GCG24.csv,2.0,2053.0,2053.0,4104.6,4106.0,-1.3999999999996362
45295,12,0,2052.1,1,2024-01-04,2024-01-04 12:00:00,2024-01-04 12:00:00,GCG24.csv,87,GCG24.csv,-3.0,2051.8,2051.8,6156.299999999999,6155.400000000001,-0.8999999999987267
45295,14,0,2050.6,-1,2024-01-04,2024-01-04 14:00:00,2024-01-04 14:00:00,GCG24.csv,97,GCG24.csv,-2.0,2051.2,2051.2,4101.2,4102.4,1.199999999999818
45295,14,30,2050.3,1,2024-01-04,2024-01-04 14:30:00,2024-01-04 14:30:00,GCG24.csv,21,GCG24.csv,2.0,2050.0,2050.0,4100.6,4100.0,0.6000000000003638
45295,16,0,2051.1,3,2024-01-04,2024-01-04 16:00:00,2024-01-04 16:00:00,GCG24.csv,37,GCG24.csv,2.0,2051.1,2051.1,4102.2,4102.2,0.0
45296,1,30,2049.1,2,2024-01-05,2024-01-05 01:30:00,2024-01-05 01:30:00,GCG24.csv,59,GCG24.csv,-1.0,2048.6,2048.6,2049.1,2048.6,-0.5
45296,3,30,2049.6,3,2024-01-05,2024-01-05 03:30:00,2024-01-05 03:30:00,GCG24.csv,80,GCG24.csv,1.0,2048.5,2048.5,2049.6,2048.5,1.099999999999909
45296,4,30,2048.9,0,2024-01-05,2024-01-05 04:30:00,2024-01-05 04:30:00,GCG24.csv,30,GCG24.csv,-3.0,2049.0,2049.0,6146.700000000001,6147.0,0.2999999999992724
45296,8,30,2042.8,3,2024-01-05,2024-01-05 08:30:00,2024-01-05 08:30:00,GCG24.csv,4457,GCG24.csv,3.0,2031.3,2031.3,6128.4,6093.9,34.5
45296,9,0,2047.2,2,2024-01-05,2024-01-05 09:00:00,2024-01-05 09:00:00,GCG24.csv,720,GCG24.csv,-1.0,2049.1,2049.1,2047.2,2049.1,1.8999999999998636
45296,9,10,2048.4,1,2024-01-05,2024-01-05 09:10:00,2024-01-05 09:10:00,GCG24.csv,409,GCG24.csv,-1.0,2050.7,2050.7,2048.4,2050.7,2.299999999999727
45296,9,20,2049.7,3,2024-01-05,2024-01-05 09:20:00,2024-01-05 09:20:00,GCG24.csv,193,GCG24.csv,2.0,2054.5,2054.5,4099.4,4109.0,-9.600000000000364
45296,9,30,2054.0,4,2024-01-05,2024-01-05 09:30:00,2024-01-05 09:30:00,GCG24.csv,529,GCG24.csv,1.0,2054.5,2054.5,2054.0,2054.5,-0.5
45296,9,40,2050.0,6,2024-01-05,2024-01-05 09:40:00,2024-01-05 09:40:00,GCG24.csv,436,GCG24.csv,2.0,2052.5,2052.5,4100.0,4105.0,-5.0
45296,10,0,2060.5,2,2024-01-05,2024-01-05 10:00:00,2024-01-05 10:00:00,GCG24.csv,2968,GCG24.csv,-4.0,2064.3,2064.3,8242.0,8257.2,15.200000000000728
45296,10,10,2067.6,1,2024-01-05,2024-01-05 10:10:00,2024-01-05 10:10:00,GCG24.csv,1552,GCG24.csv,-1.0,2065.7000000000003,2065.7000000000003,2067.6,2065.7000000000003,-1.8999999999996362
45296,10,20,2065.7,3,2024-01-05,2024-01-05 10:20:00,2024-01-05 10:20:00,GCG24.csv,531,GCG24.csv,2.0,2066.9,2066.9,4131.4,4133.8,-2.4000000000005457
45296,10,30,2067.3,2,2024-01-05,2024-01-05 10:30:00,2024-01-05 10:30:00,GCG24.csv,391,GCG24.csv,-1.0,2067.6,2067.6,2067.3,2067.6,0.29999999999972715
45296,11,0,2061.8,1,2024-01-05,2024-01-05 11:00:00,2024-01-05 11:00:00,GCG24.csv,321,GCG24.csv,-1.0,2062.4,2062.4,2061.8,2062.4,0.599999999999909
45296,12,0,2051.9,2,2024-01-05,2024-01-05 12:00:00,2024-01-05 12:00:00,GCG24.csv,281,GCG24.csv,1.0,2050.2,2050.2,2051.9,2050.2,1.7000000000002728
45296,14,0,2055.1,1,2024-01-05,2024-01-05 14:00:00,2024-01-05 14:00:00,GCG24.csv,93,GCG24.csv,-1.0,2055.9,2055.9,2055.1,2055.9,0.8000000000001819
45296,14,30,2054.2,3,2024-01-05,2024-01-05 14:30:00,2024-01-05 14:30:00,GCG24.csv,36,GCG24.csv,2.0,2054.5,2054.5,4108.4,4109.0,-0.6000000000003638
45296,16,0,2051.3,4,2024-01-05,2024-01-05 16:00:00,2024-01-05 16:00:00,GCG24.csv,123,GCG24.csv,1.0,2051.1,2051.1,2051.3,2051.1,0.20000000000027285
45296,16,30,2051.8,0,2024-01-05,2024-01-05 16:30:00,2024-01-05 16:30:00,GCG24.csv,3,GCG24.csv,-4.0,2051.9,2051.9,8207.2,8207.6,0.3999999999996362
45299,1,30,2038.2,-2,2024-01-08,2024-01-08 01:30:00,2024-01-08 01:30:00,GCG24.csv,94,GCG24.csv,-2.0,2038.4,2038.4,4076.4,4076.8,0.40000000000009095
45299,3,30,2035.6,0,2024-01-08,2024-01-08 03:30:00,2024-01-08 03:30:00,GCG24.csv,163,GCG24.csv,2.0,2035.4,2035.4,4071.2,4070.8,0.3999999999996362
45299,4,30,2034.3,-4,2024-01-08,2024-01-08 04:30:00,2024-01-08 04:30:00,GCG24.csv,58,GCG24.csv,-4.0,2034.5,2034.5,8137.2,8138.0,0.8000000000001819
45299,6,0,2033.9,-6,2024-01-08,2024-01-08 06:00:00,2024-01-08 06:00:00,GCG24.csv,68,GCG24.csv,-2.0,2034.1,2034.1,4067.8,4068.2,0.3999999999996362
45299,8,30,2028.5,-2,2024-01-08,2024-01-08 08:30:00,2024-01-08 08:30:00,GCG24.csv,389,GCG24.csv,4.0,2028.3,2028.3,8114.0,8113.2,0.8000000000001819
45299,9,0,2025.3,-1,2024-01-08,2024-01-08 09:00:00,2024-01-08 09:00:00,GCG24.csv,467,GCG24.csv,1.0,2025.1,2025.1,2025.3,2025.1,0.20000000000004547
45299,10,30,2036.9,0,2024-01-08,2024-01-08 10:30:00,2024-01-08 10:30:00,GCG24.csv,566,GCG24.csv,1.0,2036.6,2036.6,2036.9,2036.6,0.3000000000001819
45299,11,0,2041.3,-1,2024-01-08,2024-01-08 11:00:00,2024-01-08 11:00:00,GCG24.csv,700,GCG24.csv,-1.0,2041.6,2041.6,2041.3,2041.6,0.2999999999999545
45299,14,0,2032.8,-3,2024-01-08,2024-01-08 14:00:00,2024-01-08 14:00:00,GCG24.csv,72,GCG24.csv,-2.0,2033.0,2033.0,4065.6,4066.0,0.40000000000009095
45299,14,30,2034.6,-4,2024-01-08,2024-01-08 14:30:00,2024-01-08 14:30:00,GCG24.csv,185,GCG24.csv,-1.0,2034.8,2034.8,2034.6,2034.8,0.20000000000004547
45299,16,0,2033.5,-2,2024-01-08,2024-01-08 16:00:00,2024-01-08 16:00:00,GCG24.csv,67,GCG24.csv,2.0,2033.3,2033.3,4067.0,4066.6,0.40000000000009095
45300,1,30,2038.7,-3,2024-01-09,2024-01-09 01:30:00,2024-01-09 01:30:00,GCG24.csv,52,GCG24.csv,-1.0,2038.8,2038.8,2038.7,2038.8,0.09999999999990905
45300,3,30,2037.6,-2,2024-01-09,2024-01-09 03:30:00,2024-01-09 03:30:00,GCG24.csv,125,GCG24.csv,1.0,2037.4,2040.4,2037.6,2040.4,-2.800000000000182
45300,6,0,2041.5,4,2024-01-09,2024-01-09 06:00:00,2024-01-09 06:00:00,GCG24.csv,89,GCG24.csv,6.0,2041.3,2041.3,12249.0,12247.8,1.2000000000007276
45300,9,0,2045.0,2,2024-01-09,2024-01-09 09:00:00,2024-01-09 09:00:00,GCG24.csv,185,GCG24.csv,-2.0,2045.2,2045.2,4090.0,4090.4,0.40000000000009095
45300,10,30,2040.4,1,2024-01-09,2024-01-09 10:30:00,2024-01-09 10:30:00,GCG24.csv,142,GCG24.csv,-1.0,2040.6,2040.6,2040.4,2040.6,0.1999999999998181
45300,11,0,2034.7,3,2024-01-09,2024-01-09 11:00:00,2024-01-09 11:00:00,GCG24.csv,661,GCG24.csv,2.0,2034.5,2034.5,4069.4,4069.0,0.40000000000009095
45300,14,0,2034.8,1,2024-01-09,2024-01-09 14:00:00,2024-01-09 14:00:00,GCG24.csv,61,GCG24.csv,-2.0,2035.0,2035.0,4069.6,4070.0,0.40000000000009095
45300,14,30,2034.8,2,2024-01-09,2024-01-09 14:30:00,2024-01-09 14:30:00,GCG24.csv,43,GCG24.csv,1.0,2034.6,2034.6,2034.8,2034.6,0.20000000000004547
45300,16,0,2034.6,4,2024-01-09,2024-01-09 16:00:00,2024-01-09 16:00:00,GCG24.csv,55,GCG24.csv,2.0,2034.4,2034.4,4069.2,4068.8,0.3999999999996362
45301,1,30,2031.6,0,2024-01-10,2024-01-10 01:30:00,2024-01-10 01:30:00,GCG24.csv,32,GCG24.csv,-4.0,2031.6,2031.6,8126.4,8126.4,-0.0
45301,3,30,2040.2,4,2024-01-10,2024-01-10 03:30:00,2024-01-10 03:30:00,GCG24.csv,246,GCG24.csv,4.0,2038.9,2038.9,8160.8,8155.6,5.199999999999818
45301,6,0,2040.7,1,2024-01-10,2024-01-10 06:00:00,2024-01-10 06:00:00,GCG24.csv,155,GCG24.csv,-3.0,2040.9,2040.9,6122.1,6122.700000000001,0.6000000000003638
45301,9,0,2035.8,0,2024-01-10,2024-01-10 09:00:00,2024-01-10 09:00:00,GCG24.csv,143,GCG24.csv,-1.0,2036.5,2036.5,2035.8,2036.5,0.7000000000000455
45301,9,50,2032.9,1,2024-01-10,2024-01-10 09:50:00,2024-01-10 09:50:00,GCG24.csv,287,GCG24.csv,1.0,2031.5,2031.5,2032.9,2031.5,1.400000000000091
45301,10,10,2032.1,0,2024-01-10,2024-01-10 10:10:00,2024-01-10 10:10:00,GCG24.csv,205,GCG24.csv,-1.0,2031.7,2031.7,2032.1,2031.7,-0.3999999999998636
45301,10,30,2031.5,3,2024-01-10,2024-01-10 10:30:00,2024-01-10 10:30:00,GCG24.csv,278,GCG24.csv,3.0,2033.7,2033.7,6094.5,6101.1,-6.600000000000364
45301,11,0,2033.4,4,2024-01-10,2024-01-10 11:00:00,2024-01-10 11:00:00,GCG24.csv,197,GCG24.csv,1.0,2033.3,2033.3,2033.4,2033.3,0.10000000000013642
45301,12,0,2032.6,1,2024-01-10,2024-01-10 12:00:00,2024-01-10 12:00:00,GCG24.csv,160,GCG24.csv,-3.0,2032.9,2032.9,6097.799999999999,6098.700000000001,0.9000000000014552
45301,14,0,2029.2,0,2024-01-10,2024-01-10 14:00:00,2024-01-10 14:00:00,GCG24.csv,64,GCG24.csv,-1.0,2028.9,2028.9,2029.2,2028.9,-0.2999999999999545
45301,14,30,2028.1,-3,2024-01-10,2024-01-10 14:30:00,2024-01-10 14:30:00,GCG24.csv,222,GCG24.csv,-3.0,2029.0,2029.0,6084.299999999999,6087.0,2.7000000000007276
45301,16,0,2029.0,-2,2024-01-10,2024-01-10 16:00:00,2024-01-10 16:00:00,GCG24.csv,106,GCG24.csv,1.0,2029.1,2029.1,2029.0,2029.1,-0.09999999999990905
45302,1,30,2038.7,2,2024-01-11,2024-01-11 01:30:00,2024-01-11 01:30:00,GCG24.csv,33,GCG24.csv,4.0,2038.7,2038.7,8154.8,8154.8,0.0
45302,3,30,2038.0,-2,2024-01-11,2024-01-11 03:30:00,2024-01-11 03:30:00,GCG24.csv,105,GCG24.csv,-4.0,2037.8,2037.8,8152.0,8151.2,-0.8000000000001819
45302,4,30,2035.4,-5,2024-01-11,2024-01-11 04:30:00,2024-01-11 04:30:00,GCG24.csv,57,GCG24.csv,-3.0,2034.9,2034.9,6106.200000000001,6104.700000000001,-1.5
45302,6,0,2036.4,-1,2024-01-11,2024-01-11 06:00:00,2024-01-11 06:00:00,GCG24.csv,28,GCG24.csv,4.0,2036.2,2036.2,8145.6,8144.8,0.8000000000001819
45302,8,30,2053.6,2,2024-01-11,2024-01-11 08:30:00,2024-01-11 08:30:00,GCG24.csv,4848,GCG24.csv,3.0,2038.2,2038.2,6160.799999999999,6114.6,46.19999999999891
45302,9,0,2033.5,1,2024-01-11,2024-01-11 09:00:00,2024-01-11 09:00:00,GCG24.csv,423,GCG24.csv,-1.0,2033.3,2033.3,2033.5,2033.3,-0.20000000000004547
45302,9,40,2036.4,0,2024-01-11,2024-01-11 09:40:00,2024-01-11 09:40:00,GCG24.csv,565,GCG24.csv,-1.0,2032.0,2032.0,2036.4,2032.0,-4.400000000000091
45302,10,0,2034.0,1,2024-01-11,2024-01-11 10:00:00,2024-01-11 10:00:00,GCG24.csv,577,GCG24.csv,1.0,2032.5,2032.5,2034.0,2032.5,1.5
45302,10,30,2035.3,0,2024-01-11,2024-01-11 10:30:00,2024-01-11 10:30:00,GCG24.csv,922,GCG24.csv,-1.0,2035.8,2035.8,2035.3,2035.8,0.5
45302,11,0,2033.5,1,2024-01-11,2024-01-11 11:00:00,2024-01-11 11:00:00,GCG24.csv,194,GCG24.csv,1.0,2032.6,2032.6,2033.5,2032.6,0.900000000000091
45302,12,0,2020.7,6,2024-01-11,2024-01-11 12:00:00,2024-01-11 12:00:00,GCG24.csv,363,GCG24.csv,5.0,2021.7,2021.7,10103.5,10108.5,-5.0
45302,14,0,2021.1,3,2024-01-11,2024-01-11 14:00:00,2024-01-11 14:00:00,GCG24.csv,283,GCG24.csv,-3.0,2023.0,2023.0,6063.299999999999,6069.0,5.700000000000728
45302,14,30,2028.9,4,2024-01-11,2024-01-11 14:30:00,2024-01-11 14:30:00,GCG24.csv,598,GCG24.csv,1.0,2027.8,2027.8,2028.9,2027.8,1.1000000000001364
45302,16,0,2032.1,7,2024-01-11,2024-01-11 16:00:00,2024-01-11 16:00:00,GCG24.csv,78,GCG24.csv,3.0,2032.2,2032.2,6096.299999999999,6096.6,-0.3000000000010914
45303,6,0,2050.7,2,2024-01-12,2024-01-12 06:00:00,2024-01-12 06:00:00,GCG24.csv,450,GCG24.csv,-5.0,2051.2,2051.2,10253.5,10256.0,2.5
45303,8,40,2059.3,0,2024-01-12,2024-01-12 08:40:00,2024-01-12 08:40:00,GCG24.csv,482,GCG24.csv,-2.0,2058.6000000000004,2058.6000000000004,4118.6,4117.200000000001,-1.3999999999996362
45303,9,0,2061.2,1,2024-01-12,2024-01-12 09:00:00,2024-01-12 09:00:00,GCG24.csv,484,GCG24.csv,1.0,2063.4,2063.4,2061.2,2063.4,-2.200000000000273
45303,9,20,2060.0,4,2024-01-12,2024-01-12 09:20:00,2024-01-12 09:20:00,GCG24.csv,452,GCG24.csv,3.0,2065.4,2065.4,6180.0,6196.200000000001,-16.200000000000728
45303,10,0,2061.0,5,2024-01-12,2024-01-12 10:00:00,2024-01-12 10:00:00,GCG24.csv,786,GCG24.csv,1.0,2061.6,2061.6,2061.0,2061.6,-0.599999999999909
45303,10,20,2062.6,4,2024-01-12,2024-01-12 10:20:00,2024-01-12 10:20:00,GCG24.csv,208,GCG24.csv,-1.0,2062.0,2062.0,2062.6,2062.0,-0.599999999999909
45303,10,30,2062.9,1,2024-01-12,2024-01-12 10:30:00,2024-01-12 10:30:00,GCG24.csv,543,GCG24.csv,-3.0,2062.0,2062.0,6188.700000000001,6186.0,-2.7000000000007276
45303,11,0,2058.3,-1,2024-01-12,2024-01-12 11:00:00,2024-01-12 11:00:00,GCG24.csv,235,GCG24.csv,-2.0,2058.2000000000003,2058.2000000000003,4116.6,4116.400000000001,-0.1999999999998181
45303,12,0,2052.5,-3,2024-01-12,2024-01-12 12:00:00,2024-01-12 12:00:00,GCG24.csv,277,GCG24.csv,-2.0,2051.6000000000004,2051.6000000000004,4105.0,4103.200000000001,-1.7999999999992724
45303,14,0,2051.7,-4,2024-01-12,2024-01-12 14:00:00,2024-01-12 14:00:00,GCG24.csv,68,GCG24.csv,-1.0,2052.2,2052.2,2051.7,2052.2,0.5
45303,14,30,2052.7,-1,2024-01-12,2024-01-12 14:30:00,2024-01-12 14:30:00,GCG24.csv,37,GCG24.csv,3.0,2052.0,2052.0,6158.099999999999,6156.0,2.0999999999994543
45303,16,0,2051.7,0,2024-01-12,2024-01-12 16:00:00,2024-01-12 16:00:00,GCG24.csv,95,GCG24.csv,1.0,2051.0,2051.7,2051.7,2051.7,0.0
45306,1,30,2060.0,1,2024-01-15,2024-01-15 01:30:00,2024-01-15 01:30:00,GCG24.csv,58,GCG24.csv,1.0,2059.9,2059.9,2060.0,2059.9,0.09999999999990905
45306,3,30,2060.2,0,2024-01-15,2024-01-15 03:30:00,2024-01-15 03:30:00,GCG24.csv,10,GCG24.csv,-1.0,2060.3,2060.3,2060.2,2060.3,0.1000000000003638
45306,4,30,2060.1,2,2024-01-15,2024-01-15 04:30:00,2024-01-15 04:30:00,GCG24.csv,25,GCG24.csv,2.0,2060.0,2060.0,4120.2,4120.0,0.1999999999998181
45306,6,0,2057.2,6,2024-01-15,2024-01-15 06:00:00,2024-01-15 06:00:00,GCG24.csv,35,GCG24.csv,4.0,2057.1,2057.1,8228.8,8228.4,0.3999999999996362
45306,8,30,2056.5,4,2024-01-15,2024-01-15 08:30:00,2024-01-15 08:30:00,GCG24.csv,63,GCG24.csv,-2.0,2056.6,2056.6,4113.0,4113.2,0.1999999999998181
45306,10,30,2055.8,5,2024-01-15,2024-01-15 10:30:00,2024-01-15 10:30:00,GCG24.csv,63,GCG24.csv,1.0,2055.7000000000003,2055.7000000000003,2055.8,2055.7000000000003,0.09999999999990905
45306,12,0,2058.3,2,2024-01-15,2024-01-15 12:00:00,2024-01-15 12:00:00,GCG24.csv,36,GCG24.csv,-3.0,2058.4,2058.4,6174.900000000001,6175.200000000001,0.3000000000001819
45306,14,30,2059.0,1,2024-01-15,2024-01-15 14:30:00,2024-01-15 14:30:00,GCG24.csv,68,GCG24.csv,-1.0,2059.0,2060.4,2059.0,2060.4,1.400000000000091
45307,1,30,2052.9,2,2024-01-16,2024-01-16 01:30:00,2024-01-16 01:30:00,GCG24.csv,27,GCG24.csv,1.0,2052.9,2052.9,2052.9,2052.9,0.0
45307,3,30,2051.3,1,2024-01-16,2024-01-16 03:30:00,2024-01-16 03:30:00,GCG24.csv,200,GCG24.csv,-1.0,2046.9,2046.9,2051.3,2046.9,-4.400000000000091
45307,4,30,2043.7,-2,2024-01-16,2024-01-16 04:30:00,2024-01-16 04:30:00,GCG24.csv,75,GCG24.csv,-3.0,2043.6,2043.6,6131.1,6130.799999999999,-0.3000000000010914
45307,6,0,2044.5,-4,2024-01-16,2024-01-16 06:00:00,2024-01-16 06:00:00,GCG24.csv,76,GCG24.csv,-2.0,2043.6,2043.6,4089.0,4087.2,-1.800000000000182
45307,8,30,2037.9,-1,2024-01-16,2024-01-16 08:30:00,2024-01-16 08:30:00,GCG24.csv,1587,GCG24.csv,3.0,2044.2,2044.2,6113.700000000001,6132.6,-18.899999999999636
45307,9,0,2041.5,-3,2024-01-16,2024-01-16 09:00:00,2024-01-16 09:00:00,GCG24.csv,391,GCG24.csv,-2.0,2044.5,2044.5,4083.0,4089.0,6.0
45307,10,30,2042.6,0,2024-01-16,2024-01-16 10:30:00,2024-01-16 10:30:00,GCG24.csv,113,GCG24.csv,3.0,2044.1,2044.1,6127.799999999999,6132.299999999999,-4.5
45307,11,0,2044.9,2,2024-01-16,2024-01-16 11:00:00,2024-01-16 11:00:00,GCG24.csv,2945,GCG24.csv,2.0,2038.0,2038.0,4089.8,4076.0,13.800000000000182
45307,12,0,2037.0,5,2024-01-16,2024-01-16 12:00:00,2024-01-16 12:00:00,GCG24.csv,201,GCG24.csv,3.0,2029.3,2029.3,6111.0,6087.9,23.100000000000364
45307,14,0,2028.6,6,2024-01-16,2024-01-16 14:00:00,2024-01-16 14:00:00,GCG24.csv,317,GCG24.csv,1.0,2028.9,2028.9,2028.6,2028.9,-0.3000000000001819
45307,14,30,2031.1,3,2024-01-16,2024-01-16 14:30:00,2024-01-16 14:30:00,GCG24.csv,64,GCG24.csv,-3.0,2030.8,2030.8,6093.299999999999,6092.4,-0.8999999999996362
45307,16,0,2031.8,2,2024-01-16,2024-01-16 16:00:00,2024-01-16 16:00:00,GCG24.csv,73,GCG24.csv,-1.0,2030.9,2030.9,2031.8,2030.9,-0.8999999999998636
45308,1,30,2020.7,0,2024-01-17,2024-01-17 01:30:00,2024-01-17 01:30:00,GCG24.csv,57,GCG24.csv,-2.0,2021.5,2021.5,4041.4,4043.0,1.599999999999909
45308,3,30,2027.2,2,2024-01-17,2024-01-17 03:30:00,2024-01-17 03:30:00,GCG24.csv,81,GCG24.csv,2.0,2026.8,2026.8,4054.4,4053.6,0.8000000000001819
45308,4,30,2023.6,-2,2024-01-17,2024-01-17 04:30:00,2024-01-17 04:30:00,GCG24.csv,161,GCG24.csv,-4.0,2024.1,2024.1,8094.4,8096.4,2.0
45308,8,30,2025.4,2,2024-01-17,2024-01-17 08:30:00,2024-01-17 08:30:00,GCG24.csv,2065,GCG24.csv,4.0,2023.9,2023.9,8101.6,8095.6,6.0
45308,8,40,2028.2,1,2024-01-17,2024-01-17 08:40:00,2024-01-17 08:40:00,GCG24.csv,404,GCG24.csv,-1.0,2025.9,2025.9,2028.2,2025.9,-2.2999999999999545
45308,9,0,2025.8,3,2024-01-17,2024-01-17 09:00:00,2024-01-17 09:00:00,GCG24.csv,460,GCG24.csv,2.0,2025.7,2025.7,4051.6,4051.4,0.1999999999998181
45308,9,20,2022.3,5,2024-01-17,2024-01-17 09:20:00,2024-01-17 09:20:00,GCG24.csv,154,GCG24.csv,2.0,2022.8,2022.8,4044.6,4045.6,-1.0
45308,9,40,2023.6,3,2024-01-17,2024-01-17 09:40:00,2024-01-17 09:40:00,GCG24.csv,225,GCG24.csv,-2.0,2021.4,2021.4,4047.2,4042.8,-4.399999999999636
45308,10,0,2015.1,4,2024-01-17,2024-01-17 10:00:00,2024-01-17 10:00:00,GCG24.csv,1683,GCG24.csv,1.0,2014.7,2014.7,2015.1,2014.7,0.3999999999998636
45308,10,10,2016.1,5,2024-01-17,2024-01-17 10:10:00,2024-01-17 10:10:00,GCG24.csv,356,GCG24.csv,1.0,2013.1,2013.1,2016.1,2013.1,3.0
45308,10,20,2013.6,4,2024-01-17,2024-01-17 10:20:00,2024-01-17 10:20:00,GCG24.csv,724,GCG24.csv,-1.0,2010.8,2010.8,2013.6,2010.8,-2.7999999999999545
45308,11,0,2011.7,3,2024-01-17,2024-01-17 11:00:00,2024-01-17 11:00:00,GCG24.csv,212,GCG24.csv,-1.0,2012.0,2012.0,2011.7,2012.0,0.2999999999999545
45308,12,0,2008.4,6,2024-01-17,2024-01-17 12:00:00,2024-01-17 12:00:00,GCG24.csv,127,GCG24.csv,3.0,2008.6,2008.6,6025.200000000001,6025.799999999999,-0.5999999999985448
45308,14,30,2008.3,5,2024-01-17,2024-01-17 14:30:00,2024-01-17 14:30:00,GCG24.csv,75,GCG24.csv,-1.0,2007.9,2007.9,2008.3,2007.9,-0.3999999999998636
45309,1,30,2013.6,3,2024-01-18,2024-01-18 01:30:00,2024-01-18 01:30:00,GCG24.csv,62,GCG24.csv,-2.0,2013.5,2013.5,4027.2,4027.0,-0.1999999999998181
45309,3,30,2013.7,5,2024-01-18,2024-01-18 03:30:00,2024-01-18 03:30:00,GCG24.csv,69,GCG24.csv,2.0,2012.7,2012.7,4027.4,4025.4,2.0
45309,4,30,2013.9,0,2024-01-18,2024-01-18 04:30:00,2024-01-18 04:30:00,GCG24.csv,152,GCG24.csv,-5.0,2014.4,2014.4,10069.5,10072.0,2.5
45309,6,0,2013.7,-1,2024-01-18,2024-01-18 06:00:00,2024-01-18 06:00:00,GCG24.csv,37,GCG24.csv,-1.0,2014.3,2014.3,2013.7,2014.3,0.599999999999909
45309,8,30,2010.2,4,2024-01-18,2024-01-18 08:30:00,2024-01-18 08:30:00,GCG24.csv,1539,GCG24.csv,5.0,2013.5,2013.5,10051.0,10067.5,-16.5
45309,9,0,2011.3,5,2024-01-18,2024-01-18 09:00:00,2024-01-18 09:00:00,GCG24.csv,153,GCG24.csv,1.0,2012.3,2012.3,2011.3,2012.3,-1.0
45309,10,30,2016.0,7,2024-01-18,2024-01-18 10:30:00,2024-01-18 10:30:00,GCG24.csv,222,GCG24.csv,2.0,2016.1,2016.1,4032.0,4032.2,-0.1999999999998181
45309,11,0,2015.8,6,2024-01-18,2024-01-18 11:00:00,2024-01-18 11:00:00,GCG24.csv,104,GCG24.csv,-1.0,2015.9,2015.9,2015.8,2015.9,0.10000000000013642
45309,12,0,2017.2,3,2024-01-18,2024-01-18 12:00:00,2024-01-18 12:00:00,GCG24.csv,229,GCG24.csv,-3.0,2017.1,2017.1,6051.6,6051.299999999999,-0.3000000000010914
45309,14,30,2022.0,1,2024-01-18,2024-01-18 14:30:00,2024-01-18 14:30:00,GCG24.csv,101,GCG24.csv,-2.0,2023.1,2023.1,4044.0,4046.2,2.199999999999818
45310,4,30,2032.3,2,2024-01-19,2024-01-19 04:30:00,2024-01-19 04:30:00,GCG24.csv,28,GCG24.csv,1.0,2031.1,2031.1,2032.3,2031.1,1.2000000000000455
45310,6,0,2032.6,6,2024-01-19,2024-01-19 06:00:00,2024-01-19 06:00:00,GCG24.csv,19,GCG24.csv,4.0,2032.8,2032.8,8130.4,8131.2,-0.8000000000001819
45310,8,30,2038.8,5,2024-01-19,2024-01-19 08:30:00,2024-01-19 08:30:00,GCG24.csv,470,GCG24.csv,-1.0,2039.7,2039.7,2038.8,2039.7,0.900000000000091
45310,9,0,2037.7,1,2024-01-19,2024-01-19 09:00:00,2024-01-19 09:00:00,GCG24.csv,175,GCG24.csv,-4.0,2037.0,2037.0,8150.8,8148.0,-2.800000000000182
45310,9,40,2030.7,2,2024-01-19,2024-01-19 09:40:00,2024-01-19 09:40:00,GCG24.csv,725,GCG24.csv,1.0,2029.2,2029.2,2030.7,2029.2,1.5
45310,9,50,2029.5,4,2024-01-19,2024-01-19 09:50:00,2024-01-19 09:50:00,GCG24.csv,257,GCG24.csv,2.0,2031.3,2031.3,4059.0,4062.6,-3.599999999999909
45310,10,0,2033.9,3,2024-01-19,2024-01-19 10:00:00,2024-01-19 10:00:00,GCG24.csv,1801,GCG24.csv,-1.0,2031.6,2031.6,2033.9,2031.6,-2.300000000000182
45310,10,10,2028.2,1,2024-01-19,2024-01-19 10:10:00,2024-01-19 10:10:00,GCG24.csv,315,GCG24.csv,-2.0,2026.4,2026.4,4056.4,4052.8,-3.599999999999909
45310,11,0,2029.8,5,2024-01-19,2024-01-19 11:00:00,2024-01-19 11:00:00,GCG24.csv,191,GCG24.csv,4.0,2031.0,2031.0,8119.2,8124.0,-4.800000000000182
45310,16,30,2031.6,0,2024-01-19,2024-01-19 16:30:00,2024-01-19 16:30:00,GCG24.csv,18,GCG24.csv,-5.0,2031.7,2031.7,10158.0,10158.5,0.5
45313,1,30,2025.8,1,2024-01-22,2024-01-22 01:30:00,2024-01-22 01:30:00,GCG24.csv,86,GCG24.csv,1.0,2025.7,2025.7,2025.8,2025.7,0.09999999999990905
45313,3,30,2027.0,0,2024-01-22,2024-01-22 03:30:00,2024-01-22 03:30:00,GCG24.csv,82,GCG24.csv,-1.0,2027.1,2023.9,2027.0,2023.9,-3.099999999999909
45313,4,30,2023.9,-3,2024-01-22,2024-01-22 04:30:00,2024-01-22 04:30:00,GCG24.csv,45,GCG24.csv,-3.0,2024.0,2024.0,6071.700000000001,6072.0,0.2999999999992724
45313,8,30,2026.9,0,2024-01-22,2024-01-22 08:30:00,2024-01-22 08:30:00,GCG24.csv,342,GCG24.csv,3.0,2026.7,2026.7,6080.700000000001,6080.1,0.6000000000003638
45313,10,30,2028.2,-1,2024-01-22,2024-01-22 10:30:00,2024-01-22 10:30:00,GCG24.csv,177,GCG24.csv,-1.0,2028.4,2028.4,2028.2,2028.4,0.20000000000004547
45313,12,0,2025.3,-4,2024-01-22,2024-01-22 12:00:00,2024-01-22 12:00:00,GCG24.csv,62,GCG24.csv,-3.0,2025.5,2025.5,6075.9,6076.5,0.6000000000003638
45313,14,30,2021.7,-3,2024-01-22,2024-01-22 14:30:00,2024-01-22 14:30:00,GCG24.csv,25,GCG24.csv,1.0,2021.6,2021.6,2021.7,2021.6,0.10000000000013642
45314,1,30,2031.6,1,2024-01-23,2024-01-23 01:30:00,2024-01-23 01:30:00,GCG24.csv,55,GCG24.csv,4.0,2031.2,2031.2,8126.4,8124.8,1.5999999999994543
45314,3,30,2031.7,-3,2024-01-23,2024-01-23 03:30:00,2024-01-23 03:30:00,GCG24.csv,40,GCG24.csv,-4.0,2032.5,2032.5,8126.8,8130.0,3.199999999999818
45314,4,30,2031.3,0,2024-01-23,2024-01-23 04:30:00,2024-01-23 04:30:00,GCG24.csv,39,GCG24.csv,3.0,2031.1,2031.1,6093.9,6093.299999999999,0.6000000000003638
45314,6,0,2026.4,-1,2024-01-23,2024-01-23 06:00:00,2024-01-23 06:00:00,GCG24.csv,176,GCG24.csv,-1.0,2026.1,2026.1,2026.4,2026.1,-0.3000000000001819
45314,8,30,2029.8,-4,2024-01-23,2024-01-23 08:30:00,2024-01-23 08:30:00,GCG24.csv,202,GCG24.csv,-3.0,2028.1,2028.1,6089.4,6084.299999999999,-5.100000000000364
45314,9,0,2026.1,-6,2024-01-23,2024-01-23 09:00:00,2024-01-23 09:00:00,GCG24.csv,130,GCG24.csv,-2.0,2027.1,2027.1,4052.2,4054.2,2.0
45314,10,30,2026.1,-2,2024-01-23,2024-01-23 10:30:00,2024-01-23 10:30:00,GCG24.csv,175,GCG24.csv,4.0,2025.2,2025.2,8104.4,8100.8,3.5999999999994543
45314,11,0,2026.7,0,2024-01-23,2024-01-23 11:00:00,2024-01-23 11:00:00,GCG24.csv,167,GCG24.csv,2.0,2027.4,2027.4,4053.4,4054.8,-1.400000000000091
45314,12,0,2027.0,4,2024-01-23,2024-01-23 12:00:00,2024-01-23 12:00:00,GCG24.csv,74,GCG24.csv,4.0,2026.3,2026.3,8108.0,8105.2,2.800000000000182
45314,14,30,2029.9,0,2024-01-23,2024-01-23 14:30:00,2024-01-23 14:30:00,GCG24.csv,112,GCG24.csv,-4.0,2031.2,2031.2,8119.6,8124.8,5.199999999999818
45315,9,0,2035.1,-3,2024-01-24,2024-01-24 09:00:00,2024-01-24 09:00:00,GCG24.csv,114,GCG24.csv,-3.0,2034.1,2034.1,6105.299999999999,6102.299999999999,-3.0
45315,9,40,2028.1,-2,2024-01-24,2024-01-24 09:40:00,2024-01-24 09:40:00,GCG24.csv,681,GCG24.csv,1.0,2025.4,2025.4,2028.1,2025.4,2.699999999999818
45315,9,50,2025.6,0,2024-01-24,2024-01-24 09:50:00,2024-01-24 09:50:00,GCG24.csv,681,GCG24.csv,2.0,2025.4,2025.4,4051.2,4050.8,0.3999999999996362
45315,10,0,2025.7,-1,2024-01-24,2024-01-24 10:00:00,2024-01-24 10:00:00,GCG24.csv,730,GCG24.csv,-1.0,2022.6,2022.6,2025.7,2022.6,-3.1000000000001364
45315,10,10,2024.9,-3,2024-01-24,2024-01-24 10:10:00,2024-01-24 10:10:00,GCG24.csv,341,GCG24.csv,-2.0,2023.8,2023.8,4049.8,4047.6,-2.200000000000273
45315,10,30,2020.7,-1,2024-01-24,2024-01-24 10:30:00,2024-01-24 10:30:00,GCG24.csv,729,GCG24.csv,2.0,2018.6,2018.6,4041.4,4037.2,4.200000000000273
45315,11,0,2016.0,2,2024-01-24,2024-01-24 11:00:00,2024-01-24 11:00:00,GCG24.csv,726,GCG24.csv,3.0,2016.0,2016.0,6048.0,6048.0,0.0
45315,12,0,2016.2,1,2024-01-24,2024-01-24 12:00:00,2024-01-24 12:00:00,GCG24.csv,256,GCG24.csv,-1.0,2017.9,2017.9,2016.2,2017.9,1.7000000000000455
45315,14,0,2015.8,2,2024-01-24,2024-01-24 14:00:00,2024-01-24 14:00:00,GCG24.csv,23,GCG24.csv,1.0,2015.0,2015.0,2015.8,2015.0,0.7999999999999545
45315,14,30,2013.2,0,2024-01-24,2024-01-24 14:30:00,2024-01-24 14:30:00,GCG24.csv,46,GCG24.csv,-2.0,2014.0,2014.0,4026.4,4028.0,1.599999999999909
45315,16,0,2012.9,-1,2024-01-24,2024-01-24 16:00:00,2024-01-24 16:00:00,GCG24.csv,49,GCG24.csv,-1.0,2013.3,2013.3,2012.9,2013.3,0.3999999999998636
45316,1,30,2015.3,-4,2024-01-25,2024-01-25 01:30:00,2024-01-25 01:30:00,GCG24.csv,40,GCG24.csv,-3.0,2016.2,2016.2,6045.9,6048.6,2.7000000000007276
45316,3,30,2013.2,-1,2024-01-25,2024-01-25 03:30:00,2024-01-25 03:30:00,GCG24.csv,183,GCG24.csv,3.0,2014.4,2014.4,6039.6,6043.200000000001,-3.600000000000364
45316,4,30,2014.4,-5,2024-01-25,2024-01-25 04:30:00,2024-01-25 04:30:00,GCG24.csv,69,GCG24.csv,-4.0,2014.6,2014.6,8057.6,8058.4,0.7999999999992724
45316,6,0,2019.3,-4,2024-01-25,2024-01-25 06:00:00,2024-01-25 06:00:00,GCG24.csv,48,GCG24.csv,1.0,2018.0,2018.0,2019.3,2018.0,1.2999999999999545
45316,8,30,2017.8,0,2024-01-25,2024-01-25 08:30:00,2024-01-25 08:30:00,GCG24.csv,4527,GCG24.csv,4.0,2018.1,2018.1,8071.2,8072.4,-1.199999999999818
45316,9,0,2019.3,-3,2024-01-25,2024-01-25 09:00:00,2024-01-25 09:00:00,GCG24.csv,244,GCG24.csv,-3.0,2020.5,2020.5,6057.9,6061.5,3.600000000000364
45316,10,30,2019.8,-1,2024-01-25,2024-01-25 10:30:00,2024-01-25 10:30:00,GCG24.csv,312,GCG24.csv,2.0,2018.1,2018.1,4039.6,4036.2,3.400000000000091
45316,11,0,2020.3,2,2024-01-25,2024-01-25 11:00:00,2024-01-25 11:00:00,GCG24.csv,155,GCG24.csv,3.0,2020.6,2020.6,6060.9,6061.799999999999,-0.8999999999996362
45316,12,0,2014.4,5,2024-01-25,2024-01-25 12:00:00,2024-01-25 12:00:00,GCG24.csv,113,GCG24.csv,3.0,2013.5,2013.5,6043.200000000001,6040.5,2.7000000000007276
45316,14,30,2018.1,3,2024-01-25,2024-01-25 14:30:00,2024-01-25 14:30:00,GCG24.csv,44,GCG24.csv,-2.0,2018.3,2018.3,4036.2,4036.6,0.40000000000009095
45317,9,0,2024.3,0,2024-01-26,2024-01-26 09:00:00,2024-01-26 09:00:00,GCG24.csv,285,GCG24.csv,-3.0,2024.4,2024.4,6072.9,6073.200000000001,0.3000000000010914
45317,10,30,2017.8,2,2024-01-26,2024-01-26 10:30:00,2024-01-26 10:30:00,GCG24.csv,104,GCG24.csv,2.0,2018.3,2018.3,4035.6,4036.6,-1.0
45317,11,0,2016.6,5,2024-01-26,2024-01-26 11:00:00,2024-01-26 11:00:00,GCG24.csv,92,GCJ24.csv,3.0,2037.1,2037.1,6049.799999999999,6111.299999999999,-61.5
45317,12,0,2017.8,4,2024-01-26,2024-01-26 12:00:00,2024-01-26 12:00:00,GCG24.csv,40,GCG24.csv,-1.0,2017.9,2017.9,2017.8,2017.9,0.10000000000013642
45317,14,30,2015.8,2,2024-01-26,2024-01-26 14:30:00,2024-01-26 14:30:00,GCG24.csv,48,GCG24.csv,-2.0,2016.8,2016.8,4031.6,4033.6,2.0
45317,16,30,2018.6,0,2024-01-26,2024-01-26 16:30:00,2024-01-26 16:30:00,GCG24.csv,11,GCG24.csv,-2.0,2018.7,2018.3,4037.2,4036.6,-0.599999999999909
45320,1,30,2026.6,4,2024-01-29,2024-01-29 01:30:00,2024-01-29 01:30:00,GCJ24.csv,13,GCJ24.csv,4.0,2045.3,2045.3,8106.4,8181.2,-74.80000000000018
45320,3,30,2031.3,0,2024-01-29,2024-01-29 03:30:00,2024-01-29 03:30:00,GCJ24.csv,170,GCJ24.csv,-4.0,2050.1,2050.1,8125.2,8200.4,75.19999999999982
45320,4,30,2029.6,1,2024-01-29,2024-01-29 04:30:00,2024-01-29 04:30:00,GCJ24.csv,27,GCJ24.csv,1.0,2048.3,2048.3,2029.6,2048.3,-18.700000000000273
45320,6,0,2026.9,-1,2024-01-29,2024-01-29 06:00:00,2024-01-29 06:00:00,GCJ24.csv,43,GCJ24.csv,-2.0,2045.9,2045.9,4053.8,4091.8,38.0
45320,8,30,2030.9,-2,2024-01-29,2024-01-29 08:30:00,2024-01-29 08:30:00,GCJ24.csv,326,GCJ24.csv,-1.0,2050.0,2050.0,2030.9,2050.0,19.09999999999991
45320,9,0,2036.3,-5,2024-01-29,2024-01-29 09:00:00,2024-01-29 09:00:00,GCJ24.csv,203,GCJ24.csv,-3.0,2055.3,2055.3,6108.9,6165.900000000001,57.00000000000091
45320,9,30,2032.0,-3,2024-01-29,2024-01-29 09:30:00,2024-01-29 09:30:00,GCJ24.csv,559,GCJ24.csv,2.0,2051.0,2051.0,4064.0,4102.0,-38.0
45320,9,40,2026.2,-2,2024-01-29,2024-01-29 09:40:00,2024-01-29 09:40:00,GCJ24.csv,1448,GCJ24.csv,1.0,2042.5,2042.5,2026.2,2042.5,-16.299999999999955
45320,10,0,2023.5,-3,2024-01-29,2024-01-29 10:00:00,2024-01-29 10:00:00,GCJ24.csv,550,GCJ24.csv,-1.0,2042.6,2042.6,2023.5,2042.6,19.09999999999991
45320,10,10,2023.9,-5,2024-01-29,2024-01-29 10:10:00,2024-01-29 10:10:00,GCJ24.csv,276,GCJ24.csv,-2.0,2041.8,2041.8,4047.8,4083.6,35.79999999999973
45320,10,30,2020.5,-1,2024-01-29,2024-01-29 10:30:00,2024-01-29 10:30:00,GCJ24.csv,315,GCJ24.csv,4.0,2039.7,2042.6,8082.0,8170.4,-88.39999999999964
45320,11,0,2024.5,2,2024-01-29,2024-01-29 11:00:00,2024-01-29 11:00:00,GCJ24.csv,98,GCJ24.csv,3.0,2043.5,2043.5,6073.5,6130.5,-57.0
45320,12,0,2026.0,3,2024-01-29,2024-01-29 12:00:00,2024-01-29 12:00:00,GCJ24.csv,97,GCJ24.csv,1.0,2045.2,2045.2,2026.0,2045.2,-19.200000000000045
45320,14,30,2025.7,-1,2024-01-29,2024-01-29 14:30:00,2024-01-29 14:30:00,GCG24.csv,81,GCJ24.csv,-4.0,2044.9,2044.9,8102.8,8179.6,76.80000000000018
45321,1,30,2033.9,1,2024-01-30,2024-01-30 01:30:00,2024-01-30 01:30:00,GCJ24.csv,49,GCJ24.csv,2.0,2052.9,2052.9,4067.8,4105.8,-38.0
45321,3,30,2037.0,-1,2024-01-30,2024-01-30 03:30:00,2024-01-30 03:30:00,GCJ24.csv,90,GCJ24.csv,-2.0,2056.3,2056.3,4074.0,4112.6,38.600000000000364
45321,4,30,2035.9,1,2024-01-30,2024-01-30 04:30:00,2024-01-30 04:30:00,GCJ24.csv,146,GCJ24.csv,2.0,2055.6,2055.6,4071.8,4111.2,-39.399999999999636
45321,6,0,2034.3,3,2024-01-30,2024-01-30 06:00:00,2024-01-30 06:00:00,GCJ24.csv,64,GCJ24.csv,2.0,2054.1,2054.1,4068.6,4108.2,-39.59999999999991
45321,8,30,2034.2,1,2024-01-30,2024-01-30 08:30:00,2024-01-30 08:30:00,GCJ24.csv,266,GCJ24.csv,-2.0,2054.3,2054.3,4068.4,4108.6,40.20000000000027
45321,9,0,2036.7,-2,2024-01-30,2024-01-30 09:00:00,2024-01-30 09:00:00,GCJ24.csv,414,GCJ24.csv,-3.0,2056.0,2056.0,6110.1,6168.0,57.899999999999636
45321,9,10,2039.9,-4,2024-01-30,2024-01-30 09:10:00,2024-01-30 09:10:00,GCJ24.csv,534,GCJ24.csv,-2.0,2063.0,2063.0,4079.8,4126.0,46.19999999999982
45321,9,20,2044.6,-6,2024-01-30,2024-01-30 09:20:00,2024-01-30 09:20:00,GCJ24.csv,940,GCJ24.csv,-2.0,2066.2,2066.2,4089.2,4132.4,43.19999999999982
45321,9,40,2046.2,-4,2024-01-30,2024-01-30 09:40:00,2024-01-30 09:40:00,GCJ24.csv,703,GCJ24.csv,2.0,2064.4,2064.4,4092.4,4128.8,-36.40000000000009
45321,9,50,2045.7,-2,2024-01-30,2024-01-30 09:50:00,2024-01-30 09:50:00,GCJ24.csv,911,GCJ24.csv,2.0,2060.7000000000003,2060.7000000000003,4091.4,4121.400000000001,-30.000000000000455
45321,10,10,2036.5,-1,2024-01-30,2024-01-30 10:10:00,2024-01-30 10:10:00,GCJ24.csv,814,GCJ24.csv,1.0,2052.2,2052.2,2036.5,2052.2,-15.699999999999818
45321,10,30,2028.1,2,2024-01-30,2024-01-30 10:30:00,2024-01-30 10:30:00,GCJ24.csv,628,GCJ24.csv,3.0,2048.8,2048.8,6084.299999999999,6146.400000000001,-62.10000000000127
45321,10,50,2032.1,1,2024-01-30,2024-01-30 10:50:00,2024-01-30 10:50:00,GCJ24.csv,213,GCJ24.csv,-1.0,2051.2,2051.2,2032.1,2051.2,19.09999999999991
45321,11,0,2031.5,4,2024-01-30,2024-01-30 11:00:00,2024-01-30 11:00:00,GCJ24.csv,324,GCJ24.csv,3.0,2050.9,2050.9,6094.5,6152.700000000001,-58.20000000000073
45321,12,0,2034.4,1,2024-01-30,2024-01-30 12:00:00,2024-01-30 12:00:00,GCJ24.csv,122,GCJ24.csv,-3.0,2053.9,2053.9,6103.200000000001,6161.700000000001,58.5
45321,14,30,2034.7,-2,2024-01-30,2024-01-30 14:30:00,2024-01-30 14:30:00,GCJ24.csv,60,GCJ24.csv,-3.0,2054.9,2054.9,6104.1,6164.700000000001,60.600000000000364
45322,6,0,2035.9,-4,2024-01-31,2024-01-31 06:00:00,2024-01-31 06:00:00,GCJ24.csv,51,GCJ24.csv,-2.0,2056.7,2056.7,4071.8,4113.4,41.599999999999454
45322,9,0,2040.9,-7,2024-01-31,2024-01-31 09:00:00,2024-01-31 09:00:00,GCJ24.csv,663,GCJ24.csv,-3.0,2060.8,2060.8,6122.700000000001,6182.400000000001,59.69999999999982
45322,11,0,2053.1,-4,2024-01-31,2024-01-31 11:00:00,2024-01-31 11:00:00,GCJ24.csv,410,GCJ24.csv,3.0,2066.1,2066.1,6159.299999999999,6198.299999999999,-39.0
45322,12,0,2049.3,-2,2024-01-31,2024-01-31 12:00:00,2024-01-31 12:00:00,GCJ24.csv,77,GCJ24.csv,2.0,2067.6,2067.6,4098.6,4135.2,-36.599999999999454
45323,4,30,2059.6,2,2024-02-01,2024-02-01 04:30:00,2024-02-01 04:30:00,GCJ24.csv,42,GCJ24.csv,4.0,2058.4,2058.4,8238.4,8233.6,4.799999999999272
45323,6,0,2048.7,4,2024-02-01,2024-02-01 06:00:00,2024-02-01 06:00:00,GCJ24.csv,409,GCJ24.csv,2.0,2047.1,2047.1,4097.4,4094.2,3.199999999999818
45323,8,30,2049.4,0,2024-02-01,2024-02-01 08:30:00,2024-02-01 08:30:00,GCJ24.csv,1673,GCJ24.csv,-4.0,2057.5,2057.5,8197.6,8230.0,32.399999999999636
45323,8,40,2057.4,-2,2024-02-01,2024-02-01 08:40:00,2024-02-01 08:40:00,GCJ24.csv,1443,GCJ24.csv,-2.0,2057.5,2057.5,4114.8,4115.0,0.1999999999998181
45323,8,50,2057.7,-3,2024-02-01,2024-02-01 08:50:00,2024-02-01 08:50:00,GCJ24.csv,399,GCJ24.csv,-1.0,2058.0,2058.0,2057.7,2058.0,0.3000000000001819
45323,9,0,2057.0,0,2024-02-01,2024-02-01 09:00:00,2024-02-01 09:00:00,GCJ24.csv,366,GCJ24.csv,3.0,2059.3,2059.3,6171.0,6177.900000000001,-6.900000000000546
45323,9,10,2059.6,1,2024-02-01,2024-02-01 09:10:00,2024-02-01 09:10:00,GCJ24.csv,270,GCJ24.csv,1.0,2059.3,2064.3,2059.6,2064.3,-4.700000000000273
45323,9,20,2062.6,-1,2024-02-01,2024-02-01 09:20:00,2024-02-01 09:20:00,GCJ24.csv,379,GCJ24.csv,-2.0,2064.7000000000003,2064.7000000000003,4125.2,4129.400000000001,4.200000000000728
45323,9,30,2065.2,-2,2024-02-01,2024-02-01 09:30:00,2024-02-01 09:30:00,GCJ24.csv,950,GCJ24.csv,-1.0,2065.8,2065.8,2065.2,2065.8,0.6000000000003638
45323,9,40,2065.5,0,2024-02-01,2024-02-01 09:40:00,2024-02-01 09:40:00,GCJ24.csv,290,GCJ24.csv,2.0,2065.2,2065.2,4131.0,4130.4,0.6000000000003638
45323,9,50,2064.9,1,2024-02-01,2024-02-01 09:50:00,2024-02-01 09:50:00,GCJ24.csv,811,GCJ24.csv,1.0,2066.4,2066.4,2064.9,2066.4,-1.5
45323,10,0,2058.4,2,2024-02-01,2024-02-01 10:00:00,2024-02-01 10:00:00,GCJ24.csv,2747,GCJ24.csv,1.0,2065.1,2065.1,2058.4,2065.1,-6.699999999999818
45323,10,20,2065.2,1,2024-02-01,2024-02-01 10:20:00,2024-02-01 10:20:00,GCJ24.csv,349,GCJ24.csv,-1.0,2066.8,2066.8,2065.2,2066.8,1.6000000000003638
45323,10,30,2066.2,0,2024-02-01,2024-02-01 10:30:00,2024-02-01 10:30:00,GCJ24.csv,292,GCJ24.csv,-1.0,2067.0,2067.0,2066.2,2067.0,0.8000000000001819
45323,11,0,2069.6,-1,2024-02-01,2024-02-01 11:00:00,2024-02-01 11:00:00,GCJ24.csv,967,GCJ24.csv,-1.0,2073.7,2073.7,2069.6,2073.7,4.099999999999909
45323,12,0,2076.9,-5,2024-02-01,2024-02-01 12:00:00,2024-02-01 12:00:00,GCJ24.csv,356,GCJ24.csv,-4.0,2078.8,2078.8,8307.6,8315.2,7.600000000000364
45323,14,30,2073.5,-4,2024-02-01,2024-02-01 14:30:00,2024-02-01 14:30:00,GCJ24.csv,38,GCJ24.csv,1.0,2072.5,2072.5,2073.5,2072.5,1.0
45324,1,30,2073.0,0,2024-02-02,2024-02-02 01:30:00,2024-02-02 01:30:00,GCJ24.csv,50,GCJ24.csv,4.0,2072.2000000000003,2072.2000000000003,8292.0,8288.800000000001,3.1999999999989086
45324,3,30,2072.3,-4,2024-02-02,2024-02-02 03:30:00,2024-02-02 03:30:00,GCJ24.csv,28,GCJ24.csv,-4.0,2073.0,2073.0,8289.2,8292.0,2.7999999999992724
45324,4,30,2071.9,0,2024-02-02,2024-02-02 04:30:00,2024-02-02 04:30:00,GCJ24.csv,47,GCJ24.csv,4.0,2071.7,2071.7,8287.6,8286.8,0.8000000000010914
45324,6,0,2071.7,-2,2024-02-02,2024-02-02 06:00:00,2024-02-02 06:00:00,GCJ24.csv,26,GCJ24.csv,-2.0,2071.5,2071.5,4143.4,4143.0,-0.3999999999996362
45324,8,30,2070.1,-6,2024-02-02,2024-02-02 08:30:00,2024-02-02 08:30:00,GCJ24.csv,7454,GCJ24.csv,-4.0,2051.7,2051.7,8280.4,8206.8,-73.60000000000036
45324,8,40,2053.6,-4,2024-02-02,2024-02-02 08:40:00,2024-02-02 08:40:00,GCJ24.csv,4023,GCJ24.csv,2.0,2051.5,2051.5,4107.2,4103.0,4.199999999999818
45324,9,20,2048.2,-6,2024-02-02,2024-02-02 09:20:00,2024-02-02 09:20:00,GCJ24.csv,651,GCJ24.csv,-2.0,2048.2,2048.2,4096.4,4096.4,-0.0
45324,9,50,2051.3,-7,2024-02-02,2024-02-02 09:50:00,2024-02-02 09:50:00,GCJ24.csv,836,GCJ24.csv,-1.0,2051.0,2051.0,2051.3,2051.0,-0.3000000000001819
45324,10,10,2049.7,-6,2024-02-02,2024-02-02 10:10:00,2024-02-02 10:10:00,GCJ24.csv,315,GCJ24.csv,1.0,2050.0,2050.0,2049.7,2050.0,-0.3000000000001819
45324,10,20,2046.9,-4,2024-02-02,2024-02-02 10:20:00,2024-02-02 10:20:00,GCJ24.csv,298,GCJ24.csv,2.0,2045.7,2045.7,4093.8,4091.4,2.400000000000091
45324,10,30,2047.8,0,2024-02-02,2024-02-02 10:30:00,2024-02-02 10:30:00,GCJ24.csv,323,GCJ24.csv,4.0,2050.5,2050.5,8191.2,8202.0,-10.800000000000182
45324,10,40,2049.7,-2,2024-02-02,2024-02-02 10:40:00,2024-02-02 10:40:00,GCJ24.csv,1159,GCJ24.csv,-2.0,2051.1000000000004,2051.1000000000004,4099.4,4102.200000000001,2.8000000000010914
45324,12,0,2053.3,2,2024-02-02,2024-02-02 12:00:00,2024-02-02 12:00:00,GCJ24.csv,154,GCJ24.csv,4.0,2052.6,2052.6,8213.2,8210.4,2.8000000000010914
45324,14,0,2054.5,1,2024-02-02,2024-02-02 14:00:00,2024-02-02 14:00:00,GCJ24.csv,32,GCJ24.csv,-1.0,2053.9,2053.9,2054.5,2053.9,-0.599999999999909
45324,14,30,2054.3,-3,2024-02-02,2024-02-02 14:30:00,2024-02-02 14:30:00,GCJ24.csv,61,GCJ24.csv,-4.0,2054.0,2054.0,8217.2,8216.0,-1.2000000000007276
45324,16,0,2053.2,-2,2024-02-02,2024-02-02 16:00:00,2024-02-02 16:00:00,GCJ24.csv,95,GCJ24.csv,1.0,2053.5,2053.5,2053.2,2053.5,-0.3000000000001819
45324,16,30,2054.5,0,2024-02-02,2024-02-02 16:30:00,2024-02-02 16:30:00,GCJ24.csv,33,GCJ24.csv,2.0,2054.9,2054.9,4109.0,4109.8,-0.8000000000001819
45327,1,30,2046.9,-2,2024-02-05,2024-02-05 01:30:00,2024-02-05 01:30:00,GCJ24.csv,40,GCJ24.csv,-2.0,2047.0,2047.0,4093.8,4094.0,0.1999999999998181
45327,3,30,2039.2,0,2024-02-05,2024-02-05 03:30:00,2024-02-05 03:30:00,GCJ24.csv,191,GCJ24.csv,2.0,2039.1,2039.1,4078.4,4078.2,0.20000000000027285
45327,4,30,2037.8,-4,2024-02-05,2024-02-05 04:30:00,2024-02-05 04:30:00,GCJ24.csv,144,GCJ24.csv,-4.0,2037.9,2037.9,8151.2,8151.6,0.4000000000005457
45327,6,0,2040.6,-5,2024-02-05,2024-02-05 06:00:00,2024-02-05 06:00:00,GCJ24.csv,67,GCJ24.csv,-1.0,2040.7,2040.7,2040.6,2040.7,0.10000000000013642
45327,8,30,2033.3,-1,2024-02-05,2024-02-05 08:30:00,2024-02-05 08:30:00,GCJ24.csv,651,GCJ24.csv,4.0,2033.2,2033.2,8133.2,8132.8,0.3999999999996362
45327,9,0,2032.1,-2,2024-02-05,2024-02-05 09:00:00,2024-02-05 09:00:00,GCJ24.csv,378,GCJ24.csv,-1.0,2032.2,2032.2,2032.1,2032.2,0.10000000000013642
45327,9,50,2038.6,-4,2024-02-05,2024-02-05 09:50:00,2024-02-05 09:50:00,GCJ24.csv,523,GCJ24.csv,-2.0,2035.4,2035.4,4077.2,4070.8,-6.399999999999636
45327,10,0,2035.3,-2,2024-02-05,2024-02-05 10:00:00,2024-02-05 10:00:00,GCJ24.csv,2177,GCJ24.csv,2.0,2035.2,2035.2,4070.6,4070.4,0.1999999999998181
45327,10,10,2035.2,0,2024-02-05,2024-02-05 10:10:00,2024-02-05 10:10:00,GCJ24.csv,311,GCJ24.csv,2.0,2035.6,2035.6,4070.4,4071.2,-0.7999999999997272
45327,10,20,2034.9,-2,2024-02-05,2024-02-05 10:20:00,2024-02-05 10:20:00,GCJ24.csv,313,GCJ24.csv,-2.0,2035.4,2035.4,4069.8,4070.8,1.0
45327,10,30,2035.3,1,2024-02-05,2024-02-05 10:30:00,2024-02-05 10:30:00,GCJ24.csv,287,GCJ24.csv,3.0,2035.1,2035.1,6105.9,6105.299999999999,0.6000000000003638
45327,11,0,2034.3,2,2024-02-05,2024-02-05 11:00:00,2024-02-05 11:00:00,GCJ24.csv,122,GCJ24.csv,1.0,2034.1,2034.1,2034.3,2034.1,0.20000000000004547
45327,12,0,2038.5,4,2024-02-05,2024-02-05 12:00:00,2024-02-05 12:00:00,GCJ24.csv,309,GCJ24.csv,2.0,2038.3,2038.3,4077.0,4076.6,0.40000000000009095
45327,14,0,2042.3,2,2024-02-05,2024-02-05 14:00:00,2024-02-05 14:00:00,GCJ24.csv,182,GCJ24.csv,-2.0,2042.4,2042.4,4084.6,4084.8,0.20000000000027285
45327,14,30,2042.8,-1,2024-02-05,2024-02-05 14:30:00,2024-02-05 14:30:00,GCJ24.csv,38,GCJ24.csv,-3.0,2042.9,2042.9,6128.4,6128.700000000001,0.3000000000010914
45327,16,0,2041.5,1,2024-02-05,2024-02-05 16:00:00,2024-02-05 16:00:00,GCJ24.csv,93,GCJ24.csv,2.0,2041.4,2041.4,4083.0,4082.8,0.1999999999998181
45328,1,30,2043.2,4,2024-02-06,2024-02-06 01:30:00,2024-02-06 01:30:00,GCJ24.csv,40,GCJ24.csv,3.0,2042.7,2042.7,6129.6,6128.1,1.5
45328,3,30,2041.9,1,2024-02-06,2024-02-06 03:30:00,2024-02-06 03:30:00,GCJ24.csv,48,GCJ24.csv,-3.0,2040.8,2040.8,6125.700000000001,6122.4,-3.3000000000010914
45328,4,30,2040.4,-3,2024-02-06,2024-02-06 04:30:00,2024-02-06 04:30:00,GCJ24.csv,50,GCJ24.csv,-4.0,2040.0,2040.0,8161.6,8160.0,-1.6000000000003638
45328,6,0,2039.9,-2,2024-02-06,2024-02-06 06:00:00,2024-02-06 06:00:00,GCJ24.csv,21,GCJ24.csv,1.0,2039.7,2039.7,2039.9,2039.7,0.20000000000004547
45328,8,30,2043.3,2,2024-02-06,2024-02-06 08:30:00,2024-02-06 08:30:00,GCJ24.csv,117,GCJ24.csv,4.0,2044.2,2044.2,8173.2,8176.8,-3.600000000000364
45328,9,0,2045.2,0,2024-02-06,2024-02-06 09:00:00,2024-02-06 09:00:00,GCJ24.csv,160,GCJ24.csv,-2.0,2045.7,2045.7,4090.4,4091.4,1.0
45328,10,30,2051.6,-2,2024-02-06,2024-02-06 10:30:00,2024-02-06 10:30:00,GCJ24.csv,173,GCJ24.csv,-2.0,2051.5,2051.5,4103.2,4103.0,-0.1999999999998181
45328,11,0,2052.6,0,2024-02-06,2024-02-06 11:00:00,2024-02-06 11:00:00,GCJ24.csv,168,GCJ24.csv,2.0,2052.9,2052.9,4105.2,4105.8,-0.6000000000003638
45328,12,0,2052.9,-3,2024-02-06,2024-02-06 12:00:00,2024-02-06 12:00:00,GCJ24.csv,342,GCJ24.csv,-3.0,2053.2,2053.2,6158.700000000001,6159.599999999999,0.8999999999987267
45328,14,30,2052.5,-1,2024-02-06,2024-02-06 14:30:00,2024-02-06 14:30:00,GCJ24.csv,28,GCJ24.csv,2.0,2052.7000000000003,2052.7000000000003,4105.0,4105.400000000001,-0.4000000000005457
45329,4,30,2049.9,-3,2024-02-07,2024-02-07 04:30:00,2024-02-07 04:30:00,GCJ24.csv,57,GCJ24.csv,-2.0,2050.0,2050.0,4099.8,4100.0,0.1999999999998181
45329,6,0,2049.0,-2,2024-02-07,2024-02-07 06:00:00,2024-02-07 06:00:00,GCJ24.csv,57,GCJ24.csv,1.0,2049.0,2049.0,2049.0,2049.0,0.0
45329,8,30,2050.6,0,2024-02-07,2024-02-07 08:30:00,2024-02-07 08:30:00,GCJ24.csv,64,GCJ24.csv,2.0,2051.7000000000003,2051.7000000000003,4101.2,4103.400000000001,-2.2000000000007276
45329,9,0,2052.1,1,2024-02-07,2024-02-07 09:00:00,2024-02-07 09:00:00,GCJ24.csv,111,GCJ24.csv,1.0,2052.1,2052.1,2052.1,2052.1,0.0
45329,9,50,2060.4,0,2024-02-07,2024-02-07 09:50:00,2024-02-07 09:50:00,GCJ24.csv,892,GCJ24.csv,-1.0,2058.5,2058.5,2060.4,2058.5,-1.900000000000091
45329,10,0,2059.1,-1,2024-02-07,2024-02-07 10:00:00,2024-02-07 10:00:00,GCJ24.csv,625,GCJ24.csv,-1.0,2056.0,2056.0,2059.1,2056.0,-3.099999999999909
45329,10,10,2055.9,2,2024-02-07,2024-02-07 10:10:00,2024-02-07 10:10:00,GCJ24.csv,268,GCJ24.csv,3.0,2055.7000000000003,2055.7000000000003,6167.700000000001,6167.1,0.6000000000003638
45329,10,20,2051.8,3,2024-02-07,2024-02-07 10:20:00,2024-02-07 10:20:00,GCJ24.csv,447,GCJ24.csv,1.0,2054.0,2054.0,2051.8,2054.0,-2.199999999999818
45329,10,30,2055.1,-1,2024-02-07,2024-02-07 10:30:00,2024-02-07 10:30:00,GCJ24.csv,285,GCJ24.csv,-4.0,2056.8,2056.8,8220.4,8227.2,6.800000000001091
45329,11,0,2054.3,-2,2024-02-07,2024-02-07 11:00:00,2024-02-07 11:00:00,GCJ24.csv,142,GCJ24.csv,-1.0,2055.6,2055.6,2054.3,2055.6,1.2999999999997272
45329,12,0,2054.5,-1,2024-02-07,2024-02-07 12:00:00,2024-02-07 12:00:00,GCJ24.csv,136,GCJ24.csv,1.0,2052.5,2052.5,2054.5,2052.5,2.0
45329,14,30,2051.6,1,2024-02-07,2024-02-07 14:30:00,2024-02-07 14:30:00,GCJ24.csv,17,GCJ24.csv,2.0,2051.1,2051.1,4103.2,4102.2,1.0
45330,1,30,2048.4,-1,2024-02-08,2024-02-08 01:30:00,2024-02-08 01:30:00,GCJ24.csv,24,GCJ24.csv,-2.0,2048.0,2048.0,4096.8,4096.0,-0.8000000000001819
45330,3,30,2045.2,1,2024-02-08,2024-02-08 03:30:00,2024-02-08 03:30:00,GCJ24.csv,424,GCJ24.csv,2.0,2044.1,2044.1,4090.4,4088.2,2.200000000000273
45330,4,30,2045.1,-2,2024-02-08,2024-02-08 04:30:00,2024-02-08 04:30:00,GCJ24.csv,40,GCJ24.csv,-3.0,2046.6,2046.6,6135.299999999999,6139.799999999999,4.5
45330,6,0,2051.1,0,2024-02-08,2024-02-08 06:00:00,2024-02-08 06:00:00,GCJ24.csv,49,GCJ24.csv,2.0,2048.4,2048.4,4102.2,4096.8,5.399999999999636
45330,8,30,2040.1,3,2024-02-08,2024-02-08 08:30:00,2024-02-08 08:30:00,GCJ24.csv,840,GCJ24.csv,3.0,2039.0,2039.0,6120.299999999999,6117.0,3.2999999999992724
45330,9,0,2035.6,4,2024-02-08,2024-02-08 09:00:00,2024-02-08 09:00:00,GCJ24.csv,971,GCJ24.csv,1.0,2037.7,2037.7,2035.6,2037.7,-2.1000000000001364
45330,9,20,2038.2,3,2024-02-08,2024-02-08 09:20:00,2024-02-08 09:20:00,GCJ24.csv,187,GCJ24.csv,-1.0,2040.7,2040.7,2038.2,2040.7,2.5
45330,9,30,2043.3,2,2024-02-08,2024-02-08 09:30:00,2024-02-08 09:30:00,GCJ24.csv,556,GCJ24.csv,-1.0,2045.6,2045.6,2043.3,2045.6,2.2999999999999545
45330,9,50,2045.2,3,2024-02-08,2024-02-08 09:50:00,2024-02-08 09:50:00,GCJ24.csv,89,GCJ24.csv,1.0,2043.9,2043.9,2045.2,2043.9,1.2999999999999545
45330,10,30,2045.1,6,2024-02-08,2024-02-08 10:30:00,2024-02-08 10:30:00,GCJ24.csv,214,GCJ24.csv,3.0,2044.8,2044.8,6135.299999999999,6134.4,0.8999999999996362
45330,14,30,2047.7,3,2024-02-08,2024-02-08 14:30:00,2024-02-08 14:30:00,GCJ24.csv,54,GCJ24.csv,-3.0,2046.8,2046.8,6143.1,6140.4,-2.7000000000007276
45331,1,30,2047.9,0,2024-02-09,2024-02-09 01:30:00,2024-02-09 01:30:00,GCJ24.csv,10,GCJ24.csv,-3.0,2048.2,2048.2,6143.700000000001,6144.599999999999,0.8999999999987267
45331,3,30,2047.4,3,2024-02-09,2024-02-09 03:30:00,2024-02-09 03:30:00,GCJ24.csv,81,GCJ24.csv,3.0,2047.1,2047.1,6142.200000000001,6141.299999999999,0.9000000000014552
45331,4,30,2047.0,4,2024-02-09,2024-02-09 04:30:00,2024-02-09 04:30:00,GCJ24.csv,30,GCJ24.csv,1.0,2047.2,2047.2,2047.0,2047.2,-0.20000000000004547
45331,6,0,2047.5,0,2024-02-09,2024-02-09 06:00:00,2024-02-09 06:00:00,GCJ24.csv,28,GCJ24.csv,-4.0,2047.4,2047.4,8190.0,8189.6,-0.3999999999996362
45331,8,30,2041.3,-1,2024-02-09,2024-02-09 08:30:00,2024-02-09 08:30:00,GCJ24.csv,827,GCJ24.csv,-1.0,2047.5,2047.5,2041.3,2047.5,6.2000000000000455
45331,9,0,2041.3,-2,2024-02-09,2024-02-09 09:00:00,2024-02-09 09:00:00,GCJ24.csv,520,GCJ24.csv,-1.0,2040.4,2040.4,2041.3,2040.4,-0.8999999999998636
45331,10,30,2038.1,0,2024-02-09,2024-02-09 10:30:00,2024-02-09 10:30:00,GCJ24.csv,97,GCJ24.csv,2.0,2038.3,2038.3,4076.2,4076.6,-0.40000000000009095
45331,11,0,2036.9,1,2024-02-09,2024-02-09 11:00:00,2024-02-09 11:00:00,GCJ24.csv,310,GCJ24.csv,1.0,2035.3,2035.3,2036.9,2035.3,1.6000000000001364
45331,14,30,2039.3,-1,2024-02-09,2024-02-09 14:30:00,2024-02-09 14:30:00,GCJ24.csv,31,GCJ24.csv,-2.0,2039.8,2039.3,4078.6,4078.6,-0.0
45331,16,30,2039.6,0,2024-02-09,2024-02-09 16:30:00,2024-02-09 16:30:00,GCJ24.csv,11,GCJ24.csv,1.0,2039.2,2039.2,2039.6,2039.2,0.3999999999998636
45334,4,30,2036.4,-4,2024-02-12,2024-02-12 04:30:00,2024-02-12 04:30:00,GCJ24.csv,84,GCJ24.csv,-4.0,2036.6,2036.6,8145.6,8146.4,0.7999999999992724
45334,6,0,2035.1,-6,2024-02-12,2024-02-12 06:00:00,2024-02-12 06:00:00,GCJ24.csv,82,GCJ24.csv,-2.0,2035.3,2035.3,4070.2,4070.6,0.40000000000009095
45334,8,30,2037.6,-2,2024-02-12,2024-02-12 08:30:00,2024-02-12 08:30:00,GCJ24.csv,334,GCJ24.csv,4.0,2036.3,2036.3,8150.4,8145.2,5.199999999999818
45334,9,20,2030.7,-3,2024-02-12,2024-02-12 09:20:00,2024-02-12 09:20:00,GCJ24.csv,587,GCJ24.csv,-1.0,2028.2,2028.2,2030.7,2028.2,-2.5
45334,10,30,2028.6,-1,2024-02-12,2024-02-12 10:30:00,2024-02-12 10:30:00,GCJ24.csv,136,GCJ24.csv,2.0,2028.3,2028.3,4057.2,4056.6,0.599999999999909
45334,11,0,2026.6,0,2024-02-12,2024-02-12 11:00:00,2024-02-12 11:00:00,GCJ24.csv,237,GCJ24.csv,1.0,2025.4,2025.4,2026.6,2025.4,1.199999999999818
45334,12,0,2029.7,-2,2024-02-12,2024-02-12 12:00:00,2024-02-12 12:00:00,GCJ24.csv,111,GCJ24.csv,-2.0,2029.8,2029.8,4059.4,4059.6,0.1999999999998181
45334,14,0,2035.2,-3,2024-02-12,2024-02-12 14:00:00,2024-02-12 14:00:00,GCJ24.csv,93,GCJ24.csv,-1.0,2035.0,2035.0,2035.2,2035.0,-0.20000000000004547
45334,14,30,2032.9,-5,2024-02-12,2024-02-12 14:30:00,2024-02-12 14:30:00,GCJ24.csv,84,GCJ24.csv,-2.0,2032.8,2032.8,4065.8,4065.6,-0.20000000000027285
45334,16,0,2034.0,-4,2024-02-12,2024-02-12 16:00:00,2024-02-12 16:00:00,GCJ24.csv,88,GCJ24.csv,1.0,2034.1,2034.1,2034.0,2034.1,-0.09999999999990905
45335,1,30,2034.9,-1,2024-02-13,2024-02-13 01:30:00,2024-02-13 01:30:00,GCJ24.csv,29,GCJ24.csv,3.0,2036.0,2036.0,6104.700000000001,6108.0,-3.2999999999992724
45335,3,30,2038.3,-4,2024-02-13,2024-02-13 03:30:00,2024-02-13 03:30:00,GCJ24.csv,182,GCJ24.csv,-3.0,2038.9,2038.9,6114.9,6116.700000000001,1.8000000000010914
45335,6,0,2040.3,2,2024-02-13,2024-02-13 06:00:00,2024-02-13 06:00:00,GCJ24.csv,95,GCJ24.csv,6.0,2040.9,2040.9,12241.8,12245.400000000001,-3.600000000002183
45335,8,50,2020.5,3,2024-02-13,2024-02-13 08:50:00,2024-02-13 08:50:00,GCJ24.csv,1457,GCJ24.csv,1.0,2016.8,2016.8,2020.5,2016.8,3.7000000000000455
45335,9,10,2015.0,2,2024-02-13,2024-02-13 09:10:00,2024-02-13 09:10:00,GCJ24.csv,1031,GCJ24.csv,-1.0,2013.9,2013.9,2015.0,2013.9,-1.099999999999909
45335,9,20,2016.2,1,2024-02-13,2024-02-13 09:20:00,2024-02-13 09:20:00,GCJ24.csv,514,GCJ24.csv,-1.0,2015.7,2015.7,2016.2,2015.7,-0.5
45335,10,30,2006.6,2,2024-02-13,2024-02-13 10:30:00,2024-02-13 10:30:00,GCJ24.csv,616,GCJ24.csv,1.0,2004.3,2004.3,2006.6,2004.3,2.2999999999999545
45335,11,0,2005.4,3,2024-02-13,2024-02-13 11:00:00,2024-02-13 11:00:00,GCJ24.csv,240,GCJ24.csv,1.0,2007.4,2007.4,2005.4,2007.4,-2.0
45335,12,0,2008.0,6,2024-02-13,2024-02-13 12:00:00,2024-02-13 12:00:00,GCJ24.csv,140,GCJ24.csv,3.0,2008.2,2008.2,6024.0,6024.6,-0.6000000000003638
45335,14,30,2004.7,5,2024-02-13,2024-02-13 14:30:00,2024-02-13 14:30:00,GCJ24.csv,38,GCJ24.csv,-1.0,2005.1,2005.1,2004.7,2005.1,0.3999999999998636
45336,4,30,2002.6,0,2024-02-14,2024-02-14 04:30:00,2024-02-14 04:30:00,GCJ24.csv,41,GCJ24.csv,-5.0,2002.4,2002.4,10013.0,10012.0,-1.0
45336,6,0,2005.6,-2,2024-02-14,2024-02-14 06:00:00,2024-02-14 06:00:00,GCJ24.csv,89,GCJ24.csv,-2.0,2006.0,2006.0,4011.2,4012.0,0.8000000000001819
45336,8,30,2003.5,3,2024-02-14,2024-02-14 08:30:00,2024-02-14 08:30:00,GCJ24.csv,228,GCJ24.csv,5.0,2003.8,2003.8,10017.5,10019.0,-1.5
45336,9,0,2001.7,2,2024-02-14,2024-02-14 09:00:00,2024-02-14 09:00:00,GCJ24.csv,202,GCJ24.csv,-1.0,2003.0,2003.0,2001.7,2003.0,1.2999999999999545
45336,10,10,1998.3,3,2024-02-14,2024-02-14 10:10:00,2024-02-14 10:10:00,GCJ24.csv,693,GCJ24.csv,1.0,1999.6,1999.6,1998.3,1999.6,-1.2999999999999545
45336,11,0,2000.6,4,2024-02-14,2024-02-14 11:00:00,2024-02-14 11:00:00,GCJ24.csv,237,GCJ24.csv,1.0,2002.8,2002.8,2000.6,2002.8,-2.2000000000000455
45336,12,0,2005.9,5,2024-02-14,2024-02-14 12:00:00,2024-02-14 12:00:00,GCJ24.csv,309,GCJ24.csv,1.0,2004.7,2004.7,2005.9,2004.7,1.2000000000000455
45336,14,0,2004.4,1,2024-02-14,2024-02-14 14:00:00,2024-02-14 14:00:00,GCJ24.csv,470,GCJ24.csv,-4.0,2004.3,2004.3,8017.6,8017.2,-0.4000000000005457
45336,14,30,2003.3,0,2024-02-14,2024-02-14 14:30:00,2024-02-14 14:30:00,GCJ24.csv,43,GCJ24.csv,-1.0,2002.8,2002.8,2003.3,2002.8,-0.5
45336,16,0,2003.9,4,2024-02-14,2024-02-14 16:00:00,2024-02-14 16:00:00,GCJ24.csv,161,GCJ24.csv,4.0,2003.5,2003.5,8015.6,8014.0,1.6000000000003638
45337,4,30,2006.6,-1,2024-02-15,2024-02-15 04:30:00,2024-02-15 04:30:00,GCJ24.csv,119,GCJ24.csv,-5.0,2006.4,2006.4,10033.0,10032.0,-1.0
45337,6,0,2007.3,-2,2024-02-15,2024-02-15 06:00:00,2024-02-15 06:00:00,GCJ24.csv,83,GCJ24.csv,-1.0,2007.6,2007.6,2007.3,2007.6,0.2999999999999545
45337,8,30,2012.9,3,2024-02-15,2024-02-15 08:30:00,2024-02-15 08:30:00,GCJ24.csv,2814,GCJ24.csv,5.0,2013.0,2013.0,10064.5,10065.0,-0.5
45337,9,0,2015.0,2,2024-02-15,2024-02-15 09:00:00,2024-02-15 09:00:00,GCJ24.csv,634,GCJ24.csv,-1.0,2013.5,2013.5,2015.0,2013.5,-1.5
45337,9,40,2018.2,0,2024-02-15,2024-02-15 09:40:00,2024-02-15 09:40:00,GCJ24.csv,458,GCJ24.csv,-2.0,2015.6,2015.6,4036.4,4031.2,-5.200000000000273
45337,10,0,2016.0,2,2024-02-15,2024-02-15 10:00:00,2024-02-15 10:00:00,GCJ24.csv,258,GCJ24.csv,2.0,2016.5,2016.5,4032.0,4033.0,-1.0
45337,10,30,2018.4,0,2024-02-15,2024-02-15 10:30:00,2024-02-15 10:30:00,GCJ24.csv,217,GCJ24.csv,-2.0,2017.1,2017.1,4036.8,4034.2,-2.600000000000364
45337,11,0,2012.3,1,2024-02-15,2024-02-15 11:00:00,2024-02-15 11:00:00,GCJ24.csv,699,GCJ24.csv,1.0,2011.9,2011.9,2012.3,2011.9,0.3999999999998636
45337,12,0,2011.7,0,2024-02-15,2024-02-15 12:00:00,2024-02-15 12:00:00,GCJ24.csv,341,GCJ24.csv,-1.0,2013.0,2013.0,2011.7,2013.0,1.2999999999999545
45337,14,30,2015.7,2,2024-02-15,2024-02-15 14:30:00,2024-02-15 14:30:00,GCJ24.csv,53,GCJ24.csv,2.0,2016.2,2016.2,4031.4,4032.4,-1.0
45338,1,30,2014.8,0,2024-02-16,2024-02-16 01:30:00,2024-02-16 01:30:00,GCJ24.csv,43,GCJ24.csv,-2.0,2015.6,2015.6,4029.6,4031.2,1.599999999999909
45338,3,30,2016.6,2,2024-02-16,2024-02-16 03:30:00,2024-02-16 03:30:00,GCJ24.csv,30,GCJ24.csv,2.0,2016.2,2016.2,4033.2,4032.4,0.7999999999997272
45338,4,30,2017.7,3,2024-02-16,2024-02-16 04:30:00,2024-02-16 04:30:00,GCJ24.csv,73,GCJ24.csv,1.0,2017.4,2017.4,2017.7,2017.4,0.2999999999999545
45338,6,0,2018.6,4,2024-02-16,2024-02-16 06:00:00,2024-02-16 06:00:00,GCJ24.csv,35,GCJ24.csv,1.0,2018.3,2018.3,2018.6,2018.3,0.2999999999999545
45338,8,30,2018.3,3,2024-02-16,2024-02-16 08:30:00,2024-02-16 08:30:00,GCJ24.csv,3136,GCJ24.csv,-1.0,2009.3,2009.3,2018.3,2009.3,-9.0
45338,8,40,2008.2,4,2024-02-16,2024-02-16 08:40:00,2024-02-16 08:40:00,GCJ24.csv,765,GCJ24.csv,1.0,2015.0,2015.0,2008.2,2015.0,-6.7999999999999545
45338,9,0,2013.2,3,2024-02-16,2024-02-16 09:00:00,2024-02-16 09:00:00,GCJ24.csv,418,GCJ24.csv,-1.0,2012.9,2012.9,2013.2,2012.9,-0.2999999999999545
45338,9,20,2008.5,5,2024-02-16,2024-02-16 09:20:00,2024-02-16 09:20:00,GCJ24.csv,512,GCJ24.csv,2.0,2008.9,2008.9,4017.0,4017.8,-0.8000000000001819
45338,9,40,2010.3,3,2024-02-16,2024-02-16 09:40:00,2024-02-16 09:40:00,GCJ24.csv,129,GCJ24.csv,-2.0,2008.6,2008.6,4020.6,4017.2,-3.400000000000091
45338,9,50,2008.8,4,2024-02-16,2024-02-16 09:50:00,2024-02-16 09:50:00,GCJ24.csv,232,GCJ24.csv,1.0,2008.3,2008.3,2008.8,2008.3,0.5
45338,10,10,2013.5,1,2024-02-16,2024-02-16 10:10:00,2024-02-16 10:10:00,GCJ24.csv,434,GCJ24.csv,-3.0,2017.4,2017.4,6040.5,6052.200000000001,11.700000000000728
45338,10,30,2018.3,5,2024-02-16,2024-02-16 10:30:00,2024-02-16 10:30:00,GCJ24.csv,583,GCJ24.csv,4.0,2021.2,2021.2,8073.2,8084.8,-11.600000000000364
45338,12,0,2021.2,6,2024-02-16,2024-02-16 12:00:00,2024-02-16 12:00:00,GCJ24.csv,121,GCJ24.csv,1.0,2020.7,2020.7,2021.2,2020.7,0.5
45338,14,30,2026.5,4,2024-02-16,2024-02-16 14:30:00,2024-02-16 14:30:00,GCJ24.csv,27,GCJ24.csv,-2.0,2024.7,2024.7,4053.0,4049.4,-3.599999999999909
45338,16,30,2024.9,0,2024-02-16,2024-02-16 16:30:00,2024-02-16 16:30:00,GCJ24.csv,14,GCJ24.csv,-4.0,2025.0,2025.0,8099.6,8100.0,0.3999999999996362
45341,1,30,2033.0,2,2024-02-19,2024-02-19 01:30:00,2024-02-19 01:30:00,GCJ24.csv,42,GCJ24.csv,2.0,2032.8,2032.8,4066.0,4065.6,0.40000000000009095
45341,3,30,2031.6,0,2024-02-19,2024-02-19 03:30:00,2024-02-19 03:30:00,GCJ24.csv,44,GCJ24.csv,-2.0,2031.8,2031.8,4063.2,4063.6,0.40000000000009095
45341,6,0,2030.4,2,2024-02-19,2024-02-19 06:00:00,2024-02-19 06:00:00,GCJ24.csv,9,GCJ24.csv,2.0,2030.2,2030.2,4060.8,4060.4,0.40000000000009095
45341,9,0,2028.2,1,2024-02-19,2024-02-19 09:00:00,2024-02-19 09:00:00,GCJ24.csv,49,GCJ24.csv,-1.0,2028.4,2028.4,2028.2,2028.4,0.20000000000004547
45341,11,0,2026.3,2,2024-02-19,2024-02-19 11:00:00,2024-02-19 11:00:00,GCJ24.csv,33,GCJ24.csv,1.0,2026.1,2026.1,2026.3,2026.1,0.20000000000004547
45341,12,0,2027.6,1,2024-02-19,2024-02-19 12:00:00,2024-02-19 12:00:00,GCJ24.csv,43,GCJ24.csv,-1.0,2028.0,2028.0,2027.6,2028.0,0.40000000000009095
45342,4,30,2035.0,5,2024-02-20,2024-02-20 04:30:00,2024-02-20 04:30:00,GCJ24.csv,93,GCJ24.csv,4.0,2034.9,2034.9,8140.0,8139.6,0.3999999999996362
45342,6,0,2037.3,7,2024-02-20,2024-02-20 06:00:00,2024-02-20 06:00:00,GCJ24.csv,63,GCJ24.csv,2.0,2037.2,2037.2,4074.6,4074.4,0.1999999999998181
45342,8,30,2039.8,3,2024-02-20,2024-02-20 08:30:00,2024-02-20 08:30:00,GCJ24.csv,1420,GCJ24.csv,-4.0,2039.9,2039.9,8159.2,8159.6,0.4000000000005457
45342,9,0,2041.4,0,2024-02-20,2024-02-20 09:00:00,2024-02-20 09:00:00,GCJ24.csv,206,GCJ24.csv,-3.0,2041.5,2041.5,6124.200000000001,6124.5,0.2999999999992724
45342,10,30,2040.7,-3,2024-02-20,2024-02-20 10:30:00,2024-02-20 10:30:00,GCJ24.csv,160,GCJ24.csv,-3.0,2040.8,2040.8,6122.1,6122.4,0.2999999999992724
45342,11,0,2038.9,0,2024-02-20,2024-02-20 11:00:00,2024-02-20 11:00:00,GCJ24.csv,152,GCJ24.csv,3.0,2038.8,2038.8,6116.700000000001,6116.4,0.3000000000010914
45342,14,30,2038.8,3,2024-02-20,2024-02-20 14:30:00,2024-02-20 14:30:00,GCJ24.csv,25,GCJ24.csv,3.0,2038.7,2038.7,6116.4,6116.1,0.2999999999992724
45343,1,30,2041.3,5,2024-02-21,2024-02-21 01:30:00,2024-02-21 01:30:00,GCJ24.csv,20,GCJ24.csv,2.0,2040.9,2040.9,4082.6,4081.8,0.7999999999997272
45343,3,30,2038.6,3,2024-02-21,2024-02-21 03:30:00,2024-02-21 03:30:00,GCJ24.csv,61,GCJ24.csv,-2.0,2038.7,2038.7,4077.2,4077.4,0.20000000000027285
45343,4,30,2038.7,4,2024-02-21,2024-02-21 04:30:00,2024-02-21 04:30:00,GCJ24.csv,22,GCJ24.csv,1.0,2038.6,2038.6,2038.7,2038.6,0.10000000000013642
45343,6,0,2041.1,3,2024-02-21,2024-02-21 06:00:00,2024-02-21 06:00:00,GCJ24.csv,42,GCJ24.csv,-1.0,2040.8,2040.8,2041.1,2040.8,-0.2999999999999545
45343,8,30,2039.6,2,2024-02-21,2024-02-21 08:30:00,2024-02-21 08:30:00,GCJ24.csv,156,GCJ24.csv,-1.0,2040.4,2040.4,2039.6,2040.4,0.8000000000001819
45343,9,0,2039.7,-1,2024-02-21,2024-02-21 09:00:00,2024-02-21 09:00:00,GCJ24.csv,88,GCJ24.csv,-3.0,2041.3,2041.3,6119.1,6123.9,4.799999999999272
45343,10,30,2040.3,-3,2024-02-21,2024-02-21 10:30:00,2024-02-21 10:30:00,GCJ24.csv,157,GCJ24.csv,-2.0,2039.6,2039.6,4080.6,4079.2,-1.400000000000091
45343,11,0,2035.0,0,2024-02-21,2024-02-21 11:00:00,2024-02-21 11:00:00,GCJ24.csv,1081,GCJ24.csv,3.0,2034.9,2034.9,6105.0,6104.700000000001,0.2999999999992724
45343,14,30,2035.7,2,2024-02-21,2024-02-21 14:30:00,2024-02-21 14:30:00,GCJ24.csv,63,GCJ24.csv,2.0,2036.4,2036.4,4071.4,4072.8,-1.400000000000091
45344,1,30,2039.9,4,2024-02-22,2024-02-22 01:30:00,2024-02-22 01:30:00,GCJ24.csv,29,GCJ24.csv,2.0,2040.2,2040.2,4079.8,4080.4,-0.599999999999909
45344,3,30,2044.1,2,2024-02-22,2024-02-22 03:30:00,2024-02-22 03:30:00,GCJ24.csv,390,GCJ24.csv,-2.0,2042.3,2042.3,4088.2,4084.6,-3.599999999999909
45344,6,0,2039.3,-1,2024-02-22,2024-02-22 06:00:00,2024-02-22 06:00:00,GCJ24.csv,58,GCJ24.csv,-3.0,2038.5,2038.5,6117.9,6115.5,-2.399999999999636
45344,10,30,2030.4,0,2024-02-22,2024-02-22 10:30:00,2024-02-22 10:30:00,GCJ24.csv,213,GCJ24.csv,1.0,2031.9,2031.9,2030.4,2031.9,-1.5
45344,14,30,2033.1,-1,2024-02-22,2024-02-22 14:30:00,2024-02-22 14:30:00,GCJ24.csv,24,GCJ24.csv,-1.0,2032.9,2032.9,2033.1,2032.9,-0.1999999999998181
45345,4,30,2026.8,-5,2024-02-23,2024-02-23 04:30:00,2024-02-23 04:30:00,GCJ24.csv,108,GCJ24.csv,-4.0,2026.2,2026.2,8107.2,8104.8,-2.399999999999636
45345,6,0,2032.3,-2,2024-02-23,2024-02-23 06:00:00,2024-02-23 06:00:00,GCJ24.csv,104,GCJ24.csv,3.0,2032.1,2032.1,6096.9,6096.299999999999,0.6000000000003638
45345,8,30,2035.7,2,2024-02-23,2024-02-23 08:30:00,2024-02-23 08:30:00,GCJ24.csv,374,GCJ24.csv,4.0,2036.1,2036.1,8142.8,8144.4,-1.5999999999994543
45345,9,0,2034.8,1,2024-02-23,2024-02-23 09:00:00,2024-02-23 09:00:00,GCJ24.csv,131,GCJ24.csv,-1.0,2035.4,2035.4,2034.8,2035.4,0.6000000000001364
45345,10,0,2037.5,-1,2024-02-23,2024-02-23 10:00:00,2024-02-23 10:00:00,GCJ24.csv,563,GCJ24.csv,-2.0,2036.4,2036.4,4075.0,4072.8,-2.199999999999818
45345,10,20,2037.1,1,2024-02-23,2024-02-23 10:20:00,2024-02-23 10:20:00,GCJ24.csv,142,GCJ24.csv,2.0,2036.9,2036.9,4074.2,4073.8,0.3999999999996362
45345,10,30,2036.6,-2,2024-02-23,2024-02-23 10:30:00,2024-02-23 10:30:00,GCJ24.csv,208,GCJ24.csv,-3.0,2037.4,2037.4,6109.799999999999,6112.200000000001,2.400000000001455
45345,11,0,2040.4,-1,2024-02-23,2024-02-23 11:00:00,2024-02-23 11:00:00,GCJ24.csv,435,GCJ24.csv,1.0,2043.8,2043.8,2040.4,2043.8,-3.3999999999998636
45345,12,0,2048.3,0,2024-02-23,2024-02-23 12:00:00,2024-02-23 12:00:00,GCJ24.csv,550,GCJ24.csv,1.0,2048.2000000000003,2048.2000000000003,2048.3,2048.2000000000003,0.09999999999990905
45345,14,30,2048.5,3,2024-02-23,2024-02-23 14:30:00,2024-02-23 14:30:00,GCJ24.csv,92,GCJ24.csv,3.0,2048.0,2048.0,6145.5,6144.0,1.5
45345,16,30,2045.4,0,2024-02-23,2024-02-23 16:30:00,2024-02-23 16:30:00,GCJ24.csv,25,GCJ24.csv,-3.0,2046.2,2046.2,6136.200000000001,6138.6,2.399999999999636
45348,1,30,2042.6,4,2024-02-26,2024-02-26 01:30:00,2024-02-26 01:30:00,GCJ24.csv,45,GCJ24.csv,4.0,2042.8,2042.8,8170.4,8171.2,-0.8000000000001819
45348,3,30,2045.7,0,2024-02-26,2024-02-26 03:30:00,2024-02-26 03:30:00,GCJ24.csv,45,GCJ24.csv,-4.0,2046.0,2046.0,8182.8,8184.0,1.199999999999818
45348,4,30,2042.5,4,2024-02-26,2024-02-26 04:30:00,2024-02-26 04:30:00,GCJ24.csv,72,GCJ24.csv,4.0,2042.1,2042.1,8170.0,8168.4,1.6000000000003638
45348,6,0,2041.6,5,2024-02-26,2024-02-26 06:00:00,2024-02-26 06:00:00,GCJ24.csv,67,GCJ24.csv,1.0,2040.8,2040.8,2041.6,2040.8,0.7999999999999545
45348,8,30,2041.7,1,2024-02-26,2024-02-26 08:30:00,2024-02-26 08:30:00,GCJ24.csv,132,GCJ24.csv,-4.0,2043.2,2043.2,8166.8,8172.8,6.0
45348,9,20,2038.8,3,2024-02-26,2024-02-26 09:20:00,2024-02-26 09:20:00,GCJ24.csv,373,GCJ24.csv,2.0,2035.9,2035.9,4077.6,4071.8,5.799999999999727
45348,9,40,2037.1,1,2024-02-26,2024-02-26 09:40:00,2024-02-26 09:40:00,GCJ24.csv,229,GCJ24.csv,-2.0,2038.1,2038.1,4074.2,4076.2,2.0
45348,10,30,2036.3,2,2024-02-26,2024-02-26 10:30:00,2024-02-26 10:30:00,GCJ24.csv,171,GCJ24.csv,1.0,2035.5,2035.5,2036.3,2035.5,0.7999999999999545
45348,12,0,2037.1,1,2024-02-26,2024-02-26 12:00:00,2024-02-26 12:00:00,GCJ24.csv,68,GCJ24.csv,-1.0,2036.9,2036.9,2037.1,2036.9,-0.1999999999998181
45348,14,30,2038.5,0,2024-02-26,2024-02-26 14:30:00,2024-02-26 14:30:00,GCJ24.csv,32,GCJ24.csv,-1.0,2038.4,2038.4,2038.5,2038.4,-0.09999999999990905
45349,1,30,2043.1,4,2024-02-27,2024-02-27 01:30:00,2024-02-27 01:30:00,GCJ24.csv,25,GCJ24.csv,4.0,2043.6,2043.6,8172.4,8174.4,-2.0
45349,3,30,2047.0,0,2024-02-27,2024-02-27 03:30:00,2024-02-27 03:30:00,GCJ24.csv,312,GCJ24.csv,-4.0,2047.5,2047.5,8188.0,8190.0,2.0
45349,4,30,2046.0,3,2024-02-27,2024-02-27 04:30:00,2024-02-27 04:30:00,GCJ24.csv,63,GCJ24.csv,3.0,2045.1,2045.1,6138.0,6135.299999999999,2.7000000000007276
45349,6,0,2045.8,5,2024-02-27,2024-02-27 06:00:00,2024-02-27 06:00:00,GCJ24.csv,99,GCJ24.csv,2.0,2045.7,2045.7,4091.6,4091.4,0.1999999999998181
45349,8,30,2046.9,2,2024-02-27,2024-02-27 08:30:00,2024-02-27 08:30:00,GCJ24.csv,936,GCJ24.csv,-3.0,2046.8,2046.8,6140.700000000001,6140.4,-0.3000000000010914
45349,9,0,2044.8,3,2024-02-27,2024-02-27 09:00:00,2024-02-27 09:00:00,GCJ24.csv,236,GCJ24.csv,1.0,2044.1,2044.1,2044.8,2044.1,0.7000000000000455
45349,11,0,2043.1,2,2024-02-27,2024-02-27 11:00:00,2024-02-27 11:00:00,GCJ24.csv,177,GCJ24.csv,-1.0,2043.1,2043.1,2043.1,2043.1,-0.0
45349,12,0,2042.7,3,2024-02-27,2024-02-27 12:00:00,2024-02-27 12:00:00,GCJ24.csv,123,GCJ24.csv,1.0,2041.5,2041.5,2042.7,2041.5,1.2000000000000455
45350,1,30,2040.1,5,2024-02-28,2024-02-28 01:30:00,2024-02-28 01:30:00,GCJ24.csv,19,GCJ24.csv,2.0,2039.5,2039.5,4080.2,4079.0,1.199999999999818
45350,3,30,2037.6,3,2024-02-28,2024-02-28 03:30:00,2024-02-28 03:30:00,GCJ24.csv,54,GCJ24.csv,-2.0,2037.6,2037.6,4075.2,4075.2,-0.0
45350,4,30,2034.6,1,2024-02-28,2024-02-28 04:30:00,2024-02-28 04:30:00,GCJ24.csv,99,GCJ24.csv,-2.0,2034.3,2034.3,4069.2,4068.6,-0.599999999999909
45350,6,0,2036.2,-1,2024-02-28,2024-02-28 06:00:00,2024-02-28 06:00:00,GCJ24.csv,50,GCJ24.csv,-2.0,2036.9,2036.9,4072.4,4073.8,1.400000000000091
45350,8,30,2043.0,1,2024-02-28,2024-02-28 08:30:00,2024-02-28 08:30:00,GCJ24.csv,796,GCJ24.csv,2.0,2045.0,2045.0,4086.0,4090.0,-4.0
45350,9,0,2045.1,0,2024-02-28,2024-02-28 09:00:00,2024-02-28 09:00:00,GCJ24.csv,373,GCJ24.csv,-1.0,2045.4,2045.4,2045.1,2045.4,0.3000000000001819
45350,10,30,2042.2,-2,2024-02-28,2024-02-28 10:30:00,2024-02-28 10:30:00,GCJ24.csv,178,GCJ24.csv,-2.0,2043.3,2043.3,4084.4,4086.6,2.199999999999818
45350,11,0,2041.1,-1,2024-02-28,2024-02-28 11:00:00,2024-02-28 11:00:00,GCJ24.csv,133,GCJ24.csv,1.0,2042.1,2042.1,2041.1,2042.1,-1.0
45350,12,0,2042.9,-2,2024-02-28,2024-02-28 12:00:00,2024-02-28 12:00:00,GCJ24.csv,82,GCJ24.csv,-1.0,2044.0,2044.0,2042.9,2044.0,1.099999999999909
45350,14,30,2041.2,0,2024-02-28,2024-02-28 14:30:00,2024-02-28 14:30:00,GCJ24.csv,21,GCJ24.csv,2.0,2040.7,2040.7,4082.4,4081.4,1.0
45351,1,30,2044.7,6,2024-02-29,2024-02-29 01:30:00,2024-02-29 01:30:00,GCJ24.csv,28,GCJ24.csv,6.0,2045.1,2045.1,12268.2,12270.599999999999,-2.399999999997817
45351,3,30,2045.2,0,2024-02-29,2024-02-29 03:30:00,2024-02-29 03:30:00,GCJ24.csv,34,GCJ24.csv,-6.0,2044.5,2044.5,12271.2,12267.0,-4.200000000000728
45351,6,0,2038.7,-1,2024-02-29,2024-02-29 06:00:00,2024-02-29 06:00:00,GCJ24.csv,111,GCJ24.csv,-1.0,2039.5,2039.5,2038.7,2039.5,0.7999999999999545
45351,9,0,2056.5,-2,2024-02-29,2024-02-29 09:00:00,2024-02-29 09:00:00,GCJ24.csv,1203,GCJ24.csv,-1.0,2057.6,2057.6,2056.5,2057.6,1.099999999999909
45351,9,20,2056.7,0,2024-02-29,2024-02-29 09:20:00,2024-02-29 09:20:00,GCJ24.csv,721,GCJ24.csv,2.0,2056.6,2056.6,4113.4,4113.2,0.1999999999998181
45351,10,30,2057.3,-3,2024-02-29,2024-02-29 10:30:00,2024-02-29 10:30:00,GCJ24.csv,315,GCJ24.csv,-3.0,2057.7,2057.7,6171.900000000001,6173.099999999999,1.1999999999989086
45351,11,0,2056.8,-4,2024-02-29,2024-02-29 11:00:00,2024-02-29 11:00:00,GCJ24.csv,261,GCJ24.csv,-1.0,2055.3,2055.3,2056.8,2055.3,-1.5
45351,12,0,2053.2,-2,2024-02-29,2024-02-29 12:00:00,2024-02-29 12:00:00,GCJ24.csv,333,GCJ24.csv,2.0,2053.4,2053.4,4106.4,4106.8,-0.4000000000005457
45351,14,30,2055.1,1,2024-02-29,2024-02-29 14:30:00,2024-02-29 14:30:00,GCJ24.csv,88,GCJ24.csv,3.0,2055.0,2055.0,6165.299999999999,6165.0,0.2999999999992724
45352,1,30,2055.9,3,2024-03-01,2024-03-01 01:30:00,2024-03-01 01:30:00,GCJ24.csv,30,GCJ24.csv,2.0,2054.9,2054.9,4111.8,4109.8,2.0
45352,3,30,2050.4,1,2024-03-01,2024-03-01 03:30:00,2024-03-01 03:30:00,GCJ24.csv,80,GCJ24.csv,-2.0,2048.5,2048.5,4100.8,4097.0,-3.800000000000182
45352,4,30,2052.7,3,2024-03-01,2024-03-01 04:30:00,2024-03-01 04:30:00,GCJ24.csv,248,GCJ24.csv,2.0,2055.0,2055.0,4105.4,4110.0,-4.600000000000364
45352,6,0,2063.2,6,2024-03-01,2024-03-01 06:00:00,2024-03-01 06:00:00,GCJ24.csv,301,GCJ24.csv,3.0,2063.9,2063.9,6189.599999999999,6191.700000000001,-2.1000000000012733
45352,8,30,2060.0,4,2024-03-01,2024-03-01 08:30:00,2024-03-01 08:30:00,GCJ24.csv,265,GCJ24.csv,-2.0,2060.9,2060.9,4120.0,4121.8,1.800000000000182
45352,9,0,2060.0,5,2024-03-01,2024-03-01 09:00:00,2024-03-01 09:00:00,GCJ24.csv,110,GCJ24.csv,1.0,2062.6,2062.6,2060.0,2062.6,-2.599999999999909
45352,9,20,2064.2,3,2024-03-01,2024-03-01 09:20:00,2024-03-01 09:20:00,GCJ24.csv,435,GCJ24.csv,-2.0,2064.4,2064.4,4128.4,4128.8,0.4000000000005457
45352,9,40,2061.5,5,2024-03-01,2024-03-01 09:40:00,2024-03-01 09:40:00,GCJ24.csv,348,GCJ24.csv,2.0,2060.3,2060.3,4123.0,4120.6,2.399999999999636
45352,9,50,2055.8,6,2024-03-01,2024-03-01 09:50:00,2024-03-01 09:50:00,GCJ24.csv,1041,GCJ24.csv,1.0,2054.3,2054.3,2055.8,2054.3,1.5
45352,10,10,2061.2,5,2024-03-01,2024-03-01 10:10:00,2024-03-01 10:10:00,GCJ24.csv,1332,GCJ24.csv,-1.0,2063.1000000000004,2063.1000000000004,2061.2,2063.1000000000004,1.9000000000005457
45352,11,0,2078.0,4,2024-03-01,2024-03-01 11:00:00,2024-03-01 11:00:00,GCJ24.csv,604,GCJ24.csv,-1.0,2083.0,2083.0,2078.0,2083.0,5.0
45352,16,30,2092.4,0,2024-03-01,2024-03-01 16:30:00,2024-03-01 16:30:00,GCJ24.csv,17,GCJ24.csv,-4.0,2092.3,2092.3,8369.6,8369.2,-0.3999999999996362
45355,1,30,2090.1,-1,2024-03-04,2024-03-04 01:30:00,2024-03-04 01:30:00,GCJ24.csv,51,GCJ24.csv,-1.0,2090.5,2090.5,2090.1,2090.5,0.40000000000009095
45355,3,30,2093.9,0,2024-03-04,2024-03-04 03:30:00,2024-03-04 03:30:00,GCJ24.csv,418,GCJ24.csv,1.0,2093.6,2093.6,2093.9,2093.6,0.3000000000001819
45355,4,30,2091.9,2,2024-03-04,2024-03-04 04:30:00,2024-03-04 04:30:00,GCJ24.csv,78,GCJ24.csv,2.0,2091.8,2091.8,4183.8,4183.6,0.1999999999998181
45355,8,30,2091.4,0,2024-03-04,2024-03-04 08:30:00,2024-03-04 08:30:00,GCJ24.csv,313,GCJ24.csv,-2.0,2091.8,2091.8,4182.8,4183.6,0.8000000000001819
45355,9,10,2100.0,-1,2024-03-04,2024-03-04 09:10:00,2024-03-04 09:10:00,GCJ24.csv,342,GCJ24.csv,-1.0,2100.9,2100.9,2100.0,2100.9,0.900000000000091
45355,9,20,2103.6,-3,2024-03-04,2024-03-04 09:20:00,2024-03-04 09:20:00,GCJ24.csv,555,GCJ24.csv,-2.0,2105.4,2105.4,4207.2,4210.8,3.600000000000364
45355,9,40,2104.5,-1,2024-03-04,2024-03-04 09:40:00,2024-03-04 09:40:00,GCJ24.csv,567,GCJ24.csv,2.0,2107.8,2107.8,4209.0,4215.6,-6.600000000000364
45355,9,50,2108.0,0,2024-03-04,2024-03-04 09:50:00,2024-03-04 09:50:00,GCJ24.csv,377,GCJ24.csv,1.0,2107.7000000000003,2107.7000000000003,2108.0,2107.7000000000003,0.29999999999972715
45355,10,30,2109.6,-1,2024-03-04,2024-03-04 10:30:00,2024-03-04 10:30:00,GCJ24.csv,270,GCJ24.csv,-1.0,2110.0,2110.0,2109.6,2110.0,0.40000000000009095
45355,12,0,2127.9,0,2024-03-04,2024-03-04 12:00:00,2024-03-04 12:00:00,GCJ24.csv,432,GCJ24.csv,1.0,2126.9,2126.9,2127.9,2126.9,1.0
45355,14,30,2124.8,1,2024-03-04,2024-03-04 14:30:00,2024-03-04 14:30:00,GCJ24.csv,139,GCJ24.csv,1.0,2124.5,2124.5,2124.8,2124.5,0.3000000000001819
45356,1,30,2124.7,3,2024-03-05,2024-03-05 01:30:00,2024-03-05 01:30:00,GCJ24.csv,162,GCJ24.csv,2.0,2123.9,2123.9,4249.4,4247.8,1.5999999999994543
45356,3,30,2129.4,1,2024-03-05,2024-03-05 03:30:00,2024-03-05 03:30:00,GCJ24.csv,312,GCJ24.csv,-2.0,2129.6,2129.6,4258.8,4259.2,0.3999999999996362
45356,6,0,2132.0,0,2024-03-05,2024-03-05 06:00:00,2024-03-05 06:00:00,GCJ24.csv,105,GCJ24.csv,-1.0,2131.5,2131.5,2132.0,2131.5,-0.5
45356,9,0,2136.3,1,2024-03-05,2024-03-05 09:00:00,2024-03-05 09:00:00,GCJ24.csv,568,GCJ24.csv,1.0,2134.9,2134.9,2136.3,2134.9,1.400000000000091
45356,9,40,2137.6,2,2024-03-05,2024-03-05 09:40:00,2024-03-05 09:40:00,GCJ24.csv,555,GCJ24.csv,1.0,2135.4,2135.4,2137.6,2135.4,2.199999999999818
45356,9,50,2137.3,3,2024-03-05,2024-03-05 09:50:00,2024-03-05 09:50:00,GCJ24.csv,330,GCJ24.csv,1.0,2145.5,2145.5,2137.3,2145.5,-8.199999999999818
45356,10,0,2139.7,2,2024-03-05,2024-03-05 10:00:00,2024-03-05 10:00:00,GCJ24.csv,2772,GCJ24.csv,-1.0,2146.2000000000003,2146.2000000000003,2139.7,2146.2000000000003,6.500000000000455
45356,10,10,2141.0,1,2024-03-05,2024-03-05 10:10:00,2024-03-05 10:10:00,GCJ24.csv,728,GCJ24.csv,-1.0,2145.4,2145.4,2141.0,2145.4,4.400000000000091
45356,10,30,2139.9,-1,2024-03-05,2024-03-05 10:30:00,2024-03-05 10:30:00,GCJ24.csv,433,GCJ24.csv,-2.0,2140.5,2140.5,4279.8,4281.0,1.199999999999818
45356,11,0,2135.1,-2,2024-03-05,2024-03-05 11:00:00,2024-03-05 11:00:00,GCJ24.csv,715,GCJ24.csv,-1.0,2136.9,2136.9,2135.1,2136.9,1.800000000000182
45356,12,0,2136.9,-1,2024-03-05,2024-03-05 12:00:00,2024-03-05 12:00:00,GCJ24.csv,225,GCJ24.csv,1.0,2135.8,2136.8,2136.9,2136.8,0.09999999999990905
45356,14,0,2139.3,1,2024-03-05,2024-03-05 14:00:00,2024-03-05 14:00:00,GCJ24.csv,472,GCJ24.csv,2.0,2139.1,2141.9,4278.6,4283.8,-5.199999999999818
45356,14,30,2142.2,3,2024-03-05,2024-03-05 14:30:00,2024-03-05 14:30:00,GCJ24.csv,40,GCJ24.csv,2.0,2142.0,2142.0,4284.4,4284.0,0.3999999999996362
45356,16,0,2138.2,1,2024-03-05,2024-03-05 16:00:00,2024-03-05 16:00:00,GCJ24.csv,197,GCJ24.csv,-2.0,2138.6000000000004,2137.9,4276.4,4275.8,-0.5999999999994543
45357,1,30,2133.9,2,2024-03-06,2024-03-06 01:30:00,2024-03-06 01:30:00,GCJ24.csv,23,GCJ24.csv,1.0,2134.8,2134.8,2133.9,2134.8,-0.900000000000091
45357,3,30,2135.3,1,2024-03-06,2024-03-06 03:30:00,2024-03-06 03:30:00,GCJ24.csv,93,GCJ24.csv,-1.0,2134.3,2134.3,2135.3,2134.3,-1.0
45357,6,0,2133.8,0,2024-03-06,2024-03-06 06:00:00,2024-03-06 06:00:00,GCJ24.csv,38,GCJ24.csv,-1.0,2135.0,2135.0,2133.8,2135.0,1.199999999999818
45357,9,0,2147.8,-2,2024-03-06,2024-03-06 09:00:00,2024-03-06 09:00:00,GCJ24.csv,897,GCJ24.csv,-2.0,2146.2,2146.2,4295.6,4292.4,-3.2000000000007276
45357,9,20,2146.9,0,2024-03-06,2024-03-06 09:20:00,2024-03-06 09:20:00,GCJ24.csv,568,GCJ24.csv,2.0,2152.3,2152.3,4293.8,4304.6,-10.800000000000182
45357,9,40,2152.1,-2,2024-03-06,2024-03-06 09:40:00,2024-03-06 09:40:00,GCJ24.csv,559,GCJ24.csv,-2.0,2156.8,2156.8,4304.2,4313.6,9.400000000000546
45357,9,50,2154.8,-4,2024-03-06,2024-03-06 09:50:00,2024-03-06 09:50:00,GCJ24.csv,785,GCJ24.csv,-2.0,2152.5,2152.5,4309.6,4305.0,-4.600000000000364
45357,10,0,2152.4,-1,2024-03-06,2024-03-06 10:00:00,2024-03-06 10:00:00,GCJ24.csv,2126,GCJ24.csv,3.0,2151.9,2151.9,6457.200000000001,6455.700000000001,1.5
45357,10,10,2147.2,3,2024-03-06,2024-03-06 10:10:00,2024-03-06 10:10:00,GCJ24.csv,578,GCJ24.csv,4.0,2148.5,2148.5,8588.8,8594.0,-5.200000000000728
45357,10,20,2149.6,2,2024-03-06,2024-03-06 10:20:00,2024-03-06 10:20:00,GCJ24.csv,187,GCJ24.csv,-1.0,2147.9,2147.9,2149.6,2147.9,-1.699999999999818
45357,10,30,2148.9,-3,2024-03-06,2024-03-06 10:30:00,2024-03-06 10:30:00,GCJ24.csv,463,GCJ24.csv,-5.0,2147.9,2147.9,10744.5,10739.5,-5.0
45357,12,0,2156.3,-1,2024-03-06,2024-03-06 12:00:00,2024-03-06 12:00:00,GCJ24.csv,447,GCJ24.csv,2.0,2157.5,2157.5,4312.6,4315.0,-2.399999999999636
45357,14,0,2155.7,2,2024-03-06,2024-03-06 14:00:00,2024-03-06 14:00:00,GCJ24.csv,155,GCJ24.csv,3.0,2152.7,2152.7,6467.099999999999,6458.099999999999,9.0
45357,14,30,2149.3,5,2024-03-06,2024-03-06 14:30:00,2024-03-06 14:30:00,GCJ24.csv,660,GCJ24.csv,3.0,2149.1,2149.1,6447.900000000001,6447.299999999999,0.6000000000012733
45357,16,0,2154.8,2,2024-03-06,2024-03-06 16:00:00,2024-03-06 16:00:00,GCJ24.csv,90,GCJ24.csv,-3.0,2154.9,2154.9,6464.400000000001,6464.700000000001,0.3000000000001819
45358,1,30,2161.1,3,2024-03-07,2024-03-07 01:30:00,2024-03-07 01:30:00,GCJ24.csv,40,GCJ24.csv,1.0,2160.8,2160.8,2161.1,2160.8,0.29999999999972715
45358,3,30,2165.0,2,2024-03-07,2024-03-07 03:30:00,2024-03-07 03:30:00,GCJ24.csv,175,GCJ24.csv,-1.0,2166.4,2166.4,2165.0,2166.4,1.400000000000091
45358,9,0,2167.1,1,2024-03-07,2024-03-07 09:00:00,2024-03-07 09:00:00,GCJ24.csv,1003,GCJ24.csv,-1.0,2163.8,2163.8,2167.1,2163.8,-3.299999999999727
45358,9,20,2162.4,3,2024-03-07,2024-03-07 09:20:00,2024-03-07 09:20:00,GCJ24.csv,234,GCJ24.csv,2.0,2160.6,2160.6,4324.8,4321.2,3.600000000000364
45358,10,0,2161.4,1,2024-03-07,2024-03-07 10:00:00,2024-03-07 10:00:00,GCJ24.csv,772,GCJ24.csv,-2.0,2163.6,2163.6,4322.8,4327.2,4.399999999999636
45358,10,30,2160.1,4,2024-03-07,2024-03-07 10:30:00,2024-03-07 10:30:00,GCJ24.csv,309,GCJ24.csv,3.0,2161.0,2161.0,6480.299999999999,6483.0,-2.7000000000007276
45358,10,50,2162.5,3,2024-03-07,2024-03-07 10:50:00,2024-03-07 10:50:00,GCJ24.csv,305,GCJ24.csv,-1.0,2160.6,2160.6,2162.5,2160.6,-1.900000000000091
45358,11,0,2161.0,4,2024-03-07,2024-03-07 11:00:00,2024-03-07 11:00:00,GCJ24.csv,254,GCJ24.csv,1.0,2160.1,2160.1,2161.0,2160.1,0.900000000000091
45358,12,0,2163.9,3,2024-03-07,2024-03-07 12:00:00,2024-03-07 12:00:00,GCJ24.csv,124,GCJ24.csv,-1.0,2164.0,2164.0,2163.9,2164.0,0.09999999999990905
45358,14,30,2166.3,1,2024-03-07,2024-03-07 14:30:00,2024-03-07 14:30:00,GCJ24.csv,25,GCJ24.csv,-2.0,2167.2,2167.2,4332.6,4334.4,1.7999999999992724
45359,1,30,2166.1,0,2024-03-08,2024-03-08 01:30:00,2024-03-08 01:30:00,GCJ24.csv,23,GCJ24.csv,-1.0,2167.7,2167.7,2166.1,2167.7,1.599999999999909
45359,3,30,2173.5,1,2024-03-08,2024-03-08 03:30:00,2024-03-08 03:30:00,GCJ24.csv,1117,GCJ24.csv,1.0,2170.6,2170.6,2173.5,2170.6,2.900000000000091
45359,6,0,2175.5,2,2024-03-08,2024-03-08 06:00:00,2024-03-08 06:00:00,GCJ24.csv,89,GCJ24.csv,1.0,2174.7000000000003,2174.7000000000003,2175.5,2174.7000000000003,0.7999999999997272
45359,8,40,2187.4,0,2024-03-08,2024-03-08 08:40:00,2024-03-08 08:40:00,GCJ24.csv,1103,GCJ24.csv,-2.0,2183.4,2183.4,4374.8,4366.8,-8.0
45359,8,50,2182.6,-2,2024-03-08,2024-03-08 08:50:00,2024-03-08 08:50:00,GCJ24.csv,1901,GCJ24.csv,-2.0,2183.4,2183.4,4365.2,4366.8,1.6000000000003638
45359,9,0,2177.9,1,2024-03-08,2024-03-08 09:00:00,2024-03-08 09:00:00,GCJ24.csv,594,GCJ24.csv,3.0,2177.9,2177.9,6533.700000000001,6533.700000000001,0.0
45359,9,10,2172.1,4,2024-03-08,2024-03-08 09:10:00,2024-03-08 09:10:00,GCJ24.csv,892,GCJ24.csv,3.0,2176.9,2176.9,6516.299999999999,6530.700000000001,-14.400000000001455
45359,9,20,2176.2,2,2024-03-08,2024-03-08 09:20:00,2024-03-08 09:20:00,GCJ24.csv,280,GCJ24.csv,-2.0,2177.3,2177.3,4352.4,4354.6,2.2000000000007276
45359,9,30,2176.4,1,2024-03-08,2024-03-08 09:30:00,2024-03-08 09:30:00,GCJ24.csv,540,GCJ24.csv,-1.0,2174.9,2174.9,2176.4,2174.9,-1.5
45359,9,40,2173.3,4,2024-03-08,2024-03-08 09:40:00,2024-03-08 09:40:00,GCJ24.csv,512,GCJ24.csv,3.0,2178.5,2178.5,6519.900000000001,6535.5,-15.599999999999454
45359,9,50,2178.2,2,2024-03-08,2024-03-08 09:50:00,2024-03-08 09:50:00,GCJ24.csv,207,GCJ24.csv,-2.0,2178.9,2178.9,4356.4,4357.8,1.4000000000005457
45359,10,0,2178.7,0,2024-03-08,2024-03-08 10:00:00,2024-03-08 10:00:00,GCJ24.csv,956,GCJ24.csv,-2.0,2179.5,2179.5,4357.4,4359.0,1.6000000000003638
45359,10,10,2179.1,2,2024-03-08,2024-03-08 10:10:00,2024-03-08 10:10:00,GCJ24.csv,489,GCJ24.csv,2.0,2175.8,2175.8,4358.2,4351.6,6.599999999999454
45359,10,30,2176.9,1,2024-03-08,2024-03-08 10:30:00,2024-03-08 10:30:00,GCJ24.csv,287,GCJ24.csv,-1.0,2181.8,2181.8,2176.9,2181.8,4.900000000000091
45359,12,0,2187.8,2,2024-03-08,2024-03-08 12:00:00,2024-03-08 12:00:00,GCJ24.csv,1243,GCJ24.csv,1.0,2196.5,2196.5,2187.8,2196.5,-8.699999999999818
45359,14,0,2181.5,4,2024-03-08,2024-03-08 14:00:00,2024-03-08 14:00:00,GCJ24.csv,173,GCJ24.csv,2.0,2178.2000000000003,2178.2000000000003,4363.0,4356.400000000001,6.599999999999454
45359,14,30,2182.1,5,2024-03-08,2024-03-08 14:30:00,2024-03-08 14:30:00,GCJ24.csv,151,GCJ24.csv,1.0,2183.8,2183.8,2182.1,2183.8,-1.7000000000002728
45359,16,0,2184.2,3,2024-03-08,2024-03-08 16:00:00,2024-03-08 16:00:00,GCJ24.csv,317,GCJ24.csv,-2.0,2185.1,2184.6,4368.4,4369.2,0.8000000000001819
45359,16,30,2184.5,0,2024-03-08,2024-03-08 16:30:00,2024-03-08 16:30:00,GCJ24.csv,7,GCJ24.csv,-3.0,2184.8,2184.8,6553.5,6554.400000000001,0.9000000000005457
45362,6,0,2186.8,-1,2024-03-11,2024-03-11 06:00:00,2024-03-11 06:00:00,GCJ24.csv,48,GCJ24.csv,-1.0,2187.0,2187.0,2186.8,2187.0,0.1999999999998181
45362,9,0,2183.8,1,2024-03-11,2024-03-11 09:00:00,2024-03-11 09:00:00,GCJ24.csv,341,GCJ24.csv,2.0,2183.7000000000003,2183.7000000000003,4367.6,4367.400000000001,0.1999999999998181
45362,9,40,2188.9,-1,2024-03-11,2024-03-11 09:40:00,2024-03-11 09:40:00,GCJ24.csv,465,GCJ24.csv,-2.0,2190.3,2190.3,4377.8,4380.6,2.800000000000182
45362,9,50,2189.6,-2,2024-03-11,2024-03-11 09:50:00,2024-03-11 09:50:00,GCJ24.csv,249,GCJ24.csv,-1.0,2188.4,2188.4,2189.6,2188.4,-1.199999999999818
45362,10,0,2188.2,0,2024-03-11,2024-03-11 10:00:00,2024-03-11 10:00:00,GCJ24.csv,391,GCJ24.csv,2.0,2188.1,2188.1,4376.4,4376.2,0.1999999999998181
45362,10,10,2183.9,3,2024-03-11,2024-03-11 10:10:00,2024-03-11 10:10:00,GCJ24.csv,260,GCJ24.csv,3.0,2185.2000000000003,2185.2000000000003,6551.700000000001,6555.6,-3.899999999999636
45362,10,30,2187.8,1,2024-03-11,2024-03-11 10:30:00,2024-03-11 10:30:00,GCJ24.csv,289,GCJ24.csv,-2.0,2188.0,2188.0,4375.6,4376.0,0.3999999999996362
45362,11,0,2188.4,-1,2024-03-11,2024-03-11 11:00:00,2024-03-11 11:00:00,GCJ24.csv,290,GCJ24.csv,-2.0,2188.6,2188.6,4376.8,4377.2,0.3999999999996362
45362,14,0,2186.2,-2,2024-03-11,2024-03-11 14:00:00,2024-03-11 14:00:00,GCJ24.csv,356,GCJ24.csv,-1.0,2186.4,2186.4,2186.2,2186.4,0.20000000000027285
45362,16,0,2187.6,-1,2024-03-11,2024-03-11 16:00:00,2024-03-11 16:00:00,GCJ24.csv,48,GCJ24.csv,1.0,2187.5,2187.5,2187.6,2187.5,0.09999999999990905
45363,4,30,2183.2,0,2024-03-12,2024-03-12 04:30:00,2024-03-12 04:30:00,GCJ24.csv,47,GCJ24.csv,1.0,2183.3,2183.3,2183.2,2183.3,-0.1000000000003638
45363,6,0,2183.0,1,2024-03-12,2024-03-12 06:00:00,2024-03-12 06:00:00,GCJ24.csv,233,GCJ24.csv,1.0,2182.7,2182.7,2183.0,2182.7,0.3000000000001819
45363,8,30,2176.1,0,2024-03-12,2024-03-12 08:30:00,2024-03-12 08:30:00,GCJ24.csv,5226,GCJ24.csv,-1.0,2172.9,2172.9,2176.1,2172.9,-3.199999999999818
45363,8,40,2184.0,-2,2024-03-12,2024-03-12 08:40:00,2024-03-12 08:40:00,GCJ24.csv,1902,GCJ24.csv,-2.0,2186.1,2186.1,4368.0,4372.2,4.199999999999818
45363,8,50,2184.4,-3,2024-03-12,2024-03-12 08:50:00,2024-03-12 08:50:00,GCJ24.csv,1317,GCJ24.csv,-1.0,2175.0,2175.0,2184.4,2175.0,-9.400000000000091
45363,9,0,2175.5,2,2024-03-12,2024-03-12 09:00:00,2024-03-12 09:00:00,GCJ24.csv,2166,GCJ24.csv,5.0,2174.5,2174.5,10877.5,10872.5,5.0
45363,9,10,2168.8,4,2024-03-12,2024-03-12 09:10:00,2024-03-12 09:10:00,GCJ24.csv,1606,GCJ24.csv,2.0,2170.3,2170.3,4337.6,4340.6,-3.0
45363,9,20,2166.9,3,2024-03-12,2024-03-12 09:20:00,2024-03-12 09:20:00,GCJ24.csv,619,GCJ24.csv,-1.0,2169.5,2169.5,2166.9,2169.5,2.599999999999909
45363,9,40,2162.9,4,2024-03-12,2024-03-12 09:40:00,2024-03-12 09:40:00,GCJ24.csv,607,GCJ24.csv,1.0,2164.8,2164.8,2162.9,2164.8,-1.900000000000091
45363,9,50,2166.1,2,2024-03-12,2024-03-12 09:50:00,2024-03-12 09:50:00,GCJ24.csv,541,GCJ24.csv,-2.0,2168.5,2168.5,4332.2,4337.0,4.800000000000182
45363,10,0,2165.8,1,2024-03-12,2024-03-12 10:00:00,2024-03-12 10:00:00,GCJ24.csv,1236,GCJ24.csv,-1.0,2168.5,2168.5,2165.8,2168.5,2.699999999999818
45363,10,10,2158.9,3,2024-03-12,2024-03-12 10:10:00,2024-03-12 10:10:00,GCJ24.csv,675,GCJ24.csv,2.0,2161.3,2161.3,4317.8,4322.6,-4.800000000000182
45363,11,0,2167.6,1,2024-03-12,2024-03-12 11:00:00,2024-03-12 11:00:00,GCJ24.csv,1329,GCJ24.csv,-2.0,2168.1,2168.1,4335.2,4336.2,1.0
45363,12,0,2168.6,4,2024-03-12,2024-03-12 12:00:00,2024-03-12 12:00:00,GCJ24.csv,179,GCJ24.csv,3.0,2168.2,2168.2,6505.799999999999,6504.599999999999,1.199999999999818
45363,14,0,2160.1,5,2024-03-12,2024-03-12 14:00:00,2024-03-12 14:00:00,GCJ24.csv,887,GCJ24.csv,1.0,2159.6,2159.6,2160.1,2159.6,0.5
45363,14,30,2160.9,4,2024-03-12,2024-03-12 14:30:00,2024-03-12 14:30:00,GCJ24.csv,164,GCJ24.csv,-1.0,2161.5,2161.5,2160.9,2161.5,0.599999999999909
45363,16,0,2162.8,3,2024-03-12,2024-03-12 16:00:00,2024-03-12 16:00:00,GCJ24.csv,123,GCJ24.csv,-1.0,2162.5,2162.5,2162.8,2162.5,-0.3000000000001819
45364,4,30,2164.4,4,2024-03-13,2024-03-13 04:30:00,2024-03-13 04:30:00,GCJ24.csv,115,GCJ24.csv,1.0,2164.4,2164.4,2164.4,2164.4,0.0
45364,6,0,2163.8,6,2024-03-13,2024-03-13 06:00:00,2024-03-13 06:00:00,GCJ24.csv,80,GCJ24.csv,2.0,2163.7,2163.7,4327.6,4327.4,0.2000000000007276
45364,8,30,2169.2,5,2024-03-13,2024-03-13 08:30:00,2024-03-13 08:30:00,GCJ24.csv,310,GCJ24.csv,-1.0,2169.2,2169.2,2169.2,2169.2,-0.0
45364,9,40,2175.0,3,2024-03-13,2024-03-13 09:40:00,2024-03-13 09:40:00,GCJ24.csv,1287,GCJ24.csv,-2.0,2173.3,2173.3,4350.0,4346.6,-3.399999999999636
45364,10,0,2171.6,5,2024-03-13,2024-03-13 10:00:00,2024-03-13 10:00:00,GCJ24.csv,326,GCJ24.csv,2.0,2170.8,2170.8,4343.2,4341.6,1.5999999999994543
45364,12,0,2177.3,6,2024-03-13,2024-03-13 12:00:00,2024-03-13 12:00:00,GCJ24.csv,140,GCJ24.csv,1.0,2176.5,2176.5,2177.3,2176.5,0.8000000000001819
45365,1,30,2175.4,3,2024-03-14,2024-03-14 01:30:00,2024-03-14 01:30:00,GCJ24.csv,40,GCJ24.csv,-3.0,2175.5,2175.5,6526.200000000001,6526.5,0.2999999999992724
45365,3,30,2171.9,6,2024-03-14,2024-03-14 03:30:00,2024-03-14 03:30:00,GCJ24.csv,66,GCJ24.csv,3.0,2172.1,2172.1,6515.700000000001,6516.299999999999,-0.5999999999985448
45365,4,30,2173.8,8,2024-03-14,2024-03-14 04:30:00,2024-03-14 04:30:00,GCJ24.csv,404,GCJ24.csv,2.0,2173.8,2173.8,4347.6,4347.6,0.0
45365,8,30,2171.7,6,2024-03-14,2024-03-14 08:30:00,2024-03-14 08:30:00,GCJ24.csv,2388,GCJ24.csv,-2.0,2169.1,2169.1,4343.4,4338.2,-5.199999999999818
45365,9,0,2167.3,7,2024-03-14,2024-03-14 09:00:00,2024-03-14 09:00:00,GCJ24.csv,765,GCJ24.csv,1.0,2167.9,2167.9,2167.3,2167.9,-0.599999999999909
45365,10,30,2166.5,8,2024-03-14,2024-03-14 10:30:00,2024-03-14 10:30:00,GCJ24.csv,375,GCJ24.csv,1.0,2166.7,2166.7,2166.5,2166.7,-0.1999999999998181
45365,11,0,2165.9,7,2024-03-14,2024-03-14 11:00:00,2024-03-14 11:00:00,GCJ24.csv,635,GCJ24.csv,-1.0,2165.2,2165.2,2165.9,2165.2,-0.7000000000002728
45365,12,0,2161.4,6,2024-03-14,2024-03-14 12:00:00,2024-03-14 12:00:00,GCJ24.csv,192,GCJ24.csv,-1.0,2162.4,2162.4,2161.4,2162.4,1.0
45365,14,30,2166.1,5,2024-03-14,2024-03-14 14:30:00,2024-03-14 14:30:00,GCJ24.csv,108,GCJ24.csv,-1.0,2166.8,2166.8,2166.1,2166.8,0.7000000000002728
45366,1,30,2168.3,7,2024-03-15,2024-03-15 01:30:00,2024-03-15 01:30:00,GCJ24.csv,29,GCJ24.csv,2.0,2171.1,2171.1,4336.6,4342.2,-5.599999999999454
45366,3,30,2172.1,5,2024-03-15,2024-03-15 03:30:00,2024-03-15 03:30:00,GCJ24.csv,89,GCJ24.csv,-2.0,2172.7,2172.7,4344.2,4345.4,1.199999999999818
45366,6,0,2176.1,7,2024-03-15,2024-03-15 06:00:00,2024-03-15 06:00:00,GCJ24.csv,695,GCJ24.csv,2.0,2174.7000000000003,2174.7000000000003,4352.2,4349.400000000001,2.7999999999992724
45366,8,40,2163.2,8,2024-03-15,2024-03-15 08:40:00,2024-03-15 08:40:00,GCJ24.csv,552,GCJ24.csv,1.0,2162.6,2162.6,2163.2,2162.6,0.599999999999909
45366,9,0,2165.6,7,2024-03-15,2024-03-15 09:00:00,2024-03-15 09:00:00,GCJ24.csv,471,GCJ24.csv,-1.0,2165.2,2165.2,2165.6,2165.2,-0.40000000000009095
45366,10,30,2164.8,8,2024-03-15,2024-03-15 10:30:00,2024-03-15 10:30:00,GCJ24.csv,237,GCJ24.csv,1.0,2163.8,2163.8,2164.8,2163.8,1.0
45366,12,0,2163.8,5,2024-03-15,2024-03-15 12:00:00,2024-03-15 12:00:00,GCJ24.csv,135,GCJ24.csv,-3.0,2166.0,2166.0,6491.400000000001,6498.0,6.599999999999454
45366,14,30,2161.4,4,2024-03-15,2024-03-15 14:30:00,2024-03-15 14:30:00,GCJ24.csv,69,GCJ24.csv,-1.0,2164.0,2163.5,2161.4,2163.5,2.099999999999909
45366,16,30,2161.9,0,2024-03-15,2024-03-15 16:30:00,2024-03-15 16:30:00,GCJ24.csv,21,GCJ24.csv,-4.0,2162.1,2160.4,8647.6,8641.6,-6.0
45369,1,30,2149.9,-1,2024-03-18,2024-03-18 01:30:00,2024-03-18 01:30:00,GCJ24.csv,126,GCJ24.csv,-1.0,2149.8,2149.8,2149.9,2149.8,-0.09999999999990905
45369,3,30,2153.8,0,2024-03-18,2024-03-18 03:30:00,2024-03-18 03:30:00,GCJ24.csv,189,GCJ24.csv,1.0,2152.7,2152.7,2153.8,2152.7,1.1000000000003638
45369,4,30,2156.2,-2,2024-03-18,2024-03-18 04:30:00,2024-03-18 04:30:00,GCJ24.csv,71,GCJ24.csv,-2.0,2156.5,2156.5,4312.4,4313.0,0.6000000000003638
45369,6,0,2158.4,1,2024-03-18,2024-03-18 06:00:00,2024-03-18 06:00:00,GCJ24.csv,45,GCJ24.csv,3.0,2158.2000000000003,2158.2000000000003,6475.200000000001,6474.6,0.6000000000003638
45369,8,30,2165.1,3,2024-03-18,2024-03-18 08:30:00,2024-03-18 08:30:00,GCJ24.csv,534,GCJ24.csv,2.0,2164.7000000000003,2164.7000000000003,4330.2,4329.400000000001,0.7999999999992724
45369,9,0,2162.3,5,2024-03-18,2024-03-18 09:00:00,2024-03-18 09:00:00,GCJ24.csv,555,GCJ24.csv,2.0,2163.3,2163.3,4324.6,4326.6,-2.0
45369,10,10,2164.0,3,2024-03-18,2024-03-18 10:10:00,2024-03-18 10:10:00,GCJ24.csv,211,GCJ24.csv,-2.0,2161.5,2161.5,4328.0,4323.0,-5.0
45369,10,30,2163.4,5,2024-03-18,2024-03-18 10:30:00,2024-03-18 10:30:00,GCJ24.csv,88,GCJ24.csv,2.0,2163.3,2163.3,4326.8,4326.6,0.1999999999998181
45369,11,0,2161.9,3,2024-03-18,2024-03-18 11:00:00,2024-03-18 11:00:00,GCJ24.csv,499,GCJ24.csv,-2.0,2161.9,2161.9,4323.8,4323.8,-0.0
45369,12,0,2161.7,5,2024-03-18,2024-03-18 12:00:00,2024-03-18 12:00:00,GCJ24.csv,185,GCJ24.csv,2.0,2161.4,2161.4,4323.4,4322.8,0.5999999999994543
45370,1,30,2161.6,3,2024-03-19,2024-03-19 01:30:00,2024-03-19 01:30:00,GCJ24.csv,139,GCJ24.csv,-2.0,2161.7,2161.7,4323.2,4323.4,0.1999999999998181
45370,3,30,2158.7,5,2024-03-19,2024-03-19 03:30:00,2024-03-19 03:30:00,GCJ24.csv,78,GCJ24.csv,2.0,2160.1,2160.1,4317.4,4320.2,-2.800000000000182
45370,4,30,2153.7,3,2024-03-19,2024-03-19 04:30:00,2024-03-19 04:30:00,GCJ24.csv,254,GCJ24.csv,-2.0,2153.2,2153.2,4307.4,4306.4,-1.0
45370,8,30,2156.4,5,2024-03-19,2024-03-19 08:30:00,2024-03-19 08:30:00,GCJ24.csv,606,GCJ24.csv,2.0,2158.2000000000003,2158.2000000000003,4312.8,4316.400000000001,-3.600000000000364
45370,10,30,2155.9,7,2024-03-19,2024-03-19 10:30:00,2024-03-19 10:30:00,GCJ24.csv,120,GCJ24.csv,2.0,2156.6,2156.6,4311.8,4313.2,-1.3999999999996362
45370,14,30,2159.7,5,2024-03-19,2024-03-19 14:30:00,2024-03-19 14:30:00,GCJ24.csv,21,GCJ24.csv,-2.0,2160.6,2160.6,4319.4,4321.2,1.800000000000182
45371,1,30,2160.6,2,2024-03-20,2024-03-20 01:30:00,2024-03-20 01:30:00,GCJ24.csv,41,GCJ24.csv,-3.0,2161.3,2161.1,6481.799999999999,6483.299999999999,1.5
45371,3,30,2161.9,5,2024-03-20,2024-03-20 03:30:00,2024-03-20 03:30:00,GCJ24.csv,60,GCJ24.csv,3.0,2160.8,2160.8,6485.700000000001,6482.400000000001,3.300000000000182
45371,4,30,2159.1,3,2024-03-20,2024-03-20 04:30:00,2024-03-20 04:30:00,GCJ24.csv,42,GCJ24.csv,-2.0,2159.1,2159.1,4318.2,4318.2,-0.0
45371,6,0,2157.2,4,2024-03-20,2024-03-20 06:00:00,2024-03-20 06:00:00,GCJ24.csv,355,GCJ24.csv,1.0,2156.9,2156.9,2157.2,2156.9,0.29999999999972715
45371,8,30,2157.2,6,2024-03-20,2024-03-20 08:30:00,2024-03-20 08:30:00,GCJ24.csv,88,GCJ24.csv,2.0,2153.5,2153.5,4314.4,4307.0,7.399999999999636
45371,9,0,2156.1,7,2024-03-20,2024-03-20 09:00:00,2024-03-20 09:00:00,GCJ24.csv,177,GCJ24.csv,1.0,2158.5,2158.5,2156.1,2158.5,-2.400000000000091
45371,9,30,2153.8,8,2024-03-20,2024-03-20 09:30:00,2024-03-20 09:30:00,GCJ24.csv,816,GCJ24.csv,1.0,2157.1,2157.1,2153.8,2157.1,-3.299999999999727
45371,9,50,2158.2,5,2024-03-20,2024-03-20 09:50:00,2024-03-20 09:50:00,GCJ24.csv,233,GCJ24.csv,-3.0,2160.9,2160.9,6474.599999999999,6482.700000000001,8.100000000001273
45371,10,10,2167.3,4,2024-03-20,2024-03-20 10:10:00,2024-03-20 10:10:00,GCJ24.csv,624,GCJ24.csv,-1.0,2167.2,2167.2,2167.3,2167.2,-0.1000000000003638
45371,10,30,2163.9,7,2024-03-20,2024-03-20 10:30:00,2024-03-20 10:30:00,GCJ24.csv,337,GCJ24.csv,3.0,2160.9,2160.9,6491.700000000001,6482.700000000001,9.0
45371,11,0,2159.9,6,2024-03-20,2024-03-20 11:00:00,2024-03-20 11:00:00,GCJ24.csv,304,GCJ24.csv,-1.0,2161.4,2161.4,2159.9,2161.4,1.5
45371,12,0,2158.8,7,2024-03-20,2024-03-20 12:00:00,2024-03-20 12:00:00,GCJ24.csv,135,GCJ24.csv,1.0,2161.1,2161.1,2158.8,2161.1,-2.299999999999727
45371,14,0,2160.7,5,2024-03-20,2024-03-20 14:00:00,2024-03-20 14:00:00,GCJ24.csv,3114,GCJ24.csv,-2.0,2174.5,2174.5,4321.4,4349.0,27.600000000000364
45371,16,0,2186.5,7,2024-03-20,2024-03-20 16:00:00,2024-03-20 16:00:00,GCJ24.csv,457,GCJ24.csv,2.0,2186.6000000000004,2186.6000000000004,4373.0,4373.200000000001,-0.2000000000007276
45372,4,30,2205.6,8,2024-03-21,2024-03-21 04:30:00,2024-03-21 04:30:00,GCJ24.csv,581,GCJ24.csv,1.0,2199.1000000000004,2199.1000000000004,2205.6,2199.1000000000004,6.499999999999545
45372,6,0,2207.8,1,2024-03-21,2024-03-21 06:00:00,2024-03-21 06:00:00,GCJ24.csv,86,GCJ24.csv,-7.0,2211.9,2211.9,15454.600000000002,15483.300000000001,28.69999999999891
45372,8,30,2209.6,0,2024-03-21,2024-03-21 08:30:00,2024-03-21 08:30:00,GCJ24.csv,696,GCJ24.csv,-1.0,2207.1,2207.1,2209.6,2207.1,-2.5
45372,9,10,2205.8,2,2024-03-21,2024-03-21 09:10:00,2024-03-21 09:10:00,GCJ24.csv,473,GCJ24.csv,2.0,2205.8,2205.8,4411.6,4411.6,0.0
45372,9,30,2204.4,0,2024-03-21,2024-03-21 09:30:00,2024-03-21 09:30:00,GCJ24.csv,1813,GCJ24.csv,-2.0,2202.1,2202.1,4408.8,4404.2,-4.600000000000364
45372,9,40,2201.6,2,2024-03-21,2024-03-21 09:40:00,2024-03-21 09:40:00,GCJ24.csv,279,GCJ24.csv,2.0,2201.7,2201.7,4403.2,4403.4,-0.1999999999998181
45372,9,50,2198.2,4,2024-03-21,2024-03-21 09:50:00,2024-03-21 09:50:00,GCJ24.csv,755,GCJ24.csv,2.0,2194.7,2194.7,4396.4,4389.4,7.0
45372,10,0,2193.1,3,2024-03-21,2024-03-21 10:00:00,2024-03-21 10:00:00,GCJ24.csv,1710,GCJ24.csv,-1.0,2185.8,2185.8,2193.1,2185.8,-7.299999999999727
45372,10,10,2185.7,2,2024-03-21,2024-03-21 10:10:00,2024-03-21 10:10:00,GCJ24.csv,1458,GCJ24.csv,-1.0,2185.8,2185.8,2185.7,2185.8,0.1000000000003638
45372,10,30,2178.7,5,2024-03-21,2024-03-21 10:30:00,2024-03-21 10:30:00,GCJ24.csv,1017,GCJ24.csv,3.0,2180.4,2180.4,6536.099999999999,6541.200000000001,-5.100000000001273
45372,10,40,2180.5,4,2024-03-21,2024-03-21 10:40:00,2024-03-21 10:40:00,GCJ24.csv,1072,GCJ24.csv,-1.0,2180.8,2180.8,2180.5,2180.8,0.3000000000001819
45372,10,50,2181.8,3,2024-03-21,2024-03-21 10:50:00,2024-03-21 10:50:00,GCJ24.csv,581,GCJ24.csv,-1.0,2179.5,2179.5,2181.8,2179.5,-2.300000000000182
45372,14,30,2183.7,0,2024-03-21,2024-03-21 14:30:00,2024-03-21 14:30:00,GCJ24.csv,59,GCJ24.csv,-3.0,2184.8,2184.8,6551.099999999999,6554.400000000001,3.3000000000010914
45373,1,30,2175.6,-1,2024-03-22,2024-03-22 01:30:00,2024-03-22 01:30:00,GCJ24.csv,88,GCJ24.csv,-1.0,2174.9,2174.9,2175.6,2174.9,-0.6999999999998181
45373,3,30,2166.4,0,2024-03-22,2024-03-22 03:30:00,2024-03-22 03:30:00,GCJ24.csv,261,GCJ24.csv,1.0,2167.4,2167.4,2166.4,2167.4,-1.0
45373,6,0,2168.1,3,2024-03-22,2024-03-22 06:00:00,2024-03-22 06:00:00,GCJ24.csv,64,GCJ24.csv,3.0,2168.3,2168.3,6504.299999999999,6504.900000000001,-0.6000000000012733
45373,9,50,2181.0,1,2024-03-22,2024-03-22 09:50:00,2024-03-22 09:50:00,GCJ24.csv,214,GCJ24.csv,-2.0,2180.7,2180.7,4362.0,4361.4,-0.6000000000003638
45373,10,0,2180.6,0,2024-03-22,2024-03-22 10:00:00,2024-03-22 10:00:00,GCJ24.csv,202,GCJ24.csv,-1.0,2180.7,2180.7,2180.6,2180.7,0.09999999999990905
45373,10,10,2176.0,4,2024-03-22,2024-03-22 10:10:00,2024-03-22 10:10:00,GCJ24.csv,265,GCJ24.csv,4.0,2175.4,2175.4,8704.0,8701.6,2.399999999999636
45373,10,20,2176.0,5,2024-03-22,2024-03-22 10:20:00,2024-03-22 10:20:00,GCJ24.csv,520,GCJ24.csv,1.0,2173.8,2173.8,2176.0,2173.8,2.199999999999818
45373,14,0,2160.5,7,2024-03-22,2024-03-22 14:00:00,2024-03-22 14:00:00,GCJ24.csv,145,GCJ24.csv,2.0,2160.5,2160.5,4321.0,4321.0,0.0
45373,14,30,2165.5,5,2024-03-22,2024-03-22 14:30:00,2024-03-22 14:30:00,GCJ24.csv,145,GCJ24.csv,-2.0,2164.5,2164.5,4331.0,4329.0,-2.0
45373,16,0,2165.7,3,2024-03-22,2024-03-22 16:00:00,2024-03-22 16:00:00,GCJ24.csv,142,GCJ24.csv,-2.0,2165.5,2165.5,4331.4,4331.0,-0.3999999999996362
45373,16,30,2167.3,0,2024-03-22,2024-03-22 16:30:00,2024-03-22 16:30:00,GCJ24.csv,33,GCJ24.csv,-3.0,2167.3,2167.3,6501.900000000001,6501.900000000001,-0.0
45376,1,30,2169.4,-1,2024-03-25,2024-03-25 01:30:00,2024-03-25 01:30:00,GCJ24.csv,51,GCJ24.csv,-1.0,2169.3,2169.3,2169.4,2169.3,-0.09999999999990905
45376,3,30,2167.7,0,2024-03-25,2024-03-25 03:30:00,2024-03-25 03:30:00,GCJ24.csv,31,GCJ24.csv,1.0,2167.2000000000003,2167.2000000000003,2167.7,2167.2000000000003,0.49999999999954525
45376,9,0,2175.6,-1,2024-03-25,2024-03-25 09:00:00,2024-03-25 09:00:00,GCJ24.csv,722,GCJ24.csv,-1.0,2175.6,2175.6,2175.6,2175.6,-0.0
45376,9,40,2178.8,-2,2024-03-25,2024-03-25 09:40:00,2024-03-25 09:40:00,GCJ24.csv,187,GCJ24.csv,-1.0,2179.1,2179.1,2178.8,2179.1,0.29999999999972715
45376,10,0,2178.3,-1,2024-03-25,2024-03-25 10:00:00,2024-03-25 10:00:00,GCJ24.csv,248,GCJ24.csv,1.0,2179.1000000000004,2179.1000000000004,2178.3,2179.1000000000004,-0.8000000000001819
45376,10,30,2178.4,-2,2024-03-25,2024-03-25 10:30:00,2024-03-25 10:30:00,GCJ24.csv,234,GCJ24.csv,-1.0,2178.0,2178.0,2178.4,2178.0,-0.40000000000009095
45376,11,0,2178.8,-1,2024-03-25,2024-03-25 11:00:00,2024-03-25 11:00:00,GCJ24.csv,429,GCJ24.csv,1.0,2177.9,2177.9,2178.8,2177.9,0.900000000000091
45376,12,0,2176.5,2,2024-03-25,2024-03-25 12:00:00,2024-03-25 12:00:00,GCJ24.csv,133,GCJ24.csv,3.0,2176.8,2176.8,6529.5,6530.400000000001,-0.9000000000005457
45376,14,30,2175.3,3,2024-03-25,2024-03-25 14:30:00,2024-03-25 14:30:00,GCJ24.csv,28,GCJ24.csv,1.0,2175.0,2175.0,2175.3,2175.0,0.3000000000001819
45377,1,30,2172.2,4,2024-03-26,2024-03-26 01:30:00,2024-03-26 01:30:00,GCM24.csv,63,GCM24.csv,1.0,2194.3,2194.3,2172.2,2194.3,-22.100000000000364
45377,3,30,2172.1,3,2024-03-26,2024-03-26 03:30:00,2024-03-26 03:30:00,GCM24.csv,101,GCM24.csv,-1.0,2194.7,2194.7,2172.1,2194.7,22.59999999999991
45377,6,0,2191.5,6,2024-03-26,2024-03-26 06:00:00,2024-03-26 06:00:00,GCM24.csv,92,GCM24.csv,3.0,2213.6,2213.6,6574.5,6640.799999999999,-66.29999999999927
45377,8,50,2188.7,7,2024-03-26,2024-03-26 08:50:00,2024-03-26 08:50:00,GCM24.csv,257,GCM24.csv,1.0,2211.0,2211.0,2188.7,2211.0,-22.300000000000182
45377,9,10,2188.9,6,2024-03-26,2024-03-26 09:10:00,2024-03-26 09:10:00,GCM24.csv,118,GCM24.csv,-1.0,2213.9,2213.9,2188.9,2213.9,25.0
45377,9,50,2183.3,7,2024-03-26,2024-03-26 09:50:00,2024-03-26 09:50:00,GCM24.csv,298,GCM24.csv,1.0,2206.7000000000003,2206.7000000000003,2183.3,2206.7000000000003,-23.40000000000009
45377,10,10,2185.6,6,2024-03-26,2024-03-26 10:10:00,2024-03-26 10:10:00,GCJ24.csv,203,GCJ24.csv,-1.0,2183.8,2183.8,2185.6,2183.8,-1.7999999999997272
45378,4,30,2178.5,3,2024-03-27,2024-03-27 04:30:00,2024-03-27 04:30:00,GCM24.csv,97,GCM24.csv,-3.0,2198.9,2198.9,6535.5,6596.700000000001,61.20000000000073
45378,6,0,2188.2,4,2024-03-27,2024-03-27 06:00:00,2024-03-27 06:00:00,GCM24.csv,349,GCM24.csv,1.0,2210.4,2210.4,2188.2,2210.4,-22.200000000000273
45378,8,30,2186.1,7,2024-03-27,2024-03-27 08:30:00,2024-03-27 08:30:00,GCM24.csv,169,GCM24.csv,3.0,2206.7000000000003,2206.7000000000003,6558.299999999999,6620.1,-61.80000000000109
45378,9,40,2190.9,5,2024-03-27,2024-03-27 09:40:00,2024-03-27 09:40:00,GCM24.csv,541,GCM24.csv,-2.0,2213.1000000000004,2212.0,4381.8,4424.0,42.19999999999982
45378,10,0,2192.4,7,2024-03-27,2024-03-27 10:00:00,2024-03-27 10:00:00,GCM24.csv,456,GCM24.csv,2.0,2213.0,2213.0,4384.8,4426.0,-41.19999999999982
45378,10,30,2190.9,8,2024-03-27,2024-03-27 10:30:00,2024-03-27 10:30:00,GCM24.csv,173,GCM24.csv,1.0,2212.3,2212.3,2190.9,2212.3,-21.40000000000009
45378,12,0,2189.0,7,2024-03-27,2024-03-27 12:00:00,2024-03-27 12:00:00,GCM24.csv,401,GCM24.csv,-1.0,2211.1000000000004,2211.1000000000004,2189.0,2211.1000000000004,22.100000000000364
45378,14,30,2188.7,6,2024-03-27,2024-03-27 14:30:00,2024-03-27 14:30:00,GCM24.csv,24,GCM24.csv,-1.0,2211.5,2211.5,2188.7,2211.5,22.800000000000182
45379,4,30,2194.3,4,2024-03-28,2024-03-28 04:30:00,2024-03-28 04:30:00,GCM24.csv,61,GCM24.csv,-2.0,2216.5,2216.5,4388.6,4433.0,44.399999999999636
45379,6,0,2195.1,0,2024-03-28,2024-03-28 06:00:00,2024-03-28 06:00:00,GCM24.csv,69,GCM24.csv,-4.0,2219.2,2219.2,8780.4,8876.8,96.39999999999964
45379,8,30,2210.7,2,2024-03-28,2024-03-28 08:30:00,2024-03-28 08:30:00,GCM24.csv,750,GCM24.csv,2.0,2229.2000000000003,2229.2000000000003,4421.4,4458.400000000001,-37.00000000000091
45379,8,40,2207.3,3,2024-03-28,2024-03-28 08:40:00,2024-03-28 08:40:00,GCM24.csv,457,GCM24.csv,1.0,2229.2000000000003,2229.2000000000003,2207.3,2229.2000000000003,-21.90000000000009
45379,9,0,2215.0,0,2024-03-28,2024-03-28 09:00:00,2024-03-28 09:00:00,GCM24.csv,2039,GCM24.csv,-3.0,2233.6,2233.6,6645.0,6700.799999999999,55.79999999999927
45379,9,10,2212.1,-1,2024-03-28,2024-03-28 09:10:00,2024-03-28 09:10:00,GCM24.csv,210,GCM24.csv,-1.0,2233.6,2233.6,2212.1,2233.6,21.5
45379,9,20,2210.9,3,2024-03-28,2024-03-28 09:20:00,2024-03-28 09:20:00,GCM24.csv,469,GCM24.csv,4.0,2231.8,2231.8,8843.6,8927.2,-83.60000000000036
45379,9,30,2208.8,4,2024-03-28,2024-03-28 09:30:00,2024-03-28 09:30:00,GCM24.csv,982,GCM24.csv,1.0,2226.7000000000003,2226.7000000000003,2208.8,2226.7000000000003,-17.90000000000009
45379,10,0,2207.3,2,2024-03-28,2024-03-28 10:00:00,2024-03-28 10:00:00,GCM24.csv,578,GCM24.csv,-2.0,2227.0,2227.0,4414.6,4454.0,39.399999999999636
45379,10,30,2206.1,0,2024-03-28,2024-03-28 10:30:00,2024-03-28 10:30:00,GCM24.csv,268,GCM24.csv,-2.0,2231.3,2231.3,4412.2,4462.6,50.400000000000546
45379,12,0,2215.5,1,2024-03-28,2024-03-28 12:00:00,2024-03-28 12:00:00,GCM24.csv,608,GCM24.csv,1.0,2234.8,2234.8,2215.5,2234.8,-19.300000000000182
45379,14,30,2221.0,3,2024-03-28,2024-03-28 14:30:00,2024-03-28 14:30:00,GCM24.csv,236,GCM24.csv,2.0,2240.3,2240.3,4442.0,4480.6,-38.600000000000364
45380,12,0,2234.1,0,2024-03-29,2024-03-29 12:00:00,2024-03-29 12:00:00,GCM24.csv,248,GCM24.csv,-3.0,2253.4,2259.2,6702.299999999999,6777.599999999999,75.30000000000018
45383,9,20,2255.9,-2,2024-04-01,2024-04-01 09:20:00,2024-04-01 09:20:00,GCM24.csv,266,GCM24.csv,-2.0,2275.8,2275.8,4511.8,4551.6,39.80000000000018
45383,9,40,2255.9,0,2024-04-01,2024-04-01 09:40:00,2024-04-01 09:40:00,GCM24.csv,536,GCM24.csv,2.0,2270.8,2270.8,4511.8,4541.6,-29.800000000000182
45383,9,50,2250.9,2,2024-04-01,2024-04-01 09:50:00,2024-04-01 09:50:00,GCM24.csv,1688,GCM24.csv,2.0,2262.9,2262.9,4501.8,4525.8,-24.0
45383,10,0,2243.1,3,2024-04-01,2024-04-01 10:00:00,2024-04-01 10:00:00,GCM24.csv,1984,GCM24.csv,1.0,2262.9,2262.9,2243.1,2262.9,-19.800000000000182
45383,10,10,2235.9,2,2024-04-01,2024-04-01 10:10:00,2024-04-01 10:10:00,GCM24.csv,701,GCM24.csv,-1.0,2258.2000000000003,2258.2000000000003,2235.9,2258.2000000000003,22.300000000000182
45383,10,20,2234.0,1,2024-04-01,2024-04-01 10:20:00,2024-04-01 10:20:00,GCM24.csv,776,GCM24.csv,-1.0,2253.7000000000003,2253.7000000000003,2234.0,2253.7000000000003,19.700000000000273
45383,10,30,2234.0,0,2024-04-01,2024-04-01 10:30:00,2024-04-01 10:30:00,GCM24.csv,424,GCM24.csv,-1.0,2253.7000000000003,2253.7000000000003,2234.0,2253.7000000000003,19.700000000000273
45384,1,30,2274.6,-3,2024-04-02,2024-04-02 01:30:00,2024-04-02 01:30:00,GCM24.csv,145,GCM24.csv,-3.0,2274.8,2274.8,6823.799999999999,6824.400000000001,0.6000000000012733
45384,3,30,2274.2,0,2024-04-02,2024-04-02 03:30:00,2024-04-02 03:30:00,GCM24.csv,141,GCM24.csv,3.0,2274.1,2274.1,6822.599999999999,6822.299999999999,0.3000000000001819
45384,4,30,2282.0,-2,2024-04-02,2024-04-02 04:30:00,2024-04-02 04:30:00,GCM24.csv,103,GCM24.csv,-2.0,2282.2,2282.2,4564.0,4564.4,0.3999999999996362
45384,6,0,2281.2,-3,2024-04-02,2024-04-02 06:00:00,2024-04-02 06:00:00,GCM24.csv,113,GCM24.csv,-1.0,2281.4,2277.6,2281.2,2277.6,-3.599999999999909
45384,8,30,2276.9,-1,2024-04-02,2024-04-02 08:30:00,2024-04-02 08:30:00,GCM24.csv,252,GCM24.csv,2.0,2276.8,2276.8,4553.8,4553.6,0.1999999999998181
45384,9,0,2277.7,0,2024-04-02,2024-04-02 09:00:00,2024-04-02 09:00:00,GCM24.csv,366,GCM24.csv,1.0,2277.5,2277.5,2277.7,2277.5,0.1999999999998181
45384,9,40,2284.3,-1,2024-04-02,2024-04-02 09:40:00,2024-04-02 09:40:00,GCM24.csv,1107,GCM24.csv,-1.0,2282.8,2282.8,2284.3,2282.8,-1.5
45384,10,0,2286.2,0,2024-04-02,2024-04-02 10:00:00,2024-04-02 10:00:00,GCM24.csv,858,GCM24.csv,1.0,2286.0,2286.0,2286.2,2286.0,0.1999999999998181
45384,11,0,2280.5,-1,2024-04-02,2024-04-02 11:00:00,2024-04-02 11:00:00,GCM24.csv,567,GCM24.csv,-1.0,2280.9,2280.9,2280.5,2280.9,0.40000000000009095
45385,1,30,2303.8,-4,2024-04-03,2024-04-03 01:30:00,2024-04-03 01:30:00,GCM24.csv,131,GCM24.csv,-3.0,2304.3,2304.3,6911.400000000001,6912.900000000001,1.5
45385,3,30,2292.9,-1,2024-04-03,2024-04-03 03:30:00,2024-04-03 03:30:00,GCM24.csv,294,GCM24.csv,3.0,2292.0,2292.0,6878.700000000001,6876.0,2.7000000000007276
45385,4,30,2289.6,-2,2024-04-03,2024-04-03 04:30:00,2024-04-03 04:30:00,GCM24.csv,102,GCM24.csv,-1.0,2289.9,2289.9,2289.6,2289.9,0.3000000000001819
45385,6,0,2292.2,-3,2024-04-03,2024-04-03 06:00:00,2024-04-03 06:00:00,GCM24.csv,59,GCM24.csv,-1.0,2292.3,2292.3,2292.2,2292.3,0.1000000000003638
45385,8,30,2288.7,-2,2024-04-03,2024-04-03 08:30:00,2024-04-03 08:30:00,GCM24.csv,1080,GCM24.csv,1.0,2291.3,2291.3,2288.7,2291.3,-2.600000000000364
45385,9,10,2297.9,-3,2024-04-03,2024-04-03 09:10:00,2024-04-03 09:10:00,GCM24.csv,299,GCM24.csv,-1.0,2295.9,2295.9,2297.9,2295.9,-2.0
45385,9,20,2295.5,-2,2024-04-03,2024-04-03 09:20:00,2024-04-03 09:20:00,GCM24.csv,180,GCM24.csv,1.0,2293.5,2293.5,2295.5,2293.5,2.0
45385,9,30,2294.9,-1,2024-04-03,2024-04-03 09:30:00,2024-04-03 09:30:00,GCM24.csv,674,GCM24.csv,1.0,2293.5,2293.5,2294.9,2293.5,1.400000000000091
45385,9,40,2294.5,-2,2024-04-03,2024-04-03 09:40:00,2024-04-03 09:40:00,GCM24.csv,304,GCM24.csv,-1.0,2296.7,2296.7,2294.5,2296.7,2.199999999999818
45385,10,30,2296.3,-1,2024-04-03,2024-04-03 10:30:00,2024-04-03 10:30:00,GCM24.csv,823,GCM24.csv,1.0,2294.8,2294.8,2296.3,2294.8,1.5
45385,12,0,2306.9,0,2024-04-03,2024-04-03 12:00:00,2024-04-03 12:00:00,GCM24.csv,204,GCM24.csv,1.0,2306.1000000000004,2306.1000000000004,2306.9,2306.1000000000004,0.7999999999997272
45385,14,0,2315.5,2,2024-04-03,2024-04-03 14:00:00,2024-04-03 14:00:00,GCM24.csv,104,GCM24.csv,2.0,2315.4,2315.4,4631.0,4630.8,0.1999999999998181
45385,14,30,2315.0,1,2024-04-03,2024-04-03 14:30:00,2024-04-03 14:30:00,GCM24.csv,40,GCM24.csv,-1.0,2315.7000000000003,2315.7000000000003,2315.0,2315.7000000000003,0.7000000000002728
45385,16,0,2318.1,-1,2024-04-03,2024-04-03 16:00:00,2024-04-03 16:00:00,GCM24.csv,151,GCM24.csv,-2.0,2318.4,2318.4,4636.2,4636.8,0.6000000000003638
45386,4,30,2310.9,-2,2024-04-04,2024-04-04 04:30:00,2024-04-04 04:30:00,GCM24.csv,106,GCM24.csv,-1.0,2312.1,2312.1,2310.9,2312.1,1.199999999999818
45386,6,0,2312.6,-1,2024-04-04,2024-04-04 06:00:00,2024-04-04 06:00:00,GCM24.csv,17,GCM24.csv,1.0,2312.6,2312.6,2312.6,2312.6,0.0
45386,8,30,2306.9,0,2024-04-04,2024-04-04 08:30:00,2024-04-04 08:30:00,GCM24.csv,1018,GCM24.csv,1.0,2305.7000000000003,2305.7000000000003,2306.9,2305.7000000000003,1.199999999999818
45386,9,20,2308.5,-1,2024-04-04,2024-04-04 09:20:00,2024-04-04 09:20:00,GCM24.csv,123,GCM24.csv,-1.0,2309.5,2309.5,2308.5,2309.5,1.0
45386,9,30,2308.9,-2,2024-04-04,2024-04-04 09:30:00,2024-04-04 09:30:00,GCM24.csv,356,GCM24.csv,-1.0,2309.5,2309.5,2308.9,2309.5,0.599999999999909
45386,9,40,2307.2,-1,2024-04-04,2024-04-04 09:40:00,2024-04-04 09:40:00,GCM24.csv,663,GCM24.csv,1.0,2308.4,2308.4,2307.2,2308.4,-1.2000000000002728
45386,9,50,2307.0,0,2024-04-04,2024-04-04 09:50:00,2024-04-04 09:50:00,GCM24.csv,209,GCM24.csv,1.0,2310.5,2310.5,2307.0,2310.5,-3.5
45386,10,10,2312.2,-1,2024-04-04,2024-04-04 10:10:00,2024-04-04 10:10:00,GCM24.csv,191,GCM24.csv,-1.0,2312.9,2312.9,2312.2,2312.9,0.7000000000002728
45386,10,30,2317.0,0,2024-04-04,2024-04-04 10:30:00,2024-04-04 10:30:00,GCM24.csv,822,GCM24.csv,1.0,2316.9,2316.9,2317.0,2316.9,0.09999999999990905
45386,12,0,2310.9,1,2024-04-04,2024-04-04 12:00:00,2024-04-04 12:00:00,GCM24.csv,70,GCM24.csv,1.0,2310.8,2310.8,2310.9,2310.8,0.09999999999990905
45386,14,0,2313.2,0,2024-04-04,2024-04-04 14:00:00,2024-04-04 14:00:00,GCM24.csv,128,GCM24.csv,-1.0,2313.4,2313.4,2313.2,2313.4,0.20000000000027285
45386,16,0,2305.1,1,2024-04-04,2024-04-04 16:00:00,2024-04-04 16:00:00,GCM24.csv,251,GCM24.csv,1.0,2304.9,2304.9,2305.1,2304.9,0.1999999999998181
45387,4,30,2306.5,2,2024-04-05,2024-04-05 04:30:00,2024-04-05 04:30:00,GCM24.csv,172,GCM24.csv,1.0,2308.8,2308.8,2306.5,2308.8,-2.300000000000182
45387,8,30,2315.7,1,2024-04-05,2024-04-05 08:30:00,2024-04-05 08:30:00,GCM24.csv,3781,GCM24.csv,-1.0,2301.7,2301.7,2315.7,2301.7,-14.0
45387,8,40,2306.3,3,2024-04-05,2024-04-05 08:40:00,2024-04-05 08:40:00,GCM24.csv,591,GCM24.csv,2.0,2306.9,2306.9,4612.6,4613.8,-1.199999999999818
45387,9,0,2310.3,1,2024-04-05,2024-04-05 09:00:00,2024-04-05 09:00:00,GCM24.csv,751,GCM24.csv,-2.0,2309.7000000000003,2309.7000000000003,4620.6,4619.400000000001,-1.199999999999818
45387,9,10,2306.5,2,2024-04-05,2024-04-05 09:10:00,2024-04-05 09:10:00,GCM24.csv,309,GCM24.csv,1.0,2313.3,2313.3,2306.5,2313.3,-6.800000000000182
45387,9,20,2317.8,1,2024-04-05,2024-04-05 09:20:00,2024-04-05 09:20:00,GCM24.csv,1004,GCM24.csv,-1.0,2314.3,2314.3,2317.8,2314.3,-3.5
45387,9,30,2314.3,-2,2024-04-05,2024-04-05 09:30:00,2024-04-05 09:30:00,GCM24.csv,570,GCM24.csv,-3.0,2314.3,2314.3,6942.900000000001,6942.900000000001,-0.0
45387,9,40,2316.1,0,2024-04-05,2024-04-05 09:40:00,2024-04-05 09:40:00,GCM24.csv,529,GCM24.csv,2.0,2318.1000000000004,2318.1000000000004,4632.2,4636.200000000001,-4.0000000000009095
45387,9,50,2317.1,2,2024-04-05,2024-04-05 09:50:00,2024-04-05 09:50:00,GCM24.csv,1270,GCM24.csv,2.0,2317.5,2317.5,4634.2,4635.0,-0.8000000000001819
45387,11,0,2337.3,1,2024-04-05,2024-04-05 11:00:00,2024-04-05 11:00:00,GCM24.csv,951,GCM24.csv,-1.0,2336.5,2336.5,2337.3,2336.5,-0.8000000000001819
45387,12,0,2345.6,2,2024-04-05,2024-04-05 12:00:00,2024-04-05 12:00:00,GCM24.csv,503,GCM24.csv,1.0,2347.5,2347.5,2345.6,2347.5,-1.900000000000091
45387,16,30,2343.8,0,2024-04-05,2024-04-05 16:30:00,2024-04-05 16:30:00,GCM24.csv,38,GCM24.csv,-2.0,2346.0,2346.0,4687.6,4692.0,4.399999999999636
45390,1,30,2360.1,-3,2024-04-08,2024-04-08 01:30:00,2024-04-08 01:30:00,GCM24.csv,308,GCM24.csv,-3.0,2360.6,2354.3,7080.299999999999,7062.900000000001,-17.399999999998727
45390,3,30,2354.9,0,2024-04-08,2024-04-08 03:30:00,2024-04-08 03:30:00,GCM24.csv,149,GCM24.csv,3.0,2354.7000000000003,2354.7000000000003,7064.700000000001,7064.1,0.6000000000003638
45390,4,30,2354.1,-1,2024-04-08,2024-04-08 04:30:00,2024-04-08 04:30:00,GCM24.csv,167,GCM24.csv,-1.0,2354.5,2354.5,2354.1,2354.5,0.40000000000009095
45390,8,30,2345.1,0,2024-04-08,2024-04-08 08:30:00,2024-04-08 08:30:00,GCM24.csv,1556,GCM24.csv,1.0,2344.7,2344.7,2345.1,2344.7,0.40000000000009095
45390,9,20,2346.3,1,2024-04-08,2024-04-08 09:20:00,2024-04-08 09:20:00,GCM24.csv,294,GCM24.csv,1.0,2350.9,2350.9,2346.3,2350.9,-4.599999999999909
45390,9,30,2351.3,0,2024-04-08,2024-04-08 09:30:00,2024-04-08 09:30:00,GCM24.csv,843,GCM24.csv,-1.0,2351.7000000000003,2351.7000000000003,2351.3,2351.7000000000003,0.40000000000009095
45390,9,50,2349.4,1,2024-04-08,2024-04-08 09:50:00,2024-04-08 09:50:00,GCM24.csv,409,GCM24.csv,1.0,2346.3,2346.3,2349.4,2346.3,3.099999999999909
45390,10,0,2346.7,2,2024-04-08,2024-04-08 10:00:00,2024-04-08 10:00:00,GCM24.csv,898,GCM24.csv,1.0,2346.2,2346.2,2346.7,2346.2,0.5
45390,10,20,2340.8,0,2024-04-08,2024-04-08 10:20:00,2024-04-08 10:20:00,GCM24.csv,591,GCM24.csv,-2.0,2345.0,2345.0,4681.6,4690.0,8.399999999999636
45390,10,30,2344.7,1,2024-04-08,2024-04-08 10:30:00,2024-04-08 10:30:00,GCM24.csv,375,GCM24.csv,1.0,2344.2,2344.2,2344.7,2344.2,0.5
45390,12,0,2346.7,4,2024-04-08,2024-04-08 12:00:00,2024-04-08 12:00:00,GCM24.csv,172,GCM24.csv,3.0,2346.2,2346.2,7040.099999999999,7038.599999999999,1.5
45390,14,0,2357.1,2,2024-04-08,2024-04-08 14:00:00,2024-04-08 14:00:00,GCM24.csv,131,GCM24.csv,-2.0,2357.5,2357.5,4714.2,4715.0,0.8000000000001819
45390,14,30,2361.0,1,2024-04-08,2024-04-08 14:30:00,2024-04-08 14:30:00,GCM24.csv,116,GCM24.csv,-1.0,2361.4,2358.6,2361.0,2358.6,-2.400000000000091
45390,16,0,2357.7,3,2024-04-08,2024-04-08 16:00:00,2024-04-08 16:00:00,GCM24.csv,400,GCM24.csv,2.0,2357.6,2357.6,4715.4,4715.2,0.1999999999998181
45391,1,30,2363.7,0,2024-04-09,2024-04-09 01:30:00,2024-04-09 01:30:00,GCM24.csv,115,GCM24.csv,-3.0,2364.5,2364.5,7091.099999999999,7093.5,2.4000000000005457
45391,3,30,2370.8,3,2024-04-09,2024-04-09 03:30:00,2024-04-09 03:30:00,GCM24.csv,201,GCM24.csv,3.0,2370.6,2370.6,7112.400000000001,7111.799999999999,0.6000000000012733
45391,4,30,2374.8,2,2024-04-09,2024-04-09 04:30:00,2024-04-09 04:30:00,GCM24.csv,110,GCM24.csv,-1.0,2375.2000000000003,2375.2000000000003,2374.8,2375.2000000000003,0.40000000000009095
45391,6,0,2382.2,-1,2024-04-09,2024-04-09 06:00:00,2024-04-09 06:00:00,GCM24.csv,67,GCM24.csv,-3.0,2383.0,2383.0,7146.599999999999,7149.0,2.4000000000005457
45391,8,30,2366.2,0,2024-04-09,2024-04-09 08:30:00,2024-04-09 08:30:00,GCM24.csv,449,GCM24.csv,1.0,2366.1000000000004,2366.1000000000004,2366.2,2366.1000000000004,0.0999999999994543
45391,9,0,2367.9,-1,2024-04-09,2024-04-09 09:00:00,2024-04-09 09:00:00,GCM24.csv,410,GCM24.csv,-1.0,2368.0,2368.0,2367.9,2368.0,0.09999999999990905
45391,9,40,2375.2,-3,2024-04-09,2024-04-09 09:40:00,2024-04-09 09:40:00,GCM24.csv,499,GCM24.csv,-2.0,2376.1,2376.1,4750.4,4752.2,1.800000000000182
45391,10,0,2374.0,0,2024-04-09,2024-04-09 10:00:00,2024-04-09 10:00:00,GCM24.csv,486,GCM24.csv,3.0,2375.1,2375.1,7122.0,7125.299999999999,-3.2999999999992724
45391,10,10,2378.7,-2,2024-04-09,2024-04-09 10:10:00,2024-04-09 10:10:00,GCM24.csv,740,GCM24.csv,-2.0,2379.4,2379.4,4757.4,4758.8,1.4000000000005457
45391,10,20,2381.1,-3,2024-04-09,2024-04-09 10:20:00,2024-04-09 10:20:00,GCM24.csv,423,GCM24.csv,-1.0,2379.3,2379.3,2381.1,2379.3,-1.7999999999997272
45391,10,30,2380.0,-2,2024-04-09,2024-04-09 10:30:00,2024-04-09 10:30:00,GCM24.csv,541,GCM24.csv,1.0,2378.7,2378.7,2380.0,2378.7,1.300000000000182
45391,11,0,2371.9,-1,2024-04-09,2024-04-09 11:00:00,2024-04-09 11:00:00,GCM24.csv,309,GCM24.csv,1.0,2371.2,2371.2,2371.9,2371.2,0.7000000000002728
45391,12,0,2359.1,0,2024-04-09,2024-04-09 12:00:00,2024-04-09 12:00:00,GCM24.csv,453,GCM24.csv,1.0,2360.0,2360.0,2359.1,2360.0,-0.900000000000091
45391,14,0,2365.8,-1,2024-04-09,2024-04-09 14:00:00,2024-04-09 14:00:00,GCM24.csv,235,GCM24.csv,-1.0,2366.2000000000003,2366.2000000000003,2365.8,2366.2000000000003,0.40000000000009095
45391,14,30,2367.5,0,2024-04-09,2024-04-09 14:30:00,2024-04-09 14:30:00,GCM24.csv,55,GCM24.csv,1.0,2367.4,2367.4,2367.5,2367.4,0.09999999999990905
45391,16,0,2369.9,1,2024-04-09,2024-04-09 16:00:00,2024-04-09 16:00:00,GCM24.csv,356,GCM24.csv,1.0,2369.0,2371.0,2369.9,2371.0,-1.099999999999909
45392,4,30,2372.7,0,2024-04-10,2024-04-10 04:30:00,2024-04-10 04:30:00,GCM24.csv,130,GCM24.csv,-1.0,2374.3,2374.3,2372.7,2374.3,1.6000000000003638
45392,6,0,2365.4,4,2024-04-10,2024-04-10 06:00:00,2024-04-10 06:00:00,GCM24.csv,228,GCM24.csv,4.0,2364.3,2364.3,9461.6,9457.2,4.399999999999636
45392,8,30,2368.6,5,2024-04-10,2024-04-10 08:30:00,2024-04-10 08:30:00,GCM24.csv,4970,GCM24.csv,1.0,2350.8,2350.8,2368.6,2350.8,17.799999999999727
45392,8,50,2362.3,3,2024-04-10,2024-04-10 08:50:00,2024-04-10 08:50:00,GCM24.csv,743,GCM24.csv,-2.0,2354.2000000000003,2354.2000000000003,4724.6,4708.400000000001,-16.199999999999818
45392,9,0,2357.5,5,2024-04-10,2024-04-10 09:00:00,2024-04-10 09:00:00,GCM24.csv,1300,GCM24.csv,2.0,2353.4,2353.4,4715.0,4706.8,8.199999999999818
45392,9,10,2350.0,7,2024-04-10,2024-04-10 09:10:00,2024-04-10 09:10:00,GCM24.csv,522,GCM24.csv,2.0,2345.1,2345.1,4700.0,4690.2,9.800000000000182
45392,9,20,2343.0,6,2024-04-10,2024-04-10 09:20:00,2024-04-10 09:20:00,GCM24.csv,813,GCM24.csv,-1.0,2339.4,2339.4,2343.0,2339.4,-3.599999999999909
45392,10,0,2352.5,4,2024-04-10,2024-04-10 10:00:00,2024-04-10 10:00:00,GCM24.csv,1051,GCM24.csv,-2.0,2353.7000000000003,2353.7000000000003,4705.0,4707.400000000001,2.4000000000005457
45392,10,10,2361.6,2,2024-04-10,2024-04-10 10:10:00,2024-04-10 10:10:00,GCM24.csv,1065,GCM24.csv,-2.0,2362.1,2362.1,4723.2,4724.2,1.0
45392,10,20,2365.6,4,2024-04-10,2024-04-10 10:20:00,2024-04-10 10:20:00,GCM24.csv,2071,GCM24.csv,2.0,2363.3,2363.3,4731.2,4726.6,4.599999999999454
45392,10,30,2364.8,3,2024-04-10,2024-04-10 10:30:00,2024-04-10 10:30:00,GCM24.csv,670,GCM24.csv,-1.0,2364.2000000000003,2364.2000000000003,2364.8,2364.2000000000003,-0.599999999999909
45392,11,0,2364.4,2,2024-04-10,2024-04-10 11:00:00,2024-04-10 11:00:00,GCM24.csv,258,GCM24.csv,-1.0,2366.0,2366.0,2364.4,2366.0,1.599999999999909
45392,12,0,2355.6,-1,2024-04-10,2024-04-10 12:00:00,2024-04-10 12:00:00,GCM24.csv,271,GCM24.csv,-3.0,2356.0,2356.0,7066.799999999999,7068.0,1.2000000000007276
45392,14,0,2357.0,-2,2024-04-10,2024-04-10 14:00:00,2024-04-10 14:00:00,GCM24.csv,196,GCM24.csv,-1.0,2357.3,2357.3,2357.0,2357.3,0.3000000000001819
45392,14,30,2354.4,1,2024-04-10,2024-04-10 14:30:00,2024-04-10 14:30:00,GCM24.csv,66,GCM24.csv,3.0,2353.3,2353.3,7063.200000000001,7059.900000000001,3.300000000000182
45392,16,0,2347.8,2,2024-04-10,2024-04-10 16:00:00,2024-04-10 16:00:00,GCM24.csv,112,GCM24.csv,1.0,2349.3,2349.3,2347.8,2349.3,-1.5
45393,1,30,2360.6,-1,2024-04-11,2024-04-11 01:30:00,2024-04-11 01:30:00,GCM24.csv,129,GCM24.csv,-3.0,2361.3,2361.3,7081.799999999999,7083.900000000001,2.1000000000012733
45393,3,30,2356.1,2,2024-04-11,2024-04-11 03:30:00,2024-04-11 03:30:00,GCM24.csv,157,GCM24.csv,3.0,2354.4,2354.4,7068.299999999999,7063.200000000001,5.099999999998545
45393,4,30,2349.5,3,2024-04-11,2024-04-11 04:30:00,2024-04-11 04:30:00,GCM24.csv,75,GCM24.csv,1.0,2349.8,2349.8,2349.5,2349.8,-0.3000000000001819
45393,6,0,2348.2,4,2024-04-11,2024-04-11 06:00:00,2024-04-11 06:00:00,GCM24.csv,91,GCM24.csv,1.0,2348.7,2348.7,2348.2,2348.7,-0.5
45393,8,30,2352.9,3,2024-04-11,2024-04-11 08:30:00,2024-04-11 08:30:00,GCM24.csv,2264,GCM24.csv,-1.0,2355.8,2355.8,2352.9,2355.8,2.900000000000091
45393,8,40,2359.4,1,2024-04-11,2024-04-11 08:40:00,2024-04-11 08:40:00,GCM24.csv,488,GCM24.csv,-2.0,2359.4,2359.4,4718.8,4718.8,-0.0
45393,9,0,2359.0,3,2024-04-11,2024-04-11 09:00:00,2024-04-11 09:00:00,GCM24.csv,468,GCM24.csv,2.0,2356.6,2356.6,4718.0,4713.2,4.800000000000182
45393,9,20,2360.8,2,2024-04-11,2024-04-11 09:20:00,2024-04-11 09:20:00,GCM24.csv,283,GCM24.csv,-1.0,2360.7000000000003,2360.7000000000003,2360.8,2360.7000000000003,-0.09999999999990905
45393,9,40,2360.6,3,2024-04-11,2024-04-11 09:40:00,2024-04-11 09:40:00,GCM24.csv,321,GCM24.csv,1.0,2363.6,2363.6,2360.6,2363.6,-3.0
45393,9,50,2363.8,2,2024-04-11,2024-04-11 09:50:00,2024-04-11 09:50:00,GCM24.csv,357,GCM24.csv,-1.0,2361.4,2361.4,2363.8,2361.4,-2.400000000000091
45393,10,10,2361.0,3,2024-04-11,2024-04-11 10:10:00,2024-04-11 10:10:00,GCM24.csv,329,GCM24.csv,1.0,2354.5,2354.5,2361.0,2354.5,6.5
45393,10,30,2354.6,4,2024-04-11,2024-04-11 10:30:00,2024-04-11 10:30:00,GCM24.csv,738,GCM24.csv,1.0,2349.8,2349.8,2354.6,2349.8,4.799999999999727
45393,12,0,2362.4,5,2024-04-11,2024-04-11 12:00:00,2024-04-11 12:00:00,GCM24.csv,787,GCM24.csv,1.0,2362.4,2362.4,2362.4,2362.4,0.0
45393,14,0,2374.0,6,2024-04-11,2024-04-11 14:00:00,2024-04-11 14:00:00,GCM24.csv,564,GCM24.csv,1.0,2374.6,2374.6,2374.0,2374.6,-0.599999999999909
45393,14,30,2379.5,5,2024-04-11,2024-04-11 14:30:00,2024-04-11 14:30:00,GCM24.csv,271,GCM24.csv,-1.0,2379.8,2379.8,2379.5,2379.8,0.3000000000001819
45393,16,0,2391.2,4,2024-04-11,2024-04-11 16:00:00,2024-04-11 16:00:00,GCM24.csv,196,GCM24.csv,-1.0,2390.9,2390.9,2391.2,2390.9,-0.29999999999972715
45394,1,30,2402.2,2,2024-04-12,2024-04-12 01:30:00,2024-04-12 01:30:00,GCM24.csv,234,GCM24.csv,-2.0,2403.6000000000004,2403.6000000000004,4804.4,4807.200000000001,2.8000000000010914
45394,3,30,2412.7,4,2024-04-12,2024-04-12 03:30:00,2024-04-12 03:30:00,GCM24.csv,417,GCM24.csv,2.0,2412.5,2412.5,4825.4,4825.0,0.3999999999996362
45394,4,30,2415.4,1,2024-04-12,2024-04-12 04:30:00,2024-04-12 04:30:00,GCM24.csv,196,GCM24.csv,-3.0,2414.5,2414.5,7246.200000000001,7243.5,-2.7000000000007276
45394,6,0,2415.4,-4,2024-04-12,2024-04-12 06:00:00,2024-04-12 06:00:00,GCM24.csv,79,GCM24.csv,-5.0,2415.2000000000003,2415.2000000000003,12077.0,12076.000000000002,-0.999999999998181
45394,8,30,2412.3,-1,2024-04-12,2024-04-12 08:30:00,2024-04-12 08:30:00,GCM24.csv,348,GCM24.csv,3.0,2413.5,2413.5,7236.900000000001,7240.5,-3.5999999999994543
45394,8,50,2409.6,1,2024-04-12,2024-04-12 08:50:00,2024-04-12 08:50:00,GCM24.csv,273,GCM24.csv,2.0,2416.3,2416.3,4819.2,4832.6,-13.400000000000546
45394,9,10,2414.3,-1,2024-04-12,2024-04-12 09:10:00,2024-04-12 09:10:00,GCM24.csv,169,GCM24.csv,-2.0,2414.5,2414.5,4828.6,4829.0,0.3999999999996362
45394,9,20,2414.2,0,2024-04-12,2024-04-12 09:20:00,2024-04-12 09:20:00,GCM24.csv,282,GCM24.csv,1.0,2411.5,2411.5,2414.2,2411.5,2.699999999999818
45394,9,50,2420.4,-1,2024-04-12,2024-04-12 09:50:00,2024-04-12 09:50:00,GCM24.csv,647,GCM24.csv,-1.0,2420.1,2420.1,2420.4,2420.1,-0.3000000000001819
45394,10,0,2420.9,-2,2024-04-12,2024-04-12 10:00:00,2024-04-12 10:00:00,GCM24.csv,1190,GCM24.csv,-1.0,2420.1,2420.1,2420.9,2420.1,-0.8000000000001819
45394,10,40,2433.0,-1,2024-04-12,2024-04-12 10:40:00,2024-04-12 10:40:00,GCM24.csv,469,GCM24.csv,1.0,2434.5,2434.5,2433.0,2434.5,-1.5
45394,11,0,2443.4,-2,2024-04-12,2024-04-12 11:00:00,2024-04-12 11:00:00,GCM24.csv,1206,GCM24.csv,-1.0,2445.1,2445.1,2443.4,2445.1,1.699999999999818
45394,12,0,2412.0,-1,2024-04-12,2024-04-12 12:00:00,2024-04-12 12:00:00,GCM24.csv,520,GCM24.csv,1.0,2411.6,2411.6,2412.0,2411.6,0.40000000000009095
45394,14,0,2371.3,1,2024-04-12,2024-04-12 14:00:00,2024-04-12 14:00:00,GCM24.csv,292,GCM24.csv,2.0,2369.9,2369.9,4742.6,4739.8,2.800000000000182
45394,14,30,2362.7,2,2024-04-12,2024-04-12 14:30:00,2024-04-12 14:30:00,GCM24.csv,520,GCM24.csv,1.0,2362.3,2362.3,2362.7,2362.3,0.3999999999996362
45394,16,0,2360.8,0,2024-04-12,2024-04-12 16:00:00,2024-04-12 16:00:00,GCM24.csv,188,GCM24.csv,-2.0,2360.2,2360.2,4721.6,4720.4,-1.2000000000007276
45397,1,30,2372.8,-3,2024-04-15,2024-04-15 01:30:00,2024-04-15 01:30:00,GCM24.csv,129,GCM24.csv,-3.0,2373.4,2373.4,7118.400000000001,7120.200000000001,1.800000000000182
45397,3,30,2370.8,0,2024-04-15,2024-04-15 03:30:00,2024-04-15 03:30:00,GCM24.csv,180,GCM24.csv,3.0,2370.3,2370.3,7112.400000000001,7110.900000000001,1.5
45397,4,30,2366.1,4,2024-04-15,2024-04-15 04:30:00,2024-04-15 04:30:00,GCM24.csv,109,GCM24.csv,4.0,2365.6,2365.6,9464.4,9462.4,2.0
45397,6,0,2366.2,5,2024-04-15,2024-04-15 06:00:00,2024-04-15 06:00:00,GCM24.csv,63,GCM24.csv,1.0,2365.7,2365.7,2366.2,2365.7,0.5
45397,8,30,2372.4,1,2024-04-15,2024-04-15 08:30:00,2024-04-15 08:30:00,GCM24.csv,1356,GCM24.csv,-4.0,2372.9,2372.9,9489.6,9491.6,2.0
45397,8,50,2374.8,0,2024-04-15,2024-04-15 08:50:00,2024-04-15 08:50:00,GCM24.csv,260,GCM24.csv,-1.0,2375.5,2375.5,2374.8,2375.5,0.6999999999998181
45397,9,0,2374.9,2,2024-04-15,2024-04-15 09:00:00,2024-04-15 09:00:00,GCM24.csv,1113,GCM24.csv,2.0,2374.5,2374.5,4749.8,4749.0,0.8000000000001819
45397,9,10,2372.2,3,2024-04-15,2024-04-15 09:10:00,2024-04-15 09:10:00,GCM24.csv,218,GCM24.csv,1.0,2370.7,2370.7,2372.2,2370.7,1.5
45397,9,20,2370.0,5,2024-04-15,2024-04-15 09:20:00,2024-04-15 09:20:00,GCM24.csv,197,GCM24.csv,2.0,2371.5,2371.5,4740.0,4743.0,-3.0
45397,9,40,2367.8,3,2024-04-15,2024-04-15 09:40:00,2024-04-15 09:40:00,GCM24.csv,365,GCM24.csv,-2.0,2362.5,2362.5,4735.6,4725.0,-10.600000000000364
45397,9,50,2365.9,4,2024-04-15,2024-04-15 09:50:00,2024-04-15 09:50:00,GCM24.csv,350,GCM24.csv,1.0,2364.5,2364.5,2365.9,2364.5,1.400000000000091
45397,10,10,2342.8,3,2024-04-15,2024-04-15 10:10:00,2024-04-15 10:10:00,GCM24.csv,1974,GCM24.csv,-1.0,2349.2,2349.2,2342.8,2349.2,6.399999999999636
45397,11,0,2365.7,1,2024-04-15,2024-04-15 11:00:00,2024-04-15 11:00:00,GCM24.csv,502,GCM24.csv,-2.0,2366.3,2366.3,4731.4,4732.6,1.2000000000007276
45397,12,0,2368.2,0,2024-04-15,2024-04-15 12:00:00,2024-04-15 12:00:00,GCM24.csv,131,GCM24.csv,-1.0,2368.8,2365.1,2368.2,2365.1,-3.099999999999909
45397,14,0,2381.8,-2,2024-04-15,2024-04-15 14:00:00,2024-04-15 14:00:00,GCM24.csv,311,GCM24.csv,-2.0,2382.3,2382.3,4763.6,4764.6,1.0
45397,16,0,2403.0,0,2024-04-15,2024-04-15 16:00:00,2024-04-15 16:00:00,GCM24.csv,247,GCM24.csv,2.0,2402.6,2402.6,4806.0,4805.2,0.8000000000001819
45398,1,30,2403.8,-3,2024-04-16,2024-04-16 01:30:00,2024-04-16 01:30:00,GCM24.csv,165,GCM24.csv,-3.0,2404.0,2404.0,7211.400000000001,7212.0,0.5999999999994543
45398,3,30,2387.6,0,2024-04-16,2024-04-16 03:30:00,2024-04-16 03:30:00,GCM24.csv,172,GCM24.csv,3.0,2387.1,2387.1,7162.799999999999,7161.299999999999,1.5
45398,4,30,2386.3,1,2024-04-16,2024-04-16 04:30:00,2024-04-16 04:30:00,GCM24.csv,246,GCM24.csv,1.0,2385.8,2386.2,2386.3,2386.2,0.1000000000003638
45398,8,30,2390.4,0,2024-04-16,2024-04-16 08:30:00,2024-04-16 08:30:00,GCM24.csv,726,GCM24.csv,-1.0,2390.7000000000003,2390.7000000000003,2390.4,2390.7000000000003,0.3000000000001819
45398,9,30,2394.7,-2,2024-04-16,2024-04-16 09:30:00,2024-04-16 09:30:00,GCM24.csv,891,GCM24.csv,-2.0,2395.1,2392.8,4789.4,4785.6,-3.7999999999992724
45398,9,40,2389.3,-1,2024-04-16,2024-04-16 09:40:00,2024-04-16 09:40:00,GCM24.csv,695,GCM24.csv,1.0,2391.6,2391.6,2389.3,2391.6,-2.299999999999727
45398,9,50,2391.8,1,2024-04-16,2024-04-16 09:50:00,2024-04-16 09:50:00,GCM24.csv,560,GCM24.csv,2.0,2382.4,2382.4,4783.6,4764.8,18.800000000000182
45398,10,20,2385.9,0,2024-04-16,2024-04-16 10:20:00,2024-04-16 10:20:00,GCM24.csv,264,GCM24.csv,-1.0,2383.2,2383.2,2385.9,2383.2,-2.700000000000273
45398,10,30,2382.7,3,2024-04-16,2024-04-16 10:30:00,2024-04-16 10:30:00,GCM24.csv,341,GCM24.csv,3.0,2382.2,2390.8,7148.099999999999,7172.400000000001,-24.30000000000109
45398,10,50,2392.8,2,2024-04-16,2024-04-16 10:50:00,2024-04-16 10:50:00,GCM24.csv,336,GCM24.csv,-1.0,2399.8,2399.8,2392.8,2399.8,7.0
45398,12,0,2402.7,1,2024-04-16,2024-04-16 12:00:00,2024-04-16 12:00:00,GCM24.csv,375,GCM24.csv,-1.0,2403.1,2403.1,2402.7,2403.1,0.40000000000009095
45398,14,30,2405.7,-1,2024-04-16,2024-04-16 14:30:00,2024-04-16 14:30:00,GCM24.csv,917,GCM24.csv,-2.0,2406.1,2406.1,4811.4,4812.2,0.8000000000001819
45399,4,30,2404.6,1,2024-04-17,2024-04-17 04:30:00,2024-04-17 04:30:00,GCM24.csv,237,GCM24.csv,2.0,2404.5,2404.5,4809.2,4809.0,0.1999999999998181
45399,6,0,2408.3,4,2024-04-17,2024-04-17 06:00:00,2024-04-17 06:00:00,GCM24.csv,88,GCM24.csv,3.0,2408.2000000000003,2408.2000000000003,7224.900000000001,7224.6,0.3000000000001819
45399,8,30,2400.3,2,2024-04-17,2024-04-17 08:30:00,2024-04-17 08:30:00,GCM24.csv,483,GCM24.csv,-2.0,2400.5,2395.5,4800.6,4791.0,-9.600000000000364
45399,8,40,2397.5,4,2024-04-17,2024-04-17 08:40:00,2024-04-17 08:40:00,GCM24.csv,591,GCM24.csv,2.0,2396.4,2396.4,4795.0,4792.8,2.199999999999818
45399,10,10,2407.0,5,2024-04-17,2024-04-17 10:10:00,2024-04-17 10:10:00,GCM24.csv,363,GCM24.csv,1.0,2405.6,2405.6,2407.0,2405.6,1.400000000000091
45399,10,30,2408.6,0,2024-04-17,2024-04-17 10:30:00,2024-04-17 10:30:00,GCM24.csv,342,GCM24.csv,-5.0,2408.8,2408.8,12043.0,12044.0,1.0
45399,11,0,2406.7,-2,2024-04-17,2024-04-17 11:00:00,2024-04-17 11:00:00,GCM24.csv,326,GCM24.csv,-2.0,2407.1,2407.1,4813.4,4814.2,0.8000000000001819
45399,12,0,2398.6,-1,2024-04-17,2024-04-17 12:00:00,2024-04-17 12:00:00,GCM24.csv,338,GCM24.csv,1.0,2398.2,2398.2,2398.6,2398.2,0.40000000000009095
45399,14,0,2388.2,0,2024-04-17,2024-04-17 14:00:00,2024-04-17 14:00:00,GCM24.csv,257,GCM24.csv,1.0,2387.8,2387.8,2388.2,2387.8,0.3999999999996362
45399,14,30,2392.1,4,2024-04-17,2024-04-17 14:30:00,2024-04-17 14:30:00,GCM24.csv,359,GCM24.csv,4.0,2391.7,2391.7,9568.4,9566.8,1.6000000000003638
45399,16,0,2388.6,3,2024-04-17,2024-04-17 16:00:00,2024-04-17 16:00:00,GCM24.csv,84,GCM24.csv,-1.0,2389.1,2388.5,2388.6,2388.5,-0.09999999999990905
45400,4,30,2395.0,7,2024-04-18,2024-04-18 04:30:00,2024-04-18 04:30:00,GCM24.csv,251,GCM24.csv,4.0,2394.9,2394.9,9580.0,9579.6,0.3999999999996362
45400,6,0,2394.2,6,2024-04-18,2024-04-18 06:00:00,2024-04-18 06:00:00,GCM24.csv,29,GCM24.csv,-1.0,2394.4,2394.4,2394.2,2394.4,0.20000000000027285
45400,8,30,2400.5,2,2024-04-18,2024-04-18 08:30:00,2024-04-18 08:30:00,GCM24.csv,1474,GCM24.csv,-4.0,2400.7,2400.7,9602.0,9602.8,0.7999999999992724
45400,8,40,2396.3,3,2024-04-18,2024-04-18 08:40:00,2024-04-18 08:40:00,GCM24.csv,185,GCM24.csv,1.0,2398.3,2398.3,2396.3,2398.3,-2.0
45400,9,0,2400.6,4,2024-04-18,2024-04-18 09:00:00,2024-04-18 09:00:00,GCM24.csv,821,GCM24.csv,1.0,2400.5,2400.5,2400.6,2400.5,0.09999999999990905
45400,9,30,2405.8,2,2024-04-18,2024-04-18 09:30:00,2024-04-18 09:30:00,GCM24.csv,816,GCM24.csv,-2.0,2406.0,2406.0,4811.6,4812.0,0.3999999999996362
45400,9,40,2393.9,3,2024-04-18,2024-04-18 09:40:00,2024-04-18 09:40:00,GCM24.csv,904,GCM24.csv,1.0,2391.8,2391.8,2393.9,2391.8,2.099999999999909
45400,9,50,2395.8,5,2024-04-18,2024-04-18 09:50:00,2024-04-18 09:50:00,GCM24.csv,524,GCM24.csv,2.0,2394.8,2394.8,4791.6,4789.6,2.0
45400,10,0,2395.1,4,2024-04-18,2024-04-18 10:00:00,2024-04-18 10:00:00,GCM24.csv,583,GCM24.csv,-1.0,2395.5,2395.5,2395.1,2395.5,0.40000000000009095
45400,10,30,2392.3,6,2024-04-18,2024-04-18 10:30:00,2024-04-18 10:30:00,GCM24.csv,288,GCM24.csv,2.0,2391.9,2391.9,4784.6,4783.8,0.8000000000001819
45400,11,0,2394.9,4,2024-04-18,2024-04-18 11:00:00,2024-04-18 11:00:00,GCM24.csv,297,GCM24.csv,-2.0,2395.3,2395.3,4789.8,4790.6,0.8000000000001819
45400,12,0,2399.5,5,2024-04-18,2024-04-18 12:00:00,2024-04-18 12:00:00,GCM24.csv,210,GCM24.csv,1.0,2399.2,2399.2,2399.5,2399.2,0.3000000000001819
45400,14,0,2399.9,8,2024-04-18,2024-04-18 14:00:00,2024-04-18 14:00:00,GCM24.csv,184,GCM24.csv,3.0,2399.5,2399.5,7199.700000000001,7198.5,1.2000000000007276
45400,14,30,2396.9,6,2024-04-18,2024-04-18 14:30:00,2024-04-18 14:30:00,GCM24.csv,129,GCM24.csv,-2.0,2397.3,2397.3,4793.8,4794.6,0.8000000000001819
45400,16,0,2395.3,3,2024-04-18,2024-04-18 16:00:00,2024-04-18 16:00:00,GCM24.csv,77,GCM24.csv,-3.0,2395.7000000000003,2394.4,7185.900000000001,7183.200000000001,-2.699999999999818
45401,1,30,2398.6,2,2024-04-19,2024-04-19 01:30:00,2024-04-19 01:30:00,GCM24.csv,172,GCM24.csv,-1.0,2397.9,2397.9,2398.6,2397.9,-0.6999999999998181
45401,3,30,2400.9,3,2024-04-19,2024-04-19 03:30:00,2024-04-19 03:30:00,GCM24.csv,146,GCM24.csv,1.0,2401.4,2401.4,2400.9,2401.4,-0.5
45401,4,30,2395.5,4,2024-04-19,2024-04-19 04:30:00,2024-04-19 04:30:00,GCM24.csv,105,GCM24.csv,1.0,2396.6,2396.6,2395.5,2396.6,-1.099999999999909
45401,6,0,2395.7,1,2024-04-19,2024-04-19 06:00:00,2024-04-19 06:00:00,GCM24.csv,65,GCM24.csv,-3.0,2396.0,2396.0,7187.099999999999,7188.0,0.9000000000005457
45401,8,30,2396.0,0,2024-04-19,2024-04-19 08:30:00,2024-04-19 08:30:00,GCM24.csv,204,GCM24.csv,-1.0,2398.6,2398.6,2396.0,2398.6,2.599999999999909
45401,9,10,2392.9,1,2024-04-19,2024-04-19 09:10:00,2024-04-19 09:10:00,GCM24.csv,279,GCM24.csv,1.0,2388.3,2388.3,2392.9,2388.3,4.599999999999909
45401,9,30,2396.7,-1,2024-04-19,2024-04-19 09:30:00,2024-04-19 09:30:00,GCM24.csv,341,GCM24.csv,-2.0,2398.8,2398.8,4793.4,4797.6,4.200000000000728
45401,9,50,2395.5,1,2024-04-19,2024-04-19 09:50:00,2024-04-19 09:50:00,GCM24.csv,234,GCM24.csv,2.0,2394.4,2394.4,4791.0,4788.8,2.199999999999818
45401,10,10,2398.0,0,2024-04-19,2024-04-19 10:10:00,2024-04-19 10:10:00,GCM24.csv,133,GCM24.csv,-1.0,2401.2000000000003,2401.2000000000003,2398.0,2401.2000000000003,3.200000000000273
45401,10,30,2403.0,-1,2024-04-19,2024-04-19 10:30:00,2024-04-19 10:30:00,GCM24.csv,366,GCM24.csv,-1.0,2404.5,2404.5,2403.0,2404.5,1.5
45401,12,0,2409.7,0,2024-04-19,2024-04-19 12:00:00,2024-04-19 12:00:00,GCM24.csv,245,GCM24.csv,1.0,2408.0,2408.0,2409.7,2408.0,1.699999999999818
45401,14,0,2408.7,1,2024-04-19,2024-04-19 14:00:00,2024-04-19 14:00:00,GCM24.csv,91,GCM24.csv,1.0,2408.2,2408.2,2408.7,2408.2,0.5
45401,14,30,2410.0,2,2024-04-19,2024-04-19 14:30:00,2024-04-19 14:30:00,GCM24.csv,130,GCM24.csv,1.0,2409.3,2409.3,2410.0,2409.3,0.6999999999998181
45401,16,0,2403.5,1,2024-04-19,2024-04-19 16:00:00,2024-04-19 16:00:00,GCM24.csv,131,GCM24.csv,-1.0,2402.4,2402.4,2403.5,2402.4,-1.099999999999909
45401,16,30,2403.8,0,2024-04-19,2024-04-19 16:30:00,2024-04-19 16:30:00,GCM24.csv,54,GCM24.csv,-1.0,2403.7,2403.7,2403.8,2403.7,-0.1000000000003638
45404,1,30,2382.9,-1,2024-04-22,2024-04-22 01:30:00,2024-04-22 01:30:00,GCM24.csv,197,GCM24.csv,-1.0,2383.2000000000003,2383.2000000000003,2382.9,2383.2000000000003,0.3000000000001819
45404,3,30,2372.2,0,2024-04-22,2024-04-22 03:30:00,2024-04-22 03:30:00,GCM24.csv,124,GCM24.csv,1.0,2371.9,2371.9,2372.2,2371.9,0.29999999999972715
45404,4,30,2372.5,-1,2024-04-22,2024-04-22 04:30:00,2024-04-22 04:30:00,GCM24.csv,69,GCM24.csv,-1.0,2372.8,2372.8,2372.5,2372.8,0.3000000000001819
45404,6,0,2375.1,-2,2024-04-22,2024-04-22 06:00:00,2024-04-22 06:00:00,GCM24.csv,40,GCM24.csv,-1.0,2375.4,2375.4,2375.1,2375.4,0.3000000000001819
45404,8,30,2360.8,-1,2024-04-22,2024-04-22 08:30:00,2024-04-22 08:30:00,GCM24.csv,396,GCM24.csv,1.0,2360.5,2360.5,2360.8,2360.5,0.3000000000001819
45404,9,0,2350.4,-2,2024-04-22,2024-04-22 09:00:00,2024-04-22 09:00:00,GCM24.csv,638,GCM24.csv,-1.0,2350.8,2350.8,2350.4,2350.8,0.40000000000009095
45404,9,10,2350.6,0,2024-04-22,2024-04-22 09:10:00,2024-04-22 09:10:00,GCM24.csv,427,GCM24.csv,2.0,2354.5,2354.5,4701.2,4709.0,-7.800000000000182
45404,9,20,2353.9,-1,2024-04-22,2024-04-22 09:20:00,2024-04-22 09:20:00,GCM24.csv,156,GCM24.csv,-1.0,2349.6,2349.6,2353.9,2349.6,-4.300000000000182
45404,9,30,2349.2,-2,2024-04-22,2024-04-22 09:30:00,2024-04-22 09:30:00,GCM24.csv,1167,GCM24.csv,-1.0,2349.6,2349.6,2349.2,2349.6,0.40000000000009095
45404,9,40,2349.6,0,2024-04-22,2024-04-22 09:40:00,2024-04-22 09:40:00,GCM24.csv,607,GCM24.csv,2.0,2350.8,2350.8,4699.2,4701.6,-2.4000000000005457
45404,9,50,2352.8,-1,2024-04-22,2024-04-22 09:50:00,2024-04-22 09:50:00,GCM24.csv,323,GCM24.csv,-1.0,2353.1,2353.1,2352.8,2353.1,0.29999999999972715
45404,10,0,2352.7,-2,2024-04-22,2024-04-22 10:00:00,2024-04-22 10:00:00,GCM24.csv,977,GCM24.csv,-1.0,2353.1,2349.0,2352.7,2349.0,-3.699999999999818
45404,10,30,2354.4,-1,2024-04-22,2024-04-22 10:30:00,2024-04-22 10:30:00,GCM24.csv,561,GCM24.csv,1.0,2354.0,2354.0,2354.4,2354.0,0.40000000000009095
45404,11,0,2355.3,0,2024-04-22,2024-04-22 11:00:00,2024-04-22 11:00:00,GCM24.csv,218,GCM24.csv,1.0,2354.9,2354.9,2355.3,2354.9,0.40000000000009095
45404,12,0,2348.6,1,2024-04-22,2024-04-22 12:00:00,2024-04-22 12:00:00,GCM24.csv,385,GCM24.csv,1.0,2348.2,2348.2,2348.6,2348.2,0.40000000000009095
45404,14,0,2344.1,2,2024-04-22,2024-04-22 14:00:00,2024-04-22 14:00:00,GCM24.csv,210,GCM24.csv,1.0,2343.7,2343.7,2344.1,2343.7,0.40000000000009095
45404,14,30,2339.3,1,2024-04-22,2024-04-22 14:30:00,2024-04-22 14:30:00,GCM24.csv,251,GCM24.csv,-1.0,2339.7000000000003,2339.7000000000003,2339.3,2339.7000000000003,0.40000000000009095
45404,16,0,2343.6,0,2024-04-22,2024-04-22 16:00:00,2024-04-22 16:00:00,GCM24.csv,37,GCM24.csv,-1.0,2343.8,2343.8,2343.6,2343.8,0.20000000000027285
45405,4,30,2321.3,-2,2024-04-23,2024-04-23 04:30:00,2024-04-23 04:30:00,GCM24.csv,191,GCM24.csv,-2.0,2321.7000000000003,2317.5,4642.6,4635.0,-7.600000000000364
45405,6,0,2309.0,-1,2024-04-23,2024-04-23 06:00:00,2024-04-23 06:00:00,GCM24.csv,49,GCM24.csv,1.0,2308.7,2312.2,2309.0,2312.2,-3.199999999999818
45405,8,30,2321.7,1,2024-04-23,2024-04-23 08:30:00,2024-04-23 08:30:00,GCM24.csv,434,GCM24.csv,2.0,2321.4,2321.4,4643.4,4642.8,0.5999999999994543
45405,8,40,2326.7,-1,2024-04-23,2024-04-23 08:40:00,2024-04-23 08:40:00,GCM24.csv,301,GCM24.csv,-2.0,2325.5,2325.5,4653.4,4651.0,-2.399999999999636
45405,9,0,2325.0,1,2024-04-23,2024-04-23 09:00:00,2024-04-23 09:00:00,GCM24.csv,430,GCM24.csv,2.0,2324.6,2324.6,4650.0,4649.2,0.8000000000001819
45405,9,20,2329.1,-1,2024-04-23,2024-04-23 09:20:00,2024-04-23 09:20:00,GCM24.csv,245,GCM24.csv,-2.0,2325.5,2325.5,4658.2,4651.0,-7.199999999999818
45405,9,40,2332.5,1,2024-04-23,2024-04-23 09:40:00,2024-04-23 09:40:00,GCM24.csv,844,GCM24.csv,2.0,2333.1,2333.1,4665.0,4666.2,-1.199999999999818
45405,9,50,2338.2,-1,2024-04-23,2024-04-23 09:50:00,2024-04-23 09:50:00,GCM24.csv,1149,GCM24.csv,-2.0,2344.2000000000003,2344.2000000000003,4676.4,4688.400000000001,12.00000000000091
45405,10,0,2343.9,-2,2024-04-23,2024-04-23 10:00:00,2024-04-23 10:00:00,GCM24.csv,1560,GCM24.csv,-1.0,2344.2000000000003,2344.2000000000003,2343.9,2344.2000000000003,0.3000000000001819
45405,10,10,2342.0,0,2024-04-23,2024-04-23 10:10:00,2024-04-23 10:10:00,GCM24.csv,682,GCM24.csv,2.0,2338.5,2338.5,4684.0,4677.0,7.0
45405,10,20,2336.5,1,2024-04-23,2024-04-23 10:20:00,2024-04-23 10:20:00,GCM24.csv,224,GCM24.csv,1.0,2335.5,2335.5,2336.5,2335.5,1.0
45405,10,50,2330.8,0,2024-04-23,2024-04-23 10:50:00,2024-04-23 10:50:00,GCM24.csv,504,GCM24.csv,-1.0,2334.5,2334.5,2330.8,2334.5,3.699999999999818
45405,12,0,2337.0,2,2024-04-23,2024-04-23 12:00:00,2024-04-23 12:00:00,GCM24.csv,153,GCM24.csv,2.0,2336.6,2336.6,4674.0,4673.2,0.8000000000001819
45405,14,0,2340.2,0,2024-04-23,2024-04-23 14:00:00,2024-04-23 14:00:00,GCM24.csv,42,GCM24.csv,-2.0,2340.5,2340.5,4680.4,4681.0,0.6000000000003638
45405,14,30,2340.9,1,2024-04-23,2024-04-23 14:30:00,2024-04-23 14:30:00,GCM24.csv,56,GCM24.csv,1.0,2340.5,2340.5,2340.9,2340.5,0.40000000000009095
45405,16,0,2336.5,3,2024-04-23,2024-04-23 16:00:00,2024-04-23 16:00:00,GCM24.csv,109,GCM24.csv,2.0,2336.4,2336.4,4673.0,4672.8,0.1999999999998181
45406,1,30,2339.7,1,2024-04-24,2024-04-24 01:30:00,2024-04-24 01:30:00,GCM24.csv,158,GCM24.csv,-2.0,2340.9,2340.9,4679.4,4681.8,2.4000000000005457
45406,3,30,2335.1,3,2024-04-24,2024-04-24 03:30:00,2024-04-24 03:30:00,GCM24.csv,127,GCM24.csv,2.0,2335.4,2335.4,4670.2,4670.8,-0.6000000000003638
45406,4,30,2331.9,0,2024-04-24,2024-04-24 04:30:00,2024-04-24 04:30:00,GCM24.csv,81,GCM24.csv,-3.0,2332.0,2332.0,6995.700000000001,6996.0,0.2999999999992724
45406,6,0,2328.1,-1,2024-04-24,2024-04-24 06:00:00,2024-04-24 06:00:00,GCM24.csv,77,GCM24.csv,-1.0,2328.7,2328.7,2328.1,2328.7,0.599999999999909
45406,8,30,2328.9,2,2024-04-24,2024-04-24 08:30:00,2024-04-24 08:30:00,GCM24.csv,664,GCM24.csv,3.0,2329.2000000000003,2329.2000000000003,6986.700000000001,6987.6,-0.8999999999996362
45406,9,0,2336.3,1,2024-04-24,2024-04-24 09:00:00,2024-04-24 09:00:00,GCM24.csv,282,GCM24.csv,-1.0,2335.9,2335.9,2336.3,2335.9,-0.40000000000009095
45406,9,10,2336.5,0,2024-04-24,2024-04-24 09:10:00,2024-04-24 09:10:00,GCM24.csv,239,GCM24.csv,-1.0,2335.6,2335.6,2336.5,2335.6,-0.900000000000091
45406,9,20,2330.9,5,2024-04-24,2024-04-24 09:20:00,2024-04-24 09:20:00,GCM24.csv,761,GCM24.csv,5.0,2333.5,2333.5,11654.5,11667.5,-13.0
45406,9,30,2333.2,6,2024-04-24,2024-04-24 09:30:00,2024-04-24 09:30:00,GCM24.csv,438,GCM24.csv,1.0,2333.5,2333.5,2333.2,2333.5,-0.3000000000001819
45406,9,40,2336.3,2,2024-04-24,2024-04-24 09:40:00,2024-04-24 09:40:00,GCM24.csv,291,GCM24.csv,-4.0,2333.8,2333.8,9345.2,9335.2,-10.0
45406,10,0,2334.8,4,2024-04-24,2024-04-24 10:00:00,2024-04-24 10:00:00,GCM24.csv,261,GCM24.csv,2.0,2334.3,2334.3,4669.6,4668.6,1.0
45406,11,0,2343.4,2,2024-04-24,2024-04-24 11:00:00,2024-04-24 11:00:00,GCM24.csv,2514,GCM24.csv,-2.0,2347.4,2347.4,4686.8,4694.8,8.0
45407,1,30,2328.5,1,2024-04-25,2024-04-25 01:30:00,2024-04-25 01:30:00,GCM24.csv,107,GCM24.csv,-1.0,2329.1,2329.1,2328.5,2329.1,0.599999999999909
45407,3,30,2334.4,2,2024-04-25,2024-04-25 03:30:00,2024-04-25 03:30:00,GCM24.csv,96,GCM24.csv,1.0,2334.1,2334.1,2334.4,2334.1,0.3000000000001819
45407,4,30,2337.3,-2,2024-04-25,2024-04-25 04:30:00,2024-04-25 04:30:00,GCM24.csv,108,GCM24.csv,-4.0,2337.9,2337.9,9349.2,9351.6,2.399999999999636
45407,6,0,2337.3,3,2024-04-25,2024-04-25 06:00:00,2024-04-25 06:00:00,GCM24.csv,55,GCM24.csv,5.0,2337.4,2337.4,11686.5,11687.0,-0.5
45407,8,30,2340.3,7,2024-04-25,2024-04-25 08:30:00,2024-04-25 08:30:00,GCM24.csv,1889,GCM24.csv,4.0,2338.7000000000003,2338.7000000000003,9361.2,9354.800000000001,6.399999999999636
45407,9,0,2343.4,6,2024-04-25,2024-04-25 09:00:00,2024-04-25 09:00:00,GCM24.csv,531,GCM24.csv,-1.0,2342.7,2342.7,2343.4,2342.7,-0.7000000000002728
45407,9,20,2325.3,8,2024-04-25,2024-04-25 09:20:00,2024-04-25 09:20:00,GCM24.csv,832,GCM24.csv,2.0,2327.6,2327.6,4650.6,4655.2,-4.599999999999454
45407,9,40,2333.0,6,2024-04-25,2024-04-25 09:40:00,2024-04-25 09:40:00,GCM24.csv,217,GCM24.csv,-2.0,2335.3,2335.3,4666.0,4670.6,4.600000000000364
45407,10,0,2331.3,8,2024-04-25,2024-04-25 10:00:00,2024-04-25 10:00:00,GCM24.csv,650,GCM24.csv,2.0,2330.6,2330.6,4662.6,4661.2,1.4000000000005457
45407,11,0,2345.9,7,2024-04-25,2024-04-25 11:00:00,2024-04-25 11:00:00,GCM24.csv,1459,GCM24.csv,-1.0,2343.6000000000004,2343.6000000000004,2345.9,2343.6000000000004,-2.299999999999727
45407,14,0,2344.6,5,2024-04-25,2024-04-25 14:00:00,2024-04-25 14:00:00,GCM24.csv,79,GCM24.csv,-2.0,2344.3,2344.3,4689.2,4688.6,-0.5999999999994543
45407,16,0,2345.2,7,2024-04-25,2024-04-25 16:00:00,2024-04-25 16:00:00,GCM24.csv,49,GCM24.csv,2.0,2345.1000000000004,2345.1000000000004,4690.4,4690.200000000001,0.1999999999989086
45408,6,0,2361.4,3,2024-04-26,2024-04-26 06:00:00,2024-04-26 06:00:00,GCM24.csv,53,GCM24.csv,-4.0,2362.1,2362.1,9445.6,9448.4,2.7999999999992724
45408,8,40,2363.4,1,2024-04-26,2024-04-26 08:40:00,2024-04-26 08:40:00,GCM24.csv,557,GCM24.csv,-2.0,2357.4,2357.4,4726.8,4714.8,-12.0
45408,9,0,2357.2,3,2024-04-26,2024-04-26 09:00:00,2024-04-26 09:00:00,GCM24.csv,556,GCM24.csv,2.0,2359.0,2359.0,4714.4,4718.0,-3.600000000000364
45408,9,30,2354.1,4,2024-04-26,2024-04-26 09:30:00,2024-04-26 09:30:00,GCM24.csv,520,GCM24.csv,1.0,2354.4,2354.4,2354.1,2354.4,-0.3000000000001819
45408,9,50,2352.0,3,2024-04-26,2024-04-26 09:50:00,2024-04-26 09:50:00,GCM24.csv,376,GCM24.csv,-1.0,2355.0,2355.0,2352.0,2355.0,3.0
45408,12,0,2348.7,2,2024-04-26,2024-04-26 12:00:00,2024-04-26 12:00:00,GCM24.csv,106,GCM24.csv,-1.0,2348.6,2348.6,2348.7,2348.6,-0.09999999999990905
45408,14,0,2350.3,1,2024-04-26,2024-04-26 14:00:00,2024-04-26 14:00:00,GCM24.csv,28,GCM24.csv,-1.0,2350.3,2350.3,2350.3,2350.3,-0.0
45408,16,0,2351.6,2,2024-04-26,2024-04-26 16:00:00,2024-04-26 16:00:00,GCM24.csv,103,GCM24.csv,1.0,2350.8,2350.8,2351.6,2350.8,0.7999999999997272
45408,16,30,2349.7,0,2024-04-26,2024-04-26 16:30:00,2024-04-26 16:30:00,GCM24.csv,59,GCM24.csv,-2.0,2350.0,2350.0,4699.4,4700.0,0.6000000000003638
45411,1,30,2344.7,-3,2024-04-29,2024-04-29 01:30:00,2024-04-29 01:30:00,GCM24.csv,186,GCM24.csv,-3.0,2344.9,2344.9,7034.099999999999,7034.700000000001,0.6000000000012733
45411,3,30,2344.4,0,2024-04-29,2024-04-29 03:30:00,2024-04-29 03:30:00,GCM24.csv,453,GCM24.csv,3.0,2346.1,2346.1,7033.200000000001,7038.299999999999,-5.099999999998545
45411,4,30,2349.6,-1,2024-04-29,2024-04-29 04:30:00,2024-04-29 04:30:00,GCM24.csv,67,GCM24.csv,-1.0,2349.9,2349.9,2349.6,2349.9,0.3000000000001819
45411,8,30,2345.3,0,2024-04-29,2024-04-29 08:30:00,2024-04-29 08:30:00,GCM24.csv,258,GCM24.csv,1.0,2343.5,2343.5,2345.3,2343.5,1.800000000000182
45411,8,40,2341.0,2,2024-04-29,2024-04-29 08:40:00,2024-04-29 08:40:00,GCM24.csv,120,GCM24.csv,2.0,2341.0,2341.0,4682.0,4682.0,0.0
45411,9,0,2343.3,0,2024-04-29,2024-04-29 09:00:00,2024-04-29 09:00:00,GCM24.csv,197,GCM24.csv,-2.0,2343.8,2343.8,4686.6,4687.6,1.0
45411,10,30,2350.4,-1,2024-04-29,2024-04-29 10:30:00,2024-04-29 10:30:00,GCM24.csv,279,GCM24.csv,-1.0,2348.2,2348.2,2350.4,2348.2,-2.200000000000273
45411,12,0,2349.5,0,2024-04-29,2024-04-29 12:00:00,2024-04-29 12:00:00,GCM24.csv,92,GCM24.csv,1.0,2350.0,2350.0,2349.5,2350.0,-0.5
45411,14,30,2350.3,1,2024-04-29,2024-04-29 14:30:00,2024-04-29 14:30:00,GCM24.csv,139,GCM24.csv,1.0,2350.1000000000004,2350.1000000000004,2350.3,2350.1000000000004,0.1999999999998181
45412,1,30,2335.7,-2,2024-04-30,2024-04-30 01:30:00,2024-04-30 01:30:00,GCM24.csv,984,GCM24.csv,-3.0,2334.7,2334.7,7007.099999999999,7004.099999999999,-3.0
45412,3,30,2327.9,1,2024-04-30,2024-04-30 03:30:00,2024-04-30 03:30:00,GCM24.csv,151,GCM24.csv,3.0,2327.6000000000004,2327.6000000000004,6983.700000000001,6982.800000000001,0.8999999999996362
45412,4,30,2324.0,-2,2024-04-30,2024-04-30 04:30:00,2024-04-30 04:30:00,GCM24.csv,215,GCM24.csv,-3.0,2325.6000000000004,2325.6000000000004,6972.0,6976.800000000001,4.800000000001091
45412,8,30,2320.7,1,2024-04-30,2024-04-30 08:30:00,2024-04-30 08:30:00,GCM24.csv,2800,GCM24.csv,3.0,2317.6,2317.6,6962.099999999999,6952.799999999999,9.300000000000182
45412,8,40,2315.7,3,2024-04-30,2024-04-30 08:40:00,2024-04-30 08:40:00,GCM24.csv,559,GCM24.csv,2.0,2318.6,2318.6,4631.4,4637.2,-5.800000000000182
45412,9,0,2316.8,1,2024-04-30,2024-04-30 09:00:00,2024-04-30 09:00:00,GCM24.csv,279,GCM24.csv,-2.0,2316.8,2316.8,4633.6,4633.6,-0.0
45412,9,50,2323.4,-1,2024-04-30,2024-04-30 09:50:00,2024-04-30 09:50:00,GCM24.csv,196,GCM24.csv,-2.0,2323.6,2323.6,4646.8,4647.2,0.3999999999996362
45412,10,10,2313.8,1,2024-04-30,2024-04-30 10:10:00,2024-04-30 10:10:00,GCM24.csv,591,GCM24.csv,2.0,2314.7,2314.7,4627.6,4629.4,-1.7999999999992724
45412,10,30,2312.3,2,2024-04-30,2024-04-30 10:30:00,2024-04-30 10:30:00,GCM24.csv,235,GCM24.csv,1.0,2309.6,2309.6,2312.3,2309.6,2.700000000000273
45412,12,0,2306.9,3,2024-04-30,2024-04-30 12:00:00,2024-04-30 12:00:00,GCM24.csv,208,GCM24.csv,1.0,2308.0,2308.0,2306.9,2308.0,-1.099999999999909
45412,14,0,2306.9,6,2024-04-30,2024-04-30 14:00:00,2024-04-30 14:00:00,GCM24.csv,90,GCM24.csv,3.0,2307.8,2307.8,6920.700000000001,6923.400000000001,-2.699999999999818
45412,14,30,2306.2,5,2024-04-30,2024-04-30 14:30:00,2024-04-30 14:30:00,GCM24.csv,72,GCM24.csv,-1.0,2305.9,2305.9,2306.2,2305.9,-0.29999999999972715
45412,16,0,2302.3,2,2024-04-30,2024-04-30 16:00:00,2024-04-30 16:00:00,GCM24.csv,720,GCM24.csv,-3.0,2304.1,2304.1,6906.900000000001,6912.299999999999,5.399999999998727
45413,4,30,2296.2,-2,2024-05-01,2024-05-01 04:30:00,2024-05-01 04:30:00,GCM24.csv,36,GCM24.csv,-4.0,2296.2,2296.2,9184.8,9184.8,-0.0
45413,6,0,2302.6,1,2024-05-01,2024-05-01 06:00:00,2024-05-01 06:00:00,GCM24.csv,108,GCM24.csv,3.0,2300.5,2300.5,6907.799999999999,6901.5,6.299999999999272
45413,8,30,2306.4,5,2024-05-01,2024-05-01 08:30:00,2024-05-01 08:30:00,GCM24.csv,344,GCM24.csv,4.0,2308.6000000000004,2308.6000000000004,9225.6,9234.400000000001,-8.800000000001091
45413,10,10,2318.2,3,2024-05-01,2024-05-01 10:10:00,2024-05-01 10:10:00,GCM24.csv,679,GCM24.csv,-2.0,2317.6,2317.6,4636.4,4635.2,-1.199999999999818
45413,10,30,2317.0,5,2024-05-01,2024-05-01 10:30:00,2024-05-01 10:30:00,GCM24.csv,323,GCM24.csv,2.0,2313.4,2313.4,4634.0,4626.8,7.199999999999818
45413,12,0,2318.1,2,2024-05-01,2024-05-01 12:00:00,2024-05-01 12:00:00,GCM24.csv,184,GCM24.csv,-3.0,2315.7000000000003,2315.7000000000003,6954.299999999999,6947.1,-7.199999999998909
45413,14,0,2309.8,1,2024-05-01,2024-05-01 14:00:00,2024-05-01 14:00:00,GCM24.csv,1994,GCM24.csv,-1.0,2315.8,2315.8,2309.8,2315.8,6.0
45413,16,0,2320.7,2,2024-05-01,2024-05-01 16:00:00,2024-05-01 16:00:00,GCM24.csv,558,GCM24.csv,1.0,2321.5,2321.5,2320.7,2321.5,-0.8000000000001819
45414,1,30,2323.9,1,2024-05-02,2024-05-02 01:30:00,2024-05-02 01:30:00,GCM24.csv,62,GCM24.csv,-1.0,2324.3,2324.3,2323.9,2324.3,0.40000000000009095
45414,3,30,2320.4,2,2024-05-02,2024-05-02 03:30:00,2024-05-02 03:30:00,GCM24.csv,97,GCM24.csv,1.0,2320.9,2320.9,2320.4,2320.9,-0.5
45414,4,30,2313.8,-1,2024-05-02,2024-05-02 04:30:00,2024-05-02 04:30:00,GCM24.csv,124,GCM24.csv,-3.0,2315.6000000000004,2315.6000000000004,6941.400000000001,6946.800000000001,5.400000000000546
45414,6,0,2311.1,-5,2024-05-02,2024-05-02 06:00:00,2024-05-02 06:00:00,GCM24.csv,44,GCM24.csv,-4.0,2307.9,2307.9,9244.4,9231.6,-12.799999999999272
45414,8,30,2311.5,-2,2024-05-02,2024-05-02 08:30:00,2024-05-02 08:30:00,GCM24.csv,741,GCM24.csv,3.0,2310.3,2310.3,6934.5,6930.900000000001,3.5999999999994543
45414,9,0,2303.8,1,2024-05-02,2024-05-02 09:00:00,2024-05-02 09:00:00,GCM24.csv,307,GCM24.csv,3.0,2298.7,2298.7,6911.400000000001,6896.099999999999,15.300000000001091
45414,9,10,2298.8,2,2024-05-02,2024-05-02 09:10:00,2024-05-02 09:10:00,GCM24.csv,634,GCM24.csv,1.0,2298.6,2298.6,2298.8,2298.6,0.20000000000027285
45414,9,20,2296.9,1,2024-05-02,2024-05-02 09:20:00,2024-05-02 09:20:00,GCM24.csv,332,GCM24.csv,-1.0,2299.2000000000003,2299.2000000000003,2296.9,2299.2000000000003,2.300000000000182
45414,9,30,2300.0,0,2024-05-02,2024-05-02 09:30:00,2024-05-02 09:30:00,GCM24.csv,808,GCM24.csv,-1.0,2303.5,2303.5,2300.0,2303.5,3.5
45414,9,40,2303.9,-2,2024-05-02,2024-05-02 09:40:00,2024-05-02 09:40:00,GCM24.csv,277,GCM24.csv,-2.0,2297.3,2297.3,4607.8,4594.6,-13.199999999999818
45414,10,0,2300.6,-1,2024-05-02,2024-05-02 10:00:00,2024-05-02 10:00:00,GCM24.csv,749,GCM24.csv,1.0,2299.9,2299.9,2300.6,2299.9,0.6999999999998181
45414,10,30,2305.9,-3,2024-05-02,2024-05-02 10:30:00,2024-05-02 10:30:00,GCM24.csv,172,GCM24.csv,-2.0,2308.9,2308.9,4611.8,4617.8,6.0
45414,11,0,2313.6,-4,2024-05-02,2024-05-02 11:00:00,2024-05-02 11:00:00,GCM24.csv,676,GCM24.csv,-1.0,2316.0,2316.0,2313.6,2316.0,2.400000000000091
45414,12,0,2309.2,-2,2024-05-02,2024-05-02 12:00:00,2024-05-02 12:00:00,GCM24.csv,136,GCM24.csv,2.0,2309.4,2309.4,4618.4,4618.8,-0.4000000000005457
45414,14,30,2316.6,0,2024-05-02,2024-05-02 14:30:00,2024-05-02 14:30:00,GCM24.csv,59,GCM24.csv,2.0,2315.5,2315.5,4633.2,4631.0,2.199999999999818
45415,1,30,2315.2,-3,2024-05-03,2024-05-03 01:30:00,2024-05-03 01:30:00,GCM24.csv,47,GCM24.csv,-3.0,2317.0,2317.0,6945.599999999999,6951.0,5.400000000000546
45415,3,30,2308.1,0,2024-05-03,2024-05-03 03:30:00,2024-05-03 03:30:00,GCM24.csv,38,GCM24.csv,3.0,2308.5,2308.5,6924.299999999999,6925.5,-1.2000000000007276
45415,4,30,2308.6,-1,2024-05-03,2024-05-03 04:30:00,2024-05-03 04:30:00,GCM24.csv,35,GCM24.csv,-1.0,2309.2,2308.5,2308.6,2308.5,-0.09999999999990905
45415,6,0,2310.2,3,2024-05-03,2024-05-03 06:00:00,2024-05-03 06:00:00,GCM24.csv,42,GCM24.csv,4.0,2308.1000000000004,2308.1000000000004,9240.8,9232.400000000001,8.399999999997817
45415,8,30,2305.3,4,2024-05-03,2024-05-03 08:30:00,2024-05-03 08:30:00,GCM24.csv,5284,GCM24.csv,1.0,2317.7000000000003,2317.7000000000003,2305.3,2317.7000000000003,-12.400000000000091
45415,9,0,2313.0,1,2024-05-03,2024-05-03 09:00:00,2024-05-03 09:00:00,GCM24.csv,584,GCM24.csv,-3.0,2315.7000000000003,2315.7000000000003,6939.0,6947.1,8.100000000000364
45415,9,20,2310.7,2,2024-05-03,2024-05-03 09:20:00,2024-05-03 09:20:00,GCM24.csv,323,GCM24.csv,1.0,2310.6,2310.6,2310.7,2310.6,0.09999999999990905
45415,9,40,2290.9,3,2024-05-03,2024-05-03 09:40:00,2024-05-03 09:40:00,GCM24.csv,811,GCM24.csv,1.0,2294.4,2294.4,2290.9,2294.4,-3.5
45415,9,50,2296.8,4,2024-05-03,2024-05-03 09:50:00,2024-05-03 09:50:00,GCM24.csv,937,GCM24.csv,1.0,2300.1,2300.1,2296.8,2300.1,-3.299999999999727
45415,10,0,2309.4,2,2024-05-03,2024-05-03 10:00:00,2024-05-03 10:00:00,GCM24.csv,2140,GCM24.csv,-2.0,2301.7000000000003,2301.7000000000003,4618.8,4603.400000000001,-15.399999999999636
45415,10,10,2304.3,1,2024-05-03,2024-05-03 10:10:00,2024-05-03 10:10:00,GCM24.csv,472,GCM24.csv,-1.0,2301.7000000000003,2301.7000000000003,2304.3,2301.7000000000003,-2.599999999999909
45415,10,20,2294.6,3,2024-05-03,2024-05-03 10:20:00,2024-05-03 10:20:00,GCM24.csv,1171,GCM24.csv,2.0,2295.2,2295.2,4589.2,4590.4,-1.199999999999818
45415,10,30,2295.1,4,2024-05-03,2024-05-03 10:30:00,2024-05-03 10:30:00,GCM24.csv,296,GCM24.csv,1.0,2294.8,2294.8,2295.1,2294.8,0.29999999999972715
45415,10,40,2298.0,3,2024-05-03,2024-05-03 10:40:00,2024-05-03 10:40:00,GCM24.csv,517,GCM24.csv,-1.0,2295.4,2295.4,2298.0,2295.4,-2.599999999999909
45415,11,0,2300.0,5,2024-05-03,2024-05-03 11:00:00,2024-05-03 11:00:00,GCM24.csv,196,GCM24.csv,2.0,2300.8,2300.8,4600.0,4601.6,-1.6000000000003638
45415,12,0,2302.2,6,2024-05-03,2024-05-03 12:00:00,2024-05-03 12:00:00,GCM24.csv,208,GCM24.csv,1.0,2302.7,2302.7,2302.2,2302.7,-0.5
45415,14,30,2307.3,5,2024-05-03,2024-05-03 14:30:00,2024-05-03 14:30:00,GCM24.csv,33,GCM24.csv,-1.0,2308.0,2308.0,2307.3,2308.0,0.6999999999998181
45415,16,30,2309.9,0,2024-05-03,2024-05-03 16:30:00,2024-05-03 16:30:00,GCM24.csv,81,GCM24.csv,-5.0,2310.3,2310.3,11549.5,11551.5,2.0
45418,1,30,2319.7,-3,2024-05-06,2024-05-06 01:30:00,2024-05-06 01:30:00,GCM24.csv,57,GCM24.csv,-3.0,2320.3,2320.3,6959.099999999999,6960.900000000001,1.8000000000010914
45418,3,30,2325.3,0,2024-05-06,2024-05-06 03:30:00,2024-05-06 03:30:00,GCM24.csv,61,GCM24.csv,3.0,2325.8,2325.8,6975.900000000001,6977.400000000001,-1.5
45418,4,30,2330.0,-1,2024-05-06,2024-05-06 04:30:00,2024-05-06 04:30:00,GCM24.csv,63,GCM24.csv,-1.0,2329.7,2329.7,2330.0,2329.7,-0.3000000000001819
45418,6,0,2330.1,1,2024-05-06,2024-05-06 06:00:00,2024-05-06 06:00:00,GCM24.csv,62,GCM24.csv,2.0,2330.0,2330.0,4660.2,4660.0,0.1999999999998181
45418,8,30,2324.9,2,2024-05-06,2024-05-06 08:30:00,2024-05-06 08:30:00,GCM24.csv,151,GCM24.csv,1.0,2324.5,2324.5,2324.9,2324.5,0.40000000000009095
45418,8,50,2336.6,1,2024-05-06,2024-05-06 08:50:00,2024-05-06 08:50:00,GCM24.csv,457,GCM24.csv,-1.0,2333.3,2333.3,2336.6,2333.3,-3.299999999999727
45418,9,0,2332.5,3,2024-05-06,2024-05-06 09:00:00,2024-05-06 09:00:00,GCM24.csv,430,GCM24.csv,2.0,2332.9,2332.9,4665.0,4665.8,-0.8000000000001819
45418,9,10,2332.8,4,2024-05-06,2024-05-06 09:10:00,2024-05-06 09:10:00,GCM24.csv,199,GCM24.csv,1.0,2333.2000000000003,2333.2000000000003,2332.8,2333.2000000000003,-0.40000000000009095
45418,9,20,2333.3,3,2024-05-06,2024-05-06 09:20:00,2024-05-06 09:20:00,GCM24.csv,142,GCM24.csv,-1.0,2332.9,2332.9,2333.3,2332.9,-0.40000000000009095
45418,9,40,2337.6,1,2024-05-06,2024-05-06 09:40:00,2024-05-06 09:40:00,GCM24.csv,2498,GCM24.csv,-2.0,2337.2,2337.2,4675.2,4674.4,-0.8000000000001819
45418,9,50,2333.2,2,2024-05-06,2024-05-06 09:50:00,2024-05-06 09:50:00,GCM24.csv,279,GCM24.csv,1.0,2337.4,2337.4,2333.2,2337.4,-4.200000000000273
45418,10,0,2337.3,4,2024-05-06,2024-05-06 10:00:00,2024-05-06 10:00:00,GCM24.csv,565,GCM24.csv,2.0,2337.4,2337.4,4674.6,4674.8,-0.1999999999998181
45418,10,10,2337.4,3,2024-05-06,2024-05-06 10:10:00,2024-05-06 10:10:00,GCM24.csv,214,GCM24.csv,-1.0,2335.9,2335.9,2337.4,2335.9,-1.5
45418,10,30,2333.5,2,2024-05-06,2024-05-06 10:30:00,2024-05-06 10:30:00,GCM24.csv,94,GCM24.csv,-1.0,2334.4,2334.4,2333.5,2334.4,0.900000000000091
45418,11,0,2329.4,1,2024-05-06,2024-05-06 11:00:00,2024-05-06 11:00:00,GCM24.csv,237,GCM24.csv,-1.0,2330.0,2330.0,2329.4,2330.0,0.599999999999909
45418,12,0,2333.6,0,2024-05-06,2024-05-06 12:00:00,2024-05-06 12:00:00,GCM24.csv,65,GCM24.csv,-1.0,2333.6000000000004,2333.6000000000004,2333.6,2333.6000000000004,4.547473508864641e-13
45418,14,0,2333.6,2,2024-05-06,2024-05-06 14:00:00,2024-05-06 14:00:00,GCM24.csv,101,GCM24.csv,2.0,2333.8,2333.8,4667.2,4667.6,-0.4000000000005457
45418,14,30,2334.8,3,2024-05-06,2024-05-06 14:30:00,2024-05-06 14:30:00,GCM24.csv,150,GCM24.csv,1.0,2334.0,2334.0,2334.8,2334.0,0.8000000000001819
45418,16,0,2333.5,1,2024-05-06,2024-05-06 16:00:00,2024-05-06 16:00:00,GCM24.csv,77,GCM24.csv,-2.0,2334.1,2334.1,4667.0,4668.2,1.199999999999818
45419,1,30,2330.8,0,2024-05-07,2024-05-07 01:30:00,2024-05-07 01:30:00,GCM24.csv,90,GCM24.csv,-1.0,2329.6,2329.6,2330.8,2329.6,-1.2000000000002728
45419,3,30,2329.1,1,2024-05-07,2024-05-07 03:30:00,2024-05-07 03:30:00,GCM24.csv,116,GCM24.csv,1.0,2328.0,2328.0,2329.1,2328.0,1.099999999999909
45419,4,30,2323.6,-1,2024-05-07,2024-05-07 04:30:00,2024-05-07 04:30:00,GCM24.csv,35,GCM24.csv,-2.0,2324.6000000000004,2324.3,4647.2,4648.6,1.4000000000005457
45419,6,0,2322.2,-2,2024-05-07,2024-05-07 06:00:00,2024-05-07 06:00:00,GCM24.csv,74,GCM24.csv,-1.0,2321.6,2321.6,2322.2,2321.6,-0.599999999999909
45419,8,30,2321.5,0,2024-05-07,2024-05-07 08:30:00,2024-05-07 08:30:00,GCM24.csv,105,GCM24.csv,2.0,2321.9,2321.9,4643.0,4643.8,-0.8000000000001819
45419,9,0,2324.5,1,2024-05-07,2024-05-07 09:00:00,2024-05-07 09:00:00,GCM24.csv,299,GCM24.csv,1.0,2325.7000000000003,2325.7000000000003,2324.5,2325.7000000000003,-1.2000000000002728
45419,9,10,2328.1,-1,2024-05-07,2024-05-07 09:10:00,2024-05-07 09:10:00,GCM24.csv,366,GCM24.csv,-2.0,2331.9,2331.9,4656.2,4663.8,7.600000000000364
45419,9,20,2330.1,-2,2024-05-07,2024-05-07 09:20:00,2024-05-07 09:20:00,GCM24.csv,751,GCM24.csv,-1.0,2326.9,2326.9,2330.1,2326.9,-3.199999999999818
45419,9,30,2326.3,0,2024-05-07,2024-05-07 09:30:00,2024-05-07 09:30:00,GCM24.csv,283,GCM24.csv,2.0,2326.5,2326.5,4652.6,4653.0,-0.3999999999996362
45419,9,40,2326.9,1,2024-05-07,2024-05-07 09:40:00,2024-05-07 09:40:00,GCM24.csv,107,GCM24.csv,1.0,2326.8,2326.8,2326.9,2326.8,0.09999999999990905
45419,10,30,2328.2,4,2024-05-07,2024-05-07 10:30:00,2024-05-07 10:30:00,GCM24.csv,217,GCM24.csv,3.0,2328.9,2328.9,6984.599999999999,6986.700000000001,-2.1000000000012733
45419,11,0,2322.6,3,2024-05-07,2024-05-07 11:00:00,2024-05-07 11:00:00,GCM24.csv,689,GCM24.csv,-1.0,2325.9,2325.9,2322.6,2325.9,3.300000000000182
45419,12,0,2323.6,6,2024-05-07,2024-05-07 12:00:00,2024-05-07 12:00:00,GCM24.csv,149,GCM24.csv,3.0,2321.4,2321.4,6970.799999999999,6964.200000000001,6.599999999998545
45419,14,30,2323.2,3,2024-05-07,2024-05-07 14:30:00,2024-05-07 14:30:00,GCM24.csv,29,GCM24.csv,-3.0,2322.5,2322.5,6969.599999999999,6967.5,-2.0999999999994543
45420,1,30,2327.5,5,2024-05-08,2024-05-08 01:30:00,2024-05-08 01:30:00,GCM24.csv,178,GCM24.csv,2.0,2327.4,2327.4,4655.0,4654.8,0.1999999999998181
45420,3,30,2319.9,3,2024-05-08,2024-05-08 03:30:00,2024-05-08 03:30:00,GCM24.csv,51,GCM24.csv,-2.0,2318.8,2318.8,4639.8,4637.6,-2.199999999999818
45420,4,30,2312.3,0,2024-05-08,2024-05-08 04:30:00,2024-05-08 04:30:00,GCM24.csv,109,GCM24.csv,-3.0,2314.1,2314.1,6936.900000000001,6942.299999999999,5.399999999998727
45420,6,0,2318.7,2,2024-05-08,2024-05-08 06:00:00,2024-05-08 06:00:00,GCM24.csv,412,GCM24.csv,2.0,2320.4,2320.4,4637.4,4640.8,-3.4000000000005457
45420,8,30,2326.1,5,2024-05-08,2024-05-08 08:30:00,2024-05-08 08:30:00,GCM24.csv,144,GCM24.csv,3.0,2323.1000000000004,2323.1000000000004,6978.299999999999,6969.300000000001,8.999999999998181
45420,12,0,2328.3,1,2024-05-08,2024-05-08 12:00:00,2024-05-08 12:00:00,GCM24.csv,247,GCM24.csv,-4.0,2328.5,2328.5,9313.2,9314.0,0.7999999999992724
45421,6,0,2314.4,0,2024-05-09,2024-05-09 06:00:00,2024-05-09 06:00:00,GCM24.csv,66,GCM24.csv,-1.0,2314.3,2314.3,2314.4,2314.3,-0.09999999999990905
45421,8,40,2333.2,-1,2024-05-09,2024-05-09 08:40:00,2024-05-09 08:40:00,GCM24.csv,524,GCM24.csv,-1.0,2335.7,2335.7,2333.2,2335.7,2.5
45421,8,50,2334.4,-3,2024-05-09,2024-05-09 08:50:00,2024-05-09 08:50:00,GCM24.csv,427,GCM24.csv,-2.0,2331.2,2331.2,4668.8,4662.4,-6.400000000000546
45421,9,0,2333.0,-2,2024-05-09,2024-05-09 09:00:00,2024-05-09 09:00:00,GCM24.csv,768,GCM24.csv,1.0,2330.8,2330.8,2333.0,2330.8,2.199999999999818
45421,9,10,2329.8,1,2024-05-09,2024-05-09 09:10:00,2024-05-09 09:10:00,GCM24.csv,1969,GCM24.csv,3.0,2319.5,2319.5,6989.400000000001,6958.5,30.900000000000546
45421,9,20,2321.4,2,2024-05-09,2024-05-09 09:20:00,2024-05-09 09:20:00,GCM24.csv,589,GCM24.csv,1.0,2325.6,2325.6,2321.4,2325.6,-4.199999999999818
45421,9,30,2324.4,3,2024-05-09,2024-05-09 09:30:00,2024-05-09 09:30:00,GCM24.csv,894,GCM24.csv,1.0,2325.6,2325.6,2324.4,2325.6,-1.199999999999818
45421,9,40,2326.5,2,2024-05-09,2024-05-09 09:40:00,2024-05-09 09:40:00,GCM24.csv,345,GCM24.csv,-1.0,2327.3,2327.3,2326.5,2327.3,0.8000000000001819
45421,9,50,2328.0,0,2024-05-09,2024-05-09 09:50:00,2024-05-09 09:50:00,GCM24.csv,206,GCM24.csv,-2.0,2333.0,2333.0,4656.0,4666.0,10.0
45421,10,30,2341.9,-4,2024-05-09,2024-05-09 10:30:00,2024-05-09 10:30:00,GCM24.csv,518,GCM24.csv,-4.0,2341.8,2341.8,9367.6,9367.2,-0.3999999999996362
45421,12,0,2337.3,-1,2024-05-09,2024-05-09 12:00:00,2024-05-09 12:00:00,GCM24.csv,82,GCM24.csv,3.0,2336.6,2336.6,7011.900000000001,7009.799999999999,2.1000000000012733
45421,14,30,2341.2,3,2024-05-09,2024-05-09 14:30:00,2024-05-09 14:30:00,GCM24.csv,26,GCM24.csv,4.0,2341.3,2341.3,9364.8,9365.2,-0.4000000000014552
45422,1,30,2362.7,4,2024-05-10,2024-05-10 01:30:00,2024-05-10 01:30:00,GCM24.csv,237,GCM24.csv,1.0,2361.5,2361.5,2362.7,2361.5,1.199999999999818
45422,3,30,2374.8,3,2024-05-10,2024-05-10 03:30:00,2024-05-10 03:30:00,GCM24.csv,354,GCM24.csv,-1.0,2373.8,2373.8,2374.8,2373.8,-1.0
45422,4,30,2374.8,2,2024-05-10,2024-05-10 04:30:00,2024-05-10 04:30:00,GCM24.csv,51,GCM24.csv,-1.0,2376.1,2375.4,2374.8,2375.4,0.599999999999909
45422,6,0,2379.4,0,2024-05-10,2024-05-10 06:00:00,2024-05-10 06:00:00,GCM24.csv,141,GCM24.csv,-2.0,2380.8,2380.8,4758.8,4761.6,2.800000000000182
45422,8,30,2373.9,1,2024-05-10,2024-05-10 08:30:00,2024-05-10 08:30:00,GCM24.csv,733,GCM24.csv,1.0,2373.6000000000004,2373.6000000000004,2373.9,2373.6000000000004,0.29999999999972715
45422,8,40,2373.6,3,2024-05-10,2024-05-10 08:40:00,2024-05-10 08:40:00,GCM24.csv,374,GCM24.csv,2.0,2374.5,2374.5,4747.2,4749.0,-1.800000000000182
45422,9,0,2371.8,0,2024-05-10,2024-05-10 09:00:00,2024-05-10 09:00:00,GCM24.csv,667,GCM24.csv,-3.0,2367.9,2367.9,7115.400000000001,7103.700000000001,-11.699999999999818
45422,9,40,2372.9,1,2024-05-10,2024-05-10 09:40:00,2024-05-10 09:40:00,GCM24.csv,417,GCM24.csv,1.0,2373.1,2373.1,2372.9,2373.1,-0.1999999999998181
45422,10,0,2373.4,0,2024-05-10,2024-05-10 10:00:00,2024-05-10 10:00:00,GCM24.csv,876,GCM24.csv,-1.0,2377.4,2377.4,2373.4,2377.4,4.0
45422,10,30,2366.9,3,2024-05-10,2024-05-10 10:30:00,2024-05-10 10:30:00,GCM24.csv,928,GCM24.csv,3.0,2371.9,2371.9,7100.700000000001,7115.700000000001,-15.0
45422,10,50,2368.5,2,2024-05-10,2024-05-10 10:50:00,2024-05-10 10:50:00,GCM24.csv,255,GCM24.csv,-1.0,2364.9,2364.9,2368.5,2364.9,-3.599999999999909
45422,11,0,2366.9,3,2024-05-10,2024-05-10 11:00:00,2024-05-10 11:00:00,GCM24.csv,358,GCM24.csv,1.0,2364.3,2364.3,2366.9,2364.3,2.599999999999909
45422,14,30,2375.8,1,2024-05-10,2024-05-10 14:30:00,2024-05-10 14:30:00,GCM24.csv,52,GCM24.csv,-2.0,2376.0,2376.0,4751.6,4752.0,0.3999999999996362
45422,16,30,2370.2,0,2024-05-10,2024-05-10 16:30:00,2024-05-10 16:30:00,GCM24.csv,4,GCM24.csv,-1.0,2371.1,2371.1,2370.2,2371.1,0.900000000000091
45425,4,30,2349.9,2,2024-05-13,2024-05-13 04:30:00,2024-05-13 04:30:00,GCM24.csv,507,GCM24.csv,2.0,2350.4,2350.4,4699.8,4700.8,-1.0
45425,6,0,2346.0,3,2024-05-13,2024-05-13 06:00:00,2024-05-13 06:00:00,GCM24.csv,119,GCM24.csv,1.0,2347.2000000000003,2347.2000000000003,2346.0,2347.2000000000003,-1.2000000000002728
45425,8,30,2352.0,1,2024-05-13,2024-05-13 08:30:00,2024-05-13 08:30:00,GCM24.csv,342,GCM24.csv,-2.0,2352.2,2352.2,4704.0,4704.4,0.3999999999996362
45425,9,0,2353.3,2,2024-05-13,2024-05-13 09:00:00,2024-05-13 09:00:00,GCM24.csv,351,GCM24.csv,1.0,2354.0,2354.0,2353.3,2354.0,-0.6999999999998181
45425,9,50,2346.9,3,2024-05-13,2024-05-13 09:50:00,2024-05-13 09:50:00,GCM24.csv,394,GCM24.csv,1.0,2350.2000000000003,2350.2000000000003,2346.9,2350.2000000000003,-3.300000000000182
45425,10,10,2348.3,2,2024-05-13,2024-05-13 10:10:00,2024-05-13 10:10:00,GCM24.csv,551,GCM24.csv,-1.0,2349.0,2349.0,2348.3,2349.0,0.6999999999998181
45425,10,30,2351.5,4,2024-05-13,2024-05-13 10:30:00,2024-05-13 10:30:00,GCM24.csv,239,GCM24.csv,2.0,2350.8,2350.8,4703.0,4701.6,1.3999999999996362
45425,11,0,2349.7,3,2024-05-13,2024-05-13 11:00:00,2024-05-13 11:00:00,GCM24.csv,219,GCM24.csv,-1.0,2347.6,2347.6,2349.7,2347.6,-2.099999999999909
45425,12,0,2342.0,5,2024-05-13,2024-05-13 12:00:00,2024-05-13 12:00:00,GCM24.csv,303,GCM24.csv,2.0,2342.2,2342.2,4684.0,4684.4,-0.3999999999996362
45425,14,30,2342.3,3,2024-05-13,2024-05-13 14:30:00,2024-05-13 14:30:00,GCM24.csv,206,GCM24.csv,-2.0,2343.0,2343.0,4684.6,4686.0,1.3999999999996362
45426,4,30,2344.1,6,2024-05-14,2024-05-14 04:30:00,2024-05-14 04:30:00,GCM24.csv,41,GCM24.csv,3.0,2344.4,2344.4,7032.299999999999,7033.200000000001,-0.9000000000014552
45426,6,0,2351.5,8,2024-05-14,2024-05-14 06:00:00,2024-05-14 06:00:00,GCM24.csv,506,GCM24.csv,2.0,2351.7000000000003,2351.7000000000003,4703.0,4703.400000000001,-0.4000000000005457
45426,8,30,2348.4,5,2024-05-14,2024-05-14 08:30:00,2024-05-14 08:30:00,GCM24.csv,2641,GCM24.csv,-3.0,2348.8,2348.8,7045.200000000001,7046.400000000001,1.199999999999818
45426,8,50,2353.1,3,2024-05-14,2024-05-14 08:50:00,2024-05-14 08:50:00,GCM24.csv,274,GCM24.csv,-2.0,2353.8,2353.8,4706.2,4707.6,1.4000000000005457
45426,9,0,2354.2,4,2024-05-14,2024-05-14 09:00:00,2024-05-14 09:00:00,GCM24.csv,416,GCM24.csv,1.0,2352.9,2352.9,2354.2,2352.9,1.2999999999997272
45426,9,10,2354.6,6,2024-05-14,2024-05-14 09:10:00,2024-05-14 09:10:00,GCM24.csv,553,GCM24.csv,2.0,2354.1000000000004,2354.1000000000004,4709.2,4708.200000000001,0.9999999999990905
45426,11,0,2358.3,5,2024-05-14,2024-05-14 11:00:00,2024-05-14 11:00:00,GCM24.csv,332,GCM24.csv,-1.0,2358.7000000000003,2358.7000000000003,2358.3,2358.7000000000003,0.40000000000009095
45426,12,0,2353.4,3,2024-05-14,2024-05-14 12:00:00,2024-05-14 12:00:00,GCM24.csv,327,GCM24.csv,-2.0,2353.6,2353.6,4706.8,4707.2,0.3999999999996362
45426,14,0,2361.6,5,2024-05-14,2024-05-14 14:00:00,2024-05-14 14:00:00,GCM24.csv,75,GCM24.csv,2.0,2363.0,2363.0,4723.2,4726.0,-2.800000000000182
45426,16,0,2362.3,3,2024-05-14,2024-05-14 16:00:00,2024-05-14 16:00:00,GCM24.csv,60,GCM24.csv,-2.0,2362.8,2362.4,4724.6,4724.8,0.1999999999998181
45427,1,30,2362.1,2,2024-05-15,2024-05-15 01:30:00,2024-05-15 01:30:00,GCM24.csv,88,GCM24.csv,-1.0,2363.3,2363.3,2362.1,2363.3,1.2000000000002728
45427,3,30,2368.7,3,2024-05-15,2024-05-15 03:30:00,2024-05-15 03:30:00,GCM24.csv,257,GCM24.csv,1.0,2367.4,2367.4,2368.7,2367.4,1.2999999999997272
45427,4,30,2374.7,2,2024-05-15,2024-05-15 04:30:00,2024-05-15 04:30:00,GCM24.csv,226,GCM24.csv,-1.0,2375.6,2375.6,2374.7,2375.6,0.900000000000091
45427,6,0,2375.0,-1,2024-05-15,2024-05-15 06:00:00,2024-05-15 06:00:00,GCM24.csv,98,GCM24.csv,-3.0,2374.9,2374.9,7125.0,7124.700000000001,-0.2999999999992724
45427,8,30,2367.8,0,2024-05-15,2024-05-15 08:30:00,2024-05-15 08:30:00,GCM24.csv,4674,GCM24.csv,1.0,2375.1000000000004,2375.1000000000004,2367.8,2375.1000000000004,-7.300000000000182
45427,8,50,2380.8,-1,2024-05-15,2024-05-15 08:50:00,2024-05-15 08:50:00,GCM24.csv,409,GCM24.csv,-1.0,2380.7000000000003,2380.7000000000003,2380.8,2380.7000000000003,-0.09999999999990905
45427,9,0,2377.7,0,2024-05-15,2024-05-15 09:00:00,2024-05-15 09:00:00,GCM24.csv,630,GCM24.csv,1.0,2377.5,2377.5,2377.7,2377.5,0.1999999999998181
45427,9,10,2377.8,1,2024-05-15,2024-05-15 09:10:00,2024-05-15 09:10:00,GCM24.csv,275,GCM24.csv,1.0,2377.5,2377.5,2377.8,2377.5,0.3000000000001819
45427,9,20,2374.6,3,2024-05-15,2024-05-15 09:20:00,2024-05-15 09:20:00,GCM24.csv,331,GCM24.csv,2.0,2373.0,2373.0,4749.2,4746.0,3.199999999999818
45427,9,30,2372.6,4,2024-05-15,2024-05-15 09:30:00,2024-05-15 09:30:00,GCM24.csv,755,GCM24.csv,1.0,2372.8,2372.8,2372.6,2372.8,-0.20000000000027285
45427,9,40,2373.1,2,2024-05-15,2024-05-15 09:40:00,2024-05-15 09:40:00,GCM24.csv,218,GCM24.csv,-2.0,2373.4,2373.4,4746.2,4746.8,0.6000000000003638
45427,10,0,2362.9,3,2024-05-15,2024-05-15 10:00:00,2024-05-15 10:00:00,GCM24.csv,686,GCM24.csv,1.0,2367.6,2367.6,2362.9,2367.6,-4.699999999999818
45427,10,10,2367.9,2,2024-05-15,2024-05-15 10:10:00,2024-05-15 10:10:00,GCM24.csv,405,GCM24.csv,-1.0,2368.2000000000003,2368.2000000000003,2367.9,2368.2000000000003,0.3000000000001819
45427,10,20,2367.7,1,2024-05-15,2024-05-15 10:20:00,2024-05-15 10:20:00,GCM24.csv,234,GCM24.csv,-1.0,2369.9,2369.9,2367.7,2369.9,2.200000000000273
45427,10,30,2372.0,0,2024-05-15,2024-05-15 10:30:00,2024-05-15 10:30:00,GCM24.csv,369,GCM24.csv,-1.0,2375.6,2375.6,2372.0,2375.6,3.599999999999909
45427,11,0,2379.9,-1,2024-05-15,2024-05-15 11:00:00,2024-05-15 11:00:00,GCM24.csv,799,GCM24.csv,-1.0,2383.5,2383.5,2379.9,2383.5,3.599999999999909
45427,12,0,2383.5,0,2024-05-15,2024-05-15 12:00:00,2024-05-15 12:00:00,GCM24.csv,198,GCM24.csv,1.0,2385.1,2385.1,2383.5,2385.1,-1.599999999999909
45427,14,30,2393.4,1,2024-05-15,2024-05-15 14:30:00,2024-05-15 14:30:00,GCM24.csv,99,GCM24.csv,1.0,2390.7,2390.7,2393.4,2390.7,2.700000000000273
45428,1,30,2396.4,-2,2024-05-16,2024-05-16 01:30:00,2024-05-16 01:30:00,GCM24.csv,246,GCM24.csv,-3.0,2397.6,2397.6,7189.200000000001,7192.799999999999,3.599999999998545
45428,3,30,2393.8,1,2024-05-16,2024-05-16 03:30:00,2024-05-16 03:30:00,GCM24.csv,103,GCM24.csv,3.0,2394.0,2394.0,7181.400000000001,7182.0,-0.5999999999994543
45428,4,30,2390.8,0,2024-05-16,2024-05-16 04:30:00,2024-05-16 04:30:00,GCM24.csv,57,GCM24.csv,-1.0,2391.9,2391.9,2390.8,2391.9,1.099999999999909
45428,6,0,2390.1,2,2024-05-16,2024-05-16 06:00:00,2024-05-16 06:00:00,GCM24.csv,69,GCM24.csv,2.0,2389.7000000000003,2389.7000000000003,4780.2,4779.400000000001,0.7999999999992724
45428,8,30,2386.7,3,2024-05-16,2024-05-16 08:30:00,2024-05-16 08:30:00,GCM24.csv,1092,GCM24.csv,1.0,2384.2000000000003,2384.2000000000003,2386.7,2384.2000000000003,2.4999999999995453
45428,8,40,2384.4,4,2024-05-16,2024-05-16 08:40:00,2024-05-16 08:40:00,GCM24.csv,478,GCM24.csv,1.0,2384.2000000000003,2384.2000000000003,2384.4,2384.2000000000003,0.1999999999998181
45428,9,0,2383.4,5,2024-05-16,2024-05-16 09:00:00,2024-05-16 09:00:00,GCM24.csv,418,GCM24.csv,1.0,2381.6000000000004,2381.6000000000004,2383.4,2381.6000000000004,1.7999999999997272
45428,9,20,2378.9,6,2024-05-16,2024-05-16 09:20:00,2024-05-16 09:20:00,GCM24.csv,2809,GCM24.csv,1.0,2381.7000000000003,2381.7000000000003,2378.9,2381.7000000000003,-2.800000000000182
45428,9,30,2383.3,4,2024-05-16,2024-05-16 09:30:00,2024-05-16 09:30:00,GCM24.csv,986,GCM24.csv,-2.0,2378.1,2378.1,4766.6,4756.2,-10.400000000000546
45428,9,40,2377.9,3,2024-05-16,2024-05-16 09:40:00,2024-05-16 09:40:00,GCM24.csv,404,GCM24.csv,-1.0,2378.1,2378.1,2377.9,2378.1,0.1999999999998181
45428,9,50,2380.7,5,2024-05-16,2024-05-16 09:50:00,2024-05-16 09:50:00,GCM24.csv,380,GCM24.csv,2.0,2380.6,2380.6,4761.4,4761.2,0.1999999999998181
45428,10,30,2378.2,6,2024-05-16,2024-05-16 10:30:00,2024-05-16 10:30:00,GCM24.csv,338,GCM24.csv,1.0,2379.1,2379.1,2378.2,2379.1,-0.900000000000091
45428,11,0,2377.7,4,2024-05-16,2024-05-16 11:00:00,2024-05-16 11:00:00,GCM24.csv,228,GCM24.csv,-2.0,2380.0,2380.0,4755.4,4760.0,4.600000000000364
45428,14,30,2383.4,3,2024-05-16,2024-05-16 14:30:00,2024-05-16 14:30:00,GCM24.csv,73,GCM24.csv,-1.0,2383.4,2383.4,2383.4,2383.4,-0.0
45429,4,30,2388.1,5,2024-05-17,2024-05-17 04:30:00,2024-05-17 04:30:00,GCM24.csv,86,GCM24.csv,2.0,2388.1,2388.1,4776.2,4776.2,0.0
45429,8,30,2392.9,3,2024-05-17,2024-05-17 08:30:00,2024-05-17 08:30:00,GCM24.csv,116,GCM24.csv,-2.0,2394.0,2394.0,4785.8,4788.0,2.199999999999818
45429,9,0,2398.0,2,2024-05-17,2024-05-17 09:00:00,2024-05-17 09:00:00,GCM24.csv,813,GCM24.csv,-1.0,2399.6,2399.6,2398.0,2399.6,1.599999999999909
45429,9,10,2402.2,0,2024-05-17,2024-05-17 09:10:00,2024-05-17 09:10:00,GCM24.csv,590,GCM24.csv,-2.0,2406.9,2406.9,4804.4,4813.8,9.400000000000546
45429,9,20,2407.6,-1,2024-05-17,2024-05-17 09:20:00,2024-05-17 09:20:00,GCM24.csv,520,GCM24.csv,-1.0,2406.0,2406.0,2407.6,2406.0,-1.599999999999909
45429,9,30,2406.0,1,2024-05-17,2024-05-17 09:30:00,2024-05-17 09:30:00,GCM24.csv,373,GCM24.csv,2.0,2405.6000000000004,2405.6000000000004,4812.0,4811.200000000001,0.7999999999992724
45429,9,40,2402.7,4,2024-05-17,2024-05-17 09:40:00,2024-05-17 09:40:00,GCM24.csv,483,GCM24.csv,3.0,2402.5,2402.5,7208.099999999999,7207.5,0.5999999999994543
45429,9,50,2402.6,5,2024-05-17,2024-05-17 09:50:00,2024-05-17 09:50:00,GCM24.csv,234,GCM24.csv,1.0,2405.8,2405.8,2402.6,2405.8,-3.200000000000273
45429,10,0,2406.5,4,2024-05-17,2024-05-17 10:00:00,2024-05-17 10:00:00,GCM24.csv,496,GCM24.csv,-1.0,2406.2,2406.2,2406.5,2406.2,-0.3000000000001819
45429,10,10,2406.6,3,2024-05-17,2024-05-17 10:10:00,2024-05-17 10:10:00,GCM24.csv,163,GCM24.csv,-1.0,2407.4,2407.4,2406.6,2407.4,0.8000000000001819
45429,10,30,2410.7,0,2024-05-17,2024-05-17 10:30:00,2024-05-17 10:30:00,GCM24.csv,480,GCM24.csv,-3.0,2410.8,2410.8,7232.099999999999,7232.400000000001,0.3000000000010914
45429,10,50,2415.1,2,2024-05-17,2024-05-17 10:50:00,2024-05-17 10:50:00,GCM24.csv,1409,GCM24.csv,2.0,2417.5,2417.5,4830.2,4835.0,-4.800000000000182
45429,12,0,2412.3,3,2024-05-17,2024-05-17 12:00:00,2024-05-17 12:00:00,GCM24.csv,126,GCM24.csv,1.0,2412.7,2412.7,2412.3,2412.7,-0.3999999999996362
45429,14,30,2421.1,4,2024-05-17,2024-05-17 14:30:00,2024-05-17 14:30:00,GCM24.csv,57,GCM24.csv,1.0,2420.5,2420.5,2421.1,2420.5,0.599999999999909
45429,16,30,2420.3,0,2024-05-17,2024-05-17 16:30:00,2024-05-17 16:30:00,GCM24.csv,62,GCM24.csv,-4.0,2420.6,2420.6,9681.2,9682.4,1.1999999999989086
45432,1,30,2444.0,-1,2024-05-20,2024-05-20 01:30:00,2024-05-20 01:30:00,GCM24.csv,868,GCM24.csv,-1.0,2444.2,2444.2,2444.0,2444.2,0.1999999999998181
45432,3,30,2441.5,0,2024-05-20,2024-05-20 03:30:00,2024-05-20 03:30:00,GCM24.csv,490,GCM24.csv,1.0,2441.3,2441.3,2441.5,2441.3,0.1999999999998181
45432,4,30,2445.6,-1,2024-05-20,2024-05-20 04:30:00,2024-05-20 04:30:00,GCM24.csv,100,GCM24.csv,-1.0,2445.9,2445.9,2445.6,2445.9,0.3000000000001819
45432,6,0,2446.5,-4,2024-05-20,2024-05-20 06:00:00,2024-05-20 06:00:00,GCM24.csv,308,GCM24.csv,-3.0,2446.8,2446.8,7339.5,7340.400000000001,0.9000000000005457
45432,8,30,2422.1,-3,2024-05-20,2024-05-20 08:30:00,2024-05-20 08:30:00,GCM24.csv,686,GCM24.csv,1.0,2421.8,2421.8,2422.1,2421.8,0.29999999999972715
45432,8,50,2417.2,-2,2024-05-20,2024-05-20 08:50:00,2024-05-20 08:50:00,GCM24.csv,336,GCM24.csv,1.0,2416.8,2416.8,2417.2,2416.8,0.3999999999996362
45432,9,10,2425.9,-5,2024-05-20,2024-05-20 09:10:00,2024-05-20 09:10:00,GCM24.csv,640,GCM24.csv,-3.0,2422.1,2422.1,7277.700000000001,7266.299999999999,-11.400000000001455
45432,9,20,2422.4,-4,2024-05-20,2024-05-20 09:20:00,2024-05-20 09:20:00,GCM24.csv,391,GCM24.csv,1.0,2421.5,2421.5,2422.4,2421.5,0.900000000000091
45432,9,30,2421.8,-2,2024-05-20,2024-05-20 09:30:00,2024-05-20 09:30:00,GCM24.csv,346,GCM24.csv,2.0,2421.5,2421.5,4843.6,4843.0,0.6000000000003638
45432,9,40,2419.2,-4,2024-05-20,2024-05-20 09:40:00,2024-05-20 09:40:00,GCM24.csv,1814,GCM24.csv,-2.0,2418.7000000000003,2418.7000000000003,4838.4,4837.400000000001,-0.9999999999990905
45432,10,30,2421.5,-5,2024-05-20,2024-05-20 10:30:00,2024-05-20 10:30:00,GCM24.csv,191,GCM24.csv,-1.0,2421.8,2421.8,2421.5,2421.8,0.3000000000001819
45432,11,0,2427.1,-4,2024-05-20,2024-05-20 11:00:00,2024-05-20 11:00:00,GCM24.csv,194,GCM24.csv,1.0,2426.8,2426.8,2427.1,2426.8,0.29999999999972715
45432,12,0,2429.1,0,2024-05-20,2024-05-20 12:00:00,2024-05-20 12:00:00,GCM24.csv,109,GCM24.csv,4.0,2428.8,2428.8,9716.4,9715.2,1.1999999999989086
45432,14,0,2439.7,1,2024-05-20,2024-05-20 14:00:00,2024-05-20 14:00:00,GCM24.csv,61,GCM24.csv,1.0,2439.4,2439.4,2439.7,2439.4,0.29999999999972715
45432,14,30,2439.5,2,2024-05-20,2024-05-20 14:30:00,2024-05-20 14:30:00,GCM24.csv,108,GCM24.csv,1.0,2439.2,2439.2,2439.5,2439.2,0.3000000000001819
45432,16,0,2431.3,1,2024-05-20,2024-05-20 16:00:00,2024-05-20 16:00:00,GCM24.csv,199,GCM24.csv,-1.0,2431.7000000000003,2431.7000000000003,2431.3,2431.7000000000003,0.40000000000009095
45433,6,0,2419.8,2,2024-05-21,2024-05-21 06:00:00,2024-05-21 06:00:00,GCM24.csv,46,GCM24.csv,1.0,2419.5,2419.5,2419.8,2419.5,0.3000000000001819
45433,8,50,2427.5,3,2024-05-21,2024-05-21 08:50:00,2024-05-21 08:50:00,GCM24.csv,507,GCM24.csv,1.0,2430.3,2430.3,2427.5,2430.3,-2.800000000000182
45433,9,0,2430.5,4,2024-05-21,2024-05-21 09:00:00,2024-05-21 09:00:00,GCM24.csv,2268,GCM24.csv,1.0,2430.3,2430.3,2430.5,2430.3,0.1999999999998181
45433,9,10,2429.6,3,2024-05-21,2024-05-21 09:10:00,2024-05-21 09:10:00,GCM24.csv,302,GCM24.csv,-1.0,2432.1,2432.1,2429.6,2432.1,2.5
45433,10,30,2431.7,1,2024-05-21,2024-05-21 10:30:00,2024-05-21 10:30:00,GCM24.csv,315,GCM24.csv,-2.0,2432.0,2432.0,4863.4,4864.0,0.6000000000003638
45433,10,50,2433.5,0,2024-05-21,2024-05-21 10:50:00,2024-05-21 10:50:00,GCM24.csv,214,GCM24.csv,-1.0,2434.0,2434.0,2433.5,2434.0,0.5
45433,11,0,2433.7,-1,2024-05-21,2024-05-21 11:00:00,2024-05-21 11:00:00,GCM24.csv,231,GCM24.csv,-1.0,2434.0,2434.0,2433.7,2434.0,0.3000000000001819
45433,12,0,2427.1,-2,2024-05-21,2024-05-21 12:00:00,2024-05-21 12:00:00,GCM24.csv,163,GCM24.csv,-1.0,2427.4,2427.4,2427.1,2427.4,0.3000000000001819
45433,14,30,2422.8,1,2024-05-21,2024-05-21 14:30:00,2024-05-21 14:30:00,GCM24.csv,48,GCM24.csv,3.0,2422.6000000000004,2422.6000000000004,7268.400000000001,7267.800000000001,0.5999999999994543
45434,1,30,2417.2,-3,2024-05-22,2024-05-22 01:30:00,2024-05-22 01:30:00,GCM24.csv,145,GCM24.csv,-4.0,2417.2,2417.2,9668.8,9668.8,-0.0
45434,3,30,2416.0,1,2024-05-22,2024-05-22 03:30:00,2024-05-22 03:30:00,GCM24.csv,151,GCM24.csv,4.0,2418.9,2418.9,9664.0,9675.6,-11.600000000000364
45434,4,30,2414.0,3,2024-05-22,2024-05-22 04:30:00,2024-05-22 04:30:00,GCM24.csv,266,GCM24.csv,2.0,2415.6000000000004,2415.6000000000004,4828.0,4831.200000000001,-3.2000000000007276
45434,6,0,2420.9,7,2024-05-22,2024-05-22 06:00:00,2024-05-22 06:00:00,GCM24.csv,102,GCM24.csv,4.0,2421.6000000000004,2421.6000000000004,9683.6,9686.400000000001,-2.8000000000010914
45434,8,30,2418.5,5,2024-05-22,2024-05-22 08:30:00,2024-05-22 08:30:00,GCM24.csv,255,GCM24.csv,-2.0,2416.0,2416.0,4837.0,4832.0,-5.0
45434,9,0,2415.7,6,2024-05-22,2024-05-22 09:00:00,2024-05-22 09:00:00,GCM24.csv,275,GCM24.csv,1.0,2414.5,2414.5,2415.7,2414.5,1.199999999999818
45434,9,40,2411.3,7,2024-05-22,2024-05-22 09:40:00,2024-05-22 09:40:00,GCM24.csv,279,GCM24.csv,1.0,2413.4,2413.4,2411.3,2413.4,-2.099999999999909
45434,10,0,2414.0,6,2024-05-22,2024-05-22 10:00:00,2024-05-22 10:00:00,GCM24.csv,581,GCM24.csv,-1.0,2413.5,2413.5,2414.0,2413.5,-0.5
45434,10,30,2389.5,7,2024-05-22,2024-05-22 10:30:00,2024-05-22 10:30:00,GCM24.csv,850,GCM24.csv,1.0,2387.5,2387.5,2389.5,2387.5,2.0
45434,11,0,2391.9,6,2024-05-22,2024-05-22 11:00:00,2024-05-22 11:00:00,GCM24.csv,412,GCM24.csv,-1.0,2394.9,2394.9,2391.9,2394.9,3.0
45434,14,0,2391.6,7,2024-05-22,2024-05-22 14:00:00,2024-05-22 14:00:00,GCM24.csv,502,GCM24.csv,1.0,2391.2,2391.2,2391.6,2391.2,0.40000000000009095
45434,14,30,2382.5,6,2024-05-22,2024-05-22 14:30:00,2024-05-22 14:30:00,GCM24.csv,267,GCM24.csv,-1.0,2383.6,2383.6,2382.5,2383.6,1.099999999999909
45434,16,0,2382.7,5,2024-05-22,2024-05-22 16:00:00,2024-05-22 16:00:00,GCM24.csv,175,GCM24.csv,-1.0,2382.1,2382.1,2382.7,2382.1,-0.599999999999909
45435,1,30,2372.9,3,2024-05-23,2024-05-23 01:30:00,2024-05-23 01:30:00,GCM24.csv,114,GCM24.csv,-2.0,2370.9,2370.9,4745.8,4741.8,-4.0
45435,3,30,2365.3,5,2024-05-23,2024-05-23 03:30:00,2024-05-23 03:30:00,GCM24.csv,122,GCM24.csv,2.0,2363.6000000000004,2363.6000000000004,4730.6,4727.200000000001,3.399999999999636
45435,4,30,2358.6,2,2024-05-23,2024-05-23 04:30:00,2024-05-23 04:30:00,GCM24.csv,151,GCM24.csv,-3.0,2361.2,2361.2,7075.799999999999,7083.599999999999,7.800000000000182
45435,6,0,2366.2,1,2024-05-23,2024-05-23 06:00:00,2024-05-23 06:00:00,GCM24.csv,55,GCM24.csv,-1.0,2367.2,2367.2,2366.2,2367.2,1.0
45435,8,30,2368.4,4,2024-05-23,2024-05-23 08:30:00,2024-05-23 08:30:00,GCM24.csv,590,GCM24.csv,3.0,2366.3,2366.3,7105.200000000001,7098.900000000001,6.300000000000182
45435,8,40,2364.0,6,2024-05-23,2024-05-23 08:40:00,2024-05-23 08:40:00,GCM24.csv,361,GCM24.csv,2.0,2365.0,2365.0,4728.0,4730.0,-2.0
45435,11,0,2347.6,4,2024-05-23,2024-05-23 11:00:00,2024-05-23 11:00:00,GCM24.csv,451,GCM24.csv,-2.0,2349.2000000000003,2349.2000000000003,4695.2,4698.400000000001,3.2000000000007276
45435,12,0,2347.7,3,2024-05-23,2024-05-23 12:00:00,2024-05-23 12:00:00,GCM24.csv,208,GCM24.csv,-1.0,2351.9,2346.8,2347.7,2346.8,-0.8999999999996362
45435,14,0,2333.8,6,2024-05-23,2024-05-23 14:00:00,2024-05-23 14:00:00,GCM24.csv,308,GCM24.csv,3.0,2333.8,2333.8,7001.400000000001,7001.400000000001,0.0
45435,16,0,2333.7,3,2024-05-23,2024-05-23 16:00:00,2024-05-23 16:00:00,GCM24.csv,218,GCM24.csv,-3.0,2333.5,2333.5,7001.099999999999,7000.5,-0.5999999999994543
45436,1,30,2335.7,2,2024-05-24,2024-05-24 01:30:00,2024-05-24 01:30:00,GCM24.csv,483,GCM24.csv,-1.0,2337.7,2337.7,2335.7,2337.7,2.0
45436,3,30,2340.2,3,2024-05-24,2024-05-24 03:30:00,2024-05-24 03:30:00,GCM24.csv,27,GCM24.csv,1.0,2339.0,2339.0,2340.2,2339.0,1.199999999999818
45436,4,30,2337.8,0,2024-05-24,2024-05-24 04:30:00,2024-05-24 04:30:00,GCM24.csv,403,GCM24.csv,-3.0,2339.8,2339.8,7013.400000000001,7019.400000000001,6.0
45436,8,30,2337.6,3,2024-05-24,2024-05-24 08:30:00,2024-05-24 08:30:00,GCM24.csv,356,GCM24.csv,3.0,2340.4,2340.4,7012.799999999999,7021.200000000001,-8.400000000001455
45436,8,40,2341.1,2,2024-05-24,2024-05-24 08:40:00,2024-05-24 08:40:00,GCM24.csv,170,GCM24.csv,-1.0,2339.2,2339.2,2341.1,2339.2,-1.900000000000091
45436,9,0,2340.7,3,2024-05-24,2024-05-24 09:00:00,2024-05-24 09:00:00,GCM24.csv,139,GCM24.csv,1.0,2340.7000000000003,2340.7000000000003,2340.7,2340.7000000000003,-4.547473508864641e-13
45436,9,40,2341.8,4,2024-05-24,2024-05-24 09:40:00,2024-05-24 09:40:00,GCM24.csv,1137,GCM24.csv,1.0,2341.2000000000003,2341.2000000000003,2341.8,2341.2000000000003,0.599999999999909
45436,9,50,2340.8,6,2024-05-24,2024-05-24 09:50:00,2024-05-24 09:50:00,GCM24.csv,441,GCM24.csv,2.0,2343.1000000000004,2343.1000000000004,4681.6,4686.200000000001,-4.600000000000364
45436,10,0,2339.7,5,2024-05-24,2024-05-24 10:00:00,2024-05-24 10:00:00,GCM24.csv,825,GCM24.csv,-1.0,2343.5,2343.5,2339.7,2343.5,3.800000000000182
45436,10,10,2341.8,3,2024-05-24,2024-05-24 10:10:00,2024-05-24 10:10:00,GCM24.csv,174,GCM24.csv,-2.0,2340.3,2340.3,4683.6,4680.6,-3.0
45436,10,30,2337.9,4,2024-05-24,2024-05-24 10:30:00,2024-05-24 10:30:00,GCM24.csv,196,GCM24.csv,1.0,2339.2000000000003,2339.2000000000003,2337.9,2339.2000000000003,-1.300000000000182
45436,12,0,2336.0,5,2024-05-24,2024-05-24 12:00:00,2024-05-24 12:00:00,GCM24.csv,165,GCM24.csv,1.0,2334.5,2334.5,2336.0,2334.5,1.5
45436,14,30,2336.3,4,2024-05-24,2024-05-24 14:30:00,2024-05-24 14:30:00,GCM24.csv,15,GCM24.csv,-1.0,2336.7,2336.7,2336.3,2336.7,0.3999999999996362
45436,16,30,2335.7,0,2024-05-24,2024-05-24 16:30:00,2024-05-24 16:30:00,GCM24.csv,31,GCM24.csv,-4.0,2335.2,2335.2,9342.8,9340.8,-2.0
45439,4,30,2343.8,-4,2024-05-27,2024-05-27 04:30:00,2024-05-27 04:30:00,GCM24.csv,129,GCM24.csv,-4.0,2344.0,2344.0,9375.2,9376.0,0.7999999999992724
45439,8,30,2350.4,0,2024-05-27,2024-05-27 08:30:00,2024-05-27 08:30:00,GCM24.csv,144,GCM24.csv,4.0,2350.7000000000003,2350.7000000000003,9401.6,9402.800000000001,-1.2000000000007276
45439,9,30,2351.8,-1,2024-05-27,2024-05-27 09:30:00,2024-05-27 09:30:00,GCM24.csv,114,GCM24.csv,-1.0,2352.3,2352.3,2351.8,2352.3,0.5
45439,10,10,2357.6,0,2024-05-27,2024-05-27 10:10:00,2024-05-27 10:10:00,GCM24.csv,79,GCM24.csv,1.0,2357.5,2357.5,2357.6,2357.5,0.09999999999990905
45439,12,0,2353.7,2,2024-05-27,2024-05-27 12:00:00,2024-05-27 12:00:00,GCM24.csv,42,GCM24.csv,2.0,2353.7000000000003,2353.7000000000003,4707.4,4707.400000000001,-9.094947017729282e-13
45439,14,0,2356.3,1,2024-05-27,2024-05-27 14:00:00,2024-05-27 14:00:00,GCM24.csv,34,GCM24.csv,-1.0,2356.5,2356.5,2356.3,2356.5,0.1999999999998181
45439,16,0,2352.5,2,2024-05-27,2024-05-27 16:00:00,2024-05-27 16:00:00,GCM24.csv,74,GCM24.csv,1.0,2353.7000000000003,2353.5,2352.5,2353.5,-1.0
45440,1,30,2352.5,1,2024-05-28,2024-05-28 01:30:00,2024-05-28 01:30:00,GCM24.csv,91,GCM24.csv,-1.0,2352.8,2352.8,2352.5,2352.8,0.3000000000001819
45440,3,30,2344.1,2,2024-05-28,2024-05-28 03:30:00,2024-05-28 03:30:00,GCM24.csv,84,GCM24.csv,1.0,2344.6000000000004,2344.6000000000004,2344.1,2344.6000000000004,-0.5000000000004547
45440,4,30,2342.0,-2,2024-05-28,2024-05-28 04:30:00,2024-05-28 04:30:00,GCM24.csv,28,GCM24.csv,-4.0,2342.9,2342.9,9368.0,9371.6,3.600000000000364
45440,6,0,2344.6,0,2024-05-28,2024-05-28 06:00:00,2024-05-28 06:00:00,GCQ24.csv,13,GCM24.csv,2.0,2345.0,2345.0,4689.2,4690.0,-0.8000000000001819
45440,8,30,2355.5,4,2024-05-28,2024-05-28 08:30:00,2024-05-28 08:30:00,GCM24.csv,328,GCM24.csv,4.0,2356.6,2356.6,9422.0,9426.4,-4.399999999999636
45440,9,0,2354.2,5,2024-05-28,2024-05-28 09:00:00,2024-05-28 09:00:00,GCM24.csv,456,GCM24.csv,1.0,2355.0,2355.0,2354.2,2355.0,-0.8000000000001819
45440,9,20,2362.2,3,2024-05-28,2024-05-28 09:20:00,2024-05-28 09:20:00,GCM24.csv,623,GCM24.csv,-2.0,2363.4,2363.4,4724.4,4726.8,2.4000000000005457
45440,9,30,2362.3,1,2024-05-28,2024-05-28 09:30:00,2024-05-28 09:30:00,GCM24.csv,537,GCM24.csv,-2.0,2361.3,2361.3,4724.6,4722.6,-2.0
45440,9,40,2359.2,3,2024-05-28,2024-05-28 09:40:00,2024-05-28 09:40:00,GCM24.csv,183,GCM24.csv,2.0,2356.9,2356.9,4718.4,4713.8,4.599999999999454
45440,9,50,2355.9,6,2024-05-28,2024-05-28 09:50:00,2024-05-28 09:50:00,GCM24.csv,218,GCM24.csv,3.0,2356.9,2356.9,7067.700000000001,7070.700000000001,-3.0
45440,10,0,2355.0,7,2024-05-28,2024-05-28 10:00:00,2024-05-28 10:00:00,GCM24.csv,1258,GCM24.csv,1.0,2350.0,2350.0,2355.0,2350.0,5.0
45440,10,10,2352.2,6,2024-05-28,2024-05-28 10:10:00,2024-05-28 10:10:00,GCM24.csv,298,GCM24.csv,-1.0,2352.1,2352.1,2352.2,2352.1,-0.09999999999990905
45440,10,20,2350.5,5,2024-05-28,2024-05-28 10:20:00,2024-05-28 10:20:00,GCM24.csv,264,GCM24.csv,-1.0,2352.1,2352.1,2350.5,2352.1,1.599999999999909
45440,10,30,2353.8,3,2024-05-28,2024-05-28 10:30:00,2024-05-28 10:30:00,GCM24.csv,198,GCM24.csv,-2.0,2356.3,2353.7,4707.6,4707.4,-0.2000000000007276
45440,11,0,2356.3,2,2024-05-28,2024-05-28 11:00:00,2024-05-28 11:00:00,GCM24.csv,156,GCM24.csv,-1.0,2355.9,2355.9,2356.3,2355.9,-0.40000000000009095
45440,12,0,2361.2,0,2024-05-28,2024-05-28 12:00:00,2024-05-28 12:00:00,GCM24.csv,169,GCM24.csv,-2.0,2361.1000000000004,2361.1000000000004,4722.4,4722.200000000001,-0.1999999999989086
45440,14,30,2354.7,2,2024-05-28,2024-05-28 14:30:00,2024-05-28 14:30:00,GCM24.csv,39,GCM24.csv,2.0,2353.5,2353.5,4709.4,4707.0,2.399999999999636
45441,1,30,2359.1,1,2024-05-29,2024-05-29 01:30:00,2024-05-29 01:30:00,GCQ24.csv,133,GCQ24.csv,-1.0,2383.9,2383.9,2359.1,2383.9,24.800000000000182
45441,3,30,2353.8,2,2024-05-29,2024-05-29 03:30:00,2024-05-29 03:30:00,GCQ24.csv,33,GCQ24.csv,1.0,2375.3,2375.3,2353.8,2375.3,-21.5
45441,4,30,2348.2,-1,2024-05-29,2024-05-29 04:30:00,2024-05-29 04:30:00,GCQ24.csv,159,GCQ24.csv,-3.0,2369.1,2369.1,7044.599999999999,7107.299999999999,62.69999999999982
45441,6,0,2346.1,-2,2024-05-29,2024-05-29 06:00:00,2024-05-29 06:00:00,GCQ24.csv,222,GCQ24.csv,-1.0,2366.6,2366.6,2346.1,2366.6,20.5
45441,8,30,2342.2,1,2024-05-29,2024-05-29 08:30:00,2024-05-29 08:30:00,GCQ24.csv,101,GCQ24.csv,3.0,2365.0,2365.0,7026.599999999999,7095.0,-68.40000000000055
45441,9,0,2337.7,2,2024-05-29,2024-05-29 09:00:00,2024-05-29 09:00:00,GCQ24.csv,414,GCQ24.csv,1.0,2367.4,2367.4,2337.7,2367.4,-29.700000000000273
45441,9,20,2344.0,1,2024-05-29,2024-05-29 09:20:00,2024-05-29 09:20:00,GCQ24.csv,99,GCQ24.csv,-1.0,2368.1,2368.1,2344.0,2368.1,24.09999999999991
45441,9,40,2347.5,0,2024-05-29,2024-05-29 09:40:00,2024-05-29 09:40:00,GCM24.csv,708,GCQ24.csv,-1.0,2363.8,2363.8,2347.5,2363.8,16.300000000000182
45441,9,50,2343.2,-1,2024-05-29,2024-05-29 09:50:00,2024-05-29 09:50:00,GCQ24.csv,270,GCQ24.csv,-1.0,2367.8,2367.8,2343.2,2367.8,24.600000000000364
45441,10,0,2346.1,0,2024-05-29,2024-05-29 10:00:00,2024-05-29 10:00:00,GCQ24.csv,347,GCQ24.csv,1.0,2366.7,2366.7,2346.1,2366.7,-20.59999999999991
45441,10,10,2345.7,1,2024-05-29,2024-05-29 10:10:00,2024-05-29 10:10:00,GCQ24.csv,166,GCQ24.csv,1.0,2366.7,2366.7,2345.7,2366.7,-21.0
45441,10,30,2344.5,3,2024-05-29,2024-05-29 10:30:00,2024-05-29 10:30:00,GCQ24.csv,192,GCQ24.csv,2.0,2368.5,2368.5,4689.0,4737.0,-48.0
45441,12,0,2339.0,5,2024-05-29,2024-05-29 12:00:00,2024-05-29 12:00:00,GCQ24.csv,73,GCQ24.csv,2.0,2360.8,2360.8,4678.0,4721.6,-43.600000000000364
45441,14,0,2343.3,3,2024-05-29,2024-05-29 14:00:00,2024-05-29 14:00:00,GCQ24.csv,54,GCQ24.csv,-2.0,2366.4,2366.4,4686.6,4732.8,46.19999999999982
45441,14,30,2341.4,1,2024-05-29,2024-05-29 14:30:00,2024-05-29 14:30:00,GCQ24.csv,16,GCQ24.csv,-2.0,2363.0,2363.0,4682.8,4726.0,43.19999999999982
45441,16,0,2336.4,3,2024-05-29,2024-05-29 16:00:00,2024-05-29 16:00:00,GCQ24.csv,43,GCQ24.csv,2.0,2359.3,2359.3,4672.8,4718.6,-45.80000000000018
45442,1,30,2330.3,2,2024-05-30,2024-05-30 01:30:00,2024-05-30 01:30:00,GCQ24.csv,328,GCQ24.csv,-1.0,2348.4,2348.4,2330.3,2348.4,18.09999999999991
45442,3,30,2334.2,3,2024-05-30,2024-05-30 03:30:00,2024-05-30 03:30:00,GCQ24.csv,74,GCQ24.csv,1.0,2354.7000000000003,2354.7000000000003,2334.2,2354.7000000000003,-20.500000000000455
45442,4,30,2332.6,-1,2024-05-30,2024-05-30 04:30:00,2024-05-30 04:30:00,GCQ24.csv,60,GCQ24.csv,-4.0,2355.3,2355.3,9330.4,9421.2,90.80000000000109
45442,6,0,2331.1,-2,2024-05-30,2024-05-30 06:00:00,2024-05-30 06:00:00,GCQ24.csv,68,GCQ24.csv,-1.0,2352.2,2352.2,2331.1,2352.2,21.09999999999991
45442,8,30,2336.4,2,2024-05-30,2024-05-30 08:30:00,2024-05-30 08:30:00,GCQ24.csv,1209,GCQ24.csv,4.0,2365.6000000000004,2365.6000000000004,9345.6,9462.400000000001,-116.80000000000109
45442,8,40,2341.4,1,2024-05-30,2024-05-30 08:40:00,2024-05-30 08:40:00,GCQ24.csv,282,GCQ24.csv,-1.0,2366.0,2366.0,2341.4,2366.0,24.59999999999991
45442,9,0,2339.2,2,2024-05-30,2024-05-30 09:00:00,2024-05-30 09:00:00,GCQ24.csv,312,GCQ24.csv,1.0,2365.4,2365.4,2339.2,2365.4,-26.200000000000273
45442,9,50,2345.1,1,2024-05-30,2024-05-30 09:50:00,2024-05-30 09:50:00,GCQ24.csv,301,GCQ24.csv,-1.0,2368.4,2368.4,2345.1,2368.4,23.300000000000182
45442,10,10,2347.1,2,2024-05-30,2024-05-30 10:10:00,2024-05-30 10:10:00,GCQ24.csv,157,GCQ24.csv,1.0,2368.4,2368.4,2347.1,2368.4,-21.300000000000182
45442,10,30,2346.5,0,2024-05-30,2024-05-30 10:30:00,2024-05-30 10:30:00,GCQ24.csv,322,GCQ24.csv,-2.0,2368.5,2368.5,4693.0,4737.0,44.0
45442,12,0,2341.7,1,2024-05-30,2024-05-30 12:00:00,2024-05-30 12:00:00,GCQ24.csv,107,GCQ24.csv,1.0,2362.8,2362.8,2341.7,2362.8,-21.100000000000364
45442,14,30,2340.1,3,2024-05-30,2024-05-30 14:30:00,2024-05-30 14:30:00,GCQ24.csv,41,GCQ24.csv,2.0,2363.1000000000004,2363.1000000000004,4680.2,4726.200000000001,-46.00000000000091
45443,1,30,2363.6,2,2024-05-31,2024-05-31 01:30:00,2024-05-31 01:30:00,GCQ24.csv,238,GCQ24.csv,-1.0,2363.8,2363.8,2363.6,2363.8,0.20000000000027285
45443,3,30,2364.4,3,2024-05-31,2024-05-31 03:30:00,2024-05-31 03:30:00,GCQ24.csv,151,GCQ24.csv,1.0,2364.2000000000003,2364.2000000000003,2364.4,2364.2000000000003,0.1999999999998181
45443,4,30,2362.8,4,2024-05-31,2024-05-31 04:30:00,2024-05-31 04:30:00,GCQ24.csv,42,GCQ24.csv,1.0,2362.6000000000004,2362.6000000000004,2362.8,2362.6000000000004,0.1999999999998181
45443,6,0,2363.1,6,2024-05-31,2024-05-31 06:00:00,2024-05-31 06:00:00,GCQ24.csv,41,GCQ24.csv,2.0,2363.0,2363.0,4726.2,4726.0,0.1999999999998181
45443,8,30,2366.2,5,2024-05-31,2024-05-31 08:30:00,2024-05-31 08:30:00,GCQ24.csv,1519,GCQ24.csv,-1.0,2366.4,2366.4,2366.2,2366.4,0.20000000000027285
45443,9,0,2377.0,3,2024-05-31,2024-05-31 09:00:00,2024-05-31 09:00:00,GCQ24.csv,977,GCQ24.csv,-2.0,2377.2,2377.2,4754.0,4754.4,0.3999999999996362
45443,9,20,2376.0,6,2024-05-31,2024-05-31 09:20:00,2024-05-31 09:20:00,GCQ24.csv,166,GCQ24.csv,3.0,2374.6000000000004,2374.6000000000004,7128.0,7123.800000000001,4.199999999998909
45443,9,50,2376.6,3,2024-05-31,2024-05-31 09:50:00,2024-05-31 09:50:00,GCQ24.csv,465,GCQ24.csv,-3.0,2370.5,2370.5,7129.799999999999,7111.5,-18.299999999999272
45443,10,10,2367.2,6,2024-05-31,2024-05-31 10:10:00,2024-05-31 10:10:00,GCQ24.csv,866,GCQ24.csv,3.0,2359.3,2359.3,7101.599999999999,7077.900000000001,23.69999999999891
45443,10,30,2362.8,4,2024-05-31,2024-05-31 10:30:00,2024-05-31 10:30:00,GCQ24.csv,150,GCQ24.csv,-2.0,2363.1000000000004,2358.5,4725.6,4717.0,-8.600000000000364
45443,11,0,2355.8,3,2024-05-31,2024-05-31 11:00:00,2024-05-31 11:00:00,GCQ24.csv,624,GCQ24.csv,-1.0,2356.1000000000004,2356.1000000000004,2355.8,2356.1000000000004,0.3000000000001819
45443,12,0,2351.1,2,2024-05-31,2024-05-31 12:00:00,2024-05-31 12:00:00,GCQ24.csv,166,GCQ24.csv,-1.0,2351.4,2351.4,2351.1,2351.4,0.3000000000001819
45443,14,0,2346.9,4,2024-05-31,2024-05-31 14:00:00,2024-05-31 14:00:00,GCQ24.csv,117,GCQ24.csv,2.0,2346.3,2346.3,4693.8,4692.6,1.199999999999818
45443,14,30,2347.0,6,2024-05-31,2024-05-31 14:30:00,2024-05-31 14:30:00,GCQ24.csv,70,GCQ24.csv,2.0,2346.4,2346.4,4694.0,4692.8,1.199999999999818
45443,16,0,2348.2,4,2024-05-31,2024-05-31 16:00:00,2024-05-31 16:00:00,GCQ24.csv,184,GCQ24.csv,-2.0,2348.4,2348.4,4696.4,4696.8,0.4000000000005457
45443,16,30,2348.8,0,2024-05-31,2024-05-31 16:30:00,2024-05-31 16:30:00,GCQ24.csv,26,GCQ24.csv,-4.0,2349.0,2349.0,9395.2,9396.0,0.7999999999992724
