day,hour,min,price,inventory,date,timestamp,minute,main_contract,main_volume,main_contract_clean,signal,opti_price,filled_price,benchmark_amount,amount,slippage
45537,9,30,68.105,-4,2024-09-02,2024-09-02 09:30:00,2024-09-02 09:30:00,JYU24.csv,588,JYU24.csv,-4.0,68.15,68.15,272.42,272.6,0.18000000000000682
45537,9,40,68.165,-6,2024-09-02,2024-09-02 09:40:00,2024-09-02 09:40:00,JYU24.csv,66,JYU24.csv,-2.0,68.215,68.215,136.33,136.43,0.09999999999999432
45537,9,50,68.2,-2,2024-09-02,2024-09-02 09:50:00,2024-09-02 09:50:00,JYU24.csv,117,JYU24.csv,4.0,68.185,68.185,272.8,272.74,0.060000000000002274
45537,10,0,68.18,0,2024-09-02,2024-09-02 10:00:00,2024-09-02 10:00:00,JYU24.csv,129,JYU24.csv,2.0,68.16,68.175,136.36,136.35,0.010000000000019327
45537,11,0,68.18,-2,2024-09-02,2024-09-02 11:00:00,2024-09-02 11:00:00,JYU24.csv,208,JYU24.csv,-2.0,68.205,68.155,136.36,136.31,-0.05000000000001137
45537,13,0,68.245,0,2024-09-02,2024-09-02 13:00:00,2024-09-02 13:00:00,JYZ24.csv,120,JYU24.csv,2.0,68.22,68.235,136.49,136.47,0.020000000000010232
45538,2,30,68.53,-1,2024-09-03,2024-09-03 02:30:00,2024-09-03 02:30:00,JYU24.csv,202,JYU24.csv,-1.0,68.585,68.585,68.53,68.585,0.05499999999999261
45538,6,30,68.645,-5,2024-09-03,2024-09-03 06:30:00,2024-09-03 06:30:00,JYU24.csv,21,JYU24.csv,-4.0,68.64999999999999,68.615,274.58,274.46,-0.12000000000000455
45538,8,0,68.54,-3,2024-09-03,2024-09-03 08:00:00,2024-09-03 08:00:00,JYU24.csv,153,JYU24.csv,2.0,68.55,68.55,137.08,137.1,-0.01999999999998181
45538,8,30,68.53,-2,2024-09-03,2024-09-03 08:30:00,2024-09-03 08:30:00,JYU24.csv,50,JYU24.csv,1.0,68.575,68.575,68.53,68.575,-0.045000000000001705
45538,8,40,68.61,-6,2024-09-03,2024-09-03 08:40:00,2024-09-03 08:40:00,JYU24.csv,102,JYU24.csv,-4.0,68.67,68.67,274.44,274.68,0.2400000000000091
45538,9,0,68.675,-2,2024-09-03,2024-09-03 09:00:00,2024-09-03 09:00:00,JYU24.csv,146,JYU24.csv,4.0,68.71000000000001,68.71000000000001,274.7,274.84000000000003,-0.1400000000000432
45538,9,10,68.745,0,2024-09-03,2024-09-03 09:10:00,2024-09-03 09:10:00,JYU24.csv,74,JYU24.csv,2.0,68.755,68.755,137.49,137.51,-0.01999999999998181
45538,9,20,68.785,-4,2024-09-03,2024-09-03 09:20:00,2024-09-03 09:20:00,JYU24.csv,246,JYU24.csv,-4.0,68.815,68.815,275.14,275.26,0.12000000000000455
45538,9,30,68.785,-6,2024-09-03,2024-09-03 09:30:00,2024-09-03 09:30:00,JYU24.csv,305,JYU24.csv,-2.0,68.88,68.88,137.57,137.76,0.18999999999999773
45538,9,40,68.835,-2,2024-09-03,2024-09-03 09:40:00,2024-09-03 09:40:00,JYU24.csv,487,JYU24.csv,4.0,68.905,68.905,275.34,275.62,-0.28000000000002956
45538,10,0,69.035,-8,2024-09-03,2024-09-03 10:00:00,2024-09-03 10:00:00,JYU24.csv,2285,JYU24.csv,-6.0,69.005,69.005,414.21,414.03,-0.18000000000000682
45538,10,10,68.945,-5,2024-09-03,2024-09-03 10:10:00,2024-09-03 10:10:00,JYU24.csv,334,JYU24.csv,3.0,68.855,68.855,206.83499999999998,206.565,0.2699999999999818
45538,10,20,68.88,2,2024-09-03,2024-09-03 10:20:00,2024-09-03 10:20:00,JYU24.csv,162,JYU24.csv,7.0,68.855,68.855,482.15999999999997,481.985,0.17499999999995453
45538,10,30,68.87,5,2024-09-03,2024-09-03 10:30:00,2024-09-03 10:30:00,JYU24.csv,340,JYU24.csv,3.0,68.85000000000001,68.85000000000001,206.61,206.55,0.060000000000002274
45538,10,40,68.925,-2,2024-09-03,2024-09-03 10:40:00,2024-09-03 10:40:00,JYU24.csv,290,JYU24.csv,-7.0,68.92999999999999,68.92999999999999,482.47499999999997,482.50999999999993,0.03499999999996817
45538,10,50,68.91,-4,2024-09-03,2024-09-03 10:50:00,2024-09-03 10:50:00,JYU24.csv,122,JYU24.csv,-2.0,68.92999999999999,68.775,137.82,137.55,-0.2699999999999818
45538,11,0,68.83,-6,2024-09-03,2024-09-03 11:00:00,2024-09-03 11:00:00,JYU24.csv,884,JYU24.csv,-2.0,68.8,68.8,137.66,137.6,-0.060000000000002274
45538,11,10,68.755,0,2024-09-03,2024-09-03 11:10:00,2024-09-03 11:10:00,JYU24.csv,373,JYU24.csv,6.0,68.71000000000001,68.71000000000001,412.53,412.26000000000005,0.26999999999992497
45538,11,20,68.71,-2,2024-09-03,2024-09-03 11:20:00,2024-09-03 11:20:00,JYU24.csv,386,JYU24.csv,-2.0,68.78,68.71,137.42,137.42,-0.0
45538,11,30,68.72,-8,2024-09-03,2024-09-03 11:30:00,2024-09-03 11:30:00,JYU24.csv,183,JYU24.csv,-6.0,68.725,68.725,412.32,412.34999999999997,0.029999999999972715
45538,11,40,68.665,-6,2024-09-03,2024-09-03 11:40:00,2024-09-03 11:40:00,JYU24.csv,96,JYU24.csv,2.0,68.63000000000001,68.69,137.33,137.38,-0.04999999999998295
45538,13,0,68.735,-2,2024-09-03,2024-09-03 13:00:00,2024-09-03 13:00:00,JYU24.csv,114,JYU24.csv,4.0,68.675,68.745,274.94,274.98,-0.040000000000020464
45539,8,0,69.135,-3,2024-09-04,2024-09-04 08:00:00,2024-09-04 08:00:00,JYU24.csv,101,JYU24.csv,-1.0,69.085,69.085,69.135,69.085,-0.05000000000001137
45539,8,50,69.0,-5,2024-09-04,2024-09-04 08:50:00,2024-09-04 08:50:00,JYU24.csv,120,JYU24.csv,-2.0,69.02499999999999,69.02499999999999,138.0,138.04999999999998,0.04999999999998295
45539,9,0,69.065,-8,2024-09-04,2024-09-04 09:00:00,2024-09-04 09:00:00,JYU24.csv,77,JYU24.csv,-3.0,69.075,69.075,207.195,207.22500000000002,0.03000000000002956
45539,9,10,69.05,-2,2024-09-04,2024-09-04 09:10:00,2024-09-04 09:10:00,JYU24.csv,110,JYU24.csv,6.0,69.03500000000001,69.115,414.29999999999995,414.68999999999994,-0.38999999999998636
45539,9,20,69.095,1,2024-09-04,2024-09-04 09:20:00,2024-09-04 09:20:00,JYU24.csv,29,JYU24.csv,3.0,69.1,69.1,207.285,207.29999999999998,-0.014999999999986358
45539,9,30,69.15,0,2024-09-04,2024-09-04 09:30:00,2024-09-04 09:30:00,JYU24.csv,356,JYU24.csv,-1.0,69.19,69.19,69.15,69.19,0.03999999999999204
45539,9,40,69.16,5,2024-09-04,2024-09-04 09:40:00,2024-09-04 09:40:00,JYU24.csv,301,JYU24.csv,5.0,69.15,69.15,345.79999999999995,345.75,0.049999999999954525
45539,9,50,69.19,2,2024-09-04,2024-09-04 09:50:00,2024-09-04 09:50:00,JYU24.csv,403,JYU24.csv,-3.0,69.2,69.2,207.57,207.60000000000002,0.03000000000002956
45539,10,0,69.2,-3,2024-09-04,2024-09-04 10:00:00,2024-09-04 10:00:00,JYU24.csv,5412,JYU24.csv,-5.0,69.41499999999999,69.41499999999999,346.0,347.07499999999993,1.0749999999999318
45539,10,20,69.445,-6,2024-09-04,2024-09-04 10:20:00,2024-09-04 10:20:00,JYU24.csv,324,JYU24.csv,-3.0,69.5,69.5,208.33499999999998,208.5,0.16500000000002046
45539,10,40,69.525,-5,2024-09-04,2024-09-04 10:40:00,2024-09-04 10:40:00,JYU24.csv,407,JYU24.csv,1.0,69.485,69.485,69.525,69.485,0.04000000000000625
45539,11,0,69.51,-7,2024-09-04,2024-09-04 11:00:00,2024-09-04 11:00:00,JYU24.csv,395,JYU24.csv,-2.0,69.445,69.445,139.02,138.89,-0.13000000000002387
45539,11,10,69.43,-2,2024-09-04,2024-09-04 11:10:00,2024-09-04 11:10:00,JYU24.csv,128,JYU24.csv,5.0,69.38,69.38,347.15000000000003,346.9,0.25000000000005684
45539,11,30,69.415,-7,2024-09-04,2024-09-04 11:30:00,2024-09-04 11:30:00,JYU24.csv,531,JYU24.csv,-5.0,69.47999999999999,69.435,347.07500000000005,347.175,0.0999999999999659
45539,13,0,69.545,-3,2024-09-04,2024-09-04 13:00:00,2024-09-04 13:00:00,JYU24.csv,74,JYU24.csv,4.0,69.505,69.535,278.18,278.14,0.040000000000020464
45540,6,30,69.77,-6,2024-09-05,2024-09-05 06:30:00,2024-09-05 06:30:00,JYU24.csv,33,JYU24.csv,-3.0,69.78999999999999,69.75,209.31,209.25,-0.060000000000002274
45540,8,0,69.805,0,2024-09-05,2024-09-05 08:00:00,2024-09-05 08:00:00,JYU24.csv,150,JYU24.csv,6.0,69.75500000000001,69.75500000000001,418.83000000000004,418.5300000000001,0.2999999999999545
45540,9,0,69.975,-2,2024-09-05,2024-09-05 09:00:00,2024-09-05 09:00:00,JYU24.csv,307,JYU24.csv,-2.0,69.99,69.99,139.95,139.98,0.030000000000001137
45540,9,20,69.915,0,2024-09-05,2024-09-05 09:20:00,2024-09-05 09:20:00,JYU24.csv,128,JYU24.csv,2.0,69.875,69.925,139.83,139.85,-0.01999999999998181
45540,9,40,69.935,-2,2024-09-05,2024-09-05 09:40:00,2024-09-05 09:40:00,JYU24.csv,168,JYU24.csv,-2.0,69.975,69.975,139.87,139.95,0.07999999999998408
45540,10,10,69.735,0,2024-09-05,2024-09-05 10:10:00,2024-09-05 10:10:00,JYU24.csv,295,JYU24.csv,2.0,69.74,69.74,139.47,139.48,-0.009999999999990905
45540,10,30,69.64,4,2024-09-05,2024-09-05 10:30:00,2024-09-05 10:30:00,JYU24.csv,355,JYU24.csv,4.0,69.455,69.455,278.56,277.82,0.7400000000000091
45540,10,50,69.525,1,2024-09-05,2024-09-05 10:50:00,2024-09-05 10:50:00,JYU24.csv,539,JYU24.csv,-3.0,69.585,69.585,208.57500000000002,208.755,0.1799999999999784
45540,11,0,69.57,0,2024-09-05,2024-09-05 11:00:00,2024-09-05 11:00:00,JYU24.csv,764,JYU24.csv,-1.0,69.585,69.585,69.57,69.585,0.015000000000000568
45540,11,10,69.53,4,2024-09-05,2024-09-05 11:10:00,2024-09-05 11:10:00,JYU24.csv,363,JYU24.csv,4.0,69.515,69.69,278.12,278.76,-0.6399999999999864
45540,11,20,69.625,1,2024-09-05,2024-09-05 11:20:00,2024-09-05 11:20:00,JYU24.csv,115,JYU24.csv,-3.0,69.72,69.72,208.875,209.16,0.2849999999999966
45540,11,30,69.695,-5,2024-09-05,2024-09-05 11:30:00,2024-09-05 11:30:00,JYU24.csv,242,JYU24.csv,-6.0,69.81,69.775,418.16999999999996,418.65000000000003,0.48000000000007503
45540,11,40,69.755,-2,2024-09-05,2024-09-05 11:40:00,2024-09-05 11:40:00,JYU24.csv,377,JYU24.csv,3.0,69.74000000000001,69.74000000000001,209.265,209.22000000000003,0.04499999999995907
45540,11,50,69.765,0,2024-09-05,2024-09-05 11:50:00,2024-09-05 11:50:00,JYU24.csv,214,JYU24.csv,2.0,69.765,69.765,139.53,139.53,0.0
45540,12,0,69.815,-3,2024-09-05,2024-09-05 12:00:00,2024-09-05 12:00:00,JYU24.csv,257,JYU24.csv,-3.0,69.815,69.815,209.445,209.445,-0.0
45540,12,20,69.825,0,2024-09-05,2024-09-05 12:20:00,2024-09-05 12:20:00,JYU24.csv,155,JYU24.csv,3.0,69.765,69.795,209.47500000000002,209.385,0.09000000000003183
45540,13,0,69.815,1,2024-09-05,2024-09-05 13:00:00,2024-09-05 13:00:00,JYU24.csv,140,JYU24.csv,1.0,69.835,69.835,69.815,69.835,-0.01999999999999602
45541,6,30,70.05,-3,2024-09-06,2024-09-06 06:30:00,2024-09-06 06:30:00,JYU24.csv,14,JYU24.csv,-4.0,70.075,70.075,280.2,280.3,0.10000000000002274
45541,8,0,69.98,-4,2024-09-06,2024-09-06 08:00:00,2024-09-06 08:00:00,JYU24.csv,190,JYU24.csv,-1.0,70.0,69.945,69.98,69.945,-0.0350000000000108
45541,8,50,70.125,-6,2024-09-06,2024-09-06 08:50:00,2024-09-06 08:50:00,JYU24.csv,617,JYU24.csv,-2.0,70.05499999999999,70.05499999999999,140.25,140.10999999999999,-0.14000000000001478
45541,9,0,70.02,-8,2024-09-06,2024-09-06 09:00:00,2024-09-06 09:00:00,JYU24.csv,351,JYU24.csv,-2.0,70.05499999999999,70.05499999999999,140.04,140.10999999999999,0.06999999999999318
45541,9,10,69.875,-9,2024-09-06,2024-09-06 09:10:00,2024-09-06 09:10:00,JYU24.csv,536,JYU24.csv,-1.0,69.945,69.945,69.875,69.945,0.06999999999999318
45541,9,30,69.87,-6,2024-09-06,2024-09-06 09:30:00,2024-09-06 09:30:00,JYU24.csv,316,JYU24.csv,3.0,69.83500000000001,69.83500000000001,209.61,209.50500000000002,0.10499999999998977
45541,9,50,69.595,-7,2024-09-06,2024-09-06 09:50:00,2024-09-06 09:50:00,JYU24.csv,583,JYU24.csv,-1.0,69.795,69.795,69.595,69.795,0.20000000000000284
45541,10,10,69.89,-6,2024-09-06,2024-09-06 10:10:00,2024-09-06 10:10:00,JYU24.csv,766,JYU24.csv,1.0,69.92,69.92,69.89,69.92,-0.030000000000001137
45541,10,20,70.05,-8,2024-09-06,2024-09-06 10:20:00,2024-09-06 10:20:00,JYU24.csv,1250,JYU24.csv,-2.0,70.22999999999999,70.22999999999999,140.1,140.45999999999998,0.3599999999999852
45541,10,30,70.195,-4,2024-09-06,2024-09-06 10:30:00,2024-09-06 10:30:00,JYU24.csv,573,JYU24.csv,4.0,70.16,70.16,280.78,280.64,0.13999999999998636
45541,10,40,70.315,-2,2024-09-06,2024-09-06 10:40:00,2024-09-06 10:40:00,JYU24.csv,526,JYU24.csv,2.0,70.345,70.345,140.63,140.69,-0.060000000000002274
45541,10,50,70.345,-3,2024-09-06,2024-09-06 10:50:00,2024-09-06 10:50:00,JYU24.csv,223,JYU24.csv,-1.0,70.315,70.315,70.345,70.315,-0.030000000000001137
45541,11,0,70.28,-7,2024-09-06,2024-09-06 11:00:00,2024-09-06 11:00:00,JYU24.csv,8336,JYU24.csv,-4.0,70.315,70.315,281.12,281.26,0.13999999999998636
45541,11,10,70.175,-1,2024-09-06,2024-09-06 11:10:00,2024-09-06 11:10:00,JYU24.csv,749,JYU24.csv,6.0,70.36,70.36,421.04999999999995,422.15999999999997,-1.1100000000000136
45541,11,20,70.54,-2,2024-09-06,2024-09-06 11:20:00,2024-09-06 11:20:00,JYU24.csv,567,JYU24.csv,-1.0,70.49,70.49,70.54,70.49,-0.05000000000001137
45541,11,30,70.455,-7,2024-09-06,2024-09-06 11:30:00,2024-09-06 11:30:00,JYU24.csv,343,JYU24.csv,-5.0,70.49,70.46,352.275,352.29999999999995,0.024999999999977263
45541,11,40,70.335,-6,2024-09-06,2024-09-06 11:40:00,2024-09-06 11:40:00,JYU24.csv,324,JYU24.csv,1.0,70.385,70.385,70.335,70.385,-0.05000000000001137
45541,13,0,70.28,-2,2024-09-06,2024-09-06 13:00:00,2024-09-06 13:00:00,JYU24.csv,121,JYU24.csv,4.0,70.245,70.245,281.12,280.98,0.13999999999998636
45541,16,15,70.31,0,2024-09-06,2024-09-06 16:15:00,2024-09-06 16:15:00,JYU24.csv,12,JYU24.csv,2.0,70.28,70.33,140.62,140.66,-0.03999999999999204
45544,6,30,69.655,-7,2024-09-09,2024-09-09 06:30:00,2024-09-09 06:30:00,JYU24.csv,105,JYU24.csv,-7.0,69.685,69.665,487.58500000000004,487.65500000000003,0.06999999999999318
45544,8,0,69.71,-5,2024-09-09,2024-09-09 08:00:00,2024-09-09 08:00:00,JYU24.csv,75,JYU24.csv,2.0,69.695,69.695,139.42,139.39,0.030000000000001137
45544,10,0,70.105,-6,2024-09-09,2024-09-09 10:00:00,2024-09-09 10:00:00,JYU24.csv,498,JYU24.csv,-1.0,70.14,70.14,70.105,70.14,0.03499999999999659
45544,10,20,70.095,-5,2024-09-09,2024-09-09 10:20:00,2024-09-09 10:20:00,JYU24.csv,165,JYU24.csv,1.0,70.105,70.105,70.095,70.105,-0.010000000000005116
45544,10,30,70.14,2,2024-09-09,2024-09-09 10:30:00,2024-09-09 10:30:00,JYU24.csv,727,JYU24.csv,7.0,70.105,70.105,490.98,490.735,0.24500000000000455
45544,11,0,70.135,-2,2024-09-09,2024-09-09 11:00:00,2024-09-09 11:00:00,JYU24.csv,329,JYU24.csv,-4.0,70.17,70.11,280.54,280.44,-0.10000000000002274
45544,11,10,70.055,3,2024-09-09,2024-09-09 11:10:00,2024-09-09 11:10:00,JYU24.csv,118,JYU24.csv,5.0,70.06,70.06,350.27500000000003,350.3,-0.024999999999977263
45544,11,20,70.125,1,2024-09-09,2024-09-09 11:20:00,2024-09-09 11:20:00,JYU24.csv,80,JYU24.csv,-2.0,70.06,70.06,140.25,140.12,-0.12999999999999545
45544,11,30,70.025,2,2024-09-09,2024-09-09 11:30:00,2024-09-09 11:30:00,JYU24.csv,217,JYU24.csv,1.0,69.99000000000001,70.065,70.025,70.065,-0.03999999999999204
45544,11,40,70.05,4,2024-09-09,2024-09-09 11:40:00,2024-09-09 11:40:00,JYU24.csv,155,JYU24.csv,2.0,70.02000000000001,70.02000000000001,140.1,140.04000000000002,0.05999999999997385
45544,11,50,70.015,-2,2024-09-09,2024-09-09 11:50:00,2024-09-09 11:50:00,JYU24.csv,78,JYU24.csv,-6.0,70.075,70.075,420.09000000000003,420.45000000000005,0.36000000000001364
45544,13,0,70.06,2,2024-09-09,2024-09-09 13:00:00,2024-09-09 13:00:00,JYU24.csv,45,JYU24.csv,4.0,70.03,70.095,280.24,280.38,-0.13999999999998636
45545,2,30,69.865,3,2024-09-10,2024-09-10 02:30:00,2024-09-10 02:30:00,JYU24.csv,55,JYU24.csv,1.0,69.845,69.845,69.865,69.845,0.01999999999999602
45545,8,0,69.93,-3,2024-09-10,2024-09-10 08:00:00,2024-09-10 08:00:00,JYU24.csv,64,JYU24.csv,-6.0,69.92,69.92,419.58000000000004,419.52,-0.06000000000005912
45545,8,30,70.01,-4,2024-09-10,2024-09-10 08:30:00,2024-09-10 08:30:00,JYU24.csv,189,JYU24.csv,-1.0,70.085,70.085,70.01,70.085,0.07499999999998863
45545,8,50,70.09,-6,2024-09-10,2024-09-10 08:50:00,2024-09-10 08:50:00,JYU24.csv,66,JYU24.csv,-2.0,70.07,70.07,140.18,140.14,-0.040000000000020464
45545,9,0,70.055,-3,2024-09-10,2024-09-10 09:00:00,2024-09-10 09:00:00,JYU24.csv,158,JYU24.csv,3.0,70.03,70.03,210.16500000000002,210.09,0.07500000000001705
45545,9,10,70.025,-1,2024-09-10,2024-09-10 09:10:00,2024-09-10 09:10:00,JYU24.csv,145,JYU24.csv,2.0,69.96000000000001,69.96000000000001,140.05,139.92000000000002,0.12999999999999545
45545,10,20,70.205,-2,2024-09-10,2024-09-10 10:20:00,2024-09-10 10:20:00,JYU24.csv,652,JYU24.csv,-1.0,70.205,70.205,70.205,70.205,-0.0
45545,10,30,70.145,2,2024-09-10,2024-09-10 10:30:00,2024-09-10 10:30:00,JYU24.csv,376,JYU24.csv,4.0,70.14,70.14,280.58,280.56,0.01999999999998181
45545,10,40,70.175,3,2024-09-10,2024-09-10 10:40:00,2024-09-10 10:40:00,JYU24.csv,460,JYU24.csv,1.0,70.125,70.125,70.175,70.125,0.04999999999999716
45545,10,50,70.125,-1,2024-09-10,2024-09-10 10:50:00,2024-09-10 10:50:00,JYU24.csv,422,JYU24.csv,-4.0,70.17999999999999,70.17999999999999,280.5,280.71999999999997,0.21999999999997044
45545,11,0,70.13,-2,2024-09-10,2024-09-10 11:00:00,2024-09-10 11:00:00,JYU24.csv,603,JYU24.csv,-1.0,70.17999999999999,70.17999999999999,70.13,70.17999999999999,0.04999999999999716
45545,11,50,70.27,-3,2024-09-10,2024-09-10 11:50:00,2024-09-10 11:50:00,JYU24.csv,245,JYU24.csv,-1.0,70.395,70.325,70.27,70.325,0.05500000000000682
45545,12,10,70.32,-2,2024-09-10,2024-09-10 12:10:00,2024-09-10 12:10:00,JYU24.csv,89,JYU24.csv,1.0,70.27,70.32,70.32,70.32,0.0
45545,13,0,70.255,-1,2024-09-10,2024-09-10 13:00:00,2024-09-10 13:00:00,JYU24.csv,106,JYU24.csv,1.0,70.225,70.225,70.255,70.225,0.030000000000001137
45546,6,30,70.695,-4,2024-09-11,2024-09-11 06:30:00,2024-09-11 06:30:00,JYU24.csv,108,JYU24.csv,-3.0,70.745,70.685,212.08499999999998,212.055,-0.029999999999972715
45546,8,0,70.625,-1,2024-09-11,2024-09-11 08:00:00,2024-09-11 08:00:00,JYU24.csv,249,JYU24.csv,3.0,70.53,70.555,211.875,211.66500000000002,0.20999999999997954
45546,8,40,70.28,2,2024-09-11,2024-09-11 08:40:00,2024-09-11 08:40:00,JYU24.csv,715,JYU24.csv,3.0,70.225,70.225,210.84,210.67499999999998,0.16500000000002046
45546,9,0,70.32,-2,2024-09-11,2024-09-11 09:00:00,2024-09-11 09:00:00,JYU24.csv,482,JYU24.csv,-4.0,70.365,70.365,281.28,281.46,0.18000000000000682
45546,9,20,70.39,-1,2024-09-11,2024-09-11 09:20:00,2024-09-11 09:20:00,JYZ24.csv,134,JYU24.csv,1.0,70.315,70.315,70.39,70.315,0.07500000000000284
45546,9,30,70.31,-5,2024-09-11,2024-09-11 09:30:00,2024-09-11 09:30:00,JYU24.csv,697,JYU24.csv,-4.0,70.455,70.455,281.24,281.82,0.5799999999999841
45546,9,40,70.36,-6,2024-09-11,2024-09-11 09:40:00,2024-09-11 09:40:00,JYU24.csv,362,JYU24.csv,-1.0,70.455,70.455,70.36,70.455,0.09499999999999886
45546,9,50,70.49,-2,2024-09-11,2024-09-11 09:50:00,2024-09-11 09:50:00,JYU24.csv,278,JYU24.csv,4.0,70.50500000000001,70.50500000000001,281.96,282.02000000000004,-0.06000000000005912
45546,10,20,70.815,-5,2024-09-11,2024-09-11 10:20:00,2024-09-11 10:20:00,JYU24.csv,491,JYU24.csv,-3.0,70.77,70.77,212.445,212.31,-0.1349999999999909
45546,10,30,70.755,1,2024-09-11,2024-09-11 10:30:00,2024-09-11 10:30:00,JYU24.csv,423,JYU24.csv,6.0,70.715,70.715,424.53,424.29,0.23999999999995225
45546,10,40,70.74,4,2024-09-11,2024-09-11 10:40:00,2024-09-11 10:40:00,JYU24.csv,220,JYU24.csv,3.0,70.715,70.715,212.21999999999997,212.145,0.07499999999996021
45546,10,50,70.825,-2,2024-09-11,2024-09-11 10:50:00,2024-09-11 10:50:00,JYU24.csv,409,JYU24.csv,-6.0,70.82,70.82,424.95000000000005,424.91999999999996,-0.030000000000086402
45546,11,0,70.77,-6,2024-09-11,2024-09-11 11:00:00,2024-09-11 11:00:00,JYU24.csv,681,JYU24.csv,-4.0,70.74,70.74,283.08,282.96,-0.12000000000000455
45546,11,10,70.72,-3,2024-09-11,2024-09-11 11:10:00,2024-09-11 11:10:00,JYU24.csv,210,JYU24.csv,3.0,70.675,70.675,212.16,212.02499999999998,0.13500000000001933
45546,11,20,70.67,-5,2024-09-11,2024-09-11 11:20:00,2024-09-11 11:20:00,JYU24.csv,255,JYU24.csv,-2.0,70.78,70.73,141.34,141.46,0.12000000000000455
45546,11,30,70.755,-7,2024-09-11,2024-09-11 11:30:00,2024-09-11 11:30:00,JYU24.csv,81,JYU24.csv,-2.0,70.675,70.675,141.51,141.35,-0.1599999999999966
45546,11,40,70.685,-5,2024-09-11,2024-09-11 11:40:00,2024-09-11 11:40:00,JYU24.csv,318,JYU24.csv,2.0,70.61,70.61,141.37,141.22,0.15000000000000568
45546,11,50,70.59,-3,2024-09-11,2024-09-11 11:50:00,2024-09-11 11:50:00,JYU24.csv,246,JYU24.csv,2.0,70.64,70.64,141.18,141.28,-0.09999999999999432
45546,12,0,70.605,-5,2024-09-11,2024-09-11 12:00:00,2024-09-11 12:00:00,JYU24.csv,153,JYU24.csv,-2.0,70.55499999999999,70.55499999999999,141.21,141.10999999999999,-0.10000000000002274
45546,12,20,70.49,-3,2024-09-11,2024-09-11 12:20:00,2024-09-11 12:20:00,JYU24.csv,191,JYU24.csv,2.0,70.465,70.465,140.98,140.93,0.04999999999998295
45546,13,0,70.5,1,2024-09-11,2024-09-11 13:00:00,2024-09-11 13:00:00,JYU24.csv,90,JYU24.csv,4.0,70.35000000000001,70.38,282.0,281.52,0.4800000000000182
45547,8,0,70.155,-2,2024-09-12,2024-09-12 08:00:00,2024-09-12 08:00:00,JYU24.csv,120,JYZ24.csv,-3.0,71.075,71.075,210.465,213.22500000000002,2.7600000000000193
45547,9,0,70.385,-1,2024-09-12,2024-09-12 09:00:00,2024-09-12 09:00:00,JYU24.csv,381,JYU24.csv,1.0,70.38,70.38,70.385,70.38,0.005000000000009663
45547,9,10,70.4,-3,2024-09-12,2024-09-12 09:10:00,2024-09-12 09:10:00,JYU24.csv,214,JYU24.csv,-2.0,70.405,70.245,140.8,140.49,-0.3100000000000023
45547,9,20,70.325,-1,2024-09-12,2024-09-12 09:20:00,2024-09-12 09:20:00,JYZ24.csv,216,JYZ24.csv,2.0,71.13,71.13,140.65,142.26,-1.6099999999999852
45547,9,30,70.305,1,2024-09-12,2024-09-12 09:30:00,2024-09-12 09:30:00,JYZ24.csv,324,JYU24.csv,2.0,70.26,70.26,140.61,140.52,0.09000000000000341
45547,9,40,70.315,-1,2024-09-12,2024-09-12 09:40:00,2024-09-12 09:40:00,JYU24.csv,244,JYU24.csv,-2.0,70.45,70.45,140.63,140.9,0.27000000000001023
45547,10,0,70.42,-4,2024-09-12,2024-09-12 10:00:00,2024-09-12 10:00:00,JYU24.csv,296,JYU24.csv,-3.0,70.44,70.25,211.26,210.75,-0.5099999999999909
45547,10,10,70.33,-1,2024-09-12,2024-09-12 10:10:00,2024-09-12 10:10:00,JYU24.csv,307,JYU24.csv,3.0,70.205,70.255,210.99,210.765,0.22500000000002274
45547,10,20,70.245,2,2024-09-12,2024-09-12 10:20:00,2024-09-12 10:20:00,JYU24.csv,308,JYU24.csv,3.0,70.165,70.165,210.735,210.495,0.2400000000000091
45547,10,30,70.25,-1,2024-09-12,2024-09-12 10:30:00,2024-09-12 10:30:00,JYZ24.csv,111,JYZ24.csv,-3.0,71.125,71.125,210.75,213.375,2.625
45547,11,0,70.195,-3,2024-09-12,2024-09-12 11:00:00,2024-09-12 11:00:00,JYU24.csv,349,JYU24.csv,-2.0,70.225,70.225,140.39,140.45,0.060000000000002274
45547,13,0,70.18,-1,2024-09-12,2024-09-12 13:00:00,2024-09-12 13:00:00,JYU24.csv,95,JYU24.csv,2.0,70.14500000000001,70.23,140.36,140.46,-0.09999999999999432
45548,6,30,72.03,-5,2024-09-13,2024-09-13 06:30:00,2024-09-13 06:30:00,JYZ24.csv,55,JYZ24.csv,-4.0,72.08500000000001,72.08500000000001,288.12,288.34000000000003,0.22000000000002728
45548,8,0,71.89,-9,2024-09-13,2024-09-13 08:00:00,2024-09-13 08:00:00,JYZ24.csv,333,JYZ24.csv,-4.0,71.86,71.86,287.56,287.44,-0.12000000000000455
45548,9,0,71.95,-3,2024-09-13,2024-09-13 09:00:00,2024-09-13 09:00:00,JYZ24.csv,310,JYZ24.csv,6.0,71.955,71.955,431.70000000000005,431.73,-0.029999999999972715
45548,9,10,72.025,0,2024-09-13,2024-09-13 09:10:00,2024-09-13 09:10:00,JYZ24.csv,275,JYZ24.csv,3.0,72.05,72.05,216.07500000000002,216.14999999999998,-0.07499999999996021
45548,9,20,72.075,-6,2024-09-13,2024-09-13 09:20:00,2024-09-13 09:20:00,JYZ24.csv,256,JYZ24.csv,-6.0,72.11,72.11,432.45000000000005,432.65999999999997,0.2099999999999227
45548,9,30,72.085,-7,2024-09-13,2024-09-13 09:30:00,2024-09-13 09:30:00,JYZ24.csv,302,JYZ24.csv,-1.0,72.05,72.05,72.085,72.05,-0.03499999999999659
45548,9,50,72.09,-9,2024-09-13,2024-09-13 09:50:00,2024-09-13 09:50:00,JYZ24.csv,927,JYZ24.csv,-2.0,72.125,72.125,144.18,144.25,0.06999999999999318
45548,10,30,72.02,-2,2024-09-13,2024-09-13 10:30:00,2024-09-13 10:30:00,JYZ24.csv,254,JYZ24.csv,7.0,71.96000000000001,71.96000000000001,504.14,503.72,0.4199999999999591
45548,11,0,71.99,-6,2024-09-13,2024-09-13 11:00:00,2024-09-13 11:00:00,JYZ24.csv,253,JYZ24.csv,-4.0,72.035,72.035,287.96,288.14,0.18000000000000682
45548,11,10,72.025,-10,2024-09-13,2024-09-13 11:10:00,2024-09-13 11:10:00,JYZ24.csv,124,JYZ24.csv,-4.0,72.13,72.13,288.1,288.52,0.4199999999999591
45548,11,50,72.015,-9,2024-09-13,2024-09-13 11:50:00,2024-09-13 11:50:00,JYZ24.csv,99,JYZ24.csv,1.0,71.975,71.975,72.015,71.975,0.04000000000000625
45548,13,0,71.9,-5,2024-09-13,2024-09-13 13:00:00,2024-09-13 13:00:00,JYZ24.csv,139,JYZ24.csv,4.0,71.865,71.865,287.6,287.46,0.1400000000000432
45548,16,15,71.83,0,2024-09-13,2024-09-13 16:15:00,2024-09-13 16:15:00,JYZ24.csv,21,JYZ24.csv,5.0,71.83500000000001,71.83500000000001,359.15,359.17500000000007,-0.02500000000009095
45551,6,30,72.255,-3,2024-09-16,2024-09-16 06:30:00,2024-09-16 06:30:00,JYZ24.csv,82,JYZ24.csv,-3.0,72.32,72.26,216.765,216.78000000000003,0.015000000000043201
45551,8,0,72.365,-5,2024-09-16,2024-09-16 08:00:00,2024-09-16 08:00:00,JYZ24.csv,307,JYZ24.csv,-2.0,72.36999999999999,72.36999999999999,144.73,144.73999999999998,0.009999999999990905
45551,8,40,72.165,-6,2024-09-16,2024-09-16 08:40:00,2024-09-16 08:40:00,JYZ24.csv,765,JYZ24.csv,-1.0,72.125,72.125,72.165,72.125,-0.04000000000000625
45551,9,0,72.185,-7,2024-09-16,2024-09-16 09:00:00,2024-09-16 09:00:00,JYZ24.csv,267,JYZ24.csv,-1.0,72.195,72.195,72.185,72.195,0.009999999999990905
45551,9,20,72.105,-5,2024-09-16,2024-09-16 09:20:00,2024-09-16 09:20:00,JYZ24.csv,423,JYZ24.csv,2.0,72.07,72.07,144.21,144.14,0.0700000000000216
45551,10,10,71.95,-2,2024-09-16,2024-09-16 10:10:00,2024-09-16 10:10:00,JYZ24.csv,177,JYZ24.csv,3.0,71.99,71.99,215.85000000000002,215.96999999999997,-0.1199999999999477
45551,10,40,72.13,0,2024-09-16,2024-09-16 10:40:00,2024-09-16 10:40:00,JYZ24.csv,237,JYZ24.csv,2.0,72.065,72.065,144.26,144.13,0.12999999999999545
45551,11,0,72.075,-4,2024-09-16,2024-09-16 11:00:00,2024-09-16 11:00:00,JYZ24.csv,192,JYZ24.csv,-4.0,72.07,72.07,288.3,288.28,-0.020000000000038654
45551,11,10,72.0,1,2024-09-16,2024-09-16 11:10:00,2024-09-16 11:10:00,JYZ24.csv,153,JYZ24.csv,5.0,71.985,71.985,360.0,359.925,0.07499999999998863
45551,11,30,71.985,-4,2024-09-16,2024-09-16 11:30:00,2024-09-16 11:30:00,JYZ24.csv,178,JYZ24.csv,-5.0,71.94,71.94,359.925,359.7,-0.22500000000002274
45551,11,40,71.915,-6,2024-09-16,2024-09-16 11:40:00,2024-09-16 11:40:00,JYZ24.csv,168,JYZ24.csv,-2.0,71.88499999999999,71.88499999999999,143.83,143.76999999999998,-0.060000000000030695
45551,12,0,71.9,-4,2024-09-16,2024-09-16 12:00:00,2024-09-16 12:00:00,JYZ24.csv,177,JYZ24.csv,2.0,71.895,71.895,143.8,143.79,0.010000000000019327
45551,13,0,71.975,-2,2024-09-16,2024-09-16 13:00:00,2024-09-16 13:00:00,JYZ24.csv,41,JYZ24.csv,2.0,71.96,71.96,143.95,143.92,0.030000000000001137
45552,8,40,71.8,-4,2024-09-17,2024-09-17 08:40:00,2024-09-17 08:40:00,JYZ24.csv,381,JYZ24.csv,-2.0,71.845,71.845,143.6,143.69,0.09000000000000341
45552,9,0,71.795,-2,2024-09-17,2024-09-17 09:00:00,2024-09-17 09:00:00,JYZ24.csv,389,JYZ24.csv,2.0,71.775,71.775,143.59,143.55,0.03999999999999204
45552,9,30,71.705,-4,2024-09-17,2024-09-17 09:30:00,2024-09-17 09:30:00,JYZ24.csv,281,JYZ24.csv,-2.0,71.735,71.615,143.41,143.23,-0.18000000000000682
45552,9,50,71.55,-6,2024-09-17,2024-09-17 09:50:00,2024-09-17 09:50:00,JYZ24.csv,396,JYZ24.csv,-2.0,71.52,71.52,143.1,143.04,-0.060000000000002274
45552,10,10,71.475,-2,2024-09-17,2024-09-17 10:10:00,2024-09-17 10:10:00,JYZ24.csv,540,JYZ24.csv,4.0,71.39999999999999,71.39999999999999,285.9,285.59999999999997,0.30000000000001137
45552,10,50,71.355,1,2024-09-17,2024-09-17 10:50:00,2024-09-17 10:50:00,JYZ24.csv,334,JYZ24.csv,3.0,71.405,71.405,214.065,214.215,-0.15000000000000568
45552,11,0,71.435,0,2024-09-17,2024-09-17 11:00:00,2024-09-17 11:00:00,JYZ24.csv,1116,JYZ24.csv,-1.0,71.46000000000001,71.46000000000001,71.435,71.46000000000001,0.025000000000005684
45552,11,10,71.425,-3,2024-09-17,2024-09-17 11:10:00,2024-09-17 11:10:00,JYZ24.csv,229,JYZ24.csv,-3.0,71.51,71.39,214.27499999999998,214.17000000000002,-0.10499999999996135
45552,13,0,71.405,-2,2024-09-17,2024-09-17 13:00:00,2024-09-17 13:00:00,JYZ24.csv,89,JYZ24.csv,1.0,71.38,71.38,71.405,71.38,0.025000000000005684
45553,6,30,71.485,-7,2024-09-18,2024-09-18 06:30:00,2024-09-18 06:30:00,JYZ24.csv,47,JYZ24.csv,-5.0,71.505,71.445,357.425,357.22499999999997,-0.20000000000004547
45553,8,0,71.34,-5,2024-09-18,2024-09-18 08:00:00,2024-09-18 08:00:00,JYZ24.csv,54,JYZ24.csv,2.0,71.32000000000001,71.32000000000001,142.68,142.64000000000001,0.03999999999999204
45553,9,20,71.415,-6,2024-09-18,2024-09-18 09:20:00,2024-09-18 09:20:00,JYZ24.csv,55,JYZ24.csv,-1.0,71.39999999999999,71.39999999999999,71.415,71.39999999999999,-0.01500000000001478
45553,9,40,71.36,-5,2024-09-18,2024-09-18 09:40:00,2024-09-18 09:40:00,JYZ24.csv,54,JYZ24.csv,1.0,71.33500000000001,71.33500000000001,71.36,71.33500000000001,0.024999999999991473
45553,10,20,71.345,-2,2024-09-18,2024-09-18 10:20:00,2024-09-18 10:20:00,JYZ24.csv,242,JYZ24.csv,3.0,71.28,71.31,214.035,213.93,0.10499999999998977
45553,10,30,71.3,7,2024-09-18,2024-09-18 10:30:00,2024-09-18 10:30:00,JYZ24.csv,383,JYZ24.csv,9.0,71.28,71.33,641.6999999999999,641.97,-0.2700000000000955
45553,10,40,71.325,4,2024-09-18,2024-09-18 10:40:00,2024-09-18 10:40:00,JYZ24.csv,51,JYZ24.csv,-3.0,71.35,71.35,213.97500000000002,214.04999999999998,0.07499999999996021
45553,10,50,71.295,0,2024-09-18,2024-09-18 10:50:00,2024-09-18 10:50:00,JYZ24.csv,370,JYZ24.csv,-4.0,71.285,71.285,285.18,285.14,-0.040000000000020464
45553,11,0,71.265,1,2024-09-18,2024-09-18 11:00:00,2024-09-18 11:00:00,JYZ24.csv,203,JYZ24.csv,1.0,71.245,71.285,71.265,71.285,-0.01999999999999602
45553,13,0,71.33,0,2024-09-18,2024-09-18 13:00:00,2024-09-18 13:00:00,JYZ24.csv,88,JYZ24.csv,-1.0,71.35,71.35,71.33,71.35,0.01999999999999602
45554,6,30,70.685,-2,2024-09-19,2024-09-19 06:30:00,2024-09-19 06:30:00,JYZ24.csv,98,JYZ24.csv,-2.0,70.73,70.71,141.37,141.42,0.04999999999998295
45554,8,0,70.75,-6,2024-09-19,2024-09-19 08:00:00,2024-09-19 08:00:00,JYZ24.csv,211,JYZ24.csv,-4.0,70.795,70.745,283.0,282.98,-0.01999999999998181
45554,9,0,70.33,-5,2024-09-19,2024-09-19 09:00:00,2024-09-19 09:00:00,JYZ24.csv,479,JYZ24.csv,1.0,70.285,70.465,70.33,70.465,-0.13500000000000512
45554,9,40,70.455,-3,2024-09-19,2024-09-19 09:40:00,2024-09-19 09:40:00,JYZ24.csv,341,JYZ24.csv,2.0,70.46,70.46,140.91,140.92,-0.009999999999990905
45554,10,0,70.55,-6,2024-09-19,2024-09-19 10:00:00,2024-09-19 10:00:00,JYZ24.csv,427,JYZ24.csv,-3.0,70.595,70.595,211.64999999999998,211.785,0.13500000000001933
45554,10,20,70.63,-3,2024-09-19,2024-09-19 10:20:00,2024-09-19 10:20:00,JYZ24.csv,111,JYZ24.csv,3.0,70.64999999999999,70.64999999999999,211.89,211.95,-0.060000000000002274
45554,10,30,70.69,-2,2024-09-19,2024-09-19 10:30:00,2024-09-19 10:30:00,JYZ24.csv,318,JYZ24.csv,1.0,70.64999999999999,70.77,70.69,70.77,-0.0799999999999983
45554,10,50,70.77,-4,2024-09-19,2024-09-19 10:50:00,2024-09-19 10:50:00,JYZ24.csv,362,JYZ24.csv,-2.0,70.805,70.805,141.54,141.61,0.0700000000000216
45554,11,0,70.76,-7,2024-09-19,2024-09-19 11:00:00,2024-09-19 11:00:00,JYZ24.csv,418,JYZ24.csv,-3.0,70.805,70.805,212.28000000000003,212.41500000000002,0.1349999999999909
45554,11,10,70.76,-4,2024-09-19,2024-09-19 11:10:00,2024-09-19 11:10:00,JYZ24.csv,87,JYZ24.csv,3.0,70.765,70.765,212.28000000000003,212.29500000000002,-0.014999999999986358
45554,13,0,70.695,-1,2024-09-19,2024-09-19 13:00:00,2024-09-19 13:00:00,JYZ24.csv,102,JYZ24.csv,3.0,70.64999999999999,70.705,212.08499999999998,212.115,-0.03000000000002956
45555,6,30,70.245,-7,2024-09-20,2024-09-20 06:30:00,2024-09-20 06:30:00,JYZ24.csv,270,JYZ24.csv,-6.0,70.22,70.22,421.47,421.32,-0.1500000000000341
45555,8,0,70.105,-4,2024-09-20,2024-09-20 08:00:00,2024-09-20 08:00:00,JYZ24.csv,1021,JYZ24.csv,3.0,70.05999999999999,70.185,210.315,210.555,-0.2400000000000091
45555,9,0,70.375,-6,2024-09-20,2024-09-20 09:00:00,2024-09-20 09:00:00,JYZ24.csv,164,JYZ24.csv,-2.0,70.435,70.435,140.75,140.87,0.12000000000000455
45555,9,20,70.445,-7,2024-09-20,2024-09-20 09:20:00,2024-09-20 09:20:00,JYZ24.csv,128,JYZ24.csv,-1.0,70.42500000000001,70.42500000000001,70.445,70.42500000000001,-0.01999999999998181
45555,9,30,70.285,-10,2024-09-20,2024-09-20 09:30:00,2024-09-20 09:30:00,JYZ24.csv,270,JYZ24.csv,-3.0,70.23,70.23,210.855,210.69,-0.16499999999999204
45555,9,40,70.255,-6,2024-09-20,2024-09-20 09:40:00,2024-09-20 09:40:00,JYZ24.csv,183,JYZ24.csv,4.0,70.16999999999999,70.205,281.02,280.82,0.19999999999998863
45555,9,50,70.28,-3,2024-09-20,2024-09-20 09:50:00,2024-09-20 09:50:00,JYZ24.csv,341,JYZ24.csv,3.0,70.16999999999999,70.16999999999999,210.84,210.50999999999996,0.3300000000000409
45555,10,30,70.095,3,2024-09-20,2024-09-20 10:30:00,2024-09-20 10:30:00,JYZ24.csv,211,JYZ24.csv,6.0,70.08999999999999,70.08999999999999,420.57,420.53999999999996,0.03000000000002956
45555,10,40,70.14,0,2024-09-20,2024-09-20 10:40:00,2024-09-20 10:40:00,JYZ24.csv,186,JYZ24.csv,-3.0,70.165,70.165,210.42000000000002,210.495,0.07499999999998863
45555,11,0,70.01,-2,2024-09-20,2024-09-20 11:00:00,2024-09-20 11:00:00,JYZ24.csv,1128,JYZ24.csv,-2.0,70.075,70.02,140.02,140.04,0.01999999999998181
45555,13,0,70.33,0,2024-09-20,2024-09-20 13:00:00,2024-09-20 13:00:00,JYZ24.csv,69,JYZ24.csv,2.0,70.25500000000001,70.25500000000001,140.66,140.51000000000002,0.14999999999997726
45558,6,30,70.515,-2,2024-09-23,2024-09-23 06:30:00,2024-09-23 06:30:00,JYZ24.csv,57,JYZ24.csv,-2.0,70.52,70.52,141.03,141.04,0.009999999999990905
45558,8,0,70.405,1,2024-09-23,2024-09-23 08:00:00,2024-09-23 08:00:00,JYZ24.csv,83,JYZ24.csv,3.0,70.395,70.395,211.215,211.185,0.030000000000001137
45558,9,0,70.32,-3,2024-09-23,2024-09-23 09:00:00,2024-09-23 09:00:00,JYZ24.csv,308,JYZ24.csv,-4.0,70.34,70.34,281.28,281.36,0.08000000000004093
45558,9,40,70.32,-5,2024-09-23,2024-09-23 09:40:00,2024-09-23 09:40:00,JYZ24.csv,268,JYZ24.csv,-2.0,70.185,70.185,140.64,140.37,-0.2699999999999818
45558,9,50,70.18,-8,2024-09-23,2024-09-23 09:50:00,2024-09-23 09:50:00,JYZ24.csv,437,JYZ24.csv,-3.0,70.125,70.125,210.54000000000002,210.375,-0.16500000000002046
45558,10,0,70.175,-1,2024-09-23,2024-09-23 10:00:00,2024-09-23 10:00:00,JYZ24.csv,271,JYZ24.csv,7.0,70.07,70.07,491.22499999999997,490.48999999999995,0.7350000000000136
45558,10,10,70.07,6,2024-09-23,2024-09-23 10:10:00,2024-09-23 10:10:00,JYZ24.csv,163,JYZ24.csv,7.0,70.125,70.125,490.48999999999995,490.875,-0.38500000000004775
45558,10,20,70.145,1,2024-09-23,2024-09-23 10:20:00,2024-09-23 10:20:00,JYZ24.csv,115,JYZ24.csv,-5.0,70.305,70.305,350.72499999999997,351.52500000000003,0.8000000000000682
45558,10,30,70.24,-1,2024-09-23,2024-09-23 10:30:00,2024-09-23 10:30:00,JYZ24.csv,177,JYZ24.csv,-2.0,70.305,70.305,140.48,140.61,0.13000000000002387
45558,10,40,70.29,1,2024-09-23,2024-09-23 10:40:00,2024-09-23 10:40:00,JYZ24.csv,101,JYZ24.csv,2.0,70.30999999999999,70.30999999999999,140.58,140.61999999999998,-0.03999999999996362
45558,11,0,70.32,-6,2024-09-23,2024-09-23 11:00:00,2024-09-23 11:00:00,JYZ24.csv,954,JYZ24.csv,-7.0,70.37,70.37,492.23999999999995,492.59000000000003,0.3500000000000796
45558,11,10,70.245,-1,2024-09-23,2024-09-23 11:10:00,2024-09-23 11:10:00,JYZ24.csv,116,JYZ24.csv,5.0,70.27999999999999,70.27999999999999,351.225,351.3999999999999,-0.17499999999989768
45558,11,30,70.275,-6,2024-09-23,2024-09-23 11:30:00,2024-09-23 11:30:00,JYZ24.csv,115,JYZ24.csv,-5.0,70.31,70.31,351.375,351.55,0.17500000000001137
45558,13,0,70.535,-1,2024-09-23,2024-09-23 13:00:00,2024-09-23 13:00:00,JYZ24.csv,131,JYZ24.csv,5.0,70.505,70.505,352.67499999999995,352.525,0.14999999999997726
45559,6,30,70.135,-3,2024-09-24,2024-09-24 06:30:00,2024-09-24 06:30:00,JYZ24.csv,55,JYZ24.csv,-2.0,70.235,70.215,140.27,140.43,0.1599999999999966
45559,8,50,70.21,-5,2024-09-24,2024-09-24 08:50:00,2024-09-24 08:50:00,JYZ24.csv,104,JYZ24.csv,-2.0,70.27499999999999,70.2,140.42,140.4,-0.01999999999998181
45559,9,0,70.22,-3,2024-09-24,2024-09-24 09:00:00,2024-09-24 09:00:00,JYZ24.csv,208,JYZ24.csv,2.0,70.14999999999999,70.14999999999999,140.44,140.29999999999998,0.14000000000001478
45559,9,10,70.19,-1,2024-09-24,2024-09-24 09:10:00,2024-09-24 09:10:00,JYZ24.csv,71,JYZ24.csv,2.0,70.14999999999999,70.14999999999999,140.38,140.29999999999998,0.0800000000000125
45559,10,20,70.44,-4,2024-09-24,2024-09-24 10:20:00,2024-09-24 10:20:00,JYZ24.csv,191,JYZ24.csv,-3.0,70.485,70.485,211.32,211.45499999999998,0.1349999999999909
45559,10,30,70.45,-2,2024-09-24,2024-09-24 10:30:00,2024-09-24 10:30:00,JYZ24.csv,612,JYZ24.csv,2.0,70.38,70.38,140.9,140.76,0.14000000000001478
45559,10,40,70.42,1,2024-09-24,2024-09-24 10:40:00,2024-09-24 10:40:00,JYZ24.csv,182,JYZ24.csv,3.0,70.38,70.38,211.26,211.14,0.12000000000000455
45559,11,0,70.37,-1,2024-09-24,2024-09-24 11:00:00,2024-09-24 11:00:00,JYZ24.csv,291,JYZ24.csv,-2.0,70.39,70.39,140.74,140.78,0.03999999999999204
45559,12,0,70.315,-2,2024-09-24,2024-09-24 12:00:00,2024-09-24 12:00:00,JYZ24.csv,77,JYZ24.csv,-1.0,70.43,70.43,70.315,70.43,0.1150000000000091
45559,12,20,70.425,-1,2024-09-24,2024-09-24 12:20:00,2024-09-24 12:20:00,JYZ24.csv,61,JYZ24.csv,1.0,70.375,70.375,70.425,70.375,0.04999999999999716
45559,13,0,70.47,1,2024-09-24,2024-09-24 13:00:00,2024-09-24 13:00:00,JYZ24.csv,39,JYZ24.csv,2.0,70.375,70.4,140.94,140.8,0.13999999999998636
45560,6,30,70.145,-5,2024-09-25,2024-09-25 06:30:00,2024-09-25 06:30:00,JYZ24.csv,76,JYZ24.csv,-6.0,70.16,70.125,420.87,420.75,-0.12000000000000455
45560,8,0,70.05,-4,2024-09-25,2024-09-25 08:00:00,2024-09-25 08:00:00,JYZ24.csv,106,JYZ24.csv,1.0,70.05,70.05,70.05,70.05,0.0
45560,9,0,70.095,-6,2024-09-25,2024-09-25 09:00:00,2024-09-25 09:00:00,JYZ24.csv,90,JYZ24.csv,-2.0,70.23,70.215,140.19,140.43,0.2400000000000091
45560,9,20,70.215,-7,2024-09-25,2024-09-25 09:20:00,2024-09-25 09:20:00,JYZ24.csv,179,JYZ24.csv,-1.0,70.255,70.215,70.215,70.215,-0.0
45560,9,40,70.245,-6,2024-09-25,2024-09-25 09:40:00,2024-09-25 09:40:00,JYZ24.csv,111,JYZ24.csv,1.0,70.155,70.155,70.245,70.155,0.09000000000000341
45560,10,0,70.17,-1,2024-09-25,2024-09-25 10:00:00,2024-09-25 10:00:00,JYZ24.csv,802,JYZ24.csv,5.0,70.105,70.105,350.85,350.52500000000003,0.32499999999998863
45560,10,20,70.07,-3,2024-09-25,2024-09-25 10:20:00,2024-09-25 10:20:00,JYZ24.csv,138,JYZ24.csv,-2.0,70.15,70.15,140.14,140.3,0.160000000000025
45560,10,30,70.11,3,2024-09-25,2024-09-25 10:30:00,2024-09-25 10:30:00,JYZ24.csv,88,JYZ24.csv,6.0,70.095,70.095,420.65999999999997,420.57,0.08999999999997499
45560,10,40,70.135,0,2024-09-25,2024-09-25 10:40:00,2024-09-25 10:40:00,JYZ24.csv,122,JYZ24.csv,-3.0,70.145,70.06,210.40500000000003,210.18,-0.22500000000002274
45560,11,0,70.025,-2,2024-09-25,2024-09-25 11:00:00,2024-09-25 11:00:00,JYZ24.csv,1308,JYZ24.csv,-2.0,70.045,70.045,140.05,140.09,0.03999999999999204
45560,13,0,69.935,0,2024-09-25,2024-09-25 13:00:00,2024-09-25 13:00:00,JYZ24.csv,56,JYZ24.csv,2.0,69.85000000000001,69.85000000000001,139.87,139.70000000000002,0.1699999999999875
45561,8,0,70.09,1,2024-09-26,2024-09-26 08:00:00,2024-09-26 08:00:00,JYZ24.csv,553,JYZ24.csv,1.0,70.07,70.07,70.09,70.07,0.020000000000010232
45561,8,40,69.815,3,2024-09-26,2024-09-26 08:40:00,2024-09-26 08:40:00,JYZ24.csv,430,JYZ24.csv,2.0,69.83999999999999,69.83999999999999,139.63,139.67999999999998,-0.04999999999998295
45561,9,0,69.885,0,2024-09-26,2024-09-26 09:00:00,2024-09-26 09:00:00,JYZ24.csv,192,JYZ24.csv,-3.0,69.975,69.975,209.65500000000003,209.92499999999998,0.2699999999999534
45561,9,10,69.975,3,2024-09-26,2024-09-26 09:10:00,2024-09-26 09:10:00,JYZ24.csv,190,JYZ24.csv,3.0,69.91999999999999,69.91999999999999,209.92499999999998,209.75999999999996,0.16500000000002046
45561,9,30,69.925,0,2024-09-26,2024-09-26 09:30:00,2024-09-26 09:30:00,JYZ24.csv,266,JYZ24.csv,-3.0,69.925,69.925,209.77499999999998,209.77499999999998,-0.0
45561,10,10,69.74,4,2024-09-26,2024-09-26 10:10:00,2024-09-26 10:10:00,JYZ24.csv,208,JYZ24.csv,4.0,69.75,69.75,278.96,279.0,-0.040000000000020464
45561,10,30,69.655,3,2024-09-26,2024-09-26 10:30:00,2024-09-26 10:30:00,JYZ24.csv,352,JYZ24.csv,-1.0,69.745,69.745,69.655,69.745,0.09000000000000341
45561,10,50,69.84,-1,2024-09-26,2024-09-26 10:50:00,2024-09-26 10:50:00,JYZ24.csv,301,JYZ24.csv,-4.0,69.81500000000001,69.81500000000001,279.36,279.26000000000005,-0.0999999999999659
45561,11,0,69.76,1,2024-09-26,2024-09-26 11:00:00,2024-09-26 11:00:00,JYZ24.csv,1111,JYZ24.csv,2.0,69.69,69.76,139.52,139.52,0.0
45561,11,10,69.735,2,2024-09-26,2024-09-26 11:10:00,2024-09-26 11:10:00,JYZ24.csv,74,JYZ24.csv,1.0,69.69,69.825,69.735,69.825,-0.09000000000000341
45561,11,20,69.79,0,2024-09-26,2024-09-26 11:20:00,2024-09-26 11:20:00,JYZ24.csv,346,JYZ24.csv,-2.0,69.86500000000001,69.83,139.58,139.66,0.07999999999998408
45562,6,30,70.595,-2,2024-09-27,2024-09-27 06:30:00,2024-09-27 06:30:00,JYZ24.csv,139,JYZ24.csv,-2.0,70.625,70.625,141.19,141.25,0.060000000000002274
45562,9,0,70.885,-3,2024-09-27,2024-09-27 09:00:00,2024-09-27 09:00:00,JYZ24.csv,523,JYZ24.csv,-1.0,70.92,70.81,70.885,70.81,-0.07500000000000284
45562,9,20,70.785,-1,2024-09-27,2024-09-27 09:20:00,2024-09-27 09:20:00,JYZ24.csv,179,JYZ24.csv,2.0,70.615,70.79,141.57,141.58,-0.010000000000019327
45562,9,40,70.795,-3,2024-09-27,2024-09-27 09:40:00,2024-09-27 09:40:00,JYZ24.csv,300,JYZ24.csv,-2.0,70.85,70.85,141.59,141.7,0.10999999999998522
45562,10,30,70.75,2,2024-09-27,2024-09-27 10:30:00,2024-09-27 10:30:00,JYZ24.csv,439,JYZ24.csv,5.0,70.705,70.705,353.75,353.525,0.22500000000002274
45562,10,50,70.69,3,2024-09-27,2024-09-27 10:50:00,2024-09-27 10:50:00,JYZ24.csv,136,JYZ24.csv,1.0,70.66499999999999,70.66499999999999,70.69,70.66499999999999,0.025000000000005684
45562,11,0,70.71,-2,2024-09-27,2024-09-27 11:00:00,2024-09-27 11:00:00,JYZ24.csv,516,JYZ24.csv,-5.0,70.74499999999999,70.64,353.54999999999995,353.2,-0.3499999999999659
45562,11,10,70.695,-6,2024-09-27,2024-09-27 11:10:00,2024-09-27 11:10:00,JYZ24.csv,75,JYZ24.csv,-4.0,70.66499999999999,70.66499999999999,282.78,282.65999999999997,-0.12000000000000455
45562,11,20,70.62,-7,2024-09-27,2024-09-27 11:20:00,2024-09-27 11:20:00,JYZ24.csv,114,JYZ24.csv,-1.0,70.72999999999999,70.72999999999999,70.62,70.72999999999999,0.10999999999998522
45562,11,30,70.695,-3,2024-09-27,2024-09-27 11:30:00,2024-09-27 11:30:00,JYZ24.csv,356,JYZ24.csv,4.0,70.64999999999999,70.78,282.78,283.12,-0.34000000000003183
45562,11,40,70.71,-2,2024-09-27,2024-09-27 11:40:00,2024-09-27 11:40:00,JYZ24.csv,90,JYZ24.csv,1.0,70.73,70.73,70.71,70.73,-0.020000000000010232
45562,11,50,70.825,-6,2024-09-27,2024-09-27 11:50:00,2024-09-27 11:50:00,JYZ24.csv,971,JYZ24.csv,-4.0,70.88,70.84,283.3,283.36,0.060000000000002274
45562,13,0,70.89,-1,2024-09-27,2024-09-27 13:00:00,2024-09-27 13:00:00,JYZ24.csv,100,JYZ24.csv,5.0,70.845,70.845,354.45,354.225,0.2249999999999659
45562,16,15,71.02,0,2024-09-27,2024-09-27 16:15:00,2024-09-27 16:15:00,JYZ24.csv,21,JYZ24.csv,1.0,70.985,71.065,71.02,71.065,-0.045000000000001705
45565,6,30,70.77,-1,2024-09-30,2024-09-30 06:30:00,2024-09-30 06:30:00,JYZ24.csv,71,JYZ24.csv,-1.0,70.815,70.815,70.77,70.815,0.045000000000001705
45565,8,0,70.86,-3,2024-09-30,2024-09-30 08:00:00,2024-09-30 08:00:00,JYZ24.csv,152,JYZ24.csv,-2.0,70.88,70.78,141.72,141.56,-0.1599999999999966
45565,9,0,70.66,-2,2024-09-30,2024-09-30 09:00:00,2024-09-30 09:00:00,JYZ24.csv,267,JYZ24.csv,1.0,70.63499999999999,70.74,70.66,70.74,-0.0799999999999983
45565,9,20,70.74,3,2024-09-30,2024-09-30 09:20:00,2024-09-30 09:20:00,JYZ24.csv,157,JYZ24.csv,5.0,70.71,70.71,353.7,353.54999999999995,0.1500000000000341
45565,9,40,70.675,-2,2024-09-30,2024-09-30 09:40:00,2024-09-30 09:40:00,JYZ24.csv,158,JYZ24.csv,-5.0,70.69,70.595,353.375,352.975,-0.39999999999997726
45565,10,0,70.56,2,2024-09-30,2024-09-30 10:00:00,2024-09-30 10:00:00,JYZ24.csv,629,JYZ24.csv,4.0,70.535,70.535,282.24,282.14,0.10000000000002274
45565,10,20,70.645,-2,2024-09-30,2024-09-30 10:20:00,2024-09-30 10:20:00,JYZ24.csv,199,JYZ24.csv,-4.0,70.735,70.705,282.58,282.82,0.2400000000000091
45565,10,30,70.69,-1,2024-09-30,2024-09-30 10:30:00,2024-09-30 10:30:00,JYZ24.csv,186,JYZ24.csv,1.0,70.66499999999999,70.66499999999999,70.69,70.66499999999999,0.025000000000005684
45565,10,50,70.625,3,2024-09-30,2024-09-30 10:50:00,2024-09-30 10:50:00,JYZ24.csv,211,JYZ24.csv,4.0,70.6,70.6,282.5,282.4,0.10000000000002274
45565,11,20,70.525,1,2024-09-30,2024-09-30 11:20:00,2024-09-30 11:20:00,JYZ24.csv,142,JYZ24.csv,-2.0,70.55,70.55,141.05,141.1,0.04999999999998295
45565,11,30,70.505,-3,2024-09-30,2024-09-30 11:30:00,2024-09-30 11:30:00,JYZ24.csv,156,JYZ24.csv,-4.0,70.55,70.55,282.02,282.2,0.18000000000000682
45565,11,40,70.505,-1,2024-09-30,2024-09-30 11:40:00,2024-09-30 11:40:00,JYZ24.csv,132,JYZ24.csv,2.0,70.44999999999999,70.46,141.01,140.92,0.09000000000000341
45566,9,0,70.115,0,2024-10-01,2024-10-01 09:00:00,2024-10-01 09:00:00,JYZ24.csv,167,JYZ24.csv,1.0,70.09,70.125,70.115,70.125,-0.010000000000005116
45566,9,20,70.16,-2,2024-10-01,2024-10-01 09:20:00,2024-10-01 09:20:00,JYZ24.csv,172,JYZ24.csv,-2.0,70.19,70.19,140.32,140.38,0.060000000000002274
45566,9,30,70.175,1,2024-10-01,2024-10-01 09:30:00,2024-10-01 09:30:00,JYZ24.csv,182,JYZ24.csv,3.0,70.15,70.41,210.52499999999998,211.23,-0.7050000000000125
45566,9,40,70.505,3,2024-10-01,2024-10-01 09:40:00,2024-10-01 09:40:00,JYZ24.csv,1092,JYZ24.csv,2.0,70.375,70.375,141.01,140.75,0.2599999999999909
45566,9,50,70.385,-4,2024-10-01,2024-10-01 09:50:00,2024-10-01 09:50:00,JYZ24.csv,597,JYZ24.csv,-7.0,70.52,70.52,492.69500000000005,493.64,0.9449999999999363
45566,10,0,70.37,-1,2024-10-01,2024-10-01 10:00:00,2024-10-01 10:00:00,JYZ24.csv,2770,JYZ24.csv,3.0,70.445,70.445,211.11,211.33499999999998,-0.2249999999999659
45566,10,10,70.525,3,2024-10-01,2024-10-01 10:10:00,2024-10-01 10:10:00,JYZ24.csv,824,JYZ24.csv,4.0,70.545,70.545,282.1,282.18,-0.07999999999998408
45566,10,20,70.545,1,2024-10-01,2024-10-01 10:20:00,2024-10-01 10:20:00,JYZ24.csv,309,JYZ24.csv,-2.0,70.58,70.38,141.09,140.76,-0.3300000000000125
45566,10,40,70.335,2,2024-10-01,2024-10-01 10:40:00,2024-10-01 10:40:00,JYZ24.csv,214,JYZ24.csv,1.0,70.265,70.31,70.335,70.31,0.024999999999991473
45566,11,0,70.33,1,2024-10-01,2024-10-01 11:00:00,2024-10-01 11:00:00,JYZ24.csv,440,JYZ24.csv,-1.0,70.345,70.345,70.33,70.345,0.015000000000000568
45566,11,20,70.355,-1,2024-10-01,2024-10-01 11:20:00,2024-10-01 11:20:00,JYZ24.csv,38,JYZ24.csv,-2.0,70.27499999999999,70.27499999999999,140.71,140.54999999999998,-0.160000000000025
45566,11,30,70.24,2,2024-10-01,2024-10-01 11:30:00,2024-10-01 11:30:00,JYZ24.csv,270,JYZ24.csv,3.0,70.195,70.195,210.71999999999997,210.58499999999998,0.1349999999999909
45566,11,40,70.22,1,2024-10-01,2024-10-01 11:40:00,2024-10-01 11:40:00,JYZ24.csv,74,JYZ24.csv,-1.0,70.30499999999999,70.275,70.22,70.275,0.05500000000000682
45566,11,50,70.285,-2,2024-10-01,2024-10-01 11:50:00,2024-10-01 11:50:00,JYZ24.csv,60,JYZ24.csv,-3.0,70.35000000000001,70.305,210.855,210.91500000000002,0.060000000000030695
45566,12,0,70.305,0,2024-10-01,2024-10-01 12:00:00,2024-10-01 12:00:00,JYZ24.csv,146,JYZ24.csv,2.0,70.275,70.275,140.61,140.55,0.060000000000002274
45566,12,20,70.305,1,2024-10-01,2024-10-01 12:20:00,2024-10-01 12:20:00,JYZ24.csv,75,JYZ24.csv,1.0,70.285,70.37,70.305,70.37,-0.06499999999999773
45566,13,0,70.32,0,2024-10-01,2024-10-01 13:00:00,2024-10-01 13:00:00,JYZ24.csv,109,JYZ24.csv,-1.0,70.33500000000001,70.33500000000001,70.32,70.33500000000001,0.01500000000001478
45567,8,0,69.79,-6,2024-10-02,2024-10-02 08:00:00,2024-10-02 08:00:00,JYZ24.csv,85,JYZ24.csv,-6.0,69.805,69.655,418.74,417.93,-0.8100000000000023
45567,9,0,69.465,-2,2024-10-02,2024-10-02 09:00:00,2024-10-02 09:00:00,JYZ24.csv,230,JYZ24.csv,4.0,69.435,69.435,277.86,277.74,0.12000000000000455
45567,9,50,69.305,-6,2024-10-02,2024-10-02 09:50:00,2024-10-02 09:50:00,JYZ24.csv,349,JYZ24.csv,-4.0,69.355,69.355,277.22,277.42,0.19999999999998863
45567,10,10,69.355,-2,2024-10-02,2024-10-02 10:10:00,2024-10-02 10:10:00,JYZ24.csv,399,JYZ24.csv,4.0,69.28999999999999,69.28999999999999,277.42,277.15999999999997,0.26000000000004775
45567,10,20,69.275,2,2024-10-02,2024-10-02 10:20:00,2024-10-02 10:20:00,JYZ24.csv,296,JYZ24.csv,4.0,69.28999999999999,69.28999999999999,277.1,277.15999999999997,-0.05999999999994543
45567,10,40,69.2,0,2024-10-02,2024-10-02 10:40:00,2024-10-02 10:40:00,JYZ24.csv,318,JYZ24.csv,-2.0,69.245,69.1,138.4,138.2,-0.20000000000001705
45567,10,50,69.14,4,2024-10-02,2024-10-02 10:50:00,2024-10-02 10:50:00,JYZ24.csv,544,JYZ24.csv,4.0,69.07,69.07,276.56,276.28,0.28000000000002956
45567,11,0,69.08,2,2024-10-02,2024-10-02 11:00:00,2024-10-02 11:00:00,JYZ24.csv,1319,JYZ24.csv,-2.0,69.16,69.09,138.16,138.18,0.020000000000010232
45567,11,10,69.14,-2,2024-10-02,2024-10-02 11:10:00,2024-10-02 11:10:00,JYZ24.csv,393,JYZ24.csv,-4.0,69.16,69.08,276.56,276.32,-0.2400000000000091
45568,6,30,68.745,-3,2024-10-03,2024-10-03 06:30:00,2024-10-03 06:30:00,JYZ24.csv,46,JYZ24.csv,-1.0,68.77000000000001,68.735,68.745,68.735,-0.010000000000005116
45568,8,0,68.82,-4,2024-10-03,2024-10-03 08:00:00,2024-10-03 08:00:00,JYZ24.csv,85,JYZ24.csv,-1.0,68.81500000000001,68.81500000000001,68.82,68.81500000000001,-0.004999999999981242
45568,9,0,68.765,2,2024-10-03,2024-10-03 09:00:00,2024-10-03 09:00:00,JYZ24.csv,121,JYZ24.csv,6.0,68.825,68.825,412.59000000000003,412.95000000000005,-0.36000000000001364
45568,10,0,68.66,5,2024-10-03,2024-10-03 10:00:00,2024-10-03 10:00:00,JYZ24.csv,3061,JYZ24.csv,3.0,68.675,68.675,205.98,206.02499999999998,-0.044999999999987494
45568,10,20,68.725,2,2024-10-03,2024-10-03 10:20:00,2024-10-03 10:20:00,JYZ24.csv,140,JYZ24.csv,-3.0,68.845,68.845,206.17499999999998,206.535,0.36000000000001364
45568,10,30,68.79,4,2024-10-03,2024-10-03 10:30:00,2024-10-03 10:30:00,JYZ24.csv,513,JYZ24.csv,2.0,68.71,68.76,137.58,137.52,0.060000000000002274
45568,10,40,68.725,6,2024-10-03,2024-10-03 10:40:00,2024-10-03 10:40:00,JYZ24.csv,121,JYZ24.csv,2.0,68.71,68.71,137.45,137.42,0.030000000000001137
45568,10,50,68.74,5,2024-10-03,2024-10-03 10:50:00,2024-10-03 10:50:00,JYZ24.csv,238,JYZ24.csv,-1.0,68.80000000000001,68.80000000000001,68.74,68.80000000000001,0.060000000000016485
45568,11,0,68.78,3,2024-10-03,2024-10-03 11:00:00,2024-10-03 11:00:00,JYZ24.csv,378,JYZ24.csv,-2.0,68.87,68.845,137.56,137.69,0.12999999999999545
45568,11,20,68.845,1,2024-10-03,2024-10-03 11:20:00,2024-10-03 11:20:00,JYZ24.csv,78,JYZ24.csv,-2.0,68.85000000000001,68.78,137.69,137.56,-0.12999999999999545
45568,11,30,68.785,4,2024-10-03,2024-10-03 11:30:00,2024-10-03 11:30:00,JYZ24.csv,138,JYZ24.csv,3.0,68.76,68.76,206.355,206.28000000000003,0.07499999999996021
45568,11,40,68.77,6,2024-10-03,2024-10-03 11:40:00,2024-10-03 11:40:00,JYZ24.csv,58,JYZ24.csv,2.0,68.76,68.76,137.54,137.52,0.01999999999998181
45568,11,50,68.805,3,2024-10-03,2024-10-03 11:50:00,2024-10-03 11:50:00,JYZ24.csv,66,JYZ24.csv,-3.0,68.77000000000001,68.77000000000001,206.41500000000002,206.31000000000003,-0.10499999999998977
45569,2,30,69.1,2,2024-10-04,2024-10-04 02:30:00,2024-10-04 02:30:00,JYZ24.csv,113,JYZ24.csv,-1.0,69.12,69.055,69.1,69.055,-0.044999999999987494
45569,8,0,68.845,1,2024-10-04,2024-10-04 08:00:00,2024-10-04 08:00:00,JYZ24.csv,148,JYZ24.csv,-1.0,68.85499999999999,68.85499999999999,68.845,68.85499999999999,0.009999999999990905
45569,8,30,68.885,2,2024-10-04,2024-10-04 08:30:00,2024-10-04 08:30:00,JYZ24.csv,10350,JYZ24.csv,1.0,68.1,68.1,68.885,68.1,0.7850000000000108
45569,8,40,68.135,3,2024-10-04,2024-10-04 08:40:00,2024-10-04 08:40:00,JYZ24.csv,987,JYZ24.csv,1.0,68.025,68.025,68.135,68.025,0.10999999999999943
45569,9,20,67.93,0,2024-10-04,2024-10-04 09:20:00,2024-10-04 09:20:00,JYZ24.csv,222,JYZ24.csv,-3.0,67.985,67.985,203.79000000000002,203.95499999999998,0.16499999999996362
45569,9,40,67.99,-2,2024-10-04,2024-10-04 09:40:00,2024-10-04 09:40:00,JYZ24.csv,314,JYZ24.csv,-2.0,68.00500000000001,68.00500000000001,135.98,136.01000000000002,0.03000000000002956
45569,10,0,68.01,0,2024-10-04,2024-10-04 10:00:00,2024-10-04 10:00:00,JYZ24.csv,238,JYZ24.csv,2.0,67.935,68.005,136.02,136.01,0.010000000000019327
45569,11,0,67.965,-1,2024-10-04,2024-10-04 11:00:00,2024-10-04 11:00:00,JYZ24.csv,472,JYZ24.csv,-1.0,68.00500000000001,67.995,67.965,67.995,0.030000000000001137
45569,13,0,67.77,0,2024-10-04,2024-10-04 13:00:00,2024-10-04 13:00:00,JYZ24.csv,209,JYZ24.csv,1.0,67.75,67.8,67.77,67.8,-0.030000000000001137
45572,2,30,67.97,-1,2024-10-07,2024-10-07 02:30:00,2024-10-07 02:30:00,JYZ24.csv,90,JYZ24.csv,-1.0,67.98,67.98,67.97,67.98,0.010000000000005116
45572,6,30,67.99,-2,2024-10-07,2024-10-07 06:30:00,2024-10-07 06:30:00,JYZ24.csv,24,JYZ24.csv,-1.0,68.01,67.925,67.99,67.925,-0.06499999999999773
45572,8,30,68.095,-1,2024-10-07,2024-10-07 08:30:00,2024-10-07 08:30:00,JYZ24.csv,111,JYZ24.csv,1.0,68.075,68.075,68.095,68.075,0.01999999999999602
45572,9,10,68.24,2,2024-10-07,2024-10-07 09:10:00,2024-10-07 09:10:00,JYZ24.csv,442,JYZ24.csv,3.0,68.18,68.18,204.71999999999997,204.54000000000002,0.17999999999994998
45572,9,30,68.155,-1,2024-10-07,2024-10-07 09:30:00,2024-10-07 09:30:00,JYZ24.csv,116,JYZ24.csv,-3.0,68.19000000000001,68.19000000000001,204.465,204.57000000000005,0.10500000000004661
45572,10,20,68.105,2,2024-10-07,2024-10-07 10:20:00,2024-10-07 10:20:00,JYZ24.csv,214,JYZ24.csv,3.0,68.08,68.08,204.315,204.24,0.07499999999998863
45572,10,30,68.125,3,2024-10-07,2024-10-07 10:30:00,2024-10-07 10:30:00,JYZ24.csv,86,JYZ24.csv,1.0,68.08,68.08,68.125,68.08,0.045000000000001705
45572,10,40,68.135,0,2024-10-07,2024-10-07 10:40:00,2024-10-07 10:40:00,JYZ24.csv,296,JYZ24.csv,-3.0,68.19500000000001,68.095,204.40500000000003,204.285,-0.12000000000003297
45572,10,50,68.13,2,2024-10-07,2024-10-07 10:50:00,2024-10-07 10:50:00,JYZ24.csv,144,JYZ24.csv,2.0,68.08999999999999,68.08999999999999,136.26,136.17999999999998,0.0800000000000125
45572,11,10,68.12,0,2024-10-07,2024-10-07 11:10:00,2024-10-07 11:10:00,JYZ24.csv,15,JYZ24.csv,-2.0,68.11500000000001,68.11500000000001,136.24,136.23000000000002,-0.009999999999990905
45573,2,30,68.235,-1,2024-10-08,2024-10-08 02:30:00,2024-10-08 02:30:00,JYZ24.csv,74,JYZ24.csv,-1.0,68.235,68.235,68.235,68.235,-0.0
45573,6,30,68.235,0,2024-10-08,2024-10-08 06:30:00,2024-10-08 06:30:00,JYZ24.csv,34,JYZ24.csv,1.0,68.19999999999999,68.19999999999999,68.235,68.19999999999999,0.0350000000000108
45573,8,30,68.14,1,2024-10-08,2024-10-08 08:30:00,2024-10-08 08:30:00,JYZ24.csv,320,JYZ24.csv,1.0,68.14,68.14,68.14,68.14,0.0
45573,9,40,68.08,6,2024-10-08,2024-10-08 09:40:00,2024-10-08 09:40:00,JYZ24.csv,171,JYZ24.csv,5.0,68.085,68.085,340.4,340.42499999999995,-0.024999999999977263
45573,10,0,68.055,1,2024-10-08,2024-10-08 10:00:00,2024-10-08 10:00:00,JYZ24.csv,292,JYZ24.csv,-5.0,68.11,68.09,340.27500000000003,340.45000000000005,0.17500000000001137
45573,10,30,68.085,0,2024-10-08,2024-10-08 10:30:00,2024-10-08 10:30:00,JYZ24.csv,273,JYZ24.csv,-1.0,68.08500000000001,68.06,68.085,68.06,-0.024999999999991473
45574,2,30,67.9,-1,2024-10-09,2024-10-09 02:30:00,2024-10-09 02:30:00,JYZ24.csv,62,JYZ24.csv,-1.0,67.96,67.945,67.9,67.945,0.044999999999987494
45574,6,30,67.91,-2,2024-10-09,2024-10-09 06:30:00,2024-10-09 06:30:00,JYZ24.csv,18,JYZ24.csv,-1.0,67.955,67.935,67.91,67.935,0.025000000000005684
45574,8,0,67.84,-3,2024-10-09,2024-10-09 08:00:00,2024-10-09 08:00:00,JYZ24.csv,83,JYZ24.csv,-1.0,67.86,67.86,67.84,67.86,0.01999999999999602
45574,8,30,67.795,-2,2024-10-09,2024-10-09 08:30:00,2024-10-09 08:30:00,JYZ24.csv,75,JYZ24.csv,1.0,67.77,67.77,67.795,67.77,0.025000000000005684
45574,9,0,67.765,2,2024-10-09,2024-10-09 09:00:00,2024-10-09 09:00:00,JYZ24.csv,202,JYZ24.csv,4.0,67.74,67.78,271.06,271.12,-0.060000000000002274
45574,9,20,67.745,4,2024-10-09,2024-10-09 09:20:00,2024-10-09 09:20:00,JYZ24.csv,313,JYZ24.csv,2.0,67.695,67.695,135.49,135.39,0.10000000000002274
45574,9,40,67.67,5,2024-10-09,2024-10-09 09:40:00,2024-10-09 09:40:00,JYZ24.csv,231,JYZ24.csv,1.0,67.67999999999999,67.67999999999999,67.67,67.67999999999999,-0.009999999999990905
45574,10,0,67.655,2,2024-10-09,2024-10-09 10:00:00,2024-10-09 10:00:00,JYZ24.csv,430,JYZ24.csv,-3.0,67.675,67.675,202.965,203.02499999999998,0.05999999999997385
45574,10,30,67.675,3,2024-10-09,2024-10-09 10:30:00,2024-10-09 10:30:00,JYZ24.csv,95,JYZ24.csv,1.0,67.64999999999999,67.655,67.675,67.655,0.01999999999999602
45575,2,30,67.625,2,2024-10-10,2024-10-10 02:30:00,2024-10-10 02:30:00,JYZ24.csv,307,JYZ24.csv,-1.0,67.625,67.625,67.625,67.625,-0.0
45575,6,30,67.745,4,2024-10-10,2024-10-10 06:30:00,2024-10-10 06:30:00,JYZ24.csv,44,JYZ24.csv,2.0,67.72999999999999,67.755,135.49,135.51,-0.01999999999998181
45575,8,0,67.7,1,2024-10-10,2024-10-10 08:00:00,2024-10-10 08:00:00,JYZ24.csv,161,JYZ24.csv,-3.0,67.72,67.71,203.10000000000002,203.13,0.029999999999972715
45575,8,30,67.84,2,2024-10-10,2024-10-10 08:30:00,2024-10-10 08:30:00,JYZ24.csv,8117,JYZ24.csv,1.0,67.66999999999999,67.66999999999999,67.84,67.66999999999999,0.17000000000001592
45575,10,0,67.875,4,2024-10-10,2024-10-10 10:00:00,2024-10-10 10:00:00,JYZ24.csv,515,JYZ24.csv,2.0,67.88,67.88,135.75,135.76,-0.009999999999990905
45575,10,20,67.885,2,2024-10-10,2024-10-10 10:20:00,2024-10-10 10:20:00,JYZ24.csv,424,JYZ24.csv,-2.0,67.895,67.895,135.77,135.79,0.01999999999998181
45575,10,30,67.84,0,2024-10-10,2024-10-10 10:30:00,2024-10-10 10:30:00,JYZ24.csv,200,JYZ24.csv,-2.0,67.79,67.79,135.68,135.58,-0.09999999999999432
45575,11,0,67.81,3,2024-10-10,2024-10-10 11:00:00,2024-10-10 11:00:00,JYZ24.csv,438,JYZ24.csv,3.0,67.76,67.76,203.43,203.28000000000003,0.14999999999997726
45575,11,20,67.88,-2,2024-10-10,2024-10-10 11:20:00,2024-10-10 11:20:00,JYZ24.csv,78,JYZ24.csv,-5.0,67.935,67.925,339.4,339.625,0.22500000000002274
45575,11,30,67.92,-3,2024-10-10,2024-10-10 11:30:00,2024-10-10 11:30:00,JYZ24.csv,213,JYZ24.csv,-1.0,67.96,67.925,67.92,67.925,0.0049999999999954525
45575,11,40,67.92,2,2024-10-10,2024-10-10 11:40:00,2024-10-10 11:40:00,JYZ24.csv,78,JYZ24.csv,5.0,67.88,67.88,339.6,339.4,0.20000000000004547
45575,11,50,67.9,3,2024-10-10,2024-10-10 11:50:00,2024-10-10 11:50:00,JYZ24.csv,77,JYZ24.csv,1.0,67.855,67.875,67.9,67.875,0.025000000000005684
45575,13,0,67.715,0,2024-10-10,2024-10-10 13:00:00,2024-10-10 13:00:00,JYZ24.csv,115,JYZ24.csv,-3.0,67.72500000000001,67.72500000000001,203.145,203.175,0.030000000000001137
45576,2,30,67.75,-1,2024-10-11,2024-10-11 02:30:00,2024-10-11 02:30:00,JYZ24.csv,102,JYZ24.csv,-1.0,67.81,67.79,67.75,67.79,0.04000000000000625
45576,6,30,67.675,-3,2024-10-11,2024-10-11 06:30:00,2024-10-11 06:30:00,JYZ24.csv,78,JYZ24.csv,-2.0,67.7,67.655,135.35,135.31,-0.03999999999999204
45576,8,0,67.67,0,2024-10-11,2024-10-11 08:00:00,2024-10-11 08:00:00,JYZ24.csv,71,JYZ24.csv,3.0,67.67,67.67,203.01,203.01,0.0
45576,8,30,67.7,1,2024-10-11,2024-10-11 08:30:00,2024-10-11 08:30:00,JYZ24.csv,1295,JYZ24.csv,1.0,67.58,67.58,67.7,67.58,0.12000000000000455
45576,9,0,67.645,-1,2024-10-11,2024-10-11 09:00:00,2024-10-11 09:00:00,JYZ24.csv,148,JYZ24.csv,-2.0,67.615,67.615,135.29,135.23,-0.060000000000002274
45576,9,20,67.645,1,2024-10-11,2024-10-11 09:20:00,2024-10-11 09:20:00,JYZ24.csv,132,JYZ24.csv,2.0,67.625,67.625,135.29,135.25,0.03999999999999204
45576,10,30,67.565,3,2024-10-11,2024-10-11 10:30:00,2024-10-11 10:30:00,JYZ24.csv,207,JYZ24.csv,2.0,67.56,67.56,135.13,135.12,0.009999999999990905
45576,16,15,67.595,0,2024-10-11,2024-10-11 16:15:00,2024-10-11 16:15:00,JYZ24.csv,2,JYZ24.csv,-3.0,67.615,67.6,202.785,202.79999999999998,0.014999999999986358
45579,2,30,67.575,-1,2024-10-14,2024-10-14 02:30:00,2024-10-14 02:30:00,JYZ24.csv,38,JYZ24.csv,-1.0,67.61,67.585,67.575,67.585,0.009999999999990905
45579,6,30,67.48,-2,2024-10-14,2024-10-14 06:30:00,2024-10-14 06:30:00,JYZ24.csv,15,JYZ24.csv,-1.0,67.49000000000001,67.455,67.48,67.455,-0.025000000000005684
45579,8,0,67.38,-7,2024-10-14,2024-10-14 08:00:00,2024-10-14 08:00:00,JYZ24.csv,51,JYZ24.csv,-5.0,67.395,67.335,336.9,336.67499999999995,-0.22500000000002274
45579,8,30,67.335,-6,2024-10-14,2024-10-14 08:30:00,2024-10-14 08:30:00,JYZ24.csv,103,JYZ24.csv,1.0,67.31,67.37,67.335,67.37,-0.0350000000000108
45579,9,0,67.34,-3,2024-10-14,2024-10-14 09:00:00,2024-10-14 09:00:00,JYZ24.csv,83,JYZ24.csv,3.0,67.305,67.305,202.02,201.91500000000002,0.10499999999998977
45579,10,30,67.27,-2,2024-10-14,2024-10-14 10:30:00,2024-10-14 10:30:00,JYZ24.csv,51,JYZ24.csv,1.0,67.235,67.235,67.27,67.235,0.03499999999999659
45580,2,30,67.475,-3,2024-10-15,2024-10-15 02:30:00,2024-10-15 02:30:00,JYZ24.csv,114,JYZ24.csv,-1.0,67.47,67.47,67.475,67.47,-0.0049999999999954525
45580,6,30,67.65,-7,2024-10-15,2024-10-15 06:30:00,2024-10-15 06:30:00,JYZ24.csv,67,JYZ24.csv,-4.0,67.645,67.645,270.6,270.58,-0.020000000000038654
45580,8,0,67.5,-3,2024-10-15,2024-10-15 08:00:00,2024-10-15 08:00:00,JYZ24.csv,242,JYZ24.csv,4.0,67.46,67.53,270.0,270.12,-0.12000000000000455
45580,8,30,67.555,-2,2024-10-15,2024-10-15 08:30:00,2024-10-15 08:30:00,JYZ24.csv,618,JYZ24.csv,1.0,67.605,67.605,67.555,67.605,-0.04999999999999716
45580,9,0,67.625,-4,2024-10-15,2024-10-15 09:00:00,2024-10-15 09:00:00,JYZ24.csv,162,JYZ24.csv,-2.0,67.61,67.61,135.25,135.22,-0.030000000000001137
45580,10,30,67.575,0,2024-10-15,2024-10-15 10:30:00,2024-10-15 10:30:00,JYZ24.csv,308,JYZ24.csv,4.0,67.565,67.66,270.3,270.64,-0.339999999999975
45580,11,0,67.56,8,2024-10-15,2024-10-15 11:00:00,2024-10-15 11:00:00,JYZ24.csv,421,JYZ24.csv,8.0,67.515,67.565,540.48,540.52,-0.03999999999996362
45580,11,20,67.56,3,2024-10-15,2024-10-15 11:20:00,2024-10-15 11:20:00,JYZ24.csv,95,JYZ24.csv,-5.0,67.565,67.565,337.8,337.825,0.024999999999977263
45580,13,0,67.46,0,2024-10-15,2024-10-15 13:00:00,2024-10-15 13:00:00,JYZ24.csv,35,JYZ24.csv,-3.0,67.44500000000001,67.44500000000001,202.38,202.33500000000004,-0.04499999999995907
45581,2,30,67.54,-1,2024-10-16,2024-10-16 02:30:00,2024-10-16 02:30:00,JYZ24.csv,103,JYZ24.csv,-1.0,67.555,67.555,67.54,67.555,0.015000000000000568
45581,6,30,67.5,0,2024-10-16,2024-10-16 06:30:00,2024-10-16 06:30:00,JYZ24.csv,33,JYZ24.csv,1.0,67.46000000000001,67.49,67.5,67.49,0.010000000000005116
45581,8,0,67.575,-3,2024-10-16,2024-10-16 08:00:00,2024-10-16 08:00:00,JYZ24.csv,106,JYZ24.csv,-3.0,67.565,67.565,202.72500000000002,202.695,-0.03000000000002956
45581,8,30,67.54,-2,2024-10-16,2024-10-16 08:30:00,2024-10-16 08:30:00,JYZ24.csv,79,JYZ24.csv,1.0,67.465,67.475,67.54,67.475,0.06500000000001194
45581,9,0,67.445,1,2024-10-16,2024-10-16 09:00:00,2024-10-16 09:00:00,JYZ24.csv,147,JYZ24.csv,3.0,67.43,67.43,202.33499999999998,202.29000000000002,0.04499999999995907
45581,9,20,67.475,-1,2024-10-16,2024-10-16 09:20:00,2024-10-16 09:20:00,JYZ24.csv,96,JYZ24.csv,-2.0,67.535,67.53,134.95,135.06,0.11000000000001364
45581,9,40,67.52,1,2024-10-16,2024-10-16 09:40:00,2024-10-16 09:40:00,JYZ24.csv,75,JYZ24.csv,2.0,67.515,67.515,135.04,135.03,0.009999999999990905
45581,10,20,67.395,4,2024-10-16,2024-10-16 10:20:00,2024-10-16 10:20:00,JYZ24.csv,96,JYZ24.csv,3.0,67.33,67.33,202.185,201.99,0.19499999999999318
45581,10,30,67.34,3,2024-10-16,2024-10-16 10:30:00,2024-10-16 10:30:00,JYZ24.csv,255,JYZ24.csv,-1.0,67.365,67.35,67.34,67.35,0.009999999999990905
45581,10,40,67.335,0,2024-10-16,2024-10-16 10:40:00,2024-10-16 10:40:00,JYZ24.csv,210,JYZ24.csv,-3.0,67.365,67.365,202.005,202.09499999999997,0.08999999999997499
45582,2,30,67.34,-1,2024-10-17,2024-10-17 02:30:00,2024-10-17 02:30:00,JYZ24.csv,64,JYZ24.csv,-1.0,67.36,67.36,67.34,67.36,0.01999999999999602
45582,8,30,67.145,0,2024-10-17,2024-10-17 08:30:00,2024-10-17 08:30:00,JYZ24.csv,3597,JYZ24.csv,1.0,67.18,67.18,67.145,67.18,-0.0350000000000108
45582,9,50,67.25,-4,2024-10-17,2024-10-17 09:50:00,2024-10-17 09:50:00,JYZ24.csv,195,JYZ24.csv,-4.0,67.285,67.285,269.0,269.14,0.13999999999998636
45582,10,10,67.22,2,2024-10-17,2024-10-17 10:10:00,2024-10-17 10:10:00,JYZ24.csv,363,JYZ24.csv,6.0,67.205,67.205,403.32,403.23,0.08999999999997499
45582,10,30,67.18,0,2024-10-17,2024-10-17 10:30:00,2024-10-17 10:30:00,JYZ24.csv,253,JYZ24.csv,-2.0,67.215,67.195,134.36,134.39,0.029999999999972715
45582,11,0,67.17,3,2024-10-17,2024-10-17 11:00:00,2024-10-17 11:00:00,JYZ24.csv,396,JYZ24.csv,3.0,67.135,67.135,201.51,201.40500000000003,0.10499999999996135
45582,13,0,67.08,0,2024-10-17,2024-10-17 13:00:00,2024-10-17 13:00:00,JYZ24.csv,135,JYZ24.csv,-3.0,67.11,67.11,201.24,201.32999999999998,0.08999999999997499
45583,2,30,67.215,-1,2024-10-18,2024-10-18 02:30:00,2024-10-18 02:30:00,JYZ24.csv,140,JYZ24.csv,-1.0,67.22,67.18,67.215,67.18,-0.03499999999999659
45583,6,30,67.18,1,2024-10-18,2024-10-18 06:30:00,2024-10-18 06:30:00,JYZ24.csv,68,JYZ24.csv,2.0,67.175,67.175,134.36,134.35,0.010000000000019327
45583,8,0,67.16,-4,2024-10-18,2024-10-18 08:00:00,2024-10-18 08:00:00,JYZ24.csv,96,JYZ24.csv,-5.0,67.155,67.155,335.79999999999995,335.775,-0.024999999999977263
45583,8,30,67.185,-3,2024-10-18,2024-10-18 08:30:00,2024-10-18 08:30:00,JYZ24.csv,288,JYZ24.csv,1.0,67.22,67.22,67.185,67.22,-0.03499999999999659
45583,10,30,67.285,-5,2024-10-18,2024-10-18 10:30:00,2024-10-18 10:30:00,JYZ24.csv,90,JYZ24.csv,-2.0,67.32000000000001,67.32000000000001,134.57,134.64000000000001,0.0700000000000216
45583,16,15,67.39,0,2024-10-18,2024-10-18 16:15:00,2024-10-18 16:15:00,JYZ24.csv,14,JYZ24.csv,5.0,67.39,67.39,336.95,336.95,0.0
45586,2,30,67.375,-1,2024-10-21,2024-10-21 02:30:00,2024-10-21 02:30:00,JYZ24.csv,61,JYZ24.csv,-1.0,67.36,67.36,67.375,67.36,-0.015000000000000568
45586,6,30,67.155,-2,2024-10-21,2024-10-21 06:30:00,2024-10-21 06:30:00,JYZ24.csv,47,JYZ24.csv,-1.0,67.18,67.18,67.155,67.18,0.025000000000005684
45586,8,0,67.19,-6,2024-10-21,2024-10-21 08:00:00,2024-10-21 08:00:00,JYZ24.csv,103,JYZ24.csv,-4.0,67.205,67.205,268.76,268.82,0.060000000000002274
45586,8,30,67.225,-5,2024-10-21,2024-10-21 08:30:00,2024-10-21 08:30:00,JYZ24.csv,319,JYZ24.csv,1.0,67.21,67.21,67.225,67.21,0.015000000000000568
45586,10,30,67.06,-4,2024-10-21,2024-10-21 10:30:00,2024-10-21 10:30:00,JYZ24.csv,226,JYZ24.csv,1.0,67.04,67.04,67.06,67.04,0.01999999999999602
45587,6,30,66.8,-1,2024-10-22,2024-10-22 06:30:00,2024-10-22 06:30:00,JYZ24.csv,12,JYZ24.csv,3.0,66.78,66.78,200.39999999999998,200.34,0.05999999999997385
45587,8,0,66.76,-2,2024-10-22,2024-10-22 08:00:00,2024-10-22 08:00:00,JYZ24.csv,83,JYZ24.csv,-1.0,66.775,66.775,66.76,66.775,0.015000000000000568
45587,9,30,66.835,1,2024-10-22,2024-10-22 09:30:00,2024-10-22 09:30:00,JYZ24.csv,128,JYZ24.csv,3.0,66.84,66.84,200.505,200.52,-0.01500000000001478
45587,9,50,66.795,-2,2024-10-22,2024-10-22 09:50:00,2024-10-22 09:50:00,JYZ24.csv,60,JYZ24.csv,-3.0,66.785,66.785,200.385,200.355,-0.030000000000001137
45587,10,0,66.735,3,2024-10-22,2024-10-22 10:00:00,2024-10-22 10:00:00,JYZ24.csv,168,JYZ24.csv,5.0,66.715,66.715,333.675,333.57500000000005,0.0999999999999659
45587,10,20,66.72,-2,2024-10-22,2024-10-22 10:20:00,2024-10-22 10:20:00,JYZ24.csv,192,JYZ24.csv,-5.0,66.73,66.73,333.6,333.65000000000003,0.05000000000001137
45587,10,30,66.71,-5,2024-10-22,2024-10-22 10:30:00,2024-10-22 10:30:00,JYZ24.csv,145,JYZ24.csv,-3.0,66.72500000000001,66.71,200.13,200.13,-0.0
45587,11,0,66.71,-1,2024-10-22,2024-10-22 11:00:00,2024-10-22 11:00:00,JYZ24.csv,260,JYZ24.csv,4.0,66.715,66.715,266.84,266.86,-0.020000000000038654
45587,13,0,66.67,-5,2024-10-22,2024-10-22 13:00:00,2024-10-22 13:00:00,JYZ24.csv,36,JYZ24.csv,-4.0,66.67,66.67,266.68,266.68,-0.0
45588,6,30,65.975,-10,2024-10-23,2024-10-23 06:30:00,2024-10-23 06:30:00,JYZ24.csv,21,JYZ24.csv,-5.0,65.965,65.965,329.875,329.82500000000005,-0.049999999999954525
45588,10,30,65.81,-5,2024-10-23,2024-10-23 10:30:00,2024-10-23 10:30:00,JYZ24.csv,210,JYZ24.csv,5.0,65.775,65.815,329.05,329.075,-0.024999999999977263
45589,6,30,66.26,-7,2024-10-24,2024-10-24 06:30:00,2024-10-24 06:30:00,JYZ24.csv,36,JYZ24.csv,-2.0,66.3,66.3,132.52,132.6,0.07999999999998408
45589,8,0,66.205,-9,2024-10-24,2024-10-24 08:00:00,2024-10-24 08:00:00,JYZ24.csv,356,JYZ24.csv,-2.0,66.265,66.265,132.41,132.53,0.12000000000000455
45589,10,20,66.135,-6,2024-10-24,2024-10-24 10:20:00,2024-10-24 10:20:00,JYZ24.csv,218,JYZ24.csv,3.0,66.14500000000001,66.14500000000001,198.40500000000003,198.43500000000003,-0.030000000000001137
45589,10,30,66.15,-4,2024-10-24,2024-10-24 10:30:00,2024-10-24 10:30:00,JYZ24.csv,154,JYZ24.csv,2.0,66.215,66.215,132.3,132.43,-0.12999999999999545
45589,10,40,66.18,-7,2024-10-24,2024-10-24 10:40:00,2024-10-24 10:40:00,JYZ24.csv,213,JYZ24.csv,-3.0,66.26,66.26,198.54000000000002,198.78000000000003,0.2400000000000091
45590,6,30,66.23,-4,2024-10-25,2024-10-25 06:30:00,2024-10-25 06:30:00,JYZ24.csv,38,JYZ24.csv,3.0,66.22,66.25,198.69,198.75,-0.060000000000002274
45590,8,0,66.31,0,2024-10-25,2024-10-25 08:00:00,2024-10-25 08:00:00,JYZ24.csv,122,JYZ24.csv,4.0,66.265,66.265,265.24,265.06,0.18000000000000682
45590,10,30,66.225,-3,2024-10-25,2024-10-25 10:30:00,2024-10-25 10:30:00,JYZ24.csv,247,JYZ24.csv,-3.0,66.205,66.205,198.67499999999998,198.615,-0.05999999999997385
45590,16,15,66.13,0,2024-10-25,2024-10-25 16:15:00,2024-10-25 16:15:00,JYZ24.csv,31,JYZ24.csv,3.0,66.115,66.115,198.39,198.34499999999997,0.045000000000015916
45593,6,30,65.935,-1,2024-10-28,2024-10-28 06:30:00,2024-10-28 06:30:00,JYZ24.csv,72,JYZ24.csv,-1.0,65.955,65.955,65.935,65.955,0.01999999999999602
45593,8,0,65.895,-7,2024-10-28,2024-10-28 08:00:00,2024-10-28 08:00:00,JYZ24.csv,175,JYZ24.csv,-6.0,65.91499999999999,65.91499999999999,395.37,395.48999999999995,0.1199999999999477
45593,10,20,65.8,-3,2024-10-28,2024-10-28 10:20:00,2024-10-28 10:20:00,JYZ24.csv,178,JYZ24.csv,4.0,65.77499999999999,65.77499999999999,263.2,263.09999999999997,0.10000000000002274
45593,10,30,65.8,-2,2024-10-28,2024-10-28 10:30:00,2024-10-28 10:30:00,JYZ24.csv,158,JYZ24.csv,1.0,65.77499999999999,65.77499999999999,65.8,65.77499999999999,0.025000000000005684
45593,10,40,65.78,-6,2024-10-28,2024-10-28 10:40:00,2024-10-28 10:40:00,JYZ24.csv,117,JYZ24.csv,-4.0,65.79,65.79,263.12,263.16,0.040000000000020464
45594,8,0,65.475,-7,2024-10-29,2024-10-29 08:00:00,2024-10-29 08:00:00,JYZ24.csv,278,JYZ24.csv,-1.0,65.49,65.47,65.475,65.47,-0.0049999999999954525
45594,10,50,65.595,-4,2024-10-29,2024-10-29 10:50:00,2024-10-29 10:50:00,JYZ24.csv,58,JYZ24.csv,3.0,65.575,65.575,196.785,196.72500000000002,0.05999999999997385
45594,11,10,65.5,-2,2024-10-29,2024-10-29 11:10:00,2024-10-29 11:10:00,JYZ24.csv,618,JYZ24.csv,2.0,65.43499999999999,65.475,131.0,130.95,0.05000000000001137
45594,11,20,65.465,1,2024-10-29,2024-10-29 11:20:00,2024-10-29 11:20:00,JYZ24.csv,92,JYZ24.csv,3.0,65.43499999999999,65.46,196.395,196.38,0.01500000000001478
45594,11,30,65.45,-4,2024-10-29,2024-10-29 11:30:00,2024-10-29 11:30:00,JYZ24.csv,94,JYZ24.csv,-5.0,65.47999999999999,65.47999999999999,327.25,327.4,0.14999999999997726
45594,11,40,65.49,-7,2024-10-29,2024-10-29 11:40:00,2024-10-29 11:40:00,JYZ24.csv,177,JYZ24.csv,-3.0,65.58000000000001,65.535,196.46999999999997,196.605,0.13500000000001933
45594,11,50,65.55,-3,2024-10-29,2024-10-29 11:50:00,2024-10-29 11:50:00,JYZ24.csv,74,JYZ24.csv,4.0,65.53500000000001,65.53500000000001,262.2,262.14000000000004,0.05999999999994543
45594,12,10,65.6,-7,2024-10-29,2024-10-29 12:10:00,2024-10-29 12:10:00,JYZ24.csv,145,JYZ24.csv,-4.0,65.61,65.565,262.4,262.26,-0.13999999999998636
45595,8,0,65.74,-4,2024-10-30,2024-10-30 08:00:00,2024-10-30 08:00:00,JYZ24.csv,258,JYZ24.csv,3.0,65.73,65.73,197.21999999999997,197.19,0.029999999999972715
45595,9,0,65.605,-6,2024-10-30,2024-10-30 09:00:00,2024-10-30 09:00:00,JYZ24.csv,220,JYZ24.csv,-2.0,65.625,65.625,131.21,131.25,0.03999999999999204
45595,11,0,65.65,-2,2024-10-30,2024-10-30 11:00:00,2024-10-30 11:00:00,JYZ24.csv,151,JYZ24.csv,4.0,65.58,65.61,262.6,262.44,0.160000000000025
45595,12,0,65.69,-5,2024-10-30,2024-10-30 12:00:00,2024-10-30 12:00:00,JYZ24.csv,340,JYZ24.csv,-3.0,65.72500000000001,65.695,197.07,197.08499999999998,0.014999999999986358
45595,12,20,65.685,-2,2024-10-30,2024-10-30 12:20:00,2024-10-30 12:20:00,JYZ24.csv,115,JYZ24.csv,3.0,65.67999999999999,65.74,197.055,197.21999999999997,-0.16499999999996362
45595,13,0,65.72,-6,2024-10-30,2024-10-30 13:00:00,2024-10-30 13:00:00,JYZ24.csv,87,JYZ24.csv,-4.0,65.685,65.685,262.88,262.74,-0.13999999999998636
45596,8,0,65.835,-4,2024-10-31,2024-10-31 08:00:00,2024-10-31 08:00:00,JYZ24.csv,289,JYZ24.csv,2.0,65.83,65.83,131.67,131.66,0.009999999999990905
45596,9,0,65.85,-7,2024-10-31,2024-10-31 09:00:00,2024-10-31 09:00:00,JYZ24.csv,173,JYZ24.csv,-3.0,65.81,65.81,197.54999999999998,197.43,-0.11999999999997613
45596,9,40,65.84,-2,2024-10-31,2024-10-31 09:40:00,2024-10-31 09:40:00,JYZ24.csv,83,JYZ24.csv,5.0,65.71,65.75,329.20000000000005,328.75,0.4500000000000455
45596,10,0,65.735,-1,2024-10-31,2024-10-31 10:00:00,2024-10-31 10:00:00,JYZ24.csv,712,JYZ24.csv,1.0,65.685,65.81,65.735,65.81,-0.07500000000000284
45596,10,20,65.825,-7,2024-10-31,2024-10-31 10:20:00,2024-10-31 10:20:00,JYZ24.csv,220,JYZ24.csv,-6.0,65.89,65.89,394.95000000000005,395.34000000000003,0.38999999999998636
45596,11,20,65.94,-10,2024-10-31,2024-10-31 11:20:00,2024-10-31 11:20:00,JYZ24.csv,232,JYZ24.csv,-3.0,65.98,65.98,197.82,197.94,0.12000000000000455
45596,11,40,66.03,-8,2024-10-31,2024-10-31 11:40:00,2024-10-31 11:40:00,JYZ24.csv,622,JYZ24.csv,2.0,66.07000000000001,66.07000000000001,132.06,132.14000000000001,-0.0800000000000125
45596,12,0,65.995,-7,2024-10-31,2024-10-31 12:00:00,2024-10-31 12:00:00,JYZ24.csv,1336,JYZ24.csv,1.0,65.97500000000001,66.035,65.995,66.035,-0.03999999999999204
45597,6,30,65.805,-10,2024-11-01,2024-11-01 06:30:00,2024-11-01 06:30:00,JYZ24.csv,11,JYZ24.csv,-3.0,65.85,65.835,197.41500000000002,197.505,0.08999999999997499
45597,8,0,65.855,-8,2024-11-01,2024-11-01 08:00:00,2024-11-01 08:00:00,JYZ24.csv,179,JYZ24.csv,2.0,65.80499999999999,65.815,131.71,131.63,0.0800000000000125
45597,9,0,66.13,-5,2024-11-01,2024-11-01 09:00:00,2024-11-01 09:00:00,JYZ24.csv,472,JYZ24.csv,3.0,66.07499999999999,66.07499999999999,198.39,198.22499999999997,0.16500000000002046
45597,9,20,66.025,-3,2024-11-01,2024-11-01 09:20:00,2024-11-01 09:20:00,JYZ24.csv,564,JYZ24.csv,2.0,66.0,66.0,132.05,132.0,0.05000000000001137
45597,9,40,66.04,-8,2024-11-01,2024-11-01 09:40:00,2024-11-01 09:40:00,JYZ24.csv,253,JYZ24.csv,-5.0,66.095,65.93,330.20000000000005,329.65000000000003,-0.5500000000000114
45597,9,50,65.975,-9,2024-11-01,2024-11-01 09:50:00,2024-11-01 09:50:00,JYZ24.csv,687,JYZ24.csv,-1.0,65.99,65.99,65.975,65.99,0.015000000000000568
45597,10,10,65.85,-8,2024-11-01,2024-11-01 10:10:00,2024-11-01 10:10:00,JYZ24.csv,213,JYZ24.csv,1.0,65.815,65.815,65.85,65.815,0.03499999999999659
45597,10,20,65.8,-4,2024-11-01,2024-11-01 10:20:00,2024-11-01 10:20:00,JYZ24.csv,429,JYZ24.csv,4.0,65.805,65.805,263.2,263.22,-0.020000000000038654
45597,10,30,65.835,-1,2024-11-01,2024-11-01 10:30:00,2024-11-01 10:30:00,JYZ24.csv,443,JYZ24.csv,3.0,65.73,65.76,197.505,197.28000000000003,0.2249999999999659
45597,10,40,65.75,0,2024-11-01,2024-11-01 10:40:00,2024-11-01 10:40:00,JYZ24.csv,344,JYZ24.csv,1.0,65.73,65.73,65.75,65.73,0.01999999999999602
45597,11,0,65.75,-5,2024-11-01,2024-11-01 11:00:00,2024-11-01 11:00:00,JYZ24.csv,322,JYZ24.csv,-5.0,65.78,65.755,328.75,328.775,0.024999999999977263
45597,16,15,65.675,0,2024-11-01,2024-11-01 16:15:00,2024-11-01 16:15:00,JYZ24.csv,87,JYZ24.csv,5.0,65.685,65.685,328.375,328.425,-0.05000000000001137
45600,6,30,66.27,-2,2024-11-04,2024-11-04 06:30:00,2024-11-04 06:30:00,JYZ24.csv,112,JYZ24.csv,-2.0,66.325,66.325,132.54,132.65,0.11000000000001364
45600,8,0,66.225,-9,2024-11-04,2024-11-04 08:00:00,2024-11-04 08:00:00,JYZ24.csv,55,JYZ24.csv,-7.0,66.25,66.25,463.57499999999993,463.75,0.1750000000000682
45600,9,0,66.22,-3,2024-11-04,2024-11-04 09:00:00,2024-11-04 09:00:00,JYZ24.csv,201,JYZ24.csv,6.0,66.275,66.275,397.32,397.65000000000003,-0.3300000000000409
45600,9,10,66.28,0,2024-11-04,2024-11-04 09:10:00,2024-11-04 09:10:00,JYZ24.csv,129,JYZ24.csv,3.0,66.22,66.245,198.84,198.735,0.10499999999998977
45600,9,20,66.255,-6,2024-11-04,2024-11-04 09:20:00,2024-11-04 09:20:00,JYZ24.csv,45,JYZ24.csv,-6.0,66.27000000000001,66.195,397.53,397.16999999999996,-0.36000000000001364
45600,9,30,66.205,-10,2024-11-04,2024-11-04 09:30:00,2024-11-04 09:30:00,JYZ24.csv,131,JYZ24.csv,-4.0,66.22,66.22,264.82,264.88,0.060000000000002274
45600,9,40,66.17,-4,2024-11-04,2024-11-04 09:40:00,2024-11-04 09:40:00,JYZ24.csv,79,JYZ24.csv,6.0,66.16999999999999,66.16999999999999,397.02,397.0199999999999,5.684341886080802e-14
45600,9,50,66.21,-3,2024-11-04,2024-11-04 09:50:00,2024-11-04 09:50:00,JYZ24.csv,63,JYZ24.csv,1.0,66.16999999999999,66.24,66.21,66.24,-0.030000000000001137
45600,10,0,66.225,-9,2024-11-04,2024-11-04 10:00:00,2024-11-04 10:00:00,JYZ24.csv,697,JYZ24.csv,-6.0,66.25999999999999,66.25999999999999,397.34999999999997,397.55999999999995,0.20999999999997954
45600,10,30,66.165,-7,2024-11-04,2024-11-04 10:30:00,2024-11-04 10:30:00,JYZ24.csv,196,JYZ24.csv,2.0,66.155,66.155,132.33,132.31,0.020000000000010232
45600,10,50,66.125,-4,2024-11-04,2024-11-04 10:50:00,2024-11-04 10:50:00,JYZ24.csv,437,JYZ24.csv,3.0,66.10499999999999,66.10499999999999,198.375,198.31499999999997,0.060000000000030695
45600,11,10,66.105,-7,2024-11-04,2024-11-04 11:10:00,2024-11-04 11:10:00,JYZ24.csv,112,JYZ24.csv,-3.0,66.135,66.12,198.315,198.36,0.045000000000015916
45601,6,30,66.05,0,2024-11-05,2024-11-05 06:30:00,2024-11-05 06:30:00,JYZ24.csv,114,JYZ24.csv,7.0,66.035,66.05,462.34999999999997,462.34999999999997,0.0
45601,8,0,66.005,-1,2024-11-05,2024-11-05 08:00:00,2024-11-05 08:00:00,JYZ24.csv,192,JYZ24.csv,-1.0,66.01,66.01,66.005,66.01,0.005000000000009663
45601,10,0,66.04,4,2024-11-05,2024-11-05 10:00:00,2024-11-05 10:00:00,JYZ24.csv,2839,JYZ24.csv,5.0,66.09,66.09,330.20000000000005,330.45000000000005,-0.25
45601,10,20,66.165,-1,2024-11-05,2024-11-05 10:20:00,2024-11-05 10:20:00,JYZ24.csv,163,JYZ24.csv,-5.0,66.185,66.185,330.82500000000005,330.925,0.0999999999999659
45601,10,30,66.16,-8,2024-11-05,2024-11-05 10:30:00,2024-11-05 10:30:00,JYZ24.csv,66,JYZ24.csv,-7.0,66.185,66.185,463.12,463.295,0.17500000000001137
45601,11,0,66.11,-1,2024-11-05,2024-11-05 11:00:00,2024-11-05 11:00:00,JYZ24.csv,540,JYZ24.csv,7.0,66.11,66.17,462.77,463.19,-0.4200000000000159
45601,11,20,66.17,-4,2024-11-05,2024-11-05 11:20:00,2024-11-05 11:20:00,JYZ24.csv,54,JYZ24.csv,-3.0,66.155,66.155,198.51,198.465,-0.044999999999987494
45601,13,0,66.27,-8,2024-11-05,2024-11-05 13:00:00,2024-11-05 13:00:00,JYZ24.csv,112,JYZ24.csv,-4.0,66.315,66.315,265.08,265.26,0.18000000000000682
45602,6,30,65.205,-10,2024-11-06,2024-11-06 06:30:00,2024-11-06 06:30:00,JYZ24.csv,112,JYZ24.csv,-2.0,65.235,65.175,130.41,130.35,-0.060000000000002274
45602,9,0,65.135,-5,2024-11-06,2024-11-06 09:00:00,2024-11-06 09:00:00,JYZ24.csv,239,JYZ24.csv,5.0,65.115,65.115,325.675,325.575,0.10000000000002274
45602,10,30,65.185,-3,2024-11-06,2024-11-06 10:30:00,2024-11-06 10:30:00,JYZ24.csv,462,JYZ24.csv,2.0,65.15,65.165,130.37,130.33,0.03999999999999204
45602,11,20,65.105,-1,2024-11-06,2024-11-06 11:20:00,2024-11-06 11:20:00,JYZ24.csv,106,JYZ24.csv,2.0,65.035,65.075,130.21,130.15,0.060000000000002274
45602,11,40,65.065,-3,2024-11-06,2024-11-06 11:40:00,2024-11-06 11:40:00,JYZ24.csv,157,JYZ24.csv,-2.0,65.07000000000001,65.01,130.13,130.02,-0.10999999999998522
45603,6,30,65.23,-2,2024-11-07,2024-11-07 06:30:00,2024-11-07 06:30:00,JYZ24.csv,23,JYZ24.csv,1.0,65.19500000000001,65.205,65.23,65.205,0.025000000000005684
45603,8,0,65.335,-4,2024-11-07,2024-11-07 08:00:00,2024-11-07 08:00:00,JYZ24.csv,217,JYZ24.csv,-2.0,65.395,65.38,130.67,130.76,0.09000000000000341
45603,9,0,65.45,0,2024-11-07,2024-11-07 09:00:00,2024-11-07 09:00:00,JYZ24.csv,584,JYZ24.csv,4.0,65.395,65.435,261.8,261.74,0.060000000000002274
45603,9,20,65.46,-4,2024-11-07,2024-11-07 09:20:00,2024-11-07 09:20:00,JYZ24.csv,403,JYZ24.csv,-4.0,65.46,65.46,261.84,261.84,-0.0
45603,10,0,65.565,1,2024-11-07,2024-11-07 10:00:00,2024-11-07 10:00:00,JYZ24.csv,559,JYZ24.csv,5.0,65.565,65.565,327.825,327.825,0.0
45603,10,20,65.57,-1,2024-11-07,2024-11-07 10:20:00,2024-11-07 10:20:00,JYZ24.csv,189,JYZ24.csv,-2.0,65.675,65.675,131.14,131.35,0.21000000000000796
45603,10,30,65.68,-2,2024-11-07,2024-11-07 10:30:00,2024-11-07 10:30:00,JYZ24.csv,693,JYZ24.csv,-1.0,65.71,65.71,65.68,65.71,0.029999999999986926
45603,10,40,65.67,-5,2024-11-07,2024-11-07 10:40:00,2024-11-07 10:40:00,JYZ24.csv,432,JYZ24.csv,-3.0,65.71,65.71,197.01,197.13,0.12000000000000455
45603,11,20,65.59,1,2024-11-07,2024-11-07 11:20:00,2024-11-07 11:20:00,JYZ24.csv,215,JYZ24.csv,6.0,65.55,65.615,393.54,393.68999999999994,-0.14999999999992042
45603,11,40,65.61,-5,2024-11-07,2024-11-07 11:40:00,2024-11-07 11:40:00,JYZ24.csv,35,JYZ24.csv,-6.0,65.64,65.585,393.65999999999997,393.51,-0.14999999999997726
45604,6,30,65.975,-2,2024-11-08,2024-11-08 06:30:00,2024-11-08 06:30:00,JYZ24.csv,52,JYZ24.csv,3.0,65.93499999999999,65.925,197.92499999999998,197.77499999999998,0.15000000000000568
45604,8,0,65.93,2,2024-11-08,2024-11-08 08:00:00,2024-11-08 08:00:00,JYZ24.csv,90,JYZ24.csv,4.0,65.91499999999999,65.91499999999999,263.72,263.65999999999997,0.06000000000005912
45604,9,0,65.77,0,2024-11-08,2024-11-08 09:00:00,2024-11-08 09:00:00,JYZ24.csv,141,JYZ24.csv,-2.0,65.80000000000001,65.77,131.54,131.54,-0.0
45604,9,30,65.82,3,2024-11-08,2024-11-08 09:30:00,2024-11-08 09:30:00,JYZ24.csv,217,JYZ24.csv,3.0,65.815,65.815,197.45999999999998,197.445,0.014999999999986358
45604,9,40,65.825,8,2024-11-08,2024-11-08 09:40:00,2024-11-08 09:40:00,JYZ24.csv,113,JYZ24.csv,5.0,65.775,65.775,329.125,328.875,0.25
45604,9,50,65.79,2,2024-11-08,2024-11-08 09:50:00,2024-11-08 09:50:00,JYZ24.csv,264,JYZ24.csv,-6.0,65.795,65.795,394.74,394.77,0.029999999999972715
45604,10,0,65.765,-3,2024-11-08,2024-11-08 10:00:00,2024-11-08 10:00:00,JYZ24.csv,640,JYZ24.csv,-5.0,65.795,65.795,328.825,328.975,0.1500000000000341
45604,10,10,65.86,0,2024-11-08,2024-11-08 10:10:00,2024-11-08 10:10:00,JYZ24.csv,260,JYZ24.csv,3.0,65.87,65.87,197.57999999999998,197.61,-0.03000000000002956
45604,10,30,65.885,-3,2024-11-08,2024-11-08 10:30:00,2024-11-08 10:30:00,JYZ24.csv,317,JYZ24.csv,-3.0,65.87,65.87,197.65500000000003,197.61,-0.045000000000015916
45604,11,10,65.85,1,2024-11-08,2024-11-08 11:10:00,2024-11-08 11:10:00,JYZ24.csv,35,JYZ24.csv,4.0,65.78500000000001,65.81,263.4,263.24,0.15999999999996817
45604,11,20,65.815,4,2024-11-08,2024-11-08 11:20:00,2024-11-08 11:20:00,JYZ24.csv,67,JYZ24.csv,3.0,65.78500000000001,65.78500000000001,197.445,197.35500000000002,0.08999999999997499
45604,11,30,65.82,0,2024-11-08,2024-11-08 11:30:00,2024-11-08 11:30:00,JYZ24.csv,45,JYZ24.csv,-4.0,65.825,65.825,263.28,263.3,0.020000000000038654
45604,11,40,65.785,-3,2024-11-08,2024-11-08 11:40:00,2024-11-08 11:40:00,JYZ24.csv,100,JYZ24.csv,-3.0,65.88000000000001,65.81,197.355,197.43,0.07500000000001705
45604,16,15,65.87,0,2024-11-08,2024-11-08 16:15:00,2024-11-08 16:15:00,JYZ24.csv,14,JYZ24.csv,3.0,65.87,65.87,197.61,197.61,0.0
45607,6,30,65.34,-6,2024-11-11,2024-11-11 06:30:00,2024-11-11 06:30:00,JYZ24.csv,28,JYZ24.csv,-6.0,65.345,65.345,392.04,392.07,0.029999999999972715
45607,8,0,65.31,-7,2024-11-11,2024-11-11 08:00:00,2024-11-11 08:00:00,JYZ24.csv,51,JYZ24.csv,-1.0,65.335,65.335,65.31,65.335,0.024999999999991473
45607,9,0,65.325,-6,2024-11-11,2024-11-11 09:00:00,2024-11-11 09:00:00,JYZ24.csv,450,JYZ24.csv,1.0,65.35,65.35,65.325,65.35,-0.024999999999991473
45607,9,50,65.28,-7,2024-11-11,2024-11-11 09:50:00,2024-11-11 09:50:00,JYZ24.csv,229,JYZ24.csv,-1.0,65.275,65.275,65.28,65.275,-0.0049999999999954525
45607,10,10,65.285,-6,2024-11-11,2024-11-11 10:10:00,2024-11-11 10:10:00,JYZ24.csv,47,JYZ24.csv,1.0,65.23,65.27,65.285,65.27,0.015000000000000568
45607,10,30,65.29,0,2024-11-11,2024-11-11 10:30:00,2024-11-11 10:30:00,JYZ24.csv,194,JYZ24.csv,6.0,65.26,65.28,391.74,391.68,0.060000000000002274
45608,8,0,65.18,-10,2024-11-12,2024-11-12 08:00:00,2024-11-12 08:00:00,JYZ24.csv,161,JYZ24.csv,-10.0,65.16,65.16,651.8000000000001,651.5999999999999,-0.20000000000015916
45608,9,0,65.05,-6,2024-11-12,2024-11-12 09:00:00,2024-11-12 09:00:00,JYZ24.csv,341,JYZ24.csv,4.0,65.0,65.02,260.2,260.08,0.12000000000000455
45608,9,50,65.045,-7,2024-11-12,2024-11-12 09:50:00,2024-11-12 09:50:00,JYZ24.csv,250,JYZ24.csv,-1.0,65.05,65.05,65.045,65.05,0.0049999999999954525
45608,10,10,65.01,-6,2024-11-12,2024-11-12 10:10:00,2024-11-12 10:10:00,JYZ24.csv,53,JYZ24.csv,1.0,65.015,65.015,65.01,65.015,-0.0049999999999954525
45609,8,0,64.815,-9,2024-11-13,2024-11-13 08:00:00,2024-11-13 08:00:00,JYZ24.csv,299,JYZ24.csv,-3.0,64.815,64.815,194.445,194.445,-0.0
45609,9,0,64.995,-7,2024-11-13,2024-11-13 09:00:00,2024-11-13 09:00:00,JYZ24.csv,876,JYZ24.csv,2.0,65.01,65.01,129.99,130.02,-0.030000000000001137
45609,9,20,64.99,-2,2024-11-13,2024-11-13 09:20:00,2024-11-13 09:20:00,JYZ24.csv,328,JYZ24.csv,5.0,64.96000000000001,64.96000000000001,324.95,324.80000000000007,0.14999999999992042
45609,9,40,64.89,-1,2024-11-13,2024-11-13 09:40:00,2024-11-13 09:40:00,JYZ24.csv,240,JYZ24.csv,1.0,64.82000000000001,64.84,64.89,64.84,0.04999999999999716
45609,10,0,64.855,-7,2024-11-13,2024-11-13 10:00:00,2024-11-13 10:00:00,JYZ24.csv,156,JYZ24.csv,-6.0,64.8,64.8,389.13,388.79999999999995,-0.3300000000000409
45609,10,30,64.74,-2,2024-11-13,2024-11-13 10:30:00,2024-11-13 10:30:00,JYZ24.csv,343,JYZ24.csv,5.0,64.75,64.75,323.7,323.75,-0.05000000000001137
45609,10,50,64.755,-7,2024-11-13,2024-11-13 10:50:00,2024-11-13 10:50:00,JYZ24.csv,253,JYZ24.csv,-5.0,64.82,64.75,323.775,323.75,-0.024999999999977263
45610,8,0,64.345,-6,2024-11-14,2024-11-14 08:00:00,2024-11-14 08:00:00,JYZ24.csv,46,JYZ24.csv,1.0,64.35,64.35,64.345,64.35,-0.0049999999999954525
45610,8,40,64.305,-7,2024-11-14,2024-11-14 08:40:00,2024-11-14 08:40:00,JYZ24.csv,194,JYZ24.csv,-1.0,64.41,64.33,64.305,64.33,0.024999999999991473
45610,9,0,64.335,-6,2024-11-14,2024-11-14 09:00:00,2024-11-14 09:00:00,JYZ24.csv,245,JYZ24.csv,1.0,64.36999999999999,64.36999999999999,64.335,64.36999999999999,-0.03499999999999659
45610,9,20,64.44,-8,2024-11-14,2024-11-14 09:20:00,2024-11-14 09:20:00,JYZ24.csv,149,JYZ24.csv,-2.0,64.435,64.435,128.88,128.87,-0.009999999999990905
45610,9,50,64.44,-10,2024-11-14,2024-11-14 09:50:00,2024-11-14 09:50:00,JYZ24.csv,101,JYZ24.csv,-2.0,64.445,64.445,128.88,128.89,0.009999999999990905
45610,10,0,64.435,-2,2024-11-14,2024-11-14 10:00:00,2024-11-14 10:00:00,JYZ24.csv,150,JYZ24.csv,8.0,64.41999999999999,64.41999999999999,515.48,515.3599999999999,0.12000000000011823
45610,10,10,64.44,0,2024-11-14,2024-11-14 10:10:00,2024-11-14 10:10:00,JYZ24.csv,124,JYZ24.csv,2.0,64.43499999999999,64.43499999999999,128.88,128.86999999999998,0.010000000000019327
45610,10,20,64.46,-6,2024-11-14,2024-11-14 10:20:00,2024-11-14 10:20:00,JYZ24.csv,96,JYZ24.csv,-6.0,64.47999999999999,64.345,386.76,386.07,-0.6899999999999977
45610,10,30,64.395,-1,2024-11-14,2024-11-14 10:30:00,2024-11-14 10:30:00,JYZ24.csv,372,JYZ24.csv,5.0,64.3,64.34,321.97499999999997,321.70000000000005,0.2749999999999204
45610,10,40,64.33,3,2024-11-14,2024-11-14 10:40:00,2024-11-14 10:40:00,JYZ24.csv,142,JYZ24.csv,4.0,64.35499999999999,64.35499999999999,257.32,257.41999999999996,-0.0999999999999659
45610,10,50,64.355,-2,2024-11-14,2024-11-14 10:50:00,2024-11-14 10:50:00,JYZ24.csv,141,JYZ24.csv,-5.0,64.39999999999999,64.365,321.77500000000003,321.825,0.049999999999954525
45610,11,0,64.365,-6,2024-11-14,2024-11-14 11:00:00,2024-11-14 11:00:00,JYZ24.csv,588,JYZ24.csv,-4.0,64.375,64.375,257.46,257.5,0.040000000000020464
45610,11,20,64.435,-7,2024-11-14,2024-11-14 11:20:00,2024-11-14 11:20:00,JYZ24.csv,56,JYZ24.csv,-1.0,64.47,64.425,64.435,64.425,-0.010000000000005116
45610,11,40,64.42,-6,2024-11-14,2024-11-14 11:40:00,2024-11-14 11:40:00,JYZ24.csv,79,JYZ24.csv,1.0,64.35499999999999,64.355,64.42,64.355,0.06499999999999773
45611,6,30,64.62,-7,2024-11-15,2024-11-15 06:30:00,2024-11-15 06:30:00,JYZ24.csv,185,JYZ24.csv,-1.0,64.63,64.585,64.62,64.585,-0.0350000000000108
45611,8,0,64.6,-3,2024-11-15,2024-11-15 08:00:00,2024-11-15 08:00:00,JYZ24.csv,76,JYZ24.csv,4.0,64.57,64.665,258.4,258.66,-0.26000000000004775
45611,9,30,64.635,0,2024-11-15,2024-11-15 09:30:00,2024-11-15 09:30:00,JYZ24.csv,277,JYZ24.csv,3.0,64.56,64.56,193.90500000000003,193.68,0.22500000000002274
45611,9,40,64.48,5,2024-11-15,2024-11-15 09:40:00,2024-11-15 09:40:00,JYZ24.csv,232,JYZ24.csv,5.0,64.45,64.45,322.40000000000003,322.25,0.1500000000000341
45611,9,50,64.44,-2,2024-11-15,2024-11-15 09:50:00,2024-11-15 09:50:00,JYZ24.csv,382,JYZ24.csv,-7.0,64.58,64.57,451.08,451.98999999999995,0.9099999999999682
45611,10,0,64.52,-7,2024-11-15,2024-11-15 10:00:00,2024-11-15 10:00:00,JYZ24.csv,239,JYZ24.csv,-5.0,64.58,64.58,322.59999999999997,322.9,0.30000000000001137
45611,10,10,64.625,-3,2024-11-15,2024-11-15 10:10:00,2024-11-15 10:10:00,JYZ24.csv,178,JYZ24.csv,4.0,64.605,64.605,258.5,258.42,0.07999999999998408
45611,10,20,64.65,-4,2024-11-15,2024-11-15 10:20:00,2024-11-15 10:20:00,JYZ24.csv,187,JYZ24.csv,-1.0,64.74,64.74,64.65,64.74,0.0899999999999892
45611,10,30,64.66,-3,2024-11-15,2024-11-15 10:30:00,2024-11-15 10:30:00,JYZ24.csv,174,JYZ24.csv,1.0,64.67999999999999,64.67999999999999,64.66,64.67999999999999,-0.01999999999999602
45611,10,40,64.76,-2,2024-11-15,2024-11-15 10:40:00,2024-11-15 10:40:00,JYZ24.csv,636,JYZ24.csv,1.0,64.705,64.705,64.76,64.705,0.05500000000000682
45611,11,0,64.77,-3,2024-11-15,2024-11-15 11:00:00,2024-11-15 11:00:00,JYZ24.csv,928,JYZ24.csv,-1.0,64.82000000000001,64.82000000000001,64.77,64.82000000000001,0.05000000000001137
45611,11,10,64.87,-5,2024-11-15,2024-11-15 11:10:00,2024-11-15 11:10:00,JYZ24.csv,389,JYZ24.csv,-2.0,64.89,64.89,129.74,129.78,0.03999999999999204
45611,11,30,64.835,-3,2024-11-15,2024-11-15 11:30:00,2024-11-15 11:30:00,JYZ24.csv,340,JYZ24.csv,2.0,64.8,64.8,129.67,129.6,0.06999999999999318
45611,11,50,64.925,-5,2024-11-15,2024-11-15 11:50:00,2024-11-15 11:50:00,JYZ24.csv,134,JYZ24.csv,-2.0,64.98,64.96,129.85,129.92,0.06999999999999318
45611,12,10,64.95,-3,2024-11-15,2024-11-15 12:10:00,2024-11-15 12:10:00,JYZ24.csv,148,JYZ24.csv,2.0,64.91499999999999,64.975,129.9,129.95,-0.04999999999998295
45611,13,0,65.055,-2,2024-11-15,2024-11-15 13:00:00,2024-11-15 13:00:00,JYZ24.csv,81,JYZ24.csv,1.0,65.025,65.12,65.055,65.12,-0.06499999999999773
45611,16,15,65.035,0,2024-11-15,2024-11-15 16:15:00,2024-11-15 16:15:00,JYZ24.csv,3,JYZ24.csv,2.0,65.015,65.015,130.07,130.03,0.03999999999999204
45614,6,30,64.71,-4,2024-11-18,2024-11-18 06:30:00,2024-11-18 06:30:00,JYZ24.csv,32,JYZ24.csv,-4.0,64.72999999999999,64.72999999999999,258.84,258.91999999999996,0.07999999999998408
45614,8,0,64.625,-10,2024-11-18,2024-11-18 08:00:00,2024-11-18 08:00:00,JYZ24.csv,390,JYZ24.csv,-6.0,64.645,64.645,387.75,387.87,0.12000000000000455
45614,9,0,64.79,-4,2024-11-18,2024-11-18 09:00:00,2024-11-18 09:00:00,JYZ24.csv,136,JYZ24.csv,6.0,64.765,64.765,388.74,388.59000000000003,0.14999999999997726
45614,9,20,64.79,-10,2024-11-18,2024-11-18 09:20:00,2024-11-18 09:20:00,JYZ24.csv,129,JYZ24.csv,-6.0,64.795,64.795,388.74,388.77,0.029999999999972715
45614,9,40,64.83,-4,2024-11-18,2024-11-18 09:40:00,2024-11-18 09:40:00,JYZ24.csv,547,JYZ24.csv,6.0,64.82,64.835,388.98,389.01,-0.029999999999972715
45614,10,0,64.825,-10,2024-11-18,2024-11-18 10:00:00,2024-11-18 10:00:00,JYZ24.csv,261,JYZ24.csv,-6.0,64.845,64.845,388.95000000000005,389.07,0.1199999999999477
45614,10,10,64.8,-7,2024-11-18,2024-11-18 10:10:00,2024-11-18 10:10:00,JYZ24.csv,229,JYZ24.csv,3.0,64.72999999999999,64.72999999999999,194.39999999999998,194.18999999999997,0.21000000000000796
45614,10,30,64.75,-3,2024-11-18,2024-11-18 10:30:00,2024-11-18 10:30:00,JYZ24.csv,122,JYZ24.csv,4.0,64.725,64.755,259.0,259.02,-0.01999999999998181
45614,10,50,64.735,0,2024-11-18,2024-11-18 10:50:00,2024-11-18 10:50:00,JYZ24.csv,218,JYZ24.csv,3.0,64.73,64.73,194.20499999999998,194.19,0.014999999999986358
45614,11,10,64.765,-6,2024-11-18,2024-11-18 11:10:00,2024-11-18 11:10:00,JYZ24.csv,82,JYZ24.csv,-6.0,64.8,64.77,388.59000000000003,388.62,0.029999999999972715
45615,6,30,65.255,-3,2024-11-19,2024-11-19 06:30:00,2024-11-19 06:30:00,JYZ24.csv,67,JYZ24.csv,3.0,65.155,65.175,195.765,195.52499999999998,0.2400000000000091
45615,9,0,65.385,2,2024-11-19,2024-11-19 09:00:00,2024-11-19 09:00:00,JYZ24.csv,185,JYZ24.csv,5.0,65.145,65.145,326.925,325.72499999999997,1.2000000000000455
45615,9,10,65.18,-2,2024-11-19,2024-11-19 09:10:00,2024-11-19 09:10:00,JYZ24.csv,638,JYZ24.csv,-4.0,65.185,65.185,260.72,260.74,0.01999999999998181
45615,9,20,65.2,-8,2024-11-19,2024-11-19 09:20:00,2024-11-19 09:20:00,JYZ24.csv,220,JYZ24.csv,-6.0,65.185,65.185,391.20000000000005,391.11,-0.09000000000003183
45615,9,30,65.165,-4,2024-11-19,2024-11-19 09:30:00,2024-11-19 09:30:00,JYZ24.csv,615,JYZ24.csv,4.0,65.11,65.11,260.66,260.44,0.22000000000002728
45615,9,40,65.14,-3,2024-11-19,2024-11-19 09:40:00,2024-11-19 09:40:00,JYZ24.csv,151,JYZ24.csv,1.0,65.12,65.12,65.14,65.12,0.01999999999999602
45615,10,30,65.185,-6,2024-11-19,2024-11-19 10:30:00,2024-11-19 10:30:00,JYZ24.csv,108,JYZ24.csv,-3.0,65.145,65.145,195.555,195.435,-0.12000000000000455
45615,10,40,65.115,-3,2024-11-19,2024-11-19 10:40:00,2024-11-19 10:40:00,JYZ24.csv,188,JYZ24.csv,3.0,65.145,65.145,195.34499999999997,195.435,-0.09000000000003183
45615,10,50,65.145,1,2024-11-19,2024-11-19 10:50:00,2024-11-19 10:50:00,JYZ24.csv,411,JYZ24.csv,4.0,65.145,65.145,260.58,260.58,0.0
45615,11,0,65.175,-2,2024-11-19,2024-11-19 11:00:00,2024-11-19 11:00:00,JYZ24.csv,600,JYZ24.csv,-3.0,65.155,65.155,195.52499999999998,195.465,-0.05999999999997385
45615,11,10,65.135,-6,2024-11-19,2024-11-19 11:10:00,2024-11-19 11:10:00,JYZ24.csv,172,JYZ24.csv,-4.0,65.095,65.095,260.54,260.38,-0.160000000000025
45615,11,20,65.08,-2,2024-11-19,2024-11-19 11:20:00,2024-11-19 11:20:00,JYZ24.csv,74,JYZ24.csv,4.0,65.035,65.035,260.32,260.14,0.18000000000000682
45615,11,30,65.0,3,2024-11-19,2024-11-19 11:30:00,2024-11-19 11:30:00,JYZ24.csv,195,JYZ24.csv,5.0,64.945,64.945,325.0,324.72499999999997,0.2750000000000341
45615,11,40,64.98,2,2024-11-19,2024-11-19 11:40:00,2024-11-19 11:40:00,JYZ24.csv,265,JYZ24.csv,-1.0,65.03999999999999,65.0,64.98,65.0,0.01999999999999602
45615,11,50,64.995,-3,2024-11-19,2024-11-19 11:50:00,2024-11-19 11:50:00,JYZ24.csv,174,JYZ24.csv,-5.0,65.03999999999999,65.015,324.975,325.075,0.0999999999999659
45615,12,0,64.995,-6,2024-11-19,2024-11-19 12:00:00,2024-11-19 12:00:00,JYZ24.csv,157,JYZ24.csv,-3.0,65.07,65.01,194.985,195.03000000000003,0.045000000000015916
45616,6,30,64.4,-10,2024-11-20,2024-11-20 06:30:00,2024-11-20 06:30:00,JYZ24.csv,55,JYZ24.csv,-4.0,64.42,64.42,257.6,257.68,0.07999999999998408
45616,9,0,64.42,-7,2024-11-20,2024-11-20 09:00:00,2024-11-20 09:00:00,JYZ24.csv,134,JYZ24.csv,3.0,64.415,64.415,193.26,193.245,0.014999999999986358
45616,9,30,64.43,-10,2024-11-20,2024-11-20 09:30:00,2024-11-20 09:30:00,JYZ24.csv,176,JYZ24.csv,-3.0,64.495,64.495,193.29000000000002,193.485,0.19499999999999318
45616,9,50,64.43,-7,2024-11-20,2024-11-20 09:50:00,2024-11-20 09:50:00,JYZ24.csv,80,JYZ24.csv,3.0,64.405,64.56,193.29000000000002,193.68,-0.38999999999998636
45616,10,20,64.63,-9,2024-11-20,2024-11-20 10:20:00,2024-11-20 10:20:00,JYZ24.csv,487,JYZ24.csv,-2.0,64.69,64.69,129.26,129.38,0.12000000000000455
45616,10,30,64.65,-5,2024-11-20,2024-11-20 10:30:00,2024-11-20 10:30:00,JYZ24.csv,204,JYZ24.csv,4.0,64.64999999999999,64.64999999999999,258.6,258.59999999999997,5.684341886080802e-14
45616,10,40,64.615,-3,2024-11-20,2024-11-20 10:40:00,2024-11-20 10:40:00,JYZ24.csv,216,JYZ24.csv,2.0,64.52,64.52,129.23,129.04,0.18999999999999773
45616,10,50,64.555,1,2024-11-20,2024-11-20 10:50:00,2024-11-20 10:50:00,JYZ24.csv,301,JYZ24.csv,4.0,64.52,64.52,258.22,258.08,0.1400000000000432
45616,11,0,64.505,4,2024-11-20,2024-11-20 11:00:00,2024-11-20 11:00:00,JYZ24.csv,458,JYZ24.csv,3.0,64.46499999999999,64.53,193.515,193.59,-0.07500000000001705
45616,11,10,64.51,0,2024-11-20,2024-11-20 11:10:00,2024-11-20 11:10:00,JYZ24.csv,189,JYZ24.csv,-4.0,64.55499999999999,64.55499999999999,258.04,258.21999999999997,0.17999999999994998
45616,11,20,64.52,-3,2024-11-20,2024-11-20 11:20:00,2024-11-20 11:20:00,JYZ24.csv,70,JYZ24.csv,-3.0,64.55499999999999,64.55499999999999,193.56,193.66499999999996,0.10499999999996135
45616,11,30,64.59,-2,2024-11-20,2024-11-20 11:30:00,2024-11-20 11:30:00,JYZ24.csv,183,JYZ24.csv,1.0,64.595,64.595,64.59,64.595,-0.0049999999999954525
45616,11,50,64.58,-3,2024-11-20,2024-11-20 11:50:00,2024-11-20 11:50:00,JYZ24.csv,122,JYZ24.csv,-1.0,64.58,64.58,64.58,64.58,-0.0
45617,8,0,64.94,0,2024-11-21,2024-11-21 08:00:00,2024-11-21 08:00:00,JYZ24.csv,172,JYZ24.csv,3.0,64.89500000000001,64.89500000000001,194.82,194.68500000000003,0.13499999999996248
45617,9,10,64.94,-2,2024-11-21,2024-11-21 09:10:00,2024-11-21 09:10:00,JYZ24.csv,187,JYZ24.csv,-2.0,64.935,64.935,129.88,129.87,-0.009999999999990905
45617,9,30,64.94,0,2024-11-21,2024-11-21 09:30:00,2024-11-21 09:30:00,JYZ24.csv,247,JYZ24.csv,2.0,64.96,64.96,129.88,129.92,-0.03999999999999204
45617,9,50,65.04,-2,2024-11-21,2024-11-21 09:50:00,2024-11-21 09:50:00,JYZ24.csv,254,JYZ24.csv,-2.0,65.135,65.135,130.08,130.27,0.18999999999999773
45617,10,10,65.145,0,2024-11-21,2024-11-21 10:10:00,2024-11-21 10:10:00,JYZ24.csv,219,JYZ24.csv,2.0,65.065,65.065,130.29,130.13,0.1599999999999966
45617,10,20,65.075,4,2024-11-21,2024-11-21 10:20:00,2024-11-21 10:20:00,JYZ24.csv,85,JYZ24.csv,4.0,65.095,65.095,260.3,260.38,-0.07999999999998408
45617,10,40,65.085,0,2024-11-21,2024-11-21 10:40:00,2024-11-21 10:40:00,JYZ24.csv,92,JYZ24.csv,-4.0,65.04,65.04,260.34,260.16,-0.17999999999994998
45617,10,50,65.01,4,2024-11-21,2024-11-21 10:50:00,2024-11-21 10:50:00,JYZ24.csv,451,JYZ24.csv,4.0,64.925,64.95,260.04,259.8,0.2400000000000091
45617,11,0,64.985,5,2024-11-21,2024-11-21 11:00:00,2024-11-21 11:00:00,JYZ24.csv,426,JYZ24.csv,1.0,64.925,64.925,64.985,64.925,0.060000000000002274
45617,11,10,64.97,1,2024-11-21,2024-11-21 11:10:00,2024-11-21 11:10:00,JYZ24.csv,247,JYZ24.csv,-4.0,64.94500000000001,64.94500000000001,259.88,259.78000000000003,-0.0999999999999659
45617,11,40,64.9,-2,2024-11-21,2024-11-21 11:40:00,2024-11-21 11:40:00,JYZ24.csv,167,JYZ24.csv,-3.0,64.89999999999999,64.89999999999999,194.70000000000002,194.7,-2.842170943040401e-14
45617,13,0,64.935,0,2024-11-21,2024-11-21 13:00:00,2024-11-21 13:00:00,JYZ24.csv,61,JYZ24.csv,2.0,64.87,64.87,129.87,129.74,0.12999999999999545
45618,8,0,64.905,-2,2024-11-22,2024-11-22 08:00:00,2024-11-22 08:00:00,JYZ24.csv,59,JYZ24.csv,-2.0,64.91,64.91,129.81,129.82,0.009999999999990905
45618,9,0,65.0,-5,2024-11-22,2024-11-22 09:00:00,2024-11-22 09:00:00,JYZ24.csv,218,JYZ24.csv,-3.0,64.97999999999999,64.97999999999999,195.0,194.93999999999997,-0.060000000000030695
45618,9,10,64.92,-8,2024-11-22,2024-11-22 09:10:00,2024-11-22 09:10:00,JYZ24.csv,132,JYZ24.csv,-3.0,64.89,64.89,194.76,194.67000000000002,-0.08999999999997499
45618,9,20,64.865,-5,2024-11-22,2024-11-22 09:20:00,2024-11-22 09:20:00,JYZ24.csv,47,JYZ24.csv,3.0,64.795,64.795,194.59499999999997,194.385,0.20999999999997954
45618,9,30,64.835,-2,2024-11-22,2024-11-22 09:30:00,2024-11-22 09:30:00,JYZ24.csv,276,JYZ24.csv,3.0,64.795,64.795,194.505,194.385,0.12000000000000455
45618,9,40,64.84,-5,2024-11-22,2024-11-22 09:40:00,2024-11-22 09:40:00,JYZ24.csv,295,JYZ24.csv,-3.0,64.72,64.72,194.52,194.16,-0.36000000000001364
45618,10,0,64.75,-1,2024-11-22,2024-11-22 10:00:00,2024-11-22 10:00:00,JYZ24.csv,1029,JYZ24.csv,4.0,64.795,64.795,259.0,259.18,-0.18000000000000682
45618,10,20,64.755,-5,2024-11-22,2024-11-22 10:20:00,2024-11-22 10:20:00,JYZ24.csv,65,JYZ24.csv,-4.0,64.785,64.785,259.02,259.14,0.12000000000000455
45618,10,40,64.765,-2,2024-11-22,2024-11-22 10:40:00,2024-11-22 10:40:00,JYZ24.csv,54,JYZ24.csv,3.0,64.8,64.8,194.29500000000002,194.39999999999998,-0.10499999999996135
45618,11,20,64.76,-5,2024-11-22,2024-11-22 11:20:00,2024-11-22 11:20:00,JYZ24.csv,105,JYZ24.csv,-3.0,64.77499999999999,64.77499999999999,194.28000000000003,194.325,0.04499999999995907
45618,16,15,64.775,0,2024-11-22,2024-11-22 16:15:00,2024-11-22 16:15:00,JYZ24.csv,171,JYZ24.csv,5.0,64.755,64.775,323.875,323.875,0.0
45621,6,30,64.935,2,2024-11-25,2024-11-25 06:30:00,2024-11-25 06:30:00,JYZ24.csv,38,JYZ24.csv,2.0,64.91,64.91,129.87,129.82,0.05000000000001137
45621,9,20,65.2,7,2024-11-25,2024-11-25 09:20:00,2024-11-25 09:20:00,JYZ24.csv,262,JYZ24.csv,5.0,65.22,65.22,326.0,326.1,-0.10000000000002274
45621,9,40,65.175,4,2024-11-25,2024-11-25 09:40:00,2024-11-25 09:40:00,JYZ24.csv,362,JYZ24.csv,-3.0,65.185,65.185,195.52499999999998,195.555,0.03000000000002956
45621,10,0,65.22,2,2024-11-25,2024-11-25 10:00:00,2024-11-25 10:00:00,JYZ24.csv,191,JYZ24.csv,-2.0,65.24,65.24,130.44,130.48,0.03999999999999204
45621,10,30,65.165,0,2024-11-25,2024-11-25 10:30:00,2024-11-25 10:30:00,JYZ24.csv,221,JYZ24.csv,-2.0,65.185,65.185,130.33,130.37,0.03999999999999204
45621,10,50,65.08,5,2024-11-25,2024-11-25 10:50:00,2024-11-25 10:50:00,JYZ24.csv,733,JYZ24.csv,5.0,64.925,64.95,325.4,324.75,0.6499999999999773
45621,11,10,64.96,0,2024-11-25,2024-11-25 11:10:00,2024-11-25 11:10:00,JYZ24.csv,224,JYZ24.csv,-5.0,64.965,64.93,324.79999999999995,324.65000000000003,-0.14999999999992042
45622,6,30,65.16,3,2024-11-26,2024-11-26 06:30:00,2024-11-26 06:30:00,JYZ24.csv,18,JYZ24.csv,3.0,65.175,65.175,195.48,195.52499999999998,-0.044999999999987494
45622,8,0,65.415,-2,2024-11-26,2024-11-26 08:00:00,2024-11-26 08:00:00,JYZ24.csv,342,JYZ24.csv,-5.0,65.47,65.47,327.07500000000005,327.35,0.27499999999997726
45622,10,30,65.22,-5,2024-11-26,2024-11-26 10:30:00,2024-11-26 10:30:00,JYZ24.csv,189,JYZ24.csv,-3.0,65.26,65.26,195.66,195.78000000000003,0.12000000000003297
45622,11,10,65.26,-2,2024-11-26,2024-11-26 11:10:00,2024-11-26 11:10:00,JYZ24.csv,152,JYZ24.csv,3.0,65.205,65.255,195.78000000000003,195.765,0.015000000000043201
45622,11,20,65.23,1,2024-11-26,2024-11-26 11:20:00,2024-11-26 11:20:00,JYZ24.csv,85,JYZ24.csv,3.0,65.205,65.285,195.69,195.855,-0.16499999999999204
45622,11,30,65.25,-2,2024-11-26,2024-11-26 11:30:00,2024-11-26 11:30:00,JYZ24.csv,65,JYZ24.csv,-3.0,65.325,65.28,195.75,195.84,0.09000000000000341
45622,11,40,65.3,-5,2024-11-26,2024-11-26 11:40:00,2024-11-26 11:40:00,JYZ24.csv,57,JYZ24.csv,-3.0,65.32,65.32,195.89999999999998,195.95999999999998,0.060000000000002274
45623,6,30,66.12,-6,2024-11-27,2024-11-27 06:30:00,2024-11-27 06:30:00,JYZ24.csv,100,JYZ24.csv,-1.0,66.16,66.16,66.12,66.16,0.03999999999999204
45623,9,10,66.245,-2,2024-11-27,2024-11-27 09:10:00,2024-11-27 09:10:00,JYZ24.csv,377,JYZ24.csv,4.0,66.22,66.245,264.98,264.98,0.0
45623,9,40,66.215,2,2024-11-27,2024-11-27 09:40:00,2024-11-27 09:40:00,JYZ24.csv,164,JYZ24.csv,4.0,66.17,66.18,264.86,264.72,0.13999999999998636
45623,9,50,66.2,-2,2024-11-27,2024-11-27 09:50:00,2024-11-27 09:50:00,JYZ24.csv,767,JYZ24.csv,-4.0,66.21,66.21,264.8,264.84,0.03999999999996362
45623,10,0,66.235,-6,2024-11-27,2024-11-27 10:00:00,2024-11-27 10:00:00,JYZ24.csv,849,JYZ24.csv,-4.0,66.19,66.19,264.94,264.76,-0.18000000000000682
45623,10,10,66.145,-1,2024-11-27,2024-11-27 10:10:00,2024-11-27 10:10:00,JYZ24.csv,223,JYZ24.csv,5.0,66.045,66.045,330.72499999999997,330.225,0.49999999999994316
45623,10,20,66.07,1,2024-11-27,2024-11-27 10:20:00,2024-11-27 10:20:00,JYZ24.csv,342,JYZ24.csv,2.0,66.045,66.13,132.14,132.26,-0.12000000000000455
45623,10,30,66.115,-3,2024-11-27,2024-11-27 10:30:00,2024-11-27 10:30:00,JYZ24.csv,369,JYZ24.csv,-4.0,66.19,66.19,264.46,264.76,0.30000000000001137
45623,10,40,66.185,-6,2024-11-27,2024-11-27 10:40:00,2024-11-27 10:40:00,JYZ24.csv,401,JYZ24.csv,-3.0,66.36,66.36,198.555,199.07999999999998,0.5249999999999773
45623,10,50,66.285,-8,2024-11-27,2024-11-27 10:50:00,2024-11-27 10:50:00,JYZ24.csv,656,JYZ24.csv,-2.0,66.36,66.36,132.57,132.72,0.15000000000000568
45623,11,0,66.335,-7,2024-11-27,2024-11-27 11:00:00,2024-11-27 11:00:00,JYZ24.csv,1836,JYZ24.csv,1.0,66.22,66.22,66.335,66.22,0.11499999999999488
45623,11,10,66.26,0,2024-11-27,2024-11-27 11:10:00,2024-11-27 11:10:00,JYZ24.csv,182,JYZ24.csv,7.0,66.25,66.25,463.82000000000005,463.75,0.07000000000005002
45623,11,30,66.265,-5,2024-11-27,2024-11-27 11:30:00,2024-11-27 11:30:00,JYZ24.csv,407,JYZ24.csv,-5.0,66.5,66.5,331.325,332.5,1.1750000000000114
45623,12,0,66.515,-7,2024-11-27,2024-11-27 12:00:00,2024-11-27 12:00:00,JYZ24.csv,223,JYZ24.csv,-2.0,66.595,66.53,133.03,133.06,0.030000000000001137
45623,12,20,66.57,-5,2024-11-27,2024-11-27 12:20:00,2024-11-27 12:20:00,JYZ24.csv,274,JYZ24.csv,2.0,66.51,66.51,133.14,133.02,0.11999999999997613
45624,6,30,65.985,-10,2024-11-28,2024-11-28 06:30:00,2024-11-28 06:30:00,JYZ24.csv,12,JYZ24.csv,-5.0,66.0,65.98,329.925,329.90000000000003,-0.024999999999977263
45624,9,0,66.105,-6,2024-11-28,2024-11-28 09:00:00,2024-11-28 09:00:00,JYZ24.csv,39,JYZ24.csv,4.0,66.09,66.135,264.42,264.54,-0.12000000000000455
45624,9,20,66.12,-10,2024-11-28,2024-11-28 09:20:00,2024-11-28 09:20:00,JYZ24.csv,67,JYZ24.csv,-4.0,66.135,66.135,264.48,264.54,0.060000000000002274
45624,10,30,66.165,-5,2024-11-28,2024-11-28 10:30:00,2024-11-28 10:30:00,JYZ24.csv,68,JYZ24.csv,5.0,66.115,66.115,330.82500000000005,330.575,0.25000000000005684
45624,10,50,66.115,-2,2024-11-28,2024-11-28 10:50:00,2024-11-28 10:50:00,JYZ24.csv,49,JYZ24.csv,3.0,66.095,66.115,198.34499999999997,198.34499999999997,0.0
45624,11,10,66.13,-5,2024-11-28,2024-11-28 11:10:00,2024-11-28 11:10:00,JYZ24.csv,39,JYZ24.csv,-3.0,66.13,66.13,198.39,198.39,-0.0
45625,6,30,66.78,-6,2024-11-29,2024-11-29 06:30:00,2024-11-29 06:30:00,JYZ24.csv,81,JYZ24.csv,-1.0,66.8,66.795,66.78,66.795,0.015000000000000568
45625,8,0,66.72,-1,2024-11-29,2024-11-29 08:00:00,2024-11-29 08:00:00,JYZ24.csv,100,JYZ24.csv,5.0,66.66999999999999,66.7,333.6,333.5,0.10000000000002274
45625,10,20,66.74,4,2024-11-29,2024-11-29 10:20:00,2024-11-29 10:20:00,JYZ24.csv,122,JYZ24.csv,5.0,66.68,66.74,333.7,333.7,0.0
45625,10,30,66.705,5,2024-11-29,2024-11-29 10:30:00,2024-11-29 10:30:00,JYZ24.csv,231,JYZ24.csv,1.0,66.705,66.705,66.705,66.705,0.0
45625,10,40,66.73,0,2024-11-29,2024-11-29 10:40:00,2024-11-29 10:40:00,JYZ24.csv,250,JYZ24.csv,-5.0,66.74499999999999,66.74499999999999,333.65000000000003,333.72499999999997,0.07499999999993179
45625,10,50,66.675,4,2024-11-29,2024-11-29 10:50:00,2024-11-29 10:50:00,JYZ24.csv,397,JYZ24.csv,4.0,66.7,66.7,266.7,266.8,-0.10000000000002274
45625,11,30,66.565,5,2024-11-29,2024-11-29 11:30:00,2024-11-29 11:30:00,JYZ24.csv,371,JYZ24.csv,1.0,66.565,66.565,66.565,66.565,0.0
45625,11,50,66.62,0,2024-11-29,2024-11-29 11:50:00,2024-11-29 11:50:00,JYZ24.csv,114,JYZ24.csv,-5.0,66.63,66.63,333.1,333.15,0.049999999999954525
45628,9,10,66.77,3,2024-12-02,2024-12-02 09:10:00,2024-12-02 09:10:00,JYZ24.csv,181,JYZ24.csv,3.0,66.80999999999999,66.80999999999999,200.31,200.42999999999995,-0.1199999999999477
45628,9,20,66.805,6,2024-12-02,2024-12-02 09:20:00,2024-12-02 09:20:00,JYZ24.csv,38,JYZ24.csv,3.0,66.77000000000001,66.77000000000001,200.41500000000002,200.31000000000003,0.10499999999998977
45628,9,30,66.79,3,2024-12-02,2024-12-02 09:30:00,2024-12-02 09:30:00,JYZ24.csv,300,JYZ24.csv,-3.0,66.81,66.81,200.37,200.43,0.060000000000002274
45628,9,40,66.785,0,2024-12-02,2024-12-02 09:40:00,2024-12-02 09:40:00,JYZ24.csv,203,JYZ24.csv,-3.0,66.83,66.83,200.355,200.49,0.13500000000001933
45628,10,0,66.74,2,2024-12-02,2024-12-02 10:00:00,2024-12-02 10:00:00,JYZ24.csv,2014,JYZ24.csv,2.0,66.72,66.87,133.48,133.74,-0.2600000000000193
45628,10,20,66.86,-3,2024-12-02,2024-12-02 10:20:00,2024-12-02 10:20:00,JYZ24.csv,169,JYZ24.csv,-5.0,66.815,66.815,334.3,334.075,-0.22500000000002274
45628,10,30,66.795,1,2024-12-02,2024-12-02 10:30:00,2024-12-02 10:30:00,JYZ24.csv,370,JYZ24.csv,4.0,66.775,66.775,267.18,267.1,0.07999999999998408
45628,10,40,66.72,4,2024-12-02,2024-12-02 10:40:00,2024-12-02 10:40:00,JYZ24.csv,187,JYZ24.csv,3.0,66.7,66.7,200.16,200.10000000000002,0.05999999999997385
45628,10,50,66.795,-1,2024-12-02,2024-12-02 10:50:00,2024-12-02 10:50:00,JYZ24.csv,178,JYZ24.csv,-5.0,66.87,66.87,333.975,334.35,0.375
45628,11,10,66.855,0,2024-12-02,2024-12-02 11:10:00,2024-12-02 11:10:00,JYZ24.csv,222,JYZ24.csv,1.0,66.85,66.85,66.855,66.85,0.005000000000009663
45628,11,30,67.155,-2,2024-12-02,2024-12-02 11:30:00,2024-12-02 11:30:00,JYZ24.csv,498,JYZ24.csv,-2.0,67.185,67.08,134.31,134.16,-0.15000000000000568
45628,11,50,67.09,0,2024-12-02,2024-12-02 11:50:00,2024-12-02 11:50:00,JYZ24.csv,136,JYZ24.csv,2.0,67.08,67.08,134.18,134.16,0.020000000000010232
45629,6,30,66.855,-2,2024-12-03,2024-12-03 06:30:00,2024-12-03 06:30:00,JYZ24.csv,101,JYZ24.csv,-2.0,66.905,66.905,133.71,133.81,0.09999999999999432
45629,8,50,67.095,-4,2024-12-03,2024-12-03 08:50:00,2024-12-03 08:50:00,JYZ24.csv,341,JYZ24.csv,-2.0,67.235,67.235,134.19,134.47,0.28000000000000114
45629,9,10,67.285,-2,2024-12-03,2024-12-03 09:10:00,2024-12-03 09:10:00,JYZ24.csv,279,JYZ24.csv,2.0,67.24000000000001,67.24000000000001,134.57,134.48000000000002,0.08999999999997499
45629,9,20,67.21,0,2024-12-03,2024-12-03 09:20:00,2024-12-03 09:20:00,JYZ24.csv,301,JYZ24.csv,2.0,67.275,67.275,134.42,134.55,-0.13000000000002387
45629,9,40,67.36,-5,2024-12-03,2024-12-03 09:40:00,2024-12-03 09:40:00,JYZ24.csv,267,JYZ24.csv,-5.0,67.37,67.37,336.8,336.85,0.05000000000001137
45629,10,0,67.32,-2,2024-12-03,2024-12-03 10:00:00,2024-12-03 10:00:00,JYZ24.csv,2327,JYZ24.csv,3.0,67.19,67.19,201.95999999999998,201.57,0.38999999999998636
45629,10,10,67.175,2,2024-12-03,2024-12-03 10:10:00,2024-12-03 10:10:00,JYZ24.csv,205,JYZ24.csv,4.0,67.21,67.21,268.7,268.84,-0.13999999999998636
45629,10,20,67.21,7,2024-12-03,2024-12-03 10:20:00,2024-12-03 10:20:00,JYZ24.csv,222,JYZ24.csv,5.0,67.23,67.23,336.04999999999995,336.15000000000003,-0.10000000000007958
45629,10,30,67.3,5,2024-12-03,2024-12-03 10:30:00,2024-12-03 10:30:00,JYZ24.csv,482,JYZ24.csv,-2.0,67.29,67.29,134.6,134.58,-0.01999999999998181
45629,10,40,67.175,2,2024-12-03,2024-12-03 10:40:00,2024-12-03 10:40:00,JYZ24.csv,304,JYZ24.csv,-3.0,67.185,67.175,201.52499999999998,201.52499999999998,-0.0
45629,11,0,67.155,0,2024-12-03,2024-12-03 11:00:00,2024-12-03 11:00:00,JYZ24.csv,559,JYZ24.csv,-2.0,67.075,67.075,134.31,134.15,-0.1599999999999966
45629,11,10,67.05,4,2024-12-03,2024-12-03 11:10:00,2024-12-03 11:10:00,JYZ24.csv,183,JYZ24.csv,4.0,67.015,67.015,268.2,268.06,0.13999999999998636
45629,11,30,66.99,0,2024-12-03,2024-12-03 11:30:00,2024-12-03 11:30:00,JYZ24.csv,222,JYZ24.csv,-4.0,67.08500000000001,67.08500000000001,267.96,268.34000000000003,0.3800000000000523
45629,11,40,67.05,-2,2024-12-03,2024-12-03 11:40:00,2024-12-03 11:40:00,JYZ24.csv,187,JYZ24.csv,-2.0,67.19,67.145,134.1,134.29,0.18999999999999773
45629,11,50,67.14,-3,2024-12-03,2024-12-03 11:50:00,2024-12-03 11:50:00,JYZ24.csv,234,JYZ24.csv,-1.0,67.17,67.17,67.14,67.17,0.030000000000001137
45629,12,0,67.165,-1,2024-12-03,2024-12-03 12:00:00,2024-12-03 12:00:00,JYZ24.csv,159,JYZ24.csv,2.0,67.11,67.11,134.33,134.22,0.11000000000001364
45629,12,10,67.09,0,2024-12-03,2024-12-03 12:10:00,2024-12-03 12:10:00,JYZ24.csv,121,JYZ24.csv,1.0,67.025,67.025,67.09,67.025,0.06499999999999773
45630,6,30,66.345,-6,2024-12-04,2024-12-04 06:30:00,2024-12-04 06:30:00,JYZ24.csv,85,JYZ24.csv,-6.0,66.425,66.415,398.07,398.49,0.4200000000000159
45630,8,0,66.245,-10,2024-12-04,2024-12-04 08:00:00,2024-12-04 08:00:00,JYZ24.csv,129,JYZ24.csv,-4.0,66.28,66.28,264.98,265.12,0.13999999999998636
45630,9,0,66.29,-6,2024-12-04,2024-12-04 09:00:00,2024-12-04 09:00:00,JYZ24.csv,194,JYZ24.csv,4.0,66.26,66.285,265.16,265.14,0.020000000000038654
45630,9,20,66.32,-9,2024-12-04,2024-12-04 09:20:00,2024-12-04 09:20:00,JYZ24.csv,102,JYZ24.csv,-3.0,66.36999999999999,66.36999999999999,198.95999999999998,199.10999999999996,0.14999999999997726
45630,10,30,66.555,-3,2024-12-04,2024-12-04 10:30:00,2024-12-04 10:30:00,JYZ24.csv,359,JYZ24.csv,6.0,66.51,66.51,399.33000000000004,399.06000000000006,0.2699999999999818
45630,11,10,66.635,-6,2024-12-04,2024-12-04 11:10:00,2024-12-04 11:10:00,JYZ24.csv,132,JYZ24.csv,-3.0,66.66000000000001,66.66000000000001,199.90500000000003,199.98000000000002,0.07499999999998863
45630,11,50,66.67,-3,2024-12-04,2024-12-04 11:50:00,2024-12-04 11:50:00,JYZ24.csv,71,JYZ24.csv,3.0,66.655,66.725,200.01,200.17499999999998,-0.16499999999999204
45631,11,20,66.67,-6,2024-12-05,2024-12-05 11:20:00,2024-12-05 11:20:00,JYZ24.csv,155,JYZ24.csv,-3.0,66.72500000000001,66.685,200.01,200.055,0.045000000000015916
45631,11,40,66.675,-3,2024-12-05,2024-12-05 11:40:00,2024-12-05 11:40:00,JYZ24.csv,192,JYZ24.csv,3.0,66.655,66.655,200.02499999999998,199.965,0.05999999999997385
45632,8,50,66.665,-5,2024-12-06,2024-12-06 08:50:00,2024-12-06 08:50:00,JYZ24.csv,420,JYZ24.csv,-2.0,66.72999999999999,66.72999999999999,133.33,133.45999999999998,0.12999999999996703
45632,9,10,66.87,-7,2024-12-06,2024-12-06 09:10:00,2024-12-06 09:10:00,JYZ24.csv,692,JYZ24.csv,-2.0,66.845,66.845,133.74,133.69,-0.05000000000001137
45632,9,20,66.83,-2,2024-12-06,2024-12-06 09:20:00,2024-12-06 09:20:00,JYZ24.csv,939,JYZ24.csv,5.0,66.78999999999999,66.78999999999999,334.15,333.94999999999993,0.20000000000004547
45632,9,30,66.96,2,2024-12-06,2024-12-06 09:30:00,2024-12-06 09:30:00,JYZ24.csv,657,JYZ24.csv,4.0,66.9,66.9,267.84,267.6,0.23999999999995225
45632,9,40,66.86,1,2024-12-06,2024-12-06 09:40:00,2024-12-06 09:40:00,JYZ24.csv,431,JYZ24.csv,-1.0,66.89500000000001,66.89500000000001,66.86,66.89500000000001,0.0350000000000108
45632,10,0,66.88,-3,2024-12-06,2024-12-06 10:00:00,2024-12-06 10:00:00,JYZ24.csv,1218,JYZ24.csv,-4.0,66.91000000000001,66.8,267.52,267.2,-0.3199999999999932
45632,10,10,66.81,1,2024-12-06,2024-12-06 10:10:00,2024-12-06 10:10:00,JYZ24.csv,326,JYZ24.csv,4.0,66.725,66.725,267.24,266.9,0.34000000000003183
45632,10,30,66.8,-3,2024-12-06,2024-12-06 10:30:00,2024-12-06 10:30:00,JYZ24.csv,159,JYZ24.csv,-4.0,66.805,66.805,267.2,267.22,0.020000000000038654
45632,11,0,66.79,0,2024-12-06,2024-12-06 11:00:00,2024-12-06 11:00:00,JYZ24.csv,453,JYZ24.csv,3.0,66.715,66.715,200.37,200.145,0.22499999999999432
45632,11,10,66.725,4,2024-12-06,2024-12-06 11:10:00,2024-12-06 11:10:00,JYZ24.csv,191,JYZ24.csv,4.0,66.73,66.73,266.9,266.92,-0.020000000000038654
45632,11,30,66.77,0,2024-12-06,2024-12-06 11:30:00,2024-12-06 11:30:00,JYZ24.csv,262,JYZ24.csv,-4.0,66.89,66.85,267.08,267.4,0.3199999999999932
45632,13,0,66.75,-3,2024-12-06,2024-12-06 13:00:00,2024-12-06 13:00:00,JYZ24.csv,109,JYZ24.csv,-3.0,66.76,66.725,200.25,200.17499999999998,-0.07500000000001705
45632,16,15,66.745,0,2024-12-06,2024-12-06 16:15:00,2024-12-06 16:15:00,JYZ24.csv,10,JYZ24.csv,3.0,66.73,66.74,200.235,200.21999999999997,0.015000000000043201
45635,8,0,66.39,-8,2024-12-09,2024-12-09 08:00:00,2024-12-09 08:00:00,JYZ24.csv,323,JYZ24.csv,-8.0,66.375,66.375,531.12,531.0,-0.12000000000000455
45636,8,0,65.93,0,2024-12-10,2024-12-10 08:00:00,2024-12-10 08:00:00,JYZ24.csv,112,JYZ24.csv,8.0,65.915,65.915,527.44,527.32,0.12000000000000455
45636,9,10,65.98,-2,2024-12-10,2024-12-10 09:10:00,2024-12-10 09:10:00,JYZ24.csv,82,JYZ24.csv,-2.0,66.02,65.95,131.96,131.9,-0.060000000000002274
45636,9,30,65.94,0,2024-12-10,2024-12-10 09:30:00,2024-12-10 09:30:00,JYZ24.csv,71,JYZ24.csv,2.0,65.97,65.97,131.88,131.94,-0.060000000000002274
45636,11,0,65.79,2,2024-12-10,2024-12-10 11:00:00,2024-12-10 11:00:00,JYZ24.csv,323,JYZ24.csv,2.0,65.77,65.77,131.58,131.54,0.040000000000020464
45636,11,20,65.8,0,2024-12-10,2024-12-10 11:20:00,2024-12-10 11:20:00,JYZ24.csv,25,JYZ24.csv,-2.0,65.825,65.825,131.6,131.65,0.05000000000001137
45637,8,0,65.55,-1,2024-12-11,2024-12-11 08:00:00,2024-12-11 08:00:00,JYZ24.csv,242,JYZ24.csv,-1.0,65.57,65.57,65.55,65.57,0.01999999999999602
45637,9,0,65.715,-2,2024-12-11,2024-12-11 09:00:00,2024-12-11 09:00:00,JYZ24.csv,608,JYZ24.csv,-1.0,65.765,65.765,65.715,65.765,0.04999999999999716
45637,9,40,65.845,-3,2024-12-11,2024-12-11 09:40:00,2024-12-11 09:40:00,JYZ24.csv,168,JYZ24.csv,-1.0,65.83000000000001,65.83000000000001,65.845,65.83000000000001,-0.014999999999986358
45637,10,0,65.77,1,2024-12-11,2024-12-11 10:00:00,2024-12-11 10:00:00,JYZ24.csv,148,JYZ24.csv,4.0,65.735,65.735,263.08,262.94,0.13999999999998636
45637,10,10,65.7,3,2024-12-11,2024-12-11 10:10:00,2024-12-11 10:10:00,JYZ24.csv,99,JYZ24.csv,2.0,65.695,65.695,131.4,131.39,0.010000000000019327
45637,10,20,65.72,0,2024-12-11,2024-12-11 10:20:00,2024-12-11 10:20:00,JYZ24.csv,56,JYZ24.csv,-3.0,65.67,65.67,197.16,197.01,-0.15000000000000568
45637,10,30,65.635,1,2024-12-11,2024-12-11 10:30:00,2024-12-11 10:30:00,JYZ24.csv,226,JYZ24.csv,1.0,65.615,65.615,65.635,65.615,0.020000000000010232
45637,10,50,65.63,-2,2024-12-11,2024-12-11 10:50:00,2024-12-11 10:50:00,JYZ24.csv,245,JYZ24.csv,-3.0,65.66,65.66,196.89,196.98,0.09000000000000341
45637,11,40,65.675,-4,2024-12-11,2024-12-11 11:40:00,2024-12-11 11:40:00,JYZ24.csv,52,JYZ24.csv,-2.0,65.725,65.725,131.35,131.45,0.09999999999999432
45637,12,0,65.68,-2,2024-12-11,2024-12-11 12:00:00,2024-12-11 12:00:00,JYZ24.csv,141,JYZ24.csv,2.0,65.64999999999999,65.64999999999999,131.36,131.29999999999998,0.060000000000030695
45638,8,0,65.685,3,2024-12-12,2024-12-12 08:00:00,2024-12-12 08:00:00,JYZ24.csv,116,JYZ24.csv,5.0,65.74,65.74,328.425,328.7,-0.27499999999997726
45638,9,0,65.79,0,2024-12-12,2024-12-12 09:00:00,2024-12-12 09:00:00,JYZ24.csv,166,JYZ24.csv,-3.0,65.845,65.845,197.37,197.535,0.16499999999999204
45638,9,20,65.75,4,2024-12-12,2024-12-12 09:20:00,2024-12-12 09:20:00,JYZ24.csv,219,JYZ24.csv,4.0,65.715,65.715,263.0,262.86,0.13999999999998636
45638,9,30,65.685,1,2024-12-12,2024-12-12 09:30:00,2024-12-12 09:30:00,JYZ24.csv,298,JYZ24.csv,-3.0,65.685,65.685,197.055,197.055,-0.0
45638,9,40,65.66,2,2024-12-12,2024-12-12 09:40:00,2024-12-12 09:40:00,JYZ24.csv,126,JYZ24.csv,1.0,65.63,65.71,65.66,65.71,-0.04999999999999716
45638,9,50,65.69,5,2024-12-12,2024-12-12 09:50:00,2024-12-12 09:50:00,JYZ24.csv,190,JYZ24.csv,3.0,65.695,65.695,197.07,197.08499999999998,-0.014999999999986358
45638,10,0,65.7,0,2024-12-12,2024-12-12 10:00:00,2024-12-12 10:00:00,JYZ24.csv,261,JYZ24.csv,-5.0,65.755,65.755,328.5,328.775,0.27499999999997726
45638,10,50,65.67,2,2024-12-12,2024-12-12 10:50:00,2024-12-12 10:50:00,JYZ24.csv,75,JYZ24.csv,2.0,65.645,65.645,131.34,131.29,0.05000000000001137
45638,11,10,65.715,0,2024-12-12,2024-12-12 11:10:00,2024-12-12 11:10:00,JYZ24.csv,66,JYZ24.csv,-2.0,65.74000000000001,65.7,131.43,131.4,-0.030000000000001137
45638,11,20,65.73,-3,2024-12-12,2024-12-12 11:20:00,2024-12-12 11:20:00,JYZ24.csv,35,JYZ24.csv,-3.0,65.725,65.725,197.19,197.17499999999998,-0.01500000000001478
45638,11,40,65.705,0,2024-12-12,2024-12-12 11:40:00,2024-12-12 11:40:00,JYZ24.csv,46,JYZ24.csv,3.0,65.675,65.745,197.115,197.235,-0.12000000000000455
45638,12,0,65.775,-3,2024-12-12,2024-12-12 12:00:00,2024-12-12 12:00:00,JYZ24.csv,41,JYZ24.csv,-3.0,65.795,65.76,197.32500000000002,197.28000000000003,-0.044999999999987494
45638,12,20,65.725,0,2024-12-12,2024-12-12 12:20:00,2024-12-12 12:20:00,JYZ24.csv,228,JYZ24.csv,3.0,65.675,65.685,197.17499999999998,197.055,0.11999999999997613
45639,6,30,65.855,-2,2024-12-13,2024-12-13 06:30:00,2024-12-13 06:30:00,JYZ24.csv,35,JYZ24.csv,-2.0,65.15,65.135,131.71,130.27,-1.4399999999999977
45639,10,30,65.835,0,2024-12-13,2024-12-13 10:30:00,2024-12-13 10:30:00,JYZ24.csv,4,JYZ24.csv,2.0,65.13,65.13,131.67,130.26,1.4099999999999966
45642,8,0,65.62,1,2024-12-16,2024-12-16 08:00:00,2024-12-16 08:00:00,JYZ24.csv,1,JYZ24.csv,1.0,64.85,64.9,65.62,64.9,0.7199999999999989
45642,9,0,65.645,0,2024-12-16,2024-12-16 09:00:00,2024-12-16 09:00:00,JYZ24.csv,1,JYZ24.csv,-1.0,64.9,64.93,65.645,64.93,-0.7149999999999892
45642,9,20,65.575,2,2024-12-16,2024-12-16 09:20:00,2024-12-16 09:20:00,JYZ24.csv,9,JYZ24.csv,2.0,64.85,64.85,131.15,129.7,1.450000000000017
45642,9,40,65.58,0,2024-12-16,2024-12-16 09:40:00,2024-12-16 09:40:00,JYZ24.csv,4,JYZ24.csv,-2.0,64.9,64.79,131.16,129.58,-1.579999999999984
