day,hour,min,price,inventory,date,timestamp,minute,main_contract,main_volume,main_contract_clean,signal,opti_price,filled_price,benchmark_amount,amount,slippage
45537,9,30,68.105,-4,2024-09-02,2024-09-02 09:30:00,2024-09-02 09:30:00,JYU24.csv,588,JYU24.csv,-4.0,68.125,68.125,272.42,272.5,0.07999999999998408
45537,9,40,68.165,-6,2024-09-02,2024-09-02 09:40:00,2024-09-02 09:40:00,JYU24.csv,66,JYU24.csv,-2.0,68.185,68.185,136.33,136.37,0.03999999999999204
45537,9,50,68.2,-2,2024-09-02,2024-09-02 09:50:00,2024-09-02 09:50:00,JYU24.csv,117,JYU24.csv,4.0,68.18,68.18,272.8,272.72,0.07999999999998408
45537,10,0,68.18,0,2024-09-02,2024-09-02 10:00:00,2024-09-02 10:00:00,JYU24.csv,129,JYU24.csv,2.0,68.16000000000001,68.19,136.36,136.38,-0.01999999999998181
45537,11,0,68.18,-2,2024-09-02,2024-09-02 11:00:00,2024-09-02 11:00:00,JYU24.csv,208,JYU24.csv,-2.0,68.2,68.18,136.36,136.36,-0.0
45537,13,0,68.245,0,2024-09-02,2024-09-02 13:00:00,2024-09-02 13:00:00,JYZ24.csv,120,JYU24.csv,2.0,68.22500000000001,68.235,136.49,136.47,0.020000000000010232
45538,2,30,68.53,-1,2024-09-03,2024-09-03 02:30:00,2024-09-03 02:30:00,JYU24.csv,202,JYU24.csv,-1.0,68.55,68.55,68.53,68.55,0.01999999999999602
45538,6,30,68.645,-5,2024-09-03,2024-09-03 06:30:00,2024-09-03 06:30:00,JYU24.csv,21,JYU24.csv,-4.0,68.66499999999999,68.635,274.58,274.54,-0.03999999999996362
45538,8,0,68.54,-3,2024-09-03,2024-09-03 08:00:00,2024-09-03 08:00:00,JYU24.csv,153,JYU24.csv,2.0,68.52000000000001,68.545,137.08,137.09,-0.009999999999990905
45538,8,30,68.53,-2,2024-09-03,2024-09-03 08:30:00,2024-09-03 08:30:00,JYU24.csv,50,JYU24.csv,1.0,68.51,68.63,68.53,68.63,-0.09999999999999432
45538,8,40,68.61,-6,2024-09-03,2024-09-03 08:40:00,2024-09-03 08:40:00,JYU24.csv,102,JYU24.csv,-4.0,68.63,68.63,274.44,274.52,0.07999999999998408
45538,9,0,68.675,-2,2024-09-03,2024-09-03 09:00:00,2024-09-03 09:00:00,JYU24.csv,146,JYU24.csv,4.0,68.655,68.76,274.7,275.04,-0.34000000000003183
45538,9,10,68.745,0,2024-09-03,2024-09-03 09:10:00,2024-09-03 09:10:00,JYU24.csv,74,JYU24.csv,2.0,68.72500000000001,68.765,137.49,137.53,-0.03999999999999204
45538,9,20,68.785,-4,2024-09-03,2024-09-03 09:20:00,2024-09-03 09:20:00,JYU24.csv,246,JYU24.csv,-4.0,68.80499999999999,68.80499999999999,275.14,275.21999999999997,0.07999999999998408
45538,9,30,68.785,-6,2024-09-03,2024-09-03 09:30:00,2024-09-03 09:30:00,JYU24.csv,305,JYU24.csv,-2.0,68.80499999999999,68.80499999999999,137.57,137.60999999999999,0.03999999999999204
45538,9,40,68.835,-2,2024-09-03,2024-09-03 09:40:00,2024-09-03 09:40:00,JYU24.csv,487,JYU24.csv,4.0,68.815,68.815,275.34,275.26,0.07999999999998408
45538,10,0,69.035,-8,2024-09-03,2024-09-03 10:00:00,2024-09-03 10:00:00,JYU24.csv,2285,JYU24.csv,-6.0,69.05499999999999,69.01,414.21,414.06000000000006,-0.14999999999992042
45538,10,10,68.945,-5,2024-09-03,2024-09-03 10:10:00,2024-09-03 10:10:00,JYU24.csv,334,JYU24.csv,3.0,68.925,68.925,206.83499999999998,206.77499999999998,0.060000000000002274
45538,10,20,68.88,2,2024-09-03,2024-09-03 10:20:00,2024-09-03 10:20:00,JYU24.csv,162,JYU24.csv,7.0,68.86,68.86,482.15999999999997,482.02,0.13999999999998636
45538,10,30,68.87,5,2024-09-03,2024-09-03 10:30:00,2024-09-03 10:30:00,JYU24.csv,340,JYU24.csv,3.0,68.85000000000001,68.85000000000001,206.61,206.55,0.060000000000002274
45538,10,40,68.925,-2,2024-09-03,2024-09-03 10:40:00,2024-09-03 10:40:00,JYU24.csv,290,JYU24.csv,-7.0,68.945,68.945,482.47499999999997,482.61499999999995,0.13999999999998636
45538,10,50,68.91,-4,2024-09-03,2024-09-03 10:50:00,2024-09-03 10:50:00,JYU24.csv,122,JYU24.csv,-2.0,68.92999999999999,68.81,137.82,137.62,-0.19999999999998863
45538,11,0,68.83,-6,2024-09-03,2024-09-03 11:00:00,2024-09-03 11:00:00,JYU24.csv,884,JYU24.csv,-2.0,68.85,68.775,137.66,137.55,-0.10999999999998522
45538,11,10,68.755,0,2024-09-03,2024-09-03 11:10:00,2024-09-03 11:10:00,JYU24.csv,373,JYU24.csv,6.0,68.735,68.735,412.53,412.40999999999997,0.12000000000000455
45538,11,20,68.71,-2,2024-09-03,2024-09-03 11:20:00,2024-09-03 11:20:00,JYU24.csv,386,JYU24.csv,-2.0,68.72999999999999,68.72999999999999,137.42,137.45999999999998,0.03999999999999204
45538,11,30,68.72,-8,2024-09-03,2024-09-03 11:30:00,2024-09-03 11:30:00,JYU24.csv,183,JYU24.csv,-6.0,68.74,68.74,412.32,412.43999999999994,0.1199999999999477
45538,11,40,68.665,-6,2024-09-03,2024-09-03 11:40:00,2024-09-03 11:40:00,JYU24.csv,96,JYU24.csv,2.0,68.64500000000001,68.665,137.33,137.33,0.0
45538,13,0,68.735,-2,2024-09-03,2024-09-03 13:00:00,2024-09-03 13:00:00,JYU24.csv,114,JYU24.csv,4.0,68.715,68.715,274.94,274.86,0.07999999999998408
45539,8,0,69.135,-3,2024-09-04,2024-09-04 08:00:00,2024-09-04 08:00:00,JYU24.csv,101,JYU24.csv,-1.0,69.155,69.065,69.135,69.065,-0.07000000000000739
45539,8,50,69.0,-5,2024-09-04,2024-09-04 08:50:00,2024-09-04 08:50:00,JYU24.csv,120,JYU24.csv,-2.0,69.02,69.02,138.0,138.04,0.03999999999999204
45539,9,0,69.065,-8,2024-09-04,2024-09-04 09:00:00,2024-09-04 09:00:00,JYU24.csv,77,JYU24.csv,-3.0,69.085,69.055,207.195,207.16500000000002,-0.029999999999972715
45539,9,10,69.05,-2,2024-09-04,2024-09-04 09:10:00,2024-09-04 09:10:00,JYU24.csv,110,JYU24.csv,6.0,69.03,69.095,414.29999999999995,414.57,-0.27000000000003865
45539,9,20,69.095,1,2024-09-04,2024-09-04 09:20:00,2024-09-04 09:20:00,JYU24.csv,29,JYU24.csv,3.0,69.075,69.135,207.285,207.40500000000003,-0.12000000000003297
45539,9,30,69.15,0,2024-09-04,2024-09-04 09:30:00,2024-09-04 09:30:00,JYU24.csv,356,JYU24.csv,-1.0,69.17,69.17,69.15,69.17,0.01999999999999602
45539,9,40,69.16,5,2024-09-04,2024-09-04 09:40:00,2024-09-04 09:40:00,JYU24.csv,301,JYU24.csv,5.0,69.14,69.195,345.79999999999995,345.97499999999997,-0.17500000000001137
45539,9,50,69.19,2,2024-09-04,2024-09-04 09:50:00,2024-09-04 09:50:00,JYU24.csv,403,JYU24.csv,-3.0,69.21,69.21,207.57,207.63,0.060000000000002274
45539,10,0,69.2,-3,2024-09-04,2024-09-04 10:00:00,2024-09-04 10:00:00,JYU24.csv,5412,JYU24.csv,-5.0,69.22,69.22,346.0,346.1,0.10000000000002274
45539,10,20,69.445,-6,2024-09-04,2024-09-04 10:20:00,2024-09-04 10:20:00,JYU24.csv,324,JYU24.csv,-3.0,69.46499999999999,69.46499999999999,208.33499999999998,208.39499999999998,0.060000000000002274
45539,10,40,69.525,-5,2024-09-04,2024-09-04 10:40:00,2024-09-04 10:40:00,JYU24.csv,407,JYU24.csv,1.0,69.50500000000001,69.50500000000001,69.525,69.50500000000001,0.01999999999999602
45539,11,0,69.51,-7,2024-09-04,2024-09-04 11:00:00,2024-09-04 11:00:00,JYU24.csv,395,JYU24.csv,-2.0,69.53,69.53,139.02,139.06,0.03999999999999204
45539,11,10,69.43,-2,2024-09-04,2024-09-04 11:10:00,2024-09-04 11:10:00,JYU24.csv,128,JYU24.csv,5.0,69.41000000000001,69.41000000000001,347.15000000000003,347.05000000000007,0.0999999999999659
45539,11,30,69.415,-7,2024-09-04,2024-09-04 11:30:00,2024-09-04 11:30:00,JYU24.csv,531,JYU24.csv,-5.0,69.435,69.435,347.07500000000005,347.175,0.0999999999999659
45539,13,0,69.545,-3,2024-09-04,2024-09-04 13:00:00,2024-09-04 13:00:00,JYU24.csv,74,JYU24.csv,4.0,69.525,69.525,278.18,278.1,0.07999999999998408
45540,6,30,69.77,-6,2024-09-05,2024-09-05 06:30:00,2024-09-05 06:30:00,JYU24.csv,33,JYU24.csv,-3.0,69.78999999999999,69.77,209.31,209.31,-0.0
45540,8,0,69.805,0,2024-09-05,2024-09-05 08:00:00,2024-09-05 08:00:00,JYU24.csv,150,JYU24.csv,6.0,69.78500000000001,69.805,418.83000000000004,418.83000000000004,0.0
45540,9,0,69.975,-2,2024-09-05,2024-09-05 09:00:00,2024-09-05 09:00:00,JYU24.csv,307,JYU24.csv,-2.0,69.99499999999999,69.99499999999999,139.95,139.98999999999998,0.03999999999999204
45540,9,20,69.915,0,2024-09-05,2024-09-05 09:20:00,2024-09-05 09:20:00,JYU24.csv,128,JYU24.csv,2.0,69.89500000000001,69.905,139.83,139.81,0.020000000000010232
45540,9,40,69.935,-2,2024-09-05,2024-09-05 09:40:00,2024-09-05 09:40:00,JYU24.csv,168,JYU24.csv,-2.0,69.955,69.955,139.87,139.91,0.03999999999999204
45540,10,10,69.735,0,2024-09-05,2024-09-05 10:10:00,2024-09-05 10:10:00,JYU24.csv,295,JYU24.csv,2.0,69.715,69.745,139.47,139.49,-0.020000000000010232
45540,10,30,69.64,4,2024-09-05,2024-09-05 10:30:00,2024-09-05 10:30:00,JYU24.csv,355,JYU24.csv,4.0,69.62,69.62,278.56,278.48,0.07999999999998408
45540,10,50,69.525,1,2024-09-05,2024-09-05 10:50:00,2024-09-05 10:50:00,JYU24.csv,539,JYU24.csv,-3.0,69.545,69.545,208.57500000000002,208.635,0.05999999999997385
45540,11,0,69.57,0,2024-09-05,2024-09-05 11:00:00,2024-09-05 11:00:00,JYU24.csv,764,JYU24.csv,-1.0,69.58999999999999,69.58999999999999,69.57,69.58999999999999,0.01999999999999602
45540,11,10,69.53,4,2024-09-05,2024-09-05 11:10:00,2024-09-05 11:10:00,JYU24.csv,363,JYU24.csv,4.0,69.51,69.615,278.12,278.46,-0.339999999999975
45540,11,20,69.625,1,2024-09-05,2024-09-05 11:20:00,2024-09-05 11:20:00,JYU24.csv,115,JYU24.csv,-3.0,69.645,69.645,208.875,208.935,0.060000000000002274
45540,11,30,69.695,-5,2024-09-05,2024-09-05 11:30:00,2024-09-05 11:30:00,JYU24.csv,242,JYU24.csv,-6.0,69.71499999999999,69.71499999999999,418.16999999999996,418.28999999999996,0.12000000000000455
45540,11,40,69.755,-2,2024-09-05,2024-09-05 11:40:00,2024-09-05 11:40:00,JYU24.csv,377,JYU24.csv,3.0,69.735,69.77,209.265,209.31,-0.045000000000015916
45540,11,50,69.765,0,2024-09-05,2024-09-05 11:50:00,2024-09-05 11:50:00,JYU24.csv,214,JYU24.csv,2.0,69.745,69.745,139.53,139.49,0.03999999999999204
45540,12,0,69.815,-3,2024-09-05,2024-09-05 12:00:00,2024-09-05 12:00:00,JYU24.csv,257,JYU24.csv,-3.0,69.835,69.77,209.445,209.31,-0.1349999999999909
45540,12,20,69.825,0,2024-09-05,2024-09-05 12:20:00,2024-09-05 12:20:00,JYU24.csv,155,JYU24.csv,3.0,69.805,69.805,209.47500000000002,209.41500000000002,0.060000000000002274
45540,13,0,69.815,1,2024-09-05,2024-09-05 13:00:00,2024-09-05 13:00:00,JYU24.csv,140,JYU24.csv,1.0,69.795,69.865,69.815,69.865,-0.04999999999999716
45541,6,30,70.05,-3,2024-09-06,2024-09-06 06:30:00,2024-09-06 06:30:00,JYU24.csv,14,JYU24.csv,-4.0,70.07,70.07,280.2,280.28,0.07999999999998408
45541,8,0,69.98,-4,2024-09-06,2024-09-06 08:00:00,2024-09-06 08:00:00,JYU24.csv,190,JYU24.csv,-1.0,70.0,69.93,69.98,69.93,-0.04999999999999716
45541,8,50,70.125,-6,2024-09-06,2024-09-06 08:50:00,2024-09-06 08:50:00,JYU24.csv,617,JYU24.csv,-2.0,70.145,70.06,140.25,140.12,-0.12999999999999545
45541,9,0,70.02,-8,2024-09-06,2024-09-06 09:00:00,2024-09-06 09:00:00,JYU24.csv,351,JYU24.csv,-2.0,70.03999999999999,70.03999999999999,140.04,140.07999999999998,0.03999999999999204
45541,9,10,69.875,-9,2024-09-06,2024-09-06 09:10:00,2024-09-06 09:10:00,JYU24.csv,536,JYU24.csv,-1.0,69.895,69.895,69.875,69.895,0.01999999999999602
45541,9,30,69.87,-6,2024-09-06,2024-09-06 09:30:00,2024-09-06 09:30:00,JYU24.csv,316,JYU24.csv,3.0,69.85000000000001,69.85000000000001,209.61,209.55,0.060000000000002274
45541,9,50,69.595,-7,2024-09-06,2024-09-06 09:50:00,2024-09-06 09:50:00,JYU24.csv,583,JYU24.csv,-1.0,69.615,69.615,69.595,69.615,0.01999999999999602
45541,10,10,69.89,-6,2024-09-06,2024-09-06 10:10:00,2024-09-06 10:10:00,JYU24.csv,766,JYU24.csv,1.0,69.87,70.085,69.89,70.085,-0.19499999999999318
45541,10,20,70.05,-8,2024-09-06,2024-09-06 10:20:00,2024-09-06 10:20:00,JYU24.csv,1250,JYU24.csv,-2.0,70.07,70.07,140.1,140.14,0.03999999999999204
45541,10,30,70.195,-4,2024-09-06,2024-09-06 10:30:00,2024-09-06 10:30:00,JYU24.csv,573,JYU24.csv,4.0,70.175,70.175,280.78,280.7,0.07999999999998408
45541,10,40,70.315,-2,2024-09-06,2024-09-06 10:40:00,2024-09-06 10:40:00,JYU24.csv,526,JYU24.csv,2.0,70.295,70.295,140.63,140.59,0.03999999999999204
45541,10,50,70.345,-3,2024-09-06,2024-09-06 10:50:00,2024-09-06 10:50:00,JYU24.csv,223,JYU24.csv,-1.0,70.365,70.365,70.345,70.365,0.01999999999999602
45541,11,0,70.28,-7,2024-09-06,2024-09-06 11:00:00,2024-09-06 11:00:00,JYU24.csv,8336,JYU24.csv,-4.0,70.3,70.3,281.12,281.2,0.07999999999998408
45541,11,10,70.175,-1,2024-09-06,2024-09-06 11:10:00,2024-09-06 11:10:00,JYU24.csv,749,JYU24.csv,6.0,70.155,70.455,421.04999999999995,422.73,-1.6800000000000637
45541,11,20,70.54,-2,2024-09-06,2024-09-06 11:20:00,2024-09-06 11:20:00,JYU24.csv,567,JYU24.csv,-1.0,70.56500000000001,70.38,70.54,70.38,-0.1600000000000108
45541,11,30,70.455,-7,2024-09-06,2024-09-06 11:30:00,2024-09-06 11:30:00,JYU24.csv,343,JYU24.csv,-5.0,70.475,70.34,352.275,351.70000000000005,-0.5749999999999318
45541,11,40,70.335,-6,2024-09-06,2024-09-06 11:40:00,2024-09-06 11:40:00,JYU24.csv,324,JYU24.csv,1.0,70.315,70.315,70.335,70.315,0.01999999999999602
45541,13,0,70.28,-2,2024-09-06,2024-09-06 13:00:00,2024-09-06 13:00:00,JYU24.csv,121,JYU24.csv,4.0,70.26,70.26,281.12,281.04,0.07999999999998408
45541,16,15,70.31,0,2024-09-06,2024-09-06 16:15:00,2024-09-06 16:15:00,JYU24.csv,12,JYU24.csv,2.0,70.29,70.335,140.62,140.67,-0.04999999999998295
45544,6,30,69.655,-7,2024-09-09,2024-09-09 06:30:00,2024-09-09 06:30:00,JYU24.csv,105,JYU24.csv,-7.0,69.675,69.62,487.58500000000004,487.34000000000003,-0.24500000000000455
45544,8,0,69.71,-5,2024-09-09,2024-09-09 08:00:00,2024-09-09 08:00:00,JYU24.csv,75,JYU24.csv,2.0,69.69,69.69,139.42,139.38,0.03999999999999204
45544,10,0,70.105,-6,2024-09-09,2024-09-09 10:00:00,2024-09-09 10:00:00,JYU24.csv,498,JYU24.csv,-1.0,70.125,70.125,70.105,70.125,0.01999999999999602
45544,10,20,70.095,-5,2024-09-09,2024-09-09 10:20:00,2024-09-09 10:20:00,JYU24.csv,165,JYU24.csv,1.0,70.075,70.075,70.095,70.075,0.01999999999999602
45544,10,30,70.14,2,2024-09-09,2024-09-09 10:30:00,2024-09-09 10:30:00,JYU24.csv,727,JYU24.csv,7.0,70.12,70.12,490.98,490.84000000000003,0.13999999999998636
45544,11,0,70.135,-2,2024-09-09,2024-09-09 11:00:00,2024-09-09 11:00:00,JYU24.csv,329,JYU24.csv,-4.0,70.155,70.09,280.54,280.36,-0.18000000000000682
45544,11,10,70.055,3,2024-09-09,2024-09-09 11:10:00,2024-09-09 11:10:00,JYU24.csv,118,JYU24.csv,5.0,70.03500000000001,70.11,350.27500000000003,350.55,-0.27499999999997726
45544,11,20,70.125,1,2024-09-09,2024-09-09 11:20:00,2024-09-09 11:20:00,JYU24.csv,80,JYU24.csv,-2.0,70.145,70.015,140.25,140.03,-0.21999999999999886
45544,11,30,70.025,2,2024-09-09,2024-09-09 11:30:00,2024-09-09 11:30:00,JYU24.csv,217,JYU24.csv,1.0,70.00500000000001,70.00500000000001,70.025,70.00500000000001,0.01999999999999602
45544,11,40,70.05,4,2024-09-09,2024-09-09 11:40:00,2024-09-09 11:40:00,JYU24.csv,155,JYU24.csv,2.0,70.03,70.03,140.1,140.06,0.03999999999999204
45544,11,50,70.015,-2,2024-09-09,2024-09-09 11:50:00,2024-09-09 11:50:00,JYU24.csv,78,JYU24.csv,-6.0,70.035,70.035,420.09000000000003,420.21,0.1199999999999477
45544,13,0,70.06,2,2024-09-09,2024-09-09 13:00:00,2024-09-09 13:00:00,JYU24.csv,45,JYU24.csv,4.0,70.04,70.06,280.24,280.24,0.0
45545,2,30,69.865,3,2024-09-10,2024-09-10 02:30:00,2024-09-10 02:30:00,JYU24.csv,55,JYU24.csv,1.0,69.845,69.845,69.865,69.845,0.01999999999999602
45545,8,0,69.93,-3,2024-09-10,2024-09-10 08:00:00,2024-09-10 08:00:00,JYU24.csv,64,JYU24.csv,-6.0,69.95,69.95,419.58000000000004,419.70000000000005,0.12000000000000455
45545,8,30,70.01,-4,2024-09-10,2024-09-10 08:30:00,2024-09-10 08:30:00,JYU24.csv,189,JYU24.csv,-1.0,70.03,70.03,70.01,70.03,0.01999999999999602
45545,8,50,70.09,-6,2024-09-10,2024-09-10 08:50:00,2024-09-10 08:50:00,JYU24.csv,66,JYU24.csv,-2.0,70.11,70.05,140.18,140.1,-0.0800000000000125
45545,9,0,70.055,-3,2024-09-10,2024-09-10 09:00:00,2024-09-10 09:00:00,JYU24.csv,158,JYU24.csv,3.0,70.03500000000001,70.03500000000001,210.16500000000002,210.10500000000002,0.060000000000002274
45545,9,10,70.025,-1,2024-09-10,2024-09-10 09:10:00,2024-09-10 09:10:00,JYU24.csv,145,JYU24.csv,2.0,70.00500000000001,70.00500000000001,140.05,140.01000000000002,0.03999999999999204
45545,10,20,70.205,-2,2024-09-10,2024-09-10 10:20:00,2024-09-10 10:20:00,JYU24.csv,652,JYU24.csv,-1.0,70.225,70.135,70.205,70.135,-0.06999999999999318
45545,10,30,70.145,2,2024-09-10,2024-09-10 10:30:00,2024-09-10 10:30:00,JYU24.csv,376,JYU24.csv,4.0,70.125,70.125,280.58,280.5,0.07999999999998408
45545,10,40,70.175,3,2024-09-10,2024-09-10 10:40:00,2024-09-10 10:40:00,JYU24.csv,460,JYU24.csv,1.0,70.155,70.155,70.175,70.155,0.01999999999999602
45545,10,50,70.125,-1,2024-09-10,2024-09-10 10:50:00,2024-09-10 10:50:00,JYU24.csv,422,JYU24.csv,-4.0,70.145,70.145,280.5,280.58,0.07999999999998408
45545,11,0,70.13,-2,2024-09-10,2024-09-10 11:00:00,2024-09-10 11:00:00,JYU24.csv,603,JYU24.csv,-1.0,70.14999999999999,70.14999999999999,70.13,70.14999999999999,0.01999999999999602
45545,11,50,70.27,-3,2024-09-10,2024-09-10 11:50:00,2024-09-10 11:50:00,JYU24.csv,245,JYU24.csv,-1.0,70.28999999999999,70.28999999999999,70.27,70.28999999999999,0.01999999999999602
45545,12,10,70.32,-2,2024-09-10,2024-09-10 12:10:00,2024-09-10 12:10:00,JYU24.csv,89,JYU24.csv,1.0,70.29499999999999,70.29499999999999,70.32,70.29499999999999,0.025000000000005684
45545,13,0,70.255,-1,2024-09-10,2024-09-10 13:00:00,2024-09-10 13:00:00,JYU24.csv,106,JYU24.csv,1.0,70.235,70.235,70.255,70.235,0.01999999999999602
45546,6,30,70.695,-4,2024-09-11,2024-09-11 06:30:00,2024-09-11 06:30:00,JYU24.csv,108,JYU24.csv,-3.0,70.71499999999999,70.71499999999999,212.08499999999998,212.14499999999998,0.060000000000002274
45546,8,0,70.625,-1,2024-09-11,2024-09-11 08:00:00,2024-09-11 08:00:00,JYU24.csv,249,JYU24.csv,3.0,70.6,70.6,211.875,211.79999999999998,0.07500000000001705
45546,8,40,70.28,2,2024-09-11,2024-09-11 08:40:00,2024-09-11 08:40:00,JYU24.csv,715,JYU24.csv,3.0,70.26,70.26,210.84,210.78000000000003,0.05999999999997385
45546,9,0,70.32,-2,2024-09-11,2024-09-11 09:00:00,2024-09-11 09:00:00,JYU24.csv,482,JYU24.csv,-4.0,70.33999999999999,70.325,281.28,281.3,0.020000000000038654
45546,9,20,70.39,-1,2024-09-11,2024-09-11 09:20:00,2024-09-11 09:20:00,JYZ24.csv,134,JYU24.csv,1.0,70.365,70.365,70.39,70.365,0.025000000000005684
45546,9,30,70.31,-5,2024-09-11,2024-09-11 09:30:00,2024-09-11 09:30:00,JYU24.csv,697,JYU24.csv,-4.0,70.33,70.33,281.24,281.32,0.07999999999998408
45546,9,40,70.36,-6,2024-09-11,2024-09-11 09:40:00,2024-09-11 09:40:00,JYU24.csv,362,JYU24.csv,-1.0,70.38,70.38,70.36,70.38,0.01999999999999602
45546,9,50,70.49,-2,2024-09-11,2024-09-11 09:50:00,2024-09-11 09:50:00,JYU24.csv,278,JYU24.csv,4.0,70.46499999999999,70.54,281.96,282.16,-0.20000000000004547
45546,10,20,70.815,-5,2024-09-11,2024-09-11 10:20:00,2024-09-11 10:20:00,JYU24.csv,491,JYU24.csv,-3.0,70.835,70.82,212.445,212.45999999999998,0.014999999999986358
45546,10,30,70.755,1,2024-09-11,2024-09-11 10:30:00,2024-09-11 10:30:00,JYU24.csv,423,JYU24.csv,6.0,70.72999999999999,70.765,424.53,424.59000000000003,-0.06000000000005912
45546,10,40,70.74,4,2024-09-11,2024-09-11 10:40:00,2024-09-11 10:40:00,JYU24.csv,220,JYU24.csv,3.0,70.72,70.72,212.21999999999997,212.16,0.05999999999997385
45546,10,50,70.825,-2,2024-09-11,2024-09-11 10:50:00,2024-09-11 10:50:00,JYU24.csv,409,JYU24.csv,-6.0,70.845,70.845,424.95000000000005,425.07,0.1199999999999477
45546,11,0,70.77,-6,2024-09-11,2024-09-11 11:00:00,2024-09-11 11:00:00,JYU24.csv,681,JYU24.csv,-4.0,70.78999999999999,70.705,283.08,282.82,-0.2599999999999909
45546,11,10,70.72,-3,2024-09-11,2024-09-11 11:10:00,2024-09-11 11:10:00,JYU24.csv,210,JYU24.csv,3.0,70.7,70.7,212.16,212.10000000000002,0.05999999999997385
45546,11,20,70.67,-5,2024-09-11,2024-09-11 11:20:00,2024-09-11 11:20:00,JYU24.csv,255,JYU24.csv,-2.0,70.69,70.69,141.34,141.38,0.03999999999999204
45546,11,30,70.755,-7,2024-09-11,2024-09-11 11:30:00,2024-09-11 11:30:00,JYU24.csv,81,JYU24.csv,-2.0,70.77499999999999,70.65,141.51,141.3,-0.20999999999997954
45546,11,40,70.685,-5,2024-09-11,2024-09-11 11:40:00,2024-09-11 11:40:00,JYU24.csv,318,JYU24.csv,2.0,70.665,70.665,141.37,141.33,0.03999999999999204
45546,11,50,70.59,-3,2024-09-11,2024-09-11 11:50:00,2024-09-11 11:50:00,JYU24.csv,246,JYU24.csv,2.0,70.57000000000001,70.59,141.18,141.18,0.0
45546,12,0,70.605,-5,2024-09-11,2024-09-11 12:00:00,2024-09-11 12:00:00,JYU24.csv,153,JYU24.csv,-2.0,70.625,70.535,141.21,141.07,-0.14000000000001478
45546,12,20,70.49,-3,2024-09-11,2024-09-11 12:20:00,2024-09-11 12:20:00,JYU24.csv,191,JYU24.csv,2.0,70.47,70.47,140.98,140.94,0.03999999999999204
45546,13,0,70.5,1,2024-09-11,2024-09-11 13:00:00,2024-09-11 13:00:00,JYU24.csv,90,JYU24.csv,4.0,70.48,70.48,282.0,281.92,0.07999999999998408
45547,8,0,70.155,-2,2024-09-12,2024-09-12 08:00:00,2024-09-12 08:00:00,JYU24.csv,120,JYZ24.csv,-3.0,71.08500000000001,71.08,210.465,213.24,2.7750000000000057
45547,9,0,70.385,-1,2024-09-12,2024-09-12 09:00:00,2024-09-12 09:00:00,JYU24.csv,381,JYU24.csv,1.0,70.36,70.365,70.385,70.365,0.020000000000010232
45547,9,10,70.4,-3,2024-09-12,2024-09-12 09:10:00,2024-09-12 09:10:00,JYU24.csv,214,JYU24.csv,-2.0,70.42,70.3,140.8,140.6,-0.20000000000001705
45547,9,20,70.325,-1,2024-09-12,2024-09-12 09:20:00,2024-09-12 09:20:00,JYZ24.csv,216,JYZ24.csv,2.0,71.17,71.17,140.65,142.34,-1.6899999999999977
45547,9,30,70.305,1,2024-09-12,2024-09-12 09:30:00,2024-09-12 09:30:00,JYZ24.csv,324,JYU24.csv,2.0,70.28500000000001,70.28500000000001,140.61,140.57000000000002,0.03999999999999204
45547,9,40,70.315,-1,2024-09-12,2024-09-12 09:40:00,2024-09-12 09:40:00,JYU24.csv,244,JYU24.csv,-2.0,70.335,70.335,140.63,140.67,0.03999999999999204
45547,10,0,70.42,-4,2024-09-12,2024-09-12 10:00:00,2024-09-12 10:00:00,JYU24.csv,296,JYU24.csv,-3.0,70.44,70.33,211.26,210.99,-0.2699999999999818
45547,10,10,70.33,-1,2024-09-12,2024-09-12 10:10:00,2024-09-12 10:10:00,JYU24.csv,307,JYU24.csv,3.0,70.31,70.31,210.99,210.93,0.060000000000002274
45547,10,20,70.245,2,2024-09-12,2024-09-12 10:20:00,2024-09-12 10:20:00,JYU24.csv,308,JYU24.csv,3.0,70.22500000000001,70.22500000000001,210.735,210.675,0.060000000000002274
45547,10,30,70.25,-1,2024-09-12,2024-09-12 10:30:00,2024-09-12 10:30:00,JYZ24.csv,111,JYZ24.csv,-3.0,71.18,71.055,210.75,213.16500000000002,2.4150000000000205
45547,11,0,70.195,-3,2024-09-12,2024-09-12 11:00:00,2024-09-12 11:00:00,JYU24.csv,349,JYU24.csv,-2.0,70.21499999999999,70.21499999999999,140.39,140.42999999999998,0.03999999999999204
45547,13,0,70.18,-1,2024-09-12,2024-09-12 13:00:00,2024-09-12 13:00:00,JYU24.csv,95,JYU24.csv,2.0,70.155,70.155,140.36,140.31,0.05000000000001137
45548,6,30,72.03,-5,2024-09-13,2024-09-13 06:30:00,2024-09-13 06:30:00,JYZ24.csv,55,JYZ24.csv,-4.0,72.075,72.075,288.12,288.3,0.18000000000000682
45548,8,0,71.89,-9,2024-09-13,2024-09-13 08:00:00,2024-09-13 08:00:00,JYZ24.csv,333,JYZ24.csv,-4.0,71.935,71.85,287.56,287.4,-0.160000000000025
45548,9,0,71.95,-3,2024-09-13,2024-09-13 09:00:00,2024-09-13 09:00:00,JYZ24.csv,310,JYZ24.csv,6.0,71.91,72.03,431.70000000000005,432.18,-0.47999999999996135
45548,9,10,72.025,0,2024-09-13,2024-09-13 09:10:00,2024-09-13 09:10:00,JYZ24.csv,275,JYZ24.csv,3.0,71.985,71.985,216.07500000000002,215.95499999999998,0.12000000000003297
45548,9,20,72.075,-6,2024-09-13,2024-09-13 09:20:00,2024-09-13 09:20:00,JYZ24.csv,256,JYZ24.csv,-6.0,72.12,72.12,432.45000000000005,432.72,0.2699999999999818
45548,9,30,72.085,-7,2024-09-13,2024-09-13 09:30:00,2024-09-13 09:30:00,JYZ24.csv,302,JYZ24.csv,-1.0,72.13,72.05,72.085,72.05,-0.03499999999999659
45548,9,50,72.09,-9,2024-09-13,2024-09-13 09:50:00,2024-09-13 09:50:00,JYZ24.csv,927,JYZ24.csv,-2.0,72.135,72.135,144.18,144.27,0.09000000000000341
45548,10,30,72.02,-2,2024-09-13,2024-09-13 10:30:00,2024-09-13 10:30:00,JYZ24.csv,254,JYZ24.csv,7.0,71.975,71.975,504.14,503.82499999999993,0.31500000000005457
45548,11,0,71.99,-6,2024-09-13,2024-09-13 11:00:00,2024-09-13 11:00:00,JYZ24.csv,253,JYZ24.csv,-4.0,72.035,72.035,287.96,288.14,0.18000000000000682
45548,11,10,72.025,-10,2024-09-13,2024-09-13 11:10:00,2024-09-13 11:10:00,JYZ24.csv,124,JYZ24.csv,-4.0,72.07000000000001,72.07000000000001,288.1,288.28000000000003,0.18000000000000682
45548,11,50,72.015,-9,2024-09-13,2024-09-13 11:50:00,2024-09-13 11:50:00,JYZ24.csv,99,JYZ24.csv,1.0,71.97,71.97,72.015,71.97,0.045000000000001705
45548,13,0,71.9,-5,2024-09-13,2024-09-13 13:00:00,2024-09-13 13:00:00,JYZ24.csv,139,JYZ24.csv,4.0,71.855,71.855,287.6,287.42,0.18000000000000682
45548,16,15,71.83,0,2024-09-13,2024-09-13 16:15:00,2024-09-13 16:15:00,JYZ24.csv,21,JYZ24.csv,5.0,71.78999999999999,71.85,359.15,359.25,-0.10000000000002274
45551,6,30,72.255,-3,2024-09-16,2024-09-16 06:30:00,2024-09-16 06:30:00,JYZ24.csv,82,JYZ24.csv,-3.0,72.3,72.275,216.765,216.82500000000002,0.060000000000030695
45551,8,0,72.365,-5,2024-09-16,2024-09-16 08:00:00,2024-09-16 08:00:00,JYZ24.csv,307,JYZ24.csv,-2.0,72.41,72.41,144.73,144.82,0.09000000000000341
45551,8,40,72.165,-6,2024-09-16,2024-09-16 08:40:00,2024-09-16 08:40:00,JYZ24.csv,765,JYZ24.csv,-1.0,72.21000000000001,72.09,72.165,72.09,-0.07500000000000284
45551,9,0,72.185,-7,2024-09-16,2024-09-16 09:00:00,2024-09-16 09:00:00,JYZ24.csv,267,JYZ24.csv,-1.0,72.23,72.13,72.185,72.13,-0.05500000000000682
45551,9,20,72.105,-5,2024-09-16,2024-09-16 09:20:00,2024-09-16 09:20:00,JYZ24.csv,423,JYZ24.csv,2.0,72.06,72.06,144.21,144.12,0.09000000000000341
45551,10,10,71.95,-2,2024-09-16,2024-09-16 10:10:00,2024-09-16 10:10:00,JYZ24.csv,177,JYZ24.csv,3.0,71.905,72.015,215.85000000000002,216.04500000000002,-0.19499999999999318
45551,10,40,72.13,0,2024-09-16,2024-09-16 10:40:00,2024-09-16 10:40:00,JYZ24.csv,237,JYZ24.csv,2.0,72.085,72.085,144.26,144.17,0.09000000000000341
45551,11,0,72.075,-4,2024-09-16,2024-09-16 11:00:00,2024-09-16 11:00:00,JYZ24.csv,192,JYZ24.csv,-4.0,72.12,71.985,288.3,287.94,-0.36000000000001364
45551,11,10,72.0,1,2024-09-16,2024-09-16 11:10:00,2024-09-16 11:10:00,JYZ24.csv,153,JYZ24.csv,5.0,71.955,71.955,360.0,359.775,0.22500000000002274
45551,11,30,71.985,-4,2024-09-16,2024-09-16 11:30:00,2024-09-16 11:30:00,JYZ24.csv,178,JYZ24.csv,-5.0,72.03,71.935,359.925,359.675,-0.25
45551,11,40,71.915,-6,2024-09-16,2024-09-16 11:40:00,2024-09-16 11:40:00,JYZ24.csv,168,JYZ24.csv,-2.0,71.96000000000001,71.845,143.83,143.69,-0.14000000000001478
45551,12,0,71.9,-4,2024-09-16,2024-09-16 12:00:00,2024-09-16 12:00:00,JYZ24.csv,177,JYZ24.csv,2.0,71.855,71.905,143.8,143.81,-0.009999999999990905
45551,13,0,71.975,-2,2024-09-16,2024-09-16 13:00:00,2024-09-16 13:00:00,JYZ24.csv,41,JYZ24.csv,2.0,71.92999999999999,71.99,143.95,143.98,-0.030000000000001137
45552,8,40,71.8,-4,2024-09-17,2024-09-17 08:40:00,2024-09-17 08:40:00,JYZ24.csv,381,JYZ24.csv,-2.0,71.84,71.84,143.6,143.68,0.0800000000000125
45552,9,0,71.795,-2,2024-09-17,2024-09-17 09:00:00,2024-09-17 09:00:00,JYZ24.csv,389,JYZ24.csv,2.0,71.755,71.755,143.59,143.51,0.0800000000000125
45552,9,30,71.705,-4,2024-09-17,2024-09-17 09:30:00,2024-09-17 09:30:00,JYZ24.csv,281,JYZ24.csv,-2.0,71.745,71.655,143.41,143.31,-0.09999999999999432
45552,9,50,71.55,-6,2024-09-17,2024-09-17 09:50:00,2024-09-17 09:50:00,JYZ24.csv,396,JYZ24.csv,-2.0,71.59,71.51,143.1,143.02,-0.07999999999998408
45552,10,10,71.475,-2,2024-09-17,2024-09-17 10:10:00,2024-09-17 10:10:00,JYZ24.csv,540,JYZ24.csv,4.0,71.43499999999999,71.43499999999999,285.9,285.73999999999995,0.160000000000025
45552,10,50,71.355,1,2024-09-17,2024-09-17 10:50:00,2024-09-17 10:50:00,JYZ24.csv,334,JYZ24.csv,3.0,71.315,71.455,214.065,214.365,-0.30000000000001137
45552,11,0,71.435,0,2024-09-17,2024-09-17 11:00:00,2024-09-17 11:00:00,JYZ24.csv,1116,JYZ24.csv,-1.0,71.48,71.48,71.435,71.48,0.045000000000001705
45552,11,10,71.425,-3,2024-09-17,2024-09-17 11:10:00,2024-09-17 11:10:00,JYZ24.csv,229,JYZ24.csv,-3.0,71.465,71.465,214.27499999999998,214.395,0.12000000000003297
45552,13,0,71.405,-2,2024-09-17,2024-09-17 13:00:00,2024-09-17 13:00:00,JYZ24.csv,89,JYZ24.csv,1.0,71.365,71.365,71.405,71.365,0.04000000000000625
45553,6,30,71.485,-7,2024-09-18,2024-09-18 06:30:00,2024-09-18 06:30:00,JYZ24.csv,47,JYZ24.csv,-5.0,71.53,71.465,357.425,357.32500000000005,-0.0999999999999659
45553,8,0,71.34,-5,2024-09-18,2024-09-18 08:00:00,2024-09-18 08:00:00,JYZ24.csv,54,JYZ24.csv,2.0,71.295,71.295,142.68,142.59,0.09000000000000341
45553,9,20,71.415,-6,2024-09-18,2024-09-18 09:20:00,2024-09-18 09:20:00,JYZ24.csv,55,JYZ24.csv,-1.0,71.46000000000001,71.385,71.415,71.385,-0.030000000000001137
45553,9,40,71.36,-5,2024-09-18,2024-09-18 09:40:00,2024-09-18 09:40:00,JYZ24.csv,54,JYZ24.csv,1.0,71.315,71.315,71.36,71.315,0.045000000000001705
45553,10,20,71.345,-2,2024-09-18,2024-09-18 10:20:00,2024-09-18 10:20:00,JYZ24.csv,242,JYZ24.csv,3.0,71.3,71.3,214.035,213.89999999999998,0.13500000000001933
45553,10,30,71.3,7,2024-09-18,2024-09-18 10:30:00,2024-09-18 10:30:00,JYZ24.csv,383,JYZ24.csv,9.0,71.255,71.335,641.6999999999999,642.015,-0.31500000000005457
45553,10,40,71.325,4,2024-09-18,2024-09-18 10:40:00,2024-09-18 10:40:00,JYZ24.csv,51,JYZ24.csv,-3.0,71.37,71.27,213.97500000000002,213.81,-0.16500000000002046
45553,10,50,71.295,0,2024-09-18,2024-09-18 10:50:00,2024-09-18 10:50:00,JYZ24.csv,370,JYZ24.csv,-4.0,71.34,71.25,285.18,285.0,-0.18000000000000682
45553,11,0,71.265,1,2024-09-18,2024-09-18 11:00:00,2024-09-18 11:00:00,JYZ24.csv,203,JYZ24.csv,1.0,71.22,71.31,71.265,71.31,-0.045000000000001705
45553,13,0,71.33,0,2024-09-18,2024-09-18 13:00:00,2024-09-18 13:00:00,JYZ24.csv,88,JYZ24.csv,-1.0,71.375,71.345,71.33,71.345,0.015000000000000568
45554,6,30,70.685,-2,2024-09-19,2024-09-19 06:30:00,2024-09-19 06:30:00,JYZ24.csv,98,JYZ24.csv,-2.0,70.73,70.66,141.37,141.32,-0.05000000000001137
45554,8,0,70.75,-6,2024-09-19,2024-09-19 08:00:00,2024-09-19 08:00:00,JYZ24.csv,211,JYZ24.csv,-4.0,70.795,70.715,283.0,282.86,-0.13999999999998636
45554,9,0,70.33,-5,2024-09-19,2024-09-19 09:00:00,2024-09-19 09:00:00,JYZ24.csv,479,JYZ24.csv,1.0,70.285,70.485,70.33,70.485,-0.15500000000000114
45554,9,40,70.455,-3,2024-09-19,2024-09-19 09:40:00,2024-09-19 09:40:00,JYZ24.csv,341,JYZ24.csv,2.0,70.41,70.475,140.91,140.95,-0.03999999999999204
45554,10,0,70.55,-6,2024-09-19,2024-09-19 10:00:00,2024-09-19 10:00:00,JYZ24.csv,427,JYZ24.csv,-3.0,70.595,70.595,211.64999999999998,211.785,0.13500000000001933
45554,10,20,70.63,-3,2024-09-19,2024-09-19 10:20:00,2024-09-19 10:20:00,JYZ24.csv,111,JYZ24.csv,3.0,70.58999999999999,70.67,211.89,212.01,-0.12000000000000455
45554,10,30,70.69,-2,2024-09-19,2024-09-19 10:30:00,2024-09-19 10:30:00,JYZ24.csv,318,JYZ24.csv,1.0,70.64999999999999,70.66,70.69,70.66,0.030000000000001137
45554,10,50,70.77,-4,2024-09-19,2024-09-19 10:50:00,2024-09-19 10:50:00,JYZ24.csv,362,JYZ24.csv,-2.0,70.815,70.815,141.54,141.63,0.09000000000000341
45554,11,0,70.76,-7,2024-09-19,2024-09-19 11:00:00,2024-09-19 11:00:00,JYZ24.csv,418,JYZ24.csv,-3.0,70.805,70.77,212.28000000000003,212.31,0.029999999999972715
45554,11,10,70.76,-4,2024-09-19,2024-09-19 11:10:00,2024-09-19 11:10:00,JYZ24.csv,87,JYZ24.csv,3.0,70.72,70.775,212.28000000000003,212.32500000000002,-0.044999999999987494
45554,13,0,70.695,-1,2024-09-19,2024-09-19 13:00:00,2024-09-19 13:00:00,JYZ24.csv,102,JYZ24.csv,3.0,70.64999999999999,70.74,212.08499999999998,212.21999999999997,-0.1349999999999909
45555,6,30,70.245,-7,2024-09-20,2024-09-20 06:30:00,2024-09-20 06:30:00,JYZ24.csv,270,JYZ24.csv,-6.0,70.29,70.12,421.47,420.72,-0.75
45555,8,0,70.105,-4,2024-09-20,2024-09-20 08:00:00,2024-09-20 08:00:00,JYZ24.csv,1021,JYZ24.csv,3.0,70.065,70.09,210.315,210.27,0.044999999999987494
45555,9,0,70.375,-6,2024-09-20,2024-09-20 09:00:00,2024-09-20 09:00:00,JYZ24.csv,164,JYZ24.csv,-2.0,70.42,70.42,140.75,140.84,0.09000000000000341
45555,9,20,70.445,-7,2024-09-20,2024-09-20 09:20:00,2024-09-20 09:20:00,JYZ24.csv,128,JYZ24.csv,-1.0,70.49,70.28,70.445,70.28,-0.16499999999999204
45555,9,30,70.285,-10,2024-09-20,2024-09-20 09:30:00,2024-09-20 09:30:00,JYZ24.csv,270,JYZ24.csv,-3.0,70.33,70.25,210.855,210.75,-0.10499999999998977
45555,9,40,70.255,-6,2024-09-20,2024-09-20 09:40:00,2024-09-20 09:40:00,JYZ24.csv,183,JYZ24.csv,4.0,70.21,70.215,281.02,280.86,0.15999999999996817
45555,9,50,70.28,-3,2024-09-20,2024-09-20 09:50:00,2024-09-20 09:50:00,JYZ24.csv,341,JYZ24.csv,3.0,70.235,70.235,210.84,210.70499999999998,0.13500000000001933
45555,10,30,70.095,3,2024-09-20,2024-09-20 10:30:00,2024-09-20 10:30:00,JYZ24.csv,211,JYZ24.csv,6.0,70.05,70.155,420.57,420.93,-0.36000000000001364
45555,10,40,70.14,0,2024-09-20,2024-09-20 10:40:00,2024-09-20 10:40:00,JYZ24.csv,186,JYZ24.csv,-3.0,70.185,70.185,210.42000000000002,210.555,0.1349999999999909
45555,11,0,70.01,-2,2024-09-20,2024-09-20 11:00:00,2024-09-20 11:00:00,JYZ24.csv,1128,JYZ24.csv,-2.0,70.055,70.055,140.02,140.11,0.09000000000000341
45555,13,0,70.33,0,2024-09-20,2024-09-20 13:00:00,2024-09-20 13:00:00,JYZ24.csv,69,JYZ24.csv,2.0,70.285,70.285,140.66,140.57,0.09000000000000341
45558,6,30,70.515,-2,2024-09-23,2024-09-23 06:30:00,2024-09-23 06:30:00,JYZ24.csv,57,JYZ24.csv,-2.0,70.56,70.525,141.03,141.05,0.020000000000010232
45558,8,0,70.405,1,2024-09-23,2024-09-23 08:00:00,2024-09-23 08:00:00,JYZ24.csv,83,JYZ24.csv,3.0,70.36,70.425,211.215,211.27499999999998,-0.05999999999997385
45558,9,0,70.32,-3,2024-09-23,2024-09-23 09:00:00,2024-09-23 09:00:00,JYZ24.csv,308,JYZ24.csv,-4.0,70.365,70.285,281.28,281.14,-0.13999999999998636
45558,9,40,70.32,-5,2024-09-23,2024-09-23 09:40:00,2024-09-23 09:40:00,JYZ24.csv,268,JYZ24.csv,-2.0,70.365,70.365,140.64,140.73,0.09000000000000341
45558,9,50,70.18,-8,2024-09-23,2024-09-23 09:50:00,2024-09-23 09:50:00,JYZ24.csv,437,JYZ24.csv,-3.0,70.22500000000001,70.22500000000001,210.54000000000002,210.675,0.1349999999999909
45558,10,0,70.175,-1,2024-09-23,2024-09-23 10:00:00,2024-09-23 10:00:00,JYZ24.csv,271,JYZ24.csv,7.0,70.13,70.13,491.22499999999997,490.90999999999997,0.3149999999999977
45558,10,10,70.07,6,2024-09-23,2024-09-23 10:10:00,2024-09-23 10:10:00,JYZ24.csv,163,JYZ24.csv,7.0,70.02499999999999,70.15,490.48999999999995,491.05000000000007,-0.560000000000116
45558,10,20,70.145,1,2024-09-23,2024-09-23 10:20:00,2024-09-23 10:20:00,JYZ24.csv,115,JYZ24.csv,-5.0,70.19,70.19,350.72499999999997,350.95,0.22500000000002274
45558,10,30,70.24,-1,2024-09-23,2024-09-23 10:30:00,2024-09-23 10:30:00,JYZ24.csv,177,JYZ24.csv,-2.0,70.285,70.285,140.48,140.57,0.09000000000000341
45558,10,40,70.29,1,2024-09-23,2024-09-23 10:40:00,2024-09-23 10:40:00,JYZ24.csv,101,JYZ24.csv,2.0,70.25,70.315,140.58,140.63,-0.04999999999998295
45558,11,0,70.32,-6,2024-09-23,2024-09-23 11:00:00,2024-09-23 11:00:00,JYZ24.csv,954,JYZ24.csv,-7.0,70.365,70.365,492.23999999999995,492.55499999999995,0.3149999999999977
45558,11,10,70.245,-1,2024-09-23,2024-09-23 11:10:00,2024-09-23 11:10:00,JYZ24.csv,116,JYZ24.csv,5.0,70.2,70.3,351.225,351.5,-0.27499999999997726
45558,11,30,70.275,-6,2024-09-23,2024-09-23 11:30:00,2024-09-23 11:30:00,JYZ24.csv,115,JYZ24.csv,-5.0,70.32000000000001,70.32000000000001,351.375,351.6,0.22500000000002274
45558,13,0,70.535,-1,2024-09-23,2024-09-23 13:00:00,2024-09-23 13:00:00,JYZ24.csv,131,JYZ24.csv,5.0,70.49499999999999,70.54,352.67499999999995,352.70000000000005,-0.02500000000009095
45559,6,30,70.135,-3,2024-09-24,2024-09-24 06:30:00,2024-09-24 06:30:00,JYZ24.csv,55,JYZ24.csv,-2.0,70.18,70.18,140.27,140.36,0.09000000000000341
45559,8,50,70.21,-5,2024-09-24,2024-09-24 08:50:00,2024-09-24 08:50:00,JYZ24.csv,104,JYZ24.csv,-2.0,70.255,70.255,140.42,140.51,0.09000000000000341
45559,9,0,70.22,-3,2024-09-24,2024-09-24 09:00:00,2024-09-24 09:00:00,JYZ24.csv,208,JYZ24.csv,2.0,70.175,70.175,140.44,140.35,0.09000000000000341
45559,9,10,70.19,-1,2024-09-24,2024-09-24 09:10:00,2024-09-24 09:10:00,JYZ24.csv,71,JYZ24.csv,2.0,70.145,70.145,140.38,140.29,0.09000000000000341
45559,10,20,70.44,-4,2024-09-24,2024-09-24 10:20:00,2024-09-24 10:20:00,JYZ24.csv,191,JYZ24.csv,-3.0,70.485,70.485,211.32,211.45499999999998,0.1349999999999909
45559,10,30,70.45,-2,2024-09-24,2024-09-24 10:30:00,2024-09-24 10:30:00,JYZ24.csv,612,JYZ24.csv,2.0,70.41,70.41,140.9,140.82,0.0800000000000125
45559,10,40,70.42,1,2024-09-24,2024-09-24 10:40:00,2024-09-24 10:40:00,JYZ24.csv,182,JYZ24.csv,3.0,70.375,70.395,211.26,211.185,0.07499999999998863
45559,11,0,70.37,-1,2024-09-24,2024-09-24 11:00:00,2024-09-24 11:00:00,JYZ24.csv,291,JYZ24.csv,-2.0,70.415,70.37,140.74,140.74,-0.0
45559,12,0,70.315,-2,2024-09-24,2024-09-24 12:00:00,2024-09-24 12:00:00,JYZ24.csv,77,JYZ24.csv,-1.0,70.36,70.36,70.315,70.36,0.045000000000001705
45559,12,20,70.425,-1,2024-09-24,2024-09-24 12:20:00,2024-09-24 12:20:00,JYZ24.csv,61,JYZ24.csv,1.0,70.38499999999999,70.385,70.425,70.385,0.03999999999999204
45559,13,0,70.47,1,2024-09-24,2024-09-24 13:00:00,2024-09-24 13:00:00,JYZ24.csv,39,JYZ24.csv,2.0,70.425,70.425,140.94,140.85,0.09000000000000341
45560,6,30,70.145,-5,2024-09-25,2024-09-25 06:30:00,2024-09-25 06:30:00,JYZ24.csv,76,JYZ24.csv,-6.0,70.19,70.105,420.87,420.63,-0.2400000000000091
45560,8,0,70.05,-4,2024-09-25,2024-09-25 08:00:00,2024-09-25 08:00:00,JYZ24.csv,106,JYZ24.csv,1.0,70.00999999999999,70.075,70.05,70.075,-0.025000000000005684
45560,9,0,70.095,-6,2024-09-25,2024-09-25 09:00:00,2024-09-25 09:00:00,JYZ24.csv,90,JYZ24.csv,-2.0,70.14,70.14,140.19,140.28,0.09000000000000341
45560,9,20,70.215,-7,2024-09-25,2024-09-25 09:20:00,2024-09-25 09:20:00,JYZ24.csv,179,JYZ24.csv,-1.0,70.26,70.21,70.215,70.21,-0.005000000000009663
45560,9,40,70.245,-6,2024-09-25,2024-09-25 09:40:00,2024-09-25 09:40:00,JYZ24.csv,111,JYZ24.csv,1.0,70.205,70.205,70.245,70.205,0.04000000000000625
45560,10,0,70.17,-1,2024-09-25,2024-09-25 10:00:00,2024-09-25 10:00:00,JYZ24.csv,802,JYZ24.csv,5.0,70.125,70.125,350.85,350.625,0.22500000000002274
45560,10,20,70.07,-3,2024-09-25,2024-09-25 10:20:00,2024-09-25 10:20:00,JYZ24.csv,138,JYZ24.csv,-2.0,70.115,70.115,140.14,140.23,0.09000000000000341
45560,10,30,70.11,3,2024-09-25,2024-09-25 10:30:00,2024-09-25 10:30:00,JYZ24.csv,88,JYZ24.csv,6.0,70.065,70.125,420.65999999999997,420.75,-0.09000000000003183
45560,10,40,70.135,0,2024-09-25,2024-09-25 10:40:00,2024-09-25 10:40:00,JYZ24.csv,122,JYZ24.csv,-3.0,70.18,70.11,210.40500000000003,210.32999999999998,-0.07500000000004547
45560,11,0,70.025,-2,2024-09-25,2024-09-25 11:00:00,2024-09-25 11:00:00,JYZ24.csv,1308,JYZ24.csv,-2.0,70.07000000000001,69.995,140.05,139.99,-0.060000000000002274
45560,13,0,69.935,0,2024-09-25,2024-09-25 13:00:00,2024-09-25 13:00:00,JYZ24.csv,56,JYZ24.csv,2.0,69.89,69.89,139.87,139.78,0.09000000000000341
45561,8,0,70.09,1,2024-09-26,2024-09-26 08:00:00,2024-09-26 08:00:00,JYZ24.csv,553,JYZ24.csv,1.0,70.045,70.105,70.09,70.105,-0.015000000000000568
45561,8,40,69.815,3,2024-09-26,2024-09-26 08:40:00,2024-09-26 08:40:00,JYZ24.csv,430,JYZ24.csv,2.0,69.77,69.905,139.63,139.81,-0.18000000000000682
45561,9,0,69.885,0,2024-09-26,2024-09-26 09:00:00,2024-09-26 09:00:00,JYZ24.csv,192,JYZ24.csv,-3.0,69.93,69.93,209.65500000000003,209.79000000000002,0.1349999999999909
45561,9,10,69.975,3,2024-09-26,2024-09-26 09:10:00,2024-09-26 09:10:00,JYZ24.csv,190,JYZ24.csv,3.0,69.92999999999999,69.92999999999999,209.92499999999998,209.78999999999996,0.13500000000001933
45561,9,30,69.925,0,2024-09-26,2024-09-26 09:30:00,2024-09-26 09:30:00,JYZ24.csv,266,JYZ24.csv,-3.0,69.97,69.97,209.77499999999998,209.91,0.13500000000001933
45561,10,10,69.74,4,2024-09-26,2024-09-26 10:10:00,2024-09-26 10:10:00,JYZ24.csv,208,JYZ24.csv,4.0,69.69999999999999,69.795,278.96,279.18,-0.22000000000002728
45561,10,30,69.655,3,2024-09-26,2024-09-26 10:30:00,2024-09-26 10:30:00,JYZ24.csv,352,JYZ24.csv,-1.0,69.7,69.7,69.655,69.7,0.045000000000001705
45561,10,50,69.84,-1,2024-09-26,2024-09-26 10:50:00,2024-09-26 10:50:00,JYZ24.csv,301,JYZ24.csv,-4.0,69.885,69.775,279.36,279.1,-0.2599999999999909
45561,11,0,69.76,1,2024-09-26,2024-09-26 11:00:00,2024-09-26 11:00:00,JYZ24.csv,1111,JYZ24.csv,2.0,69.72,69.72,139.52,139.44,0.0800000000000125
45561,11,10,69.735,2,2024-09-26,2024-09-26 11:10:00,2024-09-26 11:10:00,JYZ24.csv,74,JYZ24.csv,1.0,69.695,69.795,69.735,69.795,-0.060000000000002274
45561,11,20,69.79,0,2024-09-26,2024-09-26 11:20:00,2024-09-26 11:20:00,JYZ24.csv,346,JYZ24.csv,-2.0,69.83500000000001,69.83500000000001,139.58,139.67000000000002,0.09000000000000341
45562,6,30,70.595,-2,2024-09-27,2024-09-27 06:30:00,2024-09-27 06:30:00,JYZ24.csv,139,JYZ24.csv,-2.0,70.64,70.64,141.19,141.28,0.09000000000000341
45562,9,0,70.885,-3,2024-09-27,2024-09-27 09:00:00,2024-09-27 09:00:00,JYZ24.csv,523,JYZ24.csv,-1.0,70.93,70.815,70.885,70.815,-0.07000000000000739
45562,9,20,70.785,-1,2024-09-27,2024-09-27 09:20:00,2024-09-27 09:20:00,JYZ24.csv,179,JYZ24.csv,2.0,70.74,70.74,141.57,141.48,0.09000000000000341
45562,9,40,70.795,-3,2024-09-27,2024-09-27 09:40:00,2024-09-27 09:40:00,JYZ24.csv,300,JYZ24.csv,-2.0,70.84,70.84,141.59,141.68,0.09000000000000341
45562,10,30,70.75,2,2024-09-27,2024-09-27 10:30:00,2024-09-27 10:30:00,JYZ24.csv,439,JYZ24.csv,5.0,70.705,70.705,353.75,353.525,0.22500000000002274
45562,10,50,70.69,3,2024-09-27,2024-09-27 10:50:00,2024-09-27 10:50:00,JYZ24.csv,136,JYZ24.csv,1.0,70.645,70.7,70.69,70.7,-0.010000000000005116
45562,11,0,70.71,-2,2024-09-27,2024-09-27 11:00:00,2024-09-27 11:00:00,JYZ24.csv,516,JYZ24.csv,-5.0,70.755,70.695,353.54999999999995,353.47499999999997,-0.07499999999998863
45562,11,10,70.695,-6,2024-09-27,2024-09-27 11:10:00,2024-09-27 11:10:00,JYZ24.csv,75,JYZ24.csv,-4.0,70.74,70.65,282.78,282.6,-0.17999999999994998
45562,11,20,70.62,-7,2024-09-27,2024-09-27 11:20:00,2024-09-27 11:20:00,JYZ24.csv,114,JYZ24.csv,-1.0,70.665,70.665,70.62,70.665,0.045000000000001705
45562,11,30,70.695,-3,2024-09-27,2024-09-27 11:30:00,2024-09-27 11:30:00,JYZ24.csv,356,JYZ24.csv,4.0,70.65499999999999,70.725,282.78,282.9,-0.12000000000000455
45562,11,40,70.71,-2,2024-09-27,2024-09-27 11:40:00,2024-09-27 11:40:00,JYZ24.csv,90,JYZ24.csv,1.0,70.66999999999999,70.81,70.71,70.81,-0.10000000000000853
45562,11,50,70.825,-6,2024-09-27,2024-09-27 11:50:00,2024-09-27 11:50:00,JYZ24.csv,971,JYZ24.csv,-4.0,70.87,70.87,283.3,283.48,0.18000000000000682
45562,13,0,70.89,-1,2024-09-27,2024-09-27 13:00:00,2024-09-27 13:00:00,JYZ24.csv,100,JYZ24.csv,5.0,70.85,70.85,354.45,354.25,0.19999999999998863
45562,16,15,71.02,0,2024-09-27,2024-09-27 16:15:00,2024-09-27 16:15:00,JYZ24.csv,21,JYZ24.csv,1.0,70.975,71.03,71.02,71.03,-0.010000000000005116
45565,6,30,70.77,-1,2024-09-30,2024-09-30 06:30:00,2024-09-30 06:30:00,JYZ24.csv,71,JYZ24.csv,-1.0,70.815,70.815,70.77,70.815,0.045000000000001705
45565,8,0,70.86,-3,2024-09-30,2024-09-30 08:00:00,2024-09-30 08:00:00,JYZ24.csv,152,JYZ24.csv,-2.0,70.905,70.755,141.72,141.51,-0.21000000000000796
45565,9,0,70.66,-2,2024-09-30,2024-09-30 09:00:00,2024-09-30 09:00:00,JYZ24.csv,267,JYZ24.csv,1.0,70.615,70.725,70.66,70.725,-0.06499999999999773
45565,9,20,70.74,3,2024-09-30,2024-09-30 09:20:00,2024-09-30 09:20:00,JYZ24.csv,157,JYZ24.csv,5.0,70.69999999999999,70.69999999999999,353.7,353.49999999999994,0.20000000000004547
45565,9,40,70.675,-2,2024-09-30,2024-09-30 09:40:00,2024-09-30 09:40:00,JYZ24.csv,158,JYZ24.csv,-5.0,70.72,70.655,353.375,353.275,-0.10000000000002274
45565,10,0,70.56,2,2024-09-30,2024-09-30 10:00:00,2024-09-30 10:00:00,JYZ24.csv,629,JYZ24.csv,4.0,70.515,70.645,282.24,282.58,-0.339999999999975
45565,10,20,70.645,-2,2024-09-30,2024-09-30 10:20:00,2024-09-30 10:20:00,JYZ24.csv,199,JYZ24.csv,-4.0,70.69,70.69,282.58,282.76,0.18000000000000682
45565,10,30,70.69,-1,2024-09-30,2024-09-30 10:30:00,2024-09-30 10:30:00,JYZ24.csv,186,JYZ24.csv,1.0,70.64999999999999,70.64999999999999,70.69,70.64999999999999,0.04000000000000625
45565,10,50,70.625,3,2024-09-30,2024-09-30 10:50:00,2024-09-30 10:50:00,JYZ24.csv,211,JYZ24.csv,4.0,70.58,70.61,282.5,282.44,0.060000000000002274
45565,11,20,70.525,1,2024-09-30,2024-09-30 11:20:00,2024-09-30 11:20:00,JYZ24.csv,142,JYZ24.csv,-2.0,70.57000000000001,70.515,141.05,141.03,-0.020000000000010232
45565,11,30,70.505,-3,2024-09-30,2024-09-30 11:30:00,2024-09-30 11:30:00,JYZ24.csv,156,JYZ24.csv,-4.0,70.55,70.55,282.02,282.2,0.18000000000000682
45565,11,40,70.505,-1,2024-09-30,2024-09-30 11:40:00,2024-09-30 11:40:00,JYZ24.csv,132,JYZ24.csv,2.0,70.46,70.46,141.01,140.92,0.09000000000000341
45566,9,0,70.115,0,2024-10-01,2024-10-01 09:00:00,2024-10-01 09:00:00,JYZ24.csv,167,JYZ24.csv,1.0,70.07,70.125,70.115,70.125,-0.010000000000005116
45566,9,20,70.16,-2,2024-10-01,2024-10-01 09:20:00,2024-10-01 09:20:00,JYZ24.csv,172,JYZ24.csv,-2.0,70.205,70.18,140.32,140.36,0.040000000000020464
45566,9,30,70.175,1,2024-10-01,2024-10-01 09:30:00,2024-10-01 09:30:00,JYZ24.csv,182,JYZ24.csv,3.0,70.13499999999999,70.48,210.52499999999998,211.44,-0.9150000000000205
45566,9,40,70.505,3,2024-10-01,2024-10-01 09:40:00,2024-10-01 09:40:00,JYZ24.csv,1092,JYZ24.csv,2.0,70.46499999999999,70.46499999999999,141.01,140.92999999999998,0.0800000000000125
45566,9,50,70.385,-4,2024-10-01,2024-10-01 09:50:00,2024-10-01 09:50:00,JYZ24.csv,597,JYZ24.csv,-7.0,70.43,70.43,492.69500000000005,493.01000000000005,0.3149999999999977
45566,10,0,70.37,-1,2024-10-01,2024-10-01 10:00:00,2024-10-01 10:00:00,JYZ24.csv,2770,JYZ24.csv,3.0,70.325,70.325,211.11,210.97500000000002,0.1349999999999909
45566,10,10,70.525,3,2024-10-01,2024-10-01 10:10:00,2024-10-01 10:10:00,JYZ24.csv,824,JYZ24.csv,4.0,70.485,70.505,282.1,282.02,0.08000000000004093
45566,10,20,70.545,1,2024-10-01,2024-10-01 10:20:00,2024-10-01 10:20:00,JYZ24.csv,309,JYZ24.csv,-2.0,70.59,70.545,141.09,141.09,-0.0
45566,10,40,70.335,2,2024-10-01,2024-10-01 10:40:00,2024-10-01 10:40:00,JYZ24.csv,214,JYZ24.csv,1.0,70.28999999999999,70.28999999999999,70.335,70.28999999999999,0.045000000000001705
45566,11,0,70.33,1,2024-10-01,2024-10-01 11:00:00,2024-10-01 11:00:00,JYZ24.csv,440,JYZ24.csv,-1.0,70.375,70.3,70.33,70.3,-0.030000000000001137
45566,11,20,70.355,-1,2024-10-01,2024-10-01 11:20:00,2024-10-01 11:20:00,JYZ24.csv,38,JYZ24.csv,-2.0,70.4,70.235,140.71,140.47,-0.2400000000000091
45566,11,30,70.24,2,2024-10-01,2024-10-01 11:30:00,2024-10-01 11:30:00,JYZ24.csv,270,JYZ24.csv,3.0,70.195,70.195,210.71999999999997,210.58499999999998,0.1349999999999909
45566,11,40,70.22,1,2024-10-01,2024-10-01 11:40:00,2024-10-01 11:40:00,JYZ24.csv,74,JYZ24.csv,-1.0,70.265,70.265,70.22,70.265,0.045000000000001705
45566,11,50,70.285,-2,2024-10-01,2024-10-01 11:50:00,2024-10-01 11:50:00,JYZ24.csv,60,JYZ24.csv,-3.0,70.33,70.305,210.855,210.91500000000002,0.060000000000030695
45566,12,0,70.305,0,2024-10-01,2024-10-01 12:00:00,2024-10-01 12:00:00,JYZ24.csv,146,JYZ24.csv,2.0,70.265,70.305,140.61,140.61,0.0
45566,12,20,70.305,1,2024-10-01,2024-10-01 12:20:00,2024-10-01 12:20:00,JYZ24.csv,75,JYZ24.csv,1.0,70.26,70.325,70.305,70.325,-0.01999999999999602
45566,13,0,70.32,0,2024-10-01,2024-10-01 13:00:00,2024-10-01 13:00:00,JYZ24.csv,109,JYZ24.csv,-1.0,70.365,70.365,70.32,70.365,0.045000000000001705
45567,8,0,69.79,-6,2024-10-02,2024-10-02 08:00:00,2024-10-02 08:00:00,JYZ24.csv,85,JYZ24.csv,-6.0,69.83500000000001,69.76,418.74,418.56000000000006,-0.17999999999994998
45567,9,0,69.465,-2,2024-10-02,2024-10-02 09:00:00,2024-10-02 09:00:00,JYZ24.csv,230,JYZ24.csv,4.0,69.42,69.465,277.86,277.86,0.0
45567,9,50,69.305,-6,2024-10-02,2024-10-02 09:50:00,2024-10-02 09:50:00,JYZ24.csv,349,JYZ24.csv,-4.0,69.35000000000001,69.295,277.22,277.18,-0.040000000000020464
45567,10,10,69.355,-2,2024-10-02,2024-10-02 10:10:00,2024-10-02 10:10:00,JYZ24.csv,399,JYZ24.csv,4.0,69.315,69.315,277.42,277.26,0.160000000000025
45567,10,20,69.275,2,2024-10-02,2024-10-02 10:20:00,2024-10-02 10:20:00,JYZ24.csv,296,JYZ24.csv,4.0,69.23,69.29,277.1,277.16,-0.060000000000002274
45567,10,40,69.2,0,2024-10-02,2024-10-02 10:40:00,2024-10-02 10:40:00,JYZ24.csv,318,JYZ24.csv,-2.0,69.245,69.135,138.4,138.27,-0.12999999999999545
45567,10,50,69.14,4,2024-10-02,2024-10-02 10:50:00,2024-10-02 10:50:00,JYZ24.csv,544,JYZ24.csv,4.0,69.095,69.095,276.56,276.38,0.18000000000000682
45567,11,0,69.08,2,2024-10-02,2024-10-02 11:00:00,2024-10-02 11:00:00,JYZ24.csv,1319,JYZ24.csv,-2.0,69.125,69.125,138.16,138.25,0.09000000000000341
45567,11,10,69.14,-2,2024-10-02,2024-10-02 11:10:00,2024-10-02 11:10:00,JYZ24.csv,393,JYZ24.csv,-4.0,69.185,69.12,276.56,276.48,-0.07999999999998408
45568,6,30,68.745,-3,2024-10-03,2024-10-03 06:30:00,2024-10-03 06:30:00,JYZ24.csv,46,JYZ24.csv,-1.0,68.79,68.74,68.745,68.74,-0.005000000000009663
45568,8,0,68.82,-4,2024-10-03,2024-10-03 08:00:00,2024-10-03 08:00:00,JYZ24.csv,85,JYZ24.csv,-1.0,68.865,68.79,68.82,68.79,-0.029999999999986926
45568,9,0,68.765,2,2024-10-03,2024-10-03 09:00:00,2024-10-03 09:00:00,JYZ24.csv,121,JYZ24.csv,6.0,68.72,68.845,412.59000000000003,413.07,-0.47999999999996135
45568,10,0,68.66,5,2024-10-03,2024-10-03 10:00:00,2024-10-03 10:00:00,JYZ24.csv,3061,JYZ24.csv,3.0,68.615,68.615,205.98,205.84499999999997,0.13500000000001933
45568,10,20,68.725,2,2024-10-03,2024-10-03 10:20:00,2024-10-03 10:20:00,JYZ24.csv,140,JYZ24.csv,-3.0,68.77,68.77,206.17499999999998,206.31,0.13500000000001933
45568,10,30,68.79,4,2024-10-03,2024-10-03 10:30:00,2024-10-03 10:30:00,JYZ24.csv,513,JYZ24.csv,2.0,68.75,68.75,137.58,137.5,0.0800000000000125
45568,10,40,68.725,6,2024-10-03,2024-10-03 10:40:00,2024-10-03 10:40:00,JYZ24.csv,121,JYZ24.csv,2.0,68.67999999999999,68.74,137.45,137.48,-0.030000000000001137
45568,10,50,68.74,5,2024-10-03,2024-10-03 10:50:00,2024-10-03 10:50:00,JYZ24.csv,238,JYZ24.csv,-1.0,68.785,68.785,68.74,68.785,0.045000000000001705
45568,11,0,68.78,3,2024-10-03,2024-10-03 11:00:00,2024-10-03 11:00:00,JYZ24.csv,378,JYZ24.csv,-2.0,68.825,68.825,137.56,137.65,0.09000000000000341
45568,11,20,68.845,1,2024-10-03,2024-10-03 11:20:00,2024-10-03 11:20:00,JYZ24.csv,78,JYZ24.csv,-2.0,68.89,68.775,137.69,137.55,-0.13999999999998636
45568,11,30,68.785,4,2024-10-03,2024-10-03 11:30:00,2024-10-03 11:30:00,JYZ24.csv,138,JYZ24.csv,3.0,68.74,68.77,206.355,206.31,0.044999999999987494
45568,11,40,68.77,6,2024-10-03,2024-10-03 11:40:00,2024-10-03 11:40:00,JYZ24.csv,58,JYZ24.csv,2.0,68.725,68.8,137.54,137.6,-0.060000000000002274
45568,11,50,68.805,3,2024-10-03,2024-10-03 11:50:00,2024-10-03 11:50:00,JYZ24.csv,66,JYZ24.csv,-3.0,68.85000000000001,68.725,206.41500000000002,206.17499999999998,-0.24000000000003752
45569,2,30,69.1,2,2024-10-04,2024-10-04 02:30:00,2024-10-04 02:30:00,JYZ24.csv,113,JYZ24.csv,-1.0,69.145,69.095,69.1,69.095,-0.0049999999999954525
45569,8,0,68.845,1,2024-10-04,2024-10-04 08:00:00,2024-10-04 08:00:00,JYZ24.csv,148,JYZ24.csv,-1.0,68.89,68.85,68.845,68.85,0.0049999999999954525
45569,8,30,68.885,2,2024-10-04,2024-10-04 08:30:00,2024-10-04 08:30:00,JYZ24.csv,10350,JYZ24.csv,1.0,68.85000000000001,68.85000000000001,68.885,68.85000000000001,0.03499999999999659
45569,8,40,68.135,3,2024-10-04,2024-10-04 08:40:00,2024-10-04 08:40:00,JYZ24.csv,987,JYZ24.csv,1.0,68.095,68.095,68.135,68.095,0.04000000000000625
45569,9,20,67.93,0,2024-10-04,2024-10-04 09:20:00,2024-10-04 09:20:00,JYZ24.csv,222,JYZ24.csv,-3.0,67.97000000000001,67.925,203.79000000000002,203.77499999999998,-0.015000000000043201
45569,9,40,67.99,-2,2024-10-04,2024-10-04 09:40:00,2024-10-04 09:40:00,JYZ24.csv,314,JYZ24.csv,-2.0,68.035,67.98,135.98,135.96,-0.01999999999998181
45569,10,0,68.01,0,2024-10-04,2024-10-04 10:00:00,2024-10-04 10:00:00,JYZ24.csv,238,JYZ24.csv,2.0,67.97,67.97,136.02,135.94,0.0800000000000125
45569,11,0,67.965,-1,2024-10-04,2024-10-04 11:00:00,2024-10-04 11:00:00,JYZ24.csv,472,JYZ24.csv,-1.0,68.00500000000001,67.96,67.965,67.96,-0.005000000000009663
45569,13,0,67.77,0,2024-10-04,2024-10-04 13:00:00,2024-10-04 13:00:00,JYZ24.csv,209,JYZ24.csv,1.0,67.725,67.795,67.77,67.795,-0.025000000000005684
45572,2,30,67.97,-1,2024-10-07,2024-10-07 02:30:00,2024-10-07 02:30:00,JYZ24.csv,90,JYZ24.csv,-1.0,68.015,67.99,67.97,67.99,0.01999999999999602
45572,6,30,67.99,-2,2024-10-07,2024-10-07 06:30:00,2024-10-07 06:30:00,JYZ24.csv,24,JYZ24.csv,-1.0,68.035,67.985,67.99,67.985,-0.0049999999999954525
45572,8,30,68.095,-1,2024-10-07,2024-10-07 08:30:00,2024-10-07 08:30:00,JYZ24.csv,111,JYZ24.csv,1.0,68.05,68.105,68.095,68.105,-0.010000000000005116
45572,9,10,68.24,2,2024-10-07,2024-10-07 09:10:00,2024-10-07 09:10:00,JYZ24.csv,442,JYZ24.csv,3.0,68.19999999999999,68.19999999999999,204.71999999999997,204.59999999999997,0.12000000000000455
45572,9,30,68.155,-1,2024-10-07,2024-10-07 09:30:00,2024-10-07 09:30:00,JYZ24.csv,116,JYZ24.csv,-3.0,68.2,68.2,204.465,204.60000000000002,0.13500000000001933
45572,10,20,68.105,2,2024-10-07,2024-10-07 10:20:00,2024-10-07 10:20:00,JYZ24.csv,214,JYZ24.csv,3.0,68.06,68.11,204.315,204.32999999999998,-0.014999999999986358
45572,10,30,68.125,3,2024-10-07,2024-10-07 10:30:00,2024-10-07 10:30:00,JYZ24.csv,86,JYZ24.csv,1.0,68.08,68.08,68.125,68.08,0.045000000000001705
45572,10,40,68.135,0,2024-10-07,2024-10-07 10:40:00,2024-10-07 10:40:00,JYZ24.csv,296,JYZ24.csv,-3.0,68.18,68.125,204.40500000000003,204.375,-0.03000000000002956
45572,10,50,68.13,2,2024-10-07,2024-10-07 10:50:00,2024-10-07 10:50:00,JYZ24.csv,144,JYZ24.csv,2.0,68.085,68.085,136.26,136.17,0.09000000000000341
45572,11,10,68.12,0,2024-10-07,2024-10-07 11:10:00,2024-10-07 11:10:00,JYZ24.csv,15,JYZ24.csv,-2.0,68.165,68.07,136.24,136.14,-0.10000000000002274
45573,2,30,68.235,-1,2024-10-08,2024-10-08 02:30:00,2024-10-08 02:30:00,JYZ24.csv,74,JYZ24.csv,-1.0,68.28,68.225,68.235,68.225,-0.010000000000005116
45573,6,30,68.235,0,2024-10-08,2024-10-08 06:30:00,2024-10-08 06:30:00,JYZ24.csv,34,JYZ24.csv,1.0,68.19,68.23,68.235,68.23,0.0049999999999954525
45573,8,30,68.14,1,2024-10-08,2024-10-08 08:30:00,2024-10-08 08:30:00,JYZ24.csv,320,JYZ24.csv,1.0,68.095,68.16,68.14,68.16,-0.01999999999999602
45573,9,40,68.08,6,2024-10-08,2024-10-08 09:40:00,2024-10-08 09:40:00,JYZ24.csv,171,JYZ24.csv,5.0,68.035,68.125,340.4,340.625,-0.22500000000002274
45573,10,0,68.055,1,2024-10-08,2024-10-08 10:00:00,2024-10-08 10:00:00,JYZ24.csv,292,JYZ24.csv,-5.0,68.10000000000001,68.09,340.27500000000003,340.45000000000005,0.17500000000001137
45573,10,30,68.085,0,2024-10-08,2024-10-08 10:30:00,2024-10-08 10:30:00,JYZ24.csv,273,JYZ24.csv,-1.0,68.13,68.055,68.085,68.055,-0.029999999999986926
45574,2,30,67.9,-1,2024-10-09,2024-10-09 02:30:00,2024-10-09 02:30:00,JYZ24.csv,62,JYZ24.csv,-1.0,67.94500000000001,67.925,67.9,67.925,0.024999999999991473
45574,6,30,67.91,-2,2024-10-09,2024-10-09 06:30:00,2024-10-09 06:30:00,JYZ24.csv,18,JYZ24.csv,-1.0,67.955,67.92,67.91,67.92,0.010000000000005116
45574,8,0,67.84,-3,2024-10-09,2024-10-09 08:00:00,2024-10-09 08:00:00,JYZ24.csv,83,JYZ24.csv,-1.0,67.885,67.84,67.84,67.84,-0.0
45574,8,30,67.795,-2,2024-10-09,2024-10-09 08:30:00,2024-10-09 08:30:00,JYZ24.csv,75,JYZ24.csv,1.0,67.75,67.77,67.795,67.77,0.025000000000005684
45574,9,0,67.765,2,2024-10-09,2024-10-09 09:00:00,2024-10-09 09:00:00,JYZ24.csv,202,JYZ24.csv,4.0,67.72,67.78,271.06,271.12,-0.060000000000002274
45574,9,20,67.745,4,2024-10-09,2024-10-09 09:20:00,2024-10-09 09:20:00,JYZ24.csv,313,JYZ24.csv,2.0,67.7,67.745,135.49,135.49,0.0
45574,9,40,67.67,5,2024-10-09,2024-10-09 09:40:00,2024-10-09 09:40:00,JYZ24.csv,231,JYZ24.csv,1.0,67.625,67.695,67.67,67.695,-0.024999999999991473
45574,10,0,67.655,2,2024-10-09,2024-10-09 10:00:00,2024-10-09 10:00:00,JYZ24.csv,430,JYZ24.csv,-3.0,67.7,67.7,202.965,203.10000000000002,0.13500000000001933
45574,10,30,67.675,3,2024-10-09,2024-10-09 10:30:00,2024-10-09 10:30:00,JYZ24.csv,95,JYZ24.csv,1.0,67.63499999999999,67.655,67.675,67.655,0.01999999999999602
45575,2,30,67.625,2,2024-10-10,2024-10-10 02:30:00,2024-10-10 02:30:00,JYZ24.csv,307,JYZ24.csv,-1.0,67.67,67.605,67.625,67.605,-0.01999999999999602
45575,6,30,67.745,4,2024-10-10,2024-10-10 06:30:00,2024-10-10 06:30:00,JYZ24.csv,44,JYZ24.csv,2.0,67.705,67.755,135.49,135.51,-0.01999999999998181
45575,8,0,67.7,1,2024-10-10,2024-10-10 08:00:00,2024-10-10 08:00:00,JYZ24.csv,161,JYZ24.csv,-3.0,67.745,67.695,203.10000000000002,203.08499999999998,-0.015000000000043201
45575,8,30,67.84,2,2024-10-10,2024-10-10 08:30:00,2024-10-10 08:30:00,JYZ24.csv,8117,JYZ24.csv,1.0,67.8,67.8,67.84,67.8,0.04000000000000625
45575,10,0,67.875,4,2024-10-10,2024-10-10 10:00:00,2024-10-10 10:00:00,JYZ24.csv,515,JYZ24.csv,2.0,67.83,67.925,135.75,135.85,-0.09999999999999432
45575,10,20,67.885,2,2024-10-10,2024-10-10 10:20:00,2024-10-10 10:20:00,JYZ24.csv,424,JYZ24.csv,-2.0,67.92,67.86,135.77,135.72,-0.05000000000001137
45575,10,30,67.84,0,2024-10-10,2024-10-10 10:30:00,2024-10-10 10:30:00,JYZ24.csv,200,JYZ24.csv,-2.0,67.885,67.785,135.68,135.57,-0.11000000000001364
45575,11,0,67.81,3,2024-10-10,2024-10-10 11:00:00,2024-10-10 11:00:00,JYZ24.csv,438,JYZ24.csv,3.0,67.77,67.77,203.43,203.31,0.12000000000000455
45575,11,20,67.88,-2,2024-10-10,2024-10-10 11:20:00,2024-10-10 11:20:00,JYZ24.csv,78,JYZ24.csv,-5.0,67.925,67.925,339.4,339.625,0.22500000000002274
45575,11,30,67.92,-3,2024-10-10,2024-10-10 11:30:00,2024-10-10 11:30:00,JYZ24.csv,213,JYZ24.csv,-1.0,67.965,67.915,67.92,67.915,-0.0049999999999954525
45575,11,40,67.92,2,2024-10-10,2024-10-10 11:40:00,2024-10-10 11:40:00,JYZ24.csv,78,JYZ24.csv,5.0,67.885,67.9,339.6,339.5,0.10000000000002274
45575,11,50,67.9,3,2024-10-10,2024-10-10 11:50:00,2024-10-10 11:50:00,JYZ24.csv,77,JYZ24.csv,1.0,67.855,67.885,67.9,67.885,0.015000000000000568
45575,13,0,67.715,0,2024-10-10,2024-10-10 13:00:00,2024-10-10 13:00:00,JYZ24.csv,115,JYZ24.csv,-3.0,67.76,67.71,203.145,203.13,-0.01500000000001478
45576,2,30,67.75,-1,2024-10-11,2024-10-11 02:30:00,2024-10-11 02:30:00,JYZ24.csv,102,JYZ24.csv,-1.0,67.795,67.75,67.75,67.75,-0.0
45576,6,30,67.675,-3,2024-10-11,2024-10-11 06:30:00,2024-10-11 06:30:00,JYZ24.csv,78,JYZ24.csv,-2.0,67.72,67.675,135.35,135.35,-0.0
45576,8,0,67.67,0,2024-10-11,2024-10-11 08:00:00,2024-10-11 08:00:00,JYZ24.csv,71,JYZ24.csv,3.0,67.635,67.69,203.01,203.07,-0.060000000000002274
45576,8,30,67.7,1,2024-10-11,2024-10-11 08:30:00,2024-10-11 08:30:00,JYZ24.csv,1295,JYZ24.csv,1.0,67.665,67.665,67.7,67.665,0.03499999999999659
45576,9,0,67.645,-1,2024-10-11,2024-10-11 09:00:00,2024-10-11 09:00:00,JYZ24.csv,148,JYZ24.csv,-2.0,67.69,67.595,135.29,135.19,-0.09999999999999432
45576,9,20,67.645,1,2024-10-11,2024-10-11 09:20:00,2024-10-11 09:20:00,JYZ24.csv,132,JYZ24.csv,2.0,67.61,67.61,135.29,135.22,0.06999999999999318
45576,10,30,67.565,3,2024-10-11,2024-10-11 10:30:00,2024-10-11 10:30:00,JYZ24.csv,207,JYZ24.csv,2.0,67.52,67.56,135.13,135.12,0.009999999999990905
45576,16,15,67.595,0,2024-10-11,2024-10-11 16:15:00,2024-10-11 16:15:00,JYZ24.csv,2,JYZ24.csv,-3.0,67.64,67.595,202.785,202.785,-0.0
45579,2,30,67.575,-1,2024-10-14,2024-10-14 02:30:00,2024-10-14 02:30:00,JYZ24.csv,38,JYZ24.csv,-1.0,67.62,67.585,67.575,67.585,0.009999999999990905
45579,6,30,67.48,-2,2024-10-14,2024-10-14 06:30:00,2024-10-14 06:30:00,JYZ24.csv,15,JYZ24.csv,-1.0,67.525,67.46,67.48,67.46,-0.020000000000010232
45579,8,0,67.38,-7,2024-10-14,2024-10-14 08:00:00,2024-10-14 08:00:00,JYZ24.csv,51,JYZ24.csv,-5.0,67.425,67.355,336.9,336.77500000000003,-0.12499999999994316
45579,8,30,67.335,-6,2024-10-14,2024-10-14 08:30:00,2024-10-14 08:30:00,JYZ24.csv,103,JYZ24.csv,1.0,67.3,67.345,67.335,67.345,-0.010000000000005116
45579,9,0,67.34,-3,2024-10-14,2024-10-14 09:00:00,2024-10-14 09:00:00,JYZ24.csv,83,JYZ24.csv,3.0,67.295,67.295,202.02,201.885,0.13500000000001933
45579,10,30,67.27,-2,2024-10-14,2024-10-14 10:30:00,2024-10-14 10:30:00,JYZ24.csv,51,JYZ24.csv,1.0,67.225,67.25,67.27,67.25,0.01999999999999602
45580,2,30,67.475,-3,2024-10-15,2024-10-15 02:30:00,2024-10-15 02:30:00,JYZ24.csv,114,JYZ24.csv,-1.0,67.52,67.46,67.475,67.46,-0.015000000000000568
45580,6,30,67.65,-7,2024-10-15,2024-10-15 06:30:00,2024-10-15 06:30:00,JYZ24.csv,67,JYZ24.csv,-4.0,67.69500000000001,67.61,270.6,270.44,-0.160000000000025
45580,8,0,67.5,-3,2024-10-15,2024-10-15 08:00:00,2024-10-15 08:00:00,JYZ24.csv,242,JYZ24.csv,4.0,67.455,67.505,270.0,270.02,-0.01999999999998181
45580,8,30,67.555,-2,2024-10-15,2024-10-15 08:30:00,2024-10-15 08:30:00,JYZ24.csv,618,JYZ24.csv,1.0,67.52000000000001,67.66,67.555,67.66,-0.10499999999998977
45580,9,0,67.625,-4,2024-10-15,2024-10-15 09:00:00,2024-10-15 09:00:00,JYZ24.csv,162,JYZ24.csv,-2.0,67.67,67.585,135.25,135.17,-0.0800000000000125
45580,10,30,67.575,0,2024-10-15,2024-10-15 10:30:00,2024-10-15 10:30:00,JYZ24.csv,308,JYZ24.csv,4.0,67.54,67.685,270.3,270.74,-0.4399999999999977
45580,11,0,67.56,8,2024-10-15,2024-10-15 11:00:00,2024-10-15 11:00:00,JYZ24.csv,421,JYZ24.csv,8.0,67.515,67.57,540.48,540.56,-0.07999999999992724
45580,11,20,67.56,3,2024-10-15,2024-10-15 11:20:00,2024-10-15 11:20:00,JYZ24.csv,95,JYZ24.csv,-5.0,67.605,67.55,337.8,337.75,-0.05000000000001137
45580,13,0,67.46,0,2024-10-15,2024-10-15 13:00:00,2024-10-15 13:00:00,JYZ24.csv,35,JYZ24.csv,-3.0,67.505,67.435,202.38,202.305,-0.07499999999998863
45581,2,30,67.54,-1,2024-10-16,2024-10-16 02:30:00,2024-10-16 02:30:00,JYZ24.csv,103,JYZ24.csv,-1.0,67.58500000000001,67.54,67.54,67.54,-0.0
45581,6,30,67.5,0,2024-10-16,2024-10-16 06:30:00,2024-10-16 06:30:00,JYZ24.csv,33,JYZ24.csv,1.0,67.455,67.48,67.5,67.48,0.01999999999999602
45581,8,0,67.575,-3,2024-10-16,2024-10-16 08:00:00,2024-10-16 08:00:00,JYZ24.csv,106,JYZ24.csv,-3.0,67.62,67.56,202.72500000000002,202.68,-0.045000000000015916
45581,8,30,67.54,-2,2024-10-16,2024-10-16 08:30:00,2024-10-16 08:30:00,JYZ24.csv,79,JYZ24.csv,1.0,67.495,67.495,67.54,67.495,0.045000000000001705
45581,9,0,67.445,1,2024-10-16,2024-10-16 09:00:00,2024-10-16 09:00:00,JYZ24.csv,147,JYZ24.csv,3.0,67.39999999999999,67.43,202.33499999999998,202.29000000000002,0.04499999999995907
45581,9,20,67.475,-1,2024-10-16,2024-10-16 09:20:00,2024-10-16 09:20:00,JYZ24.csv,96,JYZ24.csv,-2.0,67.52,67.52,134.95,135.04,0.09000000000000341
45581,9,40,67.52,1,2024-10-16,2024-10-16 09:40:00,2024-10-16 09:40:00,JYZ24.csv,75,JYZ24.csv,2.0,67.485,67.53,135.04,135.06,-0.020000000000010232
45581,10,20,67.395,4,2024-10-16,2024-10-16 10:20:00,2024-10-16 10:20:00,JYZ24.csv,96,JYZ24.csv,3.0,67.35,67.35,202.185,202.04999999999998,0.13500000000001933
45581,10,30,67.34,3,2024-10-16,2024-10-16 10:30:00,2024-10-16 10:30:00,JYZ24.csv,255,JYZ24.csv,-1.0,67.385,67.35,67.34,67.35,0.009999999999990905
45581,10,40,67.335,0,2024-10-16,2024-10-16 10:40:00,2024-10-16 10:40:00,JYZ24.csv,210,JYZ24.csv,-3.0,67.38,67.36,202.005,202.07999999999998,0.07499999999998863
45582,2,30,67.34,-1,2024-10-17,2024-10-17 02:30:00,2024-10-17 02:30:00,JYZ24.csv,64,JYZ24.csv,-1.0,67.385,67.35,67.34,67.35,0.009999999999990905
45582,8,30,67.145,0,2024-10-17,2024-10-17 08:30:00,2024-10-17 08:30:00,JYZ24.csv,3597,JYZ24.csv,1.0,67.1,67.18,67.145,67.18,-0.0350000000000108
45582,9,50,67.25,-4,2024-10-17,2024-10-17 09:50:00,2024-10-17 09:50:00,JYZ24.csv,195,JYZ24.csv,-4.0,67.295,67.295,269.0,269.18,0.18000000000000682
45582,10,10,67.22,2,2024-10-17,2024-10-17 10:10:00,2024-10-17 10:10:00,JYZ24.csv,363,JYZ24.csv,6.0,67.175,67.2,403.32,403.20000000000005,0.1199999999999477
45582,10,30,67.18,0,2024-10-17,2024-10-17 10:30:00,2024-10-17 10:30:00,JYZ24.csv,253,JYZ24.csv,-2.0,67.22500000000001,67.185,134.36,134.37,0.009999999999990905
45582,11,0,67.17,3,2024-10-17,2024-10-17 11:00:00,2024-10-17 11:00:00,JYZ24.csv,396,JYZ24.csv,3.0,67.125,67.15,201.51,201.45000000000002,0.05999999999997385
45582,13,0,67.08,0,2024-10-17,2024-10-17 13:00:00,2024-10-17 13:00:00,JYZ24.csv,135,JYZ24.csv,-3.0,67.125,67.095,201.24,201.285,0.044999999999987494
45583,2,30,67.215,-1,2024-10-18,2024-10-18 02:30:00,2024-10-18 02:30:00,JYZ24.csv,140,JYZ24.csv,-1.0,67.25500000000001,67.185,67.215,67.185,-0.030000000000001137
45583,6,30,67.18,1,2024-10-18,2024-10-18 06:30:00,2024-10-18 06:30:00,JYZ24.csv,68,JYZ24.csv,2.0,67.135,67.205,134.36,134.41,-0.04999999999998295
45583,8,0,67.16,-4,2024-10-18,2024-10-18 08:00:00,2024-10-18 08:00:00,JYZ24.csv,96,JYZ24.csv,-5.0,67.2,67.14,335.79999999999995,335.7,-0.0999999999999659
45583,8,30,67.185,-3,2024-10-18,2024-10-18 08:30:00,2024-10-18 08:30:00,JYZ24.csv,288,JYZ24.csv,1.0,67.155,67.23,67.185,67.23,-0.045000000000001705
45583,10,30,67.285,-5,2024-10-18,2024-10-18 10:30:00,2024-10-18 10:30:00,JYZ24.csv,90,JYZ24.csv,-2.0,67.33,67.32,134.57,134.64,0.06999999999999318
45583,16,15,67.39,0,2024-10-18,2024-10-18 16:15:00,2024-10-18 16:15:00,JYZ24.csv,14,JYZ24.csv,5.0,67.355,67.41,336.95,337.04999999999995,-0.0999999999999659
45586,2,30,67.375,-1,2024-10-21,2024-10-21 02:30:00,2024-10-21 02:30:00,JYZ24.csv,61,JYZ24.csv,-1.0,67.415,67.35,67.375,67.35,-0.025000000000005684
45586,6,30,67.155,-2,2024-10-21,2024-10-21 06:30:00,2024-10-21 06:30:00,JYZ24.csv,47,JYZ24.csv,-1.0,67.19500000000001,67.165,67.155,67.165,0.010000000000005116
45586,8,0,67.19,-6,2024-10-21,2024-10-21 08:00:00,2024-10-21 08:00:00,JYZ24.csv,103,JYZ24.csv,-4.0,67.23,67.155,268.76,268.62,-0.13999999999998636
45586,8,30,67.225,-5,2024-10-21,2024-10-21 08:30:00,2024-10-21 08:30:00,JYZ24.csv,319,JYZ24.csv,1.0,67.195,67.245,67.225,67.245,-0.020000000000010232
45586,10,30,67.06,-4,2024-10-21,2024-10-21 10:30:00,2024-10-21 10:30:00,JYZ24.csv,226,JYZ24.csv,1.0,67.02,67.04,67.06,67.04,0.01999999999999602
45587,6,30,66.8,-1,2024-10-22,2024-10-22 06:30:00,2024-10-22 06:30:00,JYZ24.csv,12,JYZ24.csv,3.0,66.77,66.785,200.39999999999998,200.355,0.044999999999987494
45587,8,0,66.76,-2,2024-10-22,2024-10-22 08:00:00,2024-10-22 08:00:00,JYZ24.csv,83,JYZ24.csv,-1.0,66.80000000000001,66.78,66.76,66.78,0.01999999999999602
45587,9,30,66.835,1,2024-10-22,2024-10-22 09:30:00,2024-10-22 09:30:00,JYZ24.csv,128,JYZ24.csv,3.0,66.80499999999999,66.80499999999999,200.505,200.41499999999996,0.09000000000003183
45587,9,50,66.795,-2,2024-10-22,2024-10-22 09:50:00,2024-10-22 09:50:00,JYZ24.csv,60,JYZ24.csv,-3.0,66.83500000000001,66.745,200.385,200.235,-0.14999999999997726
45587,10,0,66.735,3,2024-10-22,2024-10-22 10:00:00,2024-10-22 10:00:00,JYZ24.csv,168,JYZ24.csv,5.0,66.695,66.76,333.675,333.8,-0.125
45587,10,20,66.72,-2,2024-10-22,2024-10-22 10:20:00,2024-10-22 10:20:00,JYZ24.csv,192,JYZ24.csv,-5.0,66.76,66.695,333.6,333.47499999999997,-0.12500000000005684
45587,10,30,66.71,-5,2024-10-22,2024-10-22 10:30:00,2024-10-22 10:30:00,JYZ24.csv,145,JYZ24.csv,-3.0,66.75,66.705,200.13,200.115,-0.014999999999986358
45587,11,0,66.71,-1,2024-10-22,2024-10-22 11:00:00,2024-10-22 11:00:00,JYZ24.csv,260,JYZ24.csv,4.0,66.66999999999999,66.735,266.84,266.94,-0.10000000000002274
45587,13,0,66.67,-5,2024-10-22,2024-10-22 13:00:00,2024-10-22 13:00:00,JYZ24.csv,36,JYZ24.csv,-4.0,66.705,66.665,266.68,266.66,-0.01999999999998181
45588,6,30,65.975,-10,2024-10-23,2024-10-23 06:30:00,2024-10-23 06:30:00,JYZ24.csv,21,JYZ24.csv,-5.0,66.00999999999999,65.925,329.875,329.625,-0.25
45588,10,30,65.81,-5,2024-10-23,2024-10-23 10:30:00,2024-10-23 10:30:00,JYZ24.csv,210,JYZ24.csv,5.0,65.77,65.8,329.05,329.0,0.05000000000001137
45589,6,30,66.26,-7,2024-10-24,2024-10-24 06:30:00,2024-10-24 06:30:00,JYZ24.csv,36,JYZ24.csv,-2.0,66.295,66.295,132.52,132.59,0.06999999999999318
45589,8,0,66.205,-9,2024-10-24,2024-10-24 08:00:00,2024-10-24 08:00:00,JYZ24.csv,356,JYZ24.csv,-2.0,66.24,66.24,132.41,132.48,0.06999999999999318
45589,10,20,66.135,-6,2024-10-24,2024-10-24 10:20:00,2024-10-24 10:20:00,JYZ24.csv,218,JYZ24.csv,3.0,66.095,66.165,198.40500000000003,198.495,-0.08999999999997499
45589,10,30,66.15,-4,2024-10-24,2024-10-24 10:30:00,2024-10-24 10:30:00,JYZ24.csv,154,JYZ24.csv,2.0,66.12,66.215,132.3,132.43,-0.12999999999999545
45589,10,40,66.18,-7,2024-10-24,2024-10-24 10:40:00,2024-10-24 10:40:00,JYZ24.csv,213,JYZ24.csv,-3.0,66.215,66.215,198.54000000000002,198.645,0.10499999999998977
45590,6,30,66.23,-4,2024-10-25,2024-10-25 06:30:00,2024-10-25 06:30:00,JYZ24.csv,38,JYZ24.csv,3.0,66.2,66.245,198.69,198.735,-0.045000000000015916
45590,8,0,66.31,0,2024-10-25,2024-10-25 08:00:00,2024-10-25 08:00:00,JYZ24.csv,122,JYZ24.csv,4.0,66.28,66.28,265.24,265.12,0.12000000000000455
45590,10,30,66.225,-3,2024-10-25,2024-10-25 10:30:00,2024-10-25 10:30:00,JYZ24.csv,247,JYZ24.csv,-3.0,66.25999999999999,66.19,198.67499999999998,198.57,-0.10499999999998977
45590,16,15,66.13,0,2024-10-25,2024-10-25 16:15:00,2024-10-25 16:15:00,JYZ24.csv,31,JYZ24.csv,3.0,66.1,66.13,198.39,198.39,0.0
45593,6,30,65.935,-1,2024-10-28,2024-10-28 06:30:00,2024-10-28 06:30:00,JYZ24.csv,72,JYZ24.csv,-1.0,65.97,65.97,65.935,65.97,0.03499999999999659
45593,8,0,65.895,-7,2024-10-28,2024-10-28 08:00:00,2024-10-28 08:00:00,JYZ24.csv,175,JYZ24.csv,-6.0,65.92999999999999,65.92999999999999,395.37,395.5799999999999,0.2099999999999227
45593,10,20,65.8,-3,2024-10-28,2024-10-28 10:20:00,2024-10-28 10:20:00,JYZ24.csv,178,JYZ24.csv,4.0,65.75999999999999,65.79,263.2,263.16,0.03999999999996362
45593,10,30,65.8,-2,2024-10-28,2024-10-28 10:30:00,2024-10-28 10:30:00,JYZ24.csv,158,JYZ24.csv,1.0,65.77,65.77,65.8,65.77,0.030000000000001137
45593,10,40,65.78,-6,2024-10-28,2024-10-28 10:40:00,2024-10-28 10:40:00,JYZ24.csv,117,JYZ24.csv,-4.0,65.815,65.785,263.12,263.14,0.01999999999998181
45594,8,0,65.475,-7,2024-10-29,2024-10-29 08:00:00,2024-10-29 08:00:00,JYZ24.csv,278,JYZ24.csv,-1.0,65.50999999999999,65.465,65.475,65.465,-0.009999999999990905
45594,10,50,65.595,-4,2024-10-29,2024-10-29 10:50:00,2024-10-29 10:50:00,JYZ24.csv,58,JYZ24.csv,3.0,65.55499999999999,65.585,196.785,196.755,0.030000000000001137
45594,11,10,65.5,-2,2024-10-29,2024-10-29 11:10:00,2024-10-29 11:10:00,JYZ24.csv,618,JYZ24.csv,2.0,65.46,65.46,131.0,130.92,0.0800000000000125
45594,11,20,65.465,1,2024-10-29,2024-10-29 11:20:00,2024-10-29 11:20:00,JYZ24.csv,92,JYZ24.csv,3.0,65.425,65.455,196.395,196.365,0.030000000000001137
45594,11,30,65.45,-4,2024-10-29,2024-10-29 11:30:00,2024-10-29 11:30:00,JYZ24.csv,94,JYZ24.csv,-5.0,65.485,65.485,327.25,327.425,0.17500000000001137
45594,11,40,65.49,-7,2024-10-29,2024-10-29 11:40:00,2024-10-29 11:40:00,JYZ24.csv,177,JYZ24.csv,-3.0,65.52,65.52,196.46999999999997,196.56,0.09000000000003183
45594,11,50,65.55,-3,2024-10-29,2024-10-29 11:50:00,2024-10-29 11:50:00,JYZ24.csv,74,JYZ24.csv,4.0,65.52,65.56,262.2,262.24,-0.040000000000020464
45594,12,10,65.6,-7,2024-10-29,2024-10-29 12:10:00,2024-10-29 12:10:00,JYZ24.csv,145,JYZ24.csv,-4.0,65.63,65.59,262.4,262.36,-0.03999999999996362
45595,8,0,65.74,-4,2024-10-30,2024-10-30 08:00:00,2024-10-30 08:00:00,JYZ24.csv,258,JYZ24.csv,3.0,65.71,65.745,197.21999999999997,197.235,-0.015000000000043201
45595,9,0,65.605,-6,2024-10-30,2024-10-30 09:00:00,2024-10-30 09:00:00,JYZ24.csv,220,JYZ24.csv,-2.0,65.635,65.59,131.21,131.18,-0.030000000000001137
45595,11,0,65.65,-2,2024-10-30,2024-10-30 11:00:00,2024-10-30 11:00:00,JYZ24.csv,151,JYZ24.csv,4.0,65.62,65.62,262.6,262.48,0.12000000000000455
45595,12,0,65.69,-5,2024-10-30,2024-10-30 12:00:00,2024-10-30 12:00:00,JYZ24.csv,340,JYZ24.csv,-3.0,65.72,65.72,197.07,197.16,0.09000000000000341
45595,12,20,65.685,-2,2024-10-30,2024-10-30 12:20:00,2024-10-30 12:20:00,JYZ24.csv,115,JYZ24.csv,3.0,65.655,65.715,197.055,197.145,-0.09000000000000341
45595,13,0,65.72,-6,2024-10-30,2024-10-30 13:00:00,2024-10-30 13:00:00,JYZ24.csv,87,JYZ24.csv,-4.0,65.755,65.66,262.88,262.64,-0.2400000000000091
45596,8,0,65.835,-4,2024-10-31,2024-10-31 08:00:00,2024-10-31 08:00:00,JYZ24.csv,289,JYZ24.csv,2.0,65.80499999999999,65.845,131.67,131.69,-0.020000000000010232
45596,9,0,65.85,-7,2024-10-31,2024-10-31 09:00:00,2024-10-31 09:00:00,JYZ24.csv,173,JYZ24.csv,-3.0,65.88,65.805,197.54999999999998,197.41500000000002,-0.13499999999996248
45596,9,40,65.84,-2,2024-10-31,2024-10-31 09:40:00,2024-10-31 09:40:00,JYZ24.csv,83,JYZ24.csv,5.0,65.81,65.81,329.20000000000005,329.05,0.1500000000000341
45596,10,0,65.735,-1,2024-10-31,2024-10-31 10:00:00,2024-10-31 10:00:00,JYZ24.csv,712,JYZ24.csv,1.0,65.705,65.705,65.735,65.705,0.030000000000001137
45596,10,20,65.825,-7,2024-10-31,2024-10-31 10:20:00,2024-10-31 10:20:00,JYZ24.csv,220,JYZ24.csv,-6.0,65.855,65.855,394.95000000000005,395.13,0.17999999999994998
45596,11,20,65.94,-10,2024-10-31,2024-10-31 11:20:00,2024-10-31 11:20:00,JYZ24.csv,232,JYZ24.csv,-3.0,65.97,65.97,197.82,197.91,0.09000000000000341
45596,11,40,66.03,-8,2024-10-31,2024-10-31 11:40:00,2024-10-31 11:40:00,JYZ24.csv,622,JYZ24.csv,2.0,66.0,66.0,132.06,132.0,0.060000000000002274
45596,12,0,65.995,-7,2024-10-31,2024-10-31 12:00:00,2024-10-31 12:00:00,JYZ24.csv,1336,JYZ24.csv,1.0,65.96000000000001,66.025,65.995,66.025,-0.030000000000001137
45597,6,30,65.805,-10,2024-11-01,2024-11-01 06:30:00,2024-11-01 06:30:00,JYZ24.csv,11,JYZ24.csv,-3.0,65.83500000000001,65.82,197.41500000000002,197.45999999999998,0.04499999999995907
45597,8,0,65.855,-8,2024-11-01,2024-11-01 08:00:00,2024-11-01 08:00:00,JYZ24.csv,179,JYZ24.csv,2.0,65.825,65.845,131.71,131.69,0.020000000000010232
45597,9,0,66.13,-5,2024-11-01,2024-11-01 09:00:00,2024-11-01 09:00:00,JYZ24.csv,472,JYZ24.csv,3.0,66.095,66.095,198.39,198.285,0.10499999999998977
45597,9,20,66.025,-3,2024-11-01,2024-11-01 09:20:00,2024-11-01 09:20:00,JYZ24.csv,564,JYZ24.csv,2.0,65.995,65.995,132.05,131.99,0.060000000000002274
45597,9,40,66.04,-8,2024-11-01,2024-11-01 09:40:00,2024-11-01 09:40:00,JYZ24.csv,253,JYZ24.csv,-5.0,66.07000000000001,66.07000000000001,330.20000000000005,330.35,0.14999999999997726
45597,9,50,65.975,-9,2024-11-01,2024-11-01 09:50:00,2024-11-01 09:50:00,JYZ24.csv,687,JYZ24.csv,-1.0,66.005,66.005,65.975,66.005,0.030000000000001137
45597,10,10,65.85,-8,2024-11-01,2024-11-01 10:10:00,2024-11-01 10:10:00,JYZ24.csv,213,JYZ24.csv,1.0,65.815,65.815,65.85,65.815,0.03499999999999659
45597,10,20,65.8,-4,2024-11-01,2024-11-01 10:20:00,2024-11-01 10:20:00,JYZ24.csv,429,JYZ24.csv,4.0,65.765,65.765,263.2,263.06,0.13999999999998636
45597,10,30,65.835,-1,2024-11-01,2024-11-01 10:30:00,2024-11-01 10:30:00,JYZ24.csv,443,JYZ24.csv,3.0,65.80499999999999,65.80499999999999,197.505,197.41499999999996,0.09000000000003183
45597,10,40,65.75,0,2024-11-01,2024-11-01 10:40:00,2024-11-01 10:40:00,JYZ24.csv,344,JYZ24.csv,1.0,65.72,65.78,65.75,65.78,-0.030000000000001137
45597,11,0,65.75,-5,2024-11-01,2024-11-01 11:00:00,2024-11-01 11:00:00,JYZ24.csv,322,JYZ24.csv,-5.0,65.78,65.72,328.75,328.6,-0.14999999999997726
45597,16,15,65.675,0,2024-11-01,2024-11-01 16:15:00,2024-11-01 16:15:00,JYZ24.csv,87,JYZ24.csv,5.0,65.645,65.695,328.375,328.47499999999997,-0.0999999999999659
45600,6,30,66.27,-2,2024-11-04,2024-11-04 06:30:00,2024-11-04 06:30:00,JYZ24.csv,112,JYZ24.csv,-2.0,66.3,66.3,132.54,132.6,0.060000000000002274
45600,8,0,66.225,-9,2024-11-04,2024-11-04 08:00:00,2024-11-04 08:00:00,JYZ24.csv,55,JYZ24.csv,-7.0,66.25,66.25,463.57499999999993,463.75,0.1750000000000682
45600,9,0,66.22,-3,2024-11-04,2024-11-04 09:00:00,2024-11-04 09:00:00,JYZ24.csv,201,JYZ24.csv,6.0,66.19,66.28,397.32,397.68,-0.36000000000001364
45600,9,10,66.28,0,2024-11-04,2024-11-04 09:10:00,2024-11-04 09:10:00,JYZ24.csv,129,JYZ24.csv,3.0,66.25,66.25,198.84,198.75,0.09000000000000341
45600,9,20,66.255,-6,2024-11-04,2024-11-04 09:20:00,2024-11-04 09:20:00,JYZ24.csv,45,JYZ24.csv,-6.0,66.285,66.2,397.53,397.20000000000005,-0.32999999999992724
45600,9,30,66.205,-10,2024-11-04,2024-11-04 09:30:00,2024-11-04 09:30:00,JYZ24.csv,131,JYZ24.csv,-4.0,66.23,66.23,264.82,264.92,0.10000000000002274
45600,9,40,66.17,-4,2024-11-04,2024-11-04 09:40:00,2024-11-04 09:40:00,JYZ24.csv,79,JYZ24.csv,6.0,66.14,66.195,397.02,397.16999999999996,-0.14999999999997726
45600,9,50,66.21,-3,2024-11-04,2024-11-04 09:50:00,2024-11-04 09:50:00,JYZ24.csv,63,JYZ24.csv,1.0,66.17999999999999,66.21,66.21,66.21,0.0
45600,10,0,66.225,-9,2024-11-04,2024-11-04 10:00:00,2024-11-04 10:00:00,JYZ24.csv,697,JYZ24.csv,-6.0,66.255,66.255,397.34999999999997,397.53,0.18000000000000682
45600,10,30,66.165,-7,2024-11-04,2024-11-04 10:30:00,2024-11-04 10:30:00,JYZ24.csv,196,JYZ24.csv,2.0,66.135,66.16,132.33,132.32,0.010000000000019327
45600,10,50,66.125,-4,2024-11-04,2024-11-04 10:50:00,2024-11-04 10:50:00,JYZ24.csv,437,JYZ24.csv,3.0,66.095,66.135,198.375,198.40500000000003,-0.03000000000002956
45600,11,10,66.105,-7,2024-11-04,2024-11-04 11:10:00,2024-11-04 11:10:00,JYZ24.csv,112,JYZ24.csv,-3.0,66.13000000000001,66.11,198.315,198.32999999999998,0.014999999999986358
45601,6,30,66.05,0,2024-11-05,2024-11-05 06:30:00,2024-11-05 06:30:00,JYZ24.csv,114,JYZ24.csv,7.0,66.02,66.05,462.34999999999997,462.34999999999997,0.0
45601,8,0,66.005,-1,2024-11-05,2024-11-05 08:00:00,2024-11-05 08:00:00,JYZ24.csv,192,JYZ24.csv,-1.0,66.035,66.01,66.005,66.01,0.005000000000009663
45601,10,0,66.04,4,2024-11-05,2024-11-05 10:00:00,2024-11-05 10:00:00,JYZ24.csv,2839,JYZ24.csv,5.0,66.01,66.125,330.20000000000005,330.625,-0.4249999999999545
45601,10,20,66.165,-1,2024-11-05,2024-11-05 10:20:00,2024-11-05 10:20:00,JYZ24.csv,163,JYZ24.csv,-5.0,66.19500000000001,66.175,330.82500000000005,330.875,0.049999999999954525
45601,10,30,66.16,-8,2024-11-05,2024-11-05 10:30:00,2024-11-05 10:30:00,JYZ24.csv,66,JYZ24.csv,-7.0,66.19,66.19,463.12,463.33,0.20999999999997954
45601,11,0,66.11,-1,2024-11-05,2024-11-05 11:00:00,2024-11-05 11:00:00,JYZ24.csv,540,JYZ24.csv,7.0,66.08,66.15,462.77,463.05000000000007,-0.2800000000000864
45601,11,20,66.17,-4,2024-11-05,2024-11-05 11:20:00,2024-11-05 11:20:00,JYZ24.csv,54,JYZ24.csv,-3.0,66.2,66.125,198.51,198.375,-0.1349999999999909
45601,13,0,66.27,-8,2024-11-05,2024-11-05 13:00:00,2024-11-05 13:00:00,JYZ24.csv,112,JYZ24.csv,-4.0,66.3,66.3,265.08,265.2,0.12000000000000455
45602,6,30,65.205,-10,2024-11-06,2024-11-06 06:30:00,2024-11-06 06:30:00,JYZ24.csv,112,JYZ24.csv,-2.0,65.23,65.23,130.41,130.46,0.05000000000001137
45602,9,0,65.135,-5,2024-11-06,2024-11-06 09:00:00,2024-11-06 09:00:00,JYZ24.csv,239,JYZ24.csv,5.0,65.105,65.145,325.675,325.72499999999997,-0.049999999999954525
45602,10,30,65.185,-3,2024-11-06,2024-11-06 10:30:00,2024-11-06 10:30:00,JYZ24.csv,462,JYZ24.csv,2.0,65.155,65.17,130.37,130.34,0.030000000000001137
45602,11,20,65.105,-1,2024-11-06,2024-11-06 11:20:00,2024-11-06 11:20:00,JYZ24.csv,106,JYZ24.csv,2.0,65.075,65.075,130.21,130.15,0.060000000000002274
45602,11,40,65.065,-3,2024-11-06,2024-11-06 11:40:00,2024-11-06 11:40:00,JYZ24.csv,157,JYZ24.csv,-2.0,65.09,65.0,130.13,130.0,-0.12999999999999545
45603,6,30,65.23,-2,2024-11-07,2024-11-07 06:30:00,2024-11-07 06:30:00,JYZ24.csv,23,JYZ24.csv,1.0,65.2,65.2,65.23,65.2,0.030000000000001137
45603,8,0,65.335,-4,2024-11-07,2024-11-07 08:00:00,2024-11-07 08:00:00,JYZ24.csv,217,JYZ24.csv,-2.0,65.365,65.365,130.67,130.73,0.060000000000002274
45603,9,0,65.45,0,2024-11-07,2024-11-07 09:00:00,2024-11-07 09:00:00,JYZ24.csv,584,JYZ24.csv,4.0,65.42,65.44,261.8,261.76,0.040000000000020464
45603,9,20,65.46,-4,2024-11-07,2024-11-07 09:20:00,2024-11-07 09:20:00,JYZ24.csv,403,JYZ24.csv,-4.0,65.49,65.455,261.84,261.82,-0.01999999999998181
45603,10,0,65.565,1,2024-11-07,2024-11-07 10:00:00,2024-11-07 10:00:00,JYZ24.csv,559,JYZ24.csv,5.0,65.535,65.535,327.825,327.67499999999995,0.1500000000000341
45603,10,20,65.57,-1,2024-11-07,2024-11-07 10:20:00,2024-11-07 10:20:00,JYZ24.csv,189,JYZ24.csv,-2.0,65.595,65.595,131.14,131.19,0.05000000000001137
45603,10,30,65.68,-2,2024-11-07,2024-11-07 10:30:00,2024-11-07 10:30:00,JYZ24.csv,693,JYZ24.csv,-1.0,65.71000000000001,65.71000000000001,65.68,65.71000000000001,0.030000000000001137
45603,10,40,65.67,-5,2024-11-07,2024-11-07 10:40:00,2024-11-07 10:40:00,JYZ24.csv,432,JYZ24.csv,-3.0,65.7,65.7,197.01,197.10000000000002,0.09000000000003183
45603,11,20,65.59,1,2024-11-07,2024-11-07 11:20:00,2024-11-07 11:20:00,JYZ24.csv,215,JYZ24.csv,6.0,65.55,65.595,393.54,393.57,-0.029999999999972715
45603,11,40,65.61,-5,2024-11-07,2024-11-07 11:40:00,2024-11-07 11:40:00,JYZ24.csv,35,JYZ24.csv,-6.0,65.64,65.58,393.65999999999997,393.48,-0.17999999999994998
45604,6,30,65.975,-2,2024-11-08,2024-11-08 06:30:00,2024-11-08 06:30:00,JYZ24.csv,52,JYZ24.csv,3.0,65.94,65.95,197.92499999999998,197.85000000000002,0.07499999999996021
45604,8,0,65.93,2,2024-11-08,2024-11-08 08:00:00,2024-11-08 08:00:00,JYZ24.csv,90,JYZ24.csv,4.0,65.9,65.9,263.72,263.6,0.12000000000000455
45604,9,0,65.77,0,2024-11-08,2024-11-08 09:00:00,2024-11-08 09:00:00,JYZ24.csv,141,JYZ24.csv,-2.0,65.8,65.74,131.54,131.48,-0.060000000000002274
45604,9,30,65.82,3,2024-11-08,2024-11-08 09:30:00,2024-11-08 09:30:00,JYZ24.csv,217,JYZ24.csv,3.0,65.78999999999999,65.83,197.45999999999998,197.49,-0.03000000000002956
45604,9,40,65.825,8,2024-11-08,2024-11-08 09:40:00,2024-11-08 09:40:00,JYZ24.csv,113,JYZ24.csv,5.0,65.795,65.795,329.125,328.975,0.14999999999997726
45604,9,50,65.79,2,2024-11-08,2024-11-08 09:50:00,2024-11-08 09:50:00,JYZ24.csv,264,JYZ24.csv,-6.0,65.82000000000001,65.75,394.74,394.5,-0.2400000000000091
45604,10,0,65.765,-3,2024-11-08,2024-11-08 10:00:00,2024-11-08 10:00:00,JYZ24.csv,640,JYZ24.csv,-5.0,65.795,65.795,328.825,328.975,0.1500000000000341
45604,10,10,65.86,0,2024-11-08,2024-11-08 10:10:00,2024-11-08 10:10:00,JYZ24.csv,260,JYZ24.csv,3.0,65.83,65.9,197.57999999999998,197.70000000000002,-0.12000000000003297
45604,10,30,65.885,-3,2024-11-08,2024-11-08 10:30:00,2024-11-08 10:30:00,JYZ24.csv,317,JYZ24.csv,-3.0,65.915,65.85,197.65500000000003,197.54999999999998,-0.10500000000004661
45604,11,10,65.85,1,2024-11-08,2024-11-08 11:10:00,2024-11-08 11:10:00,JYZ24.csv,35,JYZ24.csv,4.0,65.815,65.815,263.4,263.26,0.13999999999998636
45604,11,20,65.815,4,2024-11-08,2024-11-08 11:20:00,2024-11-08 11:20:00,JYZ24.csv,67,JYZ24.csv,3.0,65.78,65.815,197.445,197.445,0.0
45604,11,30,65.82,0,2024-11-08,2024-11-08 11:30:00,2024-11-08 11:30:00,JYZ24.csv,45,JYZ24.csv,-4.0,65.85,65.79,263.28,263.16,-0.1199999999999477
45604,11,40,65.785,-3,2024-11-08,2024-11-08 11:40:00,2024-11-08 11:40:00,JYZ24.csv,100,JYZ24.csv,-3.0,65.815,65.815,197.355,197.445,0.09000000000000341
45604,16,15,65.87,0,2024-11-08,2024-11-08 16:15:00,2024-11-08 16:15:00,JYZ24.csv,14,JYZ24.csv,3.0,65.84,65.89,197.61,197.67000000000002,-0.060000000000002274
45607,6,30,65.34,-6,2024-11-11,2024-11-11 06:30:00,2024-11-11 06:30:00,JYZ24.csv,28,JYZ24.csv,-6.0,65.37,65.34,392.04,392.04,-0.0
45607,8,0,65.31,-7,2024-11-11,2024-11-11 08:00:00,2024-11-11 08:00:00,JYZ24.csv,51,JYZ24.csv,-1.0,65.34,65.34,65.31,65.34,0.030000000000001137
45607,9,0,65.325,-6,2024-11-11,2024-11-11 09:00:00,2024-11-11 09:00:00,JYZ24.csv,450,JYZ24.csv,1.0,65.295,65.34,65.325,65.34,-0.015000000000000568
45607,9,50,65.28,-7,2024-11-11,2024-11-11 09:50:00,2024-11-11 09:50:00,JYZ24.csv,229,JYZ24.csv,-1.0,65.305,65.285,65.28,65.285,0.0049999999999954525
45607,10,10,65.285,-6,2024-11-11,2024-11-11 10:10:00,2024-11-11 10:10:00,JYZ24.csv,47,JYZ24.csv,1.0,65.255,65.255,65.285,65.255,0.030000000000001137
45607,10,30,65.29,0,2024-11-11,2024-11-11 10:30:00,2024-11-11 10:30:00,JYZ24.csv,194,JYZ24.csv,6.0,65.26,65.27,391.74,391.62,0.12000000000000455
45608,8,0,65.18,-10,2024-11-12,2024-11-12 08:00:00,2024-11-12 08:00:00,JYZ24.csv,161,JYZ24.csv,-10.0,65.20500000000001,65.14,651.8000000000001,651.4,-0.40000000000009095
45608,9,0,65.05,-6,2024-11-12,2024-11-12 09:00:00,2024-11-12 09:00:00,JYZ24.csv,341,JYZ24.csv,4.0,65.015,65.015,260.2,260.06,0.13999999999998636
45608,9,50,65.045,-7,2024-11-12,2024-11-12 09:50:00,2024-11-12 09:50:00,JYZ24.csv,250,JYZ24.csv,-1.0,65.07000000000001,65.045,65.045,65.045,-0.0
45608,10,10,65.01,-6,2024-11-12,2024-11-12 10:10:00,2024-11-12 10:10:00,JYZ24.csv,53,JYZ24.csv,1.0,64.97500000000001,65.045,65.01,65.045,-0.03499999999999659
45609,8,0,64.815,-9,2024-11-13,2024-11-13 08:00:00,2024-11-13 08:00:00,JYZ24.csv,299,JYZ24.csv,-3.0,64.845,64.8,194.445,194.39999999999998,-0.045000000000015916
45609,9,0,64.995,-7,2024-11-13,2024-11-13 09:00:00,2024-11-13 09:00:00,JYZ24.csv,876,JYZ24.csv,2.0,64.965,65.02,129.99,130.04,-0.04999999999998295
45609,9,20,64.99,-2,2024-11-13,2024-11-13 09:20:00,2024-11-13 09:20:00,JYZ24.csv,328,JYZ24.csv,5.0,64.955,64.98,324.95,324.90000000000003,0.049999999999954525
45609,9,40,64.89,-1,2024-11-13,2024-11-13 09:40:00,2024-11-13 09:40:00,JYZ24.csv,240,JYZ24.csv,1.0,64.855,64.895,64.89,64.895,-0.0049999999999954525
45609,10,0,64.855,-7,2024-11-13,2024-11-13 10:00:00,2024-11-13 10:00:00,JYZ24.csv,156,JYZ24.csv,-6.0,64.88000000000001,64.785,389.13,388.71,-0.4200000000000159
45609,10,30,64.74,-2,2024-11-13,2024-11-13 10:30:00,2024-11-13 10:30:00,JYZ24.csv,343,JYZ24.csv,5.0,64.705,64.745,323.7,323.725,-0.025000000000034106
45609,10,50,64.755,-7,2024-11-13,2024-11-13 10:50:00,2024-11-13 10:50:00,JYZ24.csv,253,JYZ24.csv,-5.0,64.78,64.78,323.775,323.9,0.125
45610,8,0,64.345,-6,2024-11-14,2024-11-14 08:00:00,2024-11-14 08:00:00,JYZ24.csv,46,JYZ24.csv,1.0,64.31,64.365,64.345,64.365,-0.01999999999999602
45610,8,40,64.305,-7,2024-11-14,2024-11-14 08:40:00,2024-11-14 08:40:00,JYZ24.csv,194,JYZ24.csv,-1.0,64.33000000000001,64.33000000000001,64.305,64.33000000000001,0.025000000000005684
45610,9,0,64.335,-6,2024-11-14,2024-11-14 09:00:00,2024-11-14 09:00:00,JYZ24.csv,245,JYZ24.csv,1.0,64.30499999999999,64.37,64.335,64.37,-0.0350000000000108
45610,9,20,64.44,-8,2024-11-14,2024-11-14 09:20:00,2024-11-14 09:20:00,JYZ24.csv,149,JYZ24.csv,-2.0,64.47,64.47,128.88,128.94,0.060000000000002274
45610,9,50,64.44,-10,2024-11-14,2024-11-14 09:50:00,2024-11-14 09:50:00,JYZ24.csv,101,JYZ24.csv,-2.0,64.465,64.435,128.88,128.87,-0.009999999999990905
45610,10,0,64.435,-2,2024-11-14,2024-11-14 10:00:00,2024-11-14 10:00:00,JYZ24.csv,150,JYZ24.csv,8.0,64.4,64.4,515.48,515.2,0.2799999999999727
45610,10,10,64.44,0,2024-11-14,2024-11-14 10:10:00,2024-11-14 10:10:00,JYZ24.csv,124,JYZ24.csv,2.0,64.41,64.46,128.88,128.92,-0.03999999999999204
45610,10,20,64.46,-6,2024-11-14,2024-11-14 10:20:00,2024-11-14 10:20:00,JYZ24.csv,96,JYZ24.csv,-6.0,64.49,64.38,386.76,386.28,-0.4800000000000182
45610,10,30,64.395,-1,2024-11-14,2024-11-14 10:30:00,2024-11-14 10:30:00,JYZ24.csv,372,JYZ24.csv,5.0,64.36,64.36,321.97499999999997,321.8,0.17499999999995453
45610,10,40,64.33,3,2024-11-14,2024-11-14 10:40:00,2024-11-14 10:40:00,JYZ24.csv,142,JYZ24.csv,4.0,64.295,64.365,257.32,257.46,-0.13999999999998636
45610,10,50,64.355,-2,2024-11-14,2024-11-14 10:50:00,2024-11-14 10:50:00,JYZ24.csv,141,JYZ24.csv,-5.0,64.385,64.385,321.77500000000003,321.925,0.14999999999997726
45610,11,0,64.365,-6,2024-11-14,2024-11-14 11:00:00,2024-11-14 11:00:00,JYZ24.csv,588,JYZ24.csv,-4.0,64.395,64.345,257.46,257.38,-0.07999999999998408
45610,11,20,64.435,-7,2024-11-14,2024-11-14 11:20:00,2024-11-14 11:20:00,JYZ24.csv,56,JYZ24.csv,-1.0,64.465,64.42,64.435,64.42,-0.015000000000000568
45610,11,40,64.42,-6,2024-11-14,2024-11-14 11:40:00,2024-11-14 11:40:00,JYZ24.csv,79,JYZ24.csv,1.0,64.39,64.39,64.42,64.39,0.030000000000001137
45611,6,30,64.62,-7,2024-11-15,2024-11-15 06:30:00,2024-11-15 06:30:00,JYZ24.csv,185,JYZ24.csv,-1.0,64.65,64.595,64.62,64.595,-0.025000000000005684
45611,8,0,64.6,-3,2024-11-15,2024-11-15 08:00:00,2024-11-15 08:00:00,JYZ24.csv,76,JYZ24.csv,4.0,64.57,64.65,258.4,258.6,-0.20000000000004547
45611,9,30,64.635,0,2024-11-15,2024-11-15 09:30:00,2024-11-15 09:30:00,JYZ24.csv,277,JYZ24.csv,3.0,64.605,64.605,193.90500000000003,193.815,0.09000000000003183
45611,9,40,64.48,5,2024-11-15,2024-11-15 09:40:00,2024-11-15 09:40:00,JYZ24.csv,232,JYZ24.csv,5.0,64.44500000000001,64.44500000000001,322.40000000000003,322.225,0.17500000000001137
45611,9,50,64.44,-2,2024-11-15,2024-11-15 09:50:00,2024-11-15 09:50:00,JYZ24.csv,382,JYZ24.csv,-7.0,64.465,64.465,451.08,451.255,0.17500000000001137
45611,10,0,64.52,-7,2024-11-15,2024-11-15 10:00:00,2024-11-15 10:00:00,JYZ24.csv,239,JYZ24.csv,-5.0,64.55,64.55,322.59999999999997,322.75,0.1500000000000341
45611,10,10,64.625,-3,2024-11-15,2024-11-15 10:10:00,2024-11-15 10:10:00,JYZ24.csv,178,JYZ24.csv,4.0,64.595,64.595,258.5,258.38,0.12000000000000455
45611,10,20,64.65,-4,2024-11-15,2024-11-15 10:20:00,2024-11-15 10:20:00,JYZ24.csv,187,JYZ24.csv,-1.0,64.68,64.675,64.65,64.675,0.024999999999991473
45611,10,30,64.66,-3,2024-11-15,2024-11-15 10:30:00,2024-11-15 10:30:00,JYZ24.csv,174,JYZ24.csv,1.0,64.63,64.75,64.66,64.75,-0.09000000000000341
45611,10,40,64.76,-2,2024-11-15,2024-11-15 10:40:00,2024-11-15 10:40:00,JYZ24.csv,636,JYZ24.csv,1.0,64.73,64.73,64.76,64.73,0.030000000000001137
45611,11,0,64.77,-3,2024-11-15,2024-11-15 11:00:00,2024-11-15 11:00:00,JYZ24.csv,928,JYZ24.csv,-1.0,64.8,64.8,64.77,64.8,0.030000000000001137
45611,11,10,64.87,-5,2024-11-15,2024-11-15 11:10:00,2024-11-15 11:10:00,JYZ24.csv,389,JYZ24.csv,-2.0,64.9,64.9,129.74,129.8,0.060000000000002274
45611,11,30,64.835,-3,2024-11-15,2024-11-15 11:30:00,2024-11-15 11:30:00,JYZ24.csv,340,JYZ24.csv,2.0,64.8,64.8,129.67,129.6,0.06999999999999318
45611,11,50,64.925,-5,2024-11-15,2024-11-15 11:50:00,2024-11-15 11:50:00,JYZ24.csv,134,JYZ24.csv,-2.0,64.955,64.945,129.85,129.89,0.03999999999999204
45611,12,10,64.95,-3,2024-11-15,2024-11-15 12:10:00,2024-11-15 12:10:00,JYZ24.csv,148,JYZ24.csv,2.0,64.92,64.92,129.9,129.84,0.060000000000002274
45611,13,0,65.055,-2,2024-11-15,2024-11-15 13:00:00,2024-11-15 13:00:00,JYZ24.csv,81,JYZ24.csv,1.0,65.025,65.12,65.055,65.12,-0.06499999999999773
45611,16,15,65.035,0,2024-11-15,2024-11-15 16:15:00,2024-11-15 16:15:00,JYZ24.csv,3,JYZ24.csv,2.0,65.005,65.005,130.07,130.01,0.060000000000002274
45614,6,30,64.71,-4,2024-11-18,2024-11-18 06:30:00,2024-11-18 06:30:00,JYZ24.csv,32,JYZ24.csv,-4.0,64.735,64.735,258.84,258.94,0.10000000000002274
45614,8,0,64.625,-10,2024-11-18,2024-11-18 08:00:00,2024-11-18 08:00:00,JYZ24.csv,390,JYZ24.csv,-6.0,64.65,64.65,387.75,387.90000000000003,0.1500000000000341
45614,9,0,64.79,-4,2024-11-18,2024-11-18 09:00:00,2024-11-18 09:00:00,JYZ24.csv,136,JYZ24.csv,6.0,64.76,64.785,388.74,388.71,0.03000000000002956
45614,9,20,64.79,-10,2024-11-18,2024-11-18 09:20:00,2024-11-18 09:20:00,JYZ24.csv,129,JYZ24.csv,-6.0,64.82000000000001,64.785,388.74,388.71,-0.03000000000002956
45614,9,40,64.83,-4,2024-11-18,2024-11-18 09:40:00,2024-11-18 09:40:00,JYZ24.csv,547,JYZ24.csv,6.0,64.8,64.86,388.98,389.15999999999997,-0.17999999999994998
45614,10,0,64.825,-10,2024-11-18,2024-11-18 10:00:00,2024-11-18 10:00:00,JYZ24.csv,261,JYZ24.csv,-6.0,64.85000000000001,64.785,388.95000000000005,388.71,-0.24000000000006594
45614,10,10,64.8,-7,2024-11-18,2024-11-18 10:10:00,2024-11-18 10:10:00,JYZ24.csv,229,JYZ24.csv,3.0,64.765,64.765,194.39999999999998,194.29500000000002,0.10499999999996135
45614,10,30,64.75,-3,2024-11-18,2024-11-18 10:30:00,2024-11-18 10:30:00,JYZ24.csv,122,JYZ24.csv,4.0,64.715,64.795,259.0,259.18,-0.18000000000000682
45614,10,50,64.735,0,2024-11-18,2024-11-18 10:50:00,2024-11-18 10:50:00,JYZ24.csv,218,JYZ24.csv,3.0,64.7,64.76,194.20499999999998,194.28000000000003,-0.07500000000004547
45614,11,10,64.765,-6,2024-11-18,2024-11-18 11:10:00,2024-11-18 11:10:00,JYZ24.csv,82,JYZ24.csv,-6.0,64.795,64.795,388.59000000000003,388.77,0.17999999999994998
45615,6,30,65.255,-3,2024-11-19,2024-11-19 06:30:00,2024-11-19 06:30:00,JYZ24.csv,67,JYZ24.csv,3.0,65.225,65.225,195.765,195.67499999999998,0.09000000000000341
45615,9,0,65.385,2,2024-11-19,2024-11-19 09:00:00,2024-11-19 09:00:00,JYZ24.csv,185,JYZ24.csv,5.0,65.355,65.355,326.925,326.77500000000003,0.14999999999997726
45615,9,10,65.18,-2,2024-11-19,2024-11-19 09:10:00,2024-11-19 09:10:00,JYZ24.csv,638,JYZ24.csv,-4.0,65.20500000000001,65.20500000000001,260.72,260.82000000000005,0.10000000000002274
45615,9,20,65.2,-8,2024-11-19,2024-11-19 09:20:00,2024-11-19 09:20:00,JYZ24.csv,220,JYZ24.csv,-6.0,65.22500000000001,65.16,391.20000000000005,390.96,-0.24000000000006594
45615,9,30,65.165,-4,2024-11-19,2024-11-19 09:30:00,2024-11-19 09:30:00,JYZ24.csv,615,JYZ24.csv,4.0,65.13000000000001,65.13000000000001,260.66,260.52000000000004,0.13999999999998636
45615,9,40,65.14,-3,2024-11-19,2024-11-19 09:40:00,2024-11-19 09:40:00,JYZ24.csv,151,JYZ24.csv,1.0,65.105,65.105,65.14,65.105,0.03499999999999659
45615,10,30,65.185,-6,2024-11-19,2024-11-19 10:30:00,2024-11-19 10:30:00,JYZ24.csv,108,JYZ24.csv,-3.0,65.215,65.12,195.555,195.36,-0.19499999999999318
45615,10,40,65.115,-3,2024-11-19,2024-11-19 10:40:00,2024-11-19 10:40:00,JYZ24.csv,188,JYZ24.csv,3.0,65.08,65.135,195.34499999999997,195.40500000000003,-0.06000000000005912
45615,10,50,65.145,1,2024-11-19,2024-11-19 10:50:00,2024-11-19 10:50:00,JYZ24.csv,411,JYZ24.csv,4.0,65.11,65.18,260.58,260.72,-0.1400000000000432
45615,11,0,65.175,-2,2024-11-19,2024-11-19 11:00:00,2024-11-19 11:00:00,JYZ24.csv,600,JYZ24.csv,-3.0,65.205,65.11,195.52499999999998,195.32999999999998,-0.19499999999999318
45615,11,10,65.135,-6,2024-11-19,2024-11-19 11:10:00,2024-11-19 11:10:00,JYZ24.csv,172,JYZ24.csv,-4.0,65.16000000000001,65.07,260.54,260.28,-0.26000000000004775
45615,11,20,65.08,-2,2024-11-19,2024-11-19 11:20:00,2024-11-19 11:20:00,JYZ24.csv,74,JYZ24.csv,4.0,65.045,65.045,260.32,260.18,0.13999999999998636
45615,11,30,65.0,3,2024-11-19,2024-11-19 11:30:00,2024-11-19 11:30:00,JYZ24.csv,195,JYZ24.csv,5.0,64.965,64.965,325.0,324.82500000000005,0.17499999999995453
45615,11,40,64.98,2,2024-11-19,2024-11-19 11:40:00,2024-11-19 11:40:00,JYZ24.csv,265,JYZ24.csv,-1.0,65.00500000000001,65.00500000000001,64.98,65.00500000000001,0.025000000000005684
45615,11,50,64.995,-3,2024-11-19,2024-11-19 11:50:00,2024-11-19 11:50:00,JYZ24.csv,174,JYZ24.csv,-5.0,65.025,64.995,324.975,324.975,-0.0
45615,12,0,64.995,-6,2024-11-19,2024-11-19 12:00:00,2024-11-19 12:00:00,JYZ24.csv,157,JYZ24.csv,-3.0,65.025,65.025,194.985,195.07500000000002,0.09000000000000341
45616,6,30,64.4,-10,2024-11-20,2024-11-20 06:30:00,2024-11-20 06:30:00,JYZ24.csv,55,JYZ24.csv,-4.0,64.43,64.43,257.6,257.72,0.12000000000000455
45616,9,0,64.42,-7,2024-11-20,2024-11-20 09:00:00,2024-11-20 09:00:00,JYZ24.csv,134,JYZ24.csv,3.0,64.385,64.41,193.26,193.23,0.030000000000001137
45616,9,30,64.43,-10,2024-11-20,2024-11-20 09:30:00,2024-11-20 09:30:00,JYZ24.csv,176,JYZ24.csv,-3.0,64.46000000000001,64.46000000000001,193.29000000000002,193.38000000000002,0.09000000000000341
45616,9,50,64.43,-7,2024-11-20,2024-11-20 09:50:00,2024-11-20 09:50:00,JYZ24.csv,80,JYZ24.csv,3.0,64.39500000000001,64.49,193.29000000000002,193.46999999999997,-0.17999999999994998
45616,10,20,64.63,-9,2024-11-20,2024-11-20 10:20:00,2024-11-20 10:20:00,JYZ24.csv,487,JYZ24.csv,-2.0,64.66,64.66,129.26,129.32,0.060000000000002274
45616,10,30,64.65,-5,2024-11-20,2024-11-20 10:30:00,2024-11-20 10:30:00,JYZ24.csv,204,JYZ24.csv,4.0,64.62,64.62,258.6,258.48,0.12000000000000455
45616,10,40,64.615,-3,2024-11-20,2024-11-20 10:40:00,2024-11-20 10:40:00,JYZ24.csv,216,JYZ24.csv,2.0,64.58,64.58,129.23,129.16,0.06999999999999318
45616,10,50,64.555,1,2024-11-20,2024-11-20 10:50:00,2024-11-20 10:50:00,JYZ24.csv,301,JYZ24.csv,4.0,64.52000000000001,64.52000000000001,258.22,258.08000000000004,0.13999999999998636
45616,11,0,64.505,4,2024-11-20,2024-11-20 11:00:00,2024-11-20 11:00:00,JYZ24.csv,458,JYZ24.csv,3.0,64.47,64.47,193.515,193.41,0.10499999999998977
45616,11,10,64.51,0,2024-11-20,2024-11-20 11:10:00,2024-11-20 11:10:00,JYZ24.csv,189,JYZ24.csv,-4.0,64.54,64.54,258.04,258.16,0.12000000000000455
45616,11,20,64.52,-3,2024-11-20,2024-11-20 11:20:00,2024-11-20 11:20:00,JYZ24.csv,70,JYZ24.csv,-3.0,64.55,64.55,193.56,193.64999999999998,0.08999999999997499
45616,11,30,64.59,-2,2024-11-20,2024-11-20 11:30:00,2024-11-20 11:30:00,JYZ24.csv,183,JYZ24.csv,1.0,64.56,64.58,64.59,64.58,0.010000000000005116
45616,11,50,64.58,-3,2024-11-20,2024-11-20 11:50:00,2024-11-20 11:50:00,JYZ24.csv,122,JYZ24.csv,-1.0,64.61,64.56,64.58,64.56,-0.01999999999999602
45617,8,0,64.94,0,2024-11-21,2024-11-21 08:00:00,2024-11-21 08:00:00,JYZ24.csv,172,JYZ24.csv,3.0,64.905,64.905,194.82,194.715,0.10499999999998977
45617,9,10,64.94,-2,2024-11-21,2024-11-21 09:10:00,2024-11-21 09:10:00,JYZ24.csv,187,JYZ24.csv,-2.0,64.965,64.92,129.88,129.84,-0.03999999999999204
45617,9,30,64.94,0,2024-11-21,2024-11-21 09:30:00,2024-11-21 09:30:00,JYZ24.csv,247,JYZ24.csv,2.0,64.91,65.085,129.88,130.17,-0.28999999999999204
45617,9,50,65.04,-2,2024-11-21,2024-11-21 09:50:00,2024-11-21 09:50:00,JYZ24.csv,254,JYZ24.csv,-2.0,65.06500000000001,65.06500000000001,130.08,130.13000000000002,0.05000000000001137
45617,10,10,65.145,0,2024-11-21,2024-11-21 10:10:00,2024-11-21 10:10:00,JYZ24.csv,219,JYZ24.csv,2.0,65.115,65.115,130.29,130.23,0.060000000000002274
45617,10,20,65.075,4,2024-11-21,2024-11-21 10:20:00,2024-11-21 10:20:00,JYZ24.csv,85,JYZ24.csv,4.0,65.04,65.12,260.3,260.48,-0.18000000000000682
45617,10,40,65.085,0,2024-11-21,2024-11-21 10:40:00,2024-11-21 10:40:00,JYZ24.csv,92,JYZ24.csv,-4.0,65.11,65.045,260.34,260.18,-0.15999999999996817
45617,10,50,65.01,4,2024-11-21,2024-11-21 10:50:00,2024-11-21 10:50:00,JYZ24.csv,451,JYZ24.csv,4.0,64.97500000000001,64.97500000000001,260.04,259.90000000000003,0.13999999999998636
45617,11,0,64.985,5,2024-11-21,2024-11-21 11:00:00,2024-11-21 11:00:00,JYZ24.csv,426,JYZ24.csv,1.0,64.95,64.95,64.985,64.95,0.03499999999999659
45617,11,10,64.97,1,2024-11-21,2024-11-21 11:10:00,2024-11-21 11:10:00,JYZ24.csv,247,JYZ24.csv,-4.0,64.995,64.995,259.88,259.98,0.10000000000002274
45617,11,40,64.9,-2,2024-11-21,2024-11-21 11:40:00,2024-11-21 11:40:00,JYZ24.csv,167,JYZ24.csv,-3.0,64.93,64.86,194.70000000000002,194.57999999999998,-0.12000000000003297
45617,13,0,64.935,0,2024-11-21,2024-11-21 13:00:00,2024-11-21 13:00:00,JYZ24.csv,61,JYZ24.csv,2.0,64.905,64.905,129.87,129.81,0.060000000000002274
45618,8,0,64.905,-2,2024-11-22,2024-11-22 08:00:00,2024-11-22 08:00:00,JYZ24.csv,59,JYZ24.csv,-2.0,64.935,64.89,129.81,129.78,-0.030000000000001137
45618,9,0,65.0,-5,2024-11-22,2024-11-22 09:00:00,2024-11-22 09:00:00,JYZ24.csv,218,JYZ24.csv,-3.0,65.03,64.905,195.0,194.715,-0.2849999999999966
45618,9,10,64.92,-8,2024-11-22,2024-11-22 09:10:00,2024-11-22 09:10:00,JYZ24.csv,132,JYZ24.csv,-3.0,64.94500000000001,64.87,194.76,194.61,-0.14999999999997726
45618,9,20,64.865,-5,2024-11-22,2024-11-22 09:20:00,2024-11-22 09:20:00,JYZ24.csv,47,JYZ24.csv,3.0,64.83,64.83,194.59499999999997,194.49,0.10499999999996135
45618,9,30,64.835,-2,2024-11-22,2024-11-22 09:30:00,2024-11-22 09:30:00,JYZ24.csv,276,JYZ24.csv,3.0,64.8,64.8,194.505,194.39999999999998,0.10500000000001819
45618,9,40,64.84,-5,2024-11-22,2024-11-22 09:40:00,2024-11-22 09:40:00,JYZ24.csv,295,JYZ24.csv,-3.0,64.87,64.78,194.52,194.34,-0.18000000000000682
45618,10,0,64.75,-1,2024-11-22,2024-11-22 10:00:00,2024-11-22 10:00:00,JYZ24.csv,1029,JYZ24.csv,4.0,64.715,64.825,259.0,259.3,-0.30000000000001137
45618,10,20,64.755,-5,2024-11-22,2024-11-22 10:20:00,2024-11-22 10:20:00,JYZ24.csv,65,JYZ24.csv,-4.0,64.78,64.78,259.02,259.12,0.10000000000002274
45618,10,40,64.765,-2,2024-11-22,2024-11-22 10:40:00,2024-11-22 10:40:00,JYZ24.csv,54,JYZ24.csv,3.0,64.73,64.835,194.29500000000002,194.505,-0.20999999999997954
45618,11,20,64.76,-5,2024-11-22,2024-11-22 11:20:00,2024-11-22 11:20:00,JYZ24.csv,105,JYZ24.csv,-3.0,64.79,64.755,194.28000000000003,194.265,-0.015000000000043201
45618,16,15,64.775,0,2024-11-22,2024-11-22 16:15:00,2024-11-22 16:15:00,JYZ24.csv,171,JYZ24.csv,5.0,64.745,64.77,323.875,323.84999999999997,0.025000000000034106
45621,6,30,64.935,2,2024-11-25,2024-11-25 06:30:00,2024-11-25 06:30:00,JYZ24.csv,38,JYZ24.csv,2.0,64.9,64.92,129.87,129.84,0.030000000000001137
45621,9,20,65.2,7,2024-11-25,2024-11-25 09:20:00,2024-11-25 09:20:00,JYZ24.csv,262,JYZ24.csv,5.0,65.17,65.17,326.0,325.85,0.14999999999997726
45621,9,40,65.175,4,2024-11-25,2024-11-25 09:40:00,2024-11-25 09:40:00,JYZ24.csv,362,JYZ24.csv,-3.0,65.2,65.175,195.52499999999998,195.52499999999998,-0.0
45621,10,0,65.22,2,2024-11-25,2024-11-25 10:00:00,2024-11-25 10:00:00,JYZ24.csv,191,JYZ24.csv,-2.0,65.25,65.25,130.44,130.5,0.060000000000002274
45621,10,30,65.165,0,2024-11-25,2024-11-25 10:30:00,2024-11-25 10:30:00,JYZ24.csv,221,JYZ24.csv,-2.0,65.19500000000001,65.19500000000001,130.33,130.39000000000001,0.060000000000002274
45621,10,50,65.08,5,2024-11-25,2024-11-25 10:50:00,2024-11-25 10:50:00,JYZ24.csv,733,JYZ24.csv,5.0,65.045,65.045,325.4,325.225,0.17499999999995453
45621,11,10,64.96,0,2024-11-25,2024-11-25 11:10:00,2024-11-25 11:10:00,JYZ24.csv,224,JYZ24.csv,-5.0,64.99,64.925,324.79999999999995,324.625,-0.17499999999995453
45622,6,30,65.16,3,2024-11-26,2024-11-26 06:30:00,2024-11-26 06:30:00,JYZ24.csv,18,JYZ24.csv,3.0,65.125,65.19,195.48,195.57,-0.09000000000000341
45622,8,0,65.415,-2,2024-11-26,2024-11-26 08:00:00,2024-11-26 08:00:00,JYZ24.csv,342,JYZ24.csv,-5.0,65.44500000000001,65.44500000000001,327.07500000000005,327.225,0.14999999999997726
45622,10,30,65.22,-5,2024-11-26,2024-11-26 10:30:00,2024-11-26 10:30:00,JYZ24.csv,189,JYZ24.csv,-3.0,65.245,65.245,195.66,195.735,0.07500000000001705
45622,11,10,65.26,-2,2024-11-26,2024-11-26 11:10:00,2024-11-26 11:10:00,JYZ24.csv,152,JYZ24.csv,3.0,65.22500000000001,65.22500000000001,195.78000000000003,195.675,0.10500000000001819
45622,11,20,65.23,1,2024-11-26,2024-11-26 11:20:00,2024-11-26 11:20:00,JYZ24.csv,85,JYZ24.csv,3.0,65.19500000000001,65.255,195.69,195.765,-0.07499999999998863
45622,11,30,65.25,-2,2024-11-26,2024-11-26 11:30:00,2024-11-26 11:30:00,JYZ24.csv,65,JYZ24.csv,-3.0,65.28,65.28,195.75,195.84,0.09000000000000341
45622,11,40,65.3,-5,2024-11-26,2024-11-26 11:40:00,2024-11-26 11:40:00,JYZ24.csv,57,JYZ24.csv,-3.0,65.33,65.29,195.89999999999998,195.87,-0.029999999999972715
45623,6,30,66.12,-6,2024-11-27,2024-11-27 06:30:00,2024-11-27 06:30:00,JYZ24.csv,100,JYZ24.csv,-1.0,66.14500000000001,66.14500000000001,66.12,66.14500000000001,0.025000000000005684
45623,9,10,66.245,-2,2024-11-27,2024-11-27 09:10:00,2024-11-27 09:10:00,JYZ24.csv,377,JYZ24.csv,4.0,66.215,66.25,264.98,265.0,-0.01999999999998181
45623,9,40,66.215,2,2024-11-27,2024-11-27 09:40:00,2024-11-27 09:40:00,JYZ24.csv,164,JYZ24.csv,4.0,66.18,66.18,264.86,264.72,0.13999999999998636
45623,9,50,66.2,-2,2024-11-27,2024-11-27 09:50:00,2024-11-27 09:50:00,JYZ24.csv,767,JYZ24.csv,-4.0,66.22500000000001,66.22500000000001,264.8,264.90000000000003,0.10000000000002274
45623,10,0,66.235,-6,2024-11-27,2024-11-27 10:00:00,2024-11-27 10:00:00,JYZ24.csv,849,JYZ24.csv,-4.0,66.265,66.13,264.94,264.52,-0.4200000000000159
45623,10,10,66.145,-1,2024-11-27,2024-11-27 10:10:00,2024-11-27 10:10:00,JYZ24.csv,223,JYZ24.csv,5.0,66.11,66.11,330.72499999999997,330.55,0.17499999999995453
45623,10,20,66.07,1,2024-11-27,2024-11-27 10:20:00,2024-11-27 10:20:00,JYZ24.csv,342,JYZ24.csv,2.0,66.035,66.09,132.14,132.18,-0.040000000000020464
45623,10,30,66.115,-3,2024-11-27,2024-11-27 10:30:00,2024-11-27 10:30:00,JYZ24.csv,369,JYZ24.csv,-4.0,66.145,66.145,264.46,264.58,0.12000000000000455
45623,10,40,66.185,-6,2024-11-27,2024-11-27 10:40:00,2024-11-27 10:40:00,JYZ24.csv,401,JYZ24.csv,-3.0,66.215,66.215,198.555,198.645,0.09000000000000341
45623,10,50,66.285,-8,2024-11-27,2024-11-27 10:50:00,2024-11-27 10:50:00,JYZ24.csv,656,JYZ24.csv,-2.0,66.315,66.315,132.57,132.63,0.060000000000002274
45623,11,0,66.335,-7,2024-11-27,2024-11-27 11:00:00,2024-11-27 11:00:00,JYZ24.csv,1836,JYZ24.csv,1.0,66.30499999999999,66.30499999999999,66.335,66.30499999999999,0.030000000000001137
45623,11,10,66.26,0,2024-11-27,2024-11-27 11:10:00,2024-11-27 11:10:00,JYZ24.csv,182,JYZ24.csv,7.0,66.23,66.23,463.82000000000005,463.61,0.21000000000003638
45623,11,30,66.265,-5,2024-11-27,2024-11-27 11:30:00,2024-11-27 11:30:00,JYZ24.csv,407,JYZ24.csv,-5.0,66.295,66.295,331.325,331.475,0.1500000000000341
45623,12,0,66.515,-7,2024-11-27,2024-11-27 12:00:00,2024-11-27 12:00:00,JYZ24.csv,223,JYZ24.csv,-2.0,66.545,66.545,133.03,133.09,0.060000000000002274
45623,12,20,66.57,-5,2024-11-27,2024-11-27 12:20:00,2024-11-27 12:20:00,JYZ24.csv,274,JYZ24.csv,2.0,66.53999999999999,66.53999999999999,133.14,133.07999999999998,0.060000000000002274
45624,6,30,65.985,-10,2024-11-28,2024-11-28 06:30:00,2024-11-28 06:30:00,JYZ24.csv,12,JYZ24.csv,-5.0,66.015,65.975,329.925,329.875,-0.05000000000001137
45624,9,0,66.105,-6,2024-11-28,2024-11-28 09:00:00,2024-11-28 09:00:00,JYZ24.csv,39,JYZ24.csv,4.0,66.075,66.115,264.42,264.46,-0.03999999999996362
45624,9,20,66.12,-10,2024-11-28,2024-11-28 09:20:00,2024-11-28 09:20:00,JYZ24.csv,67,JYZ24.csv,-4.0,66.15,66.13,264.48,264.52,0.03999999999996362
45624,10,30,66.165,-5,2024-11-28,2024-11-28 10:30:00,2024-11-28 10:30:00,JYZ24.csv,68,JYZ24.csv,5.0,66.135,66.135,330.82500000000005,330.675,0.1500000000000341
45624,10,50,66.115,-2,2024-11-28,2024-11-28 10:50:00,2024-11-28 10:50:00,JYZ24.csv,49,JYZ24.csv,3.0,66.08,66.125,198.34499999999997,198.375,-0.03000000000002956
45624,11,10,66.13,-5,2024-11-28,2024-11-28 11:10:00,2024-11-28 11:10:00,JYZ24.csv,39,JYZ24.csv,-3.0,66.16,66.105,198.39,198.315,-0.07499999999998863
45625,6,30,66.78,-6,2024-11-29,2024-11-29 06:30:00,2024-11-29 06:30:00,JYZ24.csv,81,JYZ24.csv,-1.0,66.805,66.77,66.78,66.77,-0.010000000000005116
45625,8,0,66.72,-1,2024-11-29,2024-11-29 08:00:00,2024-11-29 08:00:00,JYZ24.csv,100,JYZ24.csv,5.0,66.69,66.69,333.6,333.45,0.1500000000000341
45625,10,20,66.74,4,2024-11-29,2024-11-29 10:20:00,2024-11-29 10:20:00,JYZ24.csv,122,JYZ24.csv,5.0,66.705,66.705,333.7,333.525,0.17500000000001137
45625,10,30,66.705,5,2024-11-29,2024-11-29 10:30:00,2024-11-29 10:30:00,JYZ24.csv,231,JYZ24.csv,1.0,66.67,66.715,66.705,66.715,-0.010000000000005116
45625,10,40,66.73,0,2024-11-29,2024-11-29 10:40:00,2024-11-29 10:40:00,JYZ24.csv,250,JYZ24.csv,-5.0,66.76,66.65,333.65000000000003,333.25,-0.4000000000000341
45625,10,50,66.675,4,2024-11-29,2024-11-29 10:50:00,2024-11-29 10:50:00,JYZ24.csv,397,JYZ24.csv,4.0,66.64,66.64,266.7,266.56,0.13999999999998636
45625,11,30,66.565,5,2024-11-29,2024-11-29 11:30:00,2024-11-29 11:30:00,JYZ24.csv,371,JYZ24.csv,1.0,66.53,66.595,66.565,66.595,-0.030000000000001137
45625,11,50,66.62,0,2024-11-29,2024-11-29 11:50:00,2024-11-29 11:50:00,JYZ24.csv,114,JYZ24.csv,-5.0,66.65,66.595,333.1,332.975,-0.125
45628,9,10,66.77,3,2024-12-02,2024-12-02 09:10:00,2024-12-02 09:10:00,JYZ24.csv,181,JYZ24.csv,3.0,66.74,66.8,200.31,200.39999999999998,-0.08999999999997499
45628,9,20,66.805,6,2024-12-02,2024-12-02 09:20:00,2024-12-02 09:20:00,JYZ24.csv,38,JYZ24.csv,3.0,66.775,66.775,200.41500000000002,200.32500000000002,0.09000000000000341
45628,9,30,66.79,3,2024-12-02,2024-12-02 09:30:00,2024-12-02 09:30:00,JYZ24.csv,300,JYZ24.csv,-3.0,66.82000000000001,66.82000000000001,200.37,200.46000000000004,0.09000000000003183
45628,9,40,66.785,0,2024-12-02,2024-12-02 09:40:00,2024-12-02 09:40:00,JYZ24.csv,203,JYZ24.csv,-3.0,66.81,66.81,200.355,200.43,0.07500000000001705
45628,10,0,66.74,2,2024-12-02,2024-12-02 10:00:00,2024-12-02 10:00:00,JYZ24.csv,2014,JYZ24.csv,2.0,66.705,66.86,133.48,133.72,-0.2400000000000091
45628,10,20,66.86,-3,2024-12-02,2024-12-02 10:20:00,2024-12-02 10:20:00,JYZ24.csv,169,JYZ24.csv,-5.0,66.89,66.795,334.3,333.975,-0.32499999999998863
45628,10,30,66.795,1,2024-12-02,2024-12-02 10:30:00,2024-12-02 10:30:00,JYZ24.csv,370,JYZ24.csv,4.0,66.76,66.76,267.18,267.04,0.13999999999998636
45628,10,40,66.72,4,2024-12-02,2024-12-02 10:40:00,2024-12-02 10:40:00,JYZ24.csv,187,JYZ24.csv,3.0,66.685,66.685,200.16,200.055,0.10499999999998977
45628,10,50,66.795,-1,2024-12-02,2024-12-02 10:50:00,2024-12-02 10:50:00,JYZ24.csv,178,JYZ24.csv,-5.0,66.825,66.825,333.975,334.125,0.14999999999997726
45628,11,10,66.855,0,2024-12-02,2024-12-02 11:10:00,2024-12-02 11:10:00,JYZ24.csv,222,JYZ24.csv,1.0,66.825,67.04,66.855,67.04,-0.18500000000000227
45628,11,30,67.155,-2,2024-12-02,2024-12-02 11:30:00,2024-12-02 11:30:00,JYZ24.csv,498,JYZ24.csv,-2.0,67.185,67.125,134.31,134.25,-0.060000000000002274
45628,11,50,67.09,0,2024-12-02,2024-12-02 11:50:00,2024-12-02 11:50:00,JYZ24.csv,136,JYZ24.csv,2.0,67.06,67.13,134.18,134.26,-0.07999999999998408
45629,6,30,66.855,-2,2024-12-03,2024-12-03 06:30:00,2024-12-03 06:30:00,JYZ24.csv,101,JYZ24.csv,-2.0,66.885,66.885,133.71,133.77,0.060000000000002274
45629,8,50,67.095,-4,2024-12-03,2024-12-03 08:50:00,2024-12-03 08:50:00,JYZ24.csv,341,JYZ24.csv,-2.0,67.125,67.125,134.19,134.25,0.060000000000002274
45629,9,10,67.285,-2,2024-12-03,2024-12-03 09:10:00,2024-12-03 09:10:00,JYZ24.csv,279,JYZ24.csv,2.0,67.255,67.255,134.57,134.51,0.060000000000002274
45629,9,20,67.21,0,2024-12-03,2024-12-03 09:20:00,2024-12-03 09:20:00,JYZ24.csv,301,JYZ24.csv,2.0,67.175,67.275,134.42,134.55,-0.13000000000002387
45629,9,40,67.36,-5,2024-12-03,2024-12-03 09:40:00,2024-12-03 09:40:00,JYZ24.csv,267,JYZ24.csv,-5.0,67.39,67.345,336.8,336.725,-0.07499999999998863
45629,10,0,67.32,-2,2024-12-03,2024-12-03 10:00:00,2024-12-03 10:00:00,JYZ24.csv,2327,JYZ24.csv,3.0,67.285,67.285,201.95999999999998,201.855,0.10499999999998977
45629,10,10,67.175,2,2024-12-03,2024-12-03 10:10:00,2024-12-03 10:10:00,JYZ24.csv,205,JYZ24.csv,4.0,67.14,67.21,268.7,268.84,-0.13999999999998636
45629,10,20,67.21,7,2024-12-03,2024-12-03 10:20:00,2024-12-03 10:20:00,JYZ24.csv,222,JYZ24.csv,5.0,67.175,67.285,336.04999999999995,336.42499999999995,-0.375
45629,10,30,67.3,5,2024-12-03,2024-12-03 10:30:00,2024-12-03 10:30:00,JYZ24.csv,482,JYZ24.csv,-2.0,67.33,67.33,134.6,134.66,0.060000000000002274
45629,10,40,67.175,2,2024-12-03,2024-12-03 10:40:00,2024-12-03 10:40:00,JYZ24.csv,304,JYZ24.csv,-3.0,67.2,67.14,201.52499999999998,201.42000000000002,-0.10499999999996135
45629,11,0,67.155,0,2024-12-03,2024-12-03 11:00:00,2024-12-03 11:00:00,JYZ24.csv,559,JYZ24.csv,-2.0,67.18,67.045,134.31,134.09,-0.21999999999999886
45629,11,10,67.05,4,2024-12-03,2024-12-03 11:10:00,2024-12-03 11:10:00,JYZ24.csv,183,JYZ24.csv,4.0,67.015,67.025,268.2,268.1,0.0999999999999659
45629,11,30,66.99,0,2024-12-03,2024-12-03 11:30:00,2024-12-03 11:30:00,JYZ24.csv,222,JYZ24.csv,-4.0,67.015,67.015,267.96,268.06,0.10000000000002274
45629,11,40,67.05,-2,2024-12-03,2024-12-03 11:40:00,2024-12-03 11:40:00,JYZ24.csv,187,JYZ24.csv,-2.0,67.08,67.08,134.1,134.16,0.060000000000002274
45629,11,50,67.14,-3,2024-12-03,2024-12-03 11:50:00,2024-12-03 11:50:00,JYZ24.csv,234,JYZ24.csv,-1.0,67.17,67.17,67.14,67.17,0.030000000000001137
45629,12,0,67.165,-1,2024-12-03,2024-12-03 12:00:00,2024-12-03 12:00:00,JYZ24.csv,159,JYZ24.csv,2.0,67.135,67.135,134.33,134.27,0.060000000000002274
45629,12,10,67.09,0,2024-12-03,2024-12-03 12:10:00,2024-12-03 12:10:00,JYZ24.csv,121,JYZ24.csv,1.0,67.055,67.055,67.09,67.055,0.03499999999999659
45630,6,30,66.345,-6,2024-12-04,2024-12-04 06:30:00,2024-12-04 06:30:00,JYZ24.csv,85,JYZ24.csv,-6.0,66.375,66.375,398.07,398.25,0.18000000000000682
45630,8,0,66.245,-10,2024-12-04,2024-12-04 08:00:00,2024-12-04 08:00:00,JYZ24.csv,129,JYZ24.csv,-4.0,66.27000000000001,66.26,264.98,265.04,0.060000000000002274
45630,9,0,66.29,-6,2024-12-04,2024-12-04 09:00:00,2024-12-04 09:00:00,JYZ24.csv,194,JYZ24.csv,4.0,66.25500000000001,66.295,265.16,265.18,-0.01999999999998181
45630,9,20,66.32,-9,2024-12-04,2024-12-04 09:20:00,2024-12-04 09:20:00,JYZ24.csv,102,JYZ24.csv,-3.0,66.35,66.35,198.95999999999998,199.04999999999998,0.09000000000000341
45630,10,30,66.555,-3,2024-12-04,2024-12-04 10:30:00,2024-12-04 10:30:00,JYZ24.csv,359,JYZ24.csv,6.0,66.525,66.525,399.33000000000004,399.15000000000003,0.18000000000000682
45630,11,10,66.635,-6,2024-12-04,2024-12-04 11:10:00,2024-12-04 11:10:00,JYZ24.csv,132,JYZ24.csv,-3.0,66.665,66.665,199.90500000000003,199.995,0.08999999999997499
45630,11,50,66.67,-3,2024-12-04,2024-12-04 11:50:00,2024-12-04 11:50:00,JYZ24.csv,71,JYZ24.csv,3.0,66.635,66.68,200.01,200.04000000000002,-0.03000000000002956
45631,11,20,66.67,-6,2024-12-05,2024-12-05 11:20:00,2024-12-05 11:20:00,JYZ24.csv,155,JYZ24.csv,-3.0,66.7,66.7,200.01,200.10000000000002,0.09000000000003183
45631,11,40,66.675,-3,2024-12-05,2024-12-05 11:40:00,2024-12-05 11:40:00,JYZ24.csv,192,JYZ24.csv,3.0,66.645,66.67,200.02499999999998,200.01,0.014999999999986358
45632,8,50,66.665,-5,2024-12-06,2024-12-06 08:50:00,2024-12-06 08:50:00,JYZ24.csv,420,JYZ24.csv,-2.0,66.69500000000001,66.69500000000001,133.33,133.39000000000001,0.060000000000002274
45632,9,10,66.87,-7,2024-12-06,2024-12-06 09:10:00,2024-12-06 09:10:00,JYZ24.csv,692,JYZ24.csv,-2.0,66.9,66.9,133.74,133.8,0.060000000000002274
45632,9,20,66.83,-2,2024-12-06,2024-12-06 09:20:00,2024-12-06 09:20:00,JYZ24.csv,939,JYZ24.csv,5.0,66.795,66.795,334.15,333.975,0.17499999999995453
45632,9,30,66.96,2,2024-12-06,2024-12-06 09:30:00,2024-12-06 09:30:00,JYZ24.csv,657,JYZ24.csv,4.0,66.92999999999999,66.92999999999999,267.84,267.71999999999997,0.12000000000000455
45632,9,40,66.86,1,2024-12-06,2024-12-06 09:40:00,2024-12-06 09:40:00,JYZ24.csv,431,JYZ24.csv,-1.0,66.885,66.885,66.86,66.885,0.025000000000005684
45632,10,0,66.88,-3,2024-12-06,2024-12-06 10:00:00,2024-12-06 10:00:00,JYZ24.csv,1218,JYZ24.csv,-4.0,66.91,66.795,267.52,267.18,-0.339999999999975
45632,10,10,66.81,1,2024-12-06,2024-12-06 10:10:00,2024-12-06 10:10:00,JYZ24.csv,326,JYZ24.csv,4.0,66.775,66.775,267.24,267.1,0.13999999999998636
45632,10,30,66.8,-3,2024-12-06,2024-12-06 10:30:00,2024-12-06 10:30:00,JYZ24.csv,159,JYZ24.csv,-4.0,66.83,66.745,267.2,266.98,-0.21999999999997044
45632,11,0,66.79,0,2024-12-06,2024-12-06 11:00:00,2024-12-06 11:00:00,JYZ24.csv,453,JYZ24.csv,3.0,66.76,66.76,200.37,200.28000000000003,0.08999999999997499
45632,11,10,66.725,4,2024-12-06,2024-12-06 11:10:00,2024-12-06 11:10:00,JYZ24.csv,191,JYZ24.csv,4.0,66.69,66.69,266.9,266.76,0.13999999999998636
45632,11,30,66.77,0,2024-12-06,2024-12-06 11:30:00,2024-12-06 11:30:00,JYZ24.csv,262,JYZ24.csv,-4.0,66.8,66.8,267.08,267.2,0.12000000000000455
45632,13,0,66.75,-3,2024-12-06,2024-12-06 13:00:00,2024-12-06 13:00:00,JYZ24.csv,109,JYZ24.csv,-3.0,66.78,66.725,200.25,200.17499999999998,-0.07500000000001705
45632,16,15,66.745,0,2024-12-06,2024-12-06 16:15:00,2024-12-06 16:15:00,JYZ24.csv,10,JYZ24.csv,3.0,66.715,66.745,200.235,200.235,0.0
45635,8,0,66.39,-8,2024-12-09,2024-12-09 08:00:00,2024-12-09 08:00:00,JYZ24.csv,323,JYZ24.csv,-8.0,66.42,66.33,531.12,530.64,-0.4800000000000182
45636,8,0,65.93,0,2024-12-10,2024-12-10 08:00:00,2024-12-10 08:00:00,JYZ24.csv,112,JYZ24.csv,8.0,65.89500000000001,65.955,527.44,527.64,-0.1999999999999318
45636,9,10,65.98,-2,2024-12-10,2024-12-10 09:10:00,2024-12-10 09:10:00,JYZ24.csv,82,JYZ24.csv,-2.0,66.01,65.985,131.96,131.97,0.009999999999990905
45636,9,30,65.94,0,2024-12-10,2024-12-10 09:30:00,2024-12-10 09:30:00,JYZ24.csv,71,JYZ24.csv,2.0,65.905,65.965,131.88,131.93,-0.05000000000001137
45636,11,0,65.79,2,2024-12-10,2024-12-10 11:00:00,2024-12-10 11:00:00,JYZ24.csv,323,JYZ24.csv,2.0,65.75500000000001,65.785,131.58,131.57,0.010000000000019327
45636,11,20,65.8,0,2024-12-10,2024-12-10 11:20:00,2024-12-10 11:20:00,JYZ24.csv,25,JYZ24.csv,-2.0,65.83,65.83,131.6,131.66,0.060000000000002274
45637,8,0,65.55,-1,2024-12-11,2024-12-11 08:00:00,2024-12-11 08:00:00,JYZ24.csv,242,JYZ24.csv,-1.0,65.58,65.575,65.55,65.575,0.025000000000005684
45637,9,0,65.715,-2,2024-12-11,2024-12-11 09:00:00,2024-12-11 09:00:00,JYZ24.csv,608,JYZ24.csv,-1.0,65.745,65.745,65.715,65.745,0.030000000000001137
45637,9,40,65.845,-3,2024-12-11,2024-12-11 09:40:00,2024-12-11 09:40:00,JYZ24.csv,168,JYZ24.csv,-1.0,65.875,65.77,65.845,65.77,-0.07500000000000284
45637,10,0,65.77,1,2024-12-11,2024-12-11 10:00:00,2024-12-11 10:00:00,JYZ24.csv,148,JYZ24.csv,4.0,65.735,65.735,263.08,262.94,0.13999999999998636
45637,10,10,65.7,3,2024-12-11,2024-12-11 10:10:00,2024-12-11 10:10:00,JYZ24.csv,99,JYZ24.csv,2.0,65.665,65.715,131.4,131.43,-0.030000000000001137
45637,10,20,65.72,0,2024-12-11,2024-12-11 10:20:00,2024-12-11 10:20:00,JYZ24.csv,56,JYZ24.csv,-3.0,65.75,65.64,197.16,196.92000000000002,-0.23999999999998067
45637,10,30,65.635,1,2024-12-11,2024-12-11 10:30:00,2024-12-11 10:30:00,JYZ24.csv,226,JYZ24.csv,1.0,65.60000000000001,65.64,65.635,65.64,-0.0049999999999954525
45637,10,50,65.63,-2,2024-12-11,2024-12-11 10:50:00,2024-12-11 10:50:00,JYZ24.csv,245,JYZ24.csv,-3.0,65.66,65.66,196.89,196.98,0.09000000000000341
45637,11,40,65.675,-4,2024-12-11,2024-12-11 11:40:00,2024-12-11 11:40:00,JYZ24.csv,52,JYZ24.csv,-2.0,65.705,65.705,131.35,131.41,0.060000000000002274
45637,12,0,65.68,-2,2024-12-11,2024-12-11 12:00:00,2024-12-11 12:00:00,JYZ24.csv,141,JYZ24.csv,2.0,65.64500000000001,65.655,131.36,131.31,0.05000000000001137
45638,8,0,65.685,3,2024-12-12,2024-12-12 08:00:00,2024-12-12 08:00:00,JYZ24.csv,116,JYZ24.csv,5.0,65.655,65.75,328.425,328.75,-0.32499999999998863
45638,9,0,65.79,0,2024-12-12,2024-12-12 09:00:00,2024-12-12 09:00:00,JYZ24.csv,166,JYZ24.csv,-3.0,65.82000000000001,65.82000000000001,197.37,197.46000000000004,0.09000000000003183
45638,9,20,65.75,4,2024-12-12,2024-12-12 09:20:00,2024-12-12 09:20:00,JYZ24.csv,219,JYZ24.csv,4.0,65.72,65.72,263.0,262.88,0.12000000000000455
45638,9,30,65.685,1,2024-12-12,2024-12-12 09:30:00,2024-12-12 09:30:00,JYZ24.csv,298,JYZ24.csv,-3.0,65.715,65.715,197.055,197.145,0.09000000000000341
45638,9,40,65.66,2,2024-12-12,2024-12-12 09:40:00,2024-12-12 09:40:00,JYZ24.csv,126,JYZ24.csv,1.0,65.63,65.665,65.66,65.665,-0.005000000000009663
45638,9,50,65.69,5,2024-12-12,2024-12-12 09:50:00,2024-12-12 09:50:00,JYZ24.csv,190,JYZ24.csv,3.0,65.66,65.66,197.07,196.98,0.09000000000000341
45638,10,0,65.7,0,2024-12-12,2024-12-12 10:00:00,2024-12-12 10:00:00,JYZ24.csv,261,JYZ24.csv,-5.0,65.73,65.73,328.5,328.65000000000003,0.1500000000000341
45638,10,50,65.67,2,2024-12-12,2024-12-12 10:50:00,2024-12-12 10:50:00,JYZ24.csv,75,JYZ24.csv,2.0,65.64,65.685,131.34,131.37,-0.030000000000001137
45638,11,10,65.715,0,2024-12-12,2024-12-12 11:10:00,2024-12-12 11:10:00,JYZ24.csv,66,JYZ24.csv,-2.0,65.745,65.72,131.43,131.44,0.009999999999990905
45638,11,20,65.73,-3,2024-12-12,2024-12-12 11:20:00,2024-12-12 11:20:00,JYZ24.csv,35,JYZ24.csv,-3.0,65.76,65.715,197.19,197.145,-0.044999999999987494
45638,11,40,65.705,0,2024-12-12,2024-12-12 11:40:00,2024-12-12 11:40:00,JYZ24.csv,46,JYZ24.csv,3.0,65.675,65.745,197.115,197.235,-0.12000000000000455
45638,12,0,65.775,-3,2024-12-12,2024-12-12 12:00:00,2024-12-12 12:00:00,JYZ24.csv,41,JYZ24.csv,-3.0,65.805,65.775,197.32500000000002,197.32500000000002,-0.0
45638,12,20,65.725,0,2024-12-12,2024-12-12 12:20:00,2024-12-12 12:20:00,JYZ24.csv,228,JYZ24.csv,3.0,65.695,65.695,197.17499999999998,197.08499999999998,0.09000000000000341
45639,6,30,65.855,-2,2024-12-13,2024-12-13 06:30:00,2024-12-13 06:30:00,JYZ24.csv,35,JYZ24.csv,-2.0,65.155,65.135,131.71,130.27,-1.4399999999999977
45639,10,30,65.835,0,2024-12-13,2024-12-13 10:30:00,2024-12-13 10:30:00,JYZ24.csv,4,JYZ24.csv,2.0,65.07000000000001,65.125,131.67,130.25,1.4199999999999875
45642,8,0,65.62,1,2024-12-16,2024-12-16 08:00:00,2024-12-16 08:00:00,JYZ24.csv,1,JYZ24.csv,1.0,64.86500000000001,64.915,65.62,64.915,0.7049999999999983
45642,9,0,65.645,0,2024-12-16,2024-12-16 09:00:00,2024-12-16 09:00:00,JYZ24.csv,1,JYZ24.csv,-1.0,64.94500000000001,64.93,65.645,64.93,-0.7149999999999892
45642,9,20,65.575,2,2024-12-16,2024-12-16 09:20:00,2024-12-16 09:20:00,JYZ24.csv,9,JYZ24.csv,2.0,64.89500000000001,64.86,131.15,129.72,1.4300000000000068
45642,9,40,65.58,0,2024-12-16,2024-12-16 09:40:00,2024-12-16 09:40:00,JYZ24.csv,4,JYZ24.csv,-2.0,64.905,64.795,131.16,129.59,-1.5699999999999932
