day,hour,min,price,inventory,date,timestamp,minute,main_contract,main_volume,main_contract_clean,signal,opti_price,filled_price,benchmark_amount,amount,slippage
45293,1,30,2084.4,-1,2024-01-02,2024-01-02 01:30:00,2024-01-02 01:30:00,GCG24.csv,90,GCG24.csv,-1.0,2084.8,2084.8,2084.4,2084.8,0.40000000000009095
45293,3,30,2081.5,0,2024-01-02,2024-01-02 03:30:00,2024-01-02 03:30:00,GCG24.csv,67,GCG24.csv,1.0,2081.0,2081.0,2081.5,2081.0,0.5
45293,4,30,2083.7,2,2024-01-02,2024-01-02 04:30:00,2024-01-02 04:30:00,GCG24.csv,55,GCG24.csv,2.0,2083.2,2087.2,4167.4,4174.4,-7.0
45293,6,0,2085.1,6,2024-01-02,2024-01-02 06:00:00,2024-01-02 06:00:00,GCG24.csv,164,GCG24.csv,4.0,2084.5,2084.5,8340.4,8338.0,2.399999999999636
45293,8,30,2075.8,4,2024-01-02,2024-01-02 08:30:00,2024-01-02 08:30:00,GCG24.csv,169,GCG24.csv,-2.0,2076.5,2076.5,4151.6,4153.0,1.3999999999996362
45293,9,0,2074.9,6,2024-01-02,2024-01-02 09:00:00,2024-01-02 09:00:00,GCG24.csv,208,GCG24.csv,2.0,2074.4,2074.4,4149.8,4148.8,1.0
45293,10,30,2073.5,8,2024-01-02,2024-01-02 10:30:00,2024-01-02 10:30:00,GCG24.csv,194,GCG24.csv,2.0,2072.6,2072.6,4147.0,4145.2,1.800000000000182
45293,11,0,2068.2,6,2024-01-02,2024-01-02 11:00:00,2024-01-02 11:00:00,GCG24.csv,529,GCG24.csv,-2.0,2069.1,2069.1,4136.4,4138.2,1.800000000000182
45293,12,0,2074.9,8,2024-01-02,2024-01-02 12:00:00,2024-01-02 12:00:00,GCG24.csv,69,GCG24.csv,2.0,2074.0,2075.0,4149.8,4150.0,-0.1999999999998181
45293,14,30,2070.3,6,2024-01-02,2024-01-02 14:30:00,2024-01-02 14:30:00,GCG24.csv,30,GCG24.csv,-2.0,2071.0,2070.4,4140.6,4140.8,0.1999999999998181
45294,4,30,2067.0,4,2024-01-03,2024-01-03 04:30:00,2024-01-03 04:30:00,GCG24.csv,88,GCG24.csv,-2.0,2067.4,2065.9,4134.0,4131.8,-2.199999999999818
45294,6,0,2063.1,3,2024-01-03,2024-01-03 06:00:00,2024-01-03 06:00:00,GCG24.csv,104,GCG24.csv,-1.0,2063.7,2063.7,2063.1,2063.7,0.599999999999909
45294,8,30,2050.8,5,2024-01-03,2024-01-03 08:30:00,2024-01-03 08:30:00,GCG24.csv,368,GCG24.csv,2.0,2050.2000000000003,2050.2000000000003,4101.6,4100.400000000001,1.199999999999818
45294,9,20,2044.4,6,2024-01-03,2024-01-03 09:20:00,2024-01-03 09:20:00,GCG24.csv,331,GCG24.csv,1.0,2043.5,2043.5,2044.4,2043.5,0.900000000000091
45294,9,40,2042.8,5,2024-01-03,2024-01-03 09:40:00,2024-01-03 09:40:00,GCG24.csv,300,GCG24.csv,-1.0,2043.7,2043.7,2042.8,2043.7,0.900000000000091
45294,10,10,2052.3,2,2024-01-03,2024-01-03 10:10:00,2024-01-03 10:10:00,GCG24.csv,499,GCG24.csv,-3.0,2053.2000000000003,2044.8,6156.900000000001,6134.4,-22.50000000000091
45294,10,30,2045.4,5,2024-01-03,2024-01-03 10:30:00,2024-01-03 10:30:00,GCG24.csv,277,GCG24.csv,3.0,2044.5,2044.5,6136.200000000001,6133.5,2.7000000000007276
45294,14,0,2043.7,3,2024-01-03,2024-01-03 14:00:00,2024-01-03 14:00:00,GCG24.csv,513,GCG24.csv,-2.0,2044.6,2044.6,4087.4,4089.2,1.7999999999997272
45294,16,0,2049.5,5,2024-01-03,2024-01-03 16:00:00,2024-01-03 16:00:00,GCG24.csv,95,GCG24.csv,2.0,2048.6,2048.6,4099.0,4097.2,1.800000000000182
45295,4,30,2054.3,2,2024-01-04,2024-01-04 04:30:00,2024-01-04 04:30:00,GCG24.csv,107,GCG24.csv,-3.0,2055.2,2055.2,6162.900000000001,6165.599999999999,2.6999999999989086
45295,6,0,2055.2,3,2024-01-04,2024-01-04 06:00:00,2024-01-04 06:00:00,GCG24.csv,90,GCG24.csv,1.0,2054.2000000000003,2055.2,2055.2,2055.2,0.0
45295,8,30,2049.7,6,2024-01-04,2024-01-04 08:30:00,2024-01-04 08:30:00,GCG24.csv,717,GCG24.csv,3.0,2049.9,2049.9,6149.099999999999,6149.700000000001,-0.6000000000012733
45295,10,30,2054.3,2,2024-01-04,2024-01-04 10:30:00,2024-01-04 10:30:00,GCG24.csv,588,GCG24.csv,-4.0,2053.8,2053.8,8217.2,8215.2,-2.0
45295,10,50,2052.3,4,2024-01-04,2024-01-04 10:50:00,2024-01-04 10:50:00,GCG24.csv,130,GCG24.csv,2.0,2050.5,2053.2,4104.6,4106.4,-1.7999999999992724
45295,12,0,2052.1,1,2024-01-04,2024-01-04 12:00:00,2024-01-04 12:00:00,GCG24.csv,87,GCG24.csv,-3.0,2052.1,2052.1,6156.299999999999,6156.299999999999,-0.0
45295,14,0,2050.6,-1,2024-01-04,2024-01-04 14:00:00,2024-01-04 14:00:00,GCG24.csv,97,GCG24.csv,-2.0,2051.6,2050.4,4101.2,4100.8,-0.3999999999996362
45295,14,30,2050.3,1,2024-01-04,2024-01-04 14:30:00,2024-01-04 14:30:00,GCG24.csv,21,GCG24.csv,2.0,2049.6,2050.5,4100.6,4101.0,-0.3999999999996362
45295,16,0,2051.1,3,2024-01-04,2024-01-04 16:00:00,2024-01-04 16:00:00,GCG24.csv,37,GCG24.csv,2.0,2050.7,2051.0,4102.2,4102.0,0.1999999999998181
45296,1,30,2049.1,2,2024-01-05,2024-01-05 01:30:00,2024-01-05 01:30:00,GCG24.csv,59,GCG24.csv,-1.0,2048.9,2048.9,2049.1,2048.9,-0.1999999999998181
45296,3,30,2049.6,3,2024-01-05,2024-01-05 03:30:00,2024-01-05 03:30:00,GCG24.csv,80,GCG24.csv,1.0,2048.3,2048.3,2049.6,2048.3,1.2999999999997272
45296,4,30,2048.9,0,2024-01-05,2024-01-05 04:30:00,2024-01-05 04:30:00,GCG24.csv,30,GCG24.csv,-3.0,2049.3,2049.3,6146.700000000001,6147.900000000001,1.199999999999818
45296,8,30,2042.8,3,2024-01-05,2024-01-05 08:30:00,2024-01-05 08:30:00,GCG24.csv,4457,GCG24.csv,3.0,2031.0,2031.0,6128.4,6093.0,35.399999999999636
45296,9,0,2047.2,2,2024-01-05,2024-01-05 09:00:00,2024-01-05 09:00:00,GCG24.csv,720,GCG24.csv,-1.0,2049.8,2049.8,2047.2,2049.8,2.6000000000001364
45296,9,10,2048.4,1,2024-01-05,2024-01-05 09:10:00,2024-01-05 09:10:00,GCG24.csv,409,GCG24.csv,-1.0,2048.9,2048.9,2048.4,2048.9,0.5
45296,9,20,2049.7,3,2024-01-05,2024-01-05 09:20:00,2024-01-05 09:20:00,GCG24.csv,193,GCG24.csv,2.0,2049.7,2049.7,4099.4,4099.4,0.0
45296,9,30,2054.0,4,2024-01-05,2024-01-05 09:30:00,2024-01-05 09:30:00,GCG24.csv,529,GCG24.csv,1.0,2053.9,2053.9,2054.0,2053.9,0.09999999999990905
45296,9,40,2050.0,6,2024-01-05,2024-01-05 09:40:00,2024-01-05 09:40:00,GCG24.csv,436,GCG24.csv,2.0,2049.5,2049.5,4100.0,4099.0,1.0
45296,10,0,2060.5,2,2024-01-05,2024-01-05 10:00:00,2024-01-05 10:00:00,GCG24.csv,2968,GCG24.csv,-4.0,2064.8,2064.8,8242.0,8259.2,17.200000000000728
45296,10,10,2067.6,1,2024-01-05,2024-01-05 10:10:00,2024-01-05 10:10:00,GCG24.csv,1552,GCG24.csv,-1.0,2070.1,2070.1,2067.6,2070.1,2.5
45296,10,20,2065.7,3,2024-01-05,2024-01-05 10:20:00,2024-01-05 10:20:00,GCG24.csv,531,GCG24.csv,2.0,2066.2,2066.2,4131.4,4132.4,-1.0
45296,10,30,2067.3,2,2024-01-05,2024-01-05 10:30:00,2024-01-05 10:30:00,GCG24.csv,391,GCG24.csv,-1.0,2068.1,2068.1,2067.3,2068.1,0.7999999999997272
45296,11,0,2061.8,1,2024-01-05,2024-01-05 11:00:00,2024-01-05 11:00:00,GCG24.csv,321,GCG24.csv,-1.0,2062.9,2060.5,2061.8,2060.5,-1.300000000000182
45296,12,0,2051.9,2,2024-01-05,2024-01-05 12:00:00,2024-01-05 12:00:00,GCG24.csv,281,GCG24.csv,1.0,2049.6,2049.6,2051.9,2049.6,2.300000000000182
45296,14,0,2055.1,1,2024-01-05,2024-01-05 14:00:00,2024-01-05 14:00:00,GCG24.csv,93,GCG24.csv,-1.0,2056.6,2056.6,2055.1,2056.6,1.5
45296,14,30,2054.2,3,2024-01-05,2024-01-05 14:30:00,2024-01-05 14:30:00,GCG24.csv,36,GCG24.csv,2.0,2053.9,2053.9,4108.4,4107.8,0.5999999999994543
45296,16,0,2051.3,4,2024-01-05,2024-01-05 16:00:00,2024-01-05 16:00:00,GCG24.csv,123,GCG24.csv,1.0,2050.8,2051.1,2051.3,2051.1,0.20000000000027285
45296,16,30,2051.8,0,2024-01-05,2024-01-05 16:30:00,2024-01-05 16:30:00,GCG24.csv,3,GCG24.csv,-4.0,2052.3,2051.2,8207.2,8204.8,-2.400000000001455
45299,1,30,2038.2,-2,2024-01-08,2024-01-08 01:30:00,2024-01-08 01:30:00,GCG24.csv,94,GCG24.csv,-2.0,2038.8,2038.8,4076.4,4077.6,1.199999999999818
45299,3,30,2035.6,0,2024-01-08,2024-01-08 03:30:00,2024-01-08 03:30:00,GCG24.csv,163,GCG24.csv,2.0,2035.1,2035.1,4071.2,4070.2,1.0
45299,4,30,2034.3,-4,2024-01-08,2024-01-08 04:30:00,2024-01-08 04:30:00,GCG24.csv,58,GCG24.csv,-4.0,2034.9,2034.9,8137.2,8139.6,2.4000000000005457
45299,6,0,2033.9,-6,2024-01-08,2024-01-08 06:00:00,2024-01-08 06:00:00,GCG24.csv,68,GCG24.csv,-2.0,2034.5,2031.8,4067.8,4063.6,-4.200000000000273
45299,8,30,2028.5,-2,2024-01-08,2024-01-08 08:30:00,2024-01-08 08:30:00,GCG24.csv,389,GCG24.csv,4.0,2027.6,2027.6,8114.0,8110.4,3.600000000000364
45299,9,0,2025.3,-1,2024-01-08,2024-01-08 09:00:00,2024-01-08 09:00:00,GCG24.csv,467,GCG24.csv,1.0,2024.4,2027.3,2025.3,2027.3,-2.0
45299,10,30,2036.9,0,2024-01-08,2024-01-08 10:30:00,2024-01-08 10:30:00,GCG24.csv,566,GCG24.csv,1.0,2036.0,2037.5,2036.9,2037.5,-0.599999999999909
45299,11,0,2041.3,-1,2024-01-08,2024-01-08 11:00:00,2024-01-08 11:00:00,GCG24.csv,700,GCG24.csv,-1.0,2042.2,2042.2,2041.3,2042.2,0.900000000000091
45299,14,0,2032.8,-3,2024-01-08,2024-01-08 14:00:00,2024-01-08 14:00:00,GCG24.csv,72,GCG24.csv,-2.0,2033.4,2033.4,4065.6,4066.8,1.2000000000002728
45299,14,30,2034.6,-4,2024-01-08,2024-01-08 14:30:00,2024-01-08 14:30:00,GCG24.csv,185,GCG24.csv,-1.0,2035.2,2035.2,2034.6,2035.2,0.6000000000001364
45299,16,0,2033.5,-2,2024-01-08,2024-01-08 16:00:00,2024-01-08 16:00:00,GCG24.csv,67,GCG24.csv,2.0,2033.0,2034.1,4067.0,4068.2,-1.199999999999818
45300,1,30,2038.7,-3,2024-01-09,2024-01-09 01:30:00,2024-01-09 01:30:00,GCG24.csv,52,GCG24.csv,-1.0,2039.1,2039.1,2038.7,2039.1,0.3999999999998636
45300,3,30,2037.6,-2,2024-01-09,2024-01-09 03:30:00,2024-01-09 03:30:00,GCG24.csv,125,GCG24.csv,1.0,2037.0,2039.9,2037.6,2039.9,-2.300000000000182
45300,6,0,2041.5,4,2024-01-09,2024-01-09 06:00:00,2024-01-09 06:00:00,GCG24.csv,89,GCG24.csv,6.0,2040.9,2040.9,12249.0,12245.400000000001,3.599999999998545
45300,9,0,2045.0,2,2024-01-09,2024-01-09 09:00:00,2024-01-09 09:00:00,GCG24.csv,185,GCG24.csv,-2.0,2045.6,2045.6,4090.0,4091.2,1.199999999999818
45300,10,30,2040.4,1,2024-01-09,2024-01-09 10:30:00,2024-01-09 10:30:00,GCG24.csv,142,GCG24.csv,-1.0,2041.3,2039.9,2040.4,2039.9,-0.5
45300,11,0,2034.7,3,2024-01-09,2024-01-09 11:00:00,2024-01-09 11:00:00,GCG24.csv,661,GCG24.csv,2.0,2034.1,2034.1,4069.4,4068.2,1.2000000000002728
45300,14,0,2034.8,1,2024-01-09,2024-01-09 14:00:00,2024-01-09 14:00:00,GCG24.csv,61,GCG24.csv,-2.0,2035.4,2035.4,4069.6,4070.8,1.2000000000002728
45300,14,30,2034.8,2,2024-01-09,2024-01-09 14:30:00,2024-01-09 14:30:00,GCG24.csv,43,GCG24.csv,1.0,2034.2,2034.2,2034.8,2034.2,0.599999999999909
45300,16,0,2034.6,4,2024-01-09,2024-01-09 16:00:00,2024-01-09 16:00:00,GCG24.csv,55,GCG24.csv,2.0,2034.1,2035.2,4069.2,4070.4,-1.2000000000002728
45301,1,30,2031.6,0,2024-01-10,2024-01-10 01:30:00,2024-01-10 01:30:00,GCG24.csv,32,GCG24.csv,-4.0,2031.9,2030.7,8126.4,8122.8,-3.5999999999994543
45301,3,30,2040.2,4,2024-01-10,2024-01-10 03:30:00,2024-01-10 03:30:00,GCG24.csv,246,GCG24.csv,4.0,2038.4,2038.4,8160.8,8153.6,7.199999999999818
45301,6,0,2040.7,1,2024-01-10,2024-01-10 06:00:00,2024-01-10 06:00:00,GCG24.csv,155,GCG24.csv,-3.0,2041.4,2040.6,6122.1,6121.799999999999,-0.3000000000010914
45301,9,0,2035.8,0,2024-01-10,2024-01-10 09:00:00,2024-01-10 09:00:00,GCG24.csv,143,GCG24.csv,-1.0,2036.9,2036.9,2035.8,2036.9,1.1000000000001364
45301,9,50,2032.9,1,2024-01-10,2024-01-10 09:50:00,2024-01-10 09:50:00,GCG24.csv,287,GCG24.csv,1.0,2033.3,2033.3,2032.9,2033.3,-0.3999999999998636
45301,10,10,2032.1,0,2024-01-10,2024-01-10 10:10:00,2024-01-10 10:10:00,GCG24.csv,205,GCG24.csv,-1.0,2033.7,2031.3,2032.1,2031.3,-0.7999999999999545
45301,10,30,2031.5,3,2024-01-10,2024-01-10 10:30:00,2024-01-10 10:30:00,GCG24.csv,278,GCG24.csv,3.0,2033.3,2033.3,6094.5,6099.9,-5.399999999999636
45301,11,0,2033.4,4,2024-01-10,2024-01-10 11:00:00,2024-01-10 11:00:00,GCG24.csv,197,GCG24.csv,1.0,2032.9,2032.9,2033.4,2032.9,0.5
45301,12,0,2032.6,1,2024-01-10,2024-01-10 12:00:00,2024-01-10 12:00:00,GCG24.csv,160,GCG24.csv,-3.0,2033.3,2033.3,6097.799999999999,6099.9,2.100000000000364
45301,14,0,2029.2,0,2024-01-10,2024-01-10 14:00:00,2024-01-10 14:00:00,GCG24.csv,64,GCG24.csv,-1.0,2029.3,2029.3,2029.2,2029.3,0.09999999999990905
45301,14,30,2028.1,-3,2024-01-10,2024-01-10 14:30:00,2024-01-10 14:30:00,GCG24.csv,222,GCG24.csv,-3.0,2029.4,2029.4,6084.299999999999,6088.200000000001,3.900000000001455
45301,16,0,2029.0,-2,2024-01-10,2024-01-10 16:00:00,2024-01-10 16:00:00,GCG24.csv,106,GCG24.csv,1.0,2028.7,2029.3,2029.0,2029.3,-0.2999999999999545
45302,1,30,2038.7,2,2024-01-11,2024-01-11 01:30:00,2024-01-11 01:30:00,GCG24.csv,33,GCG24.csv,4.0,2038.4,2038.4,8154.8,8153.6,1.199999999999818
45302,3,30,2038.0,-2,2024-01-11,2024-01-11 03:30:00,2024-01-11 03:30:00,GCG24.csv,105,GCG24.csv,-4.0,2038.1,2038.1,8152.0,8152.4,0.3999999999996362
45302,4,30,2035.4,-5,2024-01-11,2024-01-11 04:30:00,2024-01-11 04:30:00,GCG24.csv,57,GCG24.csv,-3.0,2035.2,2035.2,6106.200000000001,6105.6,-0.6000000000003638
45302,6,0,2036.4,-1,2024-01-11,2024-01-11 06:00:00,2024-01-11 06:00:00,GCG24.csv,28,GCG24.csv,4.0,2036.0,2036.0,8145.6,8144.0,1.6000000000003638
45302,8,30,2053.6,2,2024-01-11,2024-01-11 08:30:00,2024-01-11 08:30:00,GCG24.csv,4848,GCG24.csv,3.0,2037.9,2037.9,6160.799999999999,6113.700000000001,47.099999999998545
45302,9,0,2033.5,1,2024-01-11,2024-01-11 09:00:00,2024-01-11 09:00:00,GCG24.csv,423,GCG24.csv,-1.0,2033.9,2033.9,2033.5,2033.9,0.40000000000009095
45302,9,40,2036.4,0,2024-01-11,2024-01-11 09:40:00,2024-01-11 09:40:00,GCG24.csv,565,GCG24.csv,-1.0,2034.0,2034.0,2036.4,2034.0,-2.400000000000091
45302,10,0,2034.0,1,2024-01-11,2024-01-11 10:00:00,2024-01-11 10:00:00,GCG24.csv,577,GCG24.csv,1.0,2031.9,2031.9,2034.0,2031.9,2.099999999999909
45302,10,30,2035.3,0,2024-01-11,2024-01-11 10:30:00,2024-01-11 10:30:00,GCG24.csv,922,GCG24.csv,-1.0,2036.5,2036.5,2035.3,2036.5,1.2000000000000455
45302,11,0,2033.5,1,2024-01-11,2024-01-11 11:00:00,2024-01-11 11:00:00,GCG24.csv,194,GCG24.csv,1.0,2032.0,2032.0,2033.5,2032.0,1.5
45302,12,0,2020.7,6,2024-01-11,2024-01-11 12:00:00,2024-01-11 12:00:00,GCG24.csv,363,GCG24.csv,5.0,2021.1,2021.1,10103.5,10105.5,-2.0
45302,14,0,2021.1,3,2024-01-11,2024-01-11 14:00:00,2024-01-11 14:00:00,GCG24.csv,283,GCG24.csv,-3.0,2023.7,2023.7,6063.299999999999,6071.1,7.800000000001091
45302,14,30,2028.9,4,2024-01-11,2024-01-11 14:30:00,2024-01-11 14:30:00,GCG24.csv,598,GCG24.csv,1.0,2027.2,2029.2,2028.9,2029.2,-0.2999999999999545
45302,16,0,2032.1,7,2024-01-11,2024-01-11 16:00:00,2024-01-11 16:00:00,GCG24.csv,78,GCG24.csv,3.0,2031.6,2032.9,6096.299999999999,6098.700000000001,-2.400000000001455
45303,6,0,2050.7,2,2024-01-12,2024-01-12 06:00:00,2024-01-12 06:00:00,GCG24.csv,450,GCG24.csv,-5.0,2051.6,2051.6,10253.5,10258.0,4.5
45303,8,40,2059.3,0,2024-01-12,2024-01-12 08:40:00,2024-01-12 08:40:00,GCG24.csv,482,GCG24.csv,-2.0,2059.5,2059.5,4118.6,4119.0,0.3999999999996362
45303,9,0,2061.2,1,2024-01-12,2024-01-12 09:00:00,2024-01-12 09:00:00,GCG24.csv,484,GCG24.csv,1.0,2062.8,2062.8,2061.2,2062.8,-1.6000000000003638
45303,9,20,2060.0,4,2024-01-12,2024-01-12 09:20:00,2024-01-12 09:20:00,GCG24.csv,452,GCG24.csv,3.0,2060.3,2060.3,6180.0,6180.900000000001,-0.9000000000005457
45303,10,0,2061.0,5,2024-01-12,2024-01-12 10:00:00,2024-01-12 10:00:00,GCG24.csv,786,GCG24.csv,1.0,2061.0,2061.0,2061.0,2061.0,0.0
45303,10,20,2062.6,4,2024-01-12,2024-01-12 10:20:00,2024-01-12 10:20:00,GCG24.csv,208,GCG24.csv,-1.0,2063.2000000000003,2063.2000000000003,2062.6,2063.2000000000003,0.6000000000003638
45303,10,30,2062.9,1,2024-01-12,2024-01-12 10:30:00,2024-01-12 10:30:00,GCG24.csv,543,GCG24.csv,-3.0,2062.6,2062.6,6188.700000000001,6187.799999999999,-0.9000000000014552
45303,11,0,2058.3,-1,2024-01-12,2024-01-12 11:00:00,2024-01-12 11:00:00,GCG24.csv,235,GCG24.csv,-2.0,2058.8,2057.7,4116.6,4115.4,-1.2000000000007276
45303,12,0,2052.5,-3,2024-01-12,2024-01-12 12:00:00,2024-01-12 12:00:00,GCG24.csv,277,GCG24.csv,-2.0,2052.2000000000003,2052.2000000000003,4105.0,4104.400000000001,-0.5999999999994543
45303,14,0,2051.7,-4,2024-01-12,2024-01-12 14:00:00,2024-01-12 14:00:00,GCG24.csv,68,GCG24.csv,-1.0,2052.9,2052.9,2051.7,2052.9,1.2000000000002728
45303,14,30,2052.7,-1,2024-01-12,2024-01-12 14:30:00,2024-01-12 14:30:00,GCG24.csv,37,GCG24.csv,3.0,2051.3,2051.6,6158.099999999999,6154.799999999999,3.300000000000182
45303,16,0,2051.7,0,2024-01-12,2024-01-12 16:00:00,2024-01-12 16:00:00,GCG24.csv,95,GCG24.csv,1.0,2050.7,2051.6,2051.7,2051.6,0.09999999999990905
45306,1,30,2060.0,1,2024-01-15,2024-01-15 01:30:00,2024-01-15 01:30:00,GCG24.csv,58,GCG24.csv,1.0,2059.6,2059.6,2060.0,2059.6,0.40000000000009095
45306,3,30,2060.2,0,2024-01-15,2024-01-15 03:30:00,2024-01-15 03:30:00,GCG24.csv,10,GCG24.csv,-1.0,2060.6,2060.6,2060.2,2060.6,0.40000000000009095
45306,4,30,2060.1,2,2024-01-15,2024-01-15 04:30:00,2024-01-15 04:30:00,GCG24.csv,25,GCG24.csv,2.0,2059.7,2059.7,4120.2,4119.4,0.8000000000001819
45306,6,0,2057.2,6,2024-01-15,2024-01-15 06:00:00,2024-01-15 06:00:00,GCG24.csv,35,GCG24.csv,4.0,2056.9,2056.9,8228.8,8227.6,1.1999999999989086
45306,8,30,2056.5,4,2024-01-15,2024-01-15 08:30:00,2024-01-15 08:30:00,GCG24.csv,63,GCG24.csv,-2.0,2056.9,2056.9,4113.0,4113.8,0.8000000000001819
45306,10,30,2055.8,5,2024-01-15,2024-01-15 10:30:00,2024-01-15 10:30:00,GCG24.csv,63,GCG24.csv,1.0,2055.5,2055.5,2055.8,2055.5,0.3000000000001819
45306,12,0,2058.3,2,2024-01-15,2024-01-15 12:00:00,2024-01-15 12:00:00,GCG24.csv,36,GCG24.csv,-3.0,2058.7000000000003,2058.7,6174.900000000001,6176.099999999999,1.1999999999989086
45306,14,30,2059.0,1,2024-01-15,2024-01-15 14:30:00,2024-01-15 14:30:00,GCG24.csv,68,GCG24.csv,-1.0,2059.5,2060.4,2059.0,2060.4,1.400000000000091
45307,1,30,2052.9,2,2024-01-16,2024-01-16 01:30:00,2024-01-16 01:30:00,GCG24.csv,27,GCG24.csv,1.0,2052.6,2052.6,2052.9,2052.6,0.3000000000001819
45307,3,30,2051.3,1,2024-01-16,2024-01-16 03:30:00,2024-01-16 03:30:00,GCG24.csv,200,GCG24.csv,-1.0,2051.7000000000003,2046.1,2051.3,2046.1,-5.200000000000273
45307,4,30,2043.7,-2,2024-01-16,2024-01-16 04:30:00,2024-01-16 04:30:00,GCG24.csv,75,GCG24.csv,-3.0,2044.3,2044.3,6131.1,6132.9,1.7999999999992724
45307,6,0,2044.5,-4,2024-01-16,2024-01-16 06:00:00,2024-01-16 06:00:00,GCG24.csv,76,GCG24.csv,-2.0,2045.1,2043.3,4089.0,4086.6,-2.400000000000091
45307,8,30,2037.9,-1,2024-01-16,2024-01-16 08:30:00,2024-01-16 08:30:00,GCG24.csv,1587,GCG24.csv,3.0,2037.4,2037.4,6113.700000000001,6112.200000000001,1.5
45307,9,0,2041.5,-3,2024-01-16,2024-01-16 09:00:00,2024-01-16 09:00:00,GCG24.csv,391,GCG24.csv,-2.0,2042.4,2042.4,4083.0,4084.8,1.800000000000182
45307,10,30,2042.6,0,2024-01-16,2024-01-16 10:30:00,2024-01-16 10:30:00,GCG24.csv,113,GCG24.csv,3.0,2041.7,2044.5,6127.799999999999,6133.5,-5.700000000000728
45307,11,0,2044.9,2,2024-01-16,2024-01-16 11:00:00,2024-01-16 11:00:00,GCG24.csv,2945,GCG24.csv,2.0,2044.0,2044.0,4089.8,4088.0,1.800000000000182
45307,12,0,2037.0,5,2024-01-16,2024-01-16 12:00:00,2024-01-16 12:00:00,GCG24.csv,201,GCG24.csv,3.0,2036.1,2036.1,6111.0,6108.299999999999,2.7000000000007276
45307,14,0,2028.6,6,2024-01-16,2024-01-16 14:00:00,2024-01-16 14:00:00,GCG24.csv,317,GCG24.csv,1.0,2027.7,2029.5,2028.6,2029.5,-0.900000000000091
45307,14,30,2031.1,3,2024-01-16,2024-01-16 14:30:00,2024-01-16 14:30:00,GCG24.csv,64,GCG24.csv,-3.0,2032.0,2030.7,6093.299999999999,6092.1,-1.1999999999989086
45307,16,0,2031.8,2,2024-01-16,2024-01-16 16:00:00,2024-01-16 16:00:00,GCG24.csv,73,GCG24.csv,-1.0,2032.4,2030.8,2031.8,2030.8,-1.0
45308,1,30,2020.7,0,2024-01-17,2024-01-17 01:30:00,2024-01-17 01:30:00,GCG24.csv,57,GCG24.csv,-2.0,2022.0,2021.7,4041.4,4043.4,2.0
45308,3,30,2027.2,2,2024-01-17,2024-01-17 03:30:00,2024-01-17 03:30:00,GCG24.csv,81,GCG24.csv,2.0,2026.7,2026.7,4054.4,4053.4,1.0
45308,4,30,2023.6,-2,2024-01-17,2024-01-17 04:30:00,2024-01-17 04:30:00,GCG24.csv,161,GCG24.csv,-4.0,2025.0,2025.0,8094.4,8100.0,5.600000000000364
45308,8,30,2025.4,2,2024-01-17,2024-01-17 08:30:00,2024-01-17 08:30:00,GCG24.csv,2065,GCG24.csv,4.0,2025.3,2025.3,8101.6,8101.2,0.4000000000005457
45308,8,40,2028.2,1,2024-01-17,2024-01-17 08:40:00,2024-01-17 08:40:00,GCG24.csv,404,GCG24.csv,-1.0,2026.3,2026.3,2028.2,2026.3,-1.900000000000091
45308,9,0,2025.8,3,2024-01-17,2024-01-17 09:00:00,2024-01-17 09:00:00,GCG24.csv,460,GCG24.csv,2.0,2024.0,2024.0,4051.6,4048.0,3.599999999999909
45308,9,20,2022.3,5,2024-01-17,2024-01-17 09:20:00,2024-01-17 09:20:00,GCG24.csv,154,GCG24.csv,2.0,2022.4,2022.4,4044.6,4044.8,-0.20000000000027285
45308,9,40,2023.6,3,2024-01-17,2024-01-17 09:40:00,2024-01-17 09:40:00,GCG24.csv,225,GCG24.csv,-2.0,2022.1,2022.1,4047.2,4044.2,-3.0
45308,10,0,2015.1,4,2024-01-17,2024-01-17 10:00:00,2024-01-17 10:00:00,GCG24.csv,1683,GCG24.csv,1.0,2013.6,2013.6,2015.1,2013.6,1.5
45308,10,10,2016.1,5,2024-01-17,2024-01-17 10:10:00,2024-01-17 10:10:00,GCG24.csv,356,GCG24.csv,1.0,2012.4,2014.4,2016.1,2014.4,1.699999999999818
45308,10,20,2013.6,4,2024-01-17,2024-01-17 10:20:00,2024-01-17 10:20:00,GCG24.csv,724,GCG24.csv,-1.0,2014.6,2014.6,2013.6,2014.6,1.0
45308,11,0,2011.7,3,2024-01-17,2024-01-17 11:00:00,2024-01-17 11:00:00,GCG24.csv,212,GCG24.csv,-1.0,2015.4,2013.3,2011.7,2013.3,1.599999999999909
45308,12,0,2008.4,6,2024-01-17,2024-01-17 12:00:00,2024-01-17 12:00:00,GCG24.csv,127,GCG24.csv,3.0,2008.6,2008.6,6025.200000000001,6025.799999999999,-0.5999999999985448
45308,14,30,2008.3,5,2024-01-17,2024-01-17 14:30:00,2024-01-17 14:30:00,GCG24.csv,75,GCG24.csv,-1.0,2008.4,2008.4,2008.3,2008.4,0.10000000000013642
45309,1,30,2013.6,3,2024-01-18,2024-01-18 01:30:00,2024-01-18 01:30:00,GCG24.csv,62,GCG24.csv,-2.0,2014.0,2014.0,4027.2,4028.0,0.8000000000001819
45309,3,30,2013.7,5,2024-01-18,2024-01-18 03:30:00,2024-01-18 03:30:00,GCG24.csv,69,GCG24.csv,2.0,2011.9,2011.9,4027.4,4023.8,3.599999999999909
45309,4,30,2013.9,0,2024-01-18,2024-01-18 04:30:00,2024-01-18 04:30:00,GCG24.csv,152,GCG24.csv,-5.0,2014.8,2014.8,10069.5,10074.0,4.5
45309,6,0,2013.7,-1,2024-01-18,2024-01-18 06:00:00,2024-01-18 06:00:00,GCG24.csv,37,GCG24.csv,-1.0,2013.8,2013.8,2013.7,2013.8,0.09999999999990905
45309,8,30,2010.2,4,2024-01-18,2024-01-18 08:30:00,2024-01-18 08:30:00,GCG24.csv,1539,GCG24.csv,5.0,2012.1,2012.1,10051.0,10060.5,-9.5
45309,9,0,2011.3,5,2024-01-18,2024-01-18 09:00:00,2024-01-18 09:00:00,GCG24.csv,153,GCG24.csv,1.0,2012.7,2012.7,2011.3,2012.7,-1.400000000000091
45309,10,30,2016.0,7,2024-01-18,2024-01-18 10:30:00,2024-01-18 10:30:00,GCG24.csv,222,GCG24.csv,2.0,2016.5,2016.5,4032.0,4033.0,-1.0
45309,11,0,2015.8,6,2024-01-18,2024-01-18 11:00:00,2024-01-18 11:00:00,GCG24.csv,104,GCG24.csv,-1.0,2016.5,2016.5,2015.8,2016.5,0.7000000000000455
45309,12,0,2017.2,3,2024-01-18,2024-01-18 12:00:00,2024-01-18 12:00:00,GCG24.csv,229,GCG24.csv,-3.0,2016.8,2016.8,6051.6,6050.4,-1.2000000000007276
45309,14,30,2022.0,1,2024-01-18,2024-01-18 14:30:00,2024-01-18 14:30:00,GCG24.csv,101,GCG24.csv,-2.0,2023.4,2022.2,4044.0,4044.4,0.40000000000009095
45310,4,30,2032.3,2,2024-01-19,2024-01-19 04:30:00,2024-01-19 04:30:00,GCG24.csv,28,GCG24.csv,1.0,2030.0,2030.0,2032.3,2030.0,2.2999999999999545
45310,6,0,2032.6,6,2024-01-19,2024-01-19 06:00:00,2024-01-19 06:00:00,GCG24.csv,19,GCG24.csv,4.0,2032.5,2033.8,8130.4,8135.2,-4.800000000000182
45310,8,30,2038.8,5,2024-01-19,2024-01-19 08:30:00,2024-01-19 08:30:00,GCG24.csv,470,GCG24.csv,-1.0,2039.7,2039.7,2038.8,2039.7,0.900000000000091
45310,9,0,2037.7,1,2024-01-19,2024-01-19 09:00:00,2024-01-19 09:00:00,GCG24.csv,175,GCG24.csv,-4.0,2036.7,2036.7,8150.8,8146.8,-4.0
45310,9,40,2030.7,2,2024-01-19,2024-01-19 09:40:00,2024-01-19 09:40:00,GCG24.csv,725,GCG24.csv,1.0,2028.9,2028.9,2030.7,2028.9,1.7999999999999545
45310,9,50,2029.5,4,2024-01-19,2024-01-19 09:50:00,2024-01-19 09:50:00,GCG24.csv,257,GCG24.csv,2.0,2030.9,2030.9,4059.0,4061.8,-2.800000000000182
45310,10,0,2033.9,3,2024-01-19,2024-01-19 10:00:00,2024-01-19 10:00:00,GCG24.csv,1801,GCG24.csv,-1.0,2028.5,2028.5,2033.9,2028.5,-5.400000000000091
45310,10,10,2028.2,1,2024-01-19,2024-01-19 10:10:00,2024-01-19 10:10:00,GCG24.csv,315,GCG24.csv,-2.0,2027.1,2027.1,4056.4,4054.2,-2.200000000000273
45310,11,0,2029.8,5,2024-01-19,2024-01-19 11:00:00,2024-01-19 11:00:00,GCG24.csv,191,GCG24.csv,4.0,2029.6,2029.6,8119.2,8118.4,0.8000000000001819
45310,16,30,2031.6,0,2024-01-19,2024-01-19 16:30:00,2024-01-19 16:30:00,GCG24.csv,18,GCG24.csv,-5.0,2032.7,2031.9,10158.0,10159.5,1.5
45313,1,30,2025.8,1,2024-01-22,2024-01-22 01:30:00,2024-01-22 01:30:00,GCG24.csv,86,GCG24.csv,1.0,2025.5,2025.5,2025.8,2025.5,0.2999999999999545
45313,3,30,2027.0,0,2024-01-22,2024-01-22 03:30:00,2024-01-22 03:30:00,GCG24.csv,82,GCG24.csv,-1.0,2027.6,2024.5,2027.0,2024.5,-2.5
45313,4,30,2023.9,-3,2024-01-22,2024-01-22 04:30:00,2024-01-22 04:30:00,GCG24.csv,45,GCG24.csv,-3.0,2024.5,2024.5,6071.700000000001,6073.5,1.7999999999992724
45313,8,30,2026.9,0,2024-01-22,2024-01-22 08:30:00,2024-01-22 08:30:00,GCG24.csv,342,GCG24.csv,3.0,2026.3,2026.3,6080.700000000001,6078.9,1.8000000000010914
45313,10,30,2028.2,-1,2024-01-22,2024-01-22 10:30:00,2024-01-22 10:30:00,GCG24.csv,177,GCG24.csv,-1.0,2029.1,2026.8,2028.2,2026.8,-1.400000000000091
45313,12,0,2025.3,-4,2024-01-22,2024-01-22 12:00:00,2024-01-22 12:00:00,GCG24.csv,62,GCG24.csv,-3.0,2025.9,2024.6,6075.9,6073.799999999999,-2.100000000000364
45313,14,30,2021.7,-3,2024-01-22,2024-01-22 14:30:00,2024-01-22 14:30:00,GCG24.csv,25,GCG24.csv,1.0,2021.2,2021.2,2021.7,2021.2,0.5
45314,1,30,2031.6,1,2024-01-23,2024-01-23 01:30:00,2024-01-23 01:30:00,GCG24.csv,55,GCG24.csv,4.0,2030.9,2030.9,8126.4,8123.6,2.7999999999992724
45314,3,30,2031.7,-3,2024-01-23,2024-01-23 03:30:00,2024-01-23 03:30:00,GCG24.csv,40,GCG24.csv,-4.0,2032.8,2029.3,8126.8,8117.2,-9.600000000000364
45314,4,30,2031.3,0,2024-01-23,2024-01-23 04:30:00,2024-01-23 04:30:00,GCG24.csv,39,GCG24.csv,3.0,2030.7,2030.7,6093.9,6092.1,1.7999999999992724
45314,6,0,2026.4,-1,2024-01-23,2024-01-23 06:00:00,2024-01-23 06:00:00,GCG24.csv,176,GCG24.csv,-1.0,2026.5,2026.4,2026.4,2026.4,-0.0
45314,8,30,2029.8,-4,2024-01-23,2024-01-23 08:30:00,2024-01-23 08:30:00,GCG24.csv,202,GCG24.csv,-3.0,2028.4,2028.4,6089.4,6085.200000000001,-4.199999999998909
45314,9,0,2026.1,-6,2024-01-23,2024-01-23 09:00:00,2024-01-23 09:00:00,GCG24.csv,130,GCG24.csv,-2.0,2027.5,2027.5,4052.2,4055.0,2.800000000000182
45314,10,30,2026.1,-2,2024-01-23,2024-01-23 10:30:00,2024-01-23 10:30:00,GCG24.csv,175,GCG24.csv,4.0,2024.8,2024.8,8104.4,8099.2,5.199999999999818
45314,11,0,2026.7,0,2024-01-23,2024-01-23 11:00:00,2024-01-23 11:00:00,GCG24.csv,167,GCG24.csv,2.0,2027.0,2027.0,4053.4,4054.0,-0.599999999999909
45314,12,0,2027.0,4,2024-01-23,2024-01-23 12:00:00,2024-01-23 12:00:00,GCG24.csv,74,GCG24.csv,4.0,2025.8,2025.8,8108.0,8103.2,4.800000000000182
45314,14,30,2029.9,0,2024-01-23,2024-01-23 14:30:00,2024-01-23 14:30:00,GCG24.csv,112,GCG24.csv,-4.0,2031.5,2031.5,8119.6,8126.0,6.399999999999636
45315,9,0,2035.1,-3,2024-01-24,2024-01-24 09:00:00,2024-01-24 09:00:00,GCG24.csv,114,GCG24.csv,-3.0,2034.4,2034.4,6105.299999999999,6103.200000000001,-2.099999999998545
45315,9,40,2028.1,-2,2024-01-24,2024-01-24 09:40:00,2024-01-24 09:40:00,GCG24.csv,681,GCG24.csv,1.0,2024.5,2024.5,2028.1,2024.5,3.599999999999909
45315,9,50,2025.6,0,2024-01-24,2024-01-24 09:50:00,2024-01-24 09:50:00,GCG24.csv,681,GCG24.csv,2.0,2026.1,2026.1,4051.2,4052.2,-1.0
45315,10,0,2025.7,-1,2024-01-24,2024-01-24 10:00:00,2024-01-24 10:00:00,GCG24.csv,730,GCG24.csv,-1.0,2023.3,2023.3,2025.7,2023.3,-2.400000000000091
45315,10,10,2024.9,-3,2024-01-24,2024-01-24 10:10:00,2024-01-24 10:10:00,GCG24.csv,341,GCG24.csv,-2.0,2025.4,2025.4,4049.8,4050.8,1.0
45315,10,30,2020.7,-1,2024-01-24,2024-01-24 10:30:00,2024-01-24 10:30:00,GCG24.csv,729,GCG24.csv,2.0,2017.9,2017.9,4041.4,4035.8,5.599999999999909
45315,11,0,2016.0,2,2024-01-24,2024-01-24 11:00:00,2024-01-24 11:00:00,GCG24.csv,726,GCG24.csv,3.0,2015.3,2015.3,6048.0,6045.9,2.100000000000364
45315,12,0,2016.2,1,2024-01-24,2024-01-24 12:00:00,2024-01-24 12:00:00,GCG24.csv,256,GCG24.csv,-1.0,2018.6,2017.8,2016.2,2017.8,1.599999999999909
45315,14,0,2015.8,2,2024-01-24,2024-01-24 14:00:00,2024-01-24 14:00:00,GCG24.csv,23,GCG24.csv,1.0,2014.3,2015.0,2015.8,2015.0,0.7999999999999545
45315,14,30,2013.2,0,2024-01-24,2024-01-24 14:30:00,2024-01-24 14:30:00,GCG24.csv,46,GCG24.csv,-2.0,2014.7,2012.7,4026.4,4025.4,-1.0
45315,16,0,2012.9,-1,2024-01-24,2024-01-24 16:00:00,2024-01-24 16:00:00,GCG24.csv,49,GCG24.csv,-1.0,2013.7,2013.1,2012.9,2013.1,0.1999999999998181
45316,1,30,2015.3,-4,2024-01-25,2024-01-25 01:30:00,2024-01-25 01:30:00,GCG24.csv,40,GCG24.csv,-3.0,2016.5,2015.5,6045.9,6046.5,0.6000000000003638
45316,3,30,2013.2,-1,2024-01-25,2024-01-25 03:30:00,2024-01-25 03:30:00,GCG24.csv,183,GCG24.csv,3.0,2014.2,2014.2,6039.6,6042.6,-3.0
45316,4,30,2014.4,-5,2024-01-25,2024-01-25 04:30:00,2024-01-25 04:30:00,GCG24.csv,69,GCG24.csv,-4.0,2014.9,2014.9,8057.6,8059.6,2.0
45316,6,0,2019.3,-4,2024-01-25,2024-01-25 06:00:00,2024-01-25 06:00:00,GCG24.csv,48,GCG24.csv,1.0,2017.7,2018.4,2019.3,2018.4,0.8999999999998636
45316,8,30,2017.8,0,2024-01-25,2024-01-25 08:30:00,2024-01-25 08:30:00,GCG24.csv,4527,GCG24.csv,4.0,2017.7,2017.7,8071.2,8070.8,0.3999999999996362
45316,9,0,2019.3,-3,2024-01-25,2024-01-25 09:00:00,2024-01-25 09:00:00,GCG24.csv,244,GCG24.csv,-3.0,2021.2,2021.2,6057.9,6063.6,5.700000000000728
45316,10,30,2019.8,-1,2024-01-25,2024-01-25 10:30:00,2024-01-25 10:30:00,GCG24.csv,312,GCG24.csv,2.0,2017.4,2017.4,4039.6,4034.8,4.799999999999727
45316,11,0,2020.3,2,2024-01-25,2024-01-25 11:00:00,2024-01-25 11:00:00,GCG24.csv,155,GCG24.csv,3.0,2019.9,2019.9,6060.9,6059.700000000001,1.1999999999989086
45316,12,0,2014.4,5,2024-01-25,2024-01-25 12:00:00,2024-01-25 12:00:00,GCG24.csv,113,GCG24.csv,3.0,2012.8,2012.8,6043.200000000001,6038.4,4.800000000001091
45316,14,30,2018.1,3,2024-01-25,2024-01-25 14:30:00,2024-01-25 14:30:00,GCG24.csv,44,GCG24.csv,-2.0,2018.7,2018.1,4036.2,4036.2,-0.0
45317,9,0,2024.3,0,2024-01-26,2024-01-26 09:00:00,2024-01-26 09:00:00,GCG24.csv,285,GCG24.csv,-3.0,2025.2,2025.2,6072.9,6075.6,2.7000000000007276
45317,10,30,2017.8,2,2024-01-26,2024-01-26 10:30:00,2024-01-26 10:30:00,GCG24.csv,104,GCG24.csv,2.0,2017.3,2017.3,4035.6,4034.6,1.0
45317,11,0,2016.6,5,2024-01-26,2024-01-26 11:00:00,2024-01-26 11:00:00,GCG24.csv,92,GCJ24.csv,3.0,2035.0,2035.0,6049.799999999999,6105.0,-55.20000000000073
45317,12,0,2017.8,4,2024-01-26,2024-01-26 12:00:00,2024-01-26 12:00:00,GCG24.csv,40,GCG24.csv,-1.0,2017.6,2017.6,2017.8,2017.6,-0.20000000000004547
45317,14,30,2015.8,2,2024-01-26,2024-01-26 14:30:00,2024-01-26 14:30:00,GCG24.csv,48,GCG24.csv,-2.0,2016.4,2016.4,4031.6,4032.8,1.2000000000002728
45317,16,30,2018.6,0,2024-01-26,2024-01-26 16:30:00,2024-01-26 16:30:00,GCG24.csv,11,GCG24.csv,-2.0,2018.3,2018.3,4037.2,4036.6,-0.599999999999909
45320,1,30,2026.6,4,2024-01-29,2024-01-29 01:30:00,2024-01-29 01:30:00,GCJ24.csv,13,GCJ24.csv,4.0,2045.0,2045.0,8106.4,8180.0,-73.60000000000036
45320,3,30,2031.3,0,2024-01-29,2024-01-29 03:30:00,2024-01-29 03:30:00,GCJ24.csv,170,GCJ24.csv,-4.0,2050.5,2050.5,8125.2,8202.0,76.80000000000018
45320,4,30,2029.6,1,2024-01-29,2024-01-29 04:30:00,2024-01-29 04:30:00,GCJ24.csv,27,GCJ24.csv,1.0,2048.0,2048.0,2029.6,2048.0,-18.40000000000009
45320,6,0,2026.9,-1,2024-01-29,2024-01-29 06:00:00,2024-01-29 06:00:00,GCJ24.csv,43,GCJ24.csv,-2.0,2046.3,2046.3,4053.8,4092.6,38.79999999999973
45320,8,30,2030.9,-2,2024-01-29,2024-01-29 08:30:00,2024-01-29 08:30:00,GCJ24.csv,326,GCJ24.csv,-1.0,2050.4,2050.4,2030.9,2050.4,19.5
45320,9,0,2036.3,-5,2024-01-29,2024-01-29 09:00:00,2024-01-29 09:00:00,GCJ24.csv,203,GCJ24.csv,-3.0,2055.7000000000003,2055.7000000000003,6108.9,6167.1,58.20000000000073
45320,9,30,2032.0,-3,2024-01-29,2024-01-29 09:30:00,2024-01-29 09:30:00,GCJ24.csv,559,GCJ24.csv,2.0,2050.7,2050.7,4064.0,4101.4,-37.399999999999636
45320,9,40,2026.2,-2,2024-01-29,2024-01-29 09:40:00,2024-01-29 09:40:00,GCJ24.csv,1448,GCJ24.csv,1.0,2045.0,2045.0,2026.2,2045.0,-18.799999999999955
45320,10,0,2023.5,-3,2024-01-29,2024-01-29 10:00:00,2024-01-29 10:00:00,GCJ24.csv,550,GCJ24.csv,-1.0,2043.3,2043.3,2023.5,2043.3,19.799999999999955
45320,10,10,2023.9,-5,2024-01-29,2024-01-29 10:10:00,2024-01-29 10:10:00,GCJ24.csv,276,GCJ24.csv,-2.0,2043.8,2041.0,4047.8,4082.0,34.19999999999982
45320,10,30,2020.5,-1,2024-01-29,2024-01-29 10:30:00,2024-01-29 10:30:00,GCJ24.csv,315,GCJ24.csv,4.0,2039.0,2041.9,8082.0,8167.6,-85.60000000000036
45320,11,0,2024.5,2,2024-01-29,2024-01-29 11:00:00,2024-01-29 11:00:00,GCJ24.csv,98,GCJ24.csv,3.0,2042.8,2043.6,6073.5,6130.799999999999,-57.29999999999927
45320,12,0,2026.0,3,2024-01-29,2024-01-29 12:00:00,2024-01-29 12:00:00,GCJ24.csv,97,GCJ24.csv,1.0,2044.5,2045.7,2026.0,2045.7,-19.700000000000045
45320,14,30,2025.7,-1,2024-01-29,2024-01-29 14:30:00,2024-01-29 14:30:00,GCG24.csv,81,GCJ24.csv,-4.0,2045.3,2044.7,8102.8,8178.8,76.0
45321,1,30,2033.9,1,2024-01-30,2024-01-30 01:30:00,2024-01-30 01:30:00,GCJ24.csv,49,GCJ24.csv,2.0,2052.6,2052.6,4067.8,4105.2,-37.399999999999636
45321,3,30,2037.0,-1,2024-01-30,2024-01-30 03:30:00,2024-01-30 03:30:00,GCJ24.csv,90,GCJ24.csv,-2.0,2056.6,2056.6,4074.0,4113.2,39.19999999999982
45321,4,30,2035.9,1,2024-01-30,2024-01-30 04:30:00,2024-01-30 04:30:00,GCJ24.csv,146,GCJ24.csv,2.0,2055.3,2055.3,4071.8,4110.6,-38.80000000000018
45321,6,0,2034.3,3,2024-01-30,2024-01-30 06:00:00,2024-01-30 06:00:00,GCJ24.csv,64,GCJ24.csv,2.0,2053.8,2053.8,4068.6,4107.6,-39.000000000000455
45321,8,30,2034.2,1,2024-01-30,2024-01-30 08:30:00,2024-01-30 08:30:00,GCJ24.csv,266,GCJ24.csv,-2.0,2054.7,2054.7,4068.4,4109.4,40.999999999999545
45321,9,0,2036.7,-2,2024-01-30,2024-01-30 09:00:00,2024-01-30 09:00:00,GCJ24.csv,414,GCJ24.csv,-3.0,2056.3,2056.3,6110.1,6168.900000000001,58.80000000000018
45321,9,10,2039.9,-4,2024-01-30,2024-01-30 09:10:00,2024-01-30 09:10:00,GCJ24.csv,534,GCJ24.csv,-2.0,2061.4,2061.4,4079.8,4122.8,43.0
45321,9,20,2044.6,-6,2024-01-30,2024-01-30 09:20:00,2024-01-30 09:20:00,GCJ24.csv,940,GCJ24.csv,-2.0,2064.9,2064.9,4089.2,4129.8,40.600000000000364
45321,9,40,2046.2,-4,2024-01-30,2024-01-30 09:40:00,2024-01-30 09:40:00,GCJ24.csv,703,GCJ24.csv,2.0,2064.8,2064.8,4092.4,4129.6,-37.20000000000027
45321,9,50,2045.7,-2,2024-01-30,2024-01-30 09:50:00,2024-01-30 09:50:00,GCJ24.csv,911,GCJ24.csv,2.0,2064.3,2064.3,4091.4,4128.6,-37.20000000000027
45321,10,10,2036.5,-1,2024-01-30,2024-01-30 10:10:00,2024-01-30 10:10:00,GCJ24.csv,814,GCJ24.csv,1.0,2054.5,2054.5,2036.5,2054.5,-18.0
45321,10,30,2028.1,2,2024-01-30,2024-01-30 10:30:00,2024-01-30 10:30:00,GCJ24.csv,628,GCJ24.csv,3.0,2048.2,2050.5,6084.299999999999,6151.5,-67.20000000000073
45321,10,50,2032.1,1,2024-01-30,2024-01-30 10:50:00,2024-01-30 10:50:00,GCJ24.csv,213,GCJ24.csv,-1.0,2051.4,2051.4,2032.1,2051.4,19.300000000000182
45321,11,0,2031.5,4,2024-01-30,2024-01-30 11:00:00,2024-01-30 11:00:00,GCJ24.csv,324,GCJ24.csv,3.0,2050.1,2051.6,6094.5,6154.799999999999,-60.29999999999927
45321,12,0,2034.4,1,2024-01-30,2024-01-30 12:00:00,2024-01-30 12:00:00,GCJ24.csv,122,GCJ24.csv,-3.0,2054.4,2053.7,6103.200000000001,6161.099999999999,57.89999999999873
45321,14,30,2034.7,-2,2024-01-30,2024-01-30 14:30:00,2024-01-30 14:30:00,GCJ24.csv,60,GCJ24.csv,-3.0,2055.3,2055.3,6104.1,6165.900000000001,61.80000000000018
45322,6,0,2035.9,-4,2024-01-31,2024-01-31 06:00:00,2024-01-31 06:00:00,GCJ24.csv,51,GCJ24.csv,-2.0,2055.4,2055.4,4071.8,4110.8,39.0
45322,9,0,2040.9,-7,2024-01-31,2024-01-31 09:00:00,2024-01-31 09:00:00,GCJ24.csv,663,GCJ24.csv,-3.0,2060.5,2060.5,6122.700000000001,6181.5,58.79999999999927
45322,11,0,2053.1,-4,2024-01-31,2024-01-31 11:00:00,2024-01-31 11:00:00,GCJ24.csv,410,GCJ24.csv,3.0,2069.9,2069.9,6159.299999999999,6209.700000000001,-50.400000000001455
45322,12,0,2049.3,-2,2024-01-31,2024-01-31 12:00:00,2024-01-31 12:00:00,GCJ24.csv,77,GCJ24.csv,2.0,2067.2,2068.6,4098.6,4137.2,-38.599999999999454
45323,4,30,2059.6,2,2024-02-01,2024-02-01 04:30:00,2024-02-01 04:30:00,GCJ24.csv,42,GCJ24.csv,4.0,2059.2,2059.2,8238.4,8236.8,1.6000000000003638
45323,6,0,2048.7,4,2024-02-01,2024-02-01 06:00:00,2024-02-01 06:00:00,GCJ24.csv,409,GCJ24.csv,2.0,2048.3,2048.3,4097.4,4096.6,0.7999999999992724
45323,8,30,2049.4,0,2024-02-01,2024-02-01 08:30:00,2024-02-01 08:30:00,GCJ24.csv,1673,GCJ24.csv,-4.0,2050.1,2050.1,8197.6,8200.4,2.7999999999992724
45323,8,40,2057.4,-2,2024-02-01,2024-02-01 08:40:00,2024-02-01 08:40:00,GCJ24.csv,1443,GCJ24.csv,-2.0,2058.1,2058.1,4114.8,4116.2,1.3999999999996362
45323,8,50,2057.7,-3,2024-02-01,2024-02-01 08:50:00,2024-02-01 08:50:00,GCJ24.csv,399,GCJ24.csv,-1.0,2058.4,2058.4,2057.7,2058.4,0.7000000000002728
45323,9,0,2057.0,0,2024-02-01,2024-02-01 09:00:00,2024-02-01 09:00:00,GCJ24.csv,366,GCJ24.csv,3.0,2056.1,2060.5,6171.0,6181.5,-10.5
45323,9,10,2059.6,1,2024-02-01,2024-02-01 09:10:00,2024-02-01 09:10:00,GCJ24.csv,270,GCJ24.csv,1.0,2058.7,2063.5,2059.6,2063.5,-3.900000000000091
45323,9,20,2062.6,-1,2024-02-01,2024-02-01 09:20:00,2024-02-01 09:20:00,GCJ24.csv,379,GCJ24.csv,-2.0,2063.4,2063.4,4125.2,4126.8,1.6000000000003638
45323,9,30,2065.2,-2,2024-02-01,2024-02-01 09:30:00,2024-02-01 09:30:00,GCJ24.csv,950,GCJ24.csv,-1.0,2066.1,2066.1,2065.2,2066.1,0.900000000000091
45323,9,40,2065.5,0,2024-02-01,2024-02-01 09:40:00,2024-02-01 09:40:00,GCJ24.csv,290,GCJ24.csv,2.0,2064.6,2064.6,4131.0,4129.2,1.800000000000182
45323,9,50,2064.9,1,2024-02-01,2024-02-01 09:50:00,2024-02-01 09:50:00,GCJ24.csv,811,GCJ24.csv,1.0,2064.0,2064.0,2064.9,2064.0,0.900000000000091
45323,10,0,2058.4,2,2024-02-01,2024-02-01 10:00:00,2024-02-01 10:00:00,GCJ24.csv,2747,GCJ24.csv,1.0,2057.5,2065.5,2058.4,2065.5,-7.099999999999909
45323,10,20,2065.2,1,2024-02-01,2024-02-01 10:20:00,2024-02-01 10:20:00,GCJ24.csv,349,GCJ24.csv,-1.0,2066.1,2066.1,2065.2,2066.1,0.900000000000091
45323,10,30,2066.2,0,2024-02-01,2024-02-01 10:30:00,2024-02-01 10:30:00,GCJ24.csv,292,GCJ24.csv,-1.0,2067.1,2067.1,2066.2,2067.1,0.900000000000091
45323,11,0,2069.6,-1,2024-02-01,2024-02-01 11:00:00,2024-02-01 11:00:00,GCJ24.csv,967,GCJ24.csv,-1.0,2070.5,2070.5,2069.6,2070.5,0.900000000000091
45323,12,0,2076.9,-5,2024-02-01,2024-02-01 12:00:00,2024-02-01 12:00:00,GCJ24.csv,356,GCJ24.csv,-4.0,2077.8,2077.8,8307.6,8311.2,3.600000000000364
45323,14,30,2073.5,-4,2024-02-01,2024-02-01 14:30:00,2024-02-01 14:30:00,GCJ24.csv,38,GCJ24.csv,1.0,2072.6,2072.6,2073.5,2072.6,0.900000000000091
45324,1,30,2073.0,0,2024-02-02,2024-02-02 01:30:00,2024-02-02 01:30:00,GCJ24.csv,50,GCJ24.csv,4.0,2072.6,2072.6,8292.0,8290.4,1.6000000000003638
45324,3,30,2072.3,-4,2024-02-02,2024-02-02 03:30:00,2024-02-02 03:30:00,GCJ24.csv,28,GCJ24.csv,-4.0,2072.7000000000003,2072.7000000000003,8289.2,8290.800000000001,1.6000000000003638
45324,4,30,2071.9,0,2024-02-02,2024-02-02 04:30:00,2024-02-02 04:30:00,GCJ24.csv,47,GCJ24.csv,4.0,2071.5,2071.5,8287.6,8286.0,1.6000000000003638
45324,6,0,2071.7,-2,2024-02-02,2024-02-02 06:00:00,2024-02-02 06:00:00,GCJ24.csv,26,GCJ24.csv,-2.0,2072.2,2072.2,4143.4,4144.4,1.0
45324,8,30,2070.1,-6,2024-02-02,2024-02-02 08:30:00,2024-02-02 08:30:00,GCJ24.csv,7454,GCJ24.csv,-4.0,2057.9,2057.9,8280.4,8231.6,-48.79999999999927
45324,8,40,2053.6,-4,2024-02-02,2024-02-02 08:40:00,2024-02-02 08:40:00,GCJ24.csv,4023,GCJ24.csv,2.0,2050.9,2050.9,4107.2,4101.8,5.399999999999636
45324,9,20,2048.2,-6,2024-02-02,2024-02-02 09:20:00,2024-02-02 09:20:00,GCJ24.csv,651,GCJ24.csv,-2.0,2047.9,2047.9,4096.4,4095.8,-0.5999999999994543
45324,9,50,2051.3,-7,2024-02-02,2024-02-02 09:50:00,2024-02-02 09:50:00,GCJ24.csv,836,GCJ24.csv,-1.0,2050.9,2050.9,2051.3,2050.9,-0.40000000000009095
45324,10,10,2049.7,-6,2024-02-02,2024-02-02 10:10:00,2024-02-02 10:10:00,GCJ24.csv,315,GCJ24.csv,1.0,2049.4,2049.4,2049.7,2049.4,0.29999999999972715
45324,10,20,2046.9,-4,2024-02-02,2024-02-02 10:20:00,2024-02-02 10:20:00,GCJ24.csv,298,GCJ24.csv,2.0,2045.9,2045.9,4093.8,4091.8,2.0
45324,10,30,2047.8,0,2024-02-02,2024-02-02 10:30:00,2024-02-02 10:30:00,GCJ24.csv,323,GCJ24.csv,4.0,2046.6,2046.6,8191.2,8186.4,4.800000000000182
45324,10,40,2049.7,-2,2024-02-02,2024-02-02 10:40:00,2024-02-02 10:40:00,GCJ24.csv,1159,GCJ24.csv,-2.0,2051.7000000000003,2051.7000000000003,4099.4,4103.400000000001,4.0000000000009095
45324,12,0,2053.3,2,2024-02-02,2024-02-02 12:00:00,2024-02-02 12:00:00,GCJ24.csv,154,GCJ24.csv,4.0,2052.4,2052.9,8213.2,8211.6,1.6000000000003638
45324,14,0,2054.5,1,2024-02-02,2024-02-02 14:00:00,2024-02-02 14:00:00,GCJ24.csv,32,GCJ24.csv,-1.0,2055.0,2053.8,2054.5,2053.8,-0.6999999999998181
45324,14,30,2054.3,-3,2024-02-02,2024-02-02 14:30:00,2024-02-02 14:30:00,GCJ24.csv,61,GCJ24.csv,-4.0,2054.5,2053.9,8217.2,8215.6,-1.6000000000003638
45324,16,0,2053.2,-2,2024-02-02,2024-02-02 16:00:00,2024-02-02 16:00:00,GCJ24.csv,95,GCJ24.csv,1.0,2053.3,2053.3,2053.2,2053.3,-0.1000000000003638
45324,16,30,2054.5,0,2024-02-02,2024-02-02 16:30:00,2024-02-02 16:30:00,GCJ24.csv,33,GCJ24.csv,2.0,2054.2,2054.9,4109.0,4109.8,-0.8000000000001819
45327,1,30,2046.9,-2,2024-02-05,2024-02-05 01:30:00,2024-02-05 01:30:00,GCJ24.csv,40,GCJ24.csv,-2.0,2047.4,2045.6,4093.8,4091.2,-2.600000000000364
45327,3,30,2039.2,0,2024-02-05,2024-02-05 03:30:00,2024-02-05 03:30:00,GCJ24.csv,191,GCJ24.csv,2.0,2038.8,2038.8,4078.4,4077.6,0.8000000000001819
45327,4,30,2037.8,-4,2024-02-05,2024-02-05 04:30:00,2024-02-05 04:30:00,GCJ24.csv,144,GCJ24.csv,-4.0,2038.3,2037.6,8151.2,8150.4,-0.8000000000001819
45327,6,0,2040.6,-5,2024-02-05,2024-02-05 06:00:00,2024-02-05 06:00:00,GCJ24.csv,67,GCJ24.csv,-1.0,2041.1,2041.1,2040.6,2041.1,0.5
45327,8,30,2033.3,-1,2024-02-05,2024-02-05 08:30:00,2024-02-05 08:30:00,GCJ24.csv,651,GCJ24.csv,4.0,2032.9,2032.9,8133.2,8131.6,1.5999999999994543
45327,9,0,2032.1,-2,2024-02-05,2024-02-05 09:00:00,2024-02-05 09:00:00,GCJ24.csv,378,GCJ24.csv,-1.0,2032.6,2032.6,2032.1,2032.6,0.5
45327,9,50,2038.6,-4,2024-02-05,2024-02-05 09:50:00,2024-02-05 09:50:00,GCJ24.csv,523,GCJ24.csv,-2.0,2039.1,2039.1,4077.2,4078.2,1.0
45327,10,0,2035.3,-2,2024-02-05,2024-02-05 10:00:00,2024-02-05 10:00:00,GCJ24.csv,2177,GCJ24.csv,2.0,2034.7,2034.7,4070.6,4069.4,1.199999999999818
45327,10,10,2035.2,0,2024-02-05,2024-02-05 10:10:00,2024-02-05 10:10:00,GCJ24.csv,311,GCJ24.csv,2.0,2034.3,2034.3,4070.4,4068.6,1.800000000000182
45327,10,20,2034.9,-2,2024-02-05,2024-02-05 10:20:00,2024-02-05 10:20:00,GCJ24.csv,313,GCJ24.csv,-2.0,2035.6,2035.6,4069.8,4071.2,1.3999999999996362
45327,10,30,2035.3,1,2024-02-05,2024-02-05 10:30:00,2024-02-05 10:30:00,GCJ24.csv,287,GCJ24.csv,3.0,2034.7,2034.7,6105.9,6104.1,1.7999999999992724
45327,11,0,2034.3,2,2024-02-05,2024-02-05 11:00:00,2024-02-05 11:00:00,GCJ24.csv,122,GCJ24.csv,1.0,2033.6,2035.5,2034.3,2035.5,-1.2000000000000455
45327,12,0,2038.5,4,2024-02-05,2024-02-05 12:00:00,2024-02-05 12:00:00,GCJ24.csv,309,GCJ24.csv,2.0,2037.7,2038.7,4077.0,4077.4,-0.40000000000009095
45327,14,0,2042.3,2,2024-02-05,2024-02-05 14:00:00,2024-02-05 14:00:00,GCJ24.csv,182,GCJ24.csv,-2.0,2042.7,2042.7,4084.6,4085.4,0.8000000000001819
45327,14,30,2042.8,-1,2024-02-05,2024-02-05 14:30:00,2024-02-05 14:30:00,GCJ24.csv,38,GCJ24.csv,-3.0,2043.2,2043.2,6128.4,6129.6,1.2000000000007276
45327,16,0,2041.5,1,2024-02-05,2024-02-05 16:00:00,2024-02-05 16:00:00,GCJ24.csv,93,GCJ24.csv,2.0,2041.0,2041.0,4083.0,4082.0,1.0
45328,1,30,2043.2,4,2024-02-06,2024-02-06 01:30:00,2024-02-06 01:30:00,GCJ24.csv,40,GCJ24.csv,3.0,2042.4,2042.4,6129.6,6127.200000000001,2.399999999999636
45328,3,30,2041.9,1,2024-02-06,2024-02-06 03:30:00,2024-02-06 03:30:00,GCJ24.csv,48,GCJ24.csv,-3.0,2041.2,2041.2,6125.700000000001,6123.6,-2.100000000000364
45328,4,30,2040.4,-3,2024-02-06,2024-02-06 04:30:00,2024-02-06 04:30:00,GCJ24.csv,50,GCJ24.csv,-4.0,2040.4,2040.4,8161.6,8161.6,-0.0
45328,6,0,2039.9,-2,2024-02-06,2024-02-06 06:00:00,2024-02-06 06:00:00,GCJ24.csv,21,GCJ24.csv,1.0,2039.4,2039.4,2039.9,2039.4,0.5
45328,8,30,2043.3,2,2024-02-06,2024-02-06 08:30:00,2024-02-06 08:30:00,GCJ24.csv,117,GCJ24.csv,4.0,2043.9,2043.9,8173.2,8175.6,-2.4000000000005457
45328,9,0,2045.2,0,2024-02-06,2024-02-06 09:00:00,2024-02-06 09:00:00,GCJ24.csv,160,GCJ24.csv,-2.0,2046.0,2046.0,4090.4,4092.0,1.599999999999909
45328,10,30,2051.6,-2,2024-02-06,2024-02-06 10:30:00,2024-02-06 10:30:00,GCJ24.csv,173,GCJ24.csv,-2.0,2052.1,2052.1,4103.2,4104.2,1.0
45328,11,0,2052.6,0,2024-02-06,2024-02-06 11:00:00,2024-02-06 11:00:00,GCJ24.csv,168,GCJ24.csv,2.0,2052.3,2052.3,4105.2,4104.6,0.5999999999994543
45328,12,0,2052.9,-3,2024-02-06,2024-02-06 12:00:00,2024-02-06 12:00:00,GCJ24.csv,342,GCJ24.csv,-3.0,2053.7,2052.1,6158.700000000001,6156.299999999999,-2.400000000001455
45328,14,30,2052.5,-1,2024-02-06,2024-02-06 14:30:00,2024-02-06 14:30:00,GCJ24.csv,28,GCJ24.csv,2.0,2052.3,2052.3,4105.0,4104.6,0.3999999999996362
45329,4,30,2049.9,-3,2024-02-07,2024-02-07 04:30:00,2024-02-07 04:30:00,GCJ24.csv,57,GCJ24.csv,-2.0,2050.3,2050.3,4099.8,4100.6,0.8000000000001819
45329,6,0,2049.0,-2,2024-02-07,2024-02-07 06:00:00,2024-02-07 06:00:00,GCJ24.csv,57,GCJ24.csv,1.0,2048.6,2048.6,2049.0,2048.6,0.40000000000009095
45329,8,30,2050.6,0,2024-02-07,2024-02-07 08:30:00,2024-02-07 08:30:00,GCJ24.csv,64,GCJ24.csv,2.0,2050.2,2050.2,4101.2,4100.4,0.8000000000001819
45329,9,0,2052.1,1,2024-02-07,2024-02-07 09:00:00,2024-02-07 09:00:00,GCJ24.csv,111,GCJ24.csv,1.0,2051.6,2051.6,2052.1,2051.6,0.5
45329,9,50,2060.4,0,2024-02-07,2024-02-07 09:50:00,2024-02-07 09:50:00,GCJ24.csv,892,GCJ24.csv,-1.0,2060.8,2060.8,2060.4,2060.8,0.40000000000009095
45329,10,0,2059.1,-1,2024-02-07,2024-02-07 10:00:00,2024-02-07 10:00:00,GCJ24.csv,625,GCJ24.csv,-1.0,2059.7,2055.9,2059.1,2055.9,-3.199999999999818
45329,10,10,2055.9,2,2024-02-07,2024-02-07 10:10:00,2024-02-07 10:10:00,GCJ24.csv,268,GCJ24.csv,3.0,2055.1,2055.1,6167.700000000001,6165.299999999999,2.400000000001455
45329,10,20,2051.8,3,2024-02-07,2024-02-07 10:20:00,2024-02-07 10:20:00,GCJ24.csv,447,GCJ24.csv,1.0,2051.0,2055.8,2051.8,2055.8,-4.0
45329,10,30,2055.1,-1,2024-02-07,2024-02-07 10:30:00,2024-02-07 10:30:00,GCJ24.csv,285,GCJ24.csv,-4.0,2055.7,2055.7,8220.4,8222.8,2.399999999999636
45329,11,0,2054.3,-2,2024-02-07,2024-02-07 11:00:00,2024-02-07 11:00:00,GCJ24.csv,142,GCJ24.csv,-1.0,2055.2000000000003,2055.2000000000003,2054.3,2055.2000000000003,0.900000000000091
45329,12,0,2054.5,-1,2024-02-07,2024-02-07 12:00:00,2024-02-07 12:00:00,GCJ24.csv,136,GCJ24.csv,1.0,2053.7,2053.7,2054.5,2053.7,0.8000000000001819
45329,14,30,2051.6,1,2024-02-07,2024-02-07 14:30:00,2024-02-07 14:30:00,GCJ24.csv,17,GCJ24.csv,2.0,2051.2,2051.2,4103.2,4102.4,0.8000000000001819
45330,1,30,2048.4,-1,2024-02-08,2024-02-08 01:30:00,2024-02-08 01:30:00,GCJ24.csv,24,GCJ24.csv,-2.0,2048.6,2047.9,4096.8,4095.8,-1.0
45330,3,30,2045.2,1,2024-02-08,2024-02-08 03:30:00,2024-02-08 03:30:00,GCJ24.csv,424,GCJ24.csv,2.0,2044.2,2044.2,4090.4,4088.4,2.0
45330,4,30,2045.1,-2,2024-02-08,2024-02-08 04:30:00,2024-02-08 04:30:00,GCJ24.csv,40,GCJ24.csv,-3.0,2045.2,2045.2,6135.299999999999,6135.6,0.3000000000010914
45330,6,0,2051.1,0,2024-02-08,2024-02-08 06:00:00,2024-02-08 06:00:00,GCJ24.csv,49,GCJ24.csv,2.0,2050.7,2050.7,4102.2,4101.4,0.8000000000001819
45330,8,30,2040.1,3,2024-02-08,2024-02-08 08:30:00,2024-02-08 08:30:00,GCJ24.csv,840,GCJ24.csv,3.0,2038.2,2038.2,6120.299999999999,6114.6,5.699999999998909
45330,9,0,2035.6,4,2024-02-08,2024-02-08 09:00:00,2024-02-08 09:00:00,GCJ24.csv,971,GCJ24.csv,1.0,2034.4,2037.8,2035.6,2037.8,-2.2000000000000455
45330,9,20,2038.2,3,2024-02-08,2024-02-08 09:20:00,2024-02-08 09:20:00,GCJ24.csv,187,GCJ24.csv,-1.0,2039.1,2039.1,2038.2,2039.1,0.8999999999998636
45330,9,30,2043.3,2,2024-02-08,2024-02-08 09:30:00,2024-02-08 09:30:00,GCJ24.csv,556,GCJ24.csv,-1.0,2044.5,2044.5,2043.3,2044.5,1.2000000000000455
45330,9,50,2045.2,3,2024-02-08,2024-02-08 09:50:00,2024-02-08 09:50:00,GCJ24.csv,89,GCJ24.csv,1.0,2044.4,2044.4,2045.2,2044.4,0.7999999999999545
45330,10,30,2045.1,6,2024-02-08,2024-02-08 10:30:00,2024-02-08 10:30:00,GCJ24.csv,214,GCJ24.csv,3.0,2044.1,2045.0,6135.299999999999,6135.0,0.2999999999992724
45330,14,30,2047.7,3,2024-02-08,2024-02-08 14:30:00,2024-02-08 14:30:00,GCJ24.csv,54,GCJ24.csv,-3.0,2047.9,2047.9,6143.1,6143.700000000001,0.6000000000003638
45331,1,30,2047.9,0,2024-02-09,2024-02-09 01:30:00,2024-02-09 01:30:00,GCJ24.csv,10,GCJ24.csv,-3.0,2048.3,2048.3,6143.700000000001,6144.900000000001,1.199999999999818
45331,3,30,2047.4,3,2024-02-09,2024-02-09 03:30:00,2024-02-09 03:30:00,GCJ24.csv,81,GCJ24.csv,3.0,2047.0,2047.0,6142.200000000001,6141.0,1.2000000000007276
45331,4,30,2047.0,4,2024-02-09,2024-02-09 04:30:00,2024-02-09 04:30:00,GCJ24.csv,30,GCJ24.csv,1.0,2046.6,2047.6,2047.0,2047.6,-0.599999999999909
45331,6,0,2047.5,0,2024-02-09,2024-02-09 06:00:00,2024-02-09 06:00:00,GCJ24.csv,28,GCJ24.csv,-4.0,2047.9,2046.9,8190.0,8187.6,-2.399999999999636
45331,8,30,2041.3,-1,2024-02-09,2024-02-09 08:30:00,2024-02-09 08:30:00,GCJ24.csv,827,GCJ24.csv,-1.0,2041.7,2041.7,2041.3,2041.7,0.40000000000009095
45331,9,0,2041.3,-2,2024-02-09,2024-02-09 09:00:00,2024-02-09 09:00:00,GCJ24.csv,520,GCJ24.csv,-1.0,2042.0,2042.0,2041.3,2042.0,0.7000000000000455
45331,10,30,2038.1,0,2024-02-09,2024-02-09 10:30:00,2024-02-09 10:30:00,GCJ24.csv,97,GCJ24.csv,2.0,2037.4,2038.8,4076.2,4077.6,-1.400000000000091
45331,11,0,2036.9,1,2024-02-09,2024-02-09 11:00:00,2024-02-09 11:00:00,GCJ24.csv,310,GCJ24.csv,1.0,2036.2,2036.2,2036.9,2036.2,0.7000000000000455
45331,14,30,2039.3,-1,2024-02-09,2024-02-09 14:30:00,2024-02-09 14:30:00,GCJ24.csv,31,GCJ24.csv,-2.0,2039.6,2039.6,4078.6,4079.2,0.599999999999909
45331,16,30,2039.6,0,2024-02-09,2024-02-09 16:30:00,2024-02-09 16:30:00,GCJ24.csv,11,GCJ24.csv,1.0,2039.2,2039.2,2039.6,2039.2,0.3999999999998636
45334,4,30,2036.4,-4,2024-02-12,2024-02-12 04:30:00,2024-02-12 04:30:00,GCJ24.csv,84,GCJ24.csv,-4.0,2036.9,2036.9,8145.6,8147.6,2.0
45334,6,0,2035.1,-6,2024-02-12,2024-02-12 06:00:00,2024-02-12 06:00:00,GCJ24.csv,82,GCJ24.csv,-2.0,2035.6,2034.8,4070.2,4069.6,-0.599999999999909
45334,8,30,2037.6,-2,2024-02-12,2024-02-12 08:30:00,2024-02-12 08:30:00,GCJ24.csv,334,GCJ24.csv,4.0,2035.9,2036.7,8150.4,8146.8,3.5999999999994543
45334,9,20,2030.7,-3,2024-02-12,2024-02-12 09:20:00,2024-02-12 09:20:00,GCJ24.csv,587,GCJ24.csv,-1.0,2029.0,2029.0,2030.7,2029.0,-1.7000000000000455
45334,10,30,2028.6,-1,2024-02-12,2024-02-12 10:30:00,2024-02-12 10:30:00,GCJ24.csv,136,GCJ24.csv,2.0,2027.7,2027.7,4057.2,4055.4,1.7999999999997272
45334,11,0,2026.6,0,2024-02-12,2024-02-12 11:00:00,2024-02-12 11:00:00,GCJ24.csv,237,GCJ24.csv,1.0,2024.8,2027.2,2026.6,2027.2,-0.6000000000001364
45334,12,0,2029.7,-2,2024-02-12,2024-02-12 12:00:00,2024-02-12 12:00:00,GCJ24.csv,111,GCJ24.csv,-2.0,2030.3,2030.3,4059.4,4060.6,1.199999999999818
45334,14,0,2035.2,-3,2024-02-12,2024-02-12 14:00:00,2024-02-12 14:00:00,GCJ24.csv,93,GCJ24.csv,-1.0,2035.2,2035.2,2035.2,2035.2,-0.0
45334,14,30,2032.9,-5,2024-02-12,2024-02-12 14:30:00,2024-02-12 14:30:00,GCJ24.csv,84,GCJ24.csv,-2.0,2033.0,2033.0,4065.8,4066.0,0.1999999999998181
45334,16,0,2034.0,-4,2024-02-12,2024-02-12 16:00:00,2024-02-12 16:00:00,GCJ24.csv,88,GCJ24.csv,1.0,2033.8,2034.1,2034.0,2034.1,-0.09999999999990905
45335,1,30,2034.9,-1,2024-02-13,2024-02-13 01:30:00,2024-02-13 01:30:00,GCJ24.csv,29,GCJ24.csv,3.0,2035.1,2035.1,6104.700000000001,6105.299999999999,-0.5999999999985448
45335,3,30,2038.3,-4,2024-02-13,2024-02-13 03:30:00,2024-02-13 03:30:00,GCJ24.csv,182,GCJ24.csv,-3.0,2039.5,2039.5,6114.9,6118.5,3.600000000000364
45335,6,0,2040.3,2,2024-02-13,2024-02-13 06:00:00,2024-02-13 06:00:00,GCJ24.csv,95,GCJ24.csv,6.0,2039.7,2040.5,12241.8,12243.0,-1.2000000000007276
45335,8,50,2020.5,3,2024-02-13,2024-02-13 08:50:00,2024-02-13 08:50:00,GCJ24.csv,1457,GCJ24.csv,1.0,2020.3,2020.3,2020.5,2020.3,0.20000000000004547
45335,9,10,2015.0,2,2024-02-13,2024-02-13 09:10:00,2024-02-13 09:10:00,GCJ24.csv,1031,GCJ24.csv,-1.0,2014.6,2014.6,2015.0,2014.6,-0.40000000000009095
45335,9,20,2016.2,1,2024-02-13,2024-02-13 09:20:00,2024-02-13 09:20:00,GCJ24.csv,514,GCJ24.csv,-1.0,2016.3,2016.3,2016.2,2016.3,0.09999999999990905
45335,10,30,2006.6,2,2024-02-13,2024-02-13 10:30:00,2024-02-13 10:30:00,GCJ24.csv,616,GCJ24.csv,1.0,2004.5,2004.5,2006.6,2004.5,2.099999999999909
45335,11,0,2005.4,3,2024-02-13,2024-02-13 11:00:00,2024-02-13 11:00:00,GCJ24.csv,240,GCJ24.csv,1.0,2005.8,2005.8,2005.4,2005.8,-0.3999999999998636
45335,12,0,2008.0,6,2024-02-13,2024-02-13 12:00:00,2024-02-13 12:00:00,GCJ24.csv,140,GCJ24.csv,3.0,2007.0,2008.8,6024.0,6026.4,-2.399999999999636
45335,14,30,2004.7,5,2024-02-13,2024-02-13 14:30:00,2024-02-13 14:30:00,GCJ24.csv,38,GCJ24.csv,-1.0,2005.3,2005.3,2004.7,2005.3,0.599999999999909
45336,4,30,2002.6,0,2024-02-14,2024-02-14 04:30:00,2024-02-14 04:30:00,GCJ24.csv,41,GCJ24.csv,-5.0,2003.4,2002.9,10013.0,10014.5,1.5
45336,6,0,2005.6,-2,2024-02-14,2024-02-14 06:00:00,2024-02-14 06:00:00,GCJ24.csv,89,GCJ24.csv,-2.0,2005.1,2005.1,4011.2,4010.2,-1.0
45336,8,30,2003.5,3,2024-02-14,2024-02-14 08:30:00,2024-02-14 08:30:00,GCJ24.csv,228,GCJ24.csv,5.0,2004.0,2004.0,10017.5,10020.0,-2.5
45336,9,0,2001.7,2,2024-02-14,2024-02-14 09:00:00,2024-02-14 09:00:00,GCJ24.csv,202,GCJ24.csv,-1.0,2002.9,2002.9,2001.7,2002.9,1.2000000000000455
45336,10,10,1998.3,3,2024-02-14,2024-02-14 10:10:00,2024-02-14 10:10:00,GCJ24.csv,693,GCJ24.csv,1.0,1999.0,1999.0,1998.3,1999.0,-0.7000000000000455
45336,11,0,2000.6,4,2024-02-14,2024-02-14 11:00:00,2024-02-14 11:00:00,GCJ24.csv,237,GCJ24.csv,1.0,2000.1,2003.4,2000.6,2003.4,-2.800000000000182
45336,12,0,2005.9,5,2024-02-14,2024-02-14 12:00:00,2024-02-14 12:00:00,GCJ24.csv,309,GCJ24.csv,1.0,2003.4,2005.2,2005.9,2005.2,0.7000000000000455
45336,14,0,2004.4,1,2024-02-14,2024-02-14 14:00:00,2024-02-14 14:00:00,GCJ24.csv,470,GCJ24.csv,-4.0,2004.7,2004.1,8017.6,8016.4,-1.2000000000007276
45336,14,30,2003.3,0,2024-02-14,2024-02-14 14:30:00,2024-02-14 14:30:00,GCJ24.csv,43,GCJ24.csv,-1.0,2003.9,2003.0,2003.3,2003.0,-0.2999999999999545
45336,16,0,2003.9,4,2024-02-14,2024-02-14 16:00:00,2024-02-14 16:00:00,GCJ24.csv,161,GCJ24.csv,4.0,2003.3,2003.3,8015.6,8013.2,2.4000000000005457
45337,4,30,2006.6,-1,2024-02-15,2024-02-15 04:30:00,2024-02-15 04:30:00,GCJ24.csv,119,GCJ24.csv,-5.0,2006.6,2006.6,10033.0,10033.0,-0.0
45337,6,0,2007.3,-2,2024-02-15,2024-02-15 06:00:00,2024-02-15 06:00:00,GCJ24.csv,83,GCJ24.csv,-1.0,2007.9,2007.9,2007.3,2007.9,0.6000000000001364
45337,8,30,2012.9,3,2024-02-15,2024-02-15 08:30:00,2024-02-15 08:30:00,GCJ24.csv,2814,GCJ24.csv,5.0,2011.0,2011.0,10064.5,10055.0,9.5
45337,9,0,2015.0,2,2024-02-15,2024-02-15 09:00:00,2024-02-15 09:00:00,GCJ24.csv,634,GCJ24.csv,-1.0,2014.4,2014.4,2015.0,2014.4,-0.599999999999909
45337,9,40,2018.2,0,2024-02-15,2024-02-15 09:40:00,2024-02-15 09:40:00,GCJ24.csv,458,GCJ24.csv,-2.0,2016.1,2016.1,4036.4,4032.2,-4.200000000000273
45337,10,0,2016.0,2,2024-02-15,2024-02-15 10:00:00,2024-02-15 10:00:00,GCJ24.csv,258,GCJ24.csv,2.0,2015.0,2015.0,4032.0,4030.0,2.0
45337,10,30,2018.4,0,2024-02-15,2024-02-15 10:30:00,2024-02-15 10:30:00,GCJ24.csv,217,GCJ24.csv,-2.0,2015.6,2015.6,4036.8,4031.2,-5.600000000000364
45337,11,0,2012.3,1,2024-02-15,2024-02-15 11:00:00,2024-02-15 11:00:00,GCJ24.csv,699,GCJ24.csv,1.0,2010.5,2013.0,2012.3,2013.0,-0.7000000000000455
45337,12,0,2011.7,0,2024-02-15,2024-02-15 12:00:00,2024-02-15 12:00:00,GCJ24.csv,341,GCJ24.csv,-1.0,2014.8,2013.0,2011.7,2013.0,1.2999999999999545
45337,14,30,2015.7,2,2024-02-15,2024-02-15 14:30:00,2024-02-15 14:30:00,GCJ24.csv,53,GCJ24.csv,2.0,2015.8,2015.8,4031.4,4031.6,-0.1999999999998181
45338,1,30,2014.8,0,2024-02-16,2024-02-16 01:30:00,2024-02-16 01:30:00,GCJ24.csv,43,GCJ24.csv,-2.0,2015.7,2015.2,4029.6,4030.4,0.8000000000001819
45338,3,30,2016.6,2,2024-02-16,2024-02-16 03:30:00,2024-02-16 03:30:00,GCJ24.csv,30,GCJ24.csv,2.0,2016.0,2016.5,4033.2,4033.0,0.1999999999998181
45338,4,30,2017.7,3,2024-02-16,2024-02-16 04:30:00,2024-02-16 04:30:00,GCJ24.csv,73,GCJ24.csv,1.0,2017.2,2017.3,2017.7,2017.3,0.40000000000009095
45338,6,0,2018.6,4,2024-02-16,2024-02-16 06:00:00,2024-02-16 06:00:00,GCJ24.csv,35,GCJ24.csv,1.0,2017.5,2018.7,2018.6,2018.7,-0.10000000000013642
45338,8,30,2018.3,3,2024-02-16,2024-02-16 08:30:00,2024-02-16 08:30:00,GCJ24.csv,3136,GCJ24.csv,-1.0,2012.5,2012.5,2018.3,2012.5,-5.7999999999999545
45338,8,40,2008.2,4,2024-02-16,2024-02-16 08:40:00,2024-02-16 08:40:00,GCJ24.csv,765,GCJ24.csv,1.0,2009.0,2009.0,2008.2,2009.0,-0.7999999999999545
45338,9,0,2013.2,3,2024-02-16,2024-02-16 09:00:00,2024-02-16 09:00:00,GCJ24.csv,418,GCJ24.csv,-1.0,2015.0,2015.0,2013.2,2015.0,1.7999999999999545
45338,9,20,2008.5,5,2024-02-16,2024-02-16 09:20:00,2024-02-16 09:20:00,GCJ24.csv,512,GCJ24.csv,2.0,2008.4,2008.4,4017.0,4016.8,0.1999999999998181
45338,9,40,2010.3,3,2024-02-16,2024-02-16 09:40:00,2024-02-16 09:40:00,GCJ24.csv,129,GCJ24.csv,-2.0,2012.1,2012.1,4020.6,4024.2,3.599999999999909
45338,9,50,2008.8,4,2024-02-16,2024-02-16 09:50:00,2024-02-16 09:50:00,GCJ24.csv,232,GCJ24.csv,1.0,2007.8,2007.8,2008.8,2007.8,1.0
45338,10,10,2013.5,1,2024-02-16,2024-02-16 10:10:00,2024-02-16 10:10:00,GCJ24.csv,434,GCJ24.csv,-3.0,2016.5,2016.5,6040.5,6049.5,9.0
45338,10,30,2018.3,5,2024-02-16,2024-02-16 10:30:00,2024-02-16 10:30:00,GCJ24.csv,583,GCJ24.csv,4.0,2017.3,2017.3,8073.2,8069.2,4.0
45338,12,0,2021.2,6,2024-02-16,2024-02-16 12:00:00,2024-02-16 12:00:00,GCJ24.csv,121,GCJ24.csv,1.0,2020.6,2020.6,2021.2,2020.6,0.6000000000001364
45338,14,30,2026.5,4,2024-02-16,2024-02-16 14:30:00,2024-02-16 14:30:00,GCJ24.csv,27,GCJ24.csv,-2.0,2026.0,2026.0,4053.0,4052.0,-1.0
45338,16,30,2024.9,0,2024-02-16,2024-02-16 16:30:00,2024-02-16 16:30:00,GCJ24.csv,14,GCJ24.csv,-4.0,2025.2,2025.2,8099.6,8100.8,1.199999999999818
45341,1,30,2033.0,2,2024-02-19,2024-02-19 01:30:00,2024-02-19 01:30:00,GCJ24.csv,42,GCJ24.csv,2.0,2032.5,2033.4,4066.0,4066.8,-0.8000000000001819
45341,3,30,2031.6,0,2024-02-19,2024-02-19 03:30:00,2024-02-19 03:30:00,GCJ24.csv,44,GCJ24.csv,-2.0,2032.0,2032.0,4063.2,4064.0,0.8000000000001819
45341,6,0,2030.4,2,2024-02-19,2024-02-19 06:00:00,2024-02-19 06:00:00,GCJ24.csv,9,GCJ24.csv,2.0,2030.0,2030.0,4060.8,4060.0,0.8000000000001819
45341,9,0,2028.2,1,2024-02-19,2024-02-19 09:00:00,2024-02-19 09:00:00,GCJ24.csv,49,GCJ24.csv,-1.0,2028.7,2028.0,2028.2,2028.0,-0.20000000000004547
45341,11,0,2026.3,2,2024-02-19,2024-02-19 11:00:00,2024-02-19 11:00:00,GCJ24.csv,33,GCJ24.csv,1.0,2025.8,2025.8,2026.3,2025.8,0.5
45341,12,0,2027.6,1,2024-02-19,2024-02-19 12:00:00,2024-02-19 12:00:00,GCJ24.csv,43,GCJ24.csv,-1.0,2028.3,2027.6,2027.6,2027.6,-0.0
45342,4,30,2035.0,5,2024-02-20,2024-02-20 04:30:00,2024-02-20 04:30:00,GCJ24.csv,93,GCJ24.csv,4.0,2034.4,2034.4,8140.0,8137.6,2.399999999999636
45342,6,0,2037.3,7,2024-02-20,2024-02-20 06:00:00,2024-02-20 06:00:00,GCJ24.csv,63,GCJ24.csv,2.0,2037.2,2037.2,4074.6,4074.4,0.1999999999998181
45342,8,30,2039.8,3,2024-02-20,2024-02-20 08:30:00,2024-02-20 08:30:00,GCJ24.csv,1420,GCJ24.csv,-4.0,2041.5,2041.5,8159.2,8166.0,6.800000000000182
45342,9,0,2041.4,0,2024-02-20,2024-02-20 09:00:00,2024-02-20 09:00:00,GCJ24.csv,206,GCJ24.csv,-3.0,2040.3,2040.3,6124.200000000001,6120.9,-3.3000000000010914
45342,10,30,2040.7,-3,2024-02-20,2024-02-20 10:30:00,2024-02-20 10:30:00,GCJ24.csv,160,GCJ24.csv,-3.0,2040.1,2040.1,6122.1,6120.299999999999,-1.8000000000010914
45342,11,0,2038.9,0,2024-02-20,2024-02-20 11:00:00,2024-02-20 11:00:00,GCJ24.csv,152,GCJ24.csv,3.0,2037.5,2037.5,6116.700000000001,6112.5,4.200000000000728
45342,14,30,2038.8,3,2024-02-20,2024-02-20 14:30:00,2024-02-20 14:30:00,GCJ24.csv,25,GCJ24.csv,3.0,2038.5,2038.5,6116.4,6115.5,0.8999999999996362
45343,1,30,2041.3,5,2024-02-21,2024-02-21 01:30:00,2024-02-21 01:30:00,GCJ24.csv,20,GCJ24.csv,2.0,2040.9,2040.9,4082.6,4081.8,0.7999999999997272
45343,3,30,2038.6,3,2024-02-21,2024-02-21 03:30:00,2024-02-21 03:30:00,GCJ24.csv,61,GCJ24.csv,-2.0,2039.0,2037.6,4077.2,4075.2,-2.0
45343,4,30,2038.7,4,2024-02-21,2024-02-21 04:30:00,2024-02-21 04:30:00,GCJ24.csv,22,GCJ24.csv,1.0,2038.4,2038.4,2038.7,2038.4,0.2999999999999545
45343,6,0,2041.1,3,2024-02-21,2024-02-21 06:00:00,2024-02-21 06:00:00,GCJ24.csv,42,GCJ24.csv,-1.0,2041.4,2040.1,2041.1,2040.1,-1.0
45343,8,30,2039.6,2,2024-02-21,2024-02-21 08:30:00,2024-02-21 08:30:00,GCJ24.csv,156,GCJ24.csv,-1.0,2039.9,2039.9,2039.6,2039.9,0.3000000000001819
45343,9,0,2039.7,-1,2024-02-21,2024-02-21 09:00:00,2024-02-21 09:00:00,GCJ24.csv,88,GCJ24.csv,-3.0,2040.0,2040.0,6119.1,6120.0,0.8999999999996362
45343,10,30,2040.3,-3,2024-02-21,2024-02-21 10:30:00,2024-02-21 10:30:00,GCJ24.csv,157,GCJ24.csv,-2.0,2041.0,2039.5,4080.6,4079.0,-1.599999999999909
45343,11,0,2035.0,0,2024-02-21,2024-02-21 11:00:00,2024-02-21 11:00:00,GCJ24.csv,1081,GCJ24.csv,3.0,2034.4,2034.4,6105.0,6103.200000000001,1.7999999999992724
45343,14,30,2035.7,2,2024-02-21,2024-02-21 14:30:00,2024-02-21 14:30:00,GCJ24.csv,63,GCJ24.csv,2.0,2035.1,2036.3,4071.4,4072.6,-1.199999999999818
45344,1,30,2039.9,4,2024-02-22,2024-02-22 01:30:00,2024-02-22 01:30:00,GCJ24.csv,29,GCJ24.csv,2.0,2039.6,2039.6,4079.8,4079.2,0.6000000000003638
45344,3,30,2044.1,2,2024-02-22,2024-02-22 03:30:00,2024-02-22 03:30:00,GCJ24.csv,390,GCJ24.csv,-2.0,2043.4,2043.4,4088.2,4086.8,-1.3999999999996362
45344,6,0,2039.3,-1,2024-02-22,2024-02-22 06:00:00,2024-02-22 06:00:00,GCJ24.csv,58,GCJ24.csv,-3.0,2039.2,2039.2,6117.9,6117.6,-0.2999999999992724
45344,10,30,2030.4,0,2024-02-22,2024-02-22 10:30:00,2024-02-22 10:30:00,GCJ24.csv,213,GCJ24.csv,1.0,2031.5,2031.5,2030.4,2031.5,-1.099999999999909
45344,14,30,2033.1,-1,2024-02-22,2024-02-22 14:30:00,2024-02-22 14:30:00,GCJ24.csv,24,GCJ24.csv,-1.0,2033.9,2032.7,2033.1,2032.7,-0.3999999999998636
45345,4,30,2026.8,-5,2024-02-23,2024-02-23 04:30:00,2024-02-23 04:30:00,GCJ24.csv,108,GCJ24.csv,-4.0,2027.1,2027.1,8107.2,8108.4,1.199999999999818
45345,6,0,2032.3,-2,2024-02-23,2024-02-23 06:00:00,2024-02-23 06:00:00,GCJ24.csv,104,GCJ24.csv,3.0,2031.4,2031.9,6096.9,6095.700000000001,1.1999999999989086
45345,8,30,2035.7,2,2024-02-23,2024-02-23 08:30:00,2024-02-23 08:30:00,GCJ24.csv,374,GCJ24.csv,4.0,2035.9,2035.9,8142.8,8143.6,-0.8000000000001819
45345,9,0,2034.8,1,2024-02-23,2024-02-23 09:00:00,2024-02-23 09:00:00,GCJ24.csv,131,GCJ24.csv,-1.0,2036.1,2034.6,2034.8,2034.6,-0.20000000000004547
45345,10,0,2037.5,-1,2024-02-23,2024-02-23 10:00:00,2024-02-23 10:00:00,GCJ24.csv,563,GCJ24.csv,-2.0,2038.0,2038.0,4075.0,4076.0,1.0
45345,10,20,2037.1,1,2024-02-23,2024-02-23 10:20:00,2024-02-23 10:20:00,GCJ24.csv,142,GCJ24.csv,2.0,2036.5,2036.5,4074.2,4073.0,1.199999999999818
45345,10,30,2036.6,-2,2024-02-23,2024-02-23 10:30:00,2024-02-23 10:30:00,GCJ24.csv,208,GCJ24.csv,-3.0,2038.0,2037.3,6109.799999999999,6111.9,2.100000000000364
45345,11,0,2040.4,-1,2024-02-23,2024-02-23 11:00:00,2024-02-23 11:00:00,GCJ24.csv,435,GCJ24.csv,1.0,2041.9,2041.9,2040.4,2041.9,-1.5
45345,12,0,2048.3,0,2024-02-23,2024-02-23 12:00:00,2024-02-23 12:00:00,GCJ24.csv,550,GCJ24.csv,1.0,2047.4,2047.4,2048.3,2047.4,0.900000000000091
45345,14,30,2048.5,3,2024-02-23,2024-02-23 14:30:00,2024-02-23 14:30:00,GCJ24.csv,92,GCJ24.csv,3.0,2047.9,2048.2,6145.5,6144.599999999999,0.9000000000005457
45345,16,30,2045.4,0,2024-02-23,2024-02-23 16:30:00,2024-02-23 16:30:00,GCJ24.csv,25,GCJ24.csv,-3.0,2046.2,2045.8,6136.200000000001,6137.4,1.1999999999989086
45348,1,30,2042.6,4,2024-02-26,2024-02-26 01:30:00,2024-02-26 01:30:00,GCJ24.csv,45,GCJ24.csv,4.0,2042.5,2042.5,8170.4,8170.0,0.3999999999996362
45348,3,30,2045.7,0,2024-02-26,2024-02-26 03:30:00,2024-02-26 03:30:00,GCJ24.csv,45,GCJ24.csv,-4.0,2046.2,2046.2,8182.8,8184.8,2.0
45348,4,30,2042.5,4,2024-02-26,2024-02-26 04:30:00,2024-02-26 04:30:00,GCJ24.csv,72,GCJ24.csv,4.0,2041.9,2042.8,8170.0,8171.2,-1.199999999999818
45348,6,0,2041.6,5,2024-02-26,2024-02-26 06:00:00,2024-02-26 06:00:00,GCJ24.csv,67,GCJ24.csv,1.0,2040.6,2040.6,2041.6,2040.6,1.0
45348,8,30,2041.7,1,2024-02-26,2024-02-26 08:30:00,2024-02-26 08:30:00,GCJ24.csv,132,GCJ24.csv,-4.0,2043.5,2043.5,8166.8,8174.0,7.199999999999818
45348,9,20,2038.8,3,2024-02-26,2024-02-26 09:20:00,2024-02-26 09:20:00,GCJ24.csv,373,GCJ24.csv,2.0,2038.1,2038.1,4077.6,4076.2,1.400000000000091
45348,9,40,2037.1,1,2024-02-26,2024-02-26 09:40:00,2024-02-26 09:40:00,GCJ24.csv,229,GCJ24.csv,-2.0,2036.9,2036.9,4074.2,4073.8,-0.3999999999996362
45348,10,30,2036.3,2,2024-02-26,2024-02-26 10:30:00,2024-02-26 10:30:00,GCJ24.csv,171,GCJ24.csv,1.0,2035.0,2035.0,2036.3,2035.0,1.2999999999999545
45348,12,0,2037.1,1,2024-02-26,2024-02-26 12:00:00,2024-02-26 12:00:00,GCJ24.csv,68,GCJ24.csv,-1.0,2037.3,2037.3,2037.1,2037.3,0.20000000000004547
45348,14,30,2038.5,0,2024-02-26,2024-02-26 14:30:00,2024-02-26 14:30:00,GCJ24.csv,32,GCJ24.csv,-1.0,2038.6,2038.6,2038.5,2038.6,0.09999999999990905
45349,1,30,2043.1,4,2024-02-27,2024-02-27 01:30:00,2024-02-27 01:30:00,GCJ24.csv,25,GCJ24.csv,4.0,2043.4,2043.4,8172.4,8173.6,-1.2000000000007276
45349,3,30,2047.0,0,2024-02-27,2024-02-27 03:30:00,2024-02-27 03:30:00,GCJ24.csv,312,GCJ24.csv,-4.0,2047.7,2047.7,8188.0,8190.8,2.800000000000182
45349,4,30,2046.0,3,2024-02-27,2024-02-27 04:30:00,2024-02-27 04:30:00,GCJ24.csv,63,GCJ24.csv,3.0,2044.8,2045.2,6138.0,6135.6,2.399999999999636
45349,6,0,2045.8,5,2024-02-27,2024-02-27 06:00:00,2024-02-27 06:00:00,GCJ24.csv,99,GCJ24.csv,2.0,2045.5,2045.5,4091.6,4091.0,0.599999999999909
45349,8,30,2046.9,2,2024-02-27,2024-02-27 08:30:00,2024-02-27 08:30:00,GCJ24.csv,936,GCJ24.csv,-3.0,2047.0,2047.0,6140.700000000001,6141.0,0.2999999999992724
45349,9,0,2044.8,3,2024-02-27,2024-02-27 09:00:00,2024-02-27 09:00:00,GCJ24.csv,236,GCJ24.csv,1.0,2043.9,2043.9,2044.8,2043.9,0.8999999999998636
45349,11,0,2043.1,2,2024-02-27,2024-02-27 11:00:00,2024-02-27 11:00:00,GCJ24.csv,177,GCJ24.csv,-1.0,2043.6,2043.6,2043.1,2043.6,0.5
45349,12,0,2042.7,3,2024-02-27,2024-02-27 12:00:00,2024-02-27 12:00:00,GCJ24.csv,123,GCJ24.csv,1.0,2041.1,2041.1,2042.7,2041.1,1.6000000000001364
45350,1,30,2040.1,5,2024-02-28,2024-02-28 01:30:00,2024-02-28 01:30:00,GCJ24.csv,19,GCJ24.csv,2.0,2039.3,2039.3,4080.2,4078.6,1.599999999999909
45350,3,30,2037.6,3,2024-02-28,2024-02-28 03:30:00,2024-02-28 03:30:00,GCJ24.csv,54,GCJ24.csv,-2.0,2037.9,2037.3,4075.2,4074.6,-0.599999999999909
45350,4,30,2034.6,1,2024-02-28,2024-02-28 04:30:00,2024-02-28 04:30:00,GCJ24.csv,99,GCJ24.csv,-2.0,2034.6,2034.6,4069.2,4069.2,-0.0
45350,6,0,2036.2,-1,2024-02-28,2024-02-28 06:00:00,2024-02-28 06:00:00,GCJ24.csv,50,GCJ24.csv,-2.0,2037.2,2036.7,4072.4,4073.4,1.0
45350,8,30,2043.0,1,2024-02-28,2024-02-28 08:30:00,2024-02-28 08:30:00,GCJ24.csv,796,GCJ24.csv,2.0,2044.7,2044.7,4086.0,4089.4,-3.400000000000091
45350,9,0,2045.1,0,2024-02-28,2024-02-28 09:00:00,2024-02-28 09:00:00,GCJ24.csv,373,GCJ24.csv,-1.0,2045.8,2045.8,2045.1,2045.8,0.7000000000000455
45350,10,30,2042.2,-2,2024-02-28,2024-02-28 10:30:00,2024-02-28 10:30:00,GCJ24.csv,178,GCJ24.csv,-2.0,2043.7,2042.3,4084.4,4084.6,0.1999999999998181
45350,11,0,2041.1,-1,2024-02-28,2024-02-28 11:00:00,2024-02-28 11:00:00,GCJ24.csv,133,GCJ24.csv,1.0,2041.7,2041.7,2041.1,2041.7,-0.6000000000001364
45350,12,0,2042.9,-2,2024-02-28,2024-02-28 12:00:00,2024-02-28 12:00:00,GCJ24.csv,82,GCJ24.csv,-1.0,2044.4,2044.4,2042.9,2044.4,1.5
45350,14,30,2041.2,0,2024-02-28,2024-02-28 14:30:00,2024-02-28 14:30:00,GCJ24.csv,21,GCJ24.csv,2.0,2040.4,2040.4,4082.4,4080.8,1.599999999999909
45351,1,30,2044.7,6,2024-02-29,2024-02-29 01:30:00,2024-02-29 01:30:00,GCJ24.csv,28,GCJ24.csv,6.0,2044.9,2044.9,12268.2,12269.400000000001,-1.2000000000007276
45351,3,30,2045.2,0,2024-02-29,2024-02-29 03:30:00,2024-02-29 03:30:00,GCJ24.csv,34,GCJ24.csv,-6.0,2044.7,2044.7,12271.2,12268.2,-3.0
45351,6,0,2038.7,-1,2024-02-29,2024-02-29 06:00:00,2024-02-29 06:00:00,GCJ24.csv,111,GCJ24.csv,-1.0,2039.8,2039.2,2038.7,2039.2,0.5
45351,9,0,2056.5,-2,2024-02-29,2024-02-29 09:00:00,2024-02-29 09:00:00,GCJ24.csv,1203,GCJ24.csv,-1.0,2058.4,2058.4,2056.5,2058.4,1.900000000000091
45351,9,20,2056.7,0,2024-02-29,2024-02-29 09:20:00,2024-02-29 09:20:00,GCJ24.csv,721,GCJ24.csv,2.0,2056.4,2056.4,4113.4,4112.8,0.5999999999994543
45351,10,30,2057.3,-3,2024-02-29,2024-02-29 10:30:00,2024-02-29 10:30:00,GCJ24.csv,315,GCJ24.csv,-3.0,2058.5,2058.5,6171.900000000001,6175.5,3.5999999999994543
45351,11,0,2056.8,-4,2024-02-29,2024-02-29 11:00:00,2024-02-29 11:00:00,GCJ24.csv,261,GCJ24.csv,-1.0,2056.1,2056.1,2056.8,2056.1,-0.7000000000002728
45351,12,0,2053.2,-2,2024-02-29,2024-02-29 12:00:00,2024-02-29 12:00:00,GCJ24.csv,333,GCJ24.csv,2.0,2053.0,2053.0,4106.4,4106.0,0.3999999999996362
45351,14,30,2055.1,1,2024-02-29,2024-02-29 14:30:00,2024-02-29 14:30:00,GCJ24.csv,88,GCJ24.csv,3.0,2054.6,2054.6,6165.299999999999,6163.799999999999,1.5
45352,1,30,2055.9,3,2024-03-01,2024-03-01 01:30:00,2024-03-01 01:30:00,GCJ24.csv,30,GCJ24.csv,2.0,2055.2,2055.2,4111.8,4110.4,1.4000000000005457
45352,3,30,2050.4,1,2024-03-01,2024-03-01 03:30:00,2024-03-01 03:30:00,GCJ24.csv,80,GCJ24.csv,-2.0,2050.3,2050.3,4100.8,4100.6,-0.1999999999998181
45352,4,30,2052.7,3,2024-03-01,2024-03-01 04:30:00,2024-03-01 04:30:00,GCJ24.csv,248,GCJ24.csv,2.0,2052.0,2052.0,4105.4,4104.0,1.3999999999996362
45352,6,0,2063.2,6,2024-03-01,2024-03-01 06:00:00,2024-03-01 06:00:00,GCJ24.csv,301,GCJ24.csv,3.0,2062.9,2062.9,6189.599999999999,6188.700000000001,0.8999999999987267
45352,8,30,2060.0,4,2024-03-01,2024-03-01 08:30:00,2024-03-01 08:30:00,GCJ24.csv,265,GCJ24.csv,-2.0,2061.6,2061.6,4120.0,4123.2,3.199999999999818
45352,9,0,2060.0,5,2024-03-01,2024-03-01 09:00:00,2024-03-01 09:00:00,GCJ24.csv,110,GCJ24.csv,1.0,2060.5,2060.5,2060.0,2060.5,-0.5
45352,9,20,2064.2,3,2024-03-01,2024-03-01 09:20:00,2024-03-01 09:20:00,GCJ24.csv,435,GCJ24.csv,-2.0,2065.2,2065.2,4128.4,4130.4,2.0
45352,9,40,2061.5,5,2024-03-01,2024-03-01 09:40:00,2024-03-01 09:40:00,GCJ24.csv,348,GCJ24.csv,2.0,2059.9,2059.9,4123.0,4119.8,3.199999999999818
45352,9,50,2055.8,6,2024-03-01,2024-03-01 09:50:00,2024-03-01 09:50:00,GCJ24.csv,1041,GCJ24.csv,1.0,2053.9,2053.9,2055.8,2053.9,1.900000000000091
45352,10,10,2061.2,5,2024-03-01,2024-03-01 10:10:00,2024-03-01 10:10:00,GCJ24.csv,1332,GCJ24.csv,-1.0,2063.7000000000003,2063.7000000000003,2061.2,2063.7000000000003,2.5000000000004547
45352,11,0,2078.0,4,2024-03-01,2024-03-01 11:00:00,2024-03-01 11:00:00,GCJ24.csv,604,GCJ24.csv,-1.0,2080.7000000000003,2080.7000000000003,2078.0,2080.7000000000003,2.700000000000273
45352,16,30,2092.4,0,2024-03-01,2024-03-01 16:30:00,2024-03-01 16:30:00,GCJ24.csv,17,GCJ24.csv,-4.0,2092.9,2092.9,8369.6,8371.6,2.0
45355,1,30,2090.1,-1,2024-03-04,2024-03-04 01:30:00,2024-03-04 01:30:00,GCJ24.csv,51,GCJ24.csv,-1.0,2090.7000000000003,2090.7000000000003,2090.1,2090.7000000000003,0.6000000000003638
45355,3,30,2093.9,0,2024-03-04,2024-03-04 03:30:00,2024-03-04 03:30:00,GCJ24.csv,418,GCJ24.csv,1.0,2093.3,2093.3,2093.9,2093.3,0.599999999999909
45355,4,30,2091.9,2,2024-03-04,2024-03-04 04:30:00,2024-03-04 04:30:00,GCJ24.csv,78,GCJ24.csv,2.0,2091.6,2093.2,4183.8,4186.4,-2.5999999999994543
45355,8,30,2091.4,0,2024-03-04,2024-03-04 08:30:00,2024-03-04 08:30:00,GCJ24.csv,313,GCJ24.csv,-2.0,2092.1,2092.1,4182.8,4184.2,1.3999999999996362
45355,9,10,2100.0,-1,2024-03-04,2024-03-04 09:10:00,2024-03-04 09:10:00,GCJ24.csv,342,GCJ24.csv,-1.0,2100.6,2100.6,2100.0,2100.6,0.599999999999909
45355,9,20,2103.6,-3,2024-03-04,2024-03-04 09:20:00,2024-03-04 09:20:00,GCJ24.csv,555,GCJ24.csv,-2.0,2104.5,2104.5,4207.2,4209.0,1.800000000000182
45355,9,40,2104.5,-1,2024-03-04,2024-03-04 09:40:00,2024-03-04 09:40:00,GCJ24.csv,567,GCJ24.csv,2.0,2105.7,2105.7,4209.0,4211.4,-2.399999999999636
45355,9,50,2108.0,0,2024-03-04,2024-03-04 09:50:00,2024-03-04 09:50:00,GCJ24.csv,377,GCJ24.csv,1.0,2107.4,2107.4,2108.0,2107.4,0.599999999999909
45355,10,30,2109.6,-1,2024-03-04,2024-03-04 10:30:00,2024-03-04 10:30:00,GCJ24.csv,270,GCJ24.csv,-1.0,2110.8,2110.8,2109.6,2110.8,1.2000000000002728
45355,12,0,2127.9,0,2024-03-04,2024-03-04 12:00:00,2024-03-04 12:00:00,GCJ24.csv,432,GCJ24.csv,1.0,2126.4,2126.4,2127.9,2126.4,1.5
45355,14,30,2124.8,1,2024-03-04,2024-03-04 14:30:00,2024-03-04 14:30:00,GCJ24.csv,139,GCJ24.csv,1.0,2124.0,2124.7,2124.8,2124.7,0.1000000000003638
45356,1,30,2124.7,3,2024-03-05,2024-03-05 01:30:00,2024-03-05 01:30:00,GCJ24.csv,162,GCJ24.csv,2.0,2123.6,2124.2,4249.4,4248.4,1.0
45356,3,30,2129.4,1,2024-03-05,2024-03-05 03:30:00,2024-03-05 03:30:00,GCJ24.csv,312,GCJ24.csv,-2.0,2129.9,2129.9,4258.8,4259.8,1.0
45356,6,0,2132.0,0,2024-03-05,2024-03-05 06:00:00,2024-03-05 06:00:00,GCJ24.csv,105,GCJ24.csv,-1.0,2131.8,2131.8,2132.0,2131.8,-0.1999999999998181
45356,9,0,2136.3,1,2024-03-05,2024-03-05 09:00:00,2024-03-05 09:00:00,GCJ24.csv,568,GCJ24.csv,1.0,2134.4,2134.4,2136.3,2134.4,1.900000000000091
45356,9,40,2137.6,2,2024-03-05,2024-03-05 09:40:00,2024-03-05 09:40:00,GCJ24.csv,555,GCJ24.csv,1.0,2136.9,2136.9,2137.6,2136.9,0.6999999999998181
45356,9,50,2137.3,3,2024-03-05,2024-03-05 09:50:00,2024-03-05 09:50:00,GCJ24.csv,330,GCJ24.csv,1.0,2135.9,2135.9,2137.3,2135.9,1.400000000000091
45356,10,0,2139.7,2,2024-03-05,2024-03-05 10:00:00,2024-03-05 10:00:00,GCJ24.csv,2772,GCJ24.csv,-1.0,2146.8,2146.8,2139.7,2146.8,7.100000000000364
45356,10,10,2141.0,1,2024-03-05,2024-03-05 10:10:00,2024-03-05 10:10:00,GCJ24.csv,728,GCJ24.csv,-1.0,2140.7000000000003,2140.7000000000003,2141.0,2140.7000000000003,-0.29999999999972715
45356,10,30,2139.9,-1,2024-03-05,2024-03-05 10:30:00,2024-03-05 10:30:00,GCJ24.csv,433,GCJ24.csv,-2.0,2141.1,2141.1,4279.8,4282.2,2.399999999999636
45356,11,0,2135.1,-2,2024-03-05,2024-03-05 11:00:00,2024-03-05 11:00:00,GCJ24.csv,715,GCJ24.csv,-1.0,2137.5,2134.4,2135.1,2134.4,-0.6999999999998181
45356,12,0,2136.9,-1,2024-03-05,2024-03-05 12:00:00,2024-03-05 12:00:00,GCJ24.csv,225,GCJ24.csv,1.0,2135.4,2137.1,2136.9,2137.1,-0.1999999999998181
45356,14,0,2139.3,1,2024-03-05,2024-03-05 14:00:00,2024-03-05 14:00:00,GCJ24.csv,472,GCJ24.csv,2.0,2138.6,2140.8,4278.6,4281.6,-3.0
45356,14,30,2142.2,3,2024-03-05,2024-03-05 14:30:00,2024-03-05 14:30:00,GCJ24.csv,40,GCJ24.csv,2.0,2141.4,2141.4,4284.4,4282.8,1.5999999999994543
45356,16,0,2138.2,1,2024-03-05,2024-03-05 16:00:00,2024-03-05 16:00:00,GCJ24.csv,197,GCJ24.csv,-2.0,2139.2000000000003,2137.3,4276.4,4274.6,-1.7999999999992724
45357,1,30,2133.9,2,2024-03-06,2024-03-06 01:30:00,2024-03-06 01:30:00,GCJ24.csv,23,GCJ24.csv,1.0,2134.5,2134.5,2133.9,2134.5,-0.599999999999909
45357,3,30,2135.3,1,2024-03-06,2024-03-06 03:30:00,2024-03-06 03:30:00,GCJ24.csv,93,GCJ24.csv,-1.0,2134.6,2134.6,2135.3,2134.6,-0.7000000000002728
45357,6,0,2133.8,0,2024-03-06,2024-03-06 06:00:00,2024-03-06 06:00:00,GCJ24.csv,38,GCJ24.csv,-1.0,2135.4,2135.4,2133.8,2135.4,1.599999999999909
45357,9,0,2147.8,-2,2024-03-06,2024-03-06 09:00:00,2024-03-06 09:00:00,GCJ24.csv,897,GCJ24.csv,-2.0,2147.0,2147.0,4295.6,4294.0,-1.6000000000003638
45357,9,20,2146.9,0,2024-03-06,2024-03-06 09:20:00,2024-03-06 09:20:00,GCJ24.csv,568,GCJ24.csv,2.0,2146.2,2148.6,4293.8,4297.2,-3.399999999999636
45357,9,40,2152.1,-2,2024-03-06,2024-03-06 09:40:00,2024-03-06 09:40:00,GCJ24.csv,559,GCJ24.csv,-2.0,2152.9,2152.9,4304.2,4305.8,1.6000000000003638
45357,9,50,2154.8,-4,2024-03-06,2024-03-06 09:50:00,2024-03-06 09:50:00,GCJ24.csv,785,GCJ24.csv,-2.0,2153.4,2153.4,4309.6,4306.8,-2.800000000000182
45357,10,0,2152.4,-1,2024-03-06,2024-03-06 10:00:00,2024-03-06 10:00:00,GCJ24.csv,2126,GCJ24.csv,3.0,2151.3,2151.3,6457.200000000001,6453.900000000001,3.300000000000182
45357,10,10,2147.2,3,2024-03-06,2024-03-06 10:10:00,2024-03-06 10:10:00,GCJ24.csv,578,GCJ24.csv,4.0,2149.0,2149.0,8588.8,8596.0,-7.200000000000728
45357,10,20,2149.6,2,2024-03-06,2024-03-06 10:20:00,2024-03-06 10:20:00,GCJ24.csv,187,GCJ24.csv,-1.0,2151.7000000000003,2151.7000000000003,2149.6,2151.7000000000003,2.100000000000364
45357,10,30,2148.9,-3,2024-03-06,2024-03-06 10:30:00,2024-03-06 10:30:00,GCJ24.csv,463,GCJ24.csv,-5.0,2148.5,2148.5,10744.5,10742.5,-2.0
45357,12,0,2156.3,-1,2024-03-06,2024-03-06 12:00:00,2024-03-06 12:00:00,GCJ24.csv,447,GCJ24.csv,2.0,2156.9,2156.9,4312.6,4313.8,-1.199999999999818
45357,14,0,2155.7,2,2024-03-06,2024-03-06 14:00:00,2024-03-06 14:00:00,GCJ24.csv,155,GCJ24.csv,3.0,2152.1,2152.1,6467.099999999999,6456.299999999999,10.800000000000182
45357,14,30,2149.3,5,2024-03-06,2024-03-06 14:30:00,2024-03-06 14:30:00,GCJ24.csv,660,GCJ24.csv,3.0,2148.6,2148.6,6447.900000000001,6445.799999999999,2.1000000000012733
45357,16,0,2154.8,2,2024-03-06,2024-03-06 16:00:00,2024-03-06 16:00:00,GCJ24.csv,90,GCJ24.csv,-3.0,2155.5,2154.4,6464.400000000001,6463.200000000001,-1.199999999999818
45358,1,30,2161.1,3,2024-03-07,2024-03-07 01:30:00,2024-03-07 01:30:00,GCJ24.csv,40,GCJ24.csv,1.0,2160.5,2160.5,2161.1,2160.5,0.599999999999909
45358,3,30,2165.0,2,2024-03-07,2024-03-07 03:30:00,2024-03-07 03:30:00,GCJ24.csv,175,GCJ24.csv,-1.0,2166.8,2166.8,2165.0,2166.8,1.800000000000182
45358,9,0,2167.1,1,2024-03-07,2024-03-07 09:00:00,2024-03-07 09:00:00,GCJ24.csv,1003,GCJ24.csv,-1.0,2164.5,2164.5,2167.1,2164.5,-2.599999999999909
45358,9,20,2162.4,3,2024-03-07,2024-03-07 09:20:00,2024-03-07 09:20:00,GCJ24.csv,234,GCJ24.csv,2.0,2162.5,2162.5,4324.8,4325.0,-0.1999999999998181
45358,10,0,2161.4,1,2024-03-07,2024-03-07 10:00:00,2024-03-07 10:00:00,GCJ24.csv,772,GCJ24.csv,-2.0,2164.3,2162.5,4322.8,4325.0,2.199999999999818
45358,10,30,2160.1,4,2024-03-07,2024-03-07 10:30:00,2024-03-07 10:30:00,GCJ24.csv,309,GCJ24.csv,3.0,2160.4,2160.4,6480.299999999999,6481.200000000001,-0.9000000000014552
45358,10,50,2162.5,3,2024-03-07,2024-03-07 10:50:00,2024-03-07 10:50:00,GCJ24.csv,305,GCJ24.csv,-1.0,2162.2000000000003,2162.2000000000003,2162.5,2162.2000000000003,-0.29999999999972715
45358,11,0,2161.0,4,2024-03-07,2024-03-07 11:00:00,2024-03-07 11:00:00,GCJ24.csv,254,GCJ24.csv,1.0,2159.5,2159.5,2161.0,2159.5,1.5
45358,12,0,2163.9,3,2024-03-07,2024-03-07 12:00:00,2024-03-07 12:00:00,GCJ24.csv,124,GCJ24.csv,-1.0,2164.7000000000003,2164.7000000000003,2163.9,2164.7000000000003,0.8000000000001819
45358,14,30,2166.3,1,2024-03-07,2024-03-07 14:30:00,2024-03-07 14:30:00,GCJ24.csv,25,GCJ24.csv,-2.0,2167.6,2166.5,4332.6,4333.0,0.3999999999996362
45359,1,30,2166.1,0,2024-03-08,2024-03-08 01:30:00,2024-03-08 01:30:00,GCJ24.csv,23,GCJ24.csv,-1.0,2167.9,2167.9,2166.1,2167.9,1.800000000000182
45359,3,30,2173.5,1,2024-03-08,2024-03-08 03:30:00,2024-03-08 03:30:00,GCJ24.csv,1117,GCJ24.csv,1.0,2170.3,2171.5,2173.5,2171.5,2.0
45359,6,0,2175.5,2,2024-03-08,2024-03-08 06:00:00,2024-03-08 06:00:00,GCJ24.csv,89,GCJ24.csv,1.0,2174.3,2174.6,2175.5,2174.6,0.900000000000091
45359,8,40,2187.4,0,2024-03-08,2024-03-08 08:40:00,2024-03-08 08:40:00,GCJ24.csv,1103,GCJ24.csv,-2.0,2188.3,2188.3,4374.8,4376.6,1.800000000000182
45359,8,50,2182.6,-2,2024-03-08,2024-03-08 08:50:00,2024-03-08 08:50:00,GCJ24.csv,1901,GCJ24.csv,-2.0,2180.7000000000003,2180.7000000000003,4365.2,4361.400000000001,-3.7999999999992724
45359,9,0,2177.9,1,2024-03-08,2024-03-08 09:00:00,2024-03-08 09:00:00,GCJ24.csv,594,GCJ24.csv,3.0,2177.2,2177.2,6533.700000000001,6531.599999999999,2.1000000000012733
45359,9,10,2172.1,4,2024-03-08,2024-03-08 09:10:00,2024-03-08 09:10:00,GCJ24.csv,892,GCJ24.csv,3.0,2170.6,2170.6,6516.299999999999,6511.799999999999,4.5
45359,9,20,2176.2,2,2024-03-08,2024-03-08 09:20:00,2024-03-08 09:20:00,GCJ24.csv,280,GCJ24.csv,-2.0,2176.7000000000003,2176.7000000000003,4352.4,4353.400000000001,1.0000000000009095
45359,9,30,2176.4,1,2024-03-08,2024-03-08 09:30:00,2024-03-08 09:30:00,GCJ24.csv,540,GCJ24.csv,-1.0,2175.6,2175.6,2176.4,2175.6,-0.8000000000001819
45359,9,40,2173.3,4,2024-03-08,2024-03-08 09:40:00,2024-03-08 09:40:00,GCJ24.csv,512,GCJ24.csv,3.0,2177.7,2177.7,6519.900000000001,6533.099999999999,-13.199999999998909
45359,9,50,2178.2,2,2024-03-08,2024-03-08 09:50:00,2024-03-08 09:50:00,GCJ24.csv,207,GCJ24.csv,-2.0,2178.2000000000003,2178.2000000000003,4356.4,4356.400000000001,9.094947017729282e-13
45359,10,0,2178.7,0,2024-03-08,2024-03-08 10:00:00,2024-03-08 10:00:00,GCJ24.csv,956,GCJ24.csv,-2.0,2180.2000000000003,2180.2000000000003,4357.4,4360.400000000001,3.0000000000009095
45359,10,10,2179.1,2,2024-03-08,2024-03-08 10:10:00,2024-03-08 10:10:00,GCJ24.csv,489,GCJ24.csv,2.0,2176.5,2176.5,4358.2,4353.0,5.199999999999818
45359,10,30,2176.9,1,2024-03-08,2024-03-08 10:30:00,2024-03-08 10:30:00,GCJ24.csv,287,GCJ24.csv,-1.0,2182.5,2182.5,2176.9,2182.5,5.599999999999909
45359,12,0,2187.8,2,2024-03-08,2024-03-08 12:00:00,2024-03-08 12:00:00,GCJ24.csv,1243,GCJ24.csv,1.0,2195.8,2195.8,2187.8,2195.8,-8.0
45359,14,0,2181.5,4,2024-03-08,2024-03-08 14:00:00,2024-03-08 14:00:00,GCJ24.csv,173,GCJ24.csv,2.0,2177.6,2177.6,4363.0,4355.2,7.800000000000182
45359,14,30,2182.1,5,2024-03-08,2024-03-08 14:30:00,2024-03-08 14:30:00,GCJ24.csv,151,GCJ24.csv,1.0,2183.2,2183.2,2182.1,2183.2,-1.099999999999909
45359,16,0,2184.2,3,2024-03-08,2024-03-08 16:00:00,2024-03-08 16:00:00,GCJ24.csv,317,GCJ24.csv,-2.0,2185.8,2184.7,4368.4,4369.4,1.0
45359,16,30,2184.5,0,2024-03-08,2024-03-08 16:30:00,2024-03-08 16:30:00,GCJ24.csv,7,GCJ24.csv,-3.0,2185.5,2183.8,6553.5,6551.400000000001,-2.0999999999994543
45362,6,0,2186.8,-1,2024-03-11,2024-03-11 06:00:00,2024-03-11 06:00:00,GCJ24.csv,48,GCJ24.csv,-1.0,2187.4,2185.7,2186.8,2185.7,-1.1000000000003638
45362,9,0,2183.8,1,2024-03-11,2024-03-11 09:00:00,2024-03-11 09:00:00,GCJ24.csv,341,GCJ24.csv,2.0,2183.3,2183.3,4367.6,4366.6,1.0
45362,9,40,2188.9,-1,2024-03-11,2024-03-11 09:40:00,2024-03-11 09:40:00,GCJ24.csv,465,GCJ24.csv,-2.0,2189.5,2189.5,4377.8,4379.0,1.199999999999818
45362,9,50,2189.6,-2,2024-03-11,2024-03-11 09:50:00,2024-03-11 09:50:00,GCJ24.csv,249,GCJ24.csv,-1.0,2190.5,2190.5,2189.6,2190.5,0.900000000000091
45362,10,0,2188.2,0,2024-03-11,2024-03-11 10:00:00,2024-03-11 10:00:00,GCJ24.csv,391,GCJ24.csv,2.0,2187.3,2187.3,4376.4,4374.6,1.7999999999992724
45362,10,10,2183.9,3,2024-03-11,2024-03-11 10:10:00,2024-03-11 10:10:00,GCJ24.csv,260,GCJ24.csv,3.0,2183.0,2183.0,6551.700000000001,6549.0,2.7000000000007276
45362,10,30,2187.8,1,2024-03-11,2024-03-11 10:30:00,2024-03-11 10:30:00,GCJ24.csv,289,GCJ24.csv,-2.0,2188.7000000000003,2188.3,4375.6,4376.6,1.0
45362,11,0,2188.4,-1,2024-03-11,2024-03-11 11:00:00,2024-03-11 11:00:00,GCJ24.csv,290,GCJ24.csv,-2.0,2189.3,2188.4,4376.8,4376.8,-0.0
45362,14,0,2186.2,-2,2024-03-11,2024-03-11 14:00:00,2024-03-11 14:00:00,GCJ24.csv,356,GCJ24.csv,-1.0,2187.1,2186.4,2186.2,2186.4,0.20000000000027285
45362,16,0,2187.6,-1,2024-03-11,2024-03-11 16:00:00,2024-03-11 16:00:00,GCJ24.csv,48,GCJ24.csv,1.0,2187.1,2187.4,2187.6,2187.4,0.1999999999998181
45363,4,30,2183.2,0,2024-03-12,2024-03-12 04:30:00,2024-03-12 04:30:00,GCJ24.csv,47,GCJ24.csv,1.0,2183.0,2183.0,2183.2,2183.0,0.1999999999998181
45363,6,0,2183.0,1,2024-03-12,2024-03-12 06:00:00,2024-03-12 06:00:00,GCJ24.csv,233,GCJ24.csv,1.0,2182.2,2182.2,2183.0,2182.2,0.8000000000001819
45363,8,30,2176.1,0,2024-03-12,2024-03-12 08:30:00,2024-03-12 08:30:00,GCJ24.csv,5226,GCJ24.csv,-1.0,2173.3,2173.3,2176.1,2173.3,-2.799999999999727
45363,8,40,2184.0,-2,2024-03-12,2024-03-12 08:40:00,2024-03-12 08:40:00,GCJ24.csv,1902,GCJ24.csv,-2.0,2187.5,2187.5,4368.0,4375.0,7.0
45363,8,50,2184.4,-3,2024-03-12,2024-03-12 08:50:00,2024-03-12 08:50:00,GCJ24.csv,1317,GCJ24.csv,-1.0,2183.8,2183.8,2184.4,2183.8,-0.599999999999909
45363,9,0,2175.5,2,2024-03-12,2024-03-12 09:00:00,2024-03-12 09:00:00,GCJ24.csv,2166,GCJ24.csv,5.0,2173.9,2173.9,10877.5,10869.5,8.0
45363,9,10,2168.8,4,2024-03-12,2024-03-12 09:10:00,2024-03-12 09:10:00,GCJ24.csv,1606,GCJ24.csv,2.0,2167.9,2167.9,4337.6,4335.8,1.800000000000182
45363,9,20,2166.9,3,2024-03-12,2024-03-12 09:20:00,2024-03-12 09:20:00,GCJ24.csv,619,GCJ24.csv,-1.0,2169.6,2169.6,2166.9,2169.6,2.699999999999818
45363,9,40,2162.9,4,2024-03-12,2024-03-12 09:40:00,2024-03-12 09:40:00,GCJ24.csv,607,GCJ24.csv,1.0,2163.7,2163.7,2162.9,2163.7,-0.7999999999997272
45363,9,50,2166.1,2,2024-03-12,2024-03-12 09:50:00,2024-03-12 09:50:00,GCJ24.csv,541,GCJ24.csv,-2.0,2168.5,2168.5,4332.2,4337.0,4.800000000000182
45363,10,0,2165.8,1,2024-03-12,2024-03-12 10:00:00,2024-03-12 10:00:00,GCJ24.csv,1236,GCJ24.csv,-1.0,2169.2000000000003,2160.2,2165.8,2160.2,-5.600000000000364
45363,10,10,2158.9,3,2024-03-12,2024-03-12 10:10:00,2024-03-12 10:10:00,GCJ24.csv,675,GCJ24.csv,2.0,2159.4,2159.4,4317.8,4318.8,-1.0
45363,11,0,2167.6,1,2024-03-12,2024-03-12 11:00:00,2024-03-12 11:00:00,GCJ24.csv,1329,GCJ24.csv,-2.0,2168.8,2168.8,4335.2,4337.6,2.4000000000005457
45363,12,0,2168.6,4,2024-03-12,2024-03-12 12:00:00,2024-03-12 12:00:00,GCJ24.csv,179,GCJ24.csv,3.0,2167.7,2167.7,6505.799999999999,6503.099999999999,2.699999999999818
45363,14,0,2160.1,5,2024-03-12,2024-03-12 14:00:00,2024-03-12 14:00:00,GCJ24.csv,887,GCJ24.csv,1.0,2159.1,2160.0,2160.1,2160.0,0.09999999999990905
45363,14,30,2160.9,4,2024-03-12,2024-03-12 14:30:00,2024-03-12 14:30:00,GCJ24.csv,164,GCJ24.csv,-1.0,2162.2000000000003,2162.2000000000003,2160.9,2162.2000000000003,1.300000000000182
45363,16,0,2162.8,3,2024-03-12,2024-03-12 16:00:00,2024-03-12 16:00:00,GCJ24.csv,123,GCJ24.csv,-1.0,2163.2000000000003,2162.3,2162.8,2162.3,-0.5
45364,4,30,2164.4,4,2024-03-13,2024-03-13 04:30:00,2024-03-13 04:30:00,GCJ24.csv,115,GCJ24.csv,1.0,2163.9,2163.9,2164.4,2163.9,0.5
45364,6,0,2163.8,6,2024-03-13,2024-03-13 06:00:00,2024-03-13 06:00:00,GCJ24.csv,80,GCJ24.csv,2.0,2163.3,2164.6,4327.6,4329.2,-1.5999999999994543
45364,8,30,2169.2,5,2024-03-13,2024-03-13 08:30:00,2024-03-13 08:30:00,GCJ24.csv,310,GCJ24.csv,-1.0,2169.6,2168.7,2169.2,2168.7,-0.5
45364,9,40,2175.0,3,2024-03-13,2024-03-13 09:40:00,2024-03-13 09:40:00,GCJ24.csv,1287,GCJ24.csv,-2.0,2175.0,2175.0,4350.0,4350.0,-0.0
45364,10,0,2171.6,5,2024-03-13,2024-03-13 10:00:00,2024-03-13 10:00:00,GCJ24.csv,326,GCJ24.csv,2.0,2170.0,2170.0,4343.2,4340.0,3.199999999999818
45364,12,0,2177.3,6,2024-03-13,2024-03-13 12:00:00,2024-03-13 12:00:00,GCJ24.csv,140,GCJ24.csv,1.0,2175.7,2175.7,2177.3,2175.7,1.6000000000003638
45365,1,30,2175.4,3,2024-03-14,2024-03-14 01:30:00,2024-03-14 01:30:00,GCJ24.csv,40,GCJ24.csv,-3.0,2175.7000000000003,2175.7000000000003,6526.200000000001,6527.1,0.8999999999996362
45365,3,30,2171.9,6,2024-03-14,2024-03-14 03:30:00,2024-03-14 03:30:00,GCJ24.csv,66,GCJ24.csv,3.0,2171.8,2171.8,6515.700000000001,6515.400000000001,0.3000000000001819
45365,4,30,2173.8,8,2024-03-14,2024-03-14 04:30:00,2024-03-14 04:30:00,GCJ24.csv,404,GCJ24.csv,2.0,2173.5,2173.5,4347.6,4347.0,0.6000000000003638
45365,8,30,2171.7,6,2024-03-14,2024-03-14 08:30:00,2024-03-14 08:30:00,GCJ24.csv,2388,GCJ24.csv,-2.0,2169.6,2169.6,4343.4,4339.2,-4.199999999999818
45365,9,0,2167.3,7,2024-03-14,2024-03-14 09:00:00,2024-03-14 09:00:00,GCJ24.csv,765,GCJ24.csv,1.0,2167.1,2167.1,2167.3,2167.1,0.20000000000027285
45365,10,30,2166.5,8,2024-03-14,2024-03-14 10:30:00,2024-03-14 10:30:00,GCJ24.csv,375,GCJ24.csv,1.0,2166.2,2166.2,2166.5,2166.2,0.3000000000001819
45365,11,0,2165.9,7,2024-03-14,2024-03-14 11:00:00,2024-03-14 11:00:00,GCJ24.csv,635,GCJ24.csv,-1.0,2165.9,2165.9,2165.9,2165.9,-0.0
45365,12,0,2161.4,6,2024-03-14,2024-03-14 12:00:00,2024-03-14 12:00:00,GCJ24.csv,192,GCJ24.csv,-1.0,2163.2000000000003,2162.4,2161.4,2162.4,1.0
45365,14,30,2166.1,5,2024-03-14,2024-03-14 14:30:00,2024-03-14 14:30:00,GCJ24.csv,108,GCJ24.csv,-1.0,2167.4,2166.1,2166.1,2166.1,-0.0
45366,1,30,2168.3,7,2024-03-15,2024-03-15 01:30:00,2024-03-15 01:30:00,GCJ24.csv,29,GCJ24.csv,2.0,2169.3,2169.3,4336.6,4338.6,-2.0
45366,3,30,2172.1,5,2024-03-15,2024-03-15 03:30:00,2024-03-15 03:30:00,GCJ24.csv,89,GCJ24.csv,-2.0,2172.6,2172.6,4344.2,4345.2,1.0
45366,6,0,2176.1,7,2024-03-15,2024-03-15 06:00:00,2024-03-15 06:00:00,GCJ24.csv,695,GCJ24.csv,2.0,2176.1,2176.1,4352.2,4352.2,0.0
45366,8,40,2163.2,8,2024-03-15,2024-03-15 08:40:00,2024-03-15 08:40:00,GCJ24.csv,552,GCJ24.csv,1.0,2162.2,2162.2,2163.2,2162.2,1.0
45366,9,0,2165.6,7,2024-03-15,2024-03-15 09:00:00,2024-03-15 09:00:00,GCJ24.csv,471,GCJ24.csv,-1.0,2167.0,2167.0,2165.6,2167.0,1.400000000000091
45366,10,30,2164.8,8,2024-03-15,2024-03-15 10:30:00,2024-03-15 10:30:00,GCJ24.csv,237,GCJ24.csv,1.0,2166.0,2166.0,2164.8,2166.0,-1.199999999999818
45366,12,0,2163.8,5,2024-03-15,2024-03-15 12:00:00,2024-03-15 12:00:00,GCJ24.csv,135,GCJ24.csv,-3.0,2163.9,2163.9,6491.400000000001,6491.700000000001,0.3000000000001819
45366,14,30,2161.4,4,2024-03-15,2024-03-15 14:30:00,2024-03-15 14:30:00,GCJ24.csv,69,GCJ24.csv,-1.0,2162.3,2162.3,2161.4,2162.3,0.900000000000091
45366,16,30,2161.9,0,2024-03-15,2024-03-15 16:30:00,2024-03-15 16:30:00,GCJ24.csv,21,GCJ24.csv,-4.0,2161.9,2161.9,8647.6,8647.6,-0.0
45369,1,30,2149.9,-1,2024-03-18,2024-03-18 01:30:00,2024-03-18 01:30:00,GCJ24.csv,126,GCJ24.csv,-1.0,2150.1,2150.1,2149.9,2150.1,0.1999999999998181
45369,3,30,2153.8,0,2024-03-18,2024-03-18 03:30:00,2024-03-18 03:30:00,GCJ24.csv,189,GCJ24.csv,1.0,2152.4,2153.9,2153.8,2153.9,-0.09999999999990905
45369,4,30,2156.2,-2,2024-03-18,2024-03-18 04:30:00,2024-03-18 04:30:00,GCJ24.csv,71,GCJ24.csv,-2.0,2156.9,2155.3,4312.4,4310.6,-1.7999999999992724
45369,6,0,2158.4,1,2024-03-18,2024-03-18 06:00:00,2024-03-18 06:00:00,GCJ24.csv,45,GCJ24.csv,3.0,2157.8,2159.5,6475.200000000001,6478.5,-3.2999999999992724
45369,8,30,2165.1,3,2024-03-18,2024-03-18 08:30:00,2024-03-18 08:30:00,GCJ24.csv,534,GCJ24.csv,2.0,2164.4,2164.4,4330.2,4328.8,1.3999999999996362
45369,9,0,2162.3,5,2024-03-18,2024-03-18 09:00:00,2024-03-18 09:00:00,GCJ24.csv,555,GCJ24.csv,2.0,2162.9,2162.9,4324.6,4325.8,-1.199999999999818
45369,10,10,2164.0,3,2024-03-18,2024-03-18 10:10:00,2024-03-18 10:10:00,GCJ24.csv,211,GCJ24.csv,-2.0,2164.2,2164.2,4328.0,4328.4,0.3999999999996362
45369,10,30,2163.4,5,2024-03-18,2024-03-18 10:30:00,2024-03-18 10:30:00,GCJ24.csv,88,GCJ24.csv,2.0,2162.9,2162.9,4326.8,4325.8,1.0
45369,11,0,2161.9,3,2024-03-18,2024-03-18 11:00:00,2024-03-18 11:00:00,GCJ24.csv,499,GCJ24.csv,-2.0,2162.3,2162.3,4323.8,4324.6,0.8000000000001819
45369,12,0,2161.7,5,2024-03-18,2024-03-18 12:00:00,2024-03-18 12:00:00,GCJ24.csv,185,GCJ24.csv,2.0,2161.0,2161.0,4323.4,4322.0,1.3999999999996362
45370,1,30,2161.6,3,2024-03-19,2024-03-19 01:30:00,2024-03-19 01:30:00,GCJ24.csv,139,GCJ24.csv,-2.0,2161.9,2161.9,4323.2,4323.8,0.6000000000003638
45370,3,30,2158.7,5,2024-03-19,2024-03-19 03:30:00,2024-03-19 03:30:00,GCJ24.csv,78,GCJ24.csv,2.0,2159.5,2159.5,4317.4,4319.0,-1.6000000000003638
45370,4,30,2153.7,3,2024-03-19,2024-03-19 04:30:00,2024-03-19 04:30:00,GCJ24.csv,254,GCJ24.csv,-2.0,2153.6,2153.6,4307.4,4307.2,-0.1999999999998181
45370,8,30,2156.4,5,2024-03-19,2024-03-19 08:30:00,2024-03-19 08:30:00,GCJ24.csv,606,GCJ24.csv,2.0,2157.8,2157.8,4312.8,4315.6,-2.800000000000182
45370,10,30,2155.9,7,2024-03-19,2024-03-19 10:30:00,2024-03-19 10:30:00,GCJ24.csv,120,GCJ24.csv,2.0,2156.1,2156.1,4311.8,4312.2,-0.3999999999996362
45370,14,30,2159.7,5,2024-03-19,2024-03-19 14:30:00,2024-03-19 14:30:00,GCJ24.csv,21,GCJ24.csv,-2.0,2160.9,2160.9,4319.4,4321.8,2.4000000000005457
45371,1,30,2160.6,2,2024-03-20,2024-03-20 01:30:00,2024-03-20 01:30:00,GCJ24.csv,41,GCJ24.csv,-3.0,2160.8,2160.8,6481.799999999999,6482.400000000001,0.6000000000012733
45371,3,30,2161.9,5,2024-03-20,2024-03-20 03:30:00,2024-03-20 03:30:00,GCJ24.csv,60,GCJ24.csv,3.0,2161.6,2161.6,6485.700000000001,6484.799999999999,0.9000000000014552
45371,4,30,2159.1,3,2024-03-20,2024-03-20 04:30:00,2024-03-20 04:30:00,GCJ24.csv,42,GCJ24.csv,-2.0,2159.9,2158.9,4318.2,4317.8,-0.3999999999996362
45371,6,0,2157.2,4,2024-03-20,2024-03-20 06:00:00,2024-03-20 06:00:00,GCJ24.csv,355,GCJ24.csv,1.0,2156.5,2156.7,2157.2,2156.7,0.5
45371,8,30,2157.2,6,2024-03-20,2024-03-20 08:30:00,2024-03-20 08:30:00,GCJ24.csv,88,GCJ24.csv,2.0,2156.2,2156.2,4314.4,4312.4,2.0
45371,9,0,2156.1,7,2024-03-20,2024-03-20 09:00:00,2024-03-20 09:00:00,GCJ24.csv,177,GCJ24.csv,1.0,2155.9,2155.9,2156.1,2155.9,0.1999999999998181
45371,9,30,2153.8,8,2024-03-20,2024-03-20 09:30:00,2024-03-20 09:30:00,GCJ24.csv,816,GCJ24.csv,1.0,2154.4,2154.4,2153.8,2154.4,-0.599999999999909
45371,9,50,2158.2,5,2024-03-20,2024-03-20 09:50:00,2024-03-20 09:50:00,GCJ24.csv,233,GCJ24.csv,-3.0,2159.2,2159.2,6474.599999999999,6477.599999999999,3.0
45371,10,10,2167.3,4,2024-03-20,2024-03-20 10:10:00,2024-03-20 10:10:00,GCJ24.csv,624,GCJ24.csv,-1.0,2167.9,2167.9,2167.3,2167.9,0.599999999999909
45371,10,30,2163.9,7,2024-03-20,2024-03-20 10:30:00,2024-03-20 10:30:00,GCJ24.csv,337,GCJ24.csv,3.0,2161.7,2161.7,6491.700000000001,6485.099999999999,6.600000000001273
45371,11,0,2159.9,6,2024-03-20,2024-03-20 11:00:00,2024-03-20 11:00:00,GCJ24.csv,304,GCJ24.csv,-1.0,2162.1,2161.2,2159.9,2161.2,1.2999999999997272
45371,12,0,2158.8,7,2024-03-20,2024-03-20 12:00:00,2024-03-20 12:00:00,GCJ24.csv,135,GCJ24.csv,1.0,2159.2,2159.2,2158.8,2159.2,-0.3999999999996362
45371,14,0,2160.7,5,2024-03-20,2024-03-20 14:00:00,2024-03-20 14:00:00,GCJ24.csv,3114,GCJ24.csv,-2.0,2171.2000000000003,2171.2000000000003,4321.4,4342.400000000001,21.00000000000091
45371,16,0,2186.5,7,2024-03-20,2024-03-20 16:00:00,2024-03-20 16:00:00,GCJ24.csv,457,GCJ24.csv,2.0,2186.5,2186.5,4373.0,4373.0,0.0
45372,4,30,2205.6,8,2024-03-21,2024-03-21 04:30:00,2024-03-21 04:30:00,GCJ24.csv,581,GCJ24.csv,1.0,2204.0,2204.0,2205.6,2204.0,1.599999999999909
45372,6,0,2207.8,1,2024-03-21,2024-03-21 06:00:00,2024-03-21 06:00:00,GCJ24.csv,86,GCJ24.csv,-7.0,2209.1,2209.1,15454.600000000002,15463.699999999999,9.099999999996726
45372,8,30,2209.6,0,2024-03-21,2024-03-21 08:30:00,2024-03-21 08:30:00,GCJ24.csv,696,GCJ24.csv,-1.0,2208.1,2208.1,2209.6,2208.1,-1.5
45372,9,10,2205.8,2,2024-03-21,2024-03-21 09:10:00,2024-03-21 09:10:00,GCJ24.csv,473,GCJ24.csv,2.0,2205.2,2205.2,4411.6,4410.4,1.2000000000007276
45372,9,30,2204.4,0,2024-03-21,2024-03-21 09:30:00,2024-03-21 09:30:00,GCJ24.csv,1813,GCJ24.csv,-2.0,2202.0,2202.0,4408.8,4404.0,-4.800000000000182
45372,9,40,2201.6,2,2024-03-21,2024-03-21 09:40:00,2024-03-21 09:40:00,GCJ24.csv,279,GCJ24.csv,2.0,2201.2,2201.2,4403.2,4402.4,0.8000000000001819
45372,9,50,2198.2,4,2024-03-21,2024-03-21 09:50:00,2024-03-21 09:50:00,GCJ24.csv,755,GCJ24.csv,2.0,2197.3,2197.3,4396.4,4394.6,1.7999999999992724
45372,10,0,2193.1,3,2024-03-21,2024-03-21 10:00:00,2024-03-21 10:00:00,GCJ24.csv,1710,GCJ24.csv,-1.0,2190.7000000000003,2190.7000000000003,2193.1,2190.7000000000003,-2.399999999999636
45372,10,10,2185.7,2,2024-03-21,2024-03-21 10:10:00,2024-03-21 10:10:00,GCJ24.csv,1458,GCJ24.csv,-1.0,2186.6,2186.6,2185.7,2186.6,0.900000000000091
45372,10,30,2178.7,5,2024-03-21,2024-03-21 10:30:00,2024-03-21 10:30:00,GCJ24.csv,1017,GCJ24.csv,3.0,2181.8,2181.8,6536.099999999999,6545.400000000001,-9.300000000001091
45372,10,40,2180.5,4,2024-03-21,2024-03-21 10:40:00,2024-03-21 10:40:00,GCJ24.csv,1072,GCJ24.csv,-1.0,2181.6,2181.6,2180.5,2181.6,1.099999999999909
45372,10,50,2181.8,3,2024-03-21,2024-03-21 10:50:00,2024-03-21 10:50:00,GCJ24.csv,581,GCJ24.csv,-1.0,2182.4,2182.4,2181.8,2182.4,0.599999999999909
45372,14,30,2183.7,0,2024-03-21,2024-03-21 14:30:00,2024-03-21 14:30:00,GCJ24.csv,59,GCJ24.csv,-3.0,2184.5,2184.3,6551.099999999999,6552.900000000001,1.8000000000010914
45373,1,30,2175.6,-1,2024-03-22,2024-03-22 01:30:00,2024-03-22 01:30:00,GCJ24.csv,88,GCJ24.csv,-1.0,2175.8,2175.8,2175.6,2175.8,0.20000000000027285
45373,3,30,2166.4,0,2024-03-22,2024-03-22 03:30:00,2024-03-22 03:30:00,GCJ24.csv,261,GCJ24.csv,1.0,2167.8,2167.8,2166.4,2167.8,-1.400000000000091
45373,6,0,2168.1,3,2024-03-22,2024-03-22 06:00:00,2024-03-22 06:00:00,GCJ24.csv,64,GCJ24.csv,3.0,2167.3,2167.9,6504.299999999999,6503.700000000001,0.5999999999985448
45373,9,50,2181.0,1,2024-03-22,2024-03-22 09:50:00,2024-03-22 09:50:00,GCJ24.csv,214,GCJ24.csv,-2.0,2179.4,2179.4,4362.0,4358.8,-3.199999999999818
45373,10,0,2180.6,0,2024-03-22,2024-03-22 10:00:00,2024-03-22 10:00:00,GCJ24.csv,202,GCJ24.csv,-1.0,2178.7000000000003,2178.7000000000003,2180.6,2178.7000000000003,-1.8999999999996362
45373,10,10,2176.0,4,2024-03-22,2024-03-22 10:10:00,2024-03-22 10:10:00,GCJ24.csv,265,GCJ24.csv,4.0,2174.7,2174.7,8704.0,8698.8,5.200000000000728
45373,10,20,2176.0,5,2024-03-22,2024-03-22 10:20:00,2024-03-22 10:20:00,GCJ24.csv,520,GCJ24.csv,1.0,2174.0,2174.4,2176.0,2174.4,1.599999999999909
45373,14,0,2160.5,7,2024-03-22,2024-03-22 14:00:00,2024-03-22 14:00:00,GCJ24.csv,145,GCJ24.csv,2.0,2160.8,2160.8,4321.0,4321.6,-0.6000000000003638
45373,14,30,2165.5,5,2024-03-22,2024-03-22 14:30:00,2024-03-22 14:30:00,GCJ24.csv,145,GCJ24.csv,-2.0,2164.8,2164.8,4331.0,4329.6,-1.3999999999996362
45373,16,0,2165.7,3,2024-03-22,2024-03-22 16:00:00,2024-03-22 16:00:00,GCJ24.csv,142,GCJ24.csv,-2.0,2166.3,2166.1,4331.4,4332.2,0.8000000000001819
45373,16,30,2167.3,0,2024-03-22,2024-03-22 16:30:00,2024-03-22 16:30:00,GCJ24.csv,33,GCJ24.csv,-3.0,2167.0,2167.0,6501.900000000001,6501.0,-0.9000000000005457
45376,1,30,2169.4,-1,2024-03-25,2024-03-25 01:30:00,2024-03-25 01:30:00,GCJ24.csv,51,GCJ24.csv,-1.0,2169.7,2169.7,2169.4,2169.7,0.29999999999972715
45376,3,30,2167.7,0,2024-03-25,2024-03-25 03:30:00,2024-03-25 03:30:00,GCJ24.csv,31,GCJ24.csv,1.0,2166.7000000000003,2166.7000000000003,2167.7,2166.7000000000003,0.9999999999995453
45376,9,0,2175.6,-1,2024-03-25,2024-03-25 09:00:00,2024-03-25 09:00:00,GCJ24.csv,722,GCJ24.csv,-1.0,2176.0,2176.0,2175.6,2176.0,0.40000000000009095
45376,9,40,2178.8,-2,2024-03-25,2024-03-25 09:40:00,2024-03-25 09:40:00,GCJ24.csv,187,GCJ24.csv,-1.0,2178.8,2178.8,2178.8,2178.8,-0.0
45376,10,0,2178.3,-1,2024-03-25,2024-03-25 10:00:00,2024-03-25 10:00:00,GCJ24.csv,248,GCJ24.csv,1.0,2178.4,2178.4,2178.3,2178.4,-0.09999999999990905
45376,10,30,2178.4,-2,2024-03-25,2024-03-25 10:30:00,2024-03-25 10:30:00,GCJ24.csv,234,GCJ24.csv,-1.0,2178.7000000000003,2177.8,2178.4,2177.8,-0.599999999999909
45376,11,0,2178.8,-1,2024-03-25,2024-03-25 11:00:00,2024-03-25 11:00:00,GCJ24.csv,429,GCJ24.csv,1.0,2177.2,2178.7,2178.8,2178.7,0.1000000000003638
45376,12,0,2176.5,2,2024-03-25,2024-03-25 12:00:00,2024-03-25 12:00:00,GCJ24.csv,133,GCJ24.csv,3.0,2176.4,2176.4,6529.5,6529.200000000001,0.2999999999992724
45376,14,30,2175.3,3,2024-03-25,2024-03-25 14:30:00,2024-03-25 14:30:00,GCJ24.csv,28,GCJ24.csv,1.0,2174.6,2174.6,2175.3,2174.6,0.7000000000002728
45377,1,30,2172.2,4,2024-03-26,2024-03-26 01:30:00,2024-03-26 01:30:00,GCM24.csv,63,GCM24.csv,1.0,2193.7,2193.7,2172.2,2193.7,-21.5
45377,3,30,2172.1,3,2024-03-26,2024-03-26 03:30:00,2024-03-26 03:30:00,GCM24.csv,101,GCM24.csv,-1.0,2194.9,2194.9,2172.1,2194.9,22.800000000000182
45377,6,0,2191.5,6,2024-03-26,2024-03-26 06:00:00,2024-03-26 06:00:00,GCM24.csv,92,GCM24.csv,3.0,2213.2,2213.2,6574.5,6639.599999999999,-65.09999999999945
45377,8,50,2188.7,7,2024-03-26,2024-03-26 08:50:00,2024-03-26 08:50:00,GCM24.csv,257,GCM24.csv,1.0,2210.3,2210.3,2188.7,2210.3,-21.600000000000364
45377,9,10,2188.9,6,2024-03-26,2024-03-26 09:10:00,2024-03-26 09:10:00,GCM24.csv,118,GCM24.csv,-1.0,2212.9,2212.9,2188.9,2212.9,24.0
45377,9,50,2183.3,7,2024-03-26,2024-03-26 09:50:00,2024-03-26 09:50:00,GCM24.csv,298,GCM24.csv,1.0,2206.1000000000004,2206.1000000000004,2183.3,2206.1000000000004,-22.800000000000182
45377,10,10,2185.6,6,2024-03-26,2024-03-26 10:10:00,2024-03-26 10:10:00,GCJ24.csv,203,GCJ24.csv,-1.0,2184.3,2184.3,2185.6,2184.3,-1.2999999999997272
45378,4,30,2178.5,3,2024-03-27,2024-03-27 04:30:00,2024-03-27 04:30:00,GCM24.csv,97,GCM24.csv,-3.0,2200.6,2199.1,6535.5,6597.299999999999,61.79999999999927
45378,6,0,2188.2,4,2024-03-27,2024-03-27 06:00:00,2024-03-27 06:00:00,GCM24.csv,349,GCM24.csv,1.0,2209.9,2209.9,2188.2,2209.9,-21.700000000000273
45378,8,30,2186.1,7,2024-03-27,2024-03-27 08:30:00,2024-03-27 08:30:00,GCM24.csv,169,GCM24.csv,3.0,2208.0,2208.0,6558.299999999999,6624.0,-65.70000000000073
45378,9,40,2190.9,5,2024-03-27,2024-03-27 09:40:00,2024-03-27 09:40:00,GCM24.csv,541,GCM24.csv,-2.0,2212.3,2212.3,4381.8,4424.6,42.80000000000018
45378,10,0,2192.4,7,2024-03-27,2024-03-27 10:00:00,2024-03-27 10:00:00,GCM24.csv,456,GCM24.csv,2.0,2212.7,2212.7,4384.8,4425.4,-40.599999999999454
45378,10,30,2190.9,8,2024-03-27,2024-03-27 10:30:00,2024-03-27 10:30:00,GCM24.csv,173,GCM24.csv,1.0,2212.4,2212.4,2190.9,2212.4,-21.5
45378,12,0,2189.0,7,2024-03-27,2024-03-27 12:00:00,2024-03-27 12:00:00,GCM24.csv,401,GCM24.csv,-1.0,2212.4,2211.1,2189.0,2211.1,22.09999999999991
45378,14,30,2188.7,6,2024-03-27,2024-03-27 14:30:00,2024-03-27 14:30:00,GCM24.csv,24,GCM24.csv,-1.0,2212.3,2211.7,2188.7,2211.7,23.0
45379,4,30,2194.3,4,2024-03-28,2024-03-28 04:30:00,2024-03-28 04:30:00,GCM24.csv,61,GCM24.csv,-2.0,2215.3,2215.3,4388.6,4430.6,42.0
45379,6,0,2195.1,0,2024-03-28,2024-03-28 06:00:00,2024-03-28 06:00:00,GCM24.csv,69,GCM24.csv,-4.0,2219.3,2218.6,8780.4,8874.4,94.0
45379,8,30,2210.7,2,2024-03-28,2024-03-28 08:30:00,2024-03-28 08:30:00,GCM24.csv,750,GCM24.csv,2.0,2228.6,2228.6,4421.4,4457.2,-35.80000000000018
45379,8,40,2207.3,3,2024-03-28,2024-03-28 08:40:00,2024-03-28 08:40:00,GCM24.csv,457,GCM24.csv,1.0,2227.3,2227.3,2207.3,2227.3,-20.0
45379,9,0,2215.0,0,2024-03-28,2024-03-28 09:00:00,2024-03-28 09:00:00,GCM24.csv,2039,GCM24.csv,-3.0,2236.1,2236.1,6645.0,6708.299999999999,63.29999999999927
45379,9,10,2212.1,-1,2024-03-28,2024-03-28 09:10:00,2024-03-28 09:10:00,GCM24.csv,210,GCM24.csv,-1.0,2233.1,2233.1,2212.1,2233.1,21.0
45379,9,20,2210.9,3,2024-03-28,2024-03-28 09:20:00,2024-03-28 09:20:00,GCM24.csv,469,GCM24.csv,4.0,2231.0,2231.0,8843.6,8924.0,-80.39999999999964
45379,9,30,2208.8,4,2024-03-28,2024-03-28 09:30:00,2024-03-28 09:30:00,GCM24.csv,982,GCM24.csv,1.0,2227.3,2227.3,2208.8,2227.3,-18.5
45379,10,0,2207.3,2,2024-03-28,2024-03-28 10:00:00,2024-03-28 10:00:00,GCM24.csv,578,GCM24.csv,-2.0,2226.8,2226.8,4414.6,4453.6,39.0
45379,10,30,2206.1,0,2024-03-28,2024-03-28 10:30:00,2024-03-28 10:30:00,GCM24.csv,268,GCM24.csv,-2.0,2230.4,2230.4,4412.2,4460.8,48.600000000000364
45379,12,0,2215.5,1,2024-03-28,2024-03-28 12:00:00,2024-03-28 12:00:00,GCM24.csv,608,GCM24.csv,1.0,2236.0,2236.0,2215.5,2236.0,-20.5
45379,14,30,2221.0,3,2024-03-28,2024-03-28 14:30:00,2024-03-28 14:30:00,GCM24.csv,236,GCM24.csv,2.0,2239.2000000000003,2240.2,4442.0,4480.4,-38.399999999999636
45380,12,0,2234.1,0,2024-03-29,2024-03-29 12:00:00,2024-03-29 12:00:00,GCM24.csv,248,GCM24.csv,-3.0,2253.9,2259.2,6702.299999999999,6777.599999999999,75.30000000000018
45383,9,20,2255.9,-2,2024-04-01,2024-04-01 09:20:00,2024-04-01 09:20:00,GCM24.csv,266,GCM24.csv,-2.0,2277.0,2277.0,4511.8,4554.0,42.19999999999982
45383,9,40,2255.9,0,2024-04-01,2024-04-01 09:40:00,2024-04-01 09:40:00,GCM24.csv,536,GCM24.csv,2.0,2270.7000000000003,2270.7000000000003,4511.8,4541.400000000001,-29.600000000000364
45383,9,50,2250.9,2,2024-04-01,2024-04-01 09:50:00,2024-04-01 09:50:00,GCM24.csv,1688,GCM24.csv,2.0,2262.5,2262.5,4501.8,4525.0,-23.199999999999818
45383,10,0,2243.1,3,2024-04-01,2024-04-01 10:00:00,2024-04-01 10:00:00,GCM24.csv,1984,GCM24.csv,1.0,2262.1,2262.1,2243.1,2262.1,-19.0
45383,10,10,2235.9,2,2024-04-01,2024-04-01 10:10:00,2024-04-01 10:10:00,GCM24.csv,701,GCM24.csv,-1.0,2258.3,2258.3,2235.9,2258.3,22.40000000000009
45383,10,20,2234.0,1,2024-04-01,2024-04-01 10:20:00,2024-04-01 10:20:00,GCM24.csv,776,GCM24.csv,-1.0,2253.5,2253.5,2234.0,2253.5,19.5
45383,10,30,2234.0,0,2024-04-01,2024-04-01 10:30:00,2024-04-01 10:30:00,GCM24.csv,424,GCM24.csv,-1.0,2254.2000000000003,2254.2000000000003,2234.0,2254.2000000000003,20.200000000000273
45384,1,30,2274.6,-3,2024-04-02,2024-04-02 01:30:00,2024-04-02 01:30:00,GCM24.csv,145,GCM24.csv,-3.0,2275.3,2275.3,6823.799999999999,6825.900000000001,2.1000000000012733
45384,3,30,2274.2,0,2024-04-02,2024-04-02 03:30:00,2024-04-02 03:30:00,GCM24.csv,141,GCM24.csv,3.0,2273.7,2273.7,6822.599999999999,6821.099999999999,1.5
45384,4,30,2282.0,-2,2024-04-02,2024-04-02 04:30:00,2024-04-02 04:30:00,GCM24.csv,103,GCM24.csv,-2.0,2282.7,2282.7,4564.0,4565.4,1.3999999999996362
45384,6,0,2281.2,-3,2024-04-02,2024-04-02 06:00:00,2024-04-02 06:00:00,GCM24.csv,113,GCM24.csv,-1.0,2281.9,2277.3,2281.2,2277.3,-3.899999999999636
45384,8,30,2276.9,-1,2024-04-02,2024-04-02 08:30:00,2024-04-02 08:30:00,GCM24.csv,252,GCM24.csv,2.0,2276.2000000000003,2276.2000000000003,4553.8,4552.400000000001,1.3999999999996362
45384,9,0,2277.7,0,2024-04-02,2024-04-02 09:00:00,2024-04-02 09:00:00,GCM24.csv,366,GCM24.csv,1.0,2277.0,2277.0,2277.7,2277.0,0.6999999999998181
45384,9,40,2284.3,-1,2024-04-02,2024-04-02 09:40:00,2024-04-02 09:40:00,GCM24.csv,1107,GCM24.csv,-1.0,2285.2000000000003,2285.2000000000003,2284.3,2285.2000000000003,0.900000000000091
45384,10,0,2286.2,0,2024-04-02,2024-04-02 10:00:00,2024-04-02 10:00:00,GCM24.csv,858,GCM24.csv,1.0,2285.3,2285.3,2286.2,2285.3,0.8999999999996362
45384,11,0,2280.5,-1,2024-04-02,2024-04-02 11:00:00,2024-04-02 11:00:00,GCM24.csv,567,GCM24.csv,-1.0,2281.4,2281.4,2280.5,2281.4,0.900000000000091
45385,1,30,2303.8,-4,2024-04-03,2024-04-03 01:30:00,2024-04-03 01:30:00,GCM24.csv,131,GCM24.csv,-3.0,2304.8,2303.0,6911.400000000001,6909.0,-2.4000000000005457
45385,3,30,2292.9,-1,2024-04-03,2024-04-03 03:30:00,2024-04-03 03:30:00,GCM24.csv,294,GCM24.csv,3.0,2291.5,2291.5,6878.700000000001,6874.5,4.200000000000728
45385,4,30,2289.6,-2,2024-04-03,2024-04-03 04:30:00,2024-04-03 04:30:00,GCM24.csv,102,GCM24.csv,-1.0,2290.4,2290.4,2289.6,2290.4,0.8000000000001819
45385,6,0,2292.2,-3,2024-04-03,2024-04-03 06:00:00,2024-04-03 06:00:00,GCM24.csv,59,GCM24.csv,-1.0,2292.7,2292.7,2292.2,2292.7,0.5
45385,8,30,2288.7,-2,2024-04-03,2024-04-03 08:30:00,2024-04-03 08:30:00,GCM24.csv,1080,GCM24.csv,1.0,2290.8,2290.8,2288.7,2290.8,-2.100000000000364
45385,9,10,2297.9,-3,2024-04-03,2024-04-03 09:10:00,2024-04-03 09:10:00,GCM24.csv,299,GCM24.csv,-1.0,2298.9,2295.4,2297.9,2295.4,-2.5
45385,9,20,2295.5,-2,2024-04-03,2024-04-03 09:20:00,2024-04-03 09:20:00,GCM24.csv,180,GCM24.csv,1.0,2294.5,2294.5,2295.5,2294.5,1.0
45385,9,30,2294.9,-1,2024-04-03,2024-04-03 09:30:00,2024-04-03 09:30:00,GCM24.csv,674,GCM24.csv,1.0,2292.7,2292.7,2294.9,2292.7,2.200000000000273
45385,9,40,2294.5,-2,2024-04-03,2024-04-03 09:40:00,2024-04-03 09:40:00,GCM24.csv,304,GCM24.csv,-1.0,2295.7000000000003,2295.7000000000003,2294.5,2295.7000000000003,1.2000000000002728
45385,10,30,2296.3,-1,2024-04-03,2024-04-03 10:30:00,2024-04-03 10:30:00,GCM24.csv,823,GCM24.csv,1.0,2294.1,2300.5,2296.3,2300.5,-4.199999999999818
45385,12,0,2306.9,0,2024-04-03,2024-04-03 12:00:00,2024-04-03 12:00:00,GCM24.csv,204,GCM24.csv,1.0,2305.4,2305.4,2306.9,2305.4,1.5
45385,14,0,2315.5,2,2024-04-03,2024-04-03 14:00:00,2024-04-03 14:00:00,GCM24.csv,104,GCM24.csv,2.0,2314.7,2314.7,4631.0,4629.4,1.6000000000003638
45385,14,30,2315.0,1,2024-04-03,2024-04-03 14:30:00,2024-04-03 14:30:00,GCM24.csv,40,GCM24.csv,-1.0,2316.2000000000003,2316.2000000000003,2315.0,2316.2000000000003,1.2000000000002728
45385,16,0,2318.1,-1,2024-04-03,2024-04-03 16:00:00,2024-04-03 16:00:00,GCM24.csv,151,GCM24.csv,-2.0,2319.0,2317.8,4636.2,4635.6,-0.5999999999994543
45386,4,30,2310.9,-2,2024-04-04,2024-04-04 04:30:00,2024-04-04 04:30:00,GCM24.csv,106,GCM24.csv,-1.0,2312.6,2312.6,2310.9,2312.6,1.699999999999818
45386,6,0,2312.6,-1,2024-04-04,2024-04-04 06:00:00,2024-04-04 06:00:00,GCM24.csv,17,GCM24.csv,1.0,2312.0,2312.8,2312.6,2312.8,-0.20000000000027285
45386,8,30,2306.9,0,2024-04-04,2024-04-04 08:30:00,2024-04-04 08:30:00,GCM24.csv,1018,GCM24.csv,1.0,2305.1000000000004,2305.1000000000004,2306.9,2305.1000000000004,1.7999999999997272
45386,9,20,2308.5,-1,2024-04-04,2024-04-04 09:20:00,2024-04-04 09:20:00,GCM24.csv,123,GCM24.csv,-1.0,2309.4,2309.4,2308.5,2309.4,0.900000000000091
45386,9,30,2308.9,-2,2024-04-04,2024-04-04 09:30:00,2024-04-04 09:30:00,GCM24.csv,356,GCM24.csv,-1.0,2309.9,2306.7,2308.9,2306.7,-2.200000000000273
45386,9,40,2307.2,-1,2024-04-04,2024-04-04 09:40:00,2024-04-04 09:40:00,GCM24.csv,663,GCM24.csv,1.0,2306.0,2306.0,2307.2,2306.0,1.199999999999818
45386,9,50,2307.0,0,2024-04-04,2024-04-04 09:50:00,2024-04-04 09:50:00,GCM24.csv,209,GCM24.csv,1.0,2305.7000000000003,2305.7000000000003,2307.0,2305.7000000000003,1.2999999999997272
45386,10,10,2312.2,-1,2024-04-04,2024-04-04 10:10:00,2024-04-04 10:10:00,GCM24.csv,191,GCM24.csv,-1.0,2313.2000000000003,2313.2000000000003,2312.2,2313.2000000000003,1.0000000000004547
45386,10,30,2317.0,0,2024-04-04,2024-04-04 10:30:00,2024-04-04 10:30:00,GCM24.csv,822,GCM24.csv,1.0,2316.2,2316.2,2317.0,2316.2,0.8000000000001819
45386,12,0,2310.9,1,2024-04-04,2024-04-04 12:00:00,2024-04-04 12:00:00,GCM24.csv,70,GCM24.csv,1.0,2310.1,2310.5,2310.9,2310.5,0.40000000000009095
45386,14,0,2313.2,0,2024-04-04,2024-04-04 14:00:00,2024-04-04 14:00:00,GCM24.csv,128,GCM24.csv,-1.0,2313.8,2313.8,2313.2,2313.8,0.6000000000003638
45386,16,0,2305.1,1,2024-04-04,2024-04-04 16:00:00,2024-04-04 16:00:00,GCM24.csv,251,GCM24.csv,1.0,2304.5,2304.5,2305.1,2304.5,0.599999999999909
45387,4,30,2306.5,2,2024-04-05,2024-04-05 04:30:00,2024-04-05 04:30:00,GCM24.csv,172,GCM24.csv,1.0,2308.1,2308.1,2306.5,2308.1,-1.599999999999909
45387,8,30,2315.7,1,2024-04-05,2024-04-05 08:30:00,2024-04-05 08:30:00,GCM24.csv,3781,GCM24.csv,-1.0,2302.3,2302.3,2315.7,2302.3,-13.399999999999636
45387,8,40,2306.3,3,2024-04-05,2024-04-05 08:40:00,2024-04-05 08:40:00,GCM24.csv,591,GCM24.csv,2.0,2306.2,2306.2,4612.6,4612.4,0.2000000000007276
45387,9,0,2310.3,1,2024-04-05,2024-04-05 09:00:00,2024-04-05 09:00:00,GCM24.csv,751,GCM24.csv,-2.0,2310.3,2310.3,4620.6,4620.6,-0.0
45387,9,10,2306.5,2,2024-04-05,2024-04-05 09:10:00,2024-04-05 09:10:00,GCM24.csv,309,GCM24.csv,1.0,2307.9,2307.9,2306.5,2307.9,-1.400000000000091
45387,9,20,2317.8,1,2024-04-05,2024-04-05 09:20:00,2024-04-05 09:20:00,GCM24.csv,1004,GCM24.csv,-1.0,2316.1,2316.1,2317.8,2316.1,-1.7000000000002728
45387,9,30,2314.3,-2,2024-04-05,2024-04-05 09:30:00,2024-04-05 09:30:00,GCM24.csv,570,GCM24.csv,-3.0,2314.6,2314.6,6942.900000000001,6943.799999999999,0.8999999999987267
45387,9,40,2316.1,0,2024-04-05,2024-04-05 09:40:00,2024-04-05 09:40:00,GCM24.csv,529,GCM24.csv,2.0,2314.8,2314.8,4632.2,4629.6,2.5999999999994543
45387,9,50,2317.1,2,2024-04-05,2024-04-05 09:50:00,2024-04-05 09:50:00,GCM24.csv,1270,GCM24.csv,2.0,2321.6,2321.6,4634.2,4643.2,-9.0
45387,11,0,2337.3,1,2024-04-05,2024-04-05 11:00:00,2024-04-05 11:00:00,GCM24.csv,951,GCM24.csv,-1.0,2336.8,2336.8,2337.3,2336.8,-0.5
45387,12,0,2345.6,2,2024-04-05,2024-04-05 12:00:00,2024-04-05 12:00:00,GCM24.csv,503,GCM24.csv,1.0,2346.8,2346.8,2345.6,2346.8,-1.2000000000002728
45387,16,30,2343.8,0,2024-04-05,2024-04-05 16:30:00,2024-04-05 16:30:00,GCM24.csv,38,GCM24.csv,-2.0,2346.3,2346.3,4687.6,4692.6,5.0
45390,1,30,2360.1,-3,2024-04-08,2024-04-08 01:30:00,2024-04-08 01:30:00,GCM24.csv,308,GCM24.csv,-3.0,2361.0,2353.5,7080.299999999999,7060.5,-19.799999999999272
45390,3,30,2354.9,0,2024-04-08,2024-04-08 03:30:00,2024-04-08 03:30:00,GCM24.csv,149,GCM24.csv,3.0,2354.0,2354.0,7064.700000000001,7062.0,2.7000000000007276
45390,4,30,2354.1,-1,2024-04-08,2024-04-08 04:30:00,2024-04-08 04:30:00,GCM24.csv,167,GCM24.csv,-1.0,2355.0,2355.0,2354.1,2355.0,0.900000000000091
45390,8,30,2345.1,0,2024-04-08,2024-04-08 08:30:00,2024-04-08 08:30:00,GCM24.csv,1556,GCM24.csv,1.0,2344.2,2344.2,2345.1,2344.2,0.900000000000091
45390,9,20,2346.3,1,2024-04-08,2024-04-08 09:20:00,2024-04-08 09:20:00,GCM24.csv,294,GCM24.csv,1.0,2345.4,2350.6,2346.3,2350.6,-4.299999999999727
45390,9,30,2351.3,0,2024-04-08,2024-04-08 09:30:00,2024-04-08 09:30:00,GCM24.csv,843,GCM24.csv,-1.0,2352.2000000000003,2352.2000000000003,2351.3,2352.2000000000003,0.900000000000091
45390,9,50,2349.4,1,2024-04-08,2024-04-08 09:50:00,2024-04-08 09:50:00,GCM24.csv,409,GCM24.csv,1.0,2348.5,2348.5,2349.4,2348.5,0.900000000000091
45390,10,0,2346.7,2,2024-04-08,2024-04-08 10:00:00,2024-04-08 10:00:00,GCM24.csv,898,GCM24.csv,1.0,2345.8,2345.8,2346.7,2345.8,0.8999999999996362
45390,10,20,2340.8,0,2024-04-08,2024-04-08 10:20:00,2024-04-08 10:20:00,GCM24.csv,591,GCM24.csv,-2.0,2341.7000000000003,2341.7000000000003,4681.6,4683.400000000001,1.800000000000182
45390,10,30,2344.7,1,2024-04-08,2024-04-08 10:30:00,2024-04-08 10:30:00,GCM24.csv,375,GCM24.csv,1.0,2343.8,2343.8,2344.7,2343.8,0.8999999999996362
45390,12,0,2346.7,4,2024-04-08,2024-04-08 12:00:00,2024-04-08 12:00:00,GCM24.csv,172,GCM24.csv,3.0,2345.8,2346.8,7040.099999999999,7040.400000000001,-0.3000000000010914
45390,14,0,2357.1,2,2024-04-08,2024-04-08 14:00:00,2024-04-08 14:00:00,GCM24.csv,131,GCM24.csv,-2.0,2358.0,2358.0,4714.2,4716.0,1.800000000000182
45390,14,30,2361.0,1,2024-04-08,2024-04-08 14:30:00,2024-04-08 14:30:00,GCM24.csv,116,GCM24.csv,-1.0,2361.9,2358.9,2361.0,2358.9,-2.099999999999909
45390,16,0,2357.7,3,2024-04-08,2024-04-08 16:00:00,2024-04-08 16:00:00,GCM24.csv,400,GCM24.csv,2.0,2356.9,2357.7,4715.4,4715.4,0.0
45391,1,30,2363.7,0,2024-04-09,2024-04-09 01:30:00,2024-04-09 01:30:00,GCM24.csv,115,GCM24.csv,-3.0,2364.9,2364.9,7091.099999999999,7094.700000000001,3.6000000000012733
45391,3,30,2370.8,3,2024-04-09,2024-04-09 03:30:00,2024-04-09 03:30:00,GCM24.csv,201,GCM24.csv,3.0,2369.9,2372.4,7112.400000000001,7117.200000000001,-4.800000000000182
45391,4,30,2374.8,2,2024-04-09,2024-04-09 04:30:00,2024-04-09 04:30:00,GCM24.csv,110,GCM24.csv,-1.0,2375.7000000000003,2375.7000000000003,2374.8,2375.7000000000003,0.900000000000091
45391,6,0,2382.2,-1,2024-04-09,2024-04-09 06:00:00,2024-04-09 06:00:00,GCM24.csv,67,GCM24.csv,-3.0,2383.5,2379.3,7146.599999999999,7137.900000000001,-8.699999999998909
45391,8,30,2366.2,0,2024-04-09,2024-04-09 08:30:00,2024-04-09 08:30:00,GCM24.csv,449,GCM24.csv,1.0,2365.5,2365.5,2366.2,2365.5,0.6999999999998181
45391,9,0,2367.9,-1,2024-04-09,2024-04-09 09:00:00,2024-04-09 09:00:00,GCM24.csv,410,GCM24.csv,-1.0,2368.5,2368.5,2367.9,2368.5,0.599999999999909
45391,9,40,2375.2,-3,2024-04-09,2024-04-09 09:40:00,2024-04-09 09:40:00,GCM24.csv,499,GCM24.csv,-2.0,2374.7000000000003,2374.7000000000003,4750.4,4749.400000000001,-0.9999999999990905
45391,10,0,2374.0,0,2024-04-09,2024-04-09 10:00:00,2024-04-09 10:00:00,GCM24.csv,486,GCM24.csv,3.0,2374.5,2374.5,7122.0,7123.5,-1.5
45391,10,10,2378.7,-2,2024-04-09,2024-04-09 10:10:00,2024-04-09 10:10:00,GCM24.csv,740,GCM24.csv,-2.0,2379.9,2379.9,4757.4,4759.8,2.4000000000005457
45391,10,20,2381.1,-3,2024-04-09,2024-04-09 10:20:00,2024-04-09 10:20:00,GCM24.csv,423,GCM24.csv,-1.0,2382.1,2382.1,2381.1,2382.1,1.0
45391,10,30,2380.0,-2,2024-04-09,2024-04-09 10:30:00,2024-04-09 10:30:00,GCM24.csv,541,GCM24.csv,1.0,2378.1,2378.1,2380.0,2378.1,1.900000000000091
45391,11,0,2371.9,-1,2024-04-09,2024-04-09 11:00:00,2024-04-09 11:00:00,GCM24.csv,309,GCM24.csv,1.0,2370.6,2370.6,2371.9,2370.6,1.300000000000182
45391,12,0,2359.1,0,2024-04-09,2024-04-09 12:00:00,2024-04-09 12:00:00,GCM24.csv,453,GCM24.csv,1.0,2359.5,2359.5,2359.1,2359.5,-0.40000000000009095
45391,14,0,2365.8,-1,2024-04-09,2024-04-09 14:00:00,2024-04-09 14:00:00,GCM24.csv,235,GCM24.csv,-1.0,2366.7000000000003,2366.7000000000003,2365.8,2366.7000000000003,0.900000000000091
45391,14,30,2367.5,0,2024-04-09,2024-04-09 14:30:00,2024-04-09 14:30:00,GCM24.csv,55,GCM24.csv,1.0,2366.9,2366.9,2367.5,2366.9,0.599999999999909
45391,16,0,2369.9,1,2024-04-09,2024-04-09 16:00:00,2024-04-09 16:00:00,GCM24.csv,356,GCM24.csv,1.0,2368.6,2371.1,2369.9,2371.1,-1.199999999999818
45392,4,30,2372.7,0,2024-04-10,2024-04-10 04:30:00,2024-04-10 04:30:00,GCM24.csv,130,GCM24.csv,-1.0,2374.9,2373.8,2372.7,2373.8,1.1000000000003638
45392,6,0,2365.4,4,2024-04-10,2024-04-10 06:00:00,2024-04-10 06:00:00,GCM24.csv,228,GCM24.csv,4.0,2363.7,2363.7,9461.6,9454.8,6.800000000001091
45392,8,30,2368.6,5,2024-04-10,2024-04-10 08:30:00,2024-04-10 08:30:00,GCM24.csv,4970,GCM24.csv,1.0,2350.3,2350.3,2368.6,2350.3,18.299999999999727
45392,8,50,2362.3,3,2024-04-10,2024-04-10 08:50:00,2024-04-10 08:50:00,GCM24.csv,743,GCM24.csv,-2.0,2361.9,2361.9,4724.6,4723.8,-0.8000000000001819
45392,9,0,2357.5,5,2024-04-10,2024-04-10 09:00:00,2024-04-10 09:00:00,GCM24.csv,1300,GCM24.csv,2.0,2352.9,2352.9,4715.0,4705.8,9.199999999999818
45392,9,10,2350.0,7,2024-04-10,2024-04-10 09:10:00,2024-04-10 09:10:00,GCM24.csv,522,GCM24.csv,2.0,2347.9,2347.9,4700.0,4695.8,4.199999999999818
45392,9,20,2343.0,6,2024-04-10,2024-04-10 09:20:00,2024-04-10 09:20:00,GCM24.csv,813,GCM24.csv,-1.0,2345.6,2345.6,2343.0,2345.6,2.599999999999909
45392,10,0,2352.5,4,2024-04-10,2024-04-10 10:00:00,2024-04-10 10:00:00,GCM24.csv,1051,GCM24.csv,-2.0,2354.2000000000003,2354.2000000000003,4705.0,4708.400000000001,3.4000000000005457
45392,10,10,2361.6,2,2024-04-10,2024-04-10 10:10:00,2024-04-10 10:10:00,GCM24.csv,1065,GCM24.csv,-2.0,2362.2000000000003,2362.2000000000003,4723.2,4724.400000000001,1.2000000000007276
45392,10,20,2365.6,4,2024-04-10,2024-04-10 10:20:00,2024-04-10 10:20:00,GCM24.csv,2071,GCM24.csv,2.0,2366.4,2366.4,4731.2,4732.8,-1.6000000000003638
45392,10,30,2364.8,3,2024-04-10,2024-04-10 10:30:00,2024-04-10 10:30:00,GCM24.csv,670,GCM24.csv,-1.0,2364.7000000000003,2364.7000000000003,2364.8,2364.7000000000003,-0.09999999999990905
45392,11,0,2364.4,2,2024-04-10,2024-04-10 11:00:00,2024-04-10 11:00:00,GCM24.csv,258,GCM24.csv,-1.0,2366.6,2350.4,2364.4,2350.4,-14.0
45392,12,0,2355.6,-1,2024-04-10,2024-04-10 12:00:00,2024-04-10 12:00:00,GCM24.csv,271,GCM24.csv,-3.0,2356.5,2356.5,7066.799999999999,7069.5,2.7000000000007276
45392,14,0,2357.0,-2,2024-04-10,2024-04-10 14:00:00,2024-04-10 14:00:00,GCM24.csv,196,GCM24.csv,-1.0,2357.7000000000003,2357.7000000000003,2357.0,2357.7000000000003,0.7000000000002728
45392,14,30,2354.4,1,2024-04-10,2024-04-10 14:30:00,2024-04-10 14:30:00,GCM24.csv,66,GCM24.csv,3.0,2352.9,2352.9,7063.200000000001,7058.700000000001,4.5
45392,16,0,2347.8,2,2024-04-10,2024-04-10 16:00:00,2024-04-10 16:00:00,GCM24.csv,112,GCM24.csv,1.0,2348.9,2348.9,2347.8,2348.9,-1.099999999999909
45393,1,30,2360.6,-1,2024-04-11,2024-04-11 01:30:00,2024-04-11 01:30:00,GCM24.csv,129,GCM24.csv,-3.0,2361.8,2358.9,7081.799999999999,7076.700000000001,-5.099999999998545
45393,3,30,2356.1,2,2024-04-11,2024-04-11 03:30:00,2024-04-11 03:30:00,GCM24.csv,157,GCM24.csv,3.0,2353.9,2353.9,7068.299999999999,7061.700000000001,6.599999999998545
45393,4,30,2349.5,3,2024-04-11,2024-04-11 04:30:00,2024-04-11 04:30:00,GCM24.csv,75,GCM24.csv,1.0,2349.3,2349.3,2349.5,2349.3,0.1999999999998181
45393,6,0,2348.2,4,2024-04-11,2024-04-11 06:00:00,2024-04-11 06:00:00,GCM24.csv,91,GCM24.csv,1.0,2348.2,2348.2,2348.2,2348.2,0.0
45393,8,30,2352.9,3,2024-04-11,2024-04-11 08:30:00,2024-04-11 08:30:00,GCM24.csv,2264,GCM24.csv,-1.0,2356.3,2356.3,2352.9,2356.3,3.400000000000091
45393,8,40,2359.4,1,2024-04-11,2024-04-11 08:40:00,2024-04-11 08:40:00,GCM24.csv,488,GCM24.csv,-2.0,2358.9,2358.9,4718.8,4717.8,-1.0
45393,9,0,2359.0,3,2024-04-11,2024-04-11 09:00:00,2024-04-11 09:00:00,GCM24.csv,468,GCM24.csv,2.0,2356.0,2356.0,4718.0,4712.0,6.0
45393,9,20,2360.8,2,2024-04-11,2024-04-11 09:20:00,2024-04-11 09:20:00,GCM24.csv,283,GCM24.csv,-1.0,2363.1,2361.2,2360.8,2361.2,0.3999999999996362
45393,9,40,2360.6,3,2024-04-11,2024-04-11 09:40:00,2024-04-11 09:40:00,GCM24.csv,321,GCM24.csv,1.0,2359.7,2359.7,2360.6,2359.7,0.900000000000091
45393,9,50,2363.8,2,2024-04-11,2024-04-11 09:50:00,2024-04-11 09:50:00,GCM24.csv,357,GCM24.csv,-1.0,2363.5,2363.5,2363.8,2363.5,-0.3000000000001819
45393,10,10,2361.0,3,2024-04-11,2024-04-11 10:10:00,2024-04-11 10:10:00,GCM24.csv,329,GCM24.csv,1.0,2360.2,2360.2,2361.0,2360.2,0.8000000000001819
45393,10,30,2354.6,4,2024-04-11,2024-04-11 10:30:00,2024-04-11 10:30:00,GCM24.csv,738,GCM24.csv,1.0,2349.2,2351.0,2354.6,2351.0,3.599999999999909
45393,12,0,2362.4,5,2024-04-11,2024-04-11 12:00:00,2024-04-11 12:00:00,GCM24.csv,787,GCM24.csv,1.0,2361.8,2361.8,2362.4,2361.8,0.599999999999909
45393,14,0,2374.0,6,2024-04-11,2024-04-11 14:00:00,2024-04-11 14:00:00,GCM24.csv,564,GCM24.csv,1.0,2374.0,2374.0,2374.0,2374.0,0.0
45393,14,30,2379.5,5,2024-04-11,2024-04-11 14:30:00,2024-04-11 14:30:00,GCM24.csv,271,GCM24.csv,-1.0,2380.3,2380.3,2379.5,2380.3,0.8000000000001819
45393,16,0,2391.2,4,2024-04-11,2024-04-11 16:00:00,2024-04-11 16:00:00,GCM24.csv,196,GCM24.csv,-1.0,2391.4,2391.4,2391.2,2391.4,0.20000000000027285
45394,1,30,2402.2,2,2024-04-12,2024-04-12 01:30:00,2024-04-12 01:30:00,GCM24.csv,234,GCM24.csv,-2.0,2404.1000000000004,2404.1000000000004,4804.4,4808.200000000001,3.8000000000010914
45394,3,30,2412.7,4,2024-04-12,2024-04-12 03:30:00,2024-04-12 03:30:00,GCM24.csv,417,GCM24.csv,2.0,2411.8,2411.8,4825.4,4823.6,1.7999999999992724
45394,4,30,2415.4,1,2024-04-12,2024-04-12 04:30:00,2024-04-12 04:30:00,GCM24.csv,196,GCM24.csv,-3.0,2415.1,2415.1,7246.200000000001,7245.299999999999,-0.9000000000014552
45394,6,0,2415.4,-4,2024-04-12,2024-04-12 06:00:00,2024-04-12 06:00:00,GCM24.csv,79,GCM24.csv,-5.0,2415.7000000000003,2415.7000000000003,12077.0,12078.500000000002,1.500000000001819
45394,8,30,2412.3,-1,2024-04-12,2024-04-12 08:30:00,2024-04-12 08:30:00,GCM24.csv,348,GCM24.csv,3.0,2412.9,2412.9,7236.900000000001,7238.700000000001,-1.800000000000182
45394,8,50,2409.6,1,2024-04-12,2024-04-12 08:50:00,2024-04-12 08:50:00,GCM24.csv,273,GCM24.csv,2.0,2411.1,2411.1,4819.2,4822.2,-3.0
45394,9,10,2414.3,-1,2024-04-12,2024-04-12 09:10:00,2024-04-12 09:10:00,GCM24.csv,169,GCM24.csv,-2.0,2413.3,2413.3,4828.6,4826.6,-2.0
45394,9,20,2414.2,0,2024-04-12,2024-04-12 09:20:00,2024-04-12 09:20:00,GCM24.csv,282,GCM24.csv,1.0,2413.4,2413.4,2414.2,2413.4,0.7999999999997272
45394,9,50,2420.4,-1,2024-04-12,2024-04-12 09:50:00,2024-04-12 09:50:00,GCM24.csv,647,GCM24.csv,-1.0,2422.5,2422.5,2420.4,2422.5,2.099999999999909
45394,10,0,2420.9,-2,2024-04-12,2024-04-12 10:00:00,2024-04-12 10:00:00,GCM24.csv,1190,GCM24.csv,-1.0,2420.5,2420.5,2420.9,2420.5,-0.40000000000009095
45394,10,40,2433.0,-1,2024-04-12,2024-04-12 10:40:00,2024-04-12 10:40:00,GCM24.csv,469,GCM24.csv,1.0,2432.5,2432.5,2433.0,2432.5,0.5
45394,11,0,2443.4,-2,2024-04-12,2024-04-12 11:00:00,2024-04-12 11:00:00,GCM24.csv,1206,GCM24.csv,-1.0,2445.6,2445.6,2443.4,2445.6,2.199999999999818
45394,12,0,2412.0,-1,2024-04-12,2024-04-12 12:00:00,2024-04-12 12:00:00,GCM24.csv,520,GCM24.csv,1.0,2411.0,2411.0,2412.0,2411.0,1.0
45394,14,0,2371.3,1,2024-04-12,2024-04-12 14:00:00,2024-04-12 14:00:00,GCM24.csv,292,GCM24.csv,2.0,2369.4,2371.1,4742.6,4742.2,0.4000000000005457
45394,14,30,2362.7,2,2024-04-12,2024-04-12 14:30:00,2024-04-12 14:30:00,GCM24.csv,520,GCM24.csv,1.0,2361.7,2361.7,2362.7,2361.7,1.0
45394,16,0,2360.8,0,2024-04-12,2024-04-12 16:00:00,2024-04-12 16:00:00,GCM24.csv,188,GCM24.csv,-2.0,2360.6,2360.6,4721.6,4721.2,-0.4000000000005457
45397,1,30,2372.8,-3,2024-04-15,2024-04-15 01:30:00,2024-04-15 01:30:00,GCM24.csv,129,GCM24.csv,-3.0,2373.7000000000003,2372.6,7118.400000000001,7117.799999999999,-0.6000000000012733
45397,3,30,2370.8,0,2024-04-15,2024-04-15 03:30:00,2024-04-15 03:30:00,GCM24.csv,180,GCM24.csv,3.0,2369.9,2369.9,7112.400000000001,7109.700000000001,2.699999999999818
45397,4,30,2366.1,4,2024-04-15,2024-04-15 04:30:00,2024-04-15 04:30:00,GCM24.csv,109,GCM24.csv,4.0,2365.2,2365.2,9464.4,9460.8,3.600000000000364
45397,6,0,2366.2,5,2024-04-15,2024-04-15 06:00:00,2024-04-15 06:00:00,GCM24.csv,63,GCM24.csv,1.0,2365.3,2366.4,2366.2,2366.4,-0.20000000000027285
45397,8,30,2372.4,1,2024-04-15,2024-04-15 08:30:00,2024-04-15 08:30:00,GCM24.csv,1356,GCM24.csv,-4.0,2373.3,2373.3,9489.6,9493.2,3.600000000000364
45397,8,50,2374.8,0,2024-04-15,2024-04-15 08:50:00,2024-04-15 08:50:00,GCM24.csv,260,GCM24.csv,-1.0,2375.7000000000003,2375.7000000000003,2374.8,2375.7000000000003,0.900000000000091
45397,9,0,2374.9,2,2024-04-15,2024-04-15 09:00:00,2024-04-15 09:00:00,GCM24.csv,1113,GCM24.csv,2.0,2374.0,2374.0,4749.8,4748.0,1.800000000000182
45397,9,10,2372.2,3,2024-04-15,2024-04-15 09:10:00,2024-04-15 09:10:00,GCM24.csv,218,GCM24.csv,1.0,2371.3,2371.3,2372.2,2371.3,0.8999999999996362
45397,9,20,2370.0,5,2024-04-15,2024-04-15 09:20:00,2024-04-15 09:20:00,GCM24.csv,197,GCM24.csv,2.0,2369.1,2369.1,4740.0,4738.2,1.800000000000182
45397,9,40,2367.8,3,2024-04-15,2024-04-15 09:40:00,2024-04-15 09:40:00,GCM24.csv,365,GCM24.csv,-2.0,2368.7000000000003,2366.6,4735.6,4733.2,-2.4000000000005457
45397,9,50,2365.9,4,2024-04-15,2024-04-15 09:50:00,2024-04-15 09:50:00,GCM24.csv,350,GCM24.csv,1.0,2365.0,2365.0,2365.9,2365.0,0.900000000000091
45397,10,10,2342.8,3,2024-04-15,2024-04-15 10:10:00,2024-04-15 10:10:00,GCM24.csv,1974,GCM24.csv,-1.0,2343.7000000000003,2343.7000000000003,2342.8,2343.7000000000003,0.900000000000091
45397,11,0,2365.7,1,2024-04-15,2024-04-15 11:00:00,2024-04-15 11:00:00,GCM24.csv,502,GCM24.csv,-2.0,2366.6,2364.7,4731.4,4729.4,-2.0
45397,12,0,2368.2,0,2024-04-15,2024-04-15 12:00:00,2024-04-15 12:00:00,GCM24.csv,131,GCM24.csv,-1.0,2369.1,2366.5,2368.2,2366.5,-1.699999999999818
45397,14,0,2381.8,-2,2024-04-15,2024-04-15 14:00:00,2024-04-15 14:00:00,GCM24.csv,311,GCM24.csv,-2.0,2382.7000000000003,2382.7000000000003,4763.6,4765.400000000001,1.800000000000182
45397,16,0,2403.0,0,2024-04-15,2024-04-15 16:00:00,2024-04-15 16:00:00,GCM24.csv,247,GCM24.csv,2.0,2402.1,2402.1,4806.0,4804.2,1.800000000000182
45398,1,30,2403.8,-3,2024-04-16,2024-04-16 01:30:00,2024-04-16 01:30:00,GCM24.csv,165,GCM24.csv,-3.0,2404.7000000000003,2402.7,7211.400000000001,7208.099999999999,-3.3000000000010914
45398,3,30,2387.6,0,2024-04-16,2024-04-16 03:30:00,2024-04-16 03:30:00,GCM24.csv,172,GCM24.csv,3.0,2386.7,2386.7,7162.799999999999,7160.099999999999,2.699999999999818
45398,4,30,2386.3,1,2024-04-16,2024-04-16 04:30:00,2024-04-16 04:30:00,GCM24.csv,246,GCM24.csv,1.0,2385.4,2387.5,2386.3,2387.5,-1.199999999999818
45398,8,30,2390.4,0,2024-04-16,2024-04-16 08:30:00,2024-04-16 08:30:00,GCM24.csv,726,GCM24.csv,-1.0,2391.3,2391.3,2390.4,2391.3,0.900000000000091
45398,9,30,2394.7,-2,2024-04-16,2024-04-16 09:30:00,2024-04-16 09:30:00,GCM24.csv,891,GCM24.csv,-2.0,2395.6,2389.9,4789.4,4779.8,-9.599999999999454
45398,9,40,2389.3,-1,2024-04-16,2024-04-16 09:40:00,2024-04-16 09:40:00,GCM24.csv,695,GCM24.csv,1.0,2388.4,2389.2,2389.3,2389.2,0.1000000000003638
45398,9,50,2391.8,1,2024-04-16,2024-04-16 09:50:00,2024-04-16 09:50:00,GCM24.csv,560,GCM24.csv,2.0,2390.9,2390.9,4783.6,4781.8,1.800000000000182
45398,10,20,2385.9,0,2024-04-16,2024-04-16 10:20:00,2024-04-16 10:20:00,GCM24.csv,264,GCM24.csv,-1.0,2386.8,2386.8,2385.9,2386.8,0.900000000000091
45398,10,30,2382.7,3,2024-04-16,2024-04-16 10:30:00,2024-04-16 10:30:00,GCM24.csv,341,GCM24.csv,3.0,2381.8,2384.3,7148.099999999999,7152.900000000001,-4.800000000001091
45398,10,50,2392.8,2,2024-04-16,2024-04-16 10:50:00,2024-04-16 10:50:00,GCM24.csv,336,GCM24.csv,-1.0,2393.7000000000003,2393.7000000000003,2392.8,2393.7000000000003,0.900000000000091
45398,12,0,2402.7,1,2024-04-16,2024-04-16 12:00:00,2024-04-16 12:00:00,GCM24.csv,375,GCM24.csv,-1.0,2403.6,2403.6,2402.7,2403.6,0.900000000000091
45398,14,30,2405.7,-1,2024-04-16,2024-04-16 14:30:00,2024-04-16 14:30:00,GCM24.csv,917,GCM24.csv,-2.0,2406.6,2406.6,4811.4,4813.2,1.800000000000182
45399,4,30,2404.6,1,2024-04-17,2024-04-17 04:30:00,2024-04-17 04:30:00,GCM24.csv,237,GCM24.csv,2.0,2403.8,2403.8,4809.2,4807.6,1.5999999999994543
45399,6,0,2408.3,4,2024-04-17,2024-04-17 06:00:00,2024-04-17 06:00:00,GCM24.csv,88,GCM24.csv,3.0,2407.5,2407.5,7224.900000000001,7222.5,2.4000000000005457
45399,8,30,2400.3,2,2024-04-17,2024-04-17 08:30:00,2024-04-17 08:30:00,GCM24.csv,483,GCM24.csv,-2.0,2401.2000000000003,2396.6,4800.6,4793.2,-7.400000000000546
45399,8,40,2397.5,4,2024-04-17,2024-04-17 08:40:00,2024-04-17 08:40:00,GCM24.csv,591,GCM24.csv,2.0,2396.6,2396.6,4795.0,4793.2,1.800000000000182
45399,10,10,2407.0,5,2024-04-17,2024-04-17 10:10:00,2024-04-17 10:10:00,GCM24.csv,363,GCM24.csv,1.0,2406.1,2406.1,2407.0,2406.1,0.900000000000091
45399,10,30,2408.6,0,2024-04-17,2024-04-17 10:30:00,2024-04-17 10:30:00,GCM24.csv,342,GCM24.csv,-5.0,2409.5,2409.5,12043.0,12047.5,4.5
45399,11,0,2406.7,-2,2024-04-17,2024-04-17 11:00:00,2024-04-17 11:00:00,GCM24.csv,326,GCM24.csv,-2.0,2407.6,2407.6,4813.4,4815.2,1.800000000000182
45399,12,0,2398.6,-1,2024-04-17,2024-04-17 12:00:00,2024-04-17 12:00:00,GCM24.csv,338,GCM24.csv,1.0,2397.7,2397.7,2398.6,2397.7,0.900000000000091
45399,14,0,2388.2,0,2024-04-17,2024-04-17 14:00:00,2024-04-17 14:00:00,GCM24.csv,257,GCM24.csv,1.0,2387.3,2393.1,2388.2,2393.1,-4.900000000000091
45399,14,30,2392.1,4,2024-04-17,2024-04-17 14:30:00,2024-04-17 14:30:00,GCM24.csv,359,GCM24.csv,4.0,2391.2,2391.2,9568.4,9564.8,3.600000000000364
45399,16,0,2388.6,3,2024-04-17,2024-04-17 16:00:00,2024-04-17 16:00:00,GCM24.csv,84,GCM24.csv,-1.0,2389.5,2388.6,2388.6,2388.6,-0.0
45400,4,30,2395.0,7,2024-04-18,2024-04-18 04:30:00,2024-04-18 04:30:00,GCM24.csv,251,GCM24.csv,4.0,2394.2,2394.2,9580.0,9576.8,3.2000000000007276
45400,6,0,2394.2,6,2024-04-18,2024-04-18 06:00:00,2024-04-18 06:00:00,GCM24.csv,29,GCM24.csv,-1.0,2394.9,2392.9,2394.2,2392.9,-1.2999999999997272
45400,8,30,2400.5,2,2024-04-18,2024-04-18 08:30:00,2024-04-18 08:30:00,GCM24.csv,1474,GCM24.csv,-4.0,2401.4,2397.4,9602.0,9589.6,-12.399999999999636
45400,8,40,2396.3,3,2024-04-18,2024-04-18 08:40:00,2024-04-18 08:40:00,GCM24.csv,185,GCM24.csv,1.0,2395.5,2399.8,2396.3,2399.8,-3.5
45400,9,0,2400.6,4,2024-04-18,2024-04-18 09:00:00,2024-04-18 09:00:00,GCM24.csv,821,GCM24.csv,1.0,2399.7,2399.7,2400.6,2399.7,0.900000000000091
45400,9,30,2405.8,2,2024-04-18,2024-04-18 09:30:00,2024-04-18 09:30:00,GCM24.csv,816,GCM24.csv,-2.0,2406.7000000000003,2406.7000000000003,4811.6,4813.400000000001,1.800000000000182
45400,9,40,2393.9,3,2024-04-18,2024-04-18 09:40:00,2024-04-18 09:40:00,GCM24.csv,904,GCM24.csv,1.0,2393.0,2393.0,2393.9,2393.0,0.900000000000091
45400,9,50,2395.8,5,2024-04-18,2024-04-18 09:50:00,2024-04-18 09:50:00,GCM24.csv,524,GCM24.csv,2.0,2394.9,2394.9,4791.6,4789.8,1.800000000000182
45400,10,0,2395.1,4,2024-04-18,2024-04-18 10:00:00,2024-04-18 10:00:00,GCM24.csv,583,GCM24.csv,-1.0,2396.0,2396.0,2395.1,2396.0,0.900000000000091
45400,10,30,2392.3,6,2024-04-18,2024-04-18 10:30:00,2024-04-18 10:30:00,GCM24.csv,288,GCM24.csv,2.0,2391.4,2391.4,4784.6,4782.8,1.800000000000182
45400,11,0,2394.9,4,2024-04-18,2024-04-18 11:00:00,2024-04-18 11:00:00,GCM24.csv,297,GCM24.csv,-2.0,2395.8,2395.8,4789.8,4791.6,1.800000000000182
45400,12,0,2399.5,5,2024-04-18,2024-04-18 12:00:00,2024-04-18 12:00:00,GCM24.csv,210,GCM24.csv,1.0,2398.6,2398.6,2399.5,2398.6,0.900000000000091
45400,14,0,2399.9,8,2024-04-18,2024-04-18 14:00:00,2024-04-18 14:00:00,GCM24.csv,184,GCM24.csv,3.0,2399.0,2399.0,7199.700000000001,7197.0,2.7000000000007276
45400,14,30,2396.9,6,2024-04-18,2024-04-18 14:30:00,2024-04-18 14:30:00,GCM24.csv,129,GCM24.csv,-2.0,2397.8,2396.1,4793.8,4792.2,-1.6000000000003638
45400,16,0,2395.3,3,2024-04-18,2024-04-18 16:00:00,2024-04-18 16:00:00,GCM24.csv,77,GCM24.csv,-3.0,2396.2000000000003,2394.8,7185.900000000001,7184.400000000001,-1.5
45401,1,30,2398.6,2,2024-04-19,2024-04-19 01:30:00,2024-04-19 01:30:00,GCM24.csv,172,GCM24.csv,-1.0,2398.4,2398.4,2398.6,2398.4,-0.1999999999998181
45401,3,30,2400.9,3,2024-04-19,2024-04-19 03:30:00,2024-04-19 03:30:00,GCM24.csv,146,GCM24.csv,1.0,2400.8,2400.8,2400.9,2400.8,0.09999999999990905
45401,4,30,2395.5,4,2024-04-19,2024-04-19 04:30:00,2024-04-19 04:30:00,GCM24.csv,105,GCM24.csv,1.0,2396.1,2396.1,2395.5,2396.1,-0.599999999999909
45401,6,0,2395.7,1,2024-04-19,2024-04-19 06:00:00,2024-04-19 06:00:00,GCM24.csv,65,GCM24.csv,-3.0,2396.5,2394.7,7187.099999999999,7184.099999999999,-3.0
45401,8,30,2396.0,0,2024-04-19,2024-04-19 08:30:00,2024-04-19 08:30:00,GCM24.csv,204,GCM24.csv,-1.0,2399.1,2396.8,2396.0,2396.8,0.8000000000001819
45401,9,10,2392.9,1,2024-04-19,2024-04-19 09:10:00,2024-04-19 09:10:00,GCM24.csv,279,GCM24.csv,1.0,2393.0,2393.0,2392.9,2393.0,-0.09999999999990905
45401,9,30,2396.7,-1,2024-04-19,2024-04-19 09:30:00,2024-04-19 09:30:00,GCM24.csv,341,GCM24.csv,-2.0,2399.3,2399.3,4793.4,4798.6,5.200000000000728
45401,9,50,2395.5,1,2024-04-19,2024-04-19 09:50:00,2024-04-19 09:50:00,GCM24.csv,234,GCM24.csv,2.0,2396.0,2396.0,4791.0,4792.0,-1.0
45401,10,10,2398.0,0,2024-04-19,2024-04-19 10:10:00,2024-04-19 10:10:00,GCM24.csv,133,GCM24.csv,-1.0,2399.3,2399.3,2398.0,2399.3,1.300000000000182
45401,10,30,2403.0,-1,2024-04-19,2024-04-19 10:30:00,2024-04-19 10:30:00,GCM24.csv,366,GCM24.csv,-1.0,2405.0,2405.0,2403.0,2405.0,2.0
45401,12,0,2409.7,0,2024-04-19,2024-04-19 12:00:00,2024-04-19 12:00:00,GCM24.csv,245,GCM24.csv,1.0,2407.4,2407.4,2409.7,2407.4,2.299999999999727
45401,14,0,2408.7,1,2024-04-19,2024-04-19 14:00:00,2024-04-19 14:00:00,GCM24.csv,91,GCM24.csv,1.0,2407.6,2408.0,2408.7,2408.0,0.6999999999998181
45401,14,30,2410.0,2,2024-04-19,2024-04-19 14:30:00,2024-04-19 14:30:00,GCM24.csv,130,GCM24.csv,1.0,2408.7,2410.0,2410.0,2410.0,0.0
45401,16,0,2403.5,1,2024-04-19,2024-04-19 16:00:00,2024-04-19 16:00:00,GCM24.csv,131,GCM24.csv,-1.0,2403.1,2403.1,2403.5,2403.1,-0.40000000000009095
45401,16,30,2403.8,0,2024-04-19,2024-04-19 16:30:00,2024-04-19 16:30:00,GCM24.csv,54,GCM24.csv,-1.0,2404.4,2404.4,2403.8,2404.4,0.599999999999909
45404,1,30,2382.9,-1,2024-04-22,2024-04-22 01:30:00,2024-04-22 01:30:00,GCM24.csv,197,GCM24.csv,-1.0,2383.8,2383.8,2382.9,2383.8,0.900000000000091
45404,3,30,2372.2,0,2024-04-22,2024-04-22 03:30:00,2024-04-22 03:30:00,GCM24.csv,124,GCM24.csv,1.0,2371.3,2371.3,2372.2,2371.3,0.8999999999996362
45404,4,30,2372.5,-1,2024-04-22,2024-04-22 04:30:00,2024-04-22 04:30:00,GCM24.csv,69,GCM24.csv,-1.0,2373.4,2373.4,2372.5,2373.4,0.900000000000091
45404,6,0,2375.1,-2,2024-04-22,2024-04-22 06:00:00,2024-04-22 06:00:00,GCM24.csv,40,GCM24.csv,-1.0,2376.0,2374.3,2375.1,2374.3,-0.7999999999997272
45404,8,30,2360.8,-1,2024-04-22,2024-04-22 08:30:00,2024-04-22 08:30:00,GCM24.csv,396,GCM24.csv,1.0,2359.9,2359.9,2360.8,2359.9,0.900000000000091
45404,9,0,2350.4,-2,2024-04-22,2024-04-22 09:00:00,2024-04-22 09:00:00,GCM24.csv,638,GCM24.csv,-1.0,2351.3,2351.3,2350.4,2351.3,0.900000000000091
45404,9,10,2350.6,0,2024-04-22,2024-04-22 09:10:00,2024-04-22 09:10:00,GCM24.csv,427,GCM24.csv,2.0,2349.7,2353.5,4701.2,4707.0,-5.800000000000182
45404,9,20,2353.9,-1,2024-04-22,2024-04-22 09:20:00,2024-04-22 09:20:00,GCM24.csv,156,GCM24.csv,-1.0,2354.8,2354.8,2353.9,2354.8,0.900000000000091
45404,9,30,2349.2,-2,2024-04-22,2024-04-22 09:30:00,2024-04-22 09:30:00,GCM24.csv,1167,GCM24.csv,-1.0,2350.1,2350.1,2349.2,2350.1,0.900000000000091
45404,9,40,2349.6,0,2024-04-22,2024-04-22 09:40:00,2024-04-22 09:40:00,GCM24.csv,607,GCM24.csv,2.0,2348.7,2348.7,4699.2,4697.4,1.800000000000182
45404,9,50,2352.8,-1,2024-04-22,2024-04-22 09:50:00,2024-04-22 09:50:00,GCM24.csv,323,GCM24.csv,-1.0,2353.7000000000003,2353.7000000000003,2352.8,2353.7000000000003,0.900000000000091
45404,10,0,2352.7,-2,2024-04-22,2024-04-22 10:00:00,2024-04-22 10:00:00,GCM24.csv,977,GCM24.csv,-1.0,2353.6,2348.7,2352.7,2348.7,-4.0
45404,10,30,2354.4,-1,2024-04-22,2024-04-22 10:30:00,2024-04-22 10:30:00,GCM24.csv,561,GCM24.csv,1.0,2353.5,2353.5,2354.4,2353.5,0.900000000000091
45404,11,0,2355.3,0,2024-04-22,2024-04-22 11:00:00,2024-04-22 11:00:00,GCM24.csv,218,GCM24.csv,1.0,2354.4,2354.4,2355.3,2354.4,0.900000000000091
45404,12,0,2348.6,1,2024-04-22,2024-04-22 12:00:00,2024-04-22 12:00:00,GCM24.csv,385,GCM24.csv,1.0,2347.7,2348.2,2348.6,2348.2,0.40000000000009095
45404,14,0,2344.1,2,2024-04-22,2024-04-22 14:00:00,2024-04-22 14:00:00,GCM24.csv,210,GCM24.csv,1.0,2343.2,2343.2,2344.1,2343.2,0.900000000000091
45404,14,30,2339.3,1,2024-04-22,2024-04-22 14:30:00,2024-04-22 14:30:00,GCM24.csv,251,GCM24.csv,-1.0,2340.2000000000003,2340.2000000000003,2339.3,2340.2000000000003,0.900000000000091
45404,16,0,2343.6,0,2024-04-22,2024-04-22 16:00:00,2024-04-22 16:00:00,GCM24.csv,37,GCM24.csv,-1.0,2344.5,2343.0,2343.6,2343.0,-0.599999999999909
45405,4,30,2321.3,-2,2024-04-23,2024-04-23 04:30:00,2024-04-23 04:30:00,GCM24.csv,191,GCM24.csv,-2.0,2322.2000000000003,2317.7,4642.6,4635.4,-7.200000000000728
45405,6,0,2309.0,-1,2024-04-23,2024-04-23 06:00:00,2024-04-23 06:00:00,GCM24.csv,49,GCM24.csv,1.0,2308.1,2312.2,2309.0,2312.2,-3.199999999999818
45405,8,30,2321.7,1,2024-04-23,2024-04-23 08:30:00,2024-04-23 08:30:00,GCM24.csv,434,GCM24.csv,2.0,2320.8,2320.8,4643.4,4641.6,1.7999999999992724
45405,8,40,2326.7,-1,2024-04-23,2024-04-23 08:40:00,2024-04-23 08:40:00,GCM24.csv,301,GCM24.csv,-2.0,2327.6,2324.6,4653.4,4649.2,-4.199999999999818
45405,9,0,2325.0,1,2024-04-23,2024-04-23 09:00:00,2024-04-23 09:00:00,GCM24.csv,430,GCM24.csv,2.0,2324.1,2324.1,4650.0,4648.2,1.800000000000182
45405,9,20,2329.1,-1,2024-04-23,2024-04-23 09:20:00,2024-04-23 09:20:00,GCM24.csv,245,GCM24.csv,-2.0,2330.0,2325.6,4658.2,4651.2,-7.0
45405,9,40,2332.5,1,2024-04-23,2024-04-23 09:40:00,2024-04-23 09:40:00,GCM24.csv,844,GCM24.csv,2.0,2331.6,2331.6,4665.0,4663.2,1.800000000000182
45405,9,50,2338.2,-1,2024-04-23,2024-04-23 09:50:00,2024-04-23 09:50:00,GCM24.csv,1149,GCM24.csv,-2.0,2339.1,2339.1,4676.4,4678.2,1.800000000000182
45405,10,0,2343.9,-2,2024-04-23,2024-04-23 10:00:00,2024-04-23 10:00:00,GCM24.csv,1560,GCM24.csv,-1.0,2344.8,2344.8,2343.9,2344.8,0.900000000000091
45405,10,10,2342.0,0,2024-04-23,2024-04-23 10:10:00,2024-04-23 10:10:00,GCM24.csv,682,GCM24.csv,2.0,2341.1,2341.1,4684.0,4682.2,1.800000000000182
45405,10,20,2336.5,1,2024-04-23,2024-04-23 10:20:00,2024-04-23 10:20:00,GCM24.csv,224,GCM24.csv,1.0,2335.6,2335.6,2336.5,2335.6,0.900000000000091
45405,10,50,2330.8,0,2024-04-23,2024-04-23 10:50:00,2024-04-23 10:50:00,GCM24.csv,504,GCM24.csv,-1.0,2331.7000000000003,2331.7000000000003,2330.8,2331.7000000000003,0.900000000000091
45405,12,0,2337.0,2,2024-04-23,2024-04-23 12:00:00,2024-04-23 12:00:00,GCM24.csv,153,GCM24.csv,2.0,2336.1,2336.1,4674.0,4672.2,1.800000000000182
45405,14,0,2340.2,0,2024-04-23,2024-04-23 14:00:00,2024-04-23 14:00:00,GCM24.csv,42,GCM24.csv,-2.0,2341.1,2341.1,4680.4,4682.2,1.800000000000182
45405,14,30,2340.9,1,2024-04-23,2024-04-23 14:30:00,2024-04-23 14:30:00,GCM24.csv,56,GCM24.csv,1.0,2340.0,2340.0,2340.9,2340.0,0.900000000000091
45405,16,0,2336.5,3,2024-04-23,2024-04-23 16:00:00,2024-04-23 16:00:00,GCM24.csv,109,GCM24.csv,2.0,2335.6,2335.6,4673.0,4671.2,1.800000000000182
45406,1,30,2339.7,1,2024-04-24,2024-04-24 01:30:00,2024-04-24 01:30:00,GCM24.csv,158,GCM24.csv,-2.0,2341.3,2341.3,4679.4,4682.6,3.2000000000007276
45406,3,30,2335.1,3,2024-04-24,2024-04-24 03:30:00,2024-04-24 03:30:00,GCM24.csv,127,GCM24.csv,2.0,2334.8,2335.9,4670.2,4671.8,-1.6000000000003638
45406,4,30,2331.9,0,2024-04-24,2024-04-24 04:30:00,2024-04-24 04:30:00,GCM24.csv,81,GCM24.csv,-3.0,2332.5,2331.8,6995.700000000001,6995.400000000001,-0.3000000000001819
45406,6,0,2328.1,-1,2024-04-24,2024-04-24 06:00:00,2024-04-24 06:00:00,GCM24.csv,77,GCM24.csv,-1.0,2329.3,2329.3,2328.1,2329.3,1.2000000000002728
45406,8,30,2328.9,2,2024-04-24,2024-04-24 08:30:00,2024-04-24 08:30:00,GCM24.csv,664,GCM24.csv,3.0,2328.4,2328.4,6986.700000000001,6985.200000000001,1.5
45406,9,0,2336.3,1,2024-04-24,2024-04-24 09:00:00,2024-04-24 09:00:00,GCM24.csv,282,GCM24.csv,-1.0,2336.6,2336.6,2336.3,2336.6,0.29999999999972715
45406,9,10,2336.5,0,2024-04-24,2024-04-24 09:10:00,2024-04-24 09:10:00,GCM24.csv,239,GCM24.csv,-1.0,2338.5,2333.0,2336.5,2333.0,-3.5
45406,9,20,2330.9,5,2024-04-24,2024-04-24 09:20:00,2024-04-24 09:20:00,GCM24.csv,761,GCM24.csv,5.0,2332.1,2332.1,11654.5,11660.5,-6.0
45406,9,30,2333.2,6,2024-04-24,2024-04-24 09:30:00,2024-04-24 09:30:00,GCM24.csv,438,GCM24.csv,1.0,2332.8,2332.8,2333.2,2332.8,0.3999999999996362
45406,9,40,2336.3,2,2024-04-24,2024-04-24 09:40:00,2024-04-24 09:40:00,GCM24.csv,291,GCM24.csv,-4.0,2336.8,2336.8,9345.2,9347.2,2.0
45406,10,0,2334.8,4,2024-04-24,2024-04-24 10:00:00,2024-04-24 10:00:00,GCM24.csv,261,GCM24.csv,2.0,2333.6,2333.6,4669.6,4667.2,2.4000000000005457
45406,11,0,2343.4,2,2024-04-24,2024-04-24 11:00:00,2024-04-24 11:00:00,GCM24.csv,2514,GCM24.csv,-2.0,2348.0,2348.0,4686.8,4696.0,9.199999999999818
45407,1,30,2328.5,1,2024-04-25,2024-04-25 01:30:00,2024-04-25 01:30:00,GCM24.csv,107,GCM24.csv,-1.0,2329.6,2329.6,2328.5,2329.6,1.099999999999909
45407,3,30,2334.4,2,2024-04-25,2024-04-25 03:30:00,2024-04-25 03:30:00,GCM24.csv,96,GCM24.csv,1.0,2333.4,2334.9,2334.4,2334.9,-0.5
45407,4,30,2337.3,-2,2024-04-25,2024-04-25 04:30:00,2024-04-25 04:30:00,GCM24.csv,108,GCM24.csv,-4.0,2338.6,2338.6,9349.2,9354.4,5.199999999998909
45407,6,0,2337.3,3,2024-04-25,2024-04-25 06:00:00,2024-04-25 06:00:00,GCM24.csv,55,GCM24.csv,5.0,2336.8,2336.8,11686.5,11684.0,2.5
45407,8,30,2340.3,7,2024-04-25,2024-04-25 08:30:00,2024-04-25 08:30:00,GCM24.csv,1889,GCM24.csv,4.0,2338.1000000000004,2338.1000000000004,9361.2,9352.400000000001,8.799999999999272
45407,9,0,2343.4,6,2024-04-25,2024-04-25 09:00:00,2024-04-25 09:00:00,GCM24.csv,531,GCM24.csv,-1.0,2343.3,2343.3,2343.4,2343.3,-0.09999999999990905
45407,9,20,2325.3,8,2024-04-25,2024-04-25 09:20:00,2024-04-25 09:20:00,GCM24.csv,832,GCM24.csv,2.0,2328.1,2328.1,4650.6,4656.2,-5.599999999999454
45407,9,40,2333.0,6,2024-04-25,2024-04-25 09:40:00,2024-04-25 09:40:00,GCM24.csv,217,GCM24.csv,-2.0,2334.1,2334.1,4666.0,4668.2,2.199999999999818
45407,10,0,2331.3,8,2024-04-25,2024-04-25 10:00:00,2024-04-25 10:00:00,GCM24.csv,650,GCM24.csv,2.0,2330.0,2330.0,4662.6,4660.0,2.600000000000364
45407,11,0,2345.9,7,2024-04-25,2024-04-25 11:00:00,2024-04-25 11:00:00,GCM24.csv,1459,GCM24.csv,-1.0,2344.2000000000003,2344.2000000000003,2345.9,2344.2000000000003,-1.699999999999818
45407,14,0,2344.6,5,2024-04-25,2024-04-25 14:00:00,2024-04-25 14:00:00,GCM24.csv,79,GCM24.csv,-2.0,2344.9,2344.9,4689.2,4689.8,0.6000000000003638
45407,16,0,2345.2,7,2024-04-25,2024-04-25 16:00:00,2024-04-25 16:00:00,GCM24.csv,49,GCM24.csv,2.0,2344.4,2345.5,4690.4,4691.0,-0.6000000000003638
45408,6,0,2361.4,3,2024-04-26,2024-04-26 06:00:00,2024-04-26 06:00:00,GCM24.csv,53,GCM24.csv,-4.0,2362.8,2360.3,9445.6,9441.2,-4.399999999999636
45408,8,40,2363.4,1,2024-04-26,2024-04-26 08:40:00,2024-04-26 08:40:00,GCM24.csv,557,GCM24.csv,-2.0,2361.8,2361.8,4726.8,4723.6,-3.199999999999818
45408,9,0,2357.2,3,2024-04-26,2024-04-26 09:00:00,2024-04-26 09:00:00,GCM24.csv,556,GCM24.csv,2.0,2358.3,2358.3,4714.4,4716.6,-2.2000000000007276
45408,9,30,2354.1,4,2024-04-26,2024-04-26 09:30:00,2024-04-26 09:30:00,GCM24.csv,520,GCM24.csv,1.0,2353.7,2353.7,2354.1,2353.7,0.40000000000009095
45408,9,50,2352.0,3,2024-04-26,2024-04-26 09:50:00,2024-04-26 09:50:00,GCM24.csv,376,GCM24.csv,-1.0,2352.3,2352.3,2352.0,2352.3,0.3000000000001819
45408,12,0,2348.7,2,2024-04-26,2024-04-26 12:00:00,2024-04-26 12:00:00,GCM24.csv,106,GCM24.csv,-1.0,2349.1,2348.4,2348.7,2348.4,-0.29999999999972715
45408,14,0,2350.3,1,2024-04-26,2024-04-26 14:00:00,2024-04-26 14:00:00,GCM24.csv,28,GCM24.csv,-1.0,2350.7000000000003,2350.7000000000003,2350.3,2350.7000000000003,0.40000000000009095
45408,16,0,2351.6,2,2024-04-26,2024-04-26 16:00:00,2024-04-26 16:00:00,GCM24.csv,103,GCM24.csv,1.0,2350.2,2350.2,2351.6,2350.2,1.400000000000091
45408,16,30,2349.7,0,2024-04-26,2024-04-26 16:30:00,2024-04-26 16:30:00,GCM24.csv,59,GCM24.csv,-2.0,2350.7000000000003,2349.2,4699.4,4698.4,-1.0
45411,1,30,2344.7,-3,2024-04-29,2024-04-29 01:30:00,2024-04-29 01:30:00,GCM24.csv,186,GCM24.csv,-3.0,2345.3,2343.3,7034.099999999999,7029.900000000001,-4.199999999998909
45411,3,30,2344.4,0,2024-04-29,2024-04-29 03:30:00,2024-04-29 03:30:00,GCM24.csv,453,GCM24.csv,3.0,2345.4,2345.4,7033.200000000001,7036.200000000001,-3.0
45411,4,30,2349.6,-1,2024-04-29,2024-04-29 04:30:00,2024-04-29 04:30:00,GCM24.csv,67,GCM24.csv,-1.0,2350.5,2350.5,2349.6,2350.5,0.900000000000091
45411,8,30,2345.3,0,2024-04-29,2024-04-29 08:30:00,2024-04-29 08:30:00,GCM24.csv,258,GCM24.csv,1.0,2343.2000000000003,2343.2000000000003,2345.3,2343.2000000000003,2.099999999999909
45411,8,40,2341.0,2,2024-04-29,2024-04-29 08:40:00,2024-04-29 08:40:00,GCM24.csv,120,GCM24.csv,2.0,2340.5,2340.5,4682.0,4681.0,1.0
45411,9,0,2343.3,0,2024-04-29,2024-04-29 09:00:00,2024-04-29 09:00:00,GCM24.csv,197,GCM24.csv,-2.0,2344.4,2344.4,4686.6,4688.8,2.199999999999818
45411,10,30,2350.4,-1,2024-04-29,2024-04-29 10:30:00,2024-04-29 10:30:00,GCM24.csv,279,GCM24.csv,-1.0,2348.9,2348.9,2350.4,2348.9,-1.5
45411,12,0,2349.5,0,2024-04-29,2024-04-29 12:00:00,2024-04-29 12:00:00,GCM24.csv,92,GCM24.csv,1.0,2349.3,2349.3,2349.5,2349.3,0.1999999999998181
45411,14,30,2350.3,1,2024-04-29,2024-04-29 14:30:00,2024-04-29 14:30:00,GCM24.csv,139,GCM24.csv,1.0,2349.4,2349.4,2350.3,2349.4,0.900000000000091
45412,1,30,2335.7,-2,2024-04-30,2024-04-30 01:30:00,2024-04-30 01:30:00,GCM24.csv,984,GCM24.csv,-3.0,2335.2,2335.2,7007.099999999999,7005.599999999999,-1.5
45412,3,30,2327.9,1,2024-04-30,2024-04-30 03:30:00,2024-04-30 03:30:00,GCM24.csv,151,GCM24.csv,3.0,2327.0,2327.0,6983.700000000001,6981.0,2.7000000000007276
45412,4,30,2324.0,-2,2024-04-30,2024-04-30 04:30:00,2024-04-30 04:30:00,GCM24.csv,215,GCM24.csv,-3.0,2326.1000000000004,2324.4,6972.0,6973.200000000001,1.2000000000007276
45412,8,30,2320.7,1,2024-04-30,2024-04-30 08:30:00,2024-04-30 08:30:00,GCM24.csv,2800,GCM24.csv,3.0,2317.1,2317.1,6962.099999999999,6951.299999999999,10.800000000000182
45412,8,40,2315.7,3,2024-04-30,2024-04-30 08:40:00,2024-04-30 08:40:00,GCM24.csv,559,GCM24.csv,2.0,2318.0,2318.0,4631.4,4636.0,-4.600000000000364
45412,9,0,2316.8,1,2024-04-30,2024-04-30 09:00:00,2024-04-30 09:00:00,GCM24.csv,279,GCM24.csv,-2.0,2317.4,2317.4,4633.6,4634.8,1.199999999999818
45412,9,50,2323.4,-1,2024-04-30,2024-04-30 09:50:00,2024-04-30 09:50:00,GCM24.csv,196,GCM24.csv,-2.0,2319.9,2319.9,4646.8,4639.8,-7.0
45412,10,10,2313.8,1,2024-04-30,2024-04-30 10:10:00,2024-04-30 10:10:00,GCM24.csv,591,GCM24.csv,2.0,2310.7,2310.7,4627.6,4621.4,6.200000000000728
45412,10,30,2312.3,2,2024-04-30,2024-04-30 10:30:00,2024-04-30 10:30:00,GCM24.csv,235,GCM24.csv,1.0,2309.0,2309.0,2312.3,2309.0,3.300000000000182
45412,12,0,2306.9,3,2024-04-30,2024-04-30 12:00:00,2024-04-30 12:00:00,GCM24.csv,208,GCM24.csv,1.0,2307.4,2307.4,2306.9,2307.4,-0.5
45412,14,0,2306.9,6,2024-04-30,2024-04-30 14:00:00,2024-04-30 14:00:00,GCM24.csv,90,GCM24.csv,3.0,2307.2,2307.2,6920.700000000001,6921.599999999999,-0.8999999999987267
45412,14,30,2306.2,5,2024-04-30,2024-04-30 14:30:00,2024-04-30 14:30:00,GCM24.csv,72,GCM24.csv,-1.0,2306.4,2306.4,2306.2,2306.4,0.20000000000027285
45412,16,0,2302.3,2,2024-04-30,2024-04-30 16:00:00,2024-04-30 16:00:00,GCM24.csv,720,GCM24.csv,-3.0,2304.7000000000003,2304.7000000000003,6906.900000000001,6914.1,7.199999999999818
45413,4,30,2296.2,-2,2024-05-01,2024-05-01 04:30:00,2024-05-01 04:30:00,GCM24.csv,36,GCM24.csv,-4.0,2296.7,2296.7,9184.8,9186.8,2.0
45413,6,0,2302.6,1,2024-05-01,2024-05-01 06:00:00,2024-05-01 06:00:00,GCM24.csv,108,GCM24.csv,3.0,2300.0,2300.0,6907.799999999999,6900.0,7.799999999999272
45413,8,30,2306.4,5,2024-05-01,2024-05-01 08:30:00,2024-05-01 08:30:00,GCM24.csv,344,GCM24.csv,4.0,2307.9,2307.9,9225.6,9231.6,-6.0
45413,10,10,2318.2,3,2024-05-01,2024-05-01 10:10:00,2024-05-01 10:10:00,GCM24.csv,679,GCM24.csv,-2.0,2318.8,2318.8,4636.4,4637.6,1.2000000000007276
45413,10,30,2317.0,5,2024-05-01,2024-05-01 10:30:00,2024-05-01 10:30:00,GCM24.csv,323,GCM24.csv,2.0,2312.7,2312.7,4634.0,4625.4,8.600000000000364
45413,12,0,2318.1,2,2024-05-01,2024-05-01 12:00:00,2024-05-01 12:00:00,GCM24.csv,184,GCM24.csv,-3.0,2316.3,2316.3,6954.299999999999,6948.900000000001,-5.399999999998727
45413,14,0,2309.8,1,2024-05-01,2024-05-01 14:00:00,2024-05-01 14:00:00,GCM24.csv,1994,GCM24.csv,-1.0,2316.4,2316.4,2309.8,2316.4,6.599999999999909
45413,16,0,2320.7,2,2024-05-01,2024-05-01 16:00:00,2024-05-01 16:00:00,GCM24.csv,558,GCM24.csv,1.0,2320.9,2320.9,2320.7,2320.9,-0.20000000000027285
45414,1,30,2323.9,1,2024-05-02,2024-05-02 01:30:00,2024-05-02 01:30:00,GCM24.csv,62,GCM24.csv,-1.0,2324.8,2324.8,2323.9,2324.8,0.900000000000091
45414,3,30,2320.4,2,2024-05-02,2024-05-02 03:30:00,2024-05-02 03:30:00,GCM24.csv,97,GCM24.csv,1.0,2320.3,2320.3,2320.4,2320.3,0.09999999999990905
45414,4,30,2313.8,-1,2024-05-02,2024-05-02 04:30:00,2024-05-02 04:30:00,GCM24.csv,124,GCM24.csv,-3.0,2316.2000000000003,2314.4,6941.400000000001,6943.200000000001,1.800000000000182
45414,6,0,2311.1,-5,2024-05-02,2024-05-02 06:00:00,2024-05-02 06:00:00,GCM24.csv,44,GCM24.csv,-4.0,2308.4,2308.4,9244.4,9233.6,-10.799999999999272
45414,8,30,2311.5,-2,2024-05-02,2024-05-02 08:30:00,2024-05-02 08:30:00,GCM24.csv,741,GCM24.csv,3.0,2309.7,2309.7,6934.5,6929.099999999999,5.400000000000546
45414,9,0,2303.8,1,2024-05-02,2024-05-02 09:00:00,2024-05-02 09:00:00,GCM24.csv,307,GCM24.csv,3.0,2298.1,2298.1,6911.400000000001,6894.299999999999,17.100000000001273
45414,9,10,2298.8,2,2024-05-02,2024-05-02 09:10:00,2024-05-02 09:10:00,GCM24.csv,634,GCM24.csv,1.0,2295.8,2295.8,2298.8,2295.8,3.0
45414,9,20,2296.9,1,2024-05-02,2024-05-02 09:20:00,2024-05-02 09:20:00,GCM24.csv,332,GCM24.csv,-1.0,2300.4,2300.4,2296.9,2300.4,3.5
45414,9,30,2300.0,0,2024-05-02,2024-05-02 09:30:00,2024-05-02 09:30:00,GCM24.csv,808,GCM24.csv,-1.0,2304.1,2304.1,2300.0,2304.1,4.099999999999909
45414,9,40,2303.9,-2,2024-05-02,2024-05-02 09:40:00,2024-05-02 09:40:00,GCM24.csv,277,GCM24.csv,-2.0,2298.6,2298.6,4607.8,4597.2,-10.600000000000364
45414,10,0,2300.6,-1,2024-05-02,2024-05-02 10:00:00,2024-05-02 10:00:00,GCM24.csv,749,GCM24.csv,1.0,2299.3,2299.3,2300.6,2299.3,1.2999999999997272
45414,10,30,2305.9,-3,2024-05-02,2024-05-02 10:30:00,2024-05-02 10:30:00,GCM24.csv,172,GCM24.csv,-2.0,2309.5,2309.5,4611.8,4619.0,7.199999999999818
45414,11,0,2313.6,-4,2024-05-02,2024-05-02 11:00:00,2024-05-02 11:00:00,GCM24.csv,676,GCM24.csv,-1.0,2316.5,2316.5,2313.6,2316.5,2.900000000000091
45414,12,0,2309.2,-2,2024-05-02,2024-05-02 12:00:00,2024-05-02 12:00:00,GCM24.csv,136,GCM24.csv,2.0,2308.8,2308.8,4618.4,4617.6,0.7999999999992724
45414,14,30,2316.6,0,2024-05-02,2024-05-02 14:30:00,2024-05-02 14:30:00,GCM24.csv,59,GCM24.csv,2.0,2314.9,2316.4,4633.2,4632.8,0.3999999999996362
45415,1,30,2315.2,-3,2024-05-03,2024-05-03 01:30:00,2024-05-03 01:30:00,GCM24.csv,47,GCM24.csv,-3.0,2316.5,2316.5,6945.599999999999,6949.5,3.9000000000005457
45415,3,30,2308.1,0,2024-05-03,2024-05-03 03:30:00,2024-05-03 03:30:00,GCM24.csv,38,GCM24.csv,3.0,2308.3,2308.3,6924.299999999999,6924.900000000001,-0.6000000000012733
45415,4,30,2308.6,-1,2024-05-03,2024-05-03 04:30:00,2024-05-03 04:30:00,GCM24.csv,35,GCM24.csv,-1.0,2307.8,2307.8,2308.6,2307.8,-0.7999999999997272
45415,6,0,2310.2,3,2024-05-03,2024-05-03 06:00:00,2024-05-03 06:00:00,GCM24.csv,42,GCM24.csv,4.0,2309.6,2309.6,9240.8,9238.4,2.399999999999636
45415,8,30,2305.3,4,2024-05-03,2024-05-03 08:30:00,2024-05-03 08:30:00,GCM24.csv,5284,GCM24.csv,1.0,2324.7,2324.7,2305.3,2324.7,-19.399999999999636
45415,9,0,2313.0,1,2024-05-03,2024-05-03 09:00:00,2024-05-03 09:00:00,GCM24.csv,584,GCM24.csv,-3.0,2314.1,2314.1,6939.0,6942.299999999999,3.2999999999992724
45415,9,20,2310.7,2,2024-05-03,2024-05-03 09:20:00,2024-05-03 09:20:00,GCM24.csv,323,GCM24.csv,1.0,2310.0,2310.0,2310.7,2310.0,0.6999999999998181
45415,9,40,2290.9,3,2024-05-03,2024-05-03 09:40:00,2024-05-03 09:40:00,GCM24.csv,811,GCM24.csv,1.0,2293.8,2293.8,2290.9,2293.8,-2.900000000000091
45415,9,50,2296.8,4,2024-05-03,2024-05-03 09:50:00,2024-05-03 09:50:00,GCM24.csv,937,GCM24.csv,1.0,2297.0,2297.0,2296.8,2297.0,-0.1999999999998181
45415,10,0,2309.4,2,2024-05-03,2024-05-03 10:00:00,2024-05-03 10:00:00,GCM24.csv,2140,GCM24.csv,-2.0,2304.0,2304.0,4618.8,4608.0,-10.800000000000182
45415,10,10,2304.3,1,2024-05-03,2024-05-03 10:10:00,2024-05-03 10:10:00,GCM24.csv,472,GCM24.csv,-1.0,2302.3,2302.3,2304.3,2302.3,-2.0
45415,10,20,2294.6,3,2024-05-03,2024-05-03 10:20:00,2024-05-03 10:20:00,GCM24.csv,1171,GCM24.csv,2.0,2292.0,2292.0,4589.2,4584.0,5.199999999999818
45415,10,30,2295.1,4,2024-05-03,2024-05-03 10:30:00,2024-05-03 10:30:00,GCM24.csv,296,GCM24.csv,1.0,2294.7,2294.7,2295.1,2294.7,0.40000000000009095
45415,10,40,2298.0,3,2024-05-03,2024-05-03 10:40:00,2024-05-03 10:40:00,GCM24.csv,517,GCM24.csv,-1.0,2296.0,2296.0,2298.0,2296.0,-2.0
45415,11,0,2300.0,5,2024-05-03,2024-05-03 11:00:00,2024-05-03 11:00:00,GCM24.csv,196,GCM24.csv,2.0,2299.7,2299.7,4600.0,4599.4,0.6000000000003638
45415,12,0,2302.2,6,2024-05-03,2024-05-03 12:00:00,2024-05-03 12:00:00,GCM24.csv,208,GCM24.csv,1.0,2300.8,2302.6,2302.2,2302.6,-0.40000000000009095
45415,14,30,2307.3,5,2024-05-03,2024-05-03 14:30:00,2024-05-03 14:30:00,GCM24.csv,33,GCM24.csv,-1.0,2308.3,2307.7,2307.3,2307.7,0.3999999999996362
45415,16,30,2309.9,0,2024-05-03,2024-05-03 16:30:00,2024-05-03 16:30:00,GCM24.csv,81,GCM24.csv,-5.0,2311.3,2310.2,11549.5,11551.0,1.5
45418,1,30,2319.7,-3,2024-05-06,2024-05-06 01:30:00,2024-05-06 01:30:00,GCM24.csv,57,GCM24.csv,-3.0,2320.8,2320.8,6959.099999999999,6962.400000000001,3.3000000000010914
45418,3,30,2325.3,0,2024-05-06,2024-05-06 03:30:00,2024-05-06 03:30:00,GCM24.csv,61,GCM24.csv,3.0,2325.4,2325.4,6975.900000000001,6976.200000000001,-0.3000000000001819
45418,4,30,2330.0,-1,2024-05-06,2024-05-06 04:30:00,2024-05-06 04:30:00,GCM24.csv,63,GCM24.csv,-1.0,2330.2,2327.1,2330.0,2327.1,-2.900000000000091
45418,6,0,2330.1,1,2024-05-06,2024-05-06 06:00:00,2024-05-06 06:00:00,GCM24.csv,62,GCM24.csv,2.0,2329.2,2329.2,4660.2,4658.4,1.800000000000182
45418,8,30,2324.9,2,2024-05-06,2024-05-06 08:30:00,2024-05-06 08:30:00,GCM24.csv,151,GCM24.csv,1.0,2323.7,2330.9,2324.9,2330.9,-6.0
45418,8,50,2336.6,1,2024-05-06,2024-05-06 08:50:00,2024-05-06 08:50:00,GCM24.csv,457,GCM24.csv,-1.0,2337.9,2337.9,2336.6,2337.9,1.300000000000182
45418,9,0,2332.5,3,2024-05-06,2024-05-06 09:00:00,2024-05-06 09:00:00,GCM24.csv,430,GCM24.csv,2.0,2332.2,2332.2,4665.0,4664.4,0.6000000000003638
45418,9,10,2332.8,4,2024-05-06,2024-05-06 09:10:00,2024-05-06 09:10:00,GCM24.csv,199,GCM24.csv,1.0,2331.2,2333.5,2332.8,2333.5,-0.6999999999998181
45418,9,20,2333.3,3,2024-05-06,2024-05-06 09:20:00,2024-05-06 09:20:00,GCM24.csv,142,GCM24.csv,-1.0,2334.4,2334.4,2333.3,2334.4,1.099999999999909
45418,9,40,2337.6,1,2024-05-06,2024-05-06 09:40:00,2024-05-06 09:40:00,GCM24.csv,2498,GCM24.csv,-2.0,2341.6,2341.6,4675.2,4683.2,8.0
45418,9,50,2333.2,2,2024-05-06,2024-05-06 09:50:00,2024-05-06 09:50:00,GCM24.csv,279,GCM24.csv,1.0,2332.4,2332.4,2333.2,2332.4,0.7999999999997272
45418,10,0,2337.3,4,2024-05-06,2024-05-06 10:00:00,2024-05-06 10:00:00,GCM24.csv,565,GCM24.csv,2.0,2336.8,2336.8,4674.6,4673.6,1.0
45418,10,10,2337.4,3,2024-05-06,2024-05-06 10:10:00,2024-05-06 10:10:00,GCM24.csv,214,GCM24.csv,-1.0,2336.7000000000003,2336.7000000000003,2337.4,2336.7000000000003,-0.6999999999998181
45418,10,30,2333.5,2,2024-05-06,2024-05-06 10:30:00,2024-05-06 10:30:00,GCM24.csv,94,GCM24.csv,-1.0,2335.0,2333.8,2333.5,2333.8,0.3000000000001819
45418,11,0,2329.4,1,2024-05-06,2024-05-06 11:00:00,2024-05-06 11:00:00,GCM24.csv,237,GCM24.csv,-1.0,2330.6,2328.9,2329.4,2328.9,-0.5
45418,12,0,2333.6,0,2024-05-06,2024-05-06 12:00:00,2024-05-06 12:00:00,GCM24.csv,65,GCM24.csv,-1.0,2334.2000000000003,2334.2000000000003,2333.6,2334.2000000000003,0.6000000000003638
45418,14,0,2333.6,2,2024-05-06,2024-05-06 14:00:00,2024-05-06 14:00:00,GCM24.csv,101,GCM24.csv,2.0,2333.2,2333.8,4667.2,4667.6,-0.4000000000005457
45418,14,30,2334.8,3,2024-05-06,2024-05-06 14:30:00,2024-05-06 14:30:00,GCM24.csv,150,GCM24.csv,1.0,2333.3,2333.3,2334.8,2333.3,1.5
45418,16,0,2333.5,1,2024-05-06,2024-05-06 16:00:00,2024-05-06 16:00:00,GCM24.csv,77,GCM24.csv,-2.0,2334.8,2334.0,4667.0,4668.0,1.0
45419,1,30,2330.8,0,2024-05-07,2024-05-07 01:30:00,2024-05-07 01:30:00,GCM24.csv,90,GCM24.csv,-1.0,2330.1,2330.1,2330.8,2330.1,-0.7000000000002728
45419,3,30,2329.1,1,2024-05-07,2024-05-07 03:30:00,2024-05-07 03:30:00,GCM24.csv,116,GCM24.csv,1.0,2327.7,2327.7,2329.1,2327.7,1.400000000000091
45419,4,30,2323.6,-1,2024-05-07,2024-05-07 04:30:00,2024-05-07 04:30:00,GCM24.csv,35,GCM24.csv,-2.0,2325.1000000000004,2323.4,4647.2,4646.8,-0.3999999999996362
45419,6,0,2322.2,-2,2024-05-07,2024-05-07 06:00:00,2024-05-07 06:00:00,GCM24.csv,74,GCM24.csv,-1.0,2322.2,2322.2,2322.2,2322.2,-0.0
45419,8,30,2321.5,0,2024-05-07,2024-05-07 08:30:00,2024-05-07 08:30:00,GCM24.csv,105,GCM24.csv,2.0,2321.3,2321.3,4643.0,4642.6,0.3999999999996362
45419,9,0,2324.5,1,2024-05-07,2024-05-07 09:00:00,2024-05-07 09:00:00,GCM24.csv,299,GCM24.csv,1.0,2325.0,2325.0,2324.5,2325.0,-0.5
45419,9,10,2328.1,-1,2024-05-07,2024-05-07 09:10:00,2024-05-07 09:10:00,GCM24.csv,366,GCM24.csv,-2.0,2330.0,2330.0,4656.2,4660.0,3.800000000000182
45419,9,20,2330.1,-2,2024-05-07,2024-05-07 09:20:00,2024-05-07 09:20:00,GCM24.csv,751,GCM24.csv,-1.0,2329.3,2329.3,2330.1,2329.3,-0.7999999999997272
45419,9,30,2326.3,0,2024-05-07,2024-05-07 09:30:00,2024-05-07 09:30:00,GCM24.csv,283,GCM24.csv,2.0,2325.8,2325.8,4652.6,4651.6,1.0
45419,9,40,2326.9,1,2024-05-07,2024-05-07 09:40:00,2024-05-07 09:40:00,GCM24.csv,107,GCM24.csv,1.0,2328.8,2328.8,2326.9,2328.8,-1.900000000000091
45419,10,30,2328.2,4,2024-05-07,2024-05-07 10:30:00,2024-05-07 10:30:00,GCM24.csv,217,GCM24.csv,3.0,2328.2,2328.2,6984.599999999999,6984.599999999999,0.0
45419,11,0,2322.6,3,2024-05-07,2024-05-07 11:00:00,2024-05-07 11:00:00,GCM24.csv,689,GCM24.csv,-1.0,2326.6,2326.6,2322.6,2326.6,4.0
45419,12,0,2323.6,6,2024-05-07,2024-05-07 12:00:00,2024-05-07 12:00:00,GCM24.csv,149,GCM24.csv,3.0,2320.7,2321.2,6970.799999999999,6963.599999999999,7.199999999999818
45419,14,30,2323.2,3,2024-05-07,2024-05-07 14:30:00,2024-05-07 14:30:00,GCM24.csv,29,GCM24.csv,-3.0,2323.2000000000003,2323.2000000000003,6969.599999999999,6969.6,9.094947017729282e-13
45420,1,30,2327.5,5,2024-05-08,2024-05-08 01:30:00,2024-05-08 01:30:00,GCM24.csv,178,GCM24.csv,2.0,2327.9,2327.9,4655.0,4655.8,-0.8000000000001819
45420,3,30,2319.9,3,2024-05-08,2024-05-08 03:30:00,2024-05-08 03:30:00,GCM24.csv,51,GCM24.csv,-2.0,2320.7,2318.7,4639.8,4637.4,-2.4000000000005457
45420,4,30,2312.3,0,2024-05-08,2024-05-08 04:30:00,2024-05-08 04:30:00,GCM24.csv,109,GCM24.csv,-3.0,2313.5,2313.5,6936.900000000001,6940.5,3.5999999999994543
45420,6,0,2318.7,2,2024-05-08,2024-05-08 06:00:00,2024-05-08 06:00:00,GCM24.csv,412,GCM24.csv,2.0,2318.5,2318.5,4637.4,4637.0,0.3999999999996362
45420,8,30,2326.1,5,2024-05-08,2024-05-08 08:30:00,2024-05-08 08:30:00,GCM24.csv,144,GCM24.csv,3.0,2324.5,2324.5,6978.299999999999,6973.5,4.799999999999272
45420,12,0,2328.3,1,2024-05-08,2024-05-08 12:00:00,2024-05-08 12:00:00,GCM24.csv,247,GCM24.csv,-4.0,2328.5,2328.5,9313.2,9314.0,0.7999999999992724
45421,6,0,2314.4,0,2024-05-09,2024-05-09 06:00:00,2024-05-09 06:00:00,GCM24.csv,66,GCM24.csv,-1.0,2316.4,2315.9,2314.4,2315.9,1.5
45421,8,40,2333.2,-1,2024-05-09,2024-05-09 08:40:00,2024-05-09 08:40:00,GCM24.csv,524,GCM24.csv,-1.0,2336.4,2336.4,2333.2,2336.4,3.200000000000273
45421,8,50,2334.4,-3,2024-05-09,2024-05-09 08:50:00,2024-05-09 08:50:00,GCM24.csv,427,GCM24.csv,-2.0,2333.3,2333.3,4668.8,4666.6,-2.199999999999818
45421,9,0,2333.0,-2,2024-05-09,2024-05-09 09:00:00,2024-05-09 09:00:00,GCM24.csv,768,GCM24.csv,1.0,2328.4,2328.4,2333.0,2328.4,4.599999999999909
45421,9,10,2329.8,1,2024-05-09,2024-05-09 09:10:00,2024-05-09 09:10:00,GCM24.csv,1969,GCM24.csv,3.0,2318.8,2318.8,6989.400000000001,6956.400000000001,33.0
45421,9,20,2321.4,2,2024-05-09,2024-05-09 09:20:00,2024-05-09 09:20:00,GCM24.csv,589,GCM24.csv,1.0,2321.8,2321.8,2321.4,2321.8,-0.40000000000009095
45421,9,30,2324.4,3,2024-05-09,2024-05-09 09:30:00,2024-05-09 09:30:00,GCM24.csv,894,GCM24.csv,1.0,2327.0,2327.0,2324.4,2327.0,-2.599999999999909
45421,9,40,2326.5,2,2024-05-09,2024-05-09 09:40:00,2024-05-09 09:40:00,GCM24.csv,345,GCM24.csv,-1.0,2327.9,2327.9,2326.5,2327.9,1.400000000000091
45421,9,50,2328.0,0,2024-05-09,2024-05-09 09:50:00,2024-05-09 09:50:00,GCM24.csv,206,GCM24.csv,-2.0,2329.1,2329.1,4656.0,4658.2,2.199999999999818
45421,10,30,2341.9,-4,2024-05-09,2024-05-09 10:30:00,2024-05-09 10:30:00,GCM24.csv,518,GCM24.csv,-4.0,2338.2000000000003,2338.2000000000003,9367.6,9352.800000000001,-14.799999999999272
45421,12,0,2337.3,-1,2024-05-09,2024-05-09 12:00:00,2024-05-09 12:00:00,GCM24.csv,82,GCM24.csv,3.0,2337.3,2337.3,7011.900000000001,7011.900000000001,0.0
45421,14,30,2341.2,3,2024-05-09,2024-05-09 14:30:00,2024-05-09 14:30:00,GCM24.csv,26,GCM24.csv,4.0,2342.0,2342.0,9364.8,9368.0,-3.2000000000007276
45422,1,30,2362.7,4,2024-05-10,2024-05-10 01:30:00,2024-05-10 01:30:00,GCM24.csv,237,GCM24.csv,1.0,2360.8,2360.8,2362.7,2360.8,1.8999999999996362
45422,3,30,2374.8,3,2024-05-10,2024-05-10 03:30:00,2024-05-10 03:30:00,GCM24.csv,354,GCM24.csv,-1.0,2373.5,2373.5,2374.8,2373.5,-1.300000000000182
45422,4,30,2374.8,2,2024-05-10,2024-05-10 04:30:00,2024-05-10 04:30:00,GCM24.csv,51,GCM24.csv,-1.0,2376.3,2374.8,2374.8,2374.8,-0.0
45422,6,0,2379.4,0,2024-05-10,2024-05-10 06:00:00,2024-05-10 06:00:00,GCM24.csv,141,GCM24.csv,-2.0,2379.5,2379.5,4758.8,4759.0,0.1999999999998181
45422,8,30,2373.9,1,2024-05-10,2024-05-10 08:30:00,2024-05-10 08:30:00,GCM24.csv,733,GCM24.csv,1.0,2372.2,2372.2,2373.9,2372.2,1.7000000000002728
45422,8,40,2373.6,3,2024-05-10,2024-05-10 08:40:00,2024-05-10 08:40:00,GCM24.csv,374,GCM24.csv,2.0,2373.9,2373.9,4747.2,4747.8,-0.6000000000003638
45422,9,0,2371.8,0,2024-05-10,2024-05-10 09:00:00,2024-05-10 09:00:00,GCM24.csv,667,GCM24.csv,-3.0,2371.1,2371.1,7115.400000000001,7113.299999999999,-2.1000000000012733
45422,9,40,2372.9,1,2024-05-10,2024-05-10 09:40:00,2024-05-10 09:40:00,GCM24.csv,417,GCM24.csv,1.0,2372.5,2372.5,2372.9,2372.5,0.40000000000009095
45422,10,0,2373.4,0,2024-05-10,2024-05-10 10:00:00,2024-05-10 10:00:00,GCM24.csv,876,GCM24.csv,-1.0,2377.3,2377.3,2373.4,2377.3,3.900000000000091
45422,10,30,2366.9,3,2024-05-10,2024-05-10 10:30:00,2024-05-10 10:30:00,GCM24.csv,928,GCM24.csv,3.0,2369.1,2369.1,7100.700000000001,7107.299999999999,-6.599999999998545
45422,10,50,2368.5,2,2024-05-10,2024-05-10 10:50:00,2024-05-10 10:50:00,GCM24.csv,255,GCM24.csv,-1.0,2369.0,2369.0,2368.5,2369.0,0.5
45422,11,0,2366.9,3,2024-05-10,2024-05-10 11:00:00,2024-05-10 11:00:00,GCM24.csv,358,GCM24.csv,1.0,2363.9,2363.9,2366.9,2363.9,3.0
45422,14,30,2375.8,1,2024-05-10,2024-05-10 14:30:00,2024-05-10 14:30:00,GCM24.csv,52,GCM24.csv,-2.0,2375.7000000000003,2375.7000000000003,4751.6,4751.400000000001,-0.1999999999998181
45422,16,30,2370.2,0,2024-05-10,2024-05-10 16:30:00,2024-05-10 16:30:00,GCM24.csv,4,GCM24.csv,-1.0,2371.4,2371.4,2370.2,2371.4,1.2000000000002728
45425,4,30,2349.9,2,2024-05-13,2024-05-13 04:30:00,2024-05-13 04:30:00,GCM24.csv,507,GCM24.csv,2.0,2350.1,2350.1,4699.8,4700.2,-0.3999999999996362
45425,6,0,2346.0,3,2024-05-13,2024-05-13 06:00:00,2024-05-13 06:00:00,GCM24.csv,119,GCM24.csv,1.0,2346.6,2346.6,2346.0,2346.6,-0.599999999999909
45425,8,30,2352.0,1,2024-05-13,2024-05-13 08:30:00,2024-05-13 08:30:00,GCM24.csv,342,GCM24.csv,-2.0,2352.8,2352.8,4704.0,4705.6,1.6000000000003638
45425,9,0,2353.3,2,2024-05-13,2024-05-13 09:00:00,2024-05-13 09:00:00,GCM24.csv,351,GCM24.csv,1.0,2353.3,2353.3,2353.3,2353.3,0.0
45425,9,50,2346.9,3,2024-05-13,2024-05-13 09:50:00,2024-05-13 09:50:00,GCM24.csv,394,GCM24.csv,1.0,2347.4,2347.4,2346.9,2347.4,-0.5
45425,10,10,2348.3,2,2024-05-13,2024-05-13 10:10:00,2024-05-13 10:10:00,GCM24.csv,551,GCM24.csv,-1.0,2349.1,2349.1,2348.3,2349.1,0.7999999999997272
45425,10,30,2351.5,4,2024-05-13,2024-05-13 10:30:00,2024-05-13 10:30:00,GCM24.csv,239,GCM24.csv,2.0,2350.1,2350.1,4703.0,4700.2,2.800000000000182
45425,11,0,2349.7,3,2024-05-13,2024-05-13 11:00:00,2024-05-13 11:00:00,GCM24.csv,219,GCM24.csv,-1.0,2348.1,2348.1,2349.7,2348.1,-1.599999999999909
45425,12,0,2342.0,5,2024-05-13,2024-05-13 12:00:00,2024-05-13 12:00:00,GCM24.csv,303,GCM24.csv,2.0,2341.6,2343.3,4684.0,4686.6,-2.600000000000364
45425,14,30,2342.3,3,2024-05-13,2024-05-13 14:30:00,2024-05-13 14:30:00,GCM24.csv,206,GCM24.csv,-2.0,2343.6000000000004,2343.6000000000004,4684.6,4687.200000000001,2.600000000000364
45426,4,30,2344.1,6,2024-05-14,2024-05-14 04:30:00,2024-05-14 04:30:00,GCM24.csv,41,GCM24.csv,3.0,2344.1,2344.1,7032.299999999999,7032.299999999999,0.0
45426,6,0,2351.5,8,2024-05-14,2024-05-14 06:00:00,2024-05-14 06:00:00,GCM24.csv,506,GCM24.csv,2.0,2351.3,2351.3,4703.0,4702.6,0.3999999999996362
45426,8,30,2348.4,5,2024-05-14,2024-05-14 08:30:00,2024-05-14 08:30:00,GCM24.csv,2641,GCM24.csv,-3.0,2349.5,2349.5,7045.200000000001,7048.5,3.2999999999992724
45426,8,50,2353.1,3,2024-05-14,2024-05-14 08:50:00,2024-05-14 08:50:00,GCM24.csv,274,GCM24.csv,-2.0,2355.8,2355.8,4706.2,4711.6,5.400000000000546
45426,9,0,2354.2,4,2024-05-14,2024-05-14 09:00:00,2024-05-14 09:00:00,GCM24.csv,416,GCM24.csv,1.0,2352.3,2352.3,2354.2,2352.3,1.8999999999996362
45426,9,10,2354.6,6,2024-05-14,2024-05-14 09:10:00,2024-05-14 09:10:00,GCM24.csv,553,GCM24.csv,2.0,2354.9,2354.9,4709.2,4709.8,-0.6000000000003638
45426,11,0,2358.3,5,2024-05-14,2024-05-14 11:00:00,2024-05-14 11:00:00,GCM24.csv,332,GCM24.csv,-1.0,2359.3,2358.1,2358.3,2358.1,-0.20000000000027285
45426,12,0,2353.4,3,2024-05-14,2024-05-14 12:00:00,2024-05-14 12:00:00,GCM24.csv,327,GCM24.csv,-2.0,2354.3,2354.3,4706.8,4708.6,1.800000000000182
45426,14,0,2361.6,5,2024-05-14,2024-05-14 14:00:00,2024-05-14 14:00:00,GCM24.csv,75,GCM24.csv,2.0,2362.3,2362.3,4723.2,4724.6,-1.4000000000005457
45426,16,0,2362.3,3,2024-05-14,2024-05-14 16:00:00,2024-05-14 16:00:00,GCM24.csv,60,GCM24.csv,-2.0,2363.2,2362.1,4724.6,4724.2,-0.4000000000005457
45427,1,30,2362.1,2,2024-05-15,2024-05-15 01:30:00,2024-05-15 01:30:00,GCM24.csv,88,GCM24.csv,-1.0,2362.7,2362.7,2362.1,2362.7,0.599999999999909
45427,3,30,2368.7,3,2024-05-15,2024-05-15 03:30:00,2024-05-15 03:30:00,GCM24.csv,257,GCM24.csv,1.0,2368.2,2368.2,2368.7,2368.2,0.5
45427,4,30,2374.7,2,2024-05-15,2024-05-15 04:30:00,2024-05-15 04:30:00,GCM24.csv,226,GCM24.csv,-1.0,2375.3,2375.3,2374.7,2375.3,0.6000000000003638
45427,6,0,2375.0,-1,2024-05-15,2024-05-15 06:00:00,2024-05-15 06:00:00,GCM24.csv,98,GCM24.csv,-3.0,2375.8,2375.1,7125.0,7125.299999999999,0.2999999999992724
45427,8,30,2367.8,0,2024-05-15,2024-05-15 08:30:00,2024-05-15 08:30:00,GCM24.csv,4674,GCM24.csv,1.0,2367.0,2367.0,2367.8,2367.0,0.8000000000001819
45427,8,50,2380.8,-1,2024-05-15,2024-05-15 08:50:00,2024-05-15 08:50:00,GCM24.csv,409,GCM24.csv,-1.0,2381.7000000000003,2377.4,2380.8,2377.4,-3.400000000000091
45427,9,0,2377.7,0,2024-05-15,2024-05-15 09:00:00,2024-05-15 09:00:00,GCM24.csv,630,GCM24.csv,1.0,2376.8,2376.8,2377.7,2376.8,0.8999999999996362
45427,9,10,2377.8,1,2024-05-15,2024-05-15 09:10:00,2024-05-15 09:10:00,GCM24.csv,275,GCM24.csv,1.0,2376.9,2376.9,2377.8,2376.9,0.900000000000091
45427,9,20,2374.6,3,2024-05-15,2024-05-15 09:20:00,2024-05-15 09:20:00,GCM24.csv,331,GCM24.csv,2.0,2373.7,2373.7,4749.2,4747.4,1.800000000000182
45427,9,30,2372.6,4,2024-05-15,2024-05-15 09:30:00,2024-05-15 09:30:00,GCM24.csv,755,GCM24.csv,1.0,2371.7,2371.7,2372.6,2371.7,0.900000000000091
45427,9,40,2373.1,2,2024-05-15,2024-05-15 09:40:00,2024-05-15 09:40:00,GCM24.csv,218,GCM24.csv,-2.0,2374.0,2374.0,4746.2,4748.0,1.800000000000182
45427,10,0,2362.9,3,2024-05-15,2024-05-15 10:00:00,2024-05-15 10:00:00,GCM24.csv,686,GCM24.csv,1.0,2362.0,2362.0,2362.9,2362.0,0.900000000000091
45427,10,10,2367.9,2,2024-05-15,2024-05-15 10:10:00,2024-05-15 10:10:00,GCM24.csv,405,GCM24.csv,-1.0,2368.8,2368.8,2367.9,2368.8,0.900000000000091
45427,10,20,2367.7,1,2024-05-15,2024-05-15 10:20:00,2024-05-15 10:20:00,GCM24.csv,234,GCM24.csv,-1.0,2368.6,2368.6,2367.7,2368.6,0.900000000000091
45427,10,30,2372.0,0,2024-05-15,2024-05-15 10:30:00,2024-05-15 10:30:00,GCM24.csv,369,GCM24.csv,-1.0,2372.9,2372.9,2372.0,2372.9,0.900000000000091
45427,11,0,2379.9,-1,2024-05-15,2024-05-15 11:00:00,2024-05-15 11:00:00,GCM24.csv,799,GCM24.csv,-1.0,2380.8,2380.8,2379.9,2380.8,0.900000000000091
45427,12,0,2383.5,0,2024-05-15,2024-05-15 12:00:00,2024-05-15 12:00:00,GCM24.csv,198,GCM24.csv,1.0,2382.6,2385.1,2383.5,2385.1,-1.599999999999909
45427,14,30,2393.4,1,2024-05-15,2024-05-15 14:30:00,2024-05-15 14:30:00,GCM24.csv,99,GCM24.csv,1.0,2392.5,2392.5,2393.4,2392.5,0.900000000000091
45428,1,30,2396.4,-2,2024-05-16,2024-05-16 01:30:00,2024-05-16 01:30:00,GCM24.csv,246,GCM24.csv,-3.0,2397.0,2397.0,7189.200000000001,7191.0,1.7999999999992724
45428,3,30,2393.8,1,2024-05-16,2024-05-16 03:30:00,2024-05-16 03:30:00,GCM24.csv,103,GCM24.csv,3.0,2393.3,2393.3,7181.400000000001,7179.900000000001,1.5
45428,4,30,2390.8,0,2024-05-16,2024-05-16 04:30:00,2024-05-16 04:30:00,GCM24.csv,57,GCM24.csv,-1.0,2391.5,2391.5,2390.8,2391.5,0.6999999999998181
45428,6,0,2390.1,2,2024-05-16,2024-05-16 06:00:00,2024-05-16 06:00:00,GCM24.csv,69,GCM24.csv,2.0,2389.3,2389.3,4780.2,4778.6,1.5999999999994543
45428,8,30,2386.7,3,2024-05-16,2024-05-16 08:30:00,2024-05-16 08:30:00,GCM24.csv,1092,GCM24.csv,1.0,2385.9,2385.9,2386.7,2385.9,0.7999999999997272
45428,8,40,2384.4,4,2024-05-16,2024-05-16 08:40:00,2024-05-16 08:40:00,GCM24.csv,478,GCM24.csv,1.0,2383.6,2385.3,2384.4,2385.3,-0.900000000000091
45428,9,0,2383.4,5,2024-05-16,2024-05-16 09:00:00,2024-05-16 09:00:00,GCM24.csv,418,GCM24.csv,1.0,2382.6,2382.6,2383.4,2382.6,0.8000000000001819
45428,9,20,2378.9,6,2024-05-16,2024-05-16 09:20:00,2024-05-16 09:20:00,GCM24.csv,2809,GCM24.csv,1.0,2378.1,2378.1,2378.9,2378.1,0.8000000000001819
45428,9,30,2383.3,4,2024-05-16,2024-05-16 09:30:00,2024-05-16 09:30:00,GCM24.csv,986,GCM24.csv,-2.0,2384.2000000000003,2376.4,4766.6,4752.8,-13.800000000000182
45428,9,40,2377.9,3,2024-05-16,2024-05-16 09:40:00,2024-05-16 09:40:00,GCM24.csv,404,GCM24.csv,-1.0,2378.8,2378.8,2377.9,2378.8,0.900000000000091
45428,9,50,2380.7,5,2024-05-16,2024-05-16 09:50:00,2024-05-16 09:50:00,GCM24.csv,380,GCM24.csv,2.0,2379.8,2379.8,4761.4,4759.6,1.7999999999992724
45428,10,30,2378.2,6,2024-05-16,2024-05-16 10:30:00,2024-05-16 10:30:00,GCM24.csv,338,GCM24.csv,1.0,2377.3,2380.4,2378.2,2380.4,-2.200000000000273
45428,11,0,2377.7,4,2024-05-16,2024-05-16 11:00:00,2024-05-16 11:00:00,GCM24.csv,228,GCM24.csv,-2.0,2378.6,2378.6,4755.4,4757.2,1.800000000000182
45428,14,30,2383.4,3,2024-05-16,2024-05-16 14:30:00,2024-05-16 14:30:00,GCM24.csv,73,GCM24.csv,-1.0,2384.2000000000003,2384.2000000000003,2383.4,2384.2000000000003,0.8000000000001819
45429,4,30,2388.1,5,2024-05-17,2024-05-17 04:30:00,2024-05-17 04:30:00,GCM24.csv,86,GCM24.csv,2.0,2386.4,2386.4,4776.2,4772.8,3.399999999999636
45429,8,30,2392.9,3,2024-05-17,2024-05-17 08:30:00,2024-05-17 08:30:00,GCM24.csv,116,GCM24.csv,-2.0,2393.2,2393.2,4785.8,4786.4,0.5999999999994543
45429,9,0,2398.0,2,2024-05-17,2024-05-17 09:00:00,2024-05-17 09:00:00,GCM24.csv,813,GCM24.csv,-1.0,2402.2000000000003,2402.2000000000003,2398.0,2402.2000000000003,4.200000000000273
45429,9,10,2402.2,0,2024-05-17,2024-05-17 09:10:00,2024-05-17 09:10:00,GCM24.csv,590,GCM24.csv,-2.0,2407.5,2407.5,4804.4,4815.0,10.600000000000364
45429,9,20,2407.6,-1,2024-05-17,2024-05-17 09:20:00,2024-05-17 09:20:00,GCM24.csv,520,GCM24.csv,-1.0,2406.1000000000004,2406.1000000000004,2407.6,2406.1000000000004,-1.4999999999995453
45429,9,30,2406.0,1,2024-05-17,2024-05-17 09:30:00,2024-05-17 09:30:00,GCM24.csv,373,GCM24.csv,2.0,2402.7,2402.7,4812.0,4805.4,6.600000000000364
45429,9,40,2402.7,4,2024-05-17,2024-05-17 09:40:00,2024-05-17 09:40:00,GCM24.csv,483,GCM24.csv,3.0,2401.8,2401.8,7208.099999999999,7205.400000000001,2.6999999999989086
45429,9,50,2402.6,5,2024-05-17,2024-05-17 09:50:00,2024-05-17 09:50:00,GCM24.csv,234,GCM24.csv,1.0,2402.4,2402.4,2402.6,2402.4,0.1999999999998181
45429,10,0,2406.5,4,2024-05-17,2024-05-17 10:00:00,2024-05-17 10:00:00,GCM24.csv,496,GCM24.csv,-1.0,2406.0,2406.0,2406.5,2406.0,-0.5
45429,10,10,2406.6,3,2024-05-17,2024-05-17 10:10:00,2024-05-17 10:10:00,GCM24.csv,163,GCM24.csv,-1.0,2408.1,2406.5,2406.6,2406.5,-0.09999999999990905
45429,10,30,2410.7,0,2024-05-17,2024-05-17 10:30:00,2024-05-17 10:30:00,GCM24.csv,480,GCM24.csv,-3.0,2411.0,2411.0,7232.099999999999,7233.0,0.9000000000005457
45429,10,50,2415.1,2,2024-05-17,2024-05-17 10:50:00,2024-05-17 10:50:00,GCM24.csv,1409,GCM24.csv,2.0,2417.7,2417.7,4830.2,4835.4,-5.199999999999818
45429,12,0,2412.3,3,2024-05-17,2024-05-17 12:00:00,2024-05-17 12:00:00,GCM24.csv,126,GCM24.csv,1.0,2415.2,2415.2,2412.3,2415.2,-2.899999999999636
45429,14,30,2421.1,4,2024-05-17,2024-05-17 14:30:00,2024-05-17 14:30:00,GCM24.csv,57,GCM24.csv,1.0,2421.2,2421.2,2421.1,2421.2,-0.09999999999990905
45429,16,30,2420.3,0,2024-05-17,2024-05-17 16:30:00,2024-05-17 16:30:00,GCM24.csv,62,GCM24.csv,-4.0,2421.8,2421.8,9681.2,9687.2,6.0
45432,1,30,2444.0,-1,2024-05-20,2024-05-20 01:30:00,2024-05-20 01:30:00,GCM24.csv,868,GCM24.csv,-1.0,2444.7,2444.7,2444.0,2444.7,0.6999999999998181
45432,3,30,2441.5,0,2024-05-20,2024-05-20 03:30:00,2024-05-20 03:30:00,GCM24.csv,490,GCM24.csv,1.0,2440.6,2440.6,2441.5,2440.6,0.900000000000091
45432,4,30,2445.6,-1,2024-05-20,2024-05-20 04:30:00,2024-05-20 04:30:00,GCM24.csv,100,GCM24.csv,-1.0,2446.5,2442.0,2445.6,2442.0,-3.599999999999909
45432,6,0,2446.5,-4,2024-05-20,2024-05-20 06:00:00,2024-05-20 06:00:00,GCM24.csv,308,GCM24.csv,-3.0,2447.4,2444.9,7339.5,7334.700000000001,-4.799999999999272
45432,8,30,2422.1,-3,2024-05-20,2024-05-20 08:30:00,2024-05-20 08:30:00,GCM24.csv,686,GCM24.csv,1.0,2421.2,2421.2,2422.1,2421.2,0.900000000000091
45432,8,50,2417.2,-2,2024-05-20,2024-05-20 08:50:00,2024-05-20 08:50:00,GCM24.csv,336,GCM24.csv,1.0,2416.3,2416.3,2417.2,2416.3,0.8999999999996362
45432,9,10,2425.9,-5,2024-05-20,2024-05-20 09:10:00,2024-05-20 09:10:00,GCM24.csv,640,GCM24.csv,-3.0,2426.8,2424.9,7277.700000000001,7274.700000000001,-3.0
45432,9,20,2422.4,-4,2024-05-20,2024-05-20 09:20:00,2024-05-20 09:20:00,GCM24.csv,391,GCM24.csv,1.0,2421.5,2421.5,2422.4,2421.5,0.900000000000091
45432,9,30,2421.8,-2,2024-05-20,2024-05-20 09:30:00,2024-05-20 09:30:00,GCM24.csv,346,GCM24.csv,2.0,2420.9,2420.9,4843.6,4841.8,1.800000000000182
45432,9,40,2419.2,-4,2024-05-20,2024-05-20 09:40:00,2024-05-20 09:40:00,GCM24.csv,1814,GCM24.csv,-2.0,2420.1,2420.1,4838.4,4840.2,1.800000000000182
45432,10,30,2421.5,-5,2024-05-20,2024-05-20 10:30:00,2024-05-20 10:30:00,GCM24.csv,191,GCM24.csv,-1.0,2422.4,2422.4,2421.5,2422.4,0.900000000000091
45432,11,0,2427.1,-4,2024-05-20,2024-05-20 11:00:00,2024-05-20 11:00:00,GCM24.csv,194,GCM24.csv,1.0,2426.2,2426.2,2427.1,2426.2,0.900000000000091
45432,12,0,2429.1,0,2024-05-20,2024-05-20 12:00:00,2024-05-20 12:00:00,GCM24.csv,109,GCM24.csv,4.0,2428.2,2428.2,9716.4,9712.8,3.600000000000364
45432,14,0,2439.7,1,2024-05-20,2024-05-20 14:00:00,2024-05-20 14:00:00,GCM24.csv,61,GCM24.csv,1.0,2438.8,2438.8,2439.7,2438.8,0.8999999999996362
45432,14,30,2439.5,2,2024-05-20,2024-05-20 14:30:00,2024-05-20 14:30:00,GCM24.csv,108,GCM24.csv,1.0,2438.6,2441.0,2439.5,2441.0,-1.5
45432,16,0,2431.3,1,2024-05-20,2024-05-20 16:00:00,2024-05-20 16:00:00,GCM24.csv,199,GCM24.csv,-1.0,2432.2000000000003,2429.4,2431.3,2429.4,-1.900000000000091
45433,6,0,2419.8,2,2024-05-21,2024-05-21 06:00:00,2024-05-21 06:00:00,GCM24.csv,46,GCM24.csv,1.0,2419.0,2419.0,2419.8,2419.0,0.8000000000001819
45433,8,50,2427.5,3,2024-05-21,2024-05-21 08:50:00,2024-05-21 08:50:00,GCM24.csv,507,GCM24.csv,1.0,2426.6,2426.6,2427.5,2426.6,0.900000000000091
45433,9,0,2430.5,4,2024-05-21,2024-05-21 09:00:00,2024-05-21 09:00:00,GCM24.csv,2268,GCM24.csv,1.0,2429.7,2429.7,2430.5,2429.7,0.8000000000001819
45433,9,10,2429.6,3,2024-05-21,2024-05-21 09:10:00,2024-05-21 09:10:00,GCM24.csv,302,GCM24.csv,-1.0,2430.4,2430.4,2429.6,2430.4,0.8000000000001819
45433,10,30,2431.7,1,2024-05-21,2024-05-21 10:30:00,2024-05-21 10:30:00,GCM24.csv,315,GCM24.csv,-2.0,2432.6,2432.6,4863.4,4865.2,1.800000000000182
45433,10,50,2433.5,0,2024-05-21,2024-05-21 10:50:00,2024-05-21 10:50:00,GCM24.csv,214,GCM24.csv,-1.0,2434.4,2434.4,2433.5,2434.4,0.900000000000091
45433,11,0,2433.7,-1,2024-05-21,2024-05-21 11:00:00,2024-05-21 11:00:00,GCM24.csv,231,GCM24.csv,-1.0,2434.6,2434.6,2433.7,2434.6,0.900000000000091
45433,12,0,2427.1,-2,2024-05-21,2024-05-21 12:00:00,2024-05-21 12:00:00,GCM24.csv,163,GCM24.csv,-1.0,2428.0,2424.2,2427.1,2424.2,-2.900000000000091
45433,14,30,2422.8,1,2024-05-21,2024-05-21 14:30:00,2024-05-21 14:30:00,GCM24.csv,48,GCM24.csv,3.0,2422.0,2423.3,7268.400000000001,7269.900000000001,-1.5
45434,1,30,2417.2,-3,2024-05-22,2024-05-22 01:30:00,2024-05-22 01:30:00,GCM24.csv,145,GCM24.csv,-4.0,2417.7,2416.2,9668.8,9664.8,-4.0
45434,3,30,2416.0,1,2024-05-22,2024-05-22 03:30:00,2024-05-22 03:30:00,GCM24.csv,151,GCM24.csv,4.0,2418.3,2418.3,9664.0,9673.2,-9.200000000000728
45434,4,30,2414.0,3,2024-05-22,2024-05-22 04:30:00,2024-05-22 04:30:00,GCM24.csv,266,GCM24.csv,2.0,2415.0,2415.0,4828.0,4830.0,-2.0
45434,6,0,2420.9,7,2024-05-22,2024-05-22 06:00:00,2024-05-22 06:00:00,GCM24.csv,102,GCM24.csv,4.0,2421.0,2421.0,9683.6,9684.0,-0.3999999999996362
45434,8,30,2418.5,5,2024-05-22,2024-05-22 08:30:00,2024-05-22 08:30:00,GCM24.csv,255,GCM24.csv,-2.0,2416.7000000000003,2416.7000000000003,4837.0,4833.400000000001,-3.5999999999994543
45434,9,0,2415.7,6,2024-05-22,2024-05-22 09:00:00,2024-05-22 09:00:00,GCM24.csv,275,GCM24.csv,1.0,2413.9,2413.9,2415.7,2413.9,1.7999999999997272
45434,9,40,2411.3,7,2024-05-22,2024-05-22 09:40:00,2024-05-22 09:40:00,GCM24.csv,279,GCM24.csv,1.0,2413.0,2413.0,2411.3,2413.0,-1.699999999999818
45434,10,0,2414.0,6,2024-05-22,2024-05-22 10:00:00,2024-05-22 10:00:00,GCM24.csv,581,GCM24.csv,-1.0,2414.2000000000003,2414.2000000000003,2414.0,2414.2000000000003,0.20000000000027285
45434,10,30,2389.5,7,2024-05-22,2024-05-22 10:30:00,2024-05-22 10:30:00,GCM24.csv,850,GCM24.csv,1.0,2386.9,2386.9,2389.5,2386.9,2.599999999999909
45434,11,0,2391.9,6,2024-05-22,2024-05-22 11:00:00,2024-05-22 11:00:00,GCM24.csv,412,GCM24.csv,-1.0,2395.4,2395.4,2391.9,2395.4,3.5
45434,14,0,2391.6,7,2024-05-22,2024-05-22 14:00:00,2024-05-22 14:00:00,GCM24.csv,502,GCM24.csv,1.0,2390.6,2390.6,2391.6,2390.6,1.0
45434,14,30,2382.5,6,2024-05-22,2024-05-22 14:30:00,2024-05-22 14:30:00,GCM24.csv,267,GCM24.csv,-1.0,2384.1,2384.1,2382.5,2384.1,1.599999999999909
45434,16,0,2382.7,5,2024-05-22,2024-05-22 16:00:00,2024-05-22 16:00:00,GCM24.csv,175,GCM24.csv,-1.0,2382.6,2382.6,2382.7,2382.6,-0.09999999999990905
45435,1,30,2372.9,3,2024-05-23,2024-05-23 01:30:00,2024-05-23 01:30:00,GCM24.csv,114,GCM24.csv,-2.0,2371.3,2371.3,4745.8,4742.6,-3.199999999999818
45435,3,30,2365.3,5,2024-05-23,2024-05-23 03:30:00,2024-05-23 03:30:00,GCM24.csv,122,GCM24.csv,2.0,2363.0,2363.0,4730.6,4726.0,4.600000000000364
45435,4,30,2358.6,2,2024-05-23,2024-05-23 04:30:00,2024-05-23 04:30:00,GCM24.csv,151,GCM24.csv,-3.0,2361.9,2361.9,7075.799999999999,7085.700000000001,9.900000000001455
45435,6,0,2366.2,1,2024-05-23,2024-05-23 06:00:00,2024-05-23 06:00:00,GCM24.csv,55,GCM24.csv,-1.0,2367.9,2366.8,2366.2,2366.8,0.6000000000003638
45435,8,30,2368.4,4,2024-05-23,2024-05-23 08:30:00,2024-05-23 08:30:00,GCM24.csv,590,GCM24.csv,3.0,2365.7,2365.7,7105.200000000001,7097.099999999999,8.100000000001273
45435,8,40,2364.0,6,2024-05-23,2024-05-23 08:40:00,2024-05-23 08:40:00,GCM24.csv,361,GCM24.csv,2.0,2363.6,2364.7,4728.0,4729.4,-1.3999999999996362
45435,11,0,2347.6,4,2024-05-23,2024-05-23 11:00:00,2024-05-23 11:00:00,GCM24.csv,451,GCM24.csv,-2.0,2349.7000000000003,2346.8,4695.2,4693.6,-1.5999999999994543
45435,12,0,2347.7,3,2024-05-23,2024-05-23 12:00:00,2024-05-23 12:00:00,GCM24.csv,208,GCM24.csv,-1.0,2352.4,2347.7,2347.7,2347.7,-0.0
45435,14,0,2333.8,6,2024-05-23,2024-05-23 14:00:00,2024-05-23 14:00:00,GCM24.csv,308,GCM24.csv,3.0,2333.2,2333.2,7001.400000000001,6999.599999999999,1.8000000000010914
45435,16,0,2333.7,3,2024-05-23,2024-05-23 16:00:00,2024-05-23 16:00:00,GCM24.csv,218,GCM24.csv,-3.0,2334.0,2334.0,7001.099999999999,7002.0,0.9000000000005457
45436,1,30,2335.7,2,2024-05-24,2024-05-24 01:30:00,2024-05-24 01:30:00,GCM24.csv,483,GCM24.csv,-1.0,2338.1,2336.7,2335.7,2336.7,1.0
45436,3,30,2340.2,3,2024-05-24,2024-05-24 03:30:00,2024-05-24 03:30:00,GCM24.csv,27,GCM24.csv,1.0,2338.3,2338.3,2340.2,2338.3,1.8999999999996362
45436,4,30,2337.8,0,2024-05-24,2024-05-24 04:30:00,2024-05-24 04:30:00,GCM24.csv,403,GCM24.csv,-3.0,2340.3,2340.3,7013.400000000001,7020.900000000001,7.5
45436,8,30,2337.6,3,2024-05-24,2024-05-24 08:30:00,2024-05-24 08:30:00,GCM24.csv,356,GCM24.csv,3.0,2339.8,2339.8,7012.799999999999,7019.400000000001,-6.600000000001273
45436,8,40,2341.1,2,2024-05-24,2024-05-24 08:40:00,2024-05-24 08:40:00,GCM24.csv,170,GCM24.csv,-1.0,2342.3,2340.3,2341.1,2340.3,-0.7999999999997272
45436,9,0,2340.7,3,2024-05-24,2024-05-24 09:00:00,2024-05-24 09:00:00,GCM24.csv,139,GCM24.csv,1.0,2340.0,2340.0,2340.7,2340.0,0.6999999999998181
45436,9,40,2341.8,4,2024-05-24,2024-05-24 09:40:00,2024-05-24 09:40:00,GCM24.csv,1137,GCM24.csv,1.0,2342.8,2342.8,2341.8,2342.8,-1.0
45436,9,50,2340.8,6,2024-05-24,2024-05-24 09:50:00,2024-05-24 09:50:00,GCM24.csv,441,GCM24.csv,2.0,2339.4,2339.4,4681.6,4678.8,2.800000000000182
45436,10,0,2339.7,5,2024-05-24,2024-05-24 10:00:00,2024-05-24 10:00:00,GCM24.csv,825,GCM24.csv,-1.0,2344.2000000000003,2344.2000000000003,2339.7,2344.2000000000003,4.500000000000455
45436,10,10,2341.8,3,2024-05-24,2024-05-24 10:10:00,2024-05-24 10:10:00,GCM24.csv,174,GCM24.csv,-2.0,2341.0,2341.0,4683.6,4682.0,-1.6000000000003638
45436,10,30,2337.9,4,2024-05-24,2024-05-24 10:30:00,2024-05-24 10:30:00,GCM24.csv,196,GCM24.csv,1.0,2338.5,2338.5,2337.9,2338.5,-0.599999999999909
45436,12,0,2336.0,5,2024-05-24,2024-05-24 12:00:00,2024-05-24 12:00:00,GCM24.csv,165,GCM24.csv,1.0,2333.8,2335.4,2336.0,2335.4,0.599999999999909
45436,14,30,2336.3,4,2024-05-24,2024-05-24 14:30:00,2024-05-24 14:30:00,GCM24.csv,15,GCM24.csv,-1.0,2337.4,2337.4,2336.3,2337.4,1.099999999999909
45436,16,30,2335.7,0,2024-05-24,2024-05-24 16:30:00,2024-05-24 16:30:00,GCM24.csv,31,GCM24.csv,-4.0,2335.6,2335.6,9342.8,9342.4,-0.3999999999996362
45439,4,30,2343.8,-4,2024-05-27,2024-05-27 04:30:00,2024-05-27 04:30:00,GCM24.csv,129,GCM24.csv,-4.0,2344.4,2344.4,9375.2,9377.6,2.399999999999636
45439,8,30,2350.4,0,2024-05-27,2024-05-27 08:30:00,2024-05-27 08:30:00,GCM24.csv,144,GCM24.csv,4.0,2350.2000000000003,2350.2000000000003,9401.6,9400.800000000001,0.7999999999992724
45439,9,30,2351.8,-1,2024-05-27,2024-05-27 09:30:00,2024-05-27 09:30:00,GCM24.csv,114,GCM24.csv,-1.0,2353.0,2353.0,2351.8,2353.0,1.199999999999818
45439,10,10,2357.6,0,2024-05-27,2024-05-27 10:10:00,2024-05-27 10:10:00,GCM24.csv,79,GCM24.csv,1.0,2357.0,2358.1,2357.6,2358.1,-0.5
45439,12,0,2353.7,2,2024-05-27,2024-05-27 12:00:00,2024-05-27 12:00:00,GCM24.csv,42,GCM24.csv,2.0,2353.1,2354.9,4707.4,4709.8,-2.4000000000005457
45439,14,0,2356.3,1,2024-05-27,2024-05-27 14:00:00,2024-05-27 14:00:00,GCM24.csv,34,GCM24.csv,-1.0,2356.9,2354.3,2356.3,2354.3,-2.0
45439,16,0,2352.5,2,2024-05-27,2024-05-27 16:00:00,2024-05-27 16:00:00,GCM24.csv,74,GCM24.csv,1.0,2353.3,2353.5,2352.5,2353.5,-1.0
45440,1,30,2352.5,1,2024-05-28,2024-05-28 01:30:00,2024-05-28 01:30:00,GCM24.csv,91,GCM24.csv,-1.0,2353.2,2353.2,2352.5,2353.2,0.6999999999998181
45440,3,30,2344.1,2,2024-05-28,2024-05-28 03:30:00,2024-05-28 03:30:00,GCM24.csv,84,GCM24.csv,1.0,2344.3,2344.3,2344.1,2344.3,-0.20000000000027285
45440,4,30,2342.0,-2,2024-05-28,2024-05-28 04:30:00,2024-05-28 04:30:00,GCM24.csv,28,GCM24.csv,-4.0,2343.3,2343.3,9368.0,9373.2,5.200000000000728
45440,6,0,2344.6,0,2024-05-28,2024-05-28 06:00:00,2024-05-28 06:00:00,GCQ24.csv,13,GCM24.csv,2.0,2344.7,2344.7,4689.2,4689.4,-0.1999999999998181
45440,8,30,2355.5,4,2024-05-28,2024-05-28 08:30:00,2024-05-28 08:30:00,GCM24.csv,328,GCM24.csv,4.0,2356.0,2356.0,9422.0,9424.0,-2.0
45440,9,0,2354.2,5,2024-05-28,2024-05-28 09:00:00,2024-05-28 09:00:00,GCM24.csv,456,GCM24.csv,1.0,2354.2,2354.2,2354.2,2354.2,0.0
45440,9,20,2362.2,3,2024-05-28,2024-05-28 09:20:00,2024-05-28 09:20:00,GCM24.csv,623,GCM24.csv,-2.0,2363.2000000000003,2363.2000000000003,4724.4,4726.400000000001,2.0000000000009095
45440,9,30,2362.3,1,2024-05-28,2024-05-28 09:30:00,2024-05-28 09:30:00,GCM24.csv,537,GCM24.csv,-2.0,2362.0,2362.0,4724.6,4724.0,-0.6000000000003638
45440,9,40,2359.2,3,2024-05-28,2024-05-28 09:40:00,2024-05-28 09:40:00,GCM24.csv,183,GCM24.csv,2.0,2355.1,2355.1,4718.4,4710.2,8.199999999999818
45440,9,50,2355.9,6,2024-05-28,2024-05-28 09:50:00,2024-05-28 09:50:00,GCM24.csv,218,GCM24.csv,3.0,2353.6,2353.6,7067.700000000001,7060.799999999999,6.900000000001455
45440,10,0,2355.0,7,2024-05-28,2024-05-28 10:00:00,2024-05-28 10:00:00,GCM24.csv,1258,GCM24.csv,1.0,2349.3,2349.3,2355.0,2349.3,5.699999999999818
45440,10,10,2352.2,6,2024-05-28,2024-05-28 10:10:00,2024-05-28 10:10:00,GCM24.csv,298,GCM24.csv,-1.0,2351.1,2351.1,2352.2,2351.1,-1.099999999999909
45440,10,20,2350.5,5,2024-05-28,2024-05-28 10:20:00,2024-05-28 10:20:00,GCM24.csv,264,GCM24.csv,-1.0,2355.5,2353.1,2350.5,2353.1,2.599999999999909
45440,10,30,2353.8,3,2024-05-28,2024-05-28 10:30:00,2024-05-28 10:30:00,GCM24.csv,198,GCM24.csv,-2.0,2356.8,2354.3,4707.6,4708.6,1.0
45440,11,0,2356.3,2,2024-05-28,2024-05-28 11:00:00,2024-05-28 11:00:00,GCM24.csv,156,GCM24.csv,-1.0,2356.6,2356.6,2356.3,2356.6,0.29999999999972715
45440,12,0,2361.2,0,2024-05-28,2024-05-28 12:00:00,2024-05-28 12:00:00,GCM24.csv,169,GCM24.csv,-2.0,2361.7000000000003,2361.7000000000003,4722.4,4723.400000000001,1.0000000000009095
45440,14,30,2354.7,2,2024-05-28,2024-05-28 14:30:00,2024-05-28 14:30:00,GCM24.csv,39,GCM24.csv,2.0,2352.9,2354.5,4709.4,4709.0,0.3999999999996362
45441,1,30,2359.1,1,2024-05-29,2024-05-29 01:30:00,2024-05-29 01:30:00,GCQ24.csv,133,GCQ24.csv,-1.0,2384.5,2383.3,2359.1,2383.3,24.200000000000273
45441,3,30,2353.8,2,2024-05-29,2024-05-29 03:30:00,2024-05-29 03:30:00,GCQ24.csv,33,GCQ24.csv,1.0,2374.1000000000004,2375.2,2353.8,2375.2,-21.399999999999636
45441,4,30,2348.2,-1,2024-05-29,2024-05-29 04:30:00,2024-05-29 04:30:00,GCQ24.csv,159,GCQ24.csv,-3.0,2371.5,2371.5,7044.599999999999,7114.5,69.90000000000055
45441,6,0,2346.1,-2,2024-05-29,2024-05-29 06:00:00,2024-05-29 06:00:00,GCQ24.csv,222,GCQ24.csv,-1.0,2367.9,2367.9,2346.1,2367.9,21.800000000000182
45441,8,30,2342.2,1,2024-05-29,2024-05-29 08:30:00,2024-05-29 08:30:00,GCQ24.csv,101,GCQ24.csv,3.0,2364.6000000000004,2364.6000000000004,7026.599999999999,7093.800000000001,-67.20000000000164
45441,9,0,2337.7,2,2024-05-29,2024-05-29 09:00:00,2024-05-29 09:00:00,GCQ24.csv,414,GCQ24.csv,1.0,2364.3,2364.3,2337.7,2364.3,-26.600000000000364
45441,9,20,2344.0,1,2024-05-29,2024-05-29 09:20:00,2024-05-29 09:20:00,GCQ24.csv,99,GCQ24.csv,-1.0,2368.8,2368.8,2344.0,2368.8,24.800000000000182
45441,9,40,2347.5,0,2024-05-29,2024-05-29 09:40:00,2024-05-29 09:40:00,GCM24.csv,708,GCQ24.csv,-1.0,2364.7000000000003,2364.7000000000003,2347.5,2364.7000000000003,17.200000000000273
45441,9,50,2343.2,-1,2024-05-29,2024-05-29 09:50:00,2024-05-29 09:50:00,GCQ24.csv,270,GCQ24.csv,-1.0,2368.5,2368.5,2343.2,2368.5,25.300000000000182
45441,10,0,2346.1,0,2024-05-29,2024-05-29 10:00:00,2024-05-29 10:00:00,GCQ24.csv,347,GCQ24.csv,1.0,2366.3,2366.3,2346.1,2366.3,-20.200000000000273
45441,10,10,2345.7,1,2024-05-29,2024-05-29 10:10:00,2024-05-29 10:10:00,GCQ24.csv,166,GCQ24.csv,1.0,2367.3,2367.3,2345.7,2367.3,-21.600000000000364
45441,10,30,2344.5,3,2024-05-29,2024-05-29 10:30:00,2024-05-29 10:30:00,GCQ24.csv,192,GCQ24.csv,2.0,2367.0,2367.0,4689.0,4734.0,-45.0
45441,12,0,2339.0,5,2024-05-29,2024-05-29 12:00:00,2024-05-29 12:00:00,GCQ24.csv,73,GCQ24.csv,2.0,2360.8,2360.8,4678.0,4721.6,-43.600000000000364
45441,14,0,2343.3,3,2024-05-29,2024-05-29 14:00:00,2024-05-29 14:00:00,GCQ24.csv,54,GCQ24.csv,-2.0,2367.0,2366.1,4686.6,4732.2,45.599999999999454
45441,14,30,2341.4,1,2024-05-29,2024-05-29 14:30:00,2024-05-29 14:30:00,GCQ24.csv,16,GCQ24.csv,-2.0,2364.0,2364.0,4682.8,4728.0,45.19999999999982
45441,16,0,2336.4,3,2024-05-29,2024-05-29 16:00:00,2024-05-29 16:00:00,GCQ24.csv,43,GCQ24.csv,2.0,2359.8,2359.8,4672.8,4719.6,-46.80000000000018
45442,1,30,2330.3,2,2024-05-30,2024-05-30 01:30:00,2024-05-30 01:30:00,GCQ24.csv,328,GCQ24.csv,-1.0,2348.6,2348.6,2330.3,2348.6,18.299999999999727
45442,3,30,2334.2,3,2024-05-30,2024-05-30 03:30:00,2024-05-30 03:30:00,GCQ24.csv,74,GCQ24.csv,1.0,2353.8,2354.2,2334.2,2354.2,-20.0
45442,4,30,2332.6,-1,2024-05-30,2024-05-30 04:30:00,2024-05-30 04:30:00,GCQ24.csv,60,GCQ24.csv,-4.0,2356.2,2356.2,9330.4,9424.8,94.39999999999964
45442,6,0,2331.1,-2,2024-05-30,2024-05-30 06:00:00,2024-05-30 06:00:00,GCQ24.csv,68,GCQ24.csv,-1.0,2354.3,2354.3,2331.1,2354.3,23.200000000000273
45442,8,30,2336.4,2,2024-05-30,2024-05-30 08:30:00,2024-05-30 08:30:00,GCQ24.csv,1209,GCQ24.csv,4.0,2364.8,2364.8,9345.6,9459.2,-113.60000000000036
45442,8,40,2341.4,1,2024-05-30,2024-05-30 08:40:00,2024-05-30 08:40:00,GCQ24.csv,282,GCQ24.csv,-1.0,2363.9,2363.9,2341.4,2363.9,22.5
45442,9,0,2339.2,2,2024-05-30,2024-05-30 09:00:00,2024-05-30 09:00:00,GCQ24.csv,312,GCQ24.csv,1.0,2363.8,2363.8,2339.2,2363.8,-24.600000000000364
45442,9,50,2345.1,1,2024-05-30,2024-05-30 09:50:00,2024-05-30 09:50:00,GCQ24.csv,301,GCQ24.csv,-1.0,2369.0,2369.0,2345.1,2369.0,23.90000000000009
45442,10,10,2347.1,2,2024-05-30,2024-05-30 10:10:00,2024-05-30 10:10:00,GCQ24.csv,157,GCQ24.csv,1.0,2368.6,2368.6,2347.1,2368.6,-21.5
45442,10,30,2346.5,0,2024-05-30,2024-05-30 10:30:00,2024-05-30 10:30:00,GCQ24.csv,322,GCQ24.csv,-2.0,2371.0,2371.0,4693.0,4742.0,49.0
45442,12,0,2341.7,1,2024-05-30,2024-05-30 12:00:00,2024-05-30 12:00:00,GCQ24.csv,107,GCQ24.csv,1.0,2361.8,2363.3,2341.7,2363.3,-21.600000000000364
45442,14,30,2340.1,3,2024-05-30,2024-05-30 14:30:00,2024-05-30 14:30:00,GCQ24.csv,41,GCQ24.csv,2.0,2363.9,2363.9,4680.2,4727.8,-47.600000000000364
45443,1,30,2363.6,2,2024-05-31,2024-05-31 01:30:00,2024-05-31 01:30:00,GCQ24.csv,238,GCQ24.csv,-1.0,2364.2,2364.2,2363.6,2364.2,0.599999999999909
45443,3,30,2364.4,3,2024-05-31,2024-05-31 03:30:00,2024-05-31 03:30:00,GCQ24.csv,151,GCQ24.csv,1.0,2363.8,2363.8,2364.4,2363.8,0.599999999999909
45443,4,30,2362.8,4,2024-05-31,2024-05-31 04:30:00,2024-05-31 04:30:00,GCQ24.csv,42,GCQ24.csv,1.0,2362.2000000000003,2363.7,2362.8,2363.7,-0.8999999999996362
45443,6,0,2363.1,6,2024-05-31,2024-05-31 06:00:00,2024-05-31 06:00:00,GCQ24.csv,41,GCQ24.csv,2.0,2362.5,2362.5,4726.2,4725.0,1.199999999999818
45443,8,30,2366.2,5,2024-05-31,2024-05-31 08:30:00,2024-05-31 08:30:00,GCQ24.csv,1519,GCQ24.csv,-1.0,2366.8,2366.8,2366.2,2366.8,0.6000000000003638
45443,9,0,2377.0,3,2024-05-31,2024-05-31 09:00:00,2024-05-31 09:00:00,GCQ24.csv,977,GCQ24.csv,-2.0,2377.7,2377.7,4754.0,4755.4,1.3999999999996362
45443,9,20,2376.0,6,2024-05-31,2024-05-31 09:20:00,2024-05-31 09:20:00,GCQ24.csv,166,GCQ24.csv,3.0,2375.2,2375.2,7128.0,7125.599999999999,2.4000000000005457
45443,9,50,2376.6,3,2024-05-31,2024-05-31 09:50:00,2024-05-31 09:50:00,GCQ24.csv,465,GCQ24.csv,-3.0,2377.3,2367.3,7129.799999999999,7101.900000000001,-27.899999999998727
45443,10,10,2367.2,6,2024-05-31,2024-05-31 10:10:00,2024-05-31 10:10:00,GCQ24.csv,866,GCQ24.csv,3.0,2366.3,2366.3,7101.599999999999,7098.900000000001,2.6999999999989086
45443,10,30,2362.8,4,2024-05-31,2024-05-31 10:30:00,2024-05-31 10:30:00,GCQ24.csv,150,GCQ24.csv,-2.0,2363.7000000000003,2360.2,4725.6,4720.4,-5.200000000000728
45443,11,0,2355.8,3,2024-05-31,2024-05-31 11:00:00,2024-05-31 11:00:00,GCQ24.csv,624,GCQ24.csv,-1.0,2356.7000000000003,2356.7000000000003,2355.8,2356.7000000000003,0.900000000000091
45443,12,0,2351.1,2,2024-05-31,2024-05-31 12:00:00,2024-05-31 12:00:00,GCQ24.csv,166,GCQ24.csv,-1.0,2352.0,2352.0,2351.1,2352.0,0.900000000000091
45443,14,0,2346.9,4,2024-05-31,2024-05-31 14:00:00,2024-05-31 14:00:00,GCQ24.csv,117,GCQ24.csv,2.0,2346.0,2346.0,4693.8,4692.0,1.800000000000182
45443,14,30,2347.0,6,2024-05-31,2024-05-31 14:30:00,2024-05-31 14:30:00,GCQ24.csv,70,GCQ24.csv,2.0,2346.1,2346.1,4694.0,4692.2,1.800000000000182
45443,16,0,2348.2,4,2024-05-31,2024-05-31 16:00:00,2024-05-31 16:00:00,GCQ24.csv,184,GCQ24.csv,-2.0,2348.9,2348.9,4696.4,4697.8,1.4000000000005457
45443,16,30,2348.8,0,2024-05-31,2024-05-31 16:30:00,2024-05-31 16:30:00,GCQ24.csv,26,GCQ24.csv,-4.0,2349.5,2349.5,9395.2,9398.0,2.7999999999992724
