,day,hour,min,price,inventory,date,timestamp,minute,main_contract,main_volume,main_contract_clean,signal,opti_price
0,45293,1,30,2084.4,-1,2024-01-02,2024-01-02 01:30:00,2024-01-02 01:30:00,GCG24.csv,90,GCG24.csv,-1.0,2084.7000000000003
1,45293,3,30,2081.5,0,2024-01-02,2024-01-02 03:30:00,2024-01-02 03:30:00,GCG24.csv,67,GCG24.csv,1.0,2081.2
2,45293,4,30,2083.7,2,2024-01-02,2024-01-02 04:30:00,2024-01-02 04:30:00,GCG24.csv,55,GCG24.csv,2.0,2083.3999999999996
3,45293,6,0,2085.1,6,2024-01-02,2024-01-02 06:00:00,2024-01-02 06:00:00,GCG24.csv,164,GCG24.csv,4.0,2084.7999999999997
4,45293,8,30,2075.8,4,2024-01-02,2024-01-02 08:30:00,2024-01-02 08:30:00,GCG24.csv,169,GCG24.csv,-2.0,2076.2000000000003
5,45293,9,0,2074.9,6,2024-01-02,2024-01-02 09:00:00,2024-01-02 09:00:00,GCG24.csv,208,GCG24.csv,2.0,2074.6
6,45293,10,30,2073.5,8,2024-01-02,2024-01-02 10:30:00,2024-01-02 10:30:00,GCG24.csv,194,GCG24.csv,2.0,2073.2
7,45293,11,0,2068.2,6,2024-01-02,2024-01-02 11:00:00,2024-01-02 11:00:00,GCG24.csv,529,GCG24.csv,-2.0,2068.6
8,45293,12,0,2074.9,8,2024-01-02,2024-01-02 12:00:00,2024-01-02 12:00:00,GCG24.csv,69,GCG24.csv,2.0,2074.6
9,45293,14,30,2070.3,6,2024-01-02,2024-01-02 14:30:00,2024-01-02 14:30:00,GCG24.csv,30,GCG24.csv,-2.0,2070.6000000000004
10,45294,4,30,2067.0,4,2024-01-03,2024-01-03 04:30:00,2024-01-03 04:30:00,GCG24.csv,88,GCG24.csv,-2.0,2067.4
11,45294,6,0,2063.1,3,2024-01-03,2024-01-03 06:00:00,2024-01-03 06:00:00,GCG24.csv,104,GCG24.csv,-1.0,2063.5
12,45294,8,30,2050.8,5,2024-01-03,2024-01-03 08:30:00,2024-01-03 08:30:00,GCG24.csv,368,GCG24.csv,2.0,2050.4
13,45294,9,20,2044.4,6,2024-01-03,2024-01-03 09:20:00,2024-01-03 09:20:00,GCG24.csv,331,GCG24.csv,1.0,2044.0
14,45294,9,40,2042.8,5,2024-01-03,2024-01-03 09:40:00,2024-01-03 09:40:00,GCG24.csv,300,GCG24.csv,-1.0,2043.2
15,45294,10,10,2052.3,2,2024-01-03,2024-01-03 10:10:00,2024-01-03 10:10:00,GCG24.csv,499,GCG24.csv,-3.0,2052.7000000000003
16,45294,10,30,2045.4,5,2024-01-03,2024-01-03 10:30:00,2024-01-03 10:30:00,GCG24.csv,277,GCG24.csv,3.0,2045.0
17,45294,14,0,2043.7,3,2024-01-03,2024-01-03 14:00:00,2024-01-03 14:00:00,GCG24.csv,513,GCG24.csv,-2.0,2044.0
18,45294,16,0,2049.5,5,2024-01-03,2024-01-03 16:00:00,2024-01-03 16:00:00,GCG24.csv,95,GCG24.csv,2.0,2049.2
19,45295,4,30,2054.3,2,2024-01-04,2024-01-04 04:30:00,2024-01-04 04:30:00,GCG24.csv,107,GCG24.csv,-3.0,2054.7000000000003
20,45295,6,0,2055.2,3,2024-01-04,2024-01-04 06:00:00,2024-01-04 06:00:00,GCG24.csv,90,GCG24.csv,1.0,2054.8999999999996
21,45295,8,30,2049.7,6,2024-01-04,2024-01-04 08:30:00,2024-01-04 08:30:00,GCG24.csv,717,GCG24.csv,3.0,2049.3999999999996
22,45295,10,30,2054.3,2,2024-01-04,2024-01-04 10:30:00,2024-01-04 10:30:00,GCG24.csv,588,GCG24.csv,-4.0,2054.7000000000003
23,45295,10,50,2052.3,4,2024-01-04,2024-01-04 10:50:00,2024-01-04 10:50:00,GCG24.csv,130,GCG24.csv,2.0,2052.0
24,45295,12,0,2052.1,1,2024-01-04,2024-01-04 12:00:00,2024-01-04 12:00:00,GCG24.csv,87,GCG24.csv,-3.0,2052.5
25,45295,14,0,2050.6,-1,2024-01-04,2024-01-04 14:00:00,2024-01-04 14:00:00,GCG24.csv,97,GCG24.csv,-2.0,2050.9
26,45295,14,30,2050.3,1,2024-01-04,2024-01-04 14:30:00,2024-01-04 14:30:00,GCG24.csv,21,GCG24.csv,2.0,2050.0
27,45295,16,0,2051.1,3,2024-01-04,2024-01-04 16:00:00,2024-01-04 16:00:00,GCG24.csv,37,GCG24.csv,2.0,2050.7999999999997
28,45296,1,30,2049.1,2,2024-01-05,2024-01-05 01:30:00,2024-01-05 01:30:00,GCG24.csv,59,GCG24.csv,-1.0,2049.4
29,45296,3,30,2049.6,3,2024-01-05,2024-01-05 03:30:00,2024-01-05 03:30:00,GCG24.csv,80,GCG24.csv,1.0,2049.2999999999997
30,45296,4,30,2048.9,0,2024-01-05,2024-01-05 04:30:00,2024-01-05 04:30:00,GCG24.csv,30,GCG24.csv,-3.0,2049.2000000000003
31,45296,8,30,2042.8,3,2024-01-05,2024-01-05 08:30:00,2024-01-05 08:30:00,GCG24.csv,4457,GCG24.csv,3.0,2042.5
32,45296,9,0,2047.2,2,2024-01-05,2024-01-05 09:00:00,2024-01-05 09:00:00,GCG24.csv,720,GCG24.csv,-1.0,2047.6000000000001
33,45296,9,10,2048.4,1,2024-01-05,2024-01-05 09:10:00,2024-01-05 09:10:00,GCG24.csv,409,GCG24.csv,-1.0,2048.8
34,45296,9,20,2049.7,3,2024-01-05,2024-01-05 09:20:00,2024-01-05 09:20:00,GCG24.csv,193,GCG24.csv,2.0,2049.2999999999997
35,45296,9,30,2054.0,4,2024-01-05,2024-01-05 09:30:00,2024-01-05 09:30:00,GCG24.csv,529,GCG24.csv,1.0,2053.6
36,45296,9,40,2050.0,6,2024-01-05,2024-01-05 09:40:00,2024-01-05 09:40:00,GCG24.csv,436,GCG24.csv,2.0,2049.6
37,45296,10,0,2060.5,2,2024-01-05,2024-01-05 10:00:00,2024-01-05 10:00:00,GCG24.csv,2968,GCG24.csv,-4.0,2060.9
38,45296,10,10,2067.6,1,2024-01-05,2024-01-05 10:10:00,2024-01-05 10:10:00,GCG24.csv,1552,GCG24.csv,-1.0,2068.0
39,45296,10,20,2065.7,3,2024-01-05,2024-01-05 10:20:00,2024-01-05 10:20:00,GCG24.csv,531,GCG24.csv,2.0,2065.2999999999997
40,45296,10,30,2067.3,2,2024-01-05,2024-01-05 10:30:00,2024-01-05 10:30:00,GCG24.csv,391,GCG24.csv,-1.0,2067.7000000000003
41,45296,11,0,2061.8,1,2024-01-05,2024-01-05 11:00:00,2024-01-05 11:00:00,GCG24.csv,321,GCG24.csv,-1.0,2062.2000000000003
42,45296,12,0,2051.9,2,2024-01-05,2024-01-05 12:00:00,2024-01-05 12:00:00,GCG24.csv,281,GCG24.csv,1.0,2051.6
43,45296,14,0,2055.1,1,2024-01-05,2024-01-05 14:00:00,2024-01-05 14:00:00,GCG24.csv,93,GCG24.csv,-1.0,2055.4
44,45296,14,30,2054.2,3,2024-01-05,2024-01-05 14:30:00,2024-01-05 14:30:00,GCG24.csv,36,GCG24.csv,2.0,2053.8999999999996
45,45296,16,0,2051.3,4,2024-01-05,2024-01-05 16:00:00,2024-01-05 16:00:00,GCG24.csv,123,GCG24.csv,1.0,2051.0
46,45296,16,30,2051.8,0,2024-01-05,2024-01-05 16:30:00,2024-01-05 16:30:00,GCG24.csv,3,GCG24.csv,-4.0,2052.2000000000003
47,45299,1,30,2038.2,-2,2024-01-08,2024-01-08 01:30:00,2024-01-08 01:30:00,GCG24.csv,94,GCG24.csv,-2.0,2038.5
48,45299,3,30,2035.6,0,2024-01-08,2024-01-08 03:30:00,2024-01-08 03:30:00,GCG24.csv,163,GCG24.csv,2.0,2035.3
49,45299,4,30,2034.3,-4,2024-01-08,2024-01-08 04:30:00,2024-01-08 04:30:00,GCG24.csv,58,GCG24.csv,-4.0,2034.6
50,45299,6,0,2033.9,-6,2024-01-08,2024-01-08 06:00:00,2024-01-08 06:00:00,GCG24.csv,68,GCG24.csv,-2.0,2034.3000000000002
51,45299,8,30,2028.5,-2,2024-01-08,2024-01-08 08:30:00,2024-01-08 08:30:00,GCG24.csv,389,GCG24.csv,4.0,2028.1
52,45299,9,0,2025.3,-1,2024-01-08,2024-01-08 09:00:00,2024-01-08 09:00:00,GCG24.csv,467,GCG24.csv,1.0,2024.8999999999999
53,45299,10,30,2036.9,0,2024-01-08,2024-01-08 10:30:00,2024-01-08 10:30:00,GCG24.csv,566,GCG24.csv,1.0,2036.5
54,45299,11,0,2041.3,-1,2024-01-08,2024-01-08 11:00:00,2024-01-08 11:00:00,GCG24.csv,700,GCG24.csv,-1.0,2041.7
55,45299,14,0,2032.8,-3,2024-01-08,2024-01-08 14:00:00,2024-01-08 14:00:00,GCG24.csv,72,GCG24.csv,-2.0,2033.2
56,45299,14,30,2034.6,-4,2024-01-08,2024-01-08 14:30:00,2024-01-08 14:30:00,GCG24.csv,185,GCG24.csv,-1.0,2034.8999999999999
57,45299,16,0,2033.5,-2,2024-01-08,2024-01-08 16:00:00,2024-01-08 16:00:00,GCG24.csv,67,GCG24.csv,2.0,2033.2
58,45300,1,30,2038.7,-3,2024-01-09,2024-01-09 01:30:00,2024-01-09 01:30:00,GCG24.csv,52,GCG24.csv,-1.0,2039.0
59,45300,3,30,2037.6,-2,2024-01-09,2024-01-09 03:30:00,2024-01-09 03:30:00,GCG24.csv,125,GCG24.csv,1.0,2037.3
60,45300,6,0,2041.5,4,2024-01-09,2024-01-09 06:00:00,2024-01-09 06:00:00,GCG24.csv,89,GCG24.csv,6.0,2041.2
61,45300,9,0,2045.0,2,2024-01-09,2024-01-09 09:00:00,2024-01-09 09:00:00,GCG24.csv,185,GCG24.csv,-2.0,2045.4
62,45300,10,30,2040.4,1,2024-01-09,2024-01-09 10:30:00,2024-01-09 10:30:00,GCG24.csv,142,GCG24.csv,-1.0,2040.7
63,45300,11,0,2034.7,3,2024-01-09,2024-01-09 11:00:00,2024-01-09 11:00:00,GCG24.csv,661,GCG24.csv,2.0,2034.3
64,45300,14,0,2034.8,1,2024-01-09,2024-01-09 14:00:00,2024-01-09 14:00:00,GCG24.csv,61,GCG24.csv,-2.0,2035.1
65,45300,14,30,2034.8,2,2024-01-09,2024-01-09 14:30:00,2024-01-09 14:30:00,GCG24.csv,43,GCG24.csv,1.0,2034.5
66,45300,16,0,2034.6,4,2024-01-09,2024-01-09 16:00:00,2024-01-09 16:00:00,GCG24.csv,55,GCG24.csv,2.0,2034.3
67,45301,1,30,2031.6,0,2024-01-10,2024-01-10 01:30:00,2024-01-10 01:30:00,GCG24.csv,32,GCG24.csv,-4.0,2031.8999999999999
68,45301,3,30,2040.2,4,2024-01-10,2024-01-10 03:30:00,2024-01-10 03:30:00,GCG24.csv,246,GCG24.csv,4.0,2039.9
69,45301,6,0,2040.7,1,2024-01-10,2024-01-10 06:00:00,2024-01-10 06:00:00,GCG24.csv,155,GCG24.csv,-3.0,2041.0
70,45301,9,0,2035.8,0,2024-01-10,2024-01-10 09:00:00,2024-01-10 09:00:00,GCG24.csv,143,GCG24.csv,-1.0,2036.1
71,45301,9,50,2032.9,1,2024-01-10,2024-01-10 09:50:00,2024-01-10 09:50:00,GCG24.csv,287,GCG24.csv,1.0,2032.5
72,45301,10,10,2032.1,0,2024-01-10,2024-01-10 10:10:00,2024-01-10 10:10:00,GCG24.csv,205,GCG24.csv,-1.0,2032.5
73,45301,10,30,2031.5,3,2024-01-10,2024-01-10 10:30:00,2024-01-10 10:30:00,GCG24.csv,278,GCG24.csv,3.0,2031.2
74,45301,11,0,2033.4,4,2024-01-10,2024-01-10 11:00:00,2024-01-10 11:00:00,GCG24.csv,197,GCG24.csv,1.0,2033.1000000000001
75,45301,12,0,2032.6,1,2024-01-10,2024-01-10 12:00:00,2024-01-10 12:00:00,GCG24.csv,160,GCG24.csv,-3.0,2032.8999999999999
76,45301,14,0,2029.2,0,2024-01-10,2024-01-10 14:00:00,2024-01-10 14:00:00,GCG24.csv,64,GCG24.csv,-1.0,2029.5
77,45301,14,30,2028.1,-3,2024-01-10,2024-01-10 14:30:00,2024-01-10 14:30:00,GCG24.csv,222,GCG24.csv,-3.0,2028.3999999999999
78,45301,16,0,2029.0,-2,2024-01-10,2024-01-10 16:00:00,2024-01-10 16:00:00,GCG24.csv,106,GCG24.csv,1.0,2028.7
79,45302,1,30,2038.7,2,2024-01-11,2024-01-11 01:30:00,2024-01-11 01:30:00,GCG24.csv,33,GCG24.csv,4.0,2038.4
80,45302,3,30,2038.0,-2,2024-01-11,2024-01-11 03:30:00,2024-01-11 03:30:00,GCG24.csv,105,GCG24.csv,-4.0,2038.3
81,45302,4,30,2035.4,-5,2024-01-11,2024-01-11 04:30:00,2024-01-11 04:30:00,GCG24.csv,57,GCG24.csv,-3.0,2035.7
82,45302,6,0,2036.4,-1,2024-01-11,2024-01-11 06:00:00,2024-01-11 06:00:00,GCG24.csv,28,GCG24.csv,4.0,2036.1000000000001
83,45302,8,30,2053.6,2,2024-01-11,2024-01-11 08:30:00,2024-01-11 08:30:00,GCG24.csv,4848,GCG24.csv,3.0,2053.2
84,45302,9,0,2033.5,1,2024-01-11,2024-01-11 09:00:00,2024-01-11 09:00:00,GCG24.csv,423,GCG24.csv,-1.0,2033.9
85,45302,9,40,2036.4,0,2024-01-11,2024-01-11 09:40:00,2024-01-11 09:40:00,GCG24.csv,565,GCG24.csv,-1.0,2036.7
86,45302,10,0,2034.0,1,2024-01-11,2024-01-11 10:00:00,2024-01-11 10:00:00,GCG24.csv,577,GCG24.csv,1.0,2033.6
87,45302,10,30,2035.3,0,2024-01-11,2024-01-11 10:30:00,2024-01-11 10:30:00,GCG24.csv,922,GCG24.csv,-1.0,2035.6
88,45302,11,0,2033.5,1,2024-01-11,2024-01-11 11:00:00,2024-01-11 11:00:00,GCG24.csv,194,GCG24.csv,1.0,2033.2
89,45302,12,0,2020.7,6,2024-01-11,2024-01-11 12:00:00,2024-01-11 12:00:00,GCG24.csv,363,GCG24.csv,5.0,2020.3
90,45302,14,0,2021.1,3,2024-01-11,2024-01-11 14:00:00,2024-01-11 14:00:00,GCG24.csv,283,GCG24.csv,-3.0,2021.3999999999999
91,45302,14,30,2028.9,4,2024-01-11,2024-01-11 14:30:00,2024-01-11 14:30:00,GCG24.csv,598,GCG24.csv,1.0,2028.6000000000001
92,45302,16,0,2032.1,7,2024-01-11,2024-01-11 16:00:00,2024-01-11 16:00:00,GCG24.csv,78,GCG24.csv,3.0,2031.8
93,45303,6,0,2050.7,2,2024-01-12,2024-01-12 06:00:00,2024-01-12 06:00:00,GCG24.csv,450,GCG24.csv,-5.0,2051.0
94,45303,8,40,2059.3,0,2024-01-12,2024-01-12 08:40:00,2024-01-12 08:40:00,GCG24.csv,482,GCG24.csv,-2.0,2059.6000000000004
95,45303,9,0,2061.2,1,2024-01-12,2024-01-12 09:00:00,2024-01-12 09:00:00,GCG24.csv,484,GCG24.csv,1.0,2060.7999999999997
96,45303,9,20,2060.0,4,2024-01-12,2024-01-12 09:20:00,2024-01-12 09:20:00,GCG24.csv,452,GCG24.csv,3.0,2059.6
97,45303,10,0,2061.0,5,2024-01-12,2024-01-12 10:00:00,2024-01-12 10:00:00,GCG24.csv,786,GCG24.csv,1.0,2060.6
98,45303,10,20,2062.6,4,2024-01-12,2024-01-12 10:20:00,2024-01-12 10:20:00,GCG24.csv,208,GCG24.csv,-1.0,2063.0
99,45303,10,30,2062.9,1,2024-01-12,2024-01-12 10:30:00,2024-01-12 10:30:00,GCG24.csv,543,GCG24.csv,-3.0,2063.2000000000003
100,45303,11,0,2058.3,-1,2024-01-12,2024-01-12 11:00:00,2024-01-12 11:00:00,GCG24.csv,235,GCG24.csv,-2.0,2058.6000000000004
101,45303,12,0,2052.5,-3,2024-01-12,2024-01-12 12:00:00,2024-01-12 12:00:00,GCG24.csv,277,GCG24.csv,-2.0,2052.8
102,45303,14,0,2051.7,-4,2024-01-12,2024-01-12 14:00:00,2024-01-12 14:00:00,GCG24.csv,68,GCG24.csv,-1.0,2052.0
103,45303,14,30,2052.7,-1,2024-01-12,2024-01-12 14:30:00,2024-01-12 14:30:00,GCG24.csv,37,GCG24.csv,3.0,2052.3999999999996
104,45303,16,0,2051.7,0,2024-01-12,2024-01-12 16:00:00,2024-01-12 16:00:00,GCG24.csv,95,GCG24.csv,1.0,2051.3999999999996
105,45306,1,30,2060.0,1,2024-01-15,2024-01-15 01:30:00,2024-01-15 01:30:00,GCG24.csv,58,GCG24.csv,1.0,2059.7
106,45306,3,30,2060.2,0,2024-01-15,2024-01-15 03:30:00,2024-01-15 03:30:00,GCG24.csv,10,GCG24.csv,-1.0,2060.5
107,45306,4,30,2060.1,2,2024-01-15,2024-01-15 04:30:00,2024-01-15 04:30:00,GCG24.csv,25,GCG24.csv,2.0,2059.7999999999997
108,45306,6,0,2057.2,6,2024-01-15,2024-01-15 06:00:00,2024-01-15 06:00:00,GCG24.csv,35,GCG24.csv,4.0,2056.8999999999996
109,45306,8,30,2056.5,4,2024-01-15,2024-01-15 08:30:00,2024-01-15 08:30:00,GCG24.csv,63,GCG24.csv,-2.0,2056.9
110,45306,10,30,2055.8,5,2024-01-15,2024-01-15 10:30:00,2024-01-15 10:30:00,GCG24.csv,63,GCG24.csv,1.0,2055.5
111,45306,12,0,2058.3,2,2024-01-15,2024-01-15 12:00:00,2024-01-15 12:00:00,GCG24.csv,36,GCG24.csv,-3.0,2058.7000000000003
112,45306,14,30,2059.0,1,2024-01-15,2024-01-15 14:30:00,2024-01-15 14:30:00,GCG24.csv,68,GCG24.csv,-1.0,2059.4
113,45307,1,30,2052.9,2,2024-01-16,2024-01-16 01:30:00,2024-01-16 01:30:00,GCG24.csv,27,GCG24.csv,1.0,2052.6
114,45307,3,30,2051.3,1,2024-01-16,2024-01-16 03:30:00,2024-01-16 03:30:00,GCG24.csv,200,GCG24.csv,-1.0,2051.7000000000003
115,45307,4,30,2043.7,-2,2024-01-16,2024-01-16 04:30:00,2024-01-16 04:30:00,GCG24.csv,75,GCG24.csv,-3.0,2044.1000000000001
116,45307,6,0,2044.5,-4,2024-01-16,2024-01-16 06:00:00,2024-01-16 06:00:00,GCG24.csv,76,GCG24.csv,-2.0,2044.8
117,45307,8,30,2037.9,-1,2024-01-16,2024-01-16 08:30:00,2024-01-16 08:30:00,GCG24.csv,1587,GCG24.csv,3.0,2037.5
118,45307,9,0,2041.5,-3,2024-01-16,2024-01-16 09:00:00,2024-01-16 09:00:00,GCG24.csv,391,GCG24.csv,-2.0,2041.9
119,45307,10,30,2042.6,0,2024-01-16,2024-01-16 10:30:00,2024-01-16 10:30:00,GCG24.csv,113,GCG24.csv,3.0,2042.3
120,45307,11,0,2044.9,2,2024-01-16,2024-01-16 11:00:00,2024-01-16 11:00:00,GCG24.csv,2945,GCG24.csv,2.0,2044.6000000000001
121,45307,12,0,2037.0,5,2024-01-16,2024-01-16 12:00:00,2024-01-16 12:00:00,GCG24.csv,201,GCG24.csv,3.0,2036.7
122,45307,14,0,2028.6,6,2024-01-16,2024-01-16 14:00:00,2024-01-16 14:00:00,GCG24.csv,317,GCG24.csv,1.0,2028.3
123,45307,14,30,2031.1,3,2024-01-16,2024-01-16 14:30:00,2024-01-16 14:30:00,GCG24.csv,64,GCG24.csv,-3.0,2031.3999999999999
124,45307,16,0,2031.8,2,2024-01-16,2024-01-16 16:00:00,2024-01-16 16:00:00,GCG24.csv,73,GCG24.csv,-1.0,2032.2
125,45308,1,30,2020.7,0,2024-01-17,2024-01-17 01:30:00,2024-01-17 01:30:00,GCG24.csv,57,GCG24.csv,-2.0,2021.1000000000001
126,45308,3,30,2027.2,2,2024-01-17,2024-01-17 03:30:00,2024-01-17 03:30:00,GCG24.csv,81,GCG24.csv,2.0,2026.9
127,45308,4,30,2023.6,-2,2024-01-17,2024-01-17 04:30:00,2024-01-17 04:30:00,GCG24.csv,161,GCG24.csv,-4.0,2023.8999999999999
128,45308,8,30,2025.4,2,2024-01-17,2024-01-17 08:30:00,2024-01-17 08:30:00,GCG24.csv,2065,GCG24.csv,4.0,2025.0
129,45308,8,40,2028.2,1,2024-01-17,2024-01-17 08:40:00,2024-01-17 08:40:00,GCG24.csv,404,GCG24.csv,-1.0,2028.5
130,45308,9,0,2025.8,3,2024-01-17,2024-01-17 09:00:00,2024-01-17 09:00:00,GCG24.csv,460,GCG24.csv,2.0,2025.3999999999999
131,45308,9,20,2022.3,5,2024-01-17,2024-01-17 09:20:00,2024-01-17 09:20:00,GCG24.csv,154,GCG24.csv,2.0,2021.8999999999999
132,45308,9,40,2023.6,3,2024-01-17,2024-01-17 09:40:00,2024-01-17 09:40:00,GCG24.csv,225,GCG24.csv,-2.0,2023.8999999999999
133,45308,10,0,2015.1,4,2024-01-17,2024-01-17 10:00:00,2024-01-17 10:00:00,GCG24.csv,1683,GCG24.csv,1.0,2014.6999999999998
134,45308,10,10,2016.1,5,2024-01-17,2024-01-17 10:10:00,2024-01-17 10:10:00,GCG24.csv,356,GCG24.csv,1.0,2015.6999999999998
135,45308,10,20,2013.6,4,2024-01-17,2024-01-17 10:20:00,2024-01-17 10:20:00,GCG24.csv,724,GCG24.csv,-1.0,2014.0
136,45308,11,0,2011.7,3,2024-01-17,2024-01-17 11:00:00,2024-01-17 11:00:00,GCG24.csv,212,GCG24.csv,-1.0,2012.1000000000001
137,45308,12,0,2008.4,6,2024-01-17,2024-01-17 12:00:00,2024-01-17 12:00:00,GCG24.csv,127,GCG24.csv,3.0,2008.1000000000001
138,45308,14,30,2008.3,5,2024-01-17,2024-01-17 14:30:00,2024-01-17 14:30:00,GCG24.csv,75,GCG24.csv,-1.0,2008.7
139,45309,1,30,2013.6,3,2024-01-18,2024-01-18 01:30:00,2024-01-18 01:30:00,GCG24.csv,62,GCG24.csv,-2.0,2013.8999999999999
140,45309,3,30,2013.7,5,2024-01-18,2024-01-18 03:30:00,2024-01-18 03:30:00,GCG24.csv,69,GCG24.csv,2.0,2013.4
141,45309,4,30,2013.9,0,2024-01-18,2024-01-18 04:30:00,2024-01-18 04:30:00,GCG24.csv,152,GCG24.csv,-5.0,2014.2
142,45309,6,0,2013.7,-1,2024-01-18,2024-01-18 06:00:00,2024-01-18 06:00:00,GCG24.csv,37,GCG24.csv,-1.0,2014.0
143,45309,8,30,2010.2,4,2024-01-18,2024-01-18 08:30:00,2024-01-18 08:30:00,GCG24.csv,1539,GCG24.csv,5.0,2009.9
144,45309,9,0,2011.3,5,2024-01-18,2024-01-18 09:00:00,2024-01-18 09:00:00,GCG24.csv,153,GCG24.csv,1.0,2011.0
145,45309,10,30,2016.0,7,2024-01-18,2024-01-18 10:30:00,2024-01-18 10:30:00,GCG24.csv,222,GCG24.csv,2.0,2015.7
146,45309,11,0,2015.8,6,2024-01-18,2024-01-18 11:00:00,2024-01-18 11:00:00,GCG24.csv,104,GCG24.csv,-1.0,2016.2
147,45309,12,0,2017.2,3,2024-01-18,2024-01-18 12:00:00,2024-01-18 12:00:00,GCG24.csv,229,GCG24.csv,-3.0,2017.5
148,45309,14,30,2022.0,1,2024-01-18,2024-01-18 14:30:00,2024-01-18 14:30:00,GCG24.csv,101,GCG24.csv,-2.0,2022.3
149,45310,4,30,2032.3,2,2024-01-19,2024-01-19 04:30:00,2024-01-19 04:30:00,GCG24.csv,28,GCG24.csv,1.0,2032.0
150,45310,6,0,2032.6,6,2024-01-19,2024-01-19 06:00:00,2024-01-19 06:00:00,GCG24.csv,19,GCG24.csv,4.0,2032.3
151,45310,8,30,2038.8,5,2024-01-19,2024-01-19 08:30:00,2024-01-19 08:30:00,GCG24.csv,470,GCG24.csv,-1.0,2039.1
152,45310,9,0,2037.7,1,2024-01-19,2024-01-19 09:00:00,2024-01-19 09:00:00,GCG24.csv,175,GCG24.csv,-4.0,2038.1000000000001
153,45310,9,40,2030.7,2,2024-01-19,2024-01-19 09:40:00,2024-01-19 09:40:00,GCG24.csv,725,GCG24.csv,1.0,2030.3
154,45310,9,50,2029.5,4,2024-01-19,2024-01-19 09:50:00,2024-01-19 09:50:00,GCG24.csv,257,GCG24.csv,2.0,2029.1
155,45310,10,0,2033.9,3,2024-01-19,2024-01-19 10:00:00,2024-01-19 10:00:00,GCG24.csv,1801,GCG24.csv,-1.0,2034.2
156,45310,10,10,2028.2,1,2024-01-19,2024-01-19 10:10:00,2024-01-19 10:10:00,GCG24.csv,315,GCG24.csv,-2.0,2028.6000000000001
157,45310,11,0,2029.8,5,2024-01-19,2024-01-19 11:00:00,2024-01-19 11:00:00,GCG24.csv,191,GCG24.csv,4.0,2029.5
158,45310,16,30,2031.6,0,2024-01-19,2024-01-19 16:30:00,2024-01-19 16:30:00,GCG24.csv,18,GCG24.csv,-5.0,2032.0
159,45313,1,30,2025.8,1,2024-01-22,2024-01-22 01:30:00,2024-01-22 01:30:00,GCG24.csv,86,GCG24.csv,1.0,2025.5
160,45313,3,30,2027.0,0,2024-01-22,2024-01-22 03:30:00,2024-01-22 03:30:00,GCG24.csv,82,GCG24.csv,-1.0,2027.3
161,45313,4,30,2023.9,-3,2024-01-22,2024-01-22 04:30:00,2024-01-22 04:30:00,GCG24.csv,45,GCG24.csv,-3.0,2024.3000000000002
162,45313,8,30,2026.9,0,2024-01-22,2024-01-22 08:30:00,2024-01-22 08:30:00,GCG24.csv,342,GCG24.csv,3.0,2026.6000000000001
163,45313,10,30,2028.2,-1,2024-01-22,2024-01-22 10:30:00,2024-01-22 10:30:00,GCG24.csv,177,GCG24.csv,-1.0,2028.5
164,45313,12,0,2025.3,-4,2024-01-22,2024-01-22 12:00:00,2024-01-22 12:00:00,GCG24.csv,62,GCG24.csv,-3.0,2025.6
165,45313,14,30,2021.7,-3,2024-01-22,2024-01-22 14:30:00,2024-01-22 14:30:00,GCG24.csv,25,GCG24.csv,1.0,2021.4
166,45314,1,30,2031.6,1,2024-01-23,2024-01-23 01:30:00,2024-01-23 01:30:00,GCG24.csv,55,GCG24.csv,4.0,2031.3
167,45314,3,30,2031.7,-3,2024-01-23,2024-01-23 03:30:00,2024-01-23 03:30:00,GCG24.csv,40,GCG24.csv,-4.0,2032.0
168,45314,4,30,2031.3,0,2024-01-23,2024-01-23 04:30:00,2024-01-23 04:30:00,GCG24.csv,39,GCG24.csv,3.0,2031.0
169,45314,6,0,2026.4,-1,2024-01-23,2024-01-23 06:00:00,2024-01-23 06:00:00,GCG24.csv,176,GCG24.csv,-1.0,2026.8000000000002
170,45314,8,30,2029.8,-4,2024-01-23,2024-01-23 08:30:00,2024-01-23 08:30:00,GCG24.csv,202,GCG24.csv,-3.0,2030.1
171,45314,9,0,2026.1,-6,2024-01-23,2024-01-23 09:00:00,2024-01-23 09:00:00,GCG24.csv,130,GCG24.csv,-2.0,2026.5
172,45314,10,30,2026.1,-2,2024-01-23,2024-01-23 10:30:00,2024-01-23 10:30:00,GCG24.csv,175,GCG24.csv,4.0,2025.8
173,45314,11,0,2026.7,0,2024-01-23,2024-01-23 11:00:00,2024-01-23 11:00:00,GCG24.csv,167,GCG24.csv,2.0,2026.4
174,45314,12,0,2027.0,4,2024-01-23,2024-01-23 12:00:00,2024-01-23 12:00:00,GCG24.csv,74,GCG24.csv,4.0,2026.7
175,45314,14,30,2029.9,0,2024-01-23,2024-01-23 14:30:00,2024-01-23 14:30:00,GCG24.csv,112,GCG24.csv,-4.0,2030.2
176,45315,9,0,2035.1,-3,2024-01-24,2024-01-24 09:00:00,2024-01-24 09:00:00,GCG24.csv,114,GCG24.csv,-3.0,2035.5
177,45315,9,40,2028.1,-2,2024-01-24,2024-01-24 09:40:00,2024-01-24 09:40:00,GCG24.csv,681,GCG24.csv,1.0,2027.6999999999998
178,45315,9,50,2025.6,0,2024-01-24,2024-01-24 09:50:00,2024-01-24 09:50:00,GCG24.csv,681,GCG24.csv,2.0,2025.1999999999998
179,45315,10,0,2025.7,-1,2024-01-24,2024-01-24 10:00:00,2024-01-24 10:00:00,GCG24.csv,730,GCG24.csv,-1.0,2026.1000000000001
180,45315,10,10,2024.9,-3,2024-01-24,2024-01-24 10:10:00,2024-01-24 10:10:00,GCG24.csv,341,GCG24.csv,-2.0,2025.3000000000002
181,45315,10,30,2020.7,-1,2024-01-24,2024-01-24 10:30:00,2024-01-24 10:30:00,GCG24.csv,729,GCG24.csv,2.0,2020.3
182,45315,11,0,2016.0,2,2024-01-24,2024-01-24 11:00:00,2024-01-24 11:00:00,GCG24.csv,726,GCG24.csv,3.0,2015.6
183,45315,12,0,2016.2,1,2024-01-24,2024-01-24 12:00:00,2024-01-24 12:00:00,GCG24.csv,256,GCG24.csv,-1.0,2016.5
184,45315,14,0,2015.8,2,2024-01-24,2024-01-24 14:00:00,2024-01-24 14:00:00,GCG24.csv,23,GCG24.csv,1.0,2015.5
185,45315,14,30,2013.2,0,2024-01-24,2024-01-24 14:30:00,2024-01-24 14:30:00,GCG24.csv,46,GCG24.csv,-2.0,2013.5
186,45315,16,0,2012.9,-1,2024-01-24,2024-01-24 16:00:00,2024-01-24 16:00:00,GCG24.csv,49,GCG24.csv,-1.0,2013.2
187,45316,1,30,2015.3,-4,2024-01-25,2024-01-25 01:30:00,2024-01-25 01:30:00,GCG24.csv,40,GCG24.csv,-3.0,2015.6
188,45316,3,30,2013.2,-1,2024-01-25,2024-01-25 03:30:00,2024-01-25 03:30:00,GCG24.csv,183,GCG24.csv,3.0,2012.9
189,45316,4,30,2014.4,-5,2024-01-25,2024-01-25 04:30:00,2024-01-25 04:30:00,GCG24.csv,69,GCG24.csv,-4.0,2014.7
190,45316,6,0,2019.3,-4,2024-01-25,2024-01-25 06:00:00,2024-01-25 06:00:00,GCG24.csv,48,GCG24.csv,1.0,2019.0
191,45316,8,30,2017.8,0,2024-01-25,2024-01-25 08:30:00,2024-01-25 08:30:00,GCG24.csv,4527,GCG24.csv,4.0,2017.5
192,45316,9,0,2019.3,-3,2024-01-25,2024-01-25 09:00:00,2024-01-25 09:00:00,GCG24.csv,244,GCG24.csv,-3.0,2019.7
193,45316,10,30,2019.8,-1,2024-01-25,2024-01-25 10:30:00,2024-01-25 10:30:00,GCG24.csv,312,GCG24.csv,2.0,2019.5
194,45316,11,0,2020.3,2,2024-01-25,2024-01-25 11:00:00,2024-01-25 11:00:00,GCG24.csv,155,GCG24.csv,3.0,2020.0
195,45316,12,0,2014.4,5,2024-01-25,2024-01-25 12:00:00,2024-01-25 12:00:00,GCG24.csv,113,GCG24.csv,3.0,2014.1000000000001
196,45316,14,30,2018.1,3,2024-01-25,2024-01-25 14:30:00,2024-01-25 14:30:00,GCG24.csv,44,GCG24.csv,-2.0,2018.3999999999999
197,45317,9,0,2024.3,0,2024-01-26,2024-01-26 09:00:00,2024-01-26 09:00:00,GCG24.csv,285,GCG24.csv,-3.0,2024.6
198,45317,10,30,2017.8,2,2024-01-26,2024-01-26 10:30:00,2024-01-26 10:30:00,GCG24.csv,104,GCG24.csv,2.0,2017.5
199,45317,11,0,2016.6,5,2024-01-26,2024-01-26 11:00:00,2024-01-26 11:00:00,GCG24.csv,92,GCJ24.csv,3.0,2035.0
200,45317,12,0,2017.8,4,2024-01-26,2024-01-26 12:00:00,2024-01-26 12:00:00,GCG24.csv,40,GCG24.csv,-1.0,2018.1
201,45317,14,30,2015.8,2,2024-01-26,2024-01-26 14:30:00,2024-01-26 14:30:00,GCG24.csv,48,GCG24.csv,-2.0,2016.1
202,45317,16,30,2018.6,0,2024-01-26,2024-01-26 16:30:00,2024-01-26 16:30:00,GCG24.csv,11,GCG24.csv,-2.0,2018.8999999999999
203,45320,1,30,2026.6,4,2024-01-29,2024-01-29 01:30:00,2024-01-29 01:30:00,GCJ24.csv,13,GCJ24.csv,4.0,2045.1000000000001
204,45320,3,30,2031.3,0,2024-01-29,2024-01-29 03:30:00,2024-01-29 03:30:00,GCJ24.csv,170,GCJ24.csv,-4.0,2050.4
205,45320,4,30,2029.6,1,2024-01-29,2024-01-29 04:30:00,2024-01-29 04:30:00,GCJ24.csv,27,GCJ24.csv,1.0,2048.0
206,45320,6,0,2026.9,-1,2024-01-29,2024-01-29 06:00:00,2024-01-29 06:00:00,GCJ24.csv,43,GCJ24.csv,-2.0,2046.2
207,45320,8,30,2030.9,-2,2024-01-29,2024-01-29 08:30:00,2024-01-29 08:30:00,GCJ24.csv,326,GCJ24.csv,-1.0,2050.4
208,45320,9,0,2036.3,-5,2024-01-29,2024-01-29 09:00:00,2024-01-29 09:00:00,GCJ24.csv,203,GCJ24.csv,-3.0,2055.7000000000003
209,45320,9,30,2032.0,-3,2024-01-29,2024-01-29 09:30:00,2024-01-29 09:30:00,GCJ24.csv,559,GCJ24.csv,2.0,2050.7999999999997
210,45320,9,40,2026.2,-2,2024-01-29,2024-01-29 09:40:00,2024-01-29 09:40:00,GCJ24.csv,1448,GCJ24.csv,1.0,2045.1000000000001
211,45320,10,0,2023.5,-3,2024-01-29,2024-01-29 10:00:00,2024-01-29 10:00:00,GCJ24.csv,550,GCJ24.csv,-1.0,2042.8999999999999
212,45320,10,10,2023.9,-5,2024-01-29,2024-01-29 10:10:00,2024-01-29 10:10:00,GCJ24.csv,276,GCJ24.csv,-2.0,2043.5
213,45320,10,30,2020.5,-1,2024-01-29,2024-01-29 10:30:00,2024-01-29 10:30:00,GCJ24.csv,315,GCJ24.csv,4.0,2039.5
214,45320,11,0,2024.5,2,2024-01-29,2024-01-29 11:00:00,2024-01-29 11:00:00,GCJ24.csv,98,GCJ24.csv,3.0,2043.1999999999998
215,45320,12,0,2026.0,3,2024-01-29,2024-01-29 12:00:00,2024-01-29 12:00:00,GCJ24.csv,97,GCJ24.csv,1.0,2044.8999999999999
216,45320,14,30,2025.7,-1,2024-01-29,2024-01-29 14:30:00,2024-01-29 14:30:00,GCG24.csv,81,GCJ24.csv,-4.0,2045.2
217,45321,1,30,2033.9,1,2024-01-30,2024-01-30 01:30:00,2024-01-30 01:30:00,GCJ24.csv,49,GCJ24.csv,2.0,2053.0
218,45321,3,30,2037.0,-1,2024-01-30,2024-01-30 03:30:00,2024-01-30 03:30:00,GCJ24.csv,90,GCJ24.csv,-2.0,2056.9
219,45321,4,30,2035.9,1,2024-01-30,2024-01-30 04:30:00,2024-01-30 04:30:00,GCJ24.csv,146,GCJ24.csv,2.0,2054.7999999999997
220,45321,6,0,2034.3,3,2024-01-30,2024-01-30 06:00:00,2024-01-30 06:00:00,GCJ24.csv,64,GCJ24.csv,2.0,2053.5
221,45321,8,30,2034.2,1,2024-01-30,2024-01-30 08:30:00,2024-01-30 08:30:00,GCJ24.csv,266,GCJ24.csv,-2.0,2054.0
222,45321,9,0,2036.7,-2,2024-01-30,2024-01-30 09:00:00,2024-01-30 09:00:00,GCJ24.csv,414,GCJ24.csv,-3.0,2056.3
223,45321,9,10,2039.9,-4,2024-01-30,2024-01-30 09:10:00,2024-01-30 09:10:00,GCJ24.csv,534,GCJ24.csv,-2.0,2059.8
224,45321,9,20,2044.6,-6,2024-01-30,2024-01-30 09:20:00,2024-01-30 09:20:00,GCJ24.csv,940,GCJ24.csv,-2.0,2064.0
225,45321,9,40,2046.2,-4,2024-01-30,2024-01-30 09:40:00,2024-01-30 09:40:00,GCJ24.csv,703,GCJ24.csv,2.0,2065.0
226,45321,9,50,2045.7,-2,2024-01-30,2024-01-30 09:50:00,2024-01-30 09:50:00,GCJ24.csv,911,GCJ24.csv,2.0,2065.0
227,45321,10,10,2036.5,-1,2024-01-30,2024-01-30 10:10:00,2024-01-30 10:10:00,GCJ24.csv,814,GCJ24.csv,1.0,2056.0
228,45321,10,30,2028.1,2,2024-01-30,2024-01-30 10:30:00,2024-01-30 10:30:00,GCJ24.csv,628,GCJ24.csv,3.0,2049.7
229,45321,10,50,2032.1,1,2024-01-30,2024-01-30 10:50:00,2024-01-30 10:50:00,GCJ24.csv,213,GCJ24.csv,-1.0,2051.9
230,45321,11,0,2031.5,4,2024-01-30,2024-01-30 11:00:00,2024-01-30 11:00:00,GCJ24.csv,324,GCJ24.csv,3.0,2050.5
231,45321,12,0,2034.4,1,2024-01-30,2024-01-30 12:00:00,2024-01-30 12:00:00,GCJ24.csv,122,GCJ24.csv,-3.0,2054.5
232,45321,14,30,2034.7,-2,2024-01-30,2024-01-30 14:30:00,2024-01-30 14:30:00,GCJ24.csv,60,GCJ24.csv,-3.0,2054.4
233,45322,6,0,2035.9,-4,2024-01-31,2024-01-31 06:00:00,2024-01-31 06:00:00,GCJ24.csv,51,GCJ24.csv,-2.0,2055.3
234,45322,9,0,2040.9,-7,2024-01-31,2024-01-31 09:00:00,2024-01-31 09:00:00,GCJ24.csv,663,GCJ24.csv,-3.0,2060.4
235,45322,11,0,2053.1,-4,2024-01-31,2024-01-31 11:00:00,2024-01-31 11:00:00,GCJ24.csv,410,GCJ24.csv,3.0,2070.5
236,45322,12,0,2049.3,-2,2024-01-31,2024-01-31 12:00:00,2024-01-31 12:00:00,GCJ24.csv,77,GCJ24.csv,2.0,2067.7999999999997
237,45323,4,30,2059.6,2,2024-02-01,2024-02-01 04:30:00,2024-02-01 04:30:00,GCJ24.csv,42,GCJ24.csv,4.0,2059.2
238,45323,6,0,2048.7,4,2024-02-01,2024-02-01 06:00:00,2024-02-01 06:00:00,GCJ24.csv,409,GCJ24.csv,2.0,2048.3999999999996
239,45323,8,30,2049.4,0,2024-02-01,2024-02-01 08:30:00,2024-02-01 08:30:00,GCJ24.csv,1673,GCJ24.csv,-4.0,2049.7000000000003
240,45323,8,40,2057.4,-2,2024-02-01,2024-02-01 08:40:00,2024-02-01 08:40:00,GCJ24.csv,1443,GCJ24.csv,-2.0,2057.7000000000003
241,45323,8,50,2057.7,-3,2024-02-01,2024-02-01 08:50:00,2024-02-01 08:50:00,GCJ24.csv,399,GCJ24.csv,-1.0,2058.0
242,45323,9,0,2057.0,0,2024-02-01,2024-02-01 09:00:00,2024-02-01 09:00:00,GCJ24.csv,366,GCJ24.csv,3.0,2056.7
243,45323,9,10,2059.6,1,2024-02-01,2024-02-01 09:10:00,2024-02-01 09:10:00,GCJ24.csv,270,GCJ24.csv,1.0,2059.2
244,45323,9,20,2062.6,-1,2024-02-01,2024-02-01 09:20:00,2024-02-01 09:20:00,GCJ24.csv,379,GCJ24.csv,-2.0,2062.9
245,45323,9,30,2065.2,-2,2024-02-01,2024-02-01 09:30:00,2024-02-01 09:30:00,GCJ24.csv,950,GCJ24.csv,-1.0,2065.5
246,45323,9,40,2065.5,0,2024-02-01,2024-02-01 09:40:00,2024-02-01 09:40:00,GCJ24.csv,290,GCJ24.csv,2.0,2065.1
247,45323,9,50,2064.9,1,2024-02-01,2024-02-01 09:50:00,2024-02-01 09:50:00,GCJ24.csv,811,GCJ24.csv,1.0,2064.6
248,45323,10,0,2058.4,2,2024-02-01,2024-02-01 10:00:00,2024-02-01 10:00:00,GCJ24.csv,2747,GCJ24.csv,1.0,2058.1
249,45323,10,20,2065.2,1,2024-02-01,2024-02-01 10:20:00,2024-02-01 10:20:00,GCJ24.csv,349,GCJ24.csv,-1.0,2065.5
250,45323,10,30,2066.2,0,2024-02-01,2024-02-01 10:30:00,2024-02-01 10:30:00,GCJ24.csv,292,GCJ24.csv,-1.0,2066.5
251,45323,11,0,2069.6,-1,2024-02-01,2024-02-01 11:00:00,2024-02-01 11:00:00,GCJ24.csv,967,GCJ24.csv,-1.0,2069.9
252,45323,12,0,2076.9,-5,2024-02-01,2024-02-01 12:00:00,2024-02-01 12:00:00,GCJ24.csv,356,GCJ24.csv,-4.0,2077.2000000000003
253,45323,14,30,2073.5,-4,2024-02-01,2024-02-01 14:30:00,2024-02-01 14:30:00,GCJ24.csv,38,GCJ24.csv,1.0,2073.2
254,45324,1,30,2073.0,0,2024-02-02,2024-02-02 01:30:00,2024-02-02 01:30:00,GCJ24.csv,50,GCJ24.csv,4.0,2072.6
255,45324,3,30,2072.3,-4,2024-02-02,2024-02-02 03:30:00,2024-02-02 03:30:00,GCJ24.csv,28,GCJ24.csv,-4.0,2072.7000000000003
256,45324,4,30,2071.9,0,2024-02-02,2024-02-02 04:30:00,2024-02-02 04:30:00,GCJ24.csv,47,GCJ24.csv,4.0,2071.5
257,45324,6,0,2071.7,-2,2024-02-02,2024-02-02 06:00:00,2024-02-02 06:00:00,GCJ24.csv,26,GCJ24.csv,-2.0,2072.0
258,45324,8,30,2070.1,-6,2024-02-02,2024-02-02 08:30:00,2024-02-02 08:30:00,GCJ24.csv,7454,GCJ24.csv,-4.0,2070.5
259,45324,8,40,2053.6,-4,2024-02-02,2024-02-02 08:40:00,2024-02-02 08:40:00,GCJ24.csv,4023,GCJ24.csv,2.0,2053.2999999999997
260,45324,9,20,2048.2,-6,2024-02-02,2024-02-02 09:20:00,2024-02-02 09:20:00,GCJ24.csv,651,GCJ24.csv,-2.0,2048.6
261,45324,9,50,2051.3,-7,2024-02-02,2024-02-02 09:50:00,2024-02-02 09:50:00,GCJ24.csv,836,GCJ24.csv,-1.0,2051.6000000000004
262,45324,10,10,2049.7,-6,2024-02-02,2024-02-02 10:10:00,2024-02-02 10:10:00,GCJ24.csv,315,GCJ24.csv,1.0,2049.3999999999996
263,45324,10,20,2046.9,-4,2024-02-02,2024-02-02 10:20:00,2024-02-02 10:20:00,GCJ24.csv,298,GCJ24.csv,2.0,2046.6000000000001
264,45324,10,30,2047.8,0,2024-02-02,2024-02-02 10:30:00,2024-02-02 10:30:00,GCJ24.csv,323,GCJ24.csv,4.0,2047.3999999999999
265,45324,10,40,2049.7,-2,2024-02-02,2024-02-02 10:40:00,2024-02-02 10:40:00,GCJ24.csv,1159,GCJ24.csv,-2.0,2050.0
266,45324,12,0,2053.3,2,2024-02-02,2024-02-02 12:00:00,2024-02-02 12:00:00,GCJ24.csv,154,GCJ24.csv,4.0,2052.9
267,45324,14,0,2054.5,1,2024-02-02,2024-02-02 14:00:00,2024-02-02 14:00:00,GCJ24.csv,32,GCJ24.csv,-1.0,2054.9
268,45324,14,30,2054.3,-3,2024-02-02,2024-02-02 14:30:00,2024-02-02 14:30:00,GCJ24.csv,61,GCJ24.csv,-4.0,2054.6000000000004
269,45324,16,0,2053.2,-2,2024-02-02,2024-02-02 16:00:00,2024-02-02 16:00:00,GCJ24.csv,95,GCJ24.csv,1.0,2052.8999999999996
270,45324,16,30,2054.5,0,2024-02-02,2024-02-02 16:30:00,2024-02-02 16:30:00,GCJ24.csv,33,GCJ24.csv,2.0,2054.2
271,45327,1,30,2046.9,-2,2024-02-05,2024-02-05 01:30:00,2024-02-05 01:30:00,GCJ24.csv,40,GCJ24.csv,-2.0,2047.3000000000002
272,45327,3,30,2039.2,0,2024-02-05,2024-02-05 03:30:00,2024-02-05 03:30:00,GCJ24.csv,191,GCJ24.csv,2.0,2038.9
273,45327,4,30,2037.8,-4,2024-02-05,2024-02-05 04:30:00,2024-02-05 04:30:00,GCJ24.csv,144,GCJ24.csv,-4.0,2038.2
274,45327,6,0,2040.6,-5,2024-02-05,2024-02-05 06:00:00,2024-02-05 06:00:00,GCJ24.csv,67,GCJ24.csv,-1.0,2041.0
275,45327,8,30,2033.3,-1,2024-02-05,2024-02-05 08:30:00,2024-02-05 08:30:00,GCJ24.csv,651,GCJ24.csv,4.0,2033.0
276,45327,9,0,2032.1,-2,2024-02-05,2024-02-05 09:00:00,2024-02-05 09:00:00,GCJ24.csv,378,GCJ24.csv,-1.0,2032.5
277,45327,9,50,2038.6,-4,2024-02-05,2024-02-05 09:50:00,2024-02-05 09:50:00,GCJ24.csv,523,GCJ24.csv,-2.0,2038.8999999999999
278,45327,10,0,2035.3,-2,2024-02-05,2024-02-05 10:00:00,2024-02-05 10:00:00,GCJ24.csv,2177,GCJ24.csv,2.0,2035.0
279,45327,10,10,2035.2,0,2024-02-05,2024-02-05 10:10:00,2024-02-05 10:10:00,GCJ24.csv,311,GCJ24.csv,2.0,2034.9
280,45327,10,20,2034.9,-2,2024-02-05,2024-02-05 10:20:00,2024-02-05 10:20:00,GCJ24.csv,313,GCJ24.csv,-2.0,2035.3000000000002
281,45327,10,30,2035.3,1,2024-02-05,2024-02-05 10:30:00,2024-02-05 10:30:00,GCJ24.csv,287,GCJ24.csv,3.0,2035.0
282,45327,11,0,2034.3,2,2024-02-05,2024-02-05 11:00:00,2024-02-05 11:00:00,GCJ24.csv,122,GCJ24.csv,1.0,2034.0
283,45327,12,0,2038.5,4,2024-02-05,2024-02-05 12:00:00,2024-02-05 12:00:00,GCJ24.csv,309,GCJ24.csv,2.0,2038.2
284,45327,14,0,2042.3,2,2024-02-05,2024-02-05 14:00:00,2024-02-05 14:00:00,GCJ24.csv,182,GCJ24.csv,-2.0,2042.7
285,45327,14,30,2042.8,-1,2024-02-05,2024-02-05 14:30:00,2024-02-05 14:30:00,GCJ24.csv,38,GCJ24.csv,-3.0,2043.2
286,45327,16,0,2041.5,1,2024-02-05,2024-02-05 16:00:00,2024-02-05 16:00:00,GCJ24.csv,93,GCJ24.csv,2.0,2041.2
287,45328,1,30,2043.2,4,2024-02-06,2024-02-06 01:30:00,2024-02-06 01:30:00,GCJ24.csv,40,GCJ24.csv,3.0,2042.8
288,45328,3,30,2041.9,1,2024-02-06,2024-02-06 03:30:00,2024-02-06 03:30:00,GCJ24.csv,48,GCJ24.csv,-3.0,2042.2
289,45328,4,30,2040.4,-3,2024-02-06,2024-02-06 04:30:00,2024-02-06 04:30:00,GCJ24.csv,50,GCJ24.csv,-4.0,2040.7
290,45328,6,0,2039.9,-2,2024-02-06,2024-02-06 06:00:00,2024-02-06 06:00:00,GCJ24.csv,21,GCJ24.csv,1.0,2039.6000000000001
291,45328,8,30,2043.3,2,2024-02-06,2024-02-06 08:30:00,2024-02-06 08:30:00,GCJ24.csv,117,GCJ24.csv,4.0,2042.8999999999999
292,45328,9,0,2045.2,0,2024-02-06,2024-02-06 09:00:00,2024-02-06 09:00:00,GCJ24.csv,160,GCJ24.csv,-2.0,2045.5
293,45328,10,30,2051.6,-2,2024-02-06,2024-02-06 10:30:00,2024-02-06 10:30:00,GCJ24.csv,173,GCJ24.csv,-2.0,2051.9
294,45328,11,0,2052.6,0,2024-02-06,2024-02-06 11:00:00,2024-02-06 11:00:00,GCJ24.csv,168,GCJ24.csv,2.0,2052.2
295,45328,12,0,2052.9,-3,2024-02-06,2024-02-06 12:00:00,2024-02-06 12:00:00,GCJ24.csv,342,GCJ24.csv,-3.0,2053.3
296,45328,14,30,2052.5,-1,2024-02-06,2024-02-06 14:30:00,2024-02-06 14:30:00,GCJ24.csv,28,GCJ24.csv,2.0,2052.2
297,45329,4,30,2049.9,-3,2024-02-07,2024-02-07 04:30:00,2024-02-07 04:30:00,GCJ24.csv,57,GCJ24.csv,-2.0,2050.3
298,45329,6,0,2049.0,-2,2024-02-07,2024-02-07 06:00:00,2024-02-07 06:00:00,GCJ24.csv,57,GCJ24.csv,1.0,2048.7
299,45329,8,30,2050.6,0,2024-02-07,2024-02-07 08:30:00,2024-02-07 08:30:00,GCJ24.csv,64,GCJ24.csv,2.0,2050.2999999999997
300,45329,9,0,2052.1,1,2024-02-07,2024-02-07 09:00:00,2024-02-07 09:00:00,GCJ24.csv,111,GCJ24.csv,1.0,2051.7999999999997
301,45329,9,50,2060.4,0,2024-02-07,2024-02-07 09:50:00,2024-02-07 09:50:00,GCJ24.csv,892,GCJ24.csv,-1.0,2060.7000000000003
302,45329,10,0,2059.1,-1,2024-02-07,2024-02-07 10:00:00,2024-02-07 10:00:00,GCJ24.csv,625,GCJ24.csv,-1.0,2059.4
303,45329,10,10,2055.9,2,2024-02-07,2024-02-07 10:10:00,2024-02-07 10:10:00,GCJ24.csv,268,GCJ24.csv,3.0,2055.6
304,45329,10,20,2051.8,3,2024-02-07,2024-02-07 10:20:00,2024-02-07 10:20:00,GCJ24.csv,447,GCJ24.csv,1.0,2051.5
305,45329,10,30,2055.1,-1,2024-02-07,2024-02-07 10:30:00,2024-02-07 10:30:00,GCJ24.csv,285,GCJ24.csv,-4.0,2055.4
306,45329,11,0,2054.3,-2,2024-02-07,2024-02-07 11:00:00,2024-02-07 11:00:00,GCJ24.csv,142,GCJ24.csv,-1.0,2054.6000000000004
307,45329,12,0,2054.5,-1,2024-02-07,2024-02-07 12:00:00,2024-02-07 12:00:00,GCJ24.csv,136,GCJ24.csv,1.0,2054.2
308,45329,14,30,2051.6,1,2024-02-07,2024-02-07 14:30:00,2024-02-07 14:30:00,GCJ24.csv,17,GCJ24.csv,2.0,2051.2999999999997
309,45330,1,30,2048.4,-1,2024-02-08,2024-02-08 01:30:00,2024-02-08 01:30:00,GCJ24.csv,24,GCJ24.csv,-2.0,2048.8
310,45330,3,30,2045.2,1,2024-02-08,2024-02-08 03:30:00,2024-02-08 03:30:00,GCJ24.csv,424,GCJ24.csv,2.0,2044.9
311,45330,4,30,2045.1,-2,2024-02-08,2024-02-08 04:30:00,2024-02-08 04:30:00,GCJ24.csv,40,GCJ24.csv,-3.0,2045.3999999999999
312,45330,6,0,2051.1,0,2024-02-08,2024-02-08 06:00:00,2024-02-08 06:00:00,GCJ24.csv,49,GCJ24.csv,2.0,2050.7999999999997
313,45330,8,30,2040.1,3,2024-02-08,2024-02-08 08:30:00,2024-02-08 08:30:00,GCJ24.csv,840,GCJ24.csv,3.0,2039.8
314,45330,9,0,2035.6,4,2024-02-08,2024-02-08 09:00:00,2024-02-08 09:00:00,GCJ24.csv,971,GCJ24.csv,1.0,2035.3
315,45330,9,20,2038.2,3,2024-02-08,2024-02-08 09:20:00,2024-02-08 09:20:00,GCJ24.csv,187,GCJ24.csv,-1.0,2038.5
316,45330,9,30,2043.3,2,2024-02-08,2024-02-08 09:30:00,2024-02-08 09:30:00,GCJ24.csv,556,GCJ24.csv,-1.0,2043.6
317,45330,9,50,2045.2,3,2024-02-08,2024-02-08 09:50:00,2024-02-08 09:50:00,GCJ24.csv,89,GCJ24.csv,1.0,2044.9
318,45330,10,30,2045.1,6,2024-02-08,2024-02-08 10:30:00,2024-02-08 10:30:00,GCJ24.csv,214,GCJ24.csv,3.0,2044.8
319,45330,14,30,2047.7,3,2024-02-08,2024-02-08 14:30:00,2024-02-08 14:30:00,GCJ24.csv,54,GCJ24.csv,-3.0,2048.0
320,45331,1,30,2047.9,0,2024-02-09,2024-02-09 01:30:00,2024-02-09 01:30:00,GCJ24.csv,10,GCJ24.csv,-3.0,2048.6
321,45331,3,30,2047.4,3,2024-02-09,2024-02-09 03:30:00,2024-02-09 03:30:00,GCJ24.csv,81,GCJ24.csv,3.0,2047.1000000000001
322,45331,4,30,2047.0,4,2024-02-09,2024-02-09 04:30:00,2024-02-09 04:30:00,GCJ24.csv,30,GCJ24.csv,1.0,2046.7
323,45331,6,0,2047.5,0,2024-02-09,2024-02-09 06:00:00,2024-02-09 06:00:00,GCJ24.csv,28,GCJ24.csv,-4.0,2047.9
324,45331,8,30,2041.3,-1,2024-02-09,2024-02-09 08:30:00,2024-02-09 08:30:00,GCJ24.csv,827,GCJ24.csv,-1.0,2041.6
325,45331,9,0,2041.3,-2,2024-02-09,2024-02-09 09:00:00,2024-02-09 09:00:00,GCJ24.csv,520,GCJ24.csv,-1.0,2041.6
326,45331,10,30,2038.1,0,2024-02-09,2024-02-09 10:30:00,2024-02-09 10:30:00,GCJ24.csv,97,GCJ24.csv,2.0,2037.8
327,45331,11,0,2036.9,1,2024-02-09,2024-02-09 11:00:00,2024-02-09 11:00:00,GCJ24.csv,310,GCJ24.csv,1.0,2036.6000000000001
328,45331,14,30,2039.3,-1,2024-02-09,2024-02-09 14:30:00,2024-02-09 14:30:00,GCJ24.csv,31,GCJ24.csv,-2.0,2039.7
329,45331,16,30,2039.6,0,2024-02-09,2024-02-09 16:30:00,2024-02-09 16:30:00,GCJ24.csv,11,GCJ24.csv,1.0,2039.3
330,45334,4,30,2036.4,-4,2024-02-12,2024-02-12 04:30:00,2024-02-12 04:30:00,GCJ24.csv,84,GCJ24.csv,-4.0,2036.7
331,45334,6,0,2035.1,-6,2024-02-12,2024-02-12 06:00:00,2024-02-12 06:00:00,GCJ24.csv,82,GCJ24.csv,-2.0,2035.5
332,45334,8,30,2037.6,-2,2024-02-12,2024-02-12 08:30:00,2024-02-12 08:30:00,GCJ24.csv,334,GCJ24.csv,4.0,2037.3
333,45334,9,20,2030.7,-3,2024-02-12,2024-02-12 09:20:00,2024-02-12 09:20:00,GCJ24.csv,587,GCJ24.csv,-1.0,2031.1000000000001
334,45334,10,30,2028.6,-1,2024-02-12,2024-02-12 10:30:00,2024-02-12 10:30:00,GCJ24.csv,136,GCJ24.csv,2.0,2028.3
335,45334,11,0,2026.6,0,2024-02-12,2024-02-12 11:00:00,2024-02-12 11:00:00,GCJ24.csv,237,GCJ24.csv,1.0,2026.3
336,45334,12,0,2029.7,-2,2024-02-12,2024-02-12 12:00:00,2024-02-12 12:00:00,GCJ24.csv,111,GCJ24.csv,-2.0,2030.0
337,45334,14,0,2035.2,-3,2024-02-12,2024-02-12 14:00:00,2024-02-12 14:00:00,GCJ24.csv,93,GCJ24.csv,-1.0,2035.5
338,45334,14,30,2032.9,-5,2024-02-12,2024-02-12 14:30:00,2024-02-12 14:30:00,GCJ24.csv,84,GCJ24.csv,-2.0,2033.2
339,45334,16,0,2034.0,-4,2024-02-12,2024-02-12 16:00:00,2024-02-12 16:00:00,GCJ24.csv,88,GCJ24.csv,1.0,2033.7
340,45335,1,30,2034.9,-1,2024-02-13,2024-02-13 01:30:00,2024-02-13 01:30:00,GCJ24.csv,29,GCJ24.csv,3.0,2034.6000000000001
341,45335,3,30,2038.3,-4,2024-02-13,2024-02-13 03:30:00,2024-02-13 03:30:00,GCJ24.csv,182,GCJ24.csv,-3.0,2038.6
342,45335,6,0,2040.3,2,2024-02-13,2024-02-13 06:00:00,2024-02-13 06:00:00,GCJ24.csv,95,GCJ24.csv,6.0,2040.0
343,45335,8,50,2020.5,3,2024-02-13,2024-02-13 08:50:00,2024-02-13 08:50:00,GCJ24.csv,1457,GCJ24.csv,1.0,2020.2
344,45335,9,10,2015.0,2,2024-02-13,2024-02-13 09:10:00,2024-02-13 09:10:00,GCJ24.csv,1031,GCJ24.csv,-1.0,2015.3
345,45335,9,20,2016.2,1,2024-02-13,2024-02-13 09:20:00,2024-02-13 09:20:00,GCJ24.csv,514,GCJ24.csv,-1.0,2016.5
346,45335,10,30,2006.6,2,2024-02-13,2024-02-13 10:30:00,2024-02-13 10:30:00,GCJ24.csv,616,GCJ24.csv,1.0,2006.3
347,45335,11,0,2005.4,3,2024-02-13,2024-02-13 11:00:00,2024-02-13 11:00:00,GCJ24.csv,240,GCJ24.csv,1.0,2005.1000000000001
348,45335,12,0,2008.0,6,2024-02-13,2024-02-13 12:00:00,2024-02-13 12:00:00,GCJ24.csv,140,GCJ24.csv,3.0,2007.7
349,45335,14,30,2004.7,5,2024-02-13,2024-02-13 14:30:00,2024-02-13 14:30:00,GCJ24.csv,38,GCJ24.csv,-1.0,2005.0
350,45336,4,30,2002.6,0,2024-02-14,2024-02-14 04:30:00,2024-02-14 04:30:00,GCJ24.csv,41,GCJ24.csv,-5.0,2002.8999999999999
351,45336,6,0,2005.6,-2,2024-02-14,2024-02-14 06:00:00,2024-02-14 06:00:00,GCJ24.csv,89,GCJ24.csv,-2.0,2005.8999999999999
352,45336,8,30,2003.5,3,2024-02-14,2024-02-14 08:30:00,2024-02-14 08:30:00,GCJ24.csv,228,GCJ24.csv,5.0,2003.2
353,45336,9,0,2001.7,2,2024-02-14,2024-02-14 09:00:00,2024-02-14 09:00:00,GCJ24.csv,202,GCJ24.csv,-1.0,2002.1000000000001
354,45336,10,10,1998.3,3,2024-02-14,2024-02-14 10:10:00,2024-02-14 10:10:00,GCJ24.csv,693,GCJ24.csv,1.0,1998.0
355,45336,11,0,2000.6,4,2024-02-14,2024-02-14 11:00:00,2024-02-14 11:00:00,GCJ24.csv,237,GCJ24.csv,1.0,2000.3
356,45336,12,0,2005.9,5,2024-02-14,2024-02-14 12:00:00,2024-02-14 12:00:00,GCJ24.csv,309,GCJ24.csv,1.0,2005.6000000000001
357,45336,14,0,2004.4,1,2024-02-14,2024-02-14 14:00:00,2024-02-14 14:00:00,GCJ24.csv,470,GCJ24.csv,-4.0,2004.8000000000002
358,45336,14,30,2003.3,0,2024-02-14,2024-02-14 14:30:00,2024-02-14 14:30:00,GCJ24.csv,43,GCJ24.csv,-1.0,2003.7
359,45336,16,0,2003.9,4,2024-02-14,2024-02-14 16:00:00,2024-02-14 16:00:00,GCJ24.csv,161,GCJ24.csv,4.0,2003.6000000000001
360,45337,4,30,2006.6,-1,2024-02-15,2024-02-15 04:30:00,2024-02-15 04:30:00,GCJ24.csv,119,GCJ24.csv,-5.0,2006.8999999999999
361,45337,6,0,2007.3,-2,2024-02-15,2024-02-15 06:00:00,2024-02-15 06:00:00,GCJ24.csv,83,GCJ24.csv,-1.0,2007.7
362,45337,8,30,2012.9,3,2024-02-15,2024-02-15 08:30:00,2024-02-15 08:30:00,GCJ24.csv,2814,GCJ24.csv,5.0,2012.6000000000001
363,45337,9,0,2015.0,2,2024-02-15,2024-02-15 09:00:00,2024-02-15 09:00:00,GCJ24.csv,634,GCJ24.csv,-1.0,2015.3
364,45337,9,40,2018.2,0,2024-02-15,2024-02-15 09:40:00,2024-02-15 09:40:00,GCJ24.csv,458,GCJ24.csv,-2.0,2018.5
365,45337,10,0,2016.0,2,2024-02-15,2024-02-15 10:00:00,2024-02-15 10:00:00,GCJ24.csv,258,GCJ24.csv,2.0,2015.7
366,45337,10,30,2018.4,0,2024-02-15,2024-02-15 10:30:00,2024-02-15 10:30:00,GCJ24.csv,217,GCJ24.csv,-2.0,2018.7
367,45337,11,0,2012.3,1,2024-02-15,2024-02-15 11:00:00,2024-02-15 11:00:00,GCJ24.csv,699,GCJ24.csv,1.0,2012.0
368,45337,12,0,2011.7,0,2024-02-15,2024-02-15 12:00:00,2024-02-15 12:00:00,GCJ24.csv,341,GCJ24.csv,-1.0,2012.0
369,45337,14,30,2015.7,2,2024-02-15,2024-02-15 14:30:00,2024-02-15 14:30:00,GCJ24.csv,53,GCJ24.csv,2.0,2015.4
370,45338,1,30,2014.8,0,2024-02-16,2024-02-16 01:30:00,2024-02-16 01:30:00,GCJ24.csv,43,GCJ24.csv,-2.0,2015.1
371,45338,3,30,2016.6,2,2024-02-16,2024-02-16 03:30:00,2024-02-16 03:30:00,GCJ24.csv,30,GCJ24.csv,2.0,2016.3
372,45338,4,30,2017.7,3,2024-02-16,2024-02-16 04:30:00,2024-02-16 04:30:00,GCJ24.csv,73,GCJ24.csv,1.0,2017.4
373,45338,6,0,2018.6,4,2024-02-16,2024-02-16 06:00:00,2024-02-16 06:00:00,GCJ24.csv,35,GCJ24.csv,1.0,2018.3
374,45338,8,30,2018.3,3,2024-02-16,2024-02-16 08:30:00,2024-02-16 08:30:00,GCJ24.csv,3136,GCJ24.csv,-1.0,2018.6
375,45338,8,40,2008.2,4,2024-02-16,2024-02-16 08:40:00,2024-02-16 08:40:00,GCJ24.csv,765,GCJ24.csv,1.0,2007.9
376,45338,9,0,2013.2,3,2024-02-16,2024-02-16 09:00:00,2024-02-16 09:00:00,GCJ24.csv,418,GCJ24.csv,-1.0,2013.6000000000001
377,45338,9,20,2008.5,5,2024-02-16,2024-02-16 09:20:00,2024-02-16 09:20:00,GCJ24.csv,512,GCJ24.csv,2.0,2008.2
378,45338,9,40,2010.3,3,2024-02-16,2024-02-16 09:40:00,2024-02-16 09:40:00,GCJ24.csv,129,GCJ24.csv,-2.0,2010.6
379,45338,9,50,2008.8,4,2024-02-16,2024-02-16 09:50:00,2024-02-16 09:50:00,GCJ24.csv,232,GCJ24.csv,1.0,2008.5
380,45338,10,10,2013.5,1,2024-02-16,2024-02-16 10:10:00,2024-02-16 10:10:00,GCJ24.csv,434,GCJ24.csv,-3.0,2013.8
381,45338,10,30,2018.3,5,2024-02-16,2024-02-16 10:30:00,2024-02-16 10:30:00,GCJ24.csv,583,GCJ24.csv,4.0,2018.0
382,45338,12,0,2021.2,6,2024-02-16,2024-02-16 12:00:00,2024-02-16 12:00:00,GCJ24.csv,121,GCJ24.csv,1.0,2020.9
383,45338,14,30,2026.5,4,2024-02-16,2024-02-16 14:30:00,2024-02-16 14:30:00,GCJ24.csv,27,GCJ24.csv,-2.0,2026.8
384,45338,16,30,2024.9,0,2024-02-16,2024-02-16 16:30:00,2024-02-16 16:30:00,GCJ24.csv,14,GCJ24.csv,-4.0,2025.2
385,45341,1,30,2033.0,2,2024-02-19,2024-02-19 01:30:00,2024-02-19 01:30:00,GCJ24.csv,42,GCJ24.csv,2.0,2032.7
386,45341,3,30,2031.6,0,2024-02-19,2024-02-19 03:30:00,2024-02-19 03:30:00,GCJ24.csv,44,GCJ24.csv,-2.0,2031.8999999999999
387,45341,6,0,2030.4,2,2024-02-19,2024-02-19 06:00:00,2024-02-19 06:00:00,GCJ24.csv,9,GCJ24.csv,2.0,2030.1000000000001
388,45341,9,0,2028.2,1,2024-02-19,2024-02-19 09:00:00,2024-02-19 09:00:00,GCJ24.csv,49,GCJ24.csv,-1.0,2028.5
389,45341,11,0,2026.3,2,2024-02-19,2024-02-19 11:00:00,2024-02-19 11:00:00,GCJ24.csv,33,GCJ24.csv,1.0,2026.0
390,45341,12,0,2027.6,1,2024-02-19,2024-02-19 12:00:00,2024-02-19 12:00:00,GCJ24.csv,43,GCJ24.csv,-1.0,2027.8999999999999
391,45342,4,30,2035.0,5,2024-02-20,2024-02-20 04:30:00,2024-02-20 04:30:00,GCJ24.csv,93,GCJ24.csv,4.0,2034.7
392,45342,6,0,2037.3,7,2024-02-20,2024-02-20 06:00:00,2024-02-20 06:00:00,GCJ24.csv,63,GCJ24.csv,2.0,2037.0
393,45342,8,30,2039.8,3,2024-02-20,2024-02-20 08:30:00,2024-02-20 08:30:00,GCJ24.csv,1420,GCJ24.csv,-4.0,2040.1
394,45342,9,0,2041.4,0,2024-02-20,2024-02-20 09:00:00,2024-02-20 09:00:00,GCJ24.csv,206,GCJ24.csv,-3.0,2041.8000000000002
395,45342,10,30,2040.7,-3,2024-02-20,2024-02-20 10:30:00,2024-02-20 10:30:00,GCJ24.csv,160,GCJ24.csv,-3.0,2041.0
396,45342,11,0,2038.9,0,2024-02-20,2024-02-20 11:00:00,2024-02-20 11:00:00,GCJ24.csv,152,GCJ24.csv,3.0,2038.6000000000001
397,45342,14,30,2038.8,3,2024-02-20,2024-02-20 14:30:00,2024-02-20 14:30:00,GCJ24.csv,25,GCJ24.csv,3.0,2038.3999999999999
398,45343,1,30,2041.3,5,2024-02-21,2024-02-21 01:30:00,2024-02-21 01:30:00,GCJ24.csv,20,GCJ24.csv,2.0,2041.0
399,45343,3,30,2038.6,3,2024-02-21,2024-02-21 03:30:00,2024-02-21 03:30:00,GCJ24.csv,61,GCJ24.csv,-2.0,2038.8999999999999
400,45343,4,30,2038.7,4,2024-02-21,2024-02-21 04:30:00,2024-02-21 04:30:00,GCJ24.csv,22,GCJ24.csv,1.0,2038.4
401,45343,6,0,2041.1,3,2024-02-21,2024-02-21 06:00:00,2024-02-21 06:00:00,GCJ24.csv,42,GCJ24.csv,-1.0,2041.3999999999999
402,45343,8,30,2039.6,2,2024-02-21,2024-02-21 08:30:00,2024-02-21 08:30:00,GCJ24.csv,156,GCJ24.csv,-1.0,2040.0
403,45343,9,0,2039.7,-1,2024-02-21,2024-02-21 09:00:00,2024-02-21 09:00:00,GCJ24.csv,88,GCJ24.csv,-3.0,2040.0
404,45343,10,30,2040.3,-3,2024-02-21,2024-02-21 10:30:00,2024-02-21 10:30:00,GCJ24.csv,157,GCJ24.csv,-2.0,2040.6
405,45343,11,0,2035.0,0,2024-02-21,2024-02-21 11:00:00,2024-02-21 11:00:00,GCJ24.csv,1081,GCJ24.csv,3.0,2034.7
406,45343,14,30,2035.7,2,2024-02-21,2024-02-21 14:30:00,2024-02-21 14:30:00,GCJ24.csv,63,GCJ24.csv,2.0,2035.4
407,45344,1,30,2039.9,4,2024-02-22,2024-02-22 01:30:00,2024-02-22 01:30:00,GCJ24.csv,29,GCJ24.csv,2.0,2039.6000000000001
408,45344,3,30,2044.1,2,2024-02-22,2024-02-22 03:30:00,2024-02-22 03:30:00,GCJ24.csv,390,GCJ24.csv,-2.0,2044.3999999999999
409,45344,6,0,2039.3,-1,2024-02-22,2024-02-22 06:00:00,2024-02-22 06:00:00,GCJ24.csv,58,GCJ24.csv,-3.0,2039.6
410,45344,10,30,2030.4,0,2024-02-22,2024-02-22 10:30:00,2024-02-22 10:30:00,GCJ24.csv,213,GCJ24.csv,1.0,2030.1000000000001
411,45344,14,30,2033.1,-1,2024-02-22,2024-02-22 14:30:00,2024-02-22 14:30:00,GCJ24.csv,24,GCJ24.csv,-1.0,2033.3999999999999
412,45345,4,30,2026.8,-5,2024-02-23,2024-02-23 04:30:00,2024-02-23 04:30:00,GCJ24.csv,108,GCJ24.csv,-4.0,2027.1
413,45345,6,0,2032.3,-2,2024-02-23,2024-02-23 06:00:00,2024-02-23 06:00:00,GCJ24.csv,104,GCJ24.csv,3.0,2032.0
414,45345,8,30,2035.7,2,2024-02-23,2024-02-23 08:30:00,2024-02-23 08:30:00,GCJ24.csv,374,GCJ24.csv,4.0,2035.4
415,45345,9,0,2034.8,1,2024-02-23,2024-02-23 09:00:00,2024-02-23 09:00:00,GCJ24.csv,131,GCJ24.csv,-1.0,2035.2
416,45345,10,0,2037.5,-1,2024-02-23,2024-02-23 10:00:00,2024-02-23 10:00:00,GCJ24.csv,563,GCJ24.csv,-2.0,2037.8
417,45345,10,20,2037.1,1,2024-02-23,2024-02-23 10:20:00,2024-02-23 10:20:00,GCJ24.csv,142,GCJ24.csv,2.0,2036.8
418,45345,10,30,2036.6,-2,2024-02-23,2024-02-23 10:30:00,2024-02-23 10:30:00,GCJ24.csv,208,GCJ24.csv,-3.0,2037.0
419,45345,11,0,2040.4,-1,2024-02-23,2024-02-23 11:00:00,2024-02-23 11:00:00,GCJ24.csv,435,GCJ24.csv,1.0,2040.1000000000001
420,45345,12,0,2048.3,0,2024-02-23,2024-02-23 12:00:00,2024-02-23 12:00:00,GCJ24.csv,550,GCJ24.csv,1.0,2048.0
421,45345,14,30,2048.5,3,2024-02-23,2024-02-23 14:30:00,2024-02-23 14:30:00,GCJ24.csv,92,GCJ24.csv,3.0,2048.2
422,45345,16,30,2045.4,0,2024-02-23,2024-02-23 16:30:00,2024-02-23 16:30:00,GCJ24.csv,25,GCJ24.csv,-3.0,2045.7
423,45348,1,30,2042.6,4,2024-02-26,2024-02-26 01:30:00,2024-02-26 01:30:00,GCJ24.csv,45,GCJ24.csv,4.0,2042.3
424,45348,3,30,2045.7,0,2024-02-26,2024-02-26 03:30:00,2024-02-26 03:30:00,GCJ24.csv,45,GCJ24.csv,-4.0,2046.0
425,45348,4,30,2042.5,4,2024-02-26,2024-02-26 04:30:00,2024-02-26 04:30:00,GCJ24.csv,72,GCJ24.csv,4.0,2042.2
426,45348,6,0,2041.6,5,2024-02-26,2024-02-26 06:00:00,2024-02-26 06:00:00,GCJ24.csv,67,GCJ24.csv,1.0,2041.3
427,45348,8,30,2041.7,1,2024-02-26,2024-02-26 08:30:00,2024-02-26 08:30:00,GCJ24.csv,132,GCJ24.csv,-4.0,2042.0
428,45348,9,20,2038.8,3,2024-02-26,2024-02-26 09:20:00,2024-02-26 09:20:00,GCJ24.csv,373,GCJ24.csv,2.0,2038.5
429,45348,9,40,2037.1,1,2024-02-26,2024-02-26 09:40:00,2024-02-26 09:40:00,GCJ24.csv,229,GCJ24.csv,-2.0,2037.5
430,45348,10,30,2036.3,2,2024-02-26,2024-02-26 10:30:00,2024-02-26 10:30:00,GCJ24.csv,171,GCJ24.csv,1.0,2036.0
431,45348,12,0,2037.1,1,2024-02-26,2024-02-26 12:00:00,2024-02-26 12:00:00,GCJ24.csv,68,GCJ24.csv,-1.0,2037.3999999999999
432,45348,14,30,2038.5,0,2024-02-26,2024-02-26 14:30:00,2024-02-26 14:30:00,GCJ24.csv,32,GCJ24.csv,-1.0,2038.8
433,45349,1,30,2043.1,4,2024-02-27,2024-02-27 01:30:00,2024-02-27 01:30:00,GCJ24.csv,25,GCJ24.csv,4.0,2042.8
434,45349,3,30,2047.0,0,2024-02-27,2024-02-27 03:30:00,2024-02-27 03:30:00,GCJ24.csv,312,GCJ24.csv,-4.0,2047.3
435,45349,4,30,2046.0,3,2024-02-27,2024-02-27 04:30:00,2024-02-27 04:30:00,GCJ24.csv,63,GCJ24.csv,3.0,2045.7
436,45349,6,0,2045.8,5,2024-02-27,2024-02-27 06:00:00,2024-02-27 06:00:00,GCJ24.csv,99,GCJ24.csv,2.0,2045.5
437,45349,8,30,2046.9,2,2024-02-27,2024-02-27 08:30:00,2024-02-27 08:30:00,GCJ24.csv,936,GCJ24.csv,-3.0,2047.2
438,45349,9,0,2044.8,3,2024-02-27,2024-02-27 09:00:00,2024-02-27 09:00:00,GCJ24.csv,236,GCJ24.csv,1.0,2044.5
439,45349,11,0,2043.1,2,2024-02-27,2024-02-27 11:00:00,2024-02-27 11:00:00,GCJ24.csv,177,GCJ24.csv,-1.0,2043.3999999999999
440,45349,12,0,2042.7,3,2024-02-27,2024-02-27 12:00:00,2024-02-27 12:00:00,GCJ24.csv,123,GCJ24.csv,1.0,2042.4
441,45350,1,30,2040.1,5,2024-02-28,2024-02-28 01:30:00,2024-02-28 01:30:00,GCJ24.csv,19,GCJ24.csv,2.0,2039.8
442,45350,3,30,2037.6,3,2024-02-28,2024-02-28 03:30:00,2024-02-28 03:30:00,GCJ24.csv,54,GCJ24.csv,-2.0,2037.8999999999999
443,45350,4,30,2034.6,1,2024-02-28,2024-02-28 04:30:00,2024-02-28 04:30:00,GCJ24.csv,99,GCJ24.csv,-2.0,2034.8999999999999
444,45350,6,0,2036.2,-1,2024-02-28,2024-02-28 06:00:00,2024-02-28 06:00:00,GCJ24.csv,50,GCJ24.csv,-2.0,2036.5
445,45350,8,30,2043.0,1,2024-02-28,2024-02-28 08:30:00,2024-02-28 08:30:00,GCJ24.csv,796,GCJ24.csv,2.0,2042.7
446,45350,9,0,2045.1,0,2024-02-28,2024-02-28 09:00:00,2024-02-28 09:00:00,GCJ24.csv,373,GCJ24.csv,-1.0,2045.3999999999999
447,45350,10,30,2042.2,-2,2024-02-28,2024-02-28 10:30:00,2024-02-28 10:30:00,GCJ24.csv,178,GCJ24.csv,-2.0,2042.5
448,45350,11,0,2041.1,-1,2024-02-28,2024-02-28 11:00:00,2024-02-28 11:00:00,GCJ24.csv,133,GCJ24.csv,1.0,2040.8
449,45350,12,0,2042.9,-2,2024-02-28,2024-02-28 12:00:00,2024-02-28 12:00:00,GCJ24.csv,82,GCJ24.csv,-1.0,2043.2
450,45350,14,30,2041.2,0,2024-02-28,2024-02-28 14:30:00,2024-02-28 14:30:00,GCJ24.csv,21,GCJ24.csv,2.0,2040.9
451,45351,1,30,2044.7,6,2024-02-29,2024-02-29 01:30:00,2024-02-29 01:30:00,GCJ24.csv,28,GCJ24.csv,6.0,2044.5
452,45351,3,30,2045.2,0,2024-02-29,2024-02-29 03:30:00,2024-02-29 03:30:00,GCJ24.csv,34,GCJ24.csv,-6.0,2045.5
453,45351,6,0,2038.7,-1,2024-02-29,2024-02-29 06:00:00,2024-02-29 06:00:00,GCJ24.csv,111,GCJ24.csv,-1.0,2039.0
454,45351,9,0,2056.5,-2,2024-02-29,2024-02-29 09:00:00,2024-02-29 09:00:00,GCJ24.csv,1203,GCJ24.csv,-1.0,2056.8
455,45351,9,20,2056.7,0,2024-02-29,2024-02-29 09:20:00,2024-02-29 09:20:00,GCJ24.csv,721,GCJ24.csv,2.0,2056.3999999999996
456,45351,10,30,2057.3,-3,2024-02-29,2024-02-29 10:30:00,2024-02-29 10:30:00,GCJ24.csv,315,GCJ24.csv,-3.0,2057.6000000000004
457,45351,11,0,2056.8,-4,2024-02-29,2024-02-29 11:00:00,2024-02-29 11:00:00,GCJ24.csv,261,GCJ24.csv,-1.0,2057.1000000000004
458,45351,12,0,2053.2,-2,2024-02-29,2024-02-29 12:00:00,2024-02-29 12:00:00,GCJ24.csv,333,GCJ24.csv,2.0,2052.8999999999996
459,45351,14,30,2055.1,1,2024-02-29,2024-02-29 14:30:00,2024-02-29 14:30:00,GCJ24.csv,88,GCJ24.csv,3.0,2054.7999999999997
460,45352,1,30,2055.9,3,2024-03-01,2024-03-01 01:30:00,2024-03-01 01:30:00,GCJ24.csv,30,GCJ24.csv,2.0,2055.6
461,45352,3,30,2050.4,1,2024-03-01,2024-03-01 03:30:00,2024-03-01 03:30:00,GCJ24.csv,80,GCJ24.csv,-2.0,2050.7000000000003
462,45352,4,30,2052.7,3,2024-03-01,2024-03-01 04:30:00,2024-03-01 04:30:00,GCJ24.csv,248,GCJ24.csv,2.0,2052.3999999999996
463,45352,6,0,2063.2,6,2024-03-01,2024-03-01 06:00:00,2024-03-01 06:00:00,GCJ24.csv,301,GCJ24.csv,3.0,2062.8999999999996
464,45352,8,30,2060.0,4,2024-03-01,2024-03-01 08:30:00,2024-03-01 08:30:00,GCJ24.csv,265,GCJ24.csv,-2.0,2060.3
465,45352,9,0,2060.0,5,2024-03-01,2024-03-01 09:00:00,2024-03-01 09:00:00,GCJ24.csv,110,GCJ24.csv,1.0,2059.7
466,45352,9,20,2064.2,3,2024-03-01,2024-03-01 09:20:00,2024-03-01 09:20:00,GCJ24.csv,435,GCJ24.csv,-2.0,2064.5
467,45352,9,40,2061.5,5,2024-03-01,2024-03-01 09:40:00,2024-03-01 09:40:00,GCJ24.csv,348,GCJ24.csv,2.0,2061.2
468,45352,9,50,2055.8,6,2024-03-01,2024-03-01 09:50:00,2024-03-01 09:50:00,GCJ24.csv,1041,GCJ24.csv,1.0,2055.5
469,45352,10,10,2061.2,5,2024-03-01,2024-03-01 10:10:00,2024-03-01 10:10:00,GCJ24.csv,1332,GCJ24.csv,-1.0,2061.5
470,45352,11,0,2078.0,4,2024-03-01,2024-03-01 11:00:00,2024-03-01 11:00:00,GCJ24.csv,604,GCJ24.csv,-1.0,2078.3
471,45352,16,30,2092.4,0,2024-03-01,2024-03-01 16:30:00,2024-03-01 16:30:00,GCJ24.csv,17,GCJ24.csv,-4.0,2092.7000000000003
472,45355,1,30,2090.1,-1,2024-03-04,2024-03-04 01:30:00,2024-03-04 01:30:00,GCJ24.csv,51,GCJ24.csv,-1.0,2090.4
473,45355,3,30,2093.9,0,2024-03-04,2024-03-04 03:30:00,2024-03-04 03:30:00,GCJ24.csv,418,GCJ24.csv,1.0,2093.6
474,45355,4,30,2091.9,2,2024-03-04,2024-03-04 04:30:00,2024-03-04 04:30:00,GCJ24.csv,78,GCJ24.csv,2.0,2091.6
475,45355,8,30,2091.4,0,2024-03-04,2024-03-04 08:30:00,2024-03-04 08:30:00,GCJ24.csv,313,GCJ24.csv,-2.0,2091.7000000000003
476,45355,9,10,2100.0,-1,2024-03-04,2024-03-04 09:10:00,2024-03-04 09:10:00,GCJ24.csv,342,GCJ24.csv,-1.0,2100.3
477,45355,9,20,2103.6,-3,2024-03-04,2024-03-04 09:20:00,2024-03-04 09:20:00,GCJ24.csv,555,GCJ24.csv,-2.0,2103.9
478,45355,9,40,2104.5,-1,2024-03-04,2024-03-04 09:40:00,2024-03-04 09:40:00,GCJ24.csv,567,GCJ24.csv,2.0,2104.2
479,45355,9,50,2108.0,0,2024-03-04,2024-03-04 09:50:00,2024-03-04 09:50:00,GCJ24.csv,377,GCJ24.csv,1.0,2107.7
480,45355,10,30,2109.6,-1,2024-03-04,2024-03-04 10:30:00,2024-03-04 10:30:00,GCJ24.csv,270,GCJ24.csv,-1.0,2109.9
481,45355,12,0,2127.9,0,2024-03-04,2024-03-04 12:00:00,2024-03-04 12:00:00,GCJ24.csv,432,GCJ24.csv,1.0,2127.6
482,45355,14,30,2124.8,1,2024-03-04,2024-03-04 14:30:00,2024-03-04 14:30:00,GCJ24.csv,139,GCJ24.csv,1.0,2124.5
483,45356,1,30,2124.7,3,2024-03-05,2024-03-05 01:30:00,2024-03-05 01:30:00,GCJ24.csv,162,GCJ24.csv,2.0,2124.3999999999996
484,45356,3,30,2129.4,1,2024-03-05,2024-03-05 03:30:00,2024-03-05 03:30:00,GCJ24.csv,312,GCJ24.csv,-2.0,2129.7000000000003
485,45356,6,0,2132.0,0,2024-03-05,2024-03-05 06:00:00,2024-03-05 06:00:00,GCJ24.csv,105,GCJ24.csv,-1.0,2132.3
486,45356,9,0,2136.3,1,2024-03-05,2024-03-05 09:00:00,2024-03-05 09:00:00,GCJ24.csv,568,GCJ24.csv,1.0,2136.0
487,45356,9,40,2137.6,2,2024-03-05,2024-03-05 09:40:00,2024-03-05 09:40:00,GCJ24.csv,555,GCJ24.csv,1.0,2137.2999999999997
488,45356,9,50,2137.3,3,2024-03-05,2024-03-05 09:50:00,2024-03-05 09:50:00,GCJ24.csv,330,GCJ24.csv,1.0,2137.0
489,45356,10,0,2139.7,2,2024-03-05,2024-03-05 10:00:00,2024-03-05 10:00:00,GCJ24.csv,2772,GCJ24.csv,-1.0,2140.0
490,45356,10,10,2141.0,1,2024-03-05,2024-03-05 10:10:00,2024-03-05 10:10:00,GCJ24.csv,728,GCJ24.csv,-1.0,2141.3
491,45356,10,30,2139.9,-1,2024-03-05,2024-03-05 10:30:00,2024-03-05 10:30:00,GCJ24.csv,433,GCJ24.csv,-2.0,2140.2000000000003
492,45356,11,0,2135.1,-2,2024-03-05,2024-03-05 11:00:00,2024-03-05 11:00:00,GCJ24.csv,715,GCJ24.csv,-1.0,2135.4
493,45356,12,0,2136.9,-1,2024-03-05,2024-03-05 12:00:00,2024-03-05 12:00:00,GCJ24.csv,225,GCJ24.csv,1.0,2136.6
494,45356,14,0,2139.3,1,2024-03-05,2024-03-05 14:00:00,2024-03-05 14:00:00,GCJ24.csv,472,GCJ24.csv,2.0,2139.0
495,45356,14,30,2142.2,3,2024-03-05,2024-03-05 14:30:00,2024-03-05 14:30:00,GCJ24.csv,40,GCJ24.csv,2.0,2141.8999999999996
496,45356,16,0,2138.2,1,2024-03-05,2024-03-05 16:00:00,2024-03-05 16:00:00,GCJ24.csv,197,GCJ24.csv,-2.0,2138.5
497,45357,1,30,2133.9,2,2024-03-06,2024-03-06 01:30:00,2024-03-06 01:30:00,GCJ24.csv,23,GCJ24.csv,1.0,2133.6
498,45357,3,30,2135.3,1,2024-03-06,2024-03-06 03:30:00,2024-03-06 03:30:00,GCJ24.csv,93,GCJ24.csv,-1.0,2135.6000000000004
499,45357,6,0,2133.8,0,2024-03-06,2024-03-06 06:00:00,2024-03-06 06:00:00,GCJ24.csv,38,GCJ24.csv,-1.0,2134.1000000000004
500,45357,9,0,2147.8,-2,2024-03-06,2024-03-06 09:00:00,2024-03-06 09:00:00,GCJ24.csv,897,GCJ24.csv,-2.0,2148.1000000000004
501,45357,9,20,2146.9,0,2024-03-06,2024-03-06 09:20:00,2024-03-06 09:20:00,GCJ24.csv,568,GCJ24.csv,2.0,2146.6
502,45357,9,40,2152.1,-2,2024-03-06,2024-03-06 09:40:00,2024-03-06 09:40:00,GCJ24.csv,559,GCJ24.csv,-2.0,2152.4
503,45357,9,50,2154.8,-4,2024-03-06,2024-03-06 09:50:00,2024-03-06 09:50:00,GCJ24.csv,785,GCJ24.csv,-2.0,2155.1000000000004
504,45357,10,0,2152.4,-1,2024-03-06,2024-03-06 10:00:00,2024-03-06 10:00:00,GCJ24.csv,2126,GCJ24.csv,3.0,2152.1
505,45357,10,10,2147.2,3,2024-03-06,2024-03-06 10:10:00,2024-03-06 10:10:00,GCJ24.csv,578,GCJ24.csv,4.0,2146.8999999999996
506,45357,10,20,2149.6,2,2024-03-06,2024-03-06 10:20:00,2024-03-06 10:20:00,GCJ24.csv,187,GCJ24.csv,-1.0,2149.9
507,45357,10,30,2148.9,-3,2024-03-06,2024-03-06 10:30:00,2024-03-06 10:30:00,GCJ24.csv,463,GCJ24.csv,-5.0,2149.2000000000003
508,45357,12,0,2156.3,-1,2024-03-06,2024-03-06 12:00:00,2024-03-06 12:00:00,GCJ24.csv,447,GCJ24.csv,2.0,2156.0
509,45357,14,0,2155.7,2,2024-03-06,2024-03-06 14:00:00,2024-03-06 14:00:00,GCJ24.csv,155,GCJ24.csv,3.0,2155.3999999999996
510,45357,14,30,2149.3,5,2024-03-06,2024-03-06 14:30:00,2024-03-06 14:30:00,GCJ24.csv,660,GCJ24.csv,3.0,2149.0
511,45357,16,0,2154.8,2,2024-03-06,2024-03-06 16:00:00,2024-03-06 16:00:00,GCJ24.csv,90,GCJ24.csv,-3.0,2155.1000000000004
512,45358,1,30,2161.1,3,2024-03-07,2024-03-07 01:30:00,2024-03-07 01:30:00,GCJ24.csv,40,GCJ24.csv,1.0,2160.7999999999997
513,45358,3,30,2165.0,2,2024-03-07,2024-03-07 03:30:00,2024-03-07 03:30:00,GCJ24.csv,175,GCJ24.csv,-1.0,2165.3
514,45358,9,0,2167.1,1,2024-03-07,2024-03-07 09:00:00,2024-03-07 09:00:00,GCJ24.csv,1003,GCJ24.csv,-1.0,2167.4
515,45358,9,20,2162.4,3,2024-03-07,2024-03-07 09:20:00,2024-03-07 09:20:00,GCJ24.csv,234,GCJ24.csv,2.0,2162.1
516,45358,10,0,2161.4,1,2024-03-07,2024-03-07 10:00:00,2024-03-07 10:00:00,GCJ24.csv,772,GCJ24.csv,-2.0,2161.7000000000003
517,45358,10,30,2160.1,4,2024-03-07,2024-03-07 10:30:00,2024-03-07 10:30:00,GCJ24.csv,309,GCJ24.csv,3.0,2159.7999999999997
518,45358,10,50,2162.5,3,2024-03-07,2024-03-07 10:50:00,2024-03-07 10:50:00,GCJ24.csv,305,GCJ24.csv,-1.0,2162.8
519,45358,11,0,2161.0,4,2024-03-07,2024-03-07 11:00:00,2024-03-07 11:00:00,GCJ24.csv,254,GCJ24.csv,1.0,2160.7
520,45358,12,0,2163.9,3,2024-03-07,2024-03-07 12:00:00,2024-03-07 12:00:00,GCJ24.csv,124,GCJ24.csv,-1.0,2164.2000000000003
521,45358,14,30,2166.3,1,2024-03-07,2024-03-07 14:30:00,2024-03-07 14:30:00,GCJ24.csv,25,GCJ24.csv,-2.0,2166.6000000000004
522,45359,1,30,2166.1,0,2024-03-08,2024-03-08 01:30:00,2024-03-08 01:30:00,GCJ24.csv,23,GCJ24.csv,-1.0,2166.5
523,45359,3,30,2173.5,1,2024-03-08,2024-03-08 03:30:00,2024-03-08 03:30:00,GCJ24.csv,1117,GCJ24.csv,1.0,2173.2
524,45359,6,0,2175.5,2,2024-03-08,2024-03-08 06:00:00,2024-03-08 06:00:00,GCJ24.csv,89,GCJ24.csv,1.0,2175.2
525,45359,8,40,2187.4,0,2024-03-08,2024-03-08 08:40:00,2024-03-08 08:40:00,GCJ24.csv,1103,GCJ24.csv,-2.0,2187.7000000000003
526,45359,8,50,2182.6,-2,2024-03-08,2024-03-08 08:50:00,2024-03-08 08:50:00,GCJ24.csv,1901,GCJ24.csv,-2.0,2182.9
527,45359,9,0,2177.9,1,2024-03-08,2024-03-08 09:00:00,2024-03-08 09:00:00,GCJ24.csv,594,GCJ24.csv,3.0,2177.6
528,45359,9,10,2172.1,4,2024-03-08,2024-03-08 09:10:00,2024-03-08 09:10:00,GCJ24.csv,892,GCJ24.csv,3.0,2171.7999999999997
529,45359,9,20,2176.2,2,2024-03-08,2024-03-08 09:20:00,2024-03-08 09:20:00,GCJ24.csv,280,GCJ24.csv,-2.0,2176.5
530,45359,9,30,2176.4,1,2024-03-08,2024-03-08 09:30:00,2024-03-08 09:30:00,GCJ24.csv,540,GCJ24.csv,-1.0,2176.7000000000003
531,45359,9,40,2173.3,4,2024-03-08,2024-03-08 09:40:00,2024-03-08 09:40:00,GCJ24.csv,512,GCJ24.csv,3.0,2173.0
532,45359,9,50,2178.2,2,2024-03-08,2024-03-08 09:50:00,2024-03-08 09:50:00,GCJ24.csv,207,GCJ24.csv,-2.0,2178.5
533,45359,10,0,2178.7,0,2024-03-08,2024-03-08 10:00:00,2024-03-08 10:00:00,GCJ24.csv,956,GCJ24.csv,-2.0,2179.0
534,45359,10,10,2179.1,2,2024-03-08,2024-03-08 10:10:00,2024-03-08 10:10:00,GCJ24.csv,489,GCJ24.csv,2.0,2178.7999999999997
535,45359,10,30,2176.9,1,2024-03-08,2024-03-08 10:30:00,2024-03-08 10:30:00,GCJ24.csv,287,GCJ24.csv,-1.0,2177.2000000000003
536,45359,12,0,2187.8,2,2024-03-08,2024-03-08 12:00:00,2024-03-08 12:00:00,GCJ24.csv,1243,GCJ24.csv,1.0,2187.5
537,45359,14,0,2181.5,4,2024-03-08,2024-03-08 14:00:00,2024-03-08 14:00:00,GCJ24.csv,173,GCJ24.csv,2.0,2181.2
538,45359,14,30,2182.1,5,2024-03-08,2024-03-08 14:30:00,2024-03-08 14:30:00,GCJ24.csv,151,GCJ24.csv,1.0,2181.7999999999997
539,45359,16,0,2184.2,3,2024-03-08,2024-03-08 16:00:00,2024-03-08 16:00:00,GCJ24.csv,317,GCJ24.csv,-2.0,2184.5
540,45359,16,30,2184.5,0,2024-03-08,2024-03-08 16:30:00,2024-03-08 16:30:00,GCJ24.csv,7,GCJ24.csv,-3.0,2184.8
541,45362,6,0,2186.8,-1,2024-03-11,2024-03-11 06:00:00,2024-03-11 06:00:00,GCJ24.csv,48,GCJ24.csv,-1.0,2187.1000000000004
542,45362,9,0,2183.8,1,2024-03-11,2024-03-11 09:00:00,2024-03-11 09:00:00,GCJ24.csv,341,GCJ24.csv,2.0,2183.5
543,45362,9,40,2188.9,-1,2024-03-11,2024-03-11 09:40:00,2024-03-11 09:40:00,GCJ24.csv,465,GCJ24.csv,-2.0,2189.2000000000003
544,45362,9,50,2189.6,-2,2024-03-11,2024-03-11 09:50:00,2024-03-11 09:50:00,GCJ24.csv,249,GCJ24.csv,-1.0,2189.9
545,45362,10,0,2188.2,0,2024-03-11,2024-03-11 10:00:00,2024-03-11 10:00:00,GCJ24.csv,391,GCJ24.csv,2.0,2187.8999999999996
546,45362,10,10,2183.9,3,2024-03-11,2024-03-11 10:10:00,2024-03-11 10:10:00,GCJ24.csv,260,GCJ24.csv,3.0,2183.6
547,45362,10,30,2187.8,1,2024-03-11,2024-03-11 10:30:00,2024-03-11 10:30:00,GCJ24.csv,289,GCJ24.csv,-2.0,2188.1000000000004
548,45362,11,0,2188.4,-1,2024-03-11,2024-03-11 11:00:00,2024-03-11 11:00:00,GCJ24.csv,290,GCJ24.csv,-2.0,2188.7000000000003
549,45362,14,0,2186.2,-2,2024-03-11,2024-03-11 14:00:00,2024-03-11 14:00:00,GCJ24.csv,356,GCJ24.csv,-1.0,2186.5
550,45362,16,0,2187.6,-1,2024-03-11,2024-03-11 16:00:00,2024-03-11 16:00:00,GCJ24.csv,48,GCJ24.csv,1.0,2187.2999999999997
551,45363,4,30,2183.2,0,2024-03-12,2024-03-12 04:30:00,2024-03-12 04:30:00,GCJ24.csv,47,GCJ24.csv,1.0,2182.8999999999996
552,45363,6,0,2183.0,1,2024-03-12,2024-03-12 06:00:00,2024-03-12 06:00:00,GCJ24.csv,233,GCJ24.csv,1.0,2182.7
553,45363,8,30,2176.1,0,2024-03-12,2024-03-12 08:30:00,2024-03-12 08:30:00,GCJ24.csv,5226,GCJ24.csv,-1.0,2176.4
554,45363,8,40,2184.0,-2,2024-03-12,2024-03-12 08:40:00,2024-03-12 08:40:00,GCJ24.csv,1902,GCJ24.csv,-2.0,2184.3
555,45363,8,50,2184.4,-3,2024-03-12,2024-03-12 08:50:00,2024-03-12 08:50:00,GCJ24.csv,1317,GCJ24.csv,-1.0,2184.7000000000003
556,45363,9,0,2175.5,2,2024-03-12,2024-03-12 09:00:00,2024-03-12 09:00:00,GCJ24.csv,2166,GCJ24.csv,5.0,2175.2
557,45363,9,10,2168.8,4,2024-03-12,2024-03-12 09:10:00,2024-03-12 09:10:00,GCJ24.csv,1606,GCJ24.csv,2.0,2168.5
558,45363,9,20,2166.9,3,2024-03-12,2024-03-12 09:20:00,2024-03-12 09:20:00,GCJ24.csv,619,GCJ24.csv,-1.0,2167.2000000000003
559,45363,9,40,2162.9,4,2024-03-12,2024-03-12 09:40:00,2024-03-12 09:40:00,GCJ24.csv,607,GCJ24.csv,1.0,2162.6
560,45363,9,50,2166.1,2,2024-03-12,2024-03-12 09:50:00,2024-03-12 09:50:00,GCJ24.csv,541,GCJ24.csv,-2.0,2166.4
561,45363,10,0,2165.8,1,2024-03-12,2024-03-12 10:00:00,2024-03-12 10:00:00,GCJ24.csv,1236,GCJ24.csv,-1.0,2166.1000000000004
562,45363,10,10,2158.9,3,2024-03-12,2024-03-12 10:10:00,2024-03-12 10:10:00,GCJ24.csv,675,GCJ24.csv,2.0,2158.6
563,45363,11,0,2167.6,1,2024-03-12,2024-03-12 11:00:00,2024-03-12 11:00:00,GCJ24.csv,1329,GCJ24.csv,-2.0,2167.9
564,45363,12,0,2168.6,4,2024-03-12,2024-03-12 12:00:00,2024-03-12 12:00:00,GCJ24.csv,179,GCJ24.csv,3.0,2168.2999999999997
565,45363,14,0,2160.1,5,2024-03-12,2024-03-12 14:00:00,2024-03-12 14:00:00,GCJ24.csv,887,GCJ24.csv,1.0,2159.7999999999997
566,45363,14,30,2160.9,4,2024-03-12,2024-03-12 14:30:00,2024-03-12 14:30:00,GCJ24.csv,164,GCJ24.csv,-1.0,2161.2000000000003
567,45363,16,0,2162.8,3,2024-03-12,2024-03-12 16:00:00,2024-03-12 16:00:00,GCJ24.csv,123,GCJ24.csv,-1.0,2163.1000000000004
568,45364,4,30,2164.4,4,2024-03-13,2024-03-13 04:30:00,2024-03-13 04:30:00,GCJ24.csv,115,GCJ24.csv,1.0,2164.1
569,45364,6,0,2163.8,6,2024-03-13,2024-03-13 06:00:00,2024-03-13 06:00:00,GCJ24.csv,80,GCJ24.csv,2.0,2163.5
570,45364,8,30,2169.2,5,2024-03-13,2024-03-13 08:30:00,2024-03-13 08:30:00,GCJ24.csv,310,GCJ24.csv,-1.0,2169.5
571,45364,9,40,2175.0,3,2024-03-13,2024-03-13 09:40:00,2024-03-13 09:40:00,GCJ24.csv,1287,GCJ24.csv,-2.0,2175.3
572,45364,10,0,2171.6,5,2024-03-13,2024-03-13 10:00:00,2024-03-13 10:00:00,GCJ24.csv,326,GCJ24.csv,2.0,2171.2999999999997
573,45364,12,0,2177.3,6,2024-03-13,2024-03-13 12:00:00,2024-03-13 12:00:00,GCJ24.csv,140,GCJ24.csv,1.0,2177.0
574,45365,1,30,2175.4,3,2024-03-14,2024-03-14 01:30:00,2024-03-14 01:30:00,GCJ24.csv,40,GCJ24.csv,-3.0,2175.8
575,45365,3,30,2171.9,6,2024-03-14,2024-03-14 03:30:00,2024-03-14 03:30:00,GCJ24.csv,66,GCJ24.csv,3.0,2171.6
576,45365,4,30,2173.8,8,2024-03-14,2024-03-14 04:30:00,2024-03-14 04:30:00,GCJ24.csv,404,GCJ24.csv,2.0,2173.5
577,45365,8,30,2171.7,6,2024-03-14,2024-03-14 08:30:00,2024-03-14 08:30:00,GCJ24.csv,2388,GCJ24.csv,-2.0,2172.0
578,45365,9,0,2167.3,7,2024-03-14,2024-03-14 09:00:00,2024-03-14 09:00:00,GCJ24.csv,765,GCJ24.csv,1.0,2167.0
579,45365,10,30,2166.5,8,2024-03-14,2024-03-14 10:30:00,2024-03-14 10:30:00,GCJ24.csv,375,GCJ24.csv,1.0,2166.2
580,45365,11,0,2165.9,7,2024-03-14,2024-03-14 11:00:00,2024-03-14 11:00:00,GCJ24.csv,635,GCJ24.csv,-1.0,2166.2000000000003
581,45365,12,0,2161.4,6,2024-03-14,2024-03-14 12:00:00,2024-03-14 12:00:00,GCJ24.csv,192,GCJ24.csv,-1.0,2161.7000000000003
582,45365,14,30,2166.1,5,2024-03-14,2024-03-14 14:30:00,2024-03-14 14:30:00,GCJ24.csv,108,GCJ24.csv,-1.0,2166.4
583,45366,1,30,2168.3,7,2024-03-15,2024-03-15 01:30:00,2024-03-15 01:30:00,GCJ24.csv,29,GCJ24.csv,2.0,2168.0
584,45366,3,30,2172.1,5,2024-03-15,2024-03-15 03:30:00,2024-03-15 03:30:00,GCJ24.csv,89,GCJ24.csv,-2.0,2172.4
585,45366,6,0,2176.1,7,2024-03-15,2024-03-15 06:00:00,2024-03-15 06:00:00,GCJ24.csv,695,GCJ24.csv,2.0,2175.7999999999997
586,45366,8,40,2163.2,8,2024-03-15,2024-03-15 08:40:00,2024-03-15 08:40:00,GCJ24.csv,552,GCJ24.csv,1.0,2162.8999999999996
587,45366,9,0,2165.6,7,2024-03-15,2024-03-15 09:00:00,2024-03-15 09:00:00,GCJ24.csv,471,GCJ24.csv,-1.0,2165.9
588,45366,10,30,2164.8,8,2024-03-15,2024-03-15 10:30:00,2024-03-15 10:30:00,GCJ24.csv,237,GCJ24.csv,1.0,2164.5
589,45366,12,0,2163.8,5,2024-03-15,2024-03-15 12:00:00,2024-03-15 12:00:00,GCJ24.csv,135,GCJ24.csv,-3.0,2164.1000000000004
590,45366,14,30,2161.4,4,2024-03-15,2024-03-15 14:30:00,2024-03-15 14:30:00,GCJ24.csv,69,GCJ24.csv,-1.0,2161.7000000000003
591,45366,16,30,2161.9,0,2024-03-15,2024-03-15 16:30:00,2024-03-15 16:30:00,GCJ24.csv,21,GCJ24.csv,-4.0,2162.3
592,45369,1,30,2149.9,-1,2024-03-18,2024-03-18 01:30:00,2024-03-18 01:30:00,GCJ24.csv,126,GCJ24.csv,-1.0,2150.2000000000003
593,45369,3,30,2153.8,0,2024-03-18,2024-03-18 03:30:00,2024-03-18 03:30:00,GCJ24.csv,189,GCJ24.csv,1.0,2153.5
594,45369,4,30,2156.2,-2,2024-03-18,2024-03-18 04:30:00,2024-03-18 04:30:00,GCJ24.csv,71,GCJ24.csv,-2.0,2156.5
595,45369,6,0,2158.4,1,2024-03-18,2024-03-18 06:00:00,2024-03-18 06:00:00,GCJ24.csv,45,GCJ24.csv,3.0,2158.1
596,45369,8,30,2165.1,3,2024-03-18,2024-03-18 08:30:00,2024-03-18 08:30:00,GCJ24.csv,534,GCJ24.csv,2.0,2164.7999999999997
597,45369,9,0,2162.3,5,2024-03-18,2024-03-18 09:00:00,2024-03-18 09:00:00,GCJ24.csv,555,GCJ24.csv,2.0,2162.0
598,45369,10,10,2164.0,3,2024-03-18,2024-03-18 10:10:00,2024-03-18 10:10:00,GCJ24.csv,211,GCJ24.csv,-2.0,2164.3
599,45369,10,30,2163.4,5,2024-03-18,2024-03-18 10:30:00,2024-03-18 10:30:00,GCJ24.csv,88,GCJ24.csv,2.0,2163.1
600,45369,11,0,2161.9,3,2024-03-18,2024-03-18 11:00:00,2024-03-18 11:00:00,GCJ24.csv,499,GCJ24.csv,-2.0,2162.2000000000003
601,45369,12,0,2161.7,5,2024-03-18,2024-03-18 12:00:00,2024-03-18 12:00:00,GCJ24.csv,185,GCJ24.csv,2.0,2161.3999999999996
602,45370,1,30,2161.6,3,2024-03-19,2024-03-19 01:30:00,2024-03-19 01:30:00,GCJ24.csv,139,GCJ24.csv,-2.0,2161.9
603,45370,3,30,2158.7,5,2024-03-19,2024-03-19 03:30:00,2024-03-19 03:30:00,GCJ24.csv,78,GCJ24.csv,2.0,2158.3999999999996
604,45370,4,30,2153.7,3,2024-03-19,2024-03-19 04:30:00,2024-03-19 04:30:00,GCJ24.csv,254,GCJ24.csv,-2.0,2154.0
605,45370,8,30,2156.4,5,2024-03-19,2024-03-19 08:30:00,2024-03-19 08:30:00,GCJ24.csv,606,GCJ24.csv,2.0,2156.1
606,45370,10,30,2155.9,7,2024-03-19,2024-03-19 10:30:00,2024-03-19 10:30:00,GCJ24.csv,120,GCJ24.csv,2.0,2155.6
607,45370,14,30,2159.7,5,2024-03-19,2024-03-19 14:30:00,2024-03-19 14:30:00,GCJ24.csv,21,GCJ24.csv,-2.0,2160.0
608,45371,1,30,2160.6,2,2024-03-20,2024-03-20 01:30:00,2024-03-20 01:30:00,GCJ24.csv,41,GCJ24.csv,-3.0,2161.0
609,45371,3,30,2161.9,5,2024-03-20,2024-03-20 03:30:00,2024-03-20 03:30:00,GCJ24.csv,60,GCJ24.csv,3.0,2161.6
610,45371,4,30,2159.1,3,2024-03-20,2024-03-20 04:30:00,2024-03-20 04:30:00,GCJ24.csv,42,GCJ24.csv,-2.0,2159.4
611,45371,6,0,2157.2,4,2024-03-20,2024-03-20 06:00:00,2024-03-20 06:00:00,GCJ24.csv,355,GCJ24.csv,1.0,2156.8999999999996
612,45371,8,30,2157.2,6,2024-03-20,2024-03-20 08:30:00,2024-03-20 08:30:00,GCJ24.csv,88,GCJ24.csv,2.0,2156.8999999999996
613,45371,9,0,2156.1,7,2024-03-20,2024-03-20 09:00:00,2024-03-20 09:00:00,GCJ24.csv,177,GCJ24.csv,1.0,2155.7999999999997
614,45371,9,30,2153.8,8,2024-03-20,2024-03-20 09:30:00,2024-03-20 09:30:00,GCJ24.csv,816,GCJ24.csv,1.0,2153.5
615,45371,9,50,2158.2,5,2024-03-20,2024-03-20 09:50:00,2024-03-20 09:50:00,GCJ24.csv,233,GCJ24.csv,-3.0,2158.5
616,45371,10,10,2167.3,4,2024-03-20,2024-03-20 10:10:00,2024-03-20 10:10:00,GCJ24.csv,624,GCJ24.csv,-1.0,2167.6000000000004
617,45371,10,30,2163.9,7,2024-03-20,2024-03-20 10:30:00,2024-03-20 10:30:00,GCJ24.csv,337,GCJ24.csv,3.0,2163.6
618,45371,11,0,2159.9,6,2024-03-20,2024-03-20 11:00:00,2024-03-20 11:00:00,GCJ24.csv,304,GCJ24.csv,-1.0,2160.2000000000003
619,45371,12,0,2158.8,7,2024-03-20,2024-03-20 12:00:00,2024-03-20 12:00:00,GCJ24.csv,135,GCJ24.csv,1.0,2158.5
620,45371,14,0,2160.7,5,2024-03-20,2024-03-20 14:00:00,2024-03-20 14:00:00,GCJ24.csv,3114,GCJ24.csv,-2.0,2161.0
621,45371,16,0,2186.5,7,2024-03-20,2024-03-20 16:00:00,2024-03-20 16:00:00,GCJ24.csv,457,GCJ24.csv,2.0,2186.2
622,45372,4,30,2205.6,8,2024-03-21,2024-03-21 04:30:00,2024-03-21 04:30:00,GCJ24.csv,581,GCJ24.csv,1.0,2205.2999999999997
623,45372,6,0,2207.8,1,2024-03-21,2024-03-21 06:00:00,2024-03-21 06:00:00,GCJ24.csv,86,GCJ24.csv,-7.0,2208.1000000000004
624,45372,8,30,2209.6,0,2024-03-21,2024-03-21 08:30:00,2024-03-21 08:30:00,GCJ24.csv,696,GCJ24.csv,-1.0,2209.9
625,45372,9,10,2205.8,2,2024-03-21,2024-03-21 09:10:00,2024-03-21 09:10:00,GCJ24.csv,473,GCJ24.csv,2.0,2205.5
626,45372,9,30,2204.4,0,2024-03-21,2024-03-21 09:30:00,2024-03-21 09:30:00,GCJ24.csv,1813,GCJ24.csv,-2.0,2204.7000000000003
627,45372,9,40,2201.6,2,2024-03-21,2024-03-21 09:40:00,2024-03-21 09:40:00,GCJ24.csv,279,GCJ24.csv,2.0,2201.2999999999997
628,45372,9,50,2198.2,4,2024-03-21,2024-03-21 09:50:00,2024-03-21 09:50:00,GCJ24.csv,755,GCJ24.csv,2.0,2197.8999999999996
629,45372,10,0,2193.1,3,2024-03-21,2024-03-21 10:00:00,2024-03-21 10:00:00,GCJ24.csv,1710,GCJ24.csv,-1.0,2193.5
630,45372,10,10,2185.7,2,2024-03-21,2024-03-21 10:10:00,2024-03-21 10:10:00,GCJ24.csv,1458,GCJ24.csv,-1.0,2186.1
631,45372,10,30,2178.7,5,2024-03-21,2024-03-21 10:30:00,2024-03-21 10:30:00,GCJ24.csv,1017,GCJ24.csv,3.0,2178.3999999999996
632,45372,10,40,2180.5,4,2024-03-21,2024-03-21 10:40:00,2024-03-21 10:40:00,GCJ24.csv,1072,GCJ24.csv,-1.0,2180.9
633,45372,10,50,2181.8,3,2024-03-21,2024-03-21 10:50:00,2024-03-21 10:50:00,GCJ24.csv,581,GCJ24.csv,-1.0,2182.1000000000004
634,45372,14,30,2183.7,0,2024-03-21,2024-03-21 14:30:00,2024-03-21 14:30:00,GCJ24.csv,59,GCJ24.csv,-3.0,2184.0
635,45373,1,30,2175.6,-1,2024-03-22,2024-03-22 01:30:00,2024-03-22 01:30:00,GCJ24.csv,88,GCJ24.csv,-1.0,2175.9
636,45373,3,30,2166.4,0,2024-03-22,2024-03-22 03:30:00,2024-03-22 03:30:00,GCJ24.csv,261,GCJ24.csv,1.0,2166.1
637,45373,6,0,2168.1,3,2024-03-22,2024-03-22 06:00:00,2024-03-22 06:00:00,GCJ24.csv,64,GCJ24.csv,3.0,2167.7999999999997
638,45373,9,50,2181.0,1,2024-03-22,2024-03-22 09:50:00,2024-03-22 09:50:00,GCJ24.csv,214,GCJ24.csv,-2.0,2181.3
639,45373,10,0,2180.6,0,2024-03-22,2024-03-22 10:00:00,2024-03-22 10:00:00,GCJ24.csv,202,GCJ24.csv,-1.0,2180.9
640,45373,10,10,2176.0,4,2024-03-22,2024-03-22 10:10:00,2024-03-22 10:10:00,GCJ24.csv,265,GCJ24.csv,4.0,2175.7
641,45373,10,20,2176.0,5,2024-03-22,2024-03-22 10:20:00,2024-03-22 10:20:00,GCJ24.csv,520,GCJ24.csv,1.0,2175.7
642,45373,14,0,2160.5,7,2024-03-22,2024-03-22 14:00:00,2024-03-22 14:00:00,GCJ24.csv,145,GCJ24.csv,2.0,2160.2
643,45373,14,30,2165.5,5,2024-03-22,2024-03-22 14:30:00,2024-03-22 14:30:00,GCJ24.csv,145,GCJ24.csv,-2.0,2165.8
644,45373,16,0,2165.7,3,2024-03-22,2024-03-22 16:00:00,2024-03-22 16:00:00,GCJ24.csv,142,GCJ24.csv,-2.0,2166.0
645,45373,16,30,2167.3,0,2024-03-22,2024-03-22 16:30:00,2024-03-22 16:30:00,GCJ24.csv,33,GCJ24.csv,-3.0,2167.6000000000004
646,45376,1,30,2169.4,-1,2024-03-25,2024-03-25 01:30:00,2024-03-25 01:30:00,GCJ24.csv,51,GCJ24.csv,-1.0,2169.7000000000003
647,45376,3,30,2167.7,0,2024-03-25,2024-03-25 03:30:00,2024-03-25 03:30:00,GCJ24.csv,31,GCJ24.csv,1.0,2167.3999999999996
648,45376,9,0,2175.6,-1,2024-03-25,2024-03-25 09:00:00,2024-03-25 09:00:00,GCJ24.csv,722,GCJ24.csv,-1.0,2175.9
649,45376,9,40,2178.8,-2,2024-03-25,2024-03-25 09:40:00,2024-03-25 09:40:00,GCJ24.csv,187,GCJ24.csv,-1.0,2179.1000000000004
650,45376,10,0,2178.3,-1,2024-03-25,2024-03-25 10:00:00,2024-03-25 10:00:00,GCJ24.csv,248,GCJ24.csv,1.0,2178.0
651,45376,10,30,2178.4,-2,2024-03-25,2024-03-25 10:30:00,2024-03-25 10:30:00,GCJ24.csv,234,GCJ24.csv,-1.0,2178.7000000000003
652,45376,11,0,2178.8,-1,2024-03-25,2024-03-25 11:00:00,2024-03-25 11:00:00,GCJ24.csv,429,GCJ24.csv,1.0,2178.5
653,45376,12,0,2176.5,2,2024-03-25,2024-03-25 12:00:00,2024-03-25 12:00:00,GCJ24.csv,133,GCJ24.csv,3.0,2176.2
654,45376,14,30,2175.3,3,2024-03-25,2024-03-25 14:30:00,2024-03-25 14:30:00,GCJ24.csv,28,GCJ24.csv,1.0,2175.0
655,45377,1,30,2172.2,4,2024-03-26,2024-03-26 01:30:00,2024-03-26 01:30:00,GCM24.csv,63,GCM24.csv,1.0,2193.6
656,45377,3,30,2172.1,3,2024-03-26,2024-03-26 03:30:00,2024-03-26 03:30:00,GCM24.csv,101,GCM24.csv,-1.0,2194.1
657,45377,6,0,2191.5,6,2024-03-26,2024-03-26 06:00:00,2024-03-26 06:00:00,GCM24.csv,92,GCM24.csv,3.0,2213.0
658,45377,8,50,2188.7,7,2024-03-26,2024-03-26 08:50:00,2024-03-26 08:50:00,GCM24.csv,257,GCM24.csv,1.0,2210.6
659,45377,9,10,2188.9,6,2024-03-26,2024-03-26 09:10:00,2024-03-26 09:10:00,GCM24.csv,118,GCM24.csv,-1.0,2211.4
660,45377,9,50,2183.3,7,2024-03-26,2024-03-26 09:50:00,2024-03-26 09:50:00,GCM24.csv,298,GCM24.csv,1.0,2205.0
661,45377,10,10,2185.6,6,2024-03-26,2024-03-26 10:10:00,2024-03-26 10:10:00,GCJ24.csv,203,GCJ24.csv,-1.0,2185.9
662,45378,4,30,2178.5,3,2024-03-27,2024-03-27 04:30:00,2024-03-27 04:30:00,GCM24.csv,97,GCM24.csv,-3.0,2200.6
663,45378,6,0,2188.2,4,2024-03-27,2024-03-27 06:00:00,2024-03-27 06:00:00,GCM24.csv,349,GCM24.csv,1.0,2209.4
664,45378,8,30,2186.1,7,2024-03-27,2024-03-27 08:30:00,2024-03-27 08:30:00,GCM24.csv,169,GCM24.csv,3.0,2207.5
665,45378,9,40,2190.9,5,2024-03-27,2024-03-27 09:40:00,2024-03-27 09:40:00,GCM24.csv,541,GCM24.csv,-2.0,2211.7000000000003
666,45378,10,0,2192.4,7,2024-03-27,2024-03-27 10:00:00,2024-03-27 10:00:00,GCM24.csv,456,GCM24.csv,2.0,2214.2
667,45378,10,30,2190.9,8,2024-03-27,2024-03-27 10:30:00,2024-03-27 10:30:00,GCM24.csv,173,GCM24.csv,1.0,2212.6
668,45378,12,0,2189.0,7,2024-03-27,2024-03-27 12:00:00,2024-03-27 12:00:00,GCM24.csv,401,GCM24.csv,-1.0,2211.6
669,45378,14,30,2188.7,6,2024-03-27,2024-03-27 14:30:00,2024-03-27 14:30:00,GCM24.csv,24,GCM24.csv,-1.0,2211.2000000000003
670,45379,4,30,2194.3,4,2024-03-28,2024-03-28 04:30:00,2024-03-28 04:30:00,GCM24.csv,61,GCM24.csv,-2.0,2214.6000000000004
671,45379,6,0,2195.1,0,2024-03-28,2024-03-28 06:00:00,2024-03-28 06:00:00,GCM24.csv,69,GCM24.csv,-4.0,2218.8
672,45379,8,30,2210.7,2,2024-03-28,2024-03-28 08:30:00,2024-03-28 08:30:00,GCM24.csv,750,GCM24.csv,2.0,2231.8999999999996
673,45379,8,40,2207.3,3,2024-03-28,2024-03-28 08:40:00,2024-03-28 08:40:00,GCM24.csv,457,GCM24.csv,1.0,2229.0
674,45379,9,0,2215.0,0,2024-03-28,2024-03-28 09:00:00,2024-03-28 09:00:00,GCM24.csv,2039,GCM24.csv,-3.0,2236.6000000000004
675,45379,9,10,2212.1,-1,2024-03-28,2024-03-28 09:10:00,2024-03-28 09:10:00,GCM24.csv,210,GCM24.csv,-1.0,2233.6
676,45379,9,20,2210.9,3,2024-03-28,2024-03-28 09:20:00,2024-03-28 09:20:00,GCM24.csv,469,GCM24.csv,4.0,2232.2
677,45379,9,30,2208.8,4,2024-03-28,2024-03-28 09:30:00,2024-03-28 09:30:00,GCM24.csv,982,GCM24.csv,1.0,2230.0
678,45379,10,0,2207.3,2,2024-03-28,2024-03-28 10:00:00,2024-03-28 10:00:00,GCM24.csv,578,GCM24.csv,-2.0,2228.8
679,45379,10,30,2206.1,0,2024-03-28,2024-03-28 10:30:00,2024-03-28 10:30:00,GCM24.csv,268,GCM24.csv,-2.0,2227.5
680,45379,12,0,2215.5,1,2024-03-28,2024-03-28 12:00:00,2024-03-28 12:00:00,GCM24.csv,608,GCM24.csv,1.0,2236.0
681,45379,14,30,2221.0,3,2024-03-28,2024-03-28 14:30:00,2024-03-28 14:30:00,GCM24.csv,236,GCM24.csv,2.0,2241.7999999999997
682,45380,12,0,2234.1,0,2024-03-29,2024-03-29 12:00:00,2024-03-29 12:00:00,GCM24.csv,248,GCM24.csv,-3.0,2255.2000000000003
683,45383,9,20,2255.9,-2,2024-04-01,2024-04-01 09:20:00,2024-04-01 09:20:00,GCM24.csv,266,GCM24.csv,-2.0,2276.7000000000003
684,45383,9,40,2255.9,0,2024-04-01,2024-04-01 09:40:00,2024-04-01 09:40:00,GCM24.csv,536,GCM24.csv,2.0,2271.1
685,45383,9,50,2250.9,2,2024-04-01,2024-04-01 09:50:00,2024-04-01 09:50:00,GCM24.csv,1688,GCM24.csv,2.0,2262.8999999999996
686,45383,10,0,2243.1,3,2024-04-01,2024-04-01 10:00:00,2024-04-01 10:00:00,GCM24.csv,1984,GCM24.csv,1.0,2262.7
687,45383,10,10,2235.9,2,2024-04-01,2024-04-01 10:10:00,2024-04-01 10:10:00,GCM24.csv,701,GCM24.csv,-1.0,2257.8
688,45383,10,20,2234.0,1,2024-04-01,2024-04-01 10:20:00,2024-04-01 10:20:00,GCM24.csv,776,GCM24.csv,-1.0,2253.0
689,45383,10,30,2234.0,0,2024-04-01,2024-04-01 10:30:00,2024-04-01 10:30:00,GCM24.csv,424,GCM24.csv,-1.0,2253.7000000000003
690,45384,1,30,2274.6,-3,2024-04-02,2024-04-02 01:30:00,2024-04-02 01:30:00,GCM24.csv,145,GCM24.csv,-3.0,2275.0
691,45384,3,30,2274.2,0,2024-04-02,2024-04-02 03:30:00,2024-04-02 03:30:00,GCM24.csv,141,GCM24.csv,3.0,2273.8999999999996
692,45384,4,30,2282.0,-2,2024-04-02,2024-04-02 04:30:00,2024-04-02 04:30:00,GCM24.csv,103,GCM24.csv,-2.0,2282.4
693,45384,6,0,2281.2,-3,2024-04-02,2024-04-02 06:00:00,2024-04-02 06:00:00,GCM24.csv,113,GCM24.csv,-1.0,2281.6
694,45384,8,30,2276.9,-1,2024-04-02,2024-04-02 08:30:00,2024-04-02 08:30:00,GCM24.csv,252,GCM24.csv,2.0,2276.6
695,45384,9,0,2277.7,0,2024-04-02,2024-04-02 09:00:00,2024-04-02 09:00:00,GCM24.csv,366,GCM24.csv,1.0,2277.2999999999997
696,45384,9,40,2284.3,-1,2024-04-02,2024-04-02 09:40:00,2024-04-02 09:40:00,GCM24.csv,1107,GCM24.csv,-1.0,2284.7000000000003
697,45384,10,0,2286.2,0,2024-04-02,2024-04-02 10:00:00,2024-04-02 10:00:00,GCM24.csv,858,GCM24.csv,1.0,2285.7999999999997
698,45384,11,0,2280.5,-1,2024-04-02,2024-04-02 11:00:00,2024-04-02 11:00:00,GCM24.csv,567,GCM24.csv,-1.0,2280.9
699,45385,1,30,2303.8,-4,2024-04-03,2024-04-03 01:30:00,2024-04-03 01:30:00,GCM24.csv,131,GCM24.csv,-3.0,2304.2000000000003
700,45385,3,30,2292.9,-1,2024-04-03,2024-04-03 03:30:00,2024-04-03 03:30:00,GCM24.csv,294,GCM24.csv,3.0,2292.6
701,45385,4,30,2289.6,-2,2024-04-03,2024-04-03 04:30:00,2024-04-03 04:30:00,GCM24.csv,102,GCM24.csv,-1.0,2290.0
702,45385,6,0,2292.2,-3,2024-04-03,2024-04-03 06:00:00,2024-04-03 06:00:00,GCM24.csv,59,GCM24.csv,-1.0,2292.6
703,45385,8,30,2288.7,-2,2024-04-03,2024-04-03 08:30:00,2024-04-03 08:30:00,GCM24.csv,1080,GCM24.csv,1.0,2288.3999999999996
704,45385,9,10,2297.9,-3,2024-04-03,2024-04-03 09:10:00,2024-04-03 09:10:00,GCM24.csv,299,GCM24.csv,-1.0,2298.3
705,45385,9,20,2295.5,-2,2024-04-03,2024-04-03 09:20:00,2024-04-03 09:20:00,GCM24.csv,180,GCM24.csv,1.0,2295.2
706,45385,9,30,2294.9,-1,2024-04-03,2024-04-03 09:30:00,2024-04-03 09:30:00,GCM24.csv,674,GCM24.csv,1.0,2294.6
707,45385,9,40,2294.5,-2,2024-04-03,2024-04-03 09:40:00,2024-04-03 09:40:00,GCM24.csv,304,GCM24.csv,-1.0,2294.9
708,45385,10,30,2296.3,-1,2024-04-03,2024-04-03 10:30:00,2024-04-03 10:30:00,GCM24.csv,823,GCM24.csv,1.0,2296.0
709,45385,12,0,2306.9,0,2024-04-03,2024-04-03 12:00:00,2024-04-03 12:00:00,GCM24.csv,204,GCM24.csv,1.0,2306.5
710,45385,14,0,2315.5,2,2024-04-03,2024-04-03 14:00:00,2024-04-03 14:00:00,GCM24.csv,104,GCM24.csv,2.0,2315.1
711,45385,14,30,2315.0,1,2024-04-03,2024-04-03 14:30:00,2024-04-03 14:30:00,GCM24.csv,40,GCM24.csv,-1.0,2315.4
712,45385,16,0,2318.1,-1,2024-04-03,2024-04-03 16:00:00,2024-04-03 16:00:00,GCM24.csv,151,GCM24.csv,-2.0,2318.5
713,45386,4,30,2310.9,-2,2024-04-04,2024-04-04 04:30:00,2024-04-04 04:30:00,GCM24.csv,106,GCM24.csv,-1.0,2311.3
714,45386,6,0,2312.6,-1,2024-04-04,2024-04-04 06:00:00,2024-04-04 06:00:00,GCM24.csv,17,GCM24.csv,1.0,2312.2999999999997
715,45386,8,30,2306.9,0,2024-04-04,2024-04-04 08:30:00,2024-04-04 08:30:00,GCM24.csv,1018,GCM24.csv,1.0,2306.5
716,45386,9,20,2308.5,-1,2024-04-04,2024-04-04 09:20:00,2024-04-04 09:20:00,GCM24.csv,123,GCM24.csv,-1.0,2308.9
717,45386,9,30,2308.9,-2,2024-04-04,2024-04-04 09:30:00,2024-04-04 09:30:00,GCM24.csv,356,GCM24.csv,-1.0,2309.3
718,45386,9,40,2307.2,-1,2024-04-04,2024-04-04 09:40:00,2024-04-04 09:40:00,GCM24.csv,663,GCM24.csv,1.0,2306.8999999999996
719,45386,9,50,2307.0,0,2024-04-04,2024-04-04 09:50:00,2024-04-04 09:50:00,GCM24.csv,209,GCM24.csv,1.0,2306.7
720,45386,10,10,2312.2,-1,2024-04-04,2024-04-04 10:10:00,2024-04-04 10:10:00,GCM24.csv,191,GCM24.csv,-1.0,2312.6
721,45386,10,30,2317.0,0,2024-04-04,2024-04-04 10:30:00,2024-04-04 10:30:00,GCM24.csv,822,GCM24.csv,1.0,2316.6
722,45386,12,0,2310.9,1,2024-04-04,2024-04-04 12:00:00,2024-04-04 12:00:00,GCM24.csv,70,GCM24.csv,1.0,2310.6
723,45386,14,0,2313.2,0,2024-04-04,2024-04-04 14:00:00,2024-04-04 14:00:00,GCM24.csv,128,GCM24.csv,-1.0,2313.6
724,45386,16,0,2305.1,1,2024-04-04,2024-04-04 16:00:00,2024-04-04 16:00:00,GCM24.csv,251,GCM24.csv,1.0,2304.7999999999997
725,45387,4,30,2306.5,2,2024-04-05,2024-04-05 04:30:00,2024-04-05 04:30:00,GCM24.csv,172,GCM24.csv,1.0,2306.1
726,45387,8,30,2315.7,1,2024-04-05,2024-04-05 08:30:00,2024-04-05 08:30:00,GCM24.csv,3781,GCM24.csv,-1.0,2316.1
727,45387,8,40,2306.3,3,2024-04-05,2024-04-05 08:40:00,2024-04-05 08:40:00,GCM24.csv,591,GCM24.csv,2.0,2305.9
728,45387,9,0,2310.3,1,2024-04-05,2024-04-05 09:00:00,2024-04-05 09:00:00,GCM24.csv,751,GCM24.csv,-2.0,2310.7000000000003
729,45387,9,10,2306.5,2,2024-04-05,2024-04-05 09:10:00,2024-04-05 09:10:00,GCM24.csv,309,GCM24.csv,1.0,2306.1
730,45387,9,20,2317.8,1,2024-04-05,2024-04-05 09:20:00,2024-04-05 09:20:00,GCM24.csv,1004,GCM24.csv,-1.0,2318.2000000000003
731,45387,9,30,2314.3,-2,2024-04-05,2024-04-05 09:30:00,2024-04-05 09:30:00,GCM24.csv,570,GCM24.csv,-3.0,2314.7000000000003
732,45387,9,40,2316.1,0,2024-04-05,2024-04-05 09:40:00,2024-04-05 09:40:00,GCM24.csv,529,GCM24.csv,2.0,2315.7
733,45387,9,50,2317.1,2,2024-04-05,2024-04-05 09:50:00,2024-04-05 09:50:00,GCM24.csv,1270,GCM24.csv,2.0,2316.7
734,45387,11,0,2337.3,1,2024-04-05,2024-04-05 11:00:00,2024-04-05 11:00:00,GCM24.csv,951,GCM24.csv,-1.0,2337.7000000000003
735,45387,12,0,2345.6,2,2024-04-05,2024-04-05 12:00:00,2024-04-05 12:00:00,GCM24.csv,503,GCM24.csv,1.0,2345.2
736,45387,16,30,2343.8,0,2024-04-05,2024-04-05 16:30:00,2024-04-05 16:30:00,GCM24.csv,38,GCM24.csv,-2.0,2344.1000000000004
737,45390,1,30,2360.1,-3,2024-04-08,2024-04-08 01:30:00,2024-04-08 01:30:00,GCM24.csv,308,GCM24.csv,-3.0,2360.5
738,45390,3,30,2354.9,0,2024-04-08,2024-04-08 03:30:00,2024-04-08 03:30:00,GCM24.csv,149,GCM24.csv,3.0,2354.5
739,45390,4,30,2354.1,-1,2024-04-08,2024-04-08 04:30:00,2024-04-08 04:30:00,GCM24.csv,167,GCM24.csv,-1.0,2354.5
740,45390,8,30,2345.1,0,2024-04-08,2024-04-08 08:30:00,2024-04-08 08:30:00,GCM24.csv,1556,GCM24.csv,1.0,2344.7
741,45390,9,20,2346.3,1,2024-04-08,2024-04-08 09:20:00,2024-04-08 09:20:00,GCM24.csv,294,GCM24.csv,1.0,2345.9
742,45390,9,30,2351.3,0,2024-04-08,2024-04-08 09:30:00,2024-04-08 09:30:00,GCM24.csv,843,GCM24.csv,-1.0,2351.7000000000003
743,45390,9,50,2349.4,1,2024-04-08,2024-04-08 09:50:00,2024-04-08 09:50:00,GCM24.csv,409,GCM24.csv,1.0,2349.0
744,45390,10,0,2346.7,2,2024-04-08,2024-04-08 10:00:00,2024-04-08 10:00:00,GCM24.csv,898,GCM24.csv,1.0,2346.2999999999997
745,45390,10,20,2340.8,0,2024-04-08,2024-04-08 10:20:00,2024-04-08 10:20:00,GCM24.csv,591,GCM24.csv,-2.0,2341.2000000000003
746,45390,10,30,2344.7,1,2024-04-08,2024-04-08 10:30:00,2024-04-08 10:30:00,GCM24.csv,375,GCM24.csv,1.0,2344.2999999999997
747,45390,12,0,2346.7,4,2024-04-08,2024-04-08 12:00:00,2024-04-08 12:00:00,GCM24.csv,172,GCM24.csv,3.0,2346.2999999999997
748,45390,14,0,2357.1,2,2024-04-08,2024-04-08 14:00:00,2024-04-08 14:00:00,GCM24.csv,131,GCM24.csv,-2.0,2357.5
749,45390,14,30,2361.0,1,2024-04-08,2024-04-08 14:30:00,2024-04-08 14:30:00,GCM24.csv,116,GCM24.csv,-1.0,2361.4
750,45390,16,0,2357.7,3,2024-04-08,2024-04-08 16:00:00,2024-04-08 16:00:00,GCM24.csv,400,GCM24.csv,2.0,2357.2999999999997
751,45391,1,30,2363.7,0,2024-04-09,2024-04-09 01:30:00,2024-04-09 01:30:00,GCM24.csv,115,GCM24.csv,-3.0,2364.1
752,45391,3,30,2370.8,3,2024-04-09,2024-04-09 03:30:00,2024-04-09 03:30:00,GCM24.csv,201,GCM24.csv,3.0,2370.4
753,45391,4,30,2374.8,2,2024-04-09,2024-04-09 04:30:00,2024-04-09 04:30:00,GCM24.csv,110,GCM24.csv,-1.0,2375.2000000000003
754,45391,6,0,2382.2,-1,2024-04-09,2024-04-09 06:00:00,2024-04-09 06:00:00,GCM24.csv,67,GCM24.csv,-3.0,2382.6
755,45391,8,30,2366.2,0,2024-04-09,2024-04-09 08:30:00,2024-04-09 08:30:00,GCM24.csv,449,GCM24.csv,1.0,2365.7999999999997
756,45391,9,0,2367.9,-1,2024-04-09,2024-04-09 09:00:00,2024-04-09 09:00:00,GCM24.csv,410,GCM24.csv,-1.0,2368.3
757,45391,9,40,2375.2,-3,2024-04-09,2024-04-09 09:40:00,2024-04-09 09:40:00,GCM24.csv,499,GCM24.csv,-2.0,2375.6
758,45391,10,0,2374.0,0,2024-04-09,2024-04-09 10:00:00,2024-04-09 10:00:00,GCM24.csv,486,GCM24.csv,3.0,2373.6
759,45391,10,10,2378.7,-2,2024-04-09,2024-04-09 10:10:00,2024-04-09 10:10:00,GCM24.csv,740,GCM24.csv,-2.0,2379.1
760,45391,10,20,2381.1,-3,2024-04-09,2024-04-09 10:20:00,2024-04-09 10:20:00,GCM24.csv,423,GCM24.csv,-1.0,2381.5
761,45391,10,30,2380.0,-2,2024-04-09,2024-04-09 10:30:00,2024-04-09 10:30:00,GCM24.csv,541,GCM24.csv,1.0,2379.6
762,45391,11,0,2371.9,-1,2024-04-09,2024-04-09 11:00:00,2024-04-09 11:00:00,GCM24.csv,309,GCM24.csv,1.0,2371.5
763,45391,12,0,2359.1,0,2024-04-09,2024-04-09 12:00:00,2024-04-09 12:00:00,GCM24.csv,453,GCM24.csv,1.0,2358.7
764,45391,14,0,2365.8,-1,2024-04-09,2024-04-09 14:00:00,2024-04-09 14:00:00,GCM24.csv,235,GCM24.csv,-1.0,2366.2000000000003
765,45391,14,30,2367.5,0,2024-04-09,2024-04-09 14:30:00,2024-04-09 14:30:00,GCM24.csv,55,GCM24.csv,1.0,2367.1
766,45391,16,0,2369.9,1,2024-04-09,2024-04-09 16:00:00,2024-04-09 16:00:00,GCM24.csv,356,GCM24.csv,1.0,2369.5
767,45392,4,30,2372.7,0,2024-04-10,2024-04-10 04:30:00,2024-04-10 04:30:00,GCM24.csv,130,GCM24.csv,-1.0,2373.0
768,45392,6,0,2365.4,4,2024-04-10,2024-04-10 06:00:00,2024-04-10 06:00:00,GCM24.csv,228,GCM24.csv,4.0,2365.0
769,45392,8,30,2368.6,5,2024-04-10,2024-04-10 08:30:00,2024-04-10 08:30:00,GCM24.csv,4970,GCM24.csv,1.0,2368.2
770,45392,8,50,2362.3,3,2024-04-10,2024-04-10 08:50:00,2024-04-10 08:50:00,GCM24.csv,743,GCM24.csv,-2.0,2362.7000000000003
771,45392,9,0,2357.5,5,2024-04-10,2024-04-10 09:00:00,2024-04-10 09:00:00,GCM24.csv,1300,GCM24.csv,2.0,2357.1
772,45392,9,10,2350.0,7,2024-04-10,2024-04-10 09:10:00,2024-04-10 09:10:00,GCM24.csv,522,GCM24.csv,2.0,2349.6
773,45392,9,20,2343.0,6,2024-04-10,2024-04-10 09:20:00,2024-04-10 09:20:00,GCM24.csv,813,GCM24.csv,-1.0,2343.4
774,45392,10,0,2352.5,4,2024-04-10,2024-04-10 10:00:00,2024-04-10 10:00:00,GCM24.csv,1051,GCM24.csv,-2.0,2352.9
775,45392,10,10,2361.6,2,2024-04-10,2024-04-10 10:10:00,2024-04-10 10:10:00,GCM24.csv,1065,GCM24.csv,-2.0,2362.0
776,45392,10,20,2365.6,4,2024-04-10,2024-04-10 10:20:00,2024-04-10 10:20:00,GCM24.csv,2071,GCM24.csv,2.0,2365.2
777,45392,10,30,2364.8,3,2024-04-10,2024-04-10 10:30:00,2024-04-10 10:30:00,GCM24.csv,670,GCM24.csv,-1.0,2365.2000000000003
778,45392,11,0,2364.4,2,2024-04-10,2024-04-10 11:00:00,2024-04-10 11:00:00,GCM24.csv,258,GCM24.csv,-1.0,2364.8
779,45392,12,0,2355.6,-1,2024-04-10,2024-04-10 12:00:00,2024-04-10 12:00:00,GCM24.csv,271,GCM24.csv,-3.0,2356.0
780,45392,14,0,2357.0,-2,2024-04-10,2024-04-10 14:00:00,2024-04-10 14:00:00,GCM24.csv,196,GCM24.csv,-1.0,2357.4
781,45392,14,30,2354.4,1,2024-04-10,2024-04-10 14:30:00,2024-04-10 14:30:00,GCM24.csv,66,GCM24.csv,3.0,2354.0
782,45392,16,0,2347.8,2,2024-04-10,2024-04-10 16:00:00,2024-04-10 16:00:00,GCM24.csv,112,GCM24.csv,1.0,2347.4
783,45393,1,30,2360.6,-1,2024-04-11,2024-04-11 01:30:00,2024-04-11 01:30:00,GCM24.csv,129,GCM24.csv,-3.0,2360.9
784,45393,3,30,2356.1,2,2024-04-11,2024-04-11 03:30:00,2024-04-11 03:30:00,GCM24.csv,157,GCM24.csv,3.0,2355.7
785,45393,4,30,2349.5,3,2024-04-11,2024-04-11 04:30:00,2024-04-11 04:30:00,GCM24.csv,75,GCM24.csv,1.0,2349.1
786,45393,6,0,2348.2,4,2024-04-11,2024-04-11 06:00:00,2024-04-11 06:00:00,GCM24.csv,91,GCM24.csv,1.0,2347.7999999999997
787,45393,8,30,2352.9,3,2024-04-11,2024-04-11 08:30:00,2024-04-11 08:30:00,GCM24.csv,2264,GCM24.csv,-1.0,2353.3
788,45393,8,40,2359.4,1,2024-04-11,2024-04-11 08:40:00,2024-04-11 08:40:00,GCM24.csv,488,GCM24.csv,-2.0,2359.9
789,45393,9,0,2359.0,3,2024-04-11,2024-04-11 09:00:00,2024-04-11 09:00:00,GCM24.csv,468,GCM24.csv,2.0,2358.6
790,45393,9,20,2360.8,2,2024-04-11,2024-04-11 09:20:00,2024-04-11 09:20:00,GCM24.csv,283,GCM24.csv,-1.0,2361.3
791,45393,9,40,2360.6,3,2024-04-11,2024-04-11 09:40:00,2024-04-11 09:40:00,GCM24.csv,321,GCM24.csv,1.0,2360.2
792,45393,9,50,2363.8,2,2024-04-11,2024-04-11 09:50:00,2024-04-11 09:50:00,GCM24.csv,357,GCM24.csv,-1.0,2364.3
793,45393,10,10,2361.0,3,2024-04-11,2024-04-11 10:10:00,2024-04-11 10:10:00,GCM24.csv,329,GCM24.csv,1.0,2360.6
794,45393,10,30,2354.6,4,2024-04-11,2024-04-11 10:30:00,2024-04-11 10:30:00,GCM24.csv,738,GCM24.csv,1.0,2354.2
795,45393,12,0,2362.4,5,2024-04-11,2024-04-11 12:00:00,2024-04-11 12:00:00,GCM24.csv,787,GCM24.csv,1.0,2362.0
796,45393,14,0,2374.0,6,2024-04-11,2024-04-11 14:00:00,2024-04-11 14:00:00,GCM24.csv,564,GCM24.csv,1.0,2373.6
797,45393,14,30,2379.5,5,2024-04-11,2024-04-11 14:30:00,2024-04-11 14:30:00,GCM24.csv,271,GCM24.csv,-1.0,2380.0
798,45393,16,0,2391.2,4,2024-04-11,2024-04-11 16:00:00,2024-04-11 16:00:00,GCM24.csv,196,GCM24.csv,-1.0,2391.7
799,45394,1,30,2402.2,2,2024-04-12,2024-04-12 01:30:00,2024-04-12 01:30:00,GCM24.csv,234,GCM24.csv,-2.0,2402.6
800,45394,3,30,2412.7,4,2024-04-12,2024-04-12 03:30:00,2024-04-12 03:30:00,GCM24.csv,417,GCM24.csv,2.0,2412.2999999999997
801,45394,4,30,2415.4,1,2024-04-12,2024-04-12 04:30:00,2024-04-12 04:30:00,GCM24.csv,196,GCM24.csv,-3.0,2415.8
802,45394,6,0,2415.4,-4,2024-04-12,2024-04-12 06:00:00,2024-04-12 06:00:00,GCM24.csv,79,GCM24.csv,-5.0,2415.9
803,45394,8,30,2412.3,-1,2024-04-12,2024-04-12 08:30:00,2024-04-12 08:30:00,GCM24.csv,348,GCM24.csv,3.0,2411.9
804,45394,8,50,2409.6,1,2024-04-12,2024-04-12 08:50:00,2024-04-12 08:50:00,GCM24.csv,273,GCM24.csv,2.0,2409.2
805,45394,9,10,2414.3,-1,2024-04-12,2024-04-12 09:10:00,2024-04-12 09:10:00,GCM24.csv,169,GCM24.csv,-2.0,2414.8
806,45394,9,20,2414.2,0,2024-04-12,2024-04-12 09:20:00,2024-04-12 09:20:00,GCM24.csv,282,GCM24.csv,1.0,2413.7
807,45394,9,50,2420.4,-1,2024-04-12,2024-04-12 09:50:00,2024-04-12 09:50:00,GCM24.csv,647,GCM24.csv,-1.0,2420.9
808,45394,10,0,2420.9,-2,2024-04-12,2024-04-12 10:00:00,2024-04-12 10:00:00,GCM24.csv,1190,GCM24.csv,-1.0,2421.4
809,45394,10,40,2433.0,-1,2024-04-12,2024-04-12 10:40:00,2024-04-12 10:40:00,GCM24.csv,469,GCM24.csv,1.0,2432.5
810,45394,11,0,2443.4,-2,2024-04-12,2024-04-12 11:00:00,2024-04-12 11:00:00,GCM24.csv,1206,GCM24.csv,-1.0,2443.9
811,45394,12,0,2412.0,-1,2024-04-12,2024-04-12 12:00:00,2024-04-12 12:00:00,GCM24.csv,520,GCM24.csv,1.0,2411.5
812,45394,14,0,2371.3,1,2024-04-12,2024-04-12 14:00:00,2024-04-12 14:00:00,GCM24.csv,292,GCM24.csv,2.0,2370.8
813,45394,14,30,2362.7,2,2024-04-12,2024-04-12 14:30:00,2024-04-12 14:30:00,GCM24.csv,520,GCM24.csv,1.0,2362.2999999999997
814,45394,16,0,2360.8,0,2024-04-12,2024-04-12 16:00:00,2024-04-12 16:00:00,GCM24.csv,188,GCM24.csv,-2.0,2361.3
815,45397,1,30,2372.8,-3,2024-04-15,2024-04-15 01:30:00,2024-04-15 01:30:00,GCM24.csv,129,GCM24.csv,-3.0,2373.1000000000004
816,45397,3,30,2370.8,0,2024-04-15,2024-04-15 03:30:00,2024-04-15 03:30:00,GCM24.csv,180,GCM24.csv,3.0,2370.4
817,45397,4,30,2366.1,4,2024-04-15,2024-04-15 04:30:00,2024-04-15 04:30:00,GCM24.csv,109,GCM24.csv,4.0,2365.7
818,45397,6,0,2366.2,5,2024-04-15,2024-04-15 06:00:00,2024-04-15 06:00:00,GCM24.csv,63,GCM24.csv,1.0,2365.7999999999997
819,45397,8,30,2372.4,1,2024-04-15,2024-04-15 08:30:00,2024-04-15 08:30:00,GCM24.csv,1356,GCM24.csv,-4.0,2372.8
820,45397,8,50,2374.8,0,2024-04-15,2024-04-15 08:50:00,2024-04-15 08:50:00,GCM24.csv,260,GCM24.csv,-1.0,2375.3
821,45397,9,0,2374.9,2,2024-04-15,2024-04-15 09:00:00,2024-04-15 09:00:00,GCM24.csv,1113,GCM24.csv,2.0,2374.4
822,45397,9,10,2372.2,3,2024-04-15,2024-04-15 09:10:00,2024-04-15 09:10:00,GCM24.csv,218,GCM24.csv,1.0,2371.7999999999997
823,45397,9,20,2370.0,5,2024-04-15,2024-04-15 09:20:00,2024-04-15 09:20:00,GCM24.csv,197,GCM24.csv,2.0,2369.6
824,45397,9,40,2367.8,3,2024-04-15,2024-04-15 09:40:00,2024-04-15 09:40:00,GCM24.csv,365,GCM24.csv,-2.0,2368.2000000000003
825,45397,9,50,2365.9,4,2024-04-15,2024-04-15 09:50:00,2024-04-15 09:50:00,GCM24.csv,350,GCM24.csv,1.0,2365.5
826,45397,10,10,2342.8,3,2024-04-15,2024-04-15 10:10:00,2024-04-15 10:10:00,GCM24.csv,1974,GCM24.csv,-1.0,2343.2000000000003
827,45397,11,0,2365.7,1,2024-04-15,2024-04-15 11:00:00,2024-04-15 11:00:00,GCM24.csv,502,GCM24.csv,-2.0,2366.2
828,45397,12,0,2368.2,0,2024-04-15,2024-04-15 12:00:00,2024-04-15 12:00:00,GCM24.csv,131,GCM24.csv,-1.0,2368.7
829,45397,14,0,2381.8,-2,2024-04-15,2024-04-15 14:00:00,2024-04-15 14:00:00,GCM24.csv,311,GCM24.csv,-2.0,2382.2000000000003
830,45397,16,0,2403.0,0,2024-04-15,2024-04-15 16:00:00,2024-04-15 16:00:00,GCM24.csv,247,GCM24.csv,2.0,2402.5
831,45398,1,30,2403.8,-3,2024-04-16,2024-04-16 01:30:00,2024-04-16 01:30:00,GCM24.csv,165,GCM24.csv,-3.0,2404.2000000000003
832,45398,3,30,2387.6,0,2024-04-16,2024-04-16 03:30:00,2024-04-16 03:30:00,GCM24.csv,172,GCM24.csv,3.0,2387.2
833,45398,4,30,2386.3,1,2024-04-16,2024-04-16 04:30:00,2024-04-16 04:30:00,GCM24.csv,246,GCM24.csv,1.0,2385.9
834,45398,8,30,2390.4,0,2024-04-16,2024-04-16 08:30:00,2024-04-16 08:30:00,GCM24.csv,726,GCM24.csv,-1.0,2390.9
835,45398,9,30,2394.7,-2,2024-04-16,2024-04-16 09:30:00,2024-04-16 09:30:00,GCM24.csv,891,GCM24.csv,-2.0,2395.2
836,45398,9,40,2389.3,-1,2024-04-16,2024-04-16 09:40:00,2024-04-16 09:40:00,GCM24.csv,695,GCM24.csv,1.0,2388.9
837,45398,9,50,2391.8,1,2024-04-16,2024-04-16 09:50:00,2024-04-16 09:50:00,GCM24.csv,560,GCM24.csv,2.0,2391.3
838,45398,10,20,2385.9,0,2024-04-16,2024-04-16 10:20:00,2024-04-16 10:20:00,GCM24.csv,264,GCM24.csv,-1.0,2386.4
839,45398,10,30,2382.7,3,2024-04-16,2024-04-16 10:30:00,2024-04-16 10:30:00,GCM24.csv,341,GCM24.csv,3.0,2382.2999999999997
840,45398,10,50,2392.8,2,2024-04-16,2024-04-16 10:50:00,2024-04-16 10:50:00,GCM24.csv,336,GCM24.csv,-1.0,2393.3
841,45398,12,0,2402.7,1,2024-04-16,2024-04-16 12:00:00,2024-04-16 12:00:00,GCM24.csv,375,GCM24.csv,-1.0,2403.2
842,45398,14,30,2405.7,-1,2024-04-16,2024-04-16 14:30:00,2024-04-16 14:30:00,GCM24.csv,917,GCM24.csv,-2.0,2406.2
843,45399,4,30,2404.6,1,2024-04-17,2024-04-17 04:30:00,2024-04-17 04:30:00,GCM24.csv,237,GCM24.csv,2.0,2404.2
844,45399,6,0,2408.3,4,2024-04-17,2024-04-17 06:00:00,2024-04-17 06:00:00,GCM24.csv,88,GCM24.csv,3.0,2408.0
845,45399,8,30,2400.3,2,2024-04-17,2024-04-17 08:30:00,2024-04-17 08:30:00,GCM24.csv,483,GCM24.csv,-2.0,2400.8
846,45399,8,40,2397.5,4,2024-04-17,2024-04-17 08:40:00,2024-04-17 08:40:00,GCM24.csv,591,GCM24.csv,2.0,2397.1
847,45399,10,10,2407.0,5,2024-04-17,2024-04-17 10:10:00,2024-04-17 10:10:00,GCM24.csv,363,GCM24.csv,1.0,2406.6
848,45399,10,30,2408.6,0,2024-04-17,2024-04-17 10:30:00,2024-04-17 10:30:00,GCM24.csv,342,GCM24.csv,-5.0,2409.1
849,45399,11,0,2406.7,-2,2024-04-17,2024-04-17 11:00:00,2024-04-17 11:00:00,GCM24.csv,326,GCM24.csv,-2.0,2407.2
850,45399,12,0,2398.6,-1,2024-04-17,2024-04-17 12:00:00,2024-04-17 12:00:00,GCM24.csv,338,GCM24.csv,1.0,2398.2
851,45399,14,0,2388.2,0,2024-04-17,2024-04-17 14:00:00,2024-04-17 14:00:00,GCM24.csv,257,GCM24.csv,1.0,2387.7999999999997
852,45399,14,30,2392.1,4,2024-04-17,2024-04-17 14:30:00,2024-04-17 14:30:00,GCM24.csv,359,GCM24.csv,4.0,2391.6
853,45399,16,0,2388.6,3,2024-04-17,2024-04-17 16:00:00,2024-04-17 16:00:00,GCM24.csv,84,GCM24.csv,-1.0,2389.0
854,45400,4,30,2395.0,7,2024-04-18,2024-04-18 04:30:00,2024-04-18 04:30:00,GCM24.csv,251,GCM24.csv,4.0,2394.6
855,45400,6,0,2394.2,6,2024-04-18,2024-04-18 06:00:00,2024-04-18 06:00:00,GCM24.csv,29,GCM24.csv,-1.0,2394.6
856,45400,8,30,2400.5,2,2024-04-18,2024-04-18 08:30:00,2024-04-18 08:30:00,GCM24.csv,1474,GCM24.csv,-4.0,2400.9
857,45400,8,40,2396.3,3,2024-04-18,2024-04-18 08:40:00,2024-04-18 08:40:00,GCM24.csv,185,GCM24.csv,1.0,2395.8
858,45400,9,0,2400.6,4,2024-04-18,2024-04-18 09:00:00,2024-04-18 09:00:00,GCM24.csv,821,GCM24.csv,1.0,2400.1
859,45400,9,30,2405.8,2,2024-04-18,2024-04-18 09:30:00,2024-04-18 09:30:00,GCM24.csv,816,GCM24.csv,-2.0,2406.3
860,45400,9,40,2393.9,3,2024-04-18,2024-04-18 09:40:00,2024-04-18 09:40:00,GCM24.csv,904,GCM24.csv,1.0,2393.4
861,45400,9,50,2395.8,5,2024-04-18,2024-04-18 09:50:00,2024-04-18 09:50:00,GCM24.csv,524,GCM24.csv,2.0,2395.3
862,45400,10,0,2395.1,4,2024-04-18,2024-04-18 10:00:00,2024-04-18 10:00:00,GCM24.csv,583,GCM24.csv,-1.0,2395.6
863,45400,10,30,2392.3,6,2024-04-18,2024-04-18 10:30:00,2024-04-18 10:30:00,GCM24.csv,288,GCM24.csv,2.0,2391.8
864,45400,11,0,2394.9,4,2024-04-18,2024-04-18 11:00:00,2024-04-18 11:00:00,GCM24.csv,297,GCM24.csv,-2.0,2395.4
865,45400,12,0,2399.5,5,2024-04-18,2024-04-18 12:00:00,2024-04-18 12:00:00,GCM24.csv,210,GCM24.csv,1.0,2399.1
866,45400,14,0,2399.9,8,2024-04-18,2024-04-18 14:00:00,2024-04-18 14:00:00,GCM24.csv,184,GCM24.csv,3.0,2399.5
867,45400,14,30,2396.9,6,2024-04-18,2024-04-18 14:30:00,2024-04-18 14:30:00,GCM24.csv,129,GCM24.csv,-2.0,2397.3
868,45400,16,0,2395.3,3,2024-04-18,2024-04-18 16:00:00,2024-04-18 16:00:00,GCM24.csv,77,GCM24.csv,-3.0,2395.7000000000003
869,45401,1,30,2398.6,2,2024-04-19,2024-04-19 01:30:00,2024-04-19 01:30:00,GCM24.csv,172,GCM24.csv,-1.0,2399.0
870,45401,3,30,2400.9,3,2024-04-19,2024-04-19 03:30:00,2024-04-19 03:30:00,GCM24.csv,146,GCM24.csv,1.0,2400.6
871,45401,4,30,2395.5,4,2024-04-19,2024-04-19 04:30:00,2024-04-19 04:30:00,GCM24.csv,105,GCM24.csv,1.0,2395.2
872,45401,6,0,2395.7,1,2024-04-19,2024-04-19 06:00:00,2024-04-19 06:00:00,GCM24.csv,65,GCM24.csv,-3.0,2396.1
873,45401,8,30,2396.0,0,2024-04-19,2024-04-19 08:30:00,2024-04-19 08:30:00,GCM24.csv,204,GCM24.csv,-1.0,2396.4
874,45401,9,10,2392.9,1,2024-04-19,2024-04-19 09:10:00,2024-04-19 09:10:00,GCM24.csv,279,GCM24.csv,1.0,2392.6
875,45401,9,30,2396.7,-1,2024-04-19,2024-04-19 09:30:00,2024-04-19 09:30:00,GCM24.csv,341,GCM24.csv,-2.0,2397.2
876,45401,9,50,2395.5,1,2024-04-19,2024-04-19 09:50:00,2024-04-19 09:50:00,GCM24.csv,234,GCM24.csv,2.0,2395.0
877,45401,10,10,2398.0,0,2024-04-19,2024-04-19 10:10:00,2024-04-19 10:10:00,GCM24.csv,133,GCM24.csv,-1.0,2398.5
878,45401,10,30,2403.0,-1,2024-04-19,2024-04-19 10:30:00,2024-04-19 10:30:00,GCM24.csv,366,GCM24.csv,-1.0,2403.5
879,45401,12,0,2409.7,0,2024-04-19,2024-04-19 12:00:00,2024-04-19 12:00:00,GCM24.csv,245,GCM24.csv,1.0,2409.2999999999997
880,45401,14,0,2408.7,1,2024-04-19,2024-04-19 14:00:00,2024-04-19 14:00:00,GCM24.csv,91,GCM24.csv,1.0,2408.3999999999996
881,45401,14,30,2410.0,2,2024-04-19,2024-04-19 14:30:00,2024-04-19 14:30:00,GCM24.csv,130,GCM24.csv,1.0,2409.7
882,45401,16,0,2403.5,1,2024-04-19,2024-04-19 16:00:00,2024-04-19 16:00:00,GCM24.csv,131,GCM24.csv,-1.0,2403.9
883,45401,16,30,2403.8,0,2024-04-19,2024-04-19 16:30:00,2024-04-19 16:30:00,GCM24.csv,54,GCM24.csv,-1.0,2404.2000000000003
884,45404,1,30,2382.9,-1,2024-04-22,2024-04-22 01:30:00,2024-04-22 01:30:00,GCM24.csv,197,GCM24.csv,-1.0,2383.3
885,45404,3,30,2372.2,0,2024-04-22,2024-04-22 03:30:00,2024-04-22 03:30:00,GCM24.csv,124,GCM24.csv,1.0,2371.7999999999997
886,45404,4,30,2372.5,-1,2024-04-22,2024-04-22 04:30:00,2024-04-22 04:30:00,GCM24.csv,69,GCM24.csv,-1.0,2372.9
887,45404,6,0,2375.1,-2,2024-04-22,2024-04-22 06:00:00,2024-04-22 06:00:00,GCM24.csv,40,GCM24.csv,-1.0,2375.5
888,45404,8,30,2360.8,-1,2024-04-22,2024-04-22 08:30:00,2024-04-22 08:30:00,GCM24.csv,396,GCM24.csv,1.0,2360.4
889,45404,9,0,2350.4,-2,2024-04-22,2024-04-22 09:00:00,2024-04-22 09:00:00,GCM24.csv,638,GCM24.csv,-1.0,2350.9
890,45404,9,10,2350.6,0,2024-04-22,2024-04-22 09:10:00,2024-04-22 09:10:00,GCM24.csv,427,GCM24.csv,2.0,2350.1
891,45404,9,20,2353.9,-1,2024-04-22,2024-04-22 09:20:00,2024-04-22 09:20:00,GCM24.csv,156,GCM24.csv,-1.0,2354.4
892,45404,9,30,2349.2,-2,2024-04-22,2024-04-22 09:30:00,2024-04-22 09:30:00,GCM24.csv,1167,GCM24.csv,-1.0,2349.7
893,45404,9,40,2349.6,0,2024-04-22,2024-04-22 09:40:00,2024-04-22 09:40:00,GCM24.csv,607,GCM24.csv,2.0,2349.1
894,45404,9,50,2352.8,-1,2024-04-22,2024-04-22 09:50:00,2024-04-22 09:50:00,GCM24.csv,323,GCM24.csv,-1.0,2353.3
895,45404,10,0,2352.7,-2,2024-04-22,2024-04-22 10:00:00,2024-04-22 10:00:00,GCM24.csv,977,GCM24.csv,-1.0,2353.2
896,45404,10,30,2354.4,-1,2024-04-22,2024-04-22 10:30:00,2024-04-22 10:30:00,GCM24.csv,561,GCM24.csv,1.0,2353.9
897,45404,11,0,2355.3,0,2024-04-22,2024-04-22 11:00:00,2024-04-22 11:00:00,GCM24.csv,218,GCM24.csv,1.0,2355.0
898,45404,12,0,2348.6,1,2024-04-22,2024-04-22 12:00:00,2024-04-22 12:00:00,GCM24.csv,385,GCM24.csv,1.0,2348.2999999999997
899,45404,14,0,2344.1,2,2024-04-22,2024-04-22 14:00:00,2024-04-22 14:00:00,GCM24.csv,210,GCM24.csv,1.0,2343.7999999999997
900,45404,14,30,2339.3,1,2024-04-22,2024-04-22 14:30:00,2024-04-22 14:30:00,GCM24.csv,251,GCM24.csv,-1.0,2339.7000000000003
901,45404,16,0,2343.6,0,2024-04-22,2024-04-22 16:00:00,2024-04-22 16:00:00,GCM24.csv,37,GCM24.csv,-1.0,2344.0
902,45405,4,30,2321.3,-2,2024-04-23,2024-04-23 04:30:00,2024-04-23 04:30:00,GCM24.csv,191,GCM24.csv,-2.0,2321.7000000000003
903,45405,6,0,2309.0,-1,2024-04-23,2024-04-23 06:00:00,2024-04-23 06:00:00,GCM24.csv,49,GCM24.csv,1.0,2308.7
904,45405,8,30,2321.7,1,2024-04-23,2024-04-23 08:30:00,2024-04-23 08:30:00,GCM24.csv,434,GCM24.csv,2.0,2321.2999999999997
905,45405,8,40,2326.7,-1,2024-04-23,2024-04-23 08:40:00,2024-04-23 08:40:00,GCM24.csv,301,GCM24.csv,-2.0,2327.2
906,45405,9,0,2325.0,1,2024-04-23,2024-04-23 09:00:00,2024-04-23 09:00:00,GCM24.csv,430,GCM24.csv,2.0,2324.6
907,45405,9,20,2329.1,-1,2024-04-23,2024-04-23 09:20:00,2024-04-23 09:20:00,GCM24.csv,245,GCM24.csv,-2.0,2329.5
908,45405,9,40,2332.5,1,2024-04-23,2024-04-23 09:40:00,2024-04-23 09:40:00,GCM24.csv,844,GCM24.csv,2.0,2332.0
909,45405,9,50,2338.2,-1,2024-04-23,2024-04-23 09:50:00,2024-04-23 09:50:00,GCM24.csv,1149,GCM24.csv,-2.0,2338.7
910,45405,10,0,2343.9,-2,2024-04-23,2024-04-23 10:00:00,2024-04-23 10:00:00,GCM24.csv,1560,GCM24.csv,-1.0,2344.4
911,45405,10,10,2342.0,0,2024-04-23,2024-04-23 10:10:00,2024-04-23 10:10:00,GCM24.csv,682,GCM24.csv,2.0,2341.5
912,45405,10,20,2336.5,1,2024-04-23,2024-04-23 10:20:00,2024-04-23 10:20:00,GCM24.csv,224,GCM24.csv,1.0,2336.0
913,45405,10,50,2330.8,0,2024-04-23,2024-04-23 10:50:00,2024-04-23 10:50:00,GCM24.csv,504,GCM24.csv,-1.0,2331.3
914,45405,12,0,2337.0,2,2024-04-23,2024-04-23 12:00:00,2024-04-23 12:00:00,GCM24.csv,153,GCM24.csv,2.0,2336.6
915,45405,14,0,2340.2,0,2024-04-23,2024-04-23 14:00:00,2024-04-23 14:00:00,GCM24.csv,42,GCM24.csv,-2.0,2340.6
916,45405,14,30,2340.9,1,2024-04-23,2024-04-23 14:30:00,2024-04-23 14:30:00,GCM24.csv,56,GCM24.csv,1.0,2340.6
917,45405,16,0,2336.5,3,2024-04-23,2024-04-23 16:00:00,2024-04-23 16:00:00,GCM24.csv,109,GCM24.csv,2.0,2336.2
918,45406,1,30,2339.7,1,2024-04-24,2024-04-24 01:30:00,2024-04-24 01:30:00,GCM24.csv,158,GCM24.csv,-2.0,2340.1
919,45406,3,30,2335.1,3,2024-04-24,2024-04-24 03:30:00,2024-04-24 03:30:00,GCM24.csv,127,GCM24.csv,2.0,2334.7
920,45406,4,30,2331.9,0,2024-04-24,2024-04-24 04:30:00,2024-04-24 04:30:00,GCM24.csv,81,GCM24.csv,-3.0,2332.3
921,45406,6,0,2328.1,-1,2024-04-24,2024-04-24 06:00:00,2024-04-24 06:00:00,GCM24.csv,77,GCM24.csv,-1.0,2328.5
922,45406,8,30,2328.9,2,2024-04-24,2024-04-24 08:30:00,2024-04-24 08:30:00,GCM24.csv,664,GCM24.csv,3.0,2328.5
923,45406,9,0,2336.3,1,2024-04-24,2024-04-24 09:00:00,2024-04-24 09:00:00,GCM24.csv,282,GCM24.csv,-1.0,2336.7000000000003
924,45406,9,10,2336.5,0,2024-04-24,2024-04-24 09:10:00,2024-04-24 09:10:00,GCM24.csv,239,GCM24.csv,-1.0,2336.9
925,45406,9,20,2330.9,5,2024-04-24,2024-04-24 09:20:00,2024-04-24 09:20:00,GCM24.csv,761,GCM24.csv,5.0,2330.5
926,45406,9,30,2333.2,6,2024-04-24,2024-04-24 09:30:00,2024-04-24 09:30:00,GCM24.csv,438,GCM24.csv,1.0,2332.7999999999997
927,45406,9,40,2336.3,2,2024-04-24,2024-04-24 09:40:00,2024-04-24 09:40:00,GCM24.csv,291,GCM24.csv,-4.0,2336.8
928,45406,10,0,2334.8,4,2024-04-24,2024-04-24 10:00:00,2024-04-24 10:00:00,GCM24.csv,261,GCM24.csv,2.0,2334.4
929,45406,11,0,2343.4,2,2024-04-24,2024-04-24 11:00:00,2024-04-24 11:00:00,GCM24.csv,2514,GCM24.csv,-2.0,2343.8
930,45407,1,30,2328.5,1,2024-04-25,2024-04-25 01:30:00,2024-04-25 01:30:00,GCM24.csv,107,GCM24.csv,-1.0,2328.9
931,45407,3,30,2334.4,2,2024-04-25,2024-04-25 03:30:00,2024-04-25 03:30:00,GCM24.csv,96,GCM24.csv,1.0,2334.0
932,45407,4,30,2337.3,-2,2024-04-25,2024-04-25 04:30:00,2024-04-25 04:30:00,GCM24.csv,108,GCM24.csv,-4.0,2337.7000000000003
933,45407,6,0,2337.3,3,2024-04-25,2024-04-25 06:00:00,2024-04-25 06:00:00,GCM24.csv,55,GCM24.csv,5.0,2337.0
934,45407,8,30,2340.3,7,2024-04-25,2024-04-25 08:30:00,2024-04-25 08:30:00,GCM24.csv,1889,GCM24.csv,4.0,2339.9
935,45407,9,0,2343.4,6,2024-04-25,2024-04-25 09:00:00,2024-04-25 09:00:00,GCM24.csv,531,GCM24.csv,-1.0,2343.9
936,45407,9,20,2325.3,8,2024-04-25,2024-04-25 09:20:00,2024-04-25 09:20:00,GCM24.csv,832,GCM24.csv,2.0,2324.9
937,45407,9,40,2333.0,6,2024-04-25,2024-04-25 09:40:00,2024-04-25 09:40:00,GCM24.csv,217,GCM24.csv,-2.0,2333.5
938,45407,10,0,2331.3,8,2024-04-25,2024-04-25 10:00:00,2024-04-25 10:00:00,GCM24.csv,650,GCM24.csv,2.0,2330.9
939,45407,11,0,2345.9,7,2024-04-25,2024-04-25 11:00:00,2024-04-25 11:00:00,GCM24.csv,1459,GCM24.csv,-1.0,2346.4
940,45407,14,0,2344.6,5,2024-04-25,2024-04-25 14:00:00,2024-04-25 14:00:00,GCM24.csv,79,GCM24.csv,-2.0,2345.0
941,45407,16,0,2345.2,7,2024-04-25,2024-04-25 16:00:00,2024-04-25 16:00:00,GCM24.csv,49,GCM24.csv,2.0,2344.8999999999996
942,45408,6,0,2361.4,3,2024-04-26,2024-04-26 06:00:00,2024-04-26 06:00:00,GCM24.csv,53,GCM24.csv,-4.0,2361.8
943,45408,8,40,2363.4,1,2024-04-26,2024-04-26 08:40:00,2024-04-26 08:40:00,GCM24.csv,557,GCM24.csv,-2.0,2363.8
944,45408,9,0,2357.2,3,2024-04-26,2024-04-26 09:00:00,2024-04-26 09:00:00,GCM24.csv,556,GCM24.csv,2.0,2356.7999999999997
945,45408,9,30,2354.1,4,2024-04-26,2024-04-26 09:30:00,2024-04-26 09:30:00,GCM24.csv,520,GCM24.csv,1.0,2353.7999999999997
946,45408,9,50,2352.0,3,2024-04-26,2024-04-26 09:50:00,2024-04-26 09:50:00,GCM24.csv,376,GCM24.csv,-1.0,2352.5
947,45408,12,0,2348.7,2,2024-04-26,2024-04-26 12:00:00,2024-04-26 12:00:00,GCM24.csv,106,GCM24.csv,-1.0,2349.1
948,45408,14,0,2350.3,1,2024-04-26,2024-04-26 14:00:00,2024-04-26 14:00:00,GCM24.csv,28,GCM24.csv,-1.0,2350.7000000000003
949,45408,16,0,2351.6,2,2024-04-26,2024-04-26 16:00:00,2024-04-26 16:00:00,GCM24.csv,103,GCM24.csv,1.0,2351.2
950,45408,16,30,2349.7,0,2024-04-26,2024-04-26 16:30:00,2024-04-26 16:30:00,GCM24.csv,59,GCM24.csv,-2.0,2350.1
951,45411,1,30,2344.7,-3,2024-04-29,2024-04-29 01:30:00,2024-04-29 01:30:00,GCM24.csv,186,GCM24.csv,-3.0,2345.1
952,45411,3,30,2344.4,0,2024-04-29,2024-04-29 03:30:00,2024-04-29 03:30:00,GCM24.csv,453,GCM24.csv,3.0,2344.0
953,45411,4,30,2349.6,-1,2024-04-29,2024-04-29 04:30:00,2024-04-29 04:30:00,GCM24.csv,67,GCM24.csv,-1.0,2350.0
954,45411,8,30,2345.3,0,2024-04-29,2024-04-29 08:30:00,2024-04-29 08:30:00,GCM24.csv,258,GCM24.csv,1.0,2344.9
955,45411,8,40,2341.0,2,2024-04-29,2024-04-29 08:40:00,2024-04-29 08:40:00,GCM24.csv,120,GCM24.csv,2.0,2340.6
956,45411,9,0,2343.3,0,2024-04-29,2024-04-29 09:00:00,2024-04-29 09:00:00,GCM24.csv,197,GCM24.csv,-2.0,2343.7000000000003
957,45411,10,30,2350.4,-1,2024-04-29,2024-04-29 10:30:00,2024-04-29 10:30:00,GCM24.csv,279,GCM24.csv,-1.0,2350.8
958,45411,12,0,2349.5,0,2024-04-29,2024-04-29 12:00:00,2024-04-29 12:00:00,GCM24.csv,92,GCM24.csv,1.0,2349.1
959,45411,14,30,2350.3,1,2024-04-29,2024-04-29 14:30:00,2024-04-29 14:30:00,GCM24.csv,139,GCM24.csv,1.0,2349.9
960,45412,1,30,2335.7,-2,2024-04-30,2024-04-30 01:30:00,2024-04-30 01:30:00,GCM24.csv,984,GCM24.csv,-3.0,2336.1
961,45412,3,30,2327.9,1,2024-04-30,2024-04-30 03:30:00,2024-04-30 03:30:00,GCM24.csv,151,GCM24.csv,3.0,2327.5
962,45412,4,30,2324.0,-2,2024-04-30,2024-04-30 04:30:00,2024-04-30 04:30:00,GCM24.csv,215,GCM24.csv,-3.0,2324.4
963,45412,8,30,2320.7,1,2024-04-30,2024-04-30 08:30:00,2024-04-30 08:30:00,GCM24.csv,2800,GCM24.csv,3.0,2320.2999999999997
964,45412,8,40,2315.7,3,2024-04-30,2024-04-30 08:40:00,2024-04-30 08:40:00,GCM24.csv,559,GCM24.csv,2.0,2315.2
965,45412,9,0,2316.8,1,2024-04-30,2024-04-30 09:00:00,2024-04-30 09:00:00,GCM24.csv,279,GCM24.csv,-2.0,2317.2000000000003
966,45412,9,50,2323.4,-1,2024-04-30,2024-04-30 09:50:00,2024-04-30 09:50:00,GCM24.csv,196,GCM24.csv,-2.0,2323.8
967,45412,10,10,2313.8,1,2024-04-30,2024-04-30 10:10:00,2024-04-30 10:10:00,GCM24.csv,591,GCM24.csv,2.0,2313.3
968,45412,10,30,2312.3,2,2024-04-30,2024-04-30 10:30:00,2024-04-30 10:30:00,GCM24.csv,235,GCM24.csv,1.0,2311.8
969,45412,12,0,2306.9,3,2024-04-30,2024-04-30 12:00:00,2024-04-30 12:00:00,GCM24.csv,208,GCM24.csv,1.0,2306.5
970,45412,14,0,2306.9,6,2024-04-30,2024-04-30 14:00:00,2024-04-30 14:00:00,GCM24.csv,90,GCM24.csv,3.0,2306.5
971,45412,14,30,2306.2,5,2024-04-30,2024-04-30 14:30:00,2024-04-30 14:30:00,GCM24.csv,72,GCM24.csv,-1.0,2306.6
972,45412,16,0,2302.3,2,2024-04-30,2024-04-30 16:00:00,2024-04-30 16:00:00,GCM24.csv,720,GCM24.csv,-3.0,2302.7000000000003
973,45413,4,30,2296.2,-2,2024-05-01,2024-05-01 04:30:00,2024-05-01 04:30:00,GCM24.csv,36,GCM24.csv,-4.0,2296.6
974,45413,6,0,2302.6,1,2024-05-01,2024-05-01 06:00:00,2024-05-01 06:00:00,GCM24.csv,108,GCM24.csv,3.0,2302.2
975,45413,8,30,2306.4,5,2024-05-01,2024-05-01 08:30:00,2024-05-01 08:30:00,GCM24.csv,344,GCM24.csv,4.0,2306.0
976,45413,10,10,2318.2,3,2024-05-01,2024-05-01 10:10:00,2024-05-01 10:10:00,GCM24.csv,679,GCM24.csv,-2.0,2318.7999999999997
977,45413,10,30,2317.0,5,2024-05-01,2024-05-01 10:30:00,2024-05-01 10:30:00,GCM24.csv,323,GCM24.csv,2.0,2316.6
978,45413,12,0,2318.1,2,2024-05-01,2024-05-01 12:00:00,2024-05-01 12:00:00,GCM24.csv,184,GCM24.csv,-3.0,2318.5
979,45413,14,0,2309.8,1,2024-05-01,2024-05-01 14:00:00,2024-05-01 14:00:00,GCM24.csv,1994,GCM24.csv,-1.0,2310.2000000000003
980,45413,16,0,2320.7,2,2024-05-01,2024-05-01 16:00:00,2024-05-01 16:00:00,GCM24.csv,558,GCM24.csv,1.0,2320.2999999999997
981,45414,1,30,2323.9,1,2024-05-02,2024-05-02 01:30:00,2024-05-02 01:30:00,GCM24.csv,62,GCM24.csv,-1.0,2324.3
982,45414,3,30,2320.4,2,2024-05-02,2024-05-02 03:30:00,2024-05-02 03:30:00,GCM24.csv,97,GCM24.csv,1.0,2320.0
983,45414,4,30,2313.8,-1,2024-05-02,2024-05-02 04:30:00,2024-05-02 04:30:00,GCM24.csv,124,GCM24.csv,-3.0,2314.2000000000003
984,45414,6,0,2311.1,-5,2024-05-02,2024-05-02 06:00:00,2024-05-02 06:00:00,GCM24.csv,44,GCM24.csv,-4.0,2311.5
985,45414,8,30,2311.5,-2,2024-05-02,2024-05-02 08:30:00,2024-05-02 08:30:00,GCM24.csv,741,GCM24.csv,3.0,2311.1
986,45414,9,0,2303.8,1,2024-05-02,2024-05-02 09:00:00,2024-05-02 09:00:00,GCM24.csv,307,GCM24.csv,3.0,2303.4
987,45414,9,10,2298.8,2,2024-05-02,2024-05-02 09:10:00,2024-05-02 09:10:00,GCM24.csv,634,GCM24.csv,1.0,2298.4
988,45414,9,20,2296.9,1,2024-05-02,2024-05-02 09:20:00,2024-05-02 09:20:00,GCM24.csv,332,GCM24.csv,-1.0,2297.4
989,45414,9,30,2300.0,0,2024-05-02,2024-05-02 09:30:00,2024-05-02 09:30:00,GCM24.csv,808,GCM24.csv,-1.0,2300.4
990,45414,9,40,2303.9,-2,2024-05-02,2024-05-02 09:40:00,2024-05-02 09:40:00,GCM24.csv,277,GCM24.csv,-2.0,2304.3
991,45414,10,0,2300.6,-1,2024-05-02,2024-05-02 10:00:00,2024-05-02 10:00:00,GCM24.csv,749,GCM24.csv,1.0,2300.2
992,45414,10,30,2305.9,-3,2024-05-02,2024-05-02 10:30:00,2024-05-02 10:30:00,GCM24.csv,172,GCM24.csv,-2.0,2306.3
993,45414,11,0,2313.6,-4,2024-05-02,2024-05-02 11:00:00,2024-05-02 11:00:00,GCM24.csv,676,GCM24.csv,-1.0,2314.0
994,45414,12,0,2309.2,-2,2024-05-02,2024-05-02 12:00:00,2024-05-02 12:00:00,GCM24.csv,136,GCM24.csv,2.0,2308.7999999999997
995,45414,14,30,2316.6,0,2024-05-02,2024-05-02 14:30:00,2024-05-02 14:30:00,GCM24.csv,59,GCM24.csv,2.0,2316.2
996,45415,1,30,2315.2,-3,2024-05-03,2024-05-03 01:30:00,2024-05-03 01:30:00,GCM24.csv,47,GCM24.csv,-3.0,2315.6
997,45415,3,30,2308.1,0,2024-05-03,2024-05-03 03:30:00,2024-05-03 03:30:00,GCM24.csv,38,GCM24.csv,3.0,2307.7
998,45415,4,30,2308.6,-1,2024-05-03,2024-05-03 04:30:00,2024-05-03 04:30:00,GCM24.csv,35,GCM24.csv,-1.0,2309.0
999,45415,6,0,2310.2,3,2024-05-03,2024-05-03 06:00:00,2024-05-03 06:00:00,GCM24.csv,42,GCM24.csv,4.0,2309.7999999999997
1000,45415,8,30,2305.3,4,2024-05-03,2024-05-03 08:30:00,2024-05-03 08:30:00,GCM24.csv,5284,GCM24.csv,1.0,2304.9
1001,45415,9,0,2313.0,1,2024-05-03,2024-05-03 09:00:00,2024-05-03 09:00:00,GCM24.csv,584,GCM24.csv,-3.0,2313.6
1002,45415,9,20,2310.7,2,2024-05-03,2024-05-03 09:20:00,2024-05-03 09:20:00,GCM24.csv,323,GCM24.csv,1.0,2310.2
1003,45415,9,40,2290.9,3,2024-05-03,2024-05-03 09:40:00,2024-05-03 09:40:00,GCM24.csv,811,GCM24.csv,1.0,2290.4
1004,45415,9,50,2296.8,4,2024-05-03,2024-05-03 09:50:00,2024-05-03 09:50:00,GCM24.csv,937,GCM24.csv,1.0,2296.4
1005,45415,10,0,2309.4,2,2024-05-03,2024-05-03 10:00:00,2024-05-03 10:00:00,GCM24.csv,2140,GCM24.csv,-2.0,2310.0
1006,45415,10,10,2304.3,1,2024-05-03,2024-05-03 10:10:00,2024-05-03 10:10:00,GCM24.csv,472,GCM24.csv,-1.0,2304.9
1007,45415,10,20,2294.6,3,2024-05-03,2024-05-03 10:20:00,2024-05-03 10:20:00,GCM24.csv,1171,GCM24.csv,2.0,2294.1
1008,45415,10,30,2295.1,4,2024-05-03,2024-05-03 10:30:00,2024-05-03 10:30:00,GCM24.csv,296,GCM24.csv,1.0,2294.6
1009,45415,10,40,2298.0,3,2024-05-03,2024-05-03 10:40:00,2024-05-03 10:40:00,GCM24.csv,517,GCM24.csv,-1.0,2298.6
1010,45415,11,0,2300.0,5,2024-05-03,2024-05-03 11:00:00,2024-05-03 11:00:00,GCM24.csv,196,GCM24.csv,2.0,2299.6
1011,45415,12,0,2302.2,6,2024-05-03,2024-05-03 12:00:00,2024-05-03 12:00:00,GCM24.csv,208,GCM24.csv,1.0,2301.7999999999997
1012,45415,14,30,2307.3,5,2024-05-03,2024-05-03 14:30:00,2024-05-03 14:30:00,GCM24.csv,33,GCM24.csv,-1.0,2307.7000000000003
1013,45415,16,30,2309.9,0,2024-05-03,2024-05-03 16:30:00,2024-05-03 16:30:00,GCM24.csv,81,GCM24.csv,-5.0,2310.3
1014,45418,1,30,2319.7,-3,2024-05-06,2024-05-06 01:30:00,2024-05-06 01:30:00,GCM24.csv,57,GCM24.csv,-3.0,2320.1
1015,45418,3,30,2325.3,0,2024-05-06,2024-05-06 03:30:00,2024-05-06 03:30:00,GCM24.csv,61,GCM24.csv,3.0,2324.9
1016,45418,4,30,2330.0,-1,2024-05-06,2024-05-06 04:30:00,2024-05-06 04:30:00,GCM24.csv,63,GCM24.csv,-1.0,2330.4
1017,45418,6,0,2330.1,1,2024-05-06,2024-05-06 06:00:00,2024-05-06 06:00:00,GCM24.csv,62,GCM24.csv,2.0,2329.7
1018,45418,8,30,2324.9,2,2024-05-06,2024-05-06 08:30:00,2024-05-06 08:30:00,GCM24.csv,151,GCM24.csv,1.0,2324.5
1019,45418,8,50,2336.6,1,2024-05-06,2024-05-06 08:50:00,2024-05-06 08:50:00,GCM24.csv,457,GCM24.csv,-1.0,2337.0
1020,45418,9,0,2332.5,3,2024-05-06,2024-05-06 09:00:00,2024-05-06 09:00:00,GCM24.csv,430,GCM24.csv,2.0,2332.1
1021,45418,9,10,2332.8,4,2024-05-06,2024-05-06 09:10:00,2024-05-06 09:10:00,GCM24.csv,199,GCM24.csv,1.0,2332.4
1022,45418,9,20,2333.3,3,2024-05-06,2024-05-06 09:20:00,2024-05-06 09:20:00,GCM24.csv,142,GCM24.csv,-1.0,2333.7000000000003
1023,45418,9,40,2337.6,1,2024-05-06,2024-05-06 09:40:00,2024-05-06 09:40:00,GCM24.csv,2498,GCM24.csv,-2.0,2338.0
1024,45418,9,50,2333.2,2,2024-05-06,2024-05-06 09:50:00,2024-05-06 09:50:00,GCM24.csv,279,GCM24.csv,1.0,2332.7
1025,45418,10,0,2337.3,4,2024-05-06,2024-05-06 10:00:00,2024-05-06 10:00:00,GCM24.csv,565,GCM24.csv,2.0,2336.9
1026,45418,10,10,2337.4,3,2024-05-06,2024-05-06 10:10:00,2024-05-06 10:10:00,GCM24.csv,214,GCM24.csv,-1.0,2337.8
1027,45418,10,30,2333.5,2,2024-05-06,2024-05-06 10:30:00,2024-05-06 10:30:00,GCM24.csv,94,GCM24.csv,-1.0,2333.9
1028,45418,11,0,2329.4,1,2024-05-06,2024-05-06 11:00:00,2024-05-06 11:00:00,GCM24.csv,237,GCM24.csv,-1.0,2329.8
1029,45418,12,0,2333.6,0,2024-05-06,2024-05-06 12:00:00,2024-05-06 12:00:00,GCM24.csv,65,GCM24.csv,-1.0,2334.0
1030,45418,14,0,2333.6,2,2024-05-06,2024-05-06 14:00:00,2024-05-06 14:00:00,GCM24.csv,101,GCM24.csv,2.0,2333.2
1031,45418,14,30,2334.8,3,2024-05-06,2024-05-06 14:30:00,2024-05-06 14:30:00,GCM24.csv,150,GCM24.csv,1.0,2334.4
1032,45418,16,0,2333.5,1,2024-05-06,2024-05-06 16:00:00,2024-05-06 16:00:00,GCM24.csv,77,GCM24.csv,-2.0,2333.9
1033,45419,1,30,2330.8,0,2024-05-07,2024-05-07 01:30:00,2024-05-07 01:30:00,GCM24.csv,90,GCM24.csv,-1.0,2331.1000000000004
1034,45419,3,30,2329.1,1,2024-05-07,2024-05-07 03:30:00,2024-05-07 03:30:00,GCM24.csv,116,GCM24.csv,1.0,2328.7
1035,45419,4,30,2323.6,-1,2024-05-07,2024-05-07 04:30:00,2024-05-07 04:30:00,GCM24.csv,35,GCM24.csv,-2.0,2324.0
1036,45419,6,0,2322.2,-2,2024-05-07,2024-05-07 06:00:00,2024-05-07 06:00:00,GCM24.csv,74,GCM24.csv,-1.0,2322.6
1037,45419,8,30,2321.5,0,2024-05-07,2024-05-07 08:30:00,2024-05-07 08:30:00,GCM24.csv,105,GCM24.csv,2.0,2321.1
1038,45419,9,0,2324.5,1,2024-05-07,2024-05-07 09:00:00,2024-05-07 09:00:00,GCM24.csv,299,GCM24.csv,1.0,2324.1
1039,45419,9,10,2328.1,-1,2024-05-07,2024-05-07 09:10:00,2024-05-07 09:10:00,GCM24.csv,366,GCM24.csv,-2.0,2328.5
1040,45419,9,20,2330.1,-2,2024-05-07,2024-05-07 09:20:00,2024-05-07 09:20:00,GCM24.csv,751,GCM24.csv,-1.0,2330.5
1041,45419,9,30,2326.3,0,2024-05-07,2024-05-07 09:30:00,2024-05-07 09:30:00,GCM24.csv,283,GCM24.csv,2.0,2325.9
1042,45419,9,40,2326.9,1,2024-05-07,2024-05-07 09:40:00,2024-05-07 09:40:00,GCM24.csv,107,GCM24.csv,1.0,2326.5
1043,45419,10,30,2328.2,4,2024-05-07,2024-05-07 10:30:00,2024-05-07 10:30:00,GCM24.csv,217,GCM24.csv,3.0,2327.7999999999997
1044,45419,11,0,2322.6,3,2024-05-07,2024-05-07 11:00:00,2024-05-07 11:00:00,GCM24.csv,689,GCM24.csv,-1.0,2323.0
1045,45419,12,0,2323.6,6,2024-05-07,2024-05-07 12:00:00,2024-05-07 12:00:00,GCM24.csv,149,GCM24.csv,3.0,2323.2
1046,45419,14,30,2323.2,3,2024-05-07,2024-05-07 14:30:00,2024-05-07 14:30:00,GCM24.csv,29,GCM24.csv,-3.0,2323.6
1047,45420,1,30,2327.5,5,2024-05-08,2024-05-08 01:30:00,2024-05-08 01:30:00,GCM24.csv,178,GCM24.csv,2.0,2327.1
1048,45420,3,30,2319.9,3,2024-05-08,2024-05-08 03:30:00,2024-05-08 03:30:00,GCM24.csv,51,GCM24.csv,-2.0,2320.3
1049,45420,4,30,2312.3,0,2024-05-08,2024-05-08 04:30:00,2024-05-08 04:30:00,GCM24.csv,109,GCM24.csv,-3.0,2312.7000000000003
1050,45420,6,0,2318.7,2,2024-05-08,2024-05-08 06:00:00,2024-05-08 06:00:00,GCM24.csv,412,GCM24.csv,2.0,2318.2999999999997
1051,45420,8,30,2326.1,5,2024-05-08,2024-05-08 08:30:00,2024-05-08 08:30:00,GCM24.csv,144,GCM24.csv,3.0,2325.7
1052,45420,12,0,2328.3,1,2024-05-08,2024-05-08 12:00:00,2024-05-08 12:00:00,GCM24.csv,247,GCM24.csv,-4.0,2328.7000000000003
1053,45421,6,0,2314.4,0,2024-05-09,2024-05-09 06:00:00,2024-05-09 06:00:00,GCM24.csv,66,GCM24.csv,-1.0,2314.8
1054,45421,8,40,2333.2,-1,2024-05-09,2024-05-09 08:40:00,2024-05-09 08:40:00,GCM24.csv,524,GCM24.csv,-1.0,2333.8999999999996
1055,45421,8,50,2334.4,-3,2024-05-09,2024-05-09 08:50:00,2024-05-09 08:50:00,GCM24.csv,427,GCM24.csv,-2.0,2335.1
1056,45421,9,0,2333.0,-2,2024-05-09,2024-05-09 09:00:00,2024-05-09 09:00:00,GCM24.csv,768,GCM24.csv,1.0,2332.6
1057,45421,9,10,2329.8,1,2024-05-09,2024-05-09 09:10:00,2024-05-09 09:10:00,GCM24.csv,1969,GCM24.csv,3.0,2329.4
1058,45421,9,20,2321.4,2,2024-05-09,2024-05-09 09:20:00,2024-05-09 09:20:00,GCM24.csv,589,GCM24.csv,1.0,2321.0
1059,45421,9,30,2324.4,3,2024-05-09,2024-05-09 09:30:00,2024-05-09 09:30:00,GCM24.csv,894,GCM24.csv,1.0,2324.0
1060,45421,9,40,2326.5,2,2024-05-09,2024-05-09 09:40:00,2024-05-09 09:40:00,GCM24.csv,345,GCM24.csv,-1.0,2327.2
1061,45421,9,50,2328.0,0,2024-05-09,2024-05-09 09:50:00,2024-05-09 09:50:00,GCM24.csv,206,GCM24.csv,-2.0,2328.7
1062,45421,10,30,2341.9,-4,2024-05-09,2024-05-09 10:30:00,2024-05-09 10:30:00,GCM24.csv,518,GCM24.csv,-4.0,2342.6
1063,45421,12,0,2337.3,-1,2024-05-09,2024-05-09 12:00:00,2024-05-09 12:00:00,GCM24.csv,82,GCM24.csv,3.0,2336.9
1064,45421,14,30,2341.2,3,2024-05-09,2024-05-09 14:30:00,2024-05-09 14:30:00,GCM24.csv,26,GCM24.csv,4.0,2340.7999999999997
1065,45422,1,30,2362.7,4,2024-05-10,2024-05-10 01:30:00,2024-05-10 01:30:00,GCM24.csv,237,GCM24.csv,1.0,2362.2999999999997
1066,45422,3,30,2374.8,3,2024-05-10,2024-05-10 03:30:00,2024-05-10 03:30:00,GCM24.csv,354,GCM24.csv,-1.0,2375.2000000000003
1067,45422,4,30,2374.8,2,2024-05-10,2024-05-10 04:30:00,2024-05-10 04:30:00,GCM24.csv,51,GCM24.csv,-1.0,2375.2000000000003
1068,45422,6,0,2379.4,0,2024-05-10,2024-05-10 06:00:00,2024-05-10 06:00:00,GCM24.csv,141,GCM24.csv,-2.0,2379.8
1069,45422,8,30,2373.9,1,2024-05-10,2024-05-10 08:30:00,2024-05-10 08:30:00,GCM24.csv,733,GCM24.csv,1.0,2373.5
1070,45422,8,40,2373.6,3,2024-05-10,2024-05-10 08:40:00,2024-05-10 08:40:00,GCM24.csv,374,GCM24.csv,2.0,2373.2
1071,45422,9,0,2371.8,0,2024-05-10,2024-05-10 09:00:00,2024-05-10 09:00:00,GCM24.csv,667,GCM24.csv,-3.0,2372.3
1072,45422,9,40,2372.9,1,2024-05-10,2024-05-10 09:40:00,2024-05-10 09:40:00,GCM24.csv,417,GCM24.csv,1.0,2372.5
1073,45422,10,0,2373.4,0,2024-05-10,2024-05-10 10:00:00,2024-05-10 10:00:00,GCM24.csv,876,GCM24.csv,-1.0,2373.8
1074,45422,10,30,2366.9,3,2024-05-10,2024-05-10 10:30:00,2024-05-10 10:30:00,GCM24.csv,928,GCM24.csv,3.0,2366.5
1075,45422,10,50,2368.5,2,2024-05-10,2024-05-10 10:50:00,2024-05-10 10:50:00,GCM24.csv,255,GCM24.csv,-1.0,2368.9
1076,45422,11,0,2366.9,3,2024-05-10,2024-05-10 11:00:00,2024-05-10 11:00:00,GCM24.csv,358,GCM24.csv,1.0,2366.5
1077,45422,14,30,2375.8,1,2024-05-10,2024-05-10 14:30:00,2024-05-10 14:30:00,GCM24.csv,52,GCM24.csv,-2.0,2376.2000000000003
1078,45422,16,30,2370.2,0,2024-05-10,2024-05-10 16:30:00,2024-05-10 16:30:00,GCM24.csv,4,GCM24.csv,-1.0,2370.5
1079,45425,4,30,2349.9,2,2024-05-13,2024-05-13 04:30:00,2024-05-13 04:30:00,GCM24.csv,507,GCM24.csv,2.0,2349.5
1080,45425,6,0,2346.0,3,2024-05-13,2024-05-13 06:00:00,2024-05-13 06:00:00,GCM24.csv,119,GCM24.csv,1.0,2345.6
1081,45425,8,30,2352.0,1,2024-05-13,2024-05-13 08:30:00,2024-05-13 08:30:00,GCM24.csv,342,GCM24.csv,-2.0,2352.4
1082,45425,9,0,2353.3,2,2024-05-13,2024-05-13 09:00:00,2024-05-13 09:00:00,GCM24.csv,351,GCM24.csv,1.0,2352.9
1083,45425,9,50,2346.9,3,2024-05-13,2024-05-13 09:50:00,2024-05-13 09:50:00,GCM24.csv,394,GCM24.csv,1.0,2346.5
1084,45425,10,10,2348.3,2,2024-05-13,2024-05-13 10:10:00,2024-05-13 10:10:00,GCM24.csv,551,GCM24.csv,-1.0,2348.7000000000003
1085,45425,10,30,2351.5,4,2024-05-13,2024-05-13 10:30:00,2024-05-13 10:30:00,GCM24.csv,239,GCM24.csv,2.0,2351.1
1086,45425,11,0,2349.7,3,2024-05-13,2024-05-13 11:00:00,2024-05-13 11:00:00,GCM24.csv,219,GCM24.csv,-1.0,2350.1
1087,45425,12,0,2342.0,5,2024-05-13,2024-05-13 12:00:00,2024-05-13 12:00:00,GCM24.csv,303,GCM24.csv,2.0,2341.6
1088,45425,14,30,2342.3,3,2024-05-13,2024-05-13 14:30:00,2024-05-13 14:30:00,GCM24.csv,206,GCM24.csv,-2.0,2342.7000000000003
1089,45426,4,30,2344.1,6,2024-05-14,2024-05-14 04:30:00,2024-05-14 04:30:00,GCM24.csv,41,GCM24.csv,3.0,2343.7
1090,45426,6,0,2351.5,8,2024-05-14,2024-05-14 06:00:00,2024-05-14 06:00:00,GCM24.csv,506,GCM24.csv,2.0,2351.1
1091,45426,8,30,2348.4,5,2024-05-14,2024-05-14 08:30:00,2024-05-14 08:30:00,GCM24.csv,2641,GCM24.csv,-3.0,2348.8
1092,45426,8,50,2353.1,3,2024-05-14,2024-05-14 08:50:00,2024-05-14 08:50:00,GCM24.csv,274,GCM24.csv,-2.0,2353.9
1093,45426,9,0,2354.2,4,2024-05-14,2024-05-14 09:00:00,2024-05-14 09:00:00,GCM24.csv,416,GCM24.csv,1.0,2353.7999999999997
1094,45426,9,10,2354.6,6,2024-05-14,2024-05-14 09:10:00,2024-05-14 09:10:00,GCM24.csv,553,GCM24.csv,2.0,2354.2
1095,45426,11,0,2358.3,5,2024-05-14,2024-05-14 11:00:00,2024-05-14 11:00:00,GCM24.csv,332,GCM24.csv,-1.0,2358.7000000000003
1096,45426,12,0,2353.4,3,2024-05-14,2024-05-14 12:00:00,2024-05-14 12:00:00,GCM24.csv,327,GCM24.csv,-2.0,2353.8
1097,45426,14,0,2361.6,5,2024-05-14,2024-05-14 14:00:00,2024-05-14 14:00:00,GCM24.csv,75,GCM24.csv,2.0,2361.2
1098,45426,16,0,2362.3,3,2024-05-14,2024-05-14 16:00:00,2024-05-14 16:00:00,GCM24.csv,60,GCM24.csv,-2.0,2362.7000000000003
1099,45427,1,30,2362.1,2,2024-05-15,2024-05-15 01:30:00,2024-05-15 01:30:00,GCM24.csv,88,GCM24.csv,-1.0,2362.5
1100,45427,3,30,2368.7,3,2024-05-15,2024-05-15 03:30:00,2024-05-15 03:30:00,GCM24.csv,257,GCM24.csv,1.0,2368.2999999999997
1101,45427,4,30,2374.7,2,2024-05-15,2024-05-15 04:30:00,2024-05-15 04:30:00,GCM24.csv,226,GCM24.csv,-1.0,2375.1
1102,45427,6,0,2375.0,-1,2024-05-15,2024-05-15 06:00:00,2024-05-15 06:00:00,GCM24.csv,98,GCM24.csv,-3.0,2375.4
1103,45427,8,30,2367.8,0,2024-05-15,2024-05-15 08:30:00,2024-05-15 08:30:00,GCM24.csv,4674,GCM24.csv,1.0,2367.4
1104,45427,8,50,2380.8,-1,2024-05-15,2024-05-15 08:50:00,2024-05-15 08:50:00,GCM24.csv,409,GCM24.csv,-1.0,2381.7000000000003
1105,45427,9,0,2377.7,0,2024-05-15,2024-05-15 09:00:00,2024-05-15 09:00:00,GCM24.csv,630,GCM24.csv,1.0,2377.2999999999997
1106,45427,9,10,2377.8,1,2024-05-15,2024-05-15 09:10:00,2024-05-15 09:10:00,GCM24.csv,275,GCM24.csv,1.0,2377.4
1107,45427,9,20,2374.6,3,2024-05-15,2024-05-15 09:20:00,2024-05-15 09:20:00,GCM24.csv,331,GCM24.csv,2.0,2374.2
1108,45427,9,30,2372.6,4,2024-05-15,2024-05-15 09:30:00,2024-05-15 09:30:00,GCM24.csv,755,GCM24.csv,1.0,2372.2
1109,45427,9,40,2373.1,2,2024-05-15,2024-05-15 09:40:00,2024-05-15 09:40:00,GCM24.csv,218,GCM24.csv,-2.0,2373.5
1110,45427,10,0,2362.9,3,2024-05-15,2024-05-15 10:00:00,2024-05-15 10:00:00,GCM24.csv,686,GCM24.csv,1.0,2362.5
1111,45427,10,10,2367.9,2,2024-05-15,2024-05-15 10:10:00,2024-05-15 10:10:00,GCM24.csv,405,GCM24.csv,-1.0,2368.8
1112,45427,10,20,2367.7,1,2024-05-15,2024-05-15 10:20:00,2024-05-15 10:20:00,GCM24.csv,234,GCM24.csv,-1.0,2368.6
1113,45427,10,30,2372.0,0,2024-05-15,2024-05-15 10:30:00,2024-05-15 10:30:00,GCM24.csv,369,GCM24.csv,-1.0,2372.9
1114,45427,11,0,2379.9,-1,2024-05-15,2024-05-15 11:00:00,2024-05-15 11:00:00,GCM24.csv,799,GCM24.csv,-1.0,2380.3
1115,45427,12,0,2383.5,0,2024-05-15,2024-05-15 12:00:00,2024-05-15 12:00:00,GCM24.csv,198,GCM24.csv,1.0,2383.1
1116,45427,14,30,2393.4,1,2024-05-15,2024-05-15 14:30:00,2024-05-15 14:30:00,GCM24.csv,99,GCM24.csv,1.0,2393.0
1117,45428,1,30,2396.4,-2,2024-05-16,2024-05-16 01:30:00,2024-05-16 01:30:00,GCM24.csv,246,GCM24.csv,-3.0,2396.8
1118,45428,3,30,2393.8,1,2024-05-16,2024-05-16 03:30:00,2024-05-16 03:30:00,GCM24.csv,103,GCM24.csv,3.0,2393.4
1119,45428,4,30,2390.8,0,2024-05-16,2024-05-16 04:30:00,2024-05-16 04:30:00,GCM24.csv,57,GCM24.csv,-1.0,2391.2000000000003
1120,45428,6,0,2390.1,2,2024-05-16,2024-05-16 06:00:00,2024-05-16 06:00:00,GCM24.csv,69,GCM24.csv,2.0,2389.7
1121,45428,8,30,2386.7,3,2024-05-16,2024-05-16 08:30:00,2024-05-16 08:30:00,GCM24.csv,1092,GCM24.csv,1.0,2386.2999999999997
1122,45428,8,40,2384.4,4,2024-05-16,2024-05-16 08:40:00,2024-05-16 08:40:00,GCM24.csv,478,GCM24.csv,1.0,2384.0
1123,45428,9,0,2383.4,5,2024-05-16,2024-05-16 09:00:00,2024-05-16 09:00:00,GCM24.csv,418,GCM24.csv,1.0,2383.0
1124,45428,9,20,2378.9,6,2024-05-16,2024-05-16 09:20:00,2024-05-16 09:20:00,GCM24.csv,2809,GCM24.csv,1.0,2378.5
1125,45428,9,30,2383.3,4,2024-05-16,2024-05-16 09:30:00,2024-05-16 09:30:00,GCM24.csv,986,GCM24.csv,-2.0,2384.1000000000004
1126,45428,9,40,2377.9,3,2024-05-16,2024-05-16 09:40:00,2024-05-16 09:40:00,GCM24.csv,404,GCM24.csv,-1.0,2378.4
1127,45428,9,50,2380.7,5,2024-05-16,2024-05-16 09:50:00,2024-05-16 09:50:00,GCM24.csv,380,GCM24.csv,2.0,2380.2
1128,45428,10,30,2378.2,6,2024-05-16,2024-05-16 10:30:00,2024-05-16 10:30:00,GCM24.csv,338,GCM24.csv,1.0,2377.7999999999997
1129,45428,11,0,2377.7,4,2024-05-16,2024-05-16 11:00:00,2024-05-16 11:00:00,GCM24.csv,228,GCM24.csv,-2.0,2378.1
1130,45428,14,30,2383.4,3,2024-05-16,2024-05-16 14:30:00,2024-05-16 14:30:00,GCM24.csv,73,GCM24.csv,-1.0,2383.8
1131,45429,4,30,2388.1,5,2024-05-17,2024-05-17 04:30:00,2024-05-17 04:30:00,GCM24.csv,86,GCM24.csv,2.0,2387.7
1132,45429,8,30,2392.9,3,2024-05-17,2024-05-17 08:30:00,2024-05-17 08:30:00,GCM24.csv,116,GCM24.csv,-2.0,2393.3
1133,45429,9,0,2398.0,2,2024-05-17,2024-05-17 09:00:00,2024-05-17 09:00:00,GCM24.csv,813,GCM24.csv,-1.0,2398.4
1134,45429,9,10,2402.2,0,2024-05-17,2024-05-17 09:10:00,2024-05-17 09:10:00,GCM24.csv,590,GCM24.csv,-2.0,2403.0
1135,45429,9,20,2407.6,-1,2024-05-17,2024-05-17 09:20:00,2024-05-17 09:20:00,GCM24.csv,520,GCM24.csv,-1.0,2408.4
1136,45429,9,30,2406.0,1,2024-05-17,2024-05-17 09:30:00,2024-05-17 09:30:00,GCM24.csv,373,GCM24.csv,2.0,2405.6
1137,45429,9,40,2402.7,4,2024-05-17,2024-05-17 09:40:00,2024-05-17 09:40:00,GCM24.csv,483,GCM24.csv,3.0,2402.2999999999997
1138,45429,9,50,2402.6,5,2024-05-17,2024-05-17 09:50:00,2024-05-17 09:50:00,GCM24.csv,234,GCM24.csv,1.0,2402.2
1139,45429,10,0,2406.5,4,2024-05-17,2024-05-17 10:00:00,2024-05-17 10:00:00,GCM24.csv,496,GCM24.csv,-1.0,2406.9
1140,45429,10,10,2406.6,3,2024-05-17,2024-05-17 10:10:00,2024-05-17 10:10:00,GCM24.csv,163,GCM24.csv,-1.0,2407.0
1141,45429,10,30,2410.7,0,2024-05-17,2024-05-17 10:30:00,2024-05-17 10:30:00,GCM24.csv,480,GCM24.csv,-3.0,2411.1
1142,45429,10,50,2415.1,2,2024-05-17,2024-05-17 10:50:00,2024-05-17 10:50:00,GCM24.csv,1409,GCM24.csv,2.0,2414.7
1143,45429,12,0,2412.3,3,2024-05-17,2024-05-17 12:00:00,2024-05-17 12:00:00,GCM24.csv,126,GCM24.csv,1.0,2411.9
1144,45429,14,30,2421.1,4,2024-05-17,2024-05-17 14:30:00,2024-05-17 14:30:00,GCM24.csv,57,GCM24.csv,1.0,2420.7
1145,45429,16,30,2420.3,0,2024-05-17,2024-05-17 16:30:00,2024-05-17 16:30:00,GCM24.csv,62,GCM24.csv,-4.0,2420.7000000000003
1146,45432,1,30,2444.0,-1,2024-05-20,2024-05-20 01:30:00,2024-05-20 01:30:00,GCM24.csv,868,GCM24.csv,-1.0,2444.4
1147,45432,3,30,2441.5,0,2024-05-20,2024-05-20 03:30:00,2024-05-20 03:30:00,GCM24.csv,490,GCM24.csv,1.0,2441.1
1148,45432,4,30,2445.6,-1,2024-05-20,2024-05-20 04:30:00,2024-05-20 04:30:00,GCM24.csv,100,GCM24.csv,-1.0,2446.0
1149,45432,6,0,2446.5,-4,2024-05-20,2024-05-20 06:00:00,2024-05-20 06:00:00,GCM24.csv,308,GCM24.csv,-3.0,2446.9
1150,45432,8,30,2422.1,-3,2024-05-20,2024-05-20 08:30:00,2024-05-20 08:30:00,GCM24.csv,686,GCM24.csv,1.0,2421.7
1151,45432,8,50,2417.2,-2,2024-05-20,2024-05-20 08:50:00,2024-05-20 08:50:00,GCM24.csv,336,GCM24.csv,1.0,2416.7999999999997
1152,45432,9,10,2425.9,-5,2024-05-20,2024-05-20 09:10:00,2024-05-20 09:10:00,GCM24.csv,640,GCM24.csv,-3.0,2426.7000000000003
1153,45432,9,20,2422.4,-4,2024-05-20,2024-05-20 09:20:00,2024-05-20 09:20:00,GCM24.csv,391,GCM24.csv,1.0,2421.9
1154,45432,9,30,2421.8,-2,2024-05-20,2024-05-20 09:30:00,2024-05-20 09:30:00,GCM24.csv,346,GCM24.csv,2.0,2421.4
1155,45432,9,40,2419.2,-4,2024-05-20,2024-05-20 09:40:00,2024-05-20 09:40:00,GCM24.csv,1814,GCM24.csv,-2.0,2419.7
1156,45432,10,30,2421.5,-5,2024-05-20,2024-05-20 10:30:00,2024-05-20 10:30:00,GCM24.csv,191,GCM24.csv,-1.0,2421.9
1157,45432,11,0,2427.1,-4,2024-05-20,2024-05-20 11:00:00,2024-05-20 11:00:00,GCM24.csv,194,GCM24.csv,1.0,2426.7
1158,45432,12,0,2429.1,0,2024-05-20,2024-05-20 12:00:00,2024-05-20 12:00:00,GCM24.csv,109,GCM24.csv,4.0,2428.7
1159,45432,14,0,2439.7,1,2024-05-20,2024-05-20 14:00:00,2024-05-20 14:00:00,GCM24.csv,61,GCM24.csv,1.0,2439.2999999999997
1160,45432,14,30,2439.5,2,2024-05-20,2024-05-20 14:30:00,2024-05-20 14:30:00,GCM24.csv,108,GCM24.csv,1.0,2439.1
1161,45432,16,0,2431.3,1,2024-05-20,2024-05-20 16:00:00,2024-05-20 16:00:00,GCM24.csv,199,GCM24.csv,-1.0,2431.7000000000003
1162,45433,6,0,2419.8,2,2024-05-21,2024-05-21 06:00:00,2024-05-21 06:00:00,GCM24.csv,46,GCM24.csv,1.0,2419.4
1163,45433,8,50,2427.5,3,2024-05-21,2024-05-21 08:50:00,2024-05-21 08:50:00,GCM24.csv,507,GCM24.csv,1.0,2427.1
1164,45433,9,0,2430.5,4,2024-05-21,2024-05-21 09:00:00,2024-05-21 09:00:00,GCM24.csv,2268,GCM24.csv,1.0,2430.1
1165,45433,9,10,2429.6,3,2024-05-21,2024-05-21 09:10:00,2024-05-21 09:10:00,GCM24.csv,302,GCM24.csv,-1.0,2430.0
1166,45433,10,30,2431.7,1,2024-05-21,2024-05-21 10:30:00,2024-05-21 10:30:00,GCM24.csv,315,GCM24.csv,-2.0,2432.1
1167,45433,10,50,2433.5,0,2024-05-21,2024-05-21 10:50:00,2024-05-21 10:50:00,GCM24.csv,214,GCM24.csv,-1.0,2433.9
1168,45433,11,0,2433.7,-1,2024-05-21,2024-05-21 11:00:00,2024-05-21 11:00:00,GCM24.csv,231,GCM24.csv,-1.0,2434.1
1169,45433,12,0,2427.1,-2,2024-05-21,2024-05-21 12:00:00,2024-05-21 12:00:00,GCM24.csv,163,GCM24.csv,-1.0,2427.5
1170,45433,14,30,2422.8,1,2024-05-21,2024-05-21 14:30:00,2024-05-21 14:30:00,GCM24.csv,48,GCM24.csv,3.0,2422.4
1171,45434,1,30,2417.2,-3,2024-05-22,2024-05-22 01:30:00,2024-05-22 01:30:00,GCM24.csv,145,GCM24.csv,-4.0,2417.5
1172,45434,3,30,2416.0,1,2024-05-22,2024-05-22 03:30:00,2024-05-22 03:30:00,GCM24.csv,151,GCM24.csv,4.0,2415.6
1173,45434,4,30,2414.0,3,2024-05-22,2024-05-22 04:30:00,2024-05-22 04:30:00,GCM24.csv,266,GCM24.csv,2.0,2413.6
1174,45434,6,0,2420.9,7,2024-05-22,2024-05-22 06:00:00,2024-05-22 06:00:00,GCM24.csv,102,GCM24.csv,4.0,2420.5
1175,45434,8,30,2418.5,5,2024-05-22,2024-05-22 08:30:00,2024-05-22 08:30:00,GCM24.csv,255,GCM24.csv,-2.0,2418.9
1176,45434,9,0,2415.7,6,2024-05-22,2024-05-22 09:00:00,2024-05-22 09:00:00,GCM24.csv,275,GCM24.csv,1.0,2415.2999999999997
1177,45434,9,40,2411.3,7,2024-05-22,2024-05-22 09:40:00,2024-05-22 09:40:00,GCM24.csv,279,GCM24.csv,1.0,2410.9
1178,45434,10,0,2414.0,6,2024-05-22,2024-05-22 10:00:00,2024-05-22 10:00:00,GCM24.csv,581,GCM24.csv,-1.0,2414.4
1179,45434,10,30,2389.5,7,2024-05-22,2024-05-22 10:30:00,2024-05-22 10:30:00,GCM24.csv,850,GCM24.csv,1.0,2389.1
1180,45434,11,0,2391.9,6,2024-05-22,2024-05-22 11:00:00,2024-05-22 11:00:00,GCM24.csv,412,GCM24.csv,-1.0,2392.4
1181,45434,14,0,2391.6,7,2024-05-22,2024-05-22 14:00:00,2024-05-22 14:00:00,GCM24.csv,502,GCM24.csv,1.0,2391.2
1182,45434,14,30,2382.5,6,2024-05-22,2024-05-22 14:30:00,2024-05-22 14:30:00,GCM24.csv,267,GCM24.csv,-1.0,2382.9
1183,45434,16,0,2382.7,5,2024-05-22,2024-05-22 16:00:00,2024-05-22 16:00:00,GCM24.csv,175,GCM24.csv,-1.0,2383.1
1184,45435,1,30,2372.9,3,2024-05-23,2024-05-23 01:30:00,2024-05-23 01:30:00,GCM24.csv,114,GCM24.csv,-2.0,2373.2000000000003
1185,45435,3,30,2365.3,5,2024-05-23,2024-05-23 03:30:00,2024-05-23 03:30:00,GCM24.csv,122,GCM24.csv,2.0,2364.9
1186,45435,4,30,2358.6,2,2024-05-23,2024-05-23 04:30:00,2024-05-23 04:30:00,GCM24.csv,151,GCM24.csv,-3.0,2359.0
1187,45435,6,0,2366.2,1,2024-05-23,2024-05-23 06:00:00,2024-05-23 06:00:00,GCM24.csv,55,GCM24.csv,-1.0,2366.6
1188,45435,8,30,2368.4,4,2024-05-23,2024-05-23 08:30:00,2024-05-23 08:30:00,GCM24.csv,590,GCM24.csv,3.0,2368.0
1189,45435,8,40,2364.0,6,2024-05-23,2024-05-23 08:40:00,2024-05-23 08:40:00,GCM24.csv,361,GCM24.csv,2.0,2363.6
1190,45435,11,0,2347.6,4,2024-05-23,2024-05-23 11:00:00,2024-05-23 11:00:00,GCM24.csv,451,GCM24.csv,-2.0,2348.5
1191,45435,12,0,2347.7,3,2024-05-23,2024-05-23 12:00:00,2024-05-23 12:00:00,GCM24.csv,208,GCM24.csv,-1.0,2348.1
1192,45435,14,0,2333.8,6,2024-05-23,2024-05-23 14:00:00,2024-05-23 14:00:00,GCM24.csv,308,GCM24.csv,3.0,2333.4
1193,45435,16,0,2333.7,3,2024-05-23,2024-05-23 16:00:00,2024-05-23 16:00:00,GCM24.csv,218,GCM24.csv,-3.0,2334.1
1194,45436,1,30,2335.7,2,2024-05-24,2024-05-24 01:30:00,2024-05-24 01:30:00,GCM24.csv,483,GCM24.csv,-1.0,2336.0
1195,45436,3,30,2340.2,3,2024-05-24,2024-05-24 03:30:00,2024-05-24 03:30:00,GCM24.csv,27,GCM24.csv,1.0,2339.7999999999997
1196,45436,4,30,2337.8,0,2024-05-24,2024-05-24 04:30:00,2024-05-24 04:30:00,GCM24.csv,403,GCM24.csv,-3.0,2338.2000000000003
1197,45436,8,30,2337.6,3,2024-05-24,2024-05-24 08:30:00,2024-05-24 08:30:00,GCM24.csv,356,GCM24.csv,3.0,2337.2
1198,45436,8,40,2341.1,2,2024-05-24,2024-05-24 08:40:00,2024-05-24 08:40:00,GCM24.csv,170,GCM24.csv,-1.0,2341.5
1199,45436,9,0,2340.7,3,2024-05-24,2024-05-24 09:00:00,2024-05-24 09:00:00,GCM24.csv,139,GCM24.csv,1.0,2340.2999999999997
1200,45436,9,40,2341.8,4,2024-05-24,2024-05-24 09:40:00,2024-05-24 09:40:00,GCM24.csv,1137,GCM24.csv,1.0,2341.4
1201,45436,9,50,2340.8,6,2024-05-24,2024-05-24 09:50:00,2024-05-24 09:50:00,GCM24.csv,441,GCM24.csv,2.0,2340.4
1202,45436,10,0,2339.7,5,2024-05-24,2024-05-24 10:00:00,2024-05-24 10:00:00,GCM24.csv,825,GCM24.csv,-1.0,2340.1
1203,45436,10,10,2341.8,3,2024-05-24,2024-05-24 10:10:00,2024-05-24 10:10:00,GCM24.csv,174,GCM24.csv,-2.0,2342.2000000000003
1204,45436,10,30,2337.9,4,2024-05-24,2024-05-24 10:30:00,2024-05-24 10:30:00,GCM24.csv,196,GCM24.csv,1.0,2337.5
1205,45436,12,0,2336.0,5,2024-05-24,2024-05-24 12:00:00,2024-05-24 12:00:00,GCM24.csv,165,GCM24.csv,1.0,2335.6
1206,45436,14,30,2336.3,4,2024-05-24,2024-05-24 14:30:00,2024-05-24 14:30:00,GCM24.csv,15,GCM24.csv,-1.0,2336.7000000000003
1207,45436,16,30,2335.7,0,2024-05-24,2024-05-24 16:30:00,2024-05-24 16:30:00,GCM24.csv,31,GCM24.csv,-4.0,2336.0
1208,45439,4,30,2343.8,-4,2024-05-27,2024-05-27 04:30:00,2024-05-27 04:30:00,GCM24.csv,129,GCM24.csv,-4.0,2344.2000000000003
1209,45439,8,30,2350.4,0,2024-05-27,2024-05-27 08:30:00,2024-05-27 08:30:00,GCM24.csv,144,GCM24.csv,4.0,2350.0
1210,45439,9,30,2351.8,-1,2024-05-27,2024-05-27 09:30:00,2024-05-27 09:30:00,GCM24.csv,114,GCM24.csv,-1.0,2352.2000000000003
1211,45439,10,10,2357.6,0,2024-05-27,2024-05-27 10:10:00,2024-05-27 10:10:00,GCM24.csv,79,GCM24.csv,1.0,2357.2
1212,45439,12,0,2353.7,2,2024-05-27,2024-05-27 12:00:00,2024-05-27 12:00:00,GCM24.csv,42,GCM24.csv,2.0,2353.2999999999997
1213,45439,14,0,2356.3,1,2024-05-27,2024-05-27 14:00:00,2024-05-27 14:00:00,GCM24.csv,34,GCM24.csv,-1.0,2356.6000000000004
1214,45439,16,0,2352.5,2,2024-05-27,2024-05-27 16:00:00,2024-05-27 16:00:00,GCM24.csv,74,GCM24.csv,1.0,2352.2
1215,45440,1,30,2352.5,1,2024-05-28,2024-05-28 01:30:00,2024-05-28 01:30:00,GCM24.csv,91,GCM24.csv,-1.0,2352.8
1216,45440,3,30,2344.1,2,2024-05-28,2024-05-28 03:30:00,2024-05-28 03:30:00,GCM24.csv,84,GCM24.csv,1.0,2343.7
1217,45440,4,30,2342.0,-2,2024-05-28,2024-05-28 04:30:00,2024-05-28 04:30:00,GCM24.csv,28,GCM24.csv,-4.0,2342.4
1218,45440,6,0,2344.6,0,2024-05-28,2024-05-28 06:00:00,2024-05-28 06:00:00,GCQ24.csv,13,GCM24.csv,2.0,2344.2999999999997
1219,45440,8,30,2355.5,4,2024-05-28,2024-05-28 08:30:00,2024-05-28 08:30:00,GCM24.csv,328,GCM24.csv,4.0,2355.1
1220,45440,9,0,2354.2,5,2024-05-28,2024-05-28 09:00:00,2024-05-28 09:00:00,GCM24.csv,456,GCM24.csv,1.0,2353.7999999999997
1221,45440,9,20,2362.2,3,2024-05-28,2024-05-28 09:20:00,2024-05-28 09:20:00,GCM24.csv,623,GCM24.csv,-2.0,2362.6
1222,45440,9,30,2362.3,1,2024-05-28,2024-05-28 09:30:00,2024-05-28 09:30:00,GCM24.csv,537,GCM24.csv,-2.0,2362.7000000000003
1223,45440,9,40,2359.2,3,2024-05-28,2024-05-28 09:40:00,2024-05-28 09:40:00,GCM24.csv,183,GCM24.csv,2.0,2358.7999999999997
1224,45440,9,50,2355.9,6,2024-05-28,2024-05-28 09:50:00,2024-05-28 09:50:00,GCM24.csv,218,GCM24.csv,3.0,2355.5
1225,45440,10,0,2355.0,7,2024-05-28,2024-05-28 10:00:00,2024-05-28 10:00:00,GCM24.csv,1258,GCM24.csv,1.0,2354.6
1226,45440,10,10,2352.2,6,2024-05-28,2024-05-28 10:10:00,2024-05-28 10:10:00,GCM24.csv,298,GCM24.csv,-1.0,2352.6
1227,45440,10,20,2350.5,5,2024-05-28,2024-05-28 10:20:00,2024-05-28 10:20:00,GCM24.csv,264,GCM24.csv,-1.0,2350.9
1228,45440,10,30,2353.8,3,2024-05-28,2024-05-28 10:30:00,2024-05-28 10:30:00,GCM24.csv,198,GCM24.csv,-2.0,2354.2000000000003
1229,45440,11,0,2356.3,2,2024-05-28,2024-05-28 11:00:00,2024-05-28 11:00:00,GCM24.csv,156,GCM24.csv,-1.0,2356.7000000000003
1230,45440,12,0,2361.2,0,2024-05-28,2024-05-28 12:00:00,2024-05-28 12:00:00,GCM24.csv,169,GCM24.csv,-2.0,2361.6
1231,45440,14,30,2354.7,2,2024-05-28,2024-05-28 14:30:00,2024-05-28 14:30:00,GCM24.csv,39,GCM24.csv,2.0,2354.2999999999997
1232,45441,1,30,2359.1,1,2024-05-29,2024-05-29 01:30:00,2024-05-29 01:30:00,GCQ24.csv,133,GCQ24.csv,-1.0,2382.1
1233,45441,3,30,2353.8,2,2024-05-29,2024-05-29 03:30:00,2024-05-29 03:30:00,GCQ24.csv,33,GCQ24.csv,1.0,2375.7
1234,45441,4,30,2348.2,-1,2024-05-29,2024-05-29 04:30:00,2024-05-29 04:30:00,GCQ24.csv,159,GCQ24.csv,-3.0,2370.5
1235,45441,6,0,2346.1,-2,2024-05-29,2024-05-29 06:00:00,2024-05-29 06:00:00,GCQ24.csv,222,GCQ24.csv,-1.0,2368.9
1236,45441,8,30,2342.2,1,2024-05-29,2024-05-29 08:30:00,2024-05-29 08:30:00,GCQ24.csv,101,GCQ24.csv,3.0,2364.0
1237,45441,9,0,2337.7,2,2024-05-29,2024-05-29 09:00:00,2024-05-29 09:00:00,GCQ24.csv,414,GCQ24.csv,1.0,2359.7
1238,45441,9,20,2344.0,1,2024-05-29,2024-05-29 09:20:00,2024-05-29 09:20:00,GCQ24.csv,99,GCQ24.csv,-1.0,2366.9
1239,45441,9,40,2347.5,0,2024-05-29,2024-05-29 09:40:00,2024-05-29 09:40:00,GCM24.csv,708,GCQ24.csv,-1.0,2370.4
1240,45441,9,50,2343.2,-1,2024-05-29,2024-05-29 09:50:00,2024-05-29 09:50:00,GCQ24.csv,270,GCQ24.csv,-1.0,2366.0
1241,45441,10,0,2346.1,0,2024-05-29,2024-05-29 10:00:00,2024-05-29 10:00:00,GCQ24.csv,347,GCQ24.csv,1.0,2368.0
1242,45441,10,10,2345.7,1,2024-05-29,2024-05-29 10:10:00,2024-05-29 10:10:00,GCQ24.csv,166,GCQ24.csv,1.0,2367.6
1243,45441,10,30,2344.5,3,2024-05-29,2024-05-29 10:30:00,2024-05-29 10:30:00,GCQ24.csv,192,GCQ24.csv,2.0,2366.8
1244,45441,12,0,2339.0,5,2024-05-29,2024-05-29 12:00:00,2024-05-29 12:00:00,GCQ24.csv,73,GCQ24.csv,2.0,2361.1
1245,45441,14,0,2343.3,3,2024-05-29,2024-05-29 14:00:00,2024-05-29 14:00:00,GCQ24.csv,54,GCQ24.csv,-2.0,2366.8
1246,45441,14,30,2341.4,1,2024-05-29,2024-05-29 14:30:00,2024-05-29 14:30:00,GCQ24.csv,16,GCQ24.csv,-2.0,2364.9
1247,45441,16,0,2336.4,3,2024-05-29,2024-05-29 16:00:00,2024-05-29 16:00:00,GCQ24.csv,43,GCQ24.csv,2.0,2358.9
1248,45442,1,30,2330.3,2,2024-05-30,2024-05-30 01:30:00,2024-05-30 01:30:00,GCQ24.csv,328,GCQ24.csv,-1.0,2353.7
1249,45442,3,30,2334.2,3,2024-05-30,2024-05-30 03:30:00,2024-05-30 03:30:00,GCQ24.csv,74,GCQ24.csv,1.0,2356.5
1250,45442,4,30,2332.6,-1,2024-05-30,2024-05-30 04:30:00,2024-05-30 04:30:00,GCQ24.csv,60,GCQ24.csv,-4.0,2355.8
1251,45442,6,0,2331.1,-2,2024-05-30,2024-05-30 06:00:00,2024-05-30 06:00:00,GCQ24.csv,68,GCQ24.csv,-1.0,2355.0
1252,45442,8,30,2336.4,2,2024-05-30,2024-05-30 08:30:00,2024-05-30 08:30:00,GCQ24.csv,1209,GCQ24.csv,4.0,2358.7
1253,45442,8,40,2341.4,1,2024-05-30,2024-05-30 08:40:00,2024-05-30 08:40:00,GCQ24.csv,282,GCQ24.csv,-1.0,2365.9
1254,45442,9,0,2339.2,2,2024-05-30,2024-05-30 09:00:00,2024-05-30 09:00:00,GCQ24.csv,312,GCQ24.csv,1.0,2362.3
1255,45442,9,50,2345.1,1,2024-05-30,2024-05-30 09:50:00,2024-05-30 09:50:00,GCQ24.csv,301,GCQ24.csv,-1.0,2369.0
1256,45442,10,10,2347.1,2,2024-05-30,2024-05-30 10:10:00,2024-05-30 10:10:00,GCQ24.csv,157,GCQ24.csv,1.0,2370.0
1257,45442,10,30,2346.5,0,2024-05-30,2024-05-30 10:30:00,2024-05-30 10:30:00,GCQ24.csv,322,GCQ24.csv,-2.0,2370.6
1258,45442,12,0,2341.7,1,2024-05-30,2024-05-30 12:00:00,2024-05-30 12:00:00,GCQ24.csv,107,GCQ24.csv,1.0,2364.8
1259,45442,14,30,2340.1,3,2024-05-30,2024-05-30 14:30:00,2024-05-30 14:30:00,GCQ24.csv,41,GCQ24.csv,2.0,2363.2
1260,45443,1,30,2363.6,2,2024-05-31,2024-05-31 01:30:00,2024-05-31 01:30:00,GCQ24.csv,238,GCQ24.csv,-1.0,2364.1
1261,45443,3,30,2364.4,3,2024-05-31,2024-05-31 03:30:00,2024-05-31 03:30:00,GCQ24.csv,151,GCQ24.csv,1.0,2363.9
1262,45443,4,30,2362.8,4,2024-05-31,2024-05-31 04:30:00,2024-05-31 04:30:00,GCQ24.csv,42,GCQ24.csv,1.0,2362.3
1263,45443,6,0,2363.1,6,2024-05-31,2024-05-31 06:00:00,2024-05-31 06:00:00,GCQ24.csv,41,GCQ24.csv,2.0,2362.6
1264,45443,8,30,2366.2,5,2024-05-31,2024-05-31 08:30:00,2024-05-31 08:30:00,GCQ24.csv,1519,GCQ24.csv,-1.0,2366.7
1265,45443,9,0,2377.0,3,2024-05-31,2024-05-31 09:00:00,2024-05-31 09:00:00,GCQ24.csv,977,GCQ24.csv,-2.0,2377.5
1266,45443,9,20,2376.0,6,2024-05-31,2024-05-31 09:20:00,2024-05-31 09:20:00,GCQ24.csv,166,GCQ24.csv,3.0,2375.5
1267,45443,9,50,2376.6,3,2024-05-31,2024-05-31 09:50:00,2024-05-31 09:50:00,GCQ24.csv,465,GCQ24.csv,-3.0,2377.1
1268,45443,10,10,2367.2,6,2024-05-31,2024-05-31 10:10:00,2024-05-31 10:10:00,GCQ24.csv,866,GCQ24.csv,3.0,2366.7
1269,45443,10,30,2362.8,4,2024-05-31,2024-05-31 10:30:00,2024-05-31 10:30:00,GCQ24.csv,150,GCQ24.csv,-2.0,2363.3
1270,45443,11,0,2355.8,3,2024-05-31,2024-05-31 11:00:00,2024-05-31 11:00:00,GCQ24.csv,624,GCQ24.csv,-1.0,2356.3
1271,45443,12,0,2351.1,2,2024-05-31,2024-05-31 12:00:00,2024-05-31 12:00:00,GCQ24.csv,166,GCQ24.csv,-1.0,2351.6
1272,45443,14,0,2346.9,4,2024-05-31,2024-05-31 14:00:00,2024-05-31 14:00:00,GCQ24.csv,117,GCQ24.csv,2.0,2346.4
1273,45443,14,30,2347.0,6,2024-05-31,2024-05-31 14:30:00,2024-05-31 14:30:00,GCQ24.csv,70,GCQ24.csv,2.0,2346.5
1274,45443,16,0,2348.2,4,2024-05-31,2024-05-31 16:00:00,2024-05-31 16:00:00,GCQ24.csv,184,GCQ24.csv,-2.0,2348.7
1275,45443,16,30,2348.8,0,2024-05-31,2024-05-31 16:30:00,2024-05-31 16:30:00,GCQ24.csv,26,GCQ24.csv,-4.0,2349.3
