day,hour,min,price,inventory,date,timestamp,minute,main_contract,main_volume,main_contract_clean,signal,opti_price,filled_price,benchmark_amount,amount,slippage
45537,9,30,68.105,-4,2024-09-02,2024-09-02 09:30:00,2024-09-02 09:30:00,JYU24.csv,588,JYU24.csv,-4.0,68.11,68.11,272.42,272.44,0.01999999999998181
45537,9,40,68.165,-6,2024-09-02,2024-09-02 09:40:00,2024-09-02 09:40:00,JYU24.csv,66,JYU24.csv,-2.0,68.17500000000001,68.175,136.33,136.35,0.01999999999998181
45537,9,50,68.2,-2,2024-09-02,2024-09-02 09:50:00,2024-09-02 09:50:00,JYU24.csv,117,JYU24.csv,4.0,68.19,68.19,272.8,272.76,0.040000000000020464
45537,10,0,68.18,0,2024-09-02,2024-09-02 10:00:00,2024-09-02 10:00:00,JYU24.csv,129,JYU24.csv,2.0,68.17,68.18,136.36,136.36,0.0
45537,11,0,68.18,-2,2024-09-02,2024-09-02 11:00:00,2024-09-02 11:00:00,JYU24.csv,208,JYU24.csv,-2.0,68.19000000000001,68.185,136.36,136.37,0.009999999999990905
45537,13,0,68.245,0,2024-09-02,2024-09-02 13:00:00,2024-09-02 13:00:00,JYZ24.csv,120,JYU24.csv,2.0,68.235,68.235,136.49,136.47,0.020000000000010232
45538,2,30,68.53,-1,2024-09-03,2024-09-03 02:30:00,2024-09-03 02:30:00,JYU24.csv,202,JYU24.csv,-1.0,68.56,68.56,68.53,68.56,0.030000000000001137
45538,6,30,68.645,-5,2024-09-03,2024-09-03 06:30:00,2024-09-03 06:30:00,JYU24.csv,21,JYU24.csv,-4.0,68.655,68.63,274.58,274.52,-0.060000000000002274
45538,8,0,68.54,-3,2024-09-03,2024-09-03 08:00:00,2024-09-03 08:00:00,JYU24.csv,153,JYU24.csv,2.0,68.535,68.535,137.08,137.07,0.010000000000019327
45538,8,30,68.53,-2,2024-09-03,2024-09-03 08:30:00,2024-09-03 08:30:00,JYU24.csv,50,JYU24.csv,1.0,68.515,68.565,68.53,68.565,-0.03499999999999659
45538,8,40,68.61,-6,2024-09-03,2024-09-03 08:40:00,2024-09-03 08:40:00,JYU24.csv,102,JYU24.csv,-4.0,68.64500000000001,68.64500000000001,274.44,274.58000000000004,0.1400000000000432
45538,9,0,68.675,-2,2024-09-03,2024-09-03 09:00:00,2024-09-03 09:00:00,JYU24.csv,146,JYU24.csv,4.0,68.69999999999999,68.69999999999999,274.7,274.79999999999995,-0.0999999999999659
45538,9,10,68.745,0,2024-09-03,2024-09-03 09:10:00,2024-09-03 09:10:00,JYU24.csv,74,JYU24.csv,2.0,68.77,68.77,137.49,137.54,-0.04999999999998295
45538,9,20,68.785,-4,2024-09-03,2024-09-03 09:20:00,2024-09-03 09:20:00,JYU24.csv,246,JYU24.csv,-4.0,68.80499999999999,68.77,275.14,275.08,-0.060000000000002274
45538,9,30,68.785,-6,2024-09-03,2024-09-03 09:30:00,2024-09-03 09:30:00,JYU24.csv,305,JYU24.csv,-2.0,68.77,68.77,137.57,137.54,-0.030000000000001137
45538,9,40,68.835,-2,2024-09-03,2024-09-03 09:40:00,2024-09-03 09:40:00,JYU24.csv,487,JYU24.csv,4.0,68.825,68.825,275.34,275.3,0.03999999999996362
45538,10,0,69.035,-8,2024-09-03,2024-09-03 10:00:00,2024-09-03 10:00:00,JYU24.csv,2285,JYU24.csv,-6.0,68.91,68.91,414.21,413.46,-0.75
45538,10,10,68.945,-5,2024-09-03,2024-09-03 10:10:00,2024-09-03 10:10:00,JYU24.csv,334,JYU24.csv,3.0,68.935,68.935,206.83499999999998,206.805,0.029999999999972715
45538,10,20,68.88,2,2024-09-03,2024-09-03 10:20:00,2024-09-03 10:20:00,JYU24.csv,162,JYU24.csv,7.0,68.87,68.87,482.15999999999997,482.09000000000003,0.06999999999993634
45538,10,30,68.87,5,2024-09-03,2024-09-03 10:30:00,2024-09-03 10:30:00,JYU24.csv,340,JYU24.csv,3.0,68.84,68.84,206.61,206.52,0.09000000000000341
45538,10,40,68.925,-2,2024-09-03,2024-09-03 10:40:00,2024-09-03 10:40:00,JYU24.csv,290,JYU24.csv,-7.0,68.92,68.92,482.47499999999997,482.44,-0.03499999999996817
45538,10,50,68.91,-4,2024-09-03,2024-09-03 10:50:00,2024-09-03 10:50:00,JYU24.csv,122,JYU24.csv,-2.0,68.91499999999999,68.84,137.82,137.68,-0.13999999999998636
45538,11,0,68.83,-6,2024-09-03,2024-09-03 11:00:00,2024-09-03 11:00:00,JYU24.csv,884,JYU24.csv,-2.0,68.835,68.775,137.66,137.55,-0.10999999999998522
45538,11,10,68.755,0,2024-09-03,2024-09-03 11:10:00,2024-09-03 11:10:00,JYU24.csv,373,JYU24.csv,6.0,68.73,68.73,412.53,412.38,0.14999999999997726
45538,11,20,68.71,-2,2024-09-03,2024-09-03 11:20:00,2024-09-03 11:20:00,JYU24.csv,386,JYU24.csv,-2.0,68.765,68.745,137.42,137.49,0.0700000000000216
45538,11,30,68.72,-8,2024-09-03,2024-09-03 11:30:00,2024-09-03 11:30:00,JYU24.csv,183,JYU24.csv,-6.0,68.755,68.71,412.32,412.26,-0.060000000000002274
45538,11,40,68.665,-6,2024-09-03,2024-09-03 11:40:00,2024-09-03 11:40:00,JYU24.csv,96,JYU24.csv,2.0,68.66,68.695,137.33,137.39,-0.05999999999997385
45538,13,0,68.735,-2,2024-09-03,2024-09-03 13:00:00,2024-09-03 13:00:00,JYU24.csv,114,JYU24.csv,4.0,68.725,68.725,274.94,274.9,0.040000000000020464
45539,8,0,69.135,-3,2024-09-04,2024-09-04 08:00:00,2024-09-04 08:00:00,JYU24.csv,101,JYU24.csv,-1.0,69.14,69.14,69.135,69.14,0.0049999999999954525
45539,8,50,69.0,-5,2024-09-04,2024-09-04 08:50:00,2024-09-04 08:50:00,JYU24.csv,120,JYU24.csv,-2.0,69.025,69.025,138.0,138.05,0.05000000000001137
45539,9,0,69.065,-8,2024-09-04,2024-09-04 09:00:00,2024-09-04 09:00:00,JYU24.csv,77,JYU24.csv,-3.0,69.06500000000001,69.06500000000001,207.195,207.19500000000005,5.684341886080802e-14
45539,9,10,69.05,-2,2024-09-04,2024-09-04 09:10:00,2024-09-04 09:10:00,JYU24.csv,110,JYU24.csv,6.0,69.045,69.045,414.29999999999995,414.27,0.029999999999972715
45539,9,20,69.095,1,2024-09-04,2024-09-04 09:20:00,2024-09-04 09:20:00,JYU24.csv,29,JYU24.csv,3.0,69.08,69.115,207.285,207.34499999999997,-0.05999999999997385
45539,9,30,69.15,0,2024-09-04,2024-09-04 09:30:00,2024-09-04 09:30:00,JYU24.csv,356,JYU24.csv,-1.0,69.14500000000001,69.14500000000001,69.15,69.14500000000001,-0.0049999999999954525
45539,9,40,69.16,5,2024-09-04,2024-09-04 09:40:00,2024-09-04 09:40:00,JYU24.csv,301,JYU24.csv,5.0,69.155,69.155,345.79999999999995,345.775,0.024999999999977263
45539,9,50,69.19,2,2024-09-04,2024-09-04 09:50:00,2024-09-04 09:50:00,JYU24.csv,403,JYU24.csv,-3.0,69.21499999999999,69.18,207.57,207.54000000000002,-0.029999999999972715
45539,10,0,69.2,-3,2024-09-04,2024-09-04 10:00:00,2024-09-04 10:00:00,JYU24.csv,5412,JYU24.csv,-5.0,69.49499999999999,69.49499999999999,346.0,347.47499999999997,1.474999999999966
45539,10,20,69.445,-6,2024-09-04,2024-09-04 10:20:00,2024-09-04 10:20:00,JYU24.csv,324,JYU24.csv,-3.0,69.44,69.44,208.33499999999998,208.32,-0.014999999999986358
45539,10,40,69.525,-5,2024-09-04,2024-09-04 10:40:00,2024-09-04 10:40:00,JYU24.csv,407,JYU24.csv,1.0,69.495,69.495,69.525,69.495,0.030000000000001137
45539,11,0,69.51,-7,2024-09-04,2024-09-04 11:00:00,2024-09-04 11:00:00,JYU24.csv,395,JYU24.csv,-2.0,69.545,69.545,139.02,139.09,0.06999999999999318
45539,11,10,69.43,-2,2024-09-04,2024-09-04 11:10:00,2024-09-04 11:10:00,JYU24.csv,128,JYU24.csv,5.0,69.39,69.435,347.15000000000003,347.175,-0.024999999999977263
45539,11,30,69.415,-7,2024-09-04,2024-09-04 11:30:00,2024-09-04 11:30:00,JYU24.csv,531,JYU24.csv,-5.0,69.47,69.44,347.07500000000005,347.2,0.12499999999994316
45539,13,0,69.545,-3,2024-09-04,2024-09-04 13:00:00,2024-09-04 13:00:00,JYU24.csv,74,JYU24.csv,4.0,69.545,69.545,278.18,278.18,0.0
45540,6,30,69.77,-6,2024-09-05,2024-09-05 06:30:00,2024-09-05 06:30:00,JYU24.csv,33,JYU24.csv,-3.0,69.78,69.78,209.31,209.34,0.030000000000001137
45540,8,0,69.805,0,2024-09-05,2024-09-05 08:00:00,2024-09-05 08:00:00,JYU24.csv,150,JYU24.csv,6.0,69.83,69.83,418.83000000000004,418.98,-0.14999999999997726
45540,9,0,69.975,-2,2024-09-05,2024-09-05 09:00:00,2024-09-05 09:00:00,JYU24.csv,307,JYU24.csv,-2.0,70.02499999999999,69.97,139.95,139.94,-0.009999999999990905
45540,9,20,69.915,0,2024-09-05,2024-09-05 09:20:00,2024-09-05 09:20:00,JYU24.csv,128,JYU24.csv,2.0,69.92,69.92,139.83,139.84,-0.009999999999990905
45540,9,40,69.935,-2,2024-09-05,2024-09-05 09:40:00,2024-09-05 09:40:00,JYU24.csv,168,JYU24.csv,-2.0,69.96,69.96,139.87,139.92,0.04999999999998295
45540,10,10,69.735,0,2024-09-05,2024-09-05 10:10:00,2024-09-05 10:10:00,JYU24.csv,295,JYU24.csv,2.0,69.755,69.755,139.47,139.51,-0.03999999999999204
45540,10,30,69.64,4,2024-09-05,2024-09-05 10:30:00,2024-09-05 10:30:00,JYU24.csv,355,JYU24.csv,4.0,69.58,69.58,278.56,278.32,0.2400000000000091
45540,10,50,69.525,1,2024-09-05,2024-09-05 10:50:00,2024-09-05 10:50:00,JYU24.csv,539,JYU24.csv,-3.0,69.55499999999999,69.55499999999999,208.57500000000002,208.66499999999996,0.08999999999994657
45540,11,0,69.57,0,2024-09-05,2024-09-05 11:00:00,2024-09-05 11:00:00,JYU24.csv,764,JYU24.csv,-1.0,69.61999999999999,69.585,69.57,69.585,0.015000000000000568
45540,11,10,69.53,4,2024-09-05,2024-09-05 11:10:00,2024-09-05 11:10:00,JYU24.csv,363,JYU24.csv,4.0,69.535,69.535,278.12,278.14,-0.01999999999998181
45540,11,20,69.625,1,2024-09-05,2024-09-05 11:20:00,2024-09-05 11:20:00,JYU24.csv,115,JYU24.csv,-3.0,69.63499999999999,69.63499999999999,208.875,208.90499999999997,0.029999999999972715
45540,11,30,69.695,-5,2024-09-05,2024-09-05 11:30:00,2024-09-05 11:30:00,JYU24.csv,242,JYU24.csv,-6.0,69.71,69.71,418.16999999999996,418.26,0.09000000000003183
45540,11,40,69.755,-2,2024-09-05,2024-09-05 11:40:00,2024-09-05 11:40:00,JYU24.csv,377,JYU24.csv,3.0,69.76,69.76,209.265,209.28000000000003,-0.015000000000043201
45540,11,50,69.765,0,2024-09-05,2024-09-05 11:50:00,2024-09-05 11:50:00,JYU24.csv,214,JYU24.csv,2.0,69.73,69.815,139.53,139.63,-0.09999999999999432
45540,12,0,69.815,-3,2024-09-05,2024-09-05 12:00:00,2024-09-05 12:00:00,JYU24.csv,257,JYU24.csv,-3.0,69.8,69.8,209.445,209.39999999999998,-0.045000000000015916
45540,12,20,69.825,0,2024-09-05,2024-09-05 12:20:00,2024-09-05 12:20:00,JYU24.csv,155,JYU24.csv,3.0,69.78500000000001,69.795,209.47500000000002,209.385,0.09000000000003183
45540,13,0,69.815,1,2024-09-05,2024-09-05 13:00:00,2024-09-05 13:00:00,JYU24.csv,140,JYU24.csv,1.0,69.78500000000001,69.84,69.815,69.84,-0.025000000000005684
45541,6,30,70.05,-3,2024-09-06,2024-09-06 06:30:00,2024-09-06 06:30:00,JYU24.csv,14,JYU24.csv,-4.0,70.065,70.065,280.2,280.26,0.060000000000002274
45541,8,0,69.98,-4,2024-09-06,2024-09-06 08:00:00,2024-09-06 08:00:00,JYU24.csv,190,JYU24.csv,-1.0,69.99000000000001,69.935,69.98,69.935,-0.045000000000001705
45541,8,50,70.125,-6,2024-09-06,2024-09-06 08:50:00,2024-09-06 08:50:00,JYU24.csv,617,JYU24.csv,-2.0,70.145,69.99,140.25,139.98,-0.27000000000001023
45541,9,0,70.02,-8,2024-09-06,2024-09-06 09:00:00,2024-09-06 09:00:00,JYU24.csv,351,JYU24.csv,-2.0,70.03999999999999,70.03999999999999,140.04,140.07999999999998,0.03999999999999204
45541,9,10,69.875,-9,2024-09-06,2024-09-06 09:10:00,2024-09-06 09:10:00,JYU24.csv,536,JYU24.csv,-1.0,69.895,69.895,69.875,69.895,0.01999999999999602
45541,9,30,69.87,-6,2024-09-06,2024-09-06 09:30:00,2024-09-06 09:30:00,JYU24.csv,316,JYU24.csv,3.0,69.855,69.855,209.61,209.565,0.045000000000015916
45541,9,50,69.595,-7,2024-09-06,2024-09-06 09:50:00,2024-09-06 09:50:00,JYU24.csv,583,JYU24.csv,-1.0,69.615,69.615,69.595,69.615,0.01999999999999602
45541,10,10,69.89,-6,2024-09-06,2024-09-06 10:10:00,2024-09-06 10:10:00,JYU24.csv,766,JYU24.csv,1.0,69.875,69.945,69.89,69.945,-0.05499999999999261
45541,10,20,70.05,-8,2024-09-06,2024-09-06 10:20:00,2024-09-06 10:20:00,JYU24.csv,1250,JYU24.csv,-2.0,70.07,70.07,140.1,140.14,0.03999999999999204
45541,10,30,70.195,-4,2024-09-06,2024-09-06 10:30:00,2024-09-06 10:30:00,JYU24.csv,573,JYU24.csv,4.0,70.175,70.175,280.78,280.7,0.07999999999998408
45541,10,40,70.315,-2,2024-09-06,2024-09-06 10:40:00,2024-09-06 10:40:00,JYU24.csv,526,JYU24.csv,2.0,70.295,70.295,140.63,140.59,0.03999999999999204
45541,10,50,70.345,-3,2024-09-06,2024-09-06 10:50:00,2024-09-06 10:50:00,JYU24.csv,223,JYU24.csv,-1.0,70.365,70.365,70.345,70.365,0.01999999999999602
45541,11,0,70.28,-7,2024-09-06,2024-09-06 11:00:00,2024-09-06 11:00:00,JYU24.csv,8336,JYU24.csv,-4.0,70.3,70.3,281.12,281.2,0.07999999999998408
45541,11,10,70.175,-1,2024-09-06,2024-09-06 11:10:00,2024-09-06 11:10:00,JYU24.csv,749,JYU24.csv,6.0,70.155,70.415,421.04999999999995,422.49,-1.4400000000000546
45541,11,20,70.54,-2,2024-09-06,2024-09-06 11:20:00,2024-09-06 11:20:00,JYU24.csv,567,JYU24.csv,-1.0,70.56,70.5,70.54,70.5,-0.04000000000000625
45541,11,30,70.455,-7,2024-09-06,2024-09-06 11:30:00,2024-09-06 11:30:00,JYU24.csv,343,JYU24.csv,-5.0,70.475,70.335,352.275,351.67499999999995,-0.6000000000000227
45541,11,40,70.335,-6,2024-09-06,2024-09-06 11:40:00,2024-09-06 11:40:00,JYU24.csv,324,JYU24.csv,1.0,70.315,70.315,70.335,70.315,0.01999999999999602
45541,13,0,70.28,-2,2024-09-06,2024-09-06 13:00:00,2024-09-06 13:00:00,JYU24.csv,121,JYU24.csv,4.0,70.26,70.26,281.12,281.04,0.07999999999998408
45541,16,15,70.31,0,2024-09-06,2024-09-06 16:15:00,2024-09-06 16:15:00,JYU24.csv,12,JYU24.csv,2.0,70.3,70.33,140.62,140.66,-0.03999999999999204
45544,6,30,69.655,-7,2024-09-09,2024-09-09 06:30:00,2024-09-09 06:30:00,JYU24.csv,105,JYU24.csv,-7.0,69.67,69.65,487.58500000000004,487.55000000000007,-0.03499999999996817
45544,8,0,69.71,-5,2024-09-09,2024-09-09 08:00:00,2024-09-09 08:00:00,JYU24.csv,75,JYU24.csv,2.0,69.69999999999999,69.69999999999999,139.42,139.39999999999998,0.020000000000010232
45544,10,0,70.105,-6,2024-09-09,2024-09-09 10:00:00,2024-09-09 10:00:00,JYU24.csv,498,JYU24.csv,-1.0,70.125,70.125,70.105,70.125,0.01999999999999602
45544,10,20,70.095,-5,2024-09-09,2024-09-09 10:20:00,2024-09-09 10:20:00,JYU24.csv,165,JYU24.csv,1.0,70.075,70.075,70.095,70.075,0.01999999999999602
45544,10,30,70.14,2,2024-09-09,2024-09-09 10:30:00,2024-09-09 10:30:00,JYU24.csv,727,JYU24.csv,7.0,70.12,70.17,490.98,491.19,-0.20999999999997954
45544,11,0,70.135,-2,2024-09-09,2024-09-09 11:00:00,2024-09-09 11:00:00,JYU24.csv,329,JYU24.csv,-4.0,70.155,70.06,280.54,280.24,-0.30000000000001137
45544,11,10,70.055,3,2024-09-09,2024-09-09 11:10:00,2024-09-09 11:10:00,JYU24.csv,118,JYU24.csv,5.0,70.03500000000001,70.11,350.27500000000003,350.55,-0.27499999999997726
45544,11,20,70.125,1,2024-09-09,2024-09-09 11:20:00,2024-09-09 11:20:00,JYU24.csv,80,JYU24.csv,-2.0,70.145,70.055,140.25,140.11,-0.13999999999998636
45544,11,30,70.025,2,2024-09-09,2024-09-09 11:30:00,2024-09-09 11:30:00,JYU24.csv,217,JYU24.csv,1.0,70.00500000000001,70.00500000000001,70.025,70.00500000000001,0.01999999999999602
45544,11,40,70.05,4,2024-09-09,2024-09-09 11:40:00,2024-09-09 11:40:00,JYU24.csv,155,JYU24.csv,2.0,70.035,70.035,140.1,140.07,0.030000000000001137
45544,11,50,70.015,-2,2024-09-09,2024-09-09 11:50:00,2024-09-09 11:50:00,JYU24.csv,78,JYU24.csv,-6.0,70.035,70.035,420.09000000000003,420.21,0.1199999999999477
45544,13,0,70.06,2,2024-09-09,2024-09-09 13:00:00,2024-09-09 13:00:00,JYU24.csv,45,JYU24.csv,4.0,70.05,70.05,280.24,280.2,0.040000000000020464
45545,2,30,69.865,3,2024-09-10,2024-09-10 02:30:00,2024-09-10 02:30:00,JYU24.csv,55,JYU24.csv,1.0,69.86,69.86,69.865,69.86,0.0049999999999954525
45545,8,0,69.93,-3,2024-09-10,2024-09-10 08:00:00,2024-09-10 08:00:00,JYU24.csv,64,JYU24.csv,-6.0,69.91000000000001,69.91000000000001,419.58000000000004,419.46000000000004,-0.12000000000000455
45545,8,30,70.01,-4,2024-09-10,2024-09-10 08:30:00,2024-09-10 08:30:00,JYU24.csv,189,JYU24.csv,-1.0,70.075,70.075,70.01,70.075,0.06499999999999773
45545,8,50,70.09,-6,2024-09-10,2024-09-10 08:50:00,2024-09-10 08:50:00,JYU24.csv,66,JYU24.csv,-2.0,70.08,70.08,140.18,140.16,-0.020000000000010232
45545,9,0,70.055,-3,2024-09-10,2024-09-10 09:00:00,2024-09-10 09:00:00,JYU24.csv,158,JYU24.csv,3.0,70.035,70.035,210.16500000000002,210.105,0.060000000000030695
45545,9,10,70.025,-1,2024-09-10,2024-09-10 09:10:00,2024-09-10 09:10:00,JYU24.csv,145,JYU24.csv,2.0,70.01,70.01,140.05,140.02,0.030000000000001137
45545,10,20,70.205,-2,2024-09-10,2024-09-10 10:20:00,2024-09-10 10:20:00,JYU24.csv,652,JYU24.csv,-1.0,70.2,70.2,70.205,70.2,-0.0049999999999954525
45545,10,30,70.145,2,2024-09-10,2024-09-10 10:30:00,2024-09-10 10:30:00,JYU24.csv,376,JYU24.csv,4.0,70.15,70.15,280.58,280.6,-0.020000000000038654
45545,10,40,70.175,3,2024-09-10,2024-09-10 10:40:00,2024-09-10 10:40:00,JYU24.csv,460,JYU24.csv,1.0,70.13000000000001,70.13000000000001,70.175,70.13000000000001,0.044999999999987494
45545,10,50,70.125,-1,2024-09-10,2024-09-10 10:50:00,2024-09-10 10:50:00,JYU24.csv,422,JYU24.csv,-4.0,70.19,70.19,280.5,280.76,0.2599999999999909
45545,11,0,70.13,-2,2024-09-10,2024-09-10 11:00:00,2024-09-10 11:00:00,JYU24.csv,603,JYU24.csv,-1.0,70.16499999999999,70.16499999999999,70.13,70.16499999999999,0.03499999999999659
45545,11,50,70.27,-3,2024-09-10,2024-09-10 11:50:00,2024-09-10 11:50:00,JYU24.csv,245,JYU24.csv,-1.0,70.325,70.305,70.27,70.305,0.0350000000000108
45545,12,10,70.32,-2,2024-09-10,2024-09-10 12:10:00,2024-09-10 12:10:00,JYU24.csv,89,JYU24.csv,1.0,70.295,70.315,70.32,70.315,0.0049999999999954525
45545,13,0,70.255,-1,2024-09-10,2024-09-10 13:00:00,2024-09-10 13:00:00,JYU24.csv,106,JYU24.csv,1.0,70.24499999999999,70.26,70.255,70.26,-0.005000000000009663
45546,6,30,70.695,-4,2024-09-11,2024-09-11 06:30:00,2024-09-11 06:30:00,JYU24.csv,108,JYU24.csv,-3.0,70.7,70.7,212.08499999999998,212.10000000000002,0.015000000000043201
45546,8,0,70.625,-1,2024-09-11,2024-09-11 08:00:00,2024-09-11 08:00:00,JYU24.csv,249,JYU24.csv,3.0,70.57499999999999,70.57499999999999,211.875,211.72499999999997,0.1500000000000341
45546,8,40,70.28,2,2024-09-11,2024-09-11 08:40:00,2024-09-11 08:40:00,JYU24.csv,715,JYU24.csv,3.0,70.24,70.24,210.84,210.71999999999997,0.12000000000003297
45546,9,0,70.32,-2,2024-09-11,2024-09-11 09:00:00,2024-09-11 09:00:00,JYU24.csv,482,JYU24.csv,-4.0,70.35499999999999,70.245,281.28,280.98,-0.2999999999999545
45546,9,20,70.39,-1,2024-09-11,2024-09-11 09:20:00,2024-09-11 09:20:00,JYZ24.csv,134,JYU24.csv,1.0,70.395,70.395,70.39,70.395,-0.0049999999999954525
45546,9,30,70.31,-5,2024-09-11,2024-09-11 09:30:00,2024-09-11 09:30:00,JYU24.csv,697,JYU24.csv,-4.0,70.32,70.32,281.24,281.28,0.03999999999996362
45546,9,40,70.36,-6,2024-09-11,2024-09-11 09:40:00,2024-09-11 09:40:00,JYU24.csv,362,JYU24.csv,-1.0,70.44,70.44,70.36,70.44,0.0799999999999983
45546,9,50,70.49,-2,2024-09-11,2024-09-11 09:50:00,2024-09-11 09:50:00,JYU24.csv,278,JYU24.csv,4.0,70.505,70.505,281.96,282.02,-0.060000000000002274
45546,10,20,70.815,-5,2024-09-11,2024-09-11 10:20:00,2024-09-11 10:20:00,JYU24.csv,491,JYU24.csv,-3.0,70.815,70.815,212.445,212.445,-0.0
45546,10,30,70.755,1,2024-09-11,2024-09-11 10:30:00,2024-09-11 10:30:00,JYU24.csv,423,JYU24.csv,6.0,70.74000000000001,70.785,424.53,424.71,-0.18000000000000682
45546,10,40,70.74,4,2024-09-11,2024-09-11 10:40:00,2024-09-11 10:40:00,JYU24.csv,220,JYU24.csv,3.0,70.72500000000001,70.72500000000001,212.21999999999997,212.175,0.04499999999995907
45546,10,50,70.825,-2,2024-09-11,2024-09-11 10:50:00,2024-09-11 10:50:00,JYU24.csv,409,JYU24.csv,-6.0,70.845,70.845,424.95000000000005,425.07,0.1199999999999477
45546,11,0,70.77,-6,2024-09-11,2024-09-11 11:00:00,2024-09-11 11:00:00,JYU24.csv,681,JYU24.csv,-4.0,70.78,70.78,283.08,283.12,0.040000000000020464
45546,11,10,70.72,-3,2024-09-11,2024-09-11 11:10:00,2024-09-11 11:10:00,JYU24.csv,210,JYU24.csv,3.0,70.685,70.685,212.16,212.055,0.10499999999998977
45546,11,20,70.67,-5,2024-09-11,2024-09-11 11:20:00,2024-09-11 11:20:00,JYU24.csv,255,JYU24.csv,-2.0,70.725,70.725,141.34,141.45,0.10999999999998522
45546,11,30,70.755,-7,2024-09-11,2024-09-11 11:30:00,2024-09-11 11:30:00,JYU24.csv,81,JYU24.csv,-2.0,70.77499999999999,70.73,141.51,141.46,-0.04999999999998295
45546,11,40,70.685,-5,2024-09-11,2024-09-11 11:40:00,2024-09-11 11:40:00,JYU24.csv,318,JYU24.csv,2.0,70.62,70.62,141.37,141.24,0.12999999999999545
45546,11,50,70.59,-3,2024-09-11,2024-09-11 11:50:00,2024-09-11 11:50:00,JYU24.csv,246,JYU24.csv,2.0,70.595,70.595,141.18,141.19,-0.009999999999990905
45546,12,0,70.605,-5,2024-09-11,2024-09-11 12:00:00,2024-09-11 12:00:00,JYU24.csv,153,JYU24.csv,-2.0,70.61,70.515,141.21,141.03,-0.18000000000000682
45546,12,20,70.49,-3,2024-09-11,2024-09-11 12:20:00,2024-09-11 12:20:00,JYU24.csv,191,JYU24.csv,2.0,70.455,70.495,140.98,140.99,-0.010000000000019327
45546,13,0,70.5,1,2024-09-11,2024-09-11 13:00:00,2024-09-11 13:00:00,JYU24.csv,90,JYU24.csv,4.0,70.445,70.445,282.0,281.78,0.22000000000002728
45547,8,0,70.155,-2,2024-09-12,2024-09-12 08:00:00,2024-09-12 08:00:00,JYU24.csv,120,JYZ24.csv,-3.0,71.06,71.06,210.465,213.18,2.7150000000000034
45547,9,0,70.385,-1,2024-09-12,2024-09-12 09:00:00,2024-09-12 09:00:00,JYU24.csv,381,JYU24.csv,1.0,70.39,70.39,70.385,70.39,-0.0049999999999954525
45547,9,10,70.4,-3,2024-09-12,2024-09-12 09:10:00,2024-09-12 09:10:00,JYU24.csv,214,JYU24.csv,-2.0,70.375,70.375,140.8,140.75,-0.05000000000001137
45547,9,20,70.325,-1,2024-09-12,2024-09-12 09:20:00,2024-09-12 09:20:00,JYZ24.csv,216,JYZ24.csv,2.0,71.11,71.13,140.65,142.26,-1.6099999999999852
45547,9,30,70.305,1,2024-09-12,2024-09-12 09:30:00,2024-09-12 09:30:00,JYZ24.csv,324,JYU24.csv,2.0,70.28,70.28,140.61,140.56,0.05000000000001137
45547,9,40,70.315,-1,2024-09-12,2024-09-12 09:40:00,2024-09-12 09:40:00,JYU24.csv,244,JYU24.csv,-2.0,70.345,70.345,140.63,140.69,0.060000000000002274
45547,10,0,70.42,-4,2024-09-12,2024-09-12 10:00:00,2024-09-12 10:00:00,JYU24.csv,296,JYU24.csv,-3.0,70.425,70.425,211.26,211.27499999999998,0.014999999999986358
45547,10,10,70.33,-1,2024-09-12,2024-09-12 10:10:00,2024-09-12 10:10:00,JYU24.csv,307,JYU24.csv,3.0,70.25500000000001,70.25500000000001,210.99,210.76500000000004,0.2249999999999659
45547,10,20,70.245,2,2024-09-12,2024-09-12 10:20:00,2024-09-12 10:20:00,JYU24.csv,308,JYU24.csv,3.0,70.25,70.25,210.735,210.75,-0.014999999999986358
45547,10,30,70.25,-1,2024-09-12,2024-09-12 10:30:00,2024-09-12 10:30:00,JYZ24.csv,111,JYZ24.csv,-3.0,71.11,71.11,210.75,213.32999999999998,2.579999999999984
45547,11,0,70.195,-3,2024-09-12,2024-09-12 11:00:00,2024-09-12 11:00:00,JYU24.csv,349,JYU24.csv,-2.0,70.21,70.21,140.39,140.42,0.030000000000001137
45547,13,0,70.18,-1,2024-09-12,2024-09-12 13:00:00,2024-09-12 13:00:00,JYU24.csv,95,JYU24.csv,2.0,70.165,70.165,140.36,140.33,0.030000000000001137
45548,6,30,72.03,-5,2024-09-13,2024-09-13 06:30:00,2024-09-13 06:30:00,JYZ24.csv,55,JYZ24.csv,-4.0,72.045,72.045,288.12,288.18,0.060000000000002274
45548,8,0,71.89,-9,2024-09-13,2024-09-13 08:00:00,2024-09-13 08:00:00,JYZ24.csv,333,JYZ24.csv,-4.0,71.905,71.825,287.56,287.3,-0.2599999999999909
45548,9,0,71.95,-3,2024-09-13,2024-09-13 09:00:00,2024-09-13 09:00:00,JYZ24.csv,310,JYZ24.csv,6.0,71.94,71.94,431.70000000000005,431.64,0.06000000000005912
45548,9,10,72.025,0,2024-09-13,2024-09-13 09:10:00,2024-09-13 09:10:00,JYZ24.csv,275,JYZ24.csv,3.0,72.01,72.01,216.07500000000002,216.03000000000003,0.044999999999987494
45548,9,20,72.075,-6,2024-09-13,2024-09-13 09:20:00,2024-09-13 09:20:00,JYZ24.csv,256,JYZ24.csv,-6.0,72.09,72.09,432.45000000000005,432.54,0.08999999999997499
45548,9,30,72.085,-7,2024-09-13,2024-09-13 09:30:00,2024-09-13 09:30:00,JYZ24.csv,302,JYZ24.csv,-1.0,72.1,72.1,72.085,72.1,0.015000000000000568
45548,9,50,72.09,-9,2024-09-13,2024-09-13 09:50:00,2024-09-13 09:50:00,JYZ24.csv,927,JYZ24.csv,-2.0,72.105,72.105,144.18,144.21,0.030000000000001137
45548,10,30,72.02,-2,2024-09-13,2024-09-13 10:30:00,2024-09-13 10:30:00,JYZ24.csv,254,JYZ24.csv,7.0,71.985,71.985,504.14,503.895,0.24500000000000455
45548,11,0,71.99,-6,2024-09-13,2024-09-13 11:00:00,2024-09-13 11:00:00,JYZ24.csv,253,JYZ24.csv,-4.0,72.02499999999999,72.015,287.96,288.06,0.10000000000002274
45548,11,10,72.025,-10,2024-09-13,2024-09-13 11:10:00,2024-09-13 11:10:00,JYZ24.csv,124,JYZ24.csv,-4.0,72.06,72.06,288.1,288.24,0.13999999999998636
45548,11,50,72.015,-9,2024-09-13,2024-09-13 11:50:00,2024-09-13 11:50:00,JYZ24.csv,99,JYZ24.csv,1.0,72.005,72.005,72.015,72.005,0.010000000000005116
45548,13,0,71.9,-5,2024-09-13,2024-09-13 13:00:00,2024-09-13 13:00:00,JYZ24.csv,139,JYZ24.csv,4.0,71.885,71.885,287.6,287.54,0.060000000000002274
45548,16,15,71.83,0,2024-09-13,2024-09-13 16:15:00,2024-09-13 16:15:00,JYZ24.csv,21,JYZ24.csv,5.0,71.83,71.855,359.15,359.27500000000003,-0.12500000000005684
45551,6,30,72.255,-3,2024-09-16,2024-09-16 06:30:00,2024-09-16 06:30:00,JYZ24.csv,82,JYZ24.csv,-3.0,72.275,72.275,216.765,216.82500000000002,0.060000000000030695
45551,8,0,72.365,-5,2024-09-16,2024-09-16 08:00:00,2024-09-16 08:00:00,JYZ24.csv,307,JYZ24.csv,-2.0,72.41499999999999,72.41499999999999,144.73,144.82999999999998,0.09999999999999432
45551,8,40,72.165,-6,2024-09-16,2024-09-16 08:40:00,2024-09-16 08:40:00,JYZ24.csv,765,JYZ24.csv,-1.0,72.12,72.12,72.165,72.12,-0.045000000000001705
45551,9,0,72.185,-7,2024-09-16,2024-09-16 09:00:00,2024-09-16 09:00:00,JYZ24.csv,267,JYZ24.csv,-1.0,72.19500000000001,72.14,72.185,72.14,-0.045000000000001705
45551,9,20,72.105,-5,2024-09-16,2024-09-16 09:20:00,2024-09-16 09:20:00,JYZ24.csv,423,JYZ24.csv,2.0,72.08,72.08,144.21,144.16,0.05000000000001137
45551,10,10,71.95,-2,2024-09-16,2024-09-16 10:10:00,2024-09-16 10:10:00,JYZ24.csv,177,JYZ24.csv,3.0,71.96,71.96,215.85000000000002,215.88,-0.029999999999972715
45551,10,40,72.13,0,2024-09-16,2024-09-16 10:40:00,2024-09-16 10:40:00,JYZ24.csv,237,JYZ24.csv,2.0,72.05,72.085,144.26,144.17,0.09000000000000341
45551,11,0,72.075,-4,2024-09-16,2024-09-16 11:00:00,2024-09-16 11:00:00,JYZ24.csv,192,JYZ24.csv,-4.0,72.095,72.03,288.3,288.12,-0.18000000000000682
45551,11,10,72.0,1,2024-09-16,2024-09-16 11:10:00,2024-09-16 11:10:00,JYZ24.csv,153,JYZ24.csv,5.0,71.945,71.945,360.0,359.72499999999997,0.2750000000000341
45551,11,30,71.985,-4,2024-09-16,2024-09-16 11:30:00,2024-09-16 11:30:00,JYZ24.csv,178,JYZ24.csv,-5.0,71.96,71.96,359.925,359.79999999999995,-0.12500000000005684
45551,11,40,71.915,-6,2024-09-16,2024-09-16 11:40:00,2024-09-16 11:40:00,JYZ24.csv,168,JYZ24.csv,-2.0,71.94500000000001,71.92,143.83,143.84,0.009999999999990905
45551,12,0,71.9,-4,2024-09-16,2024-09-16 12:00:00,2024-09-16 12:00:00,JYZ24.csv,177,JYZ24.csv,2.0,71.91,71.91,143.8,143.82,-0.01999999999998181
45551,13,0,71.975,-2,2024-09-16,2024-09-16 13:00:00,2024-09-16 13:00:00,JYZ24.csv,41,JYZ24.csv,2.0,71.97,71.97,143.95,143.94,0.009999999999990905
45552,8,40,71.8,-4,2024-09-17,2024-09-17 08:40:00,2024-09-17 08:40:00,JYZ24.csv,381,JYZ24.csv,-2.0,71.815,71.815,143.6,143.63,0.030000000000001137
45552,9,0,71.795,-2,2024-09-17,2024-09-17 09:00:00,2024-09-17 09:00:00,JYZ24.csv,389,JYZ24.csv,2.0,71.78,71.78,143.59,143.56,0.030000000000001137
45552,9,30,71.705,-4,2024-09-17,2024-09-17 09:30:00,2024-09-17 09:30:00,JYZ24.csv,281,JYZ24.csv,-2.0,71.73,71.71,143.41,143.42,0.009999999999990905
45552,9,50,71.55,-6,2024-09-17,2024-09-17 09:50:00,2024-09-17 09:50:00,JYZ24.csv,396,JYZ24.csv,-2.0,71.575,71.48,143.1,142.96,-0.13999999999998636
45552,10,10,71.475,-2,2024-09-17,2024-09-17 10:10:00,2024-09-17 10:10:00,JYZ24.csv,540,JYZ24.csv,4.0,71.455,71.455,285.9,285.82,0.07999999999998408
45552,10,50,71.355,1,2024-09-17,2024-09-17 10:50:00,2024-09-17 10:50:00,JYZ24.csv,334,JYZ24.csv,3.0,71.33500000000001,71.33500000000001,214.065,214.00500000000002,0.05999999999997385
45552,11,0,71.435,0,2024-09-17,2024-09-17 11:00:00,2024-09-17 11:00:00,JYZ24.csv,1116,JYZ24.csv,-1.0,71.46000000000001,71.46000000000001,71.435,71.46000000000001,0.025000000000005684
45552,11,10,71.425,-3,2024-09-17,2024-09-17 11:10:00,2024-09-17 11:10:00,JYZ24.csv,229,JYZ24.csv,-3.0,71.45,71.45,214.27499999999998,214.35000000000002,0.07500000000004547
45552,13,0,71.405,-2,2024-09-17,2024-09-17 13:00:00,2024-09-17 13:00:00,JYZ24.csv,89,JYZ24.csv,1.0,71.39,71.39,71.405,71.39,0.015000000000000568
45553,6,30,71.485,-7,2024-09-18,2024-09-18 06:30:00,2024-09-18 06:30:00,JYZ24.csv,47,JYZ24.csv,-5.0,71.495,71.495,357.425,357.475,0.05000000000001137
45553,8,0,71.34,-5,2024-09-18,2024-09-18 08:00:00,2024-09-18 08:00:00,JYZ24.csv,54,JYZ24.csv,2.0,71.33,71.33,142.68,142.66,0.020000000000010232
45553,9,20,71.415,-6,2024-09-18,2024-09-18 09:20:00,2024-09-18 09:20:00,JYZ24.csv,55,JYZ24.csv,-1.0,71.43,71.385,71.415,71.385,-0.030000000000001137
45553,9,40,71.36,-5,2024-09-18,2024-09-18 09:40:00,2024-09-18 09:40:00,JYZ24.csv,54,JYZ24.csv,1.0,71.35,71.35,71.36,71.35,0.010000000000005116
45553,10,20,71.345,-2,2024-09-18,2024-09-18 10:20:00,2024-09-18 10:20:00,JYZ24.csv,242,JYZ24.csv,3.0,71.33,71.33,214.035,213.99,0.044999999999987494
45553,10,30,71.3,7,2024-09-18,2024-09-18 10:30:00,2024-09-18 10:30:00,JYZ24.csv,383,JYZ24.csv,9.0,71.285,71.31,641.6999999999999,641.79,-0.09000000000003183
45553,10,40,71.325,4,2024-09-18,2024-09-18 10:40:00,2024-09-18 10:40:00,JYZ24.csv,51,JYZ24.csv,-3.0,71.34,71.34,213.97500000000002,214.02,0.044999999999987494
45553,10,50,71.295,0,2024-09-18,2024-09-18 10:50:00,2024-09-18 10:50:00,JYZ24.csv,370,JYZ24.csv,-4.0,71.31,71.24,285.18,284.96,-0.22000000000002728
45553,11,0,71.265,1,2024-09-18,2024-09-18 11:00:00,2024-09-18 11:00:00,JYZ24.csv,203,JYZ24.csv,1.0,71.25,71.25,71.265,71.25,0.015000000000000568
45553,13,0,71.33,0,2024-09-18,2024-09-18 13:00:00,2024-09-18 13:00:00,JYZ24.csv,88,JYZ24.csv,-1.0,71.34,71.34,71.33,71.34,0.010000000000005116
45554,6,30,70.685,-2,2024-09-19,2024-09-19 06:30:00,2024-09-19 06:30:00,JYZ24.csv,98,JYZ24.csv,-2.0,70.7,70.63,141.37,141.26,-0.11000000000001364
45554,8,0,70.75,-6,2024-09-19,2024-09-19 08:00:00,2024-09-19 08:00:00,JYZ24.csv,211,JYZ24.csv,-4.0,70.77,70.74,283.0,282.96,-0.040000000000020464
45554,9,0,70.33,-5,2024-09-19,2024-09-19 09:00:00,2024-09-19 09:00:00,JYZ24.csv,479,JYZ24.csv,1.0,70.30499999999999,70.4,70.33,70.4,-0.07000000000000739
45554,9,40,70.455,-3,2024-09-19,2024-09-19 09:40:00,2024-09-19 09:40:00,JYZ24.csv,341,JYZ24.csv,2.0,70.42999999999999,70.5,140.91,141.0,-0.09000000000000341
45554,10,0,70.55,-6,2024-09-19,2024-09-19 10:00:00,2024-09-19 10:00:00,JYZ24.csv,427,JYZ24.csv,-3.0,70.57,70.57,211.64999999999998,211.70999999999998,0.060000000000002274
45554,10,20,70.63,-3,2024-09-19,2024-09-19 10:20:00,2024-09-19 10:20:00,JYZ24.csv,111,JYZ24.csv,3.0,70.6,70.76,211.89,212.28000000000003,-0.3900000000000432
45554,10,30,70.69,-2,2024-09-19,2024-09-19 10:30:00,2024-09-19 10:30:00,JYZ24.csv,318,JYZ24.csv,1.0,70.66,70.66,70.69,70.66,0.030000000000001137
45554,10,50,70.77,-4,2024-09-19,2024-09-19 10:50:00,2024-09-19 10:50:00,JYZ24.csv,362,JYZ24.csv,-2.0,70.795,70.795,141.54,141.59,0.05000000000001137
45554,11,0,70.76,-7,2024-09-19,2024-09-19 11:00:00,2024-09-19 11:00:00,JYZ24.csv,418,JYZ24.csv,-3.0,70.78500000000001,70.78500000000001,212.28000000000003,212.35500000000002,0.07499999999998863
45554,11,10,70.76,-4,2024-09-19,2024-09-19 11:10:00,2024-09-19 11:10:00,JYZ24.csv,87,JYZ24.csv,3.0,70.73,70.815,212.28000000000003,212.445,-0.16499999999996362
45554,13,0,70.695,-1,2024-09-19,2024-09-19 13:00:00,2024-09-19 13:00:00,JYZ24.csv,102,JYZ24.csv,3.0,70.67999999999999,70.67999999999999,212.08499999999998,212.03999999999996,0.045000000000015916
45555,6,30,70.245,-7,2024-09-20,2024-09-20 06:30:00,2024-09-20 06:30:00,JYZ24.csv,270,JYZ24.csv,-6.0,70.24,70.24,421.47,421.43999999999994,-0.030000000000086402
45555,8,0,70.105,-4,2024-09-20,2024-09-20 08:00:00,2024-09-20 08:00:00,JYZ24.csv,1021,JYZ24.csv,3.0,70.125,70.125,210.315,210.375,-0.060000000000002274
45555,9,0,70.375,-6,2024-09-20,2024-09-20 09:00:00,2024-09-20 09:00:00,JYZ24.csv,164,JYZ24.csv,-2.0,70.415,70.415,140.75,140.83,0.0800000000000125
45555,9,20,70.445,-7,2024-09-20,2024-09-20 09:20:00,2024-09-20 09:20:00,JYZ24.csv,128,JYZ24.csv,-1.0,70.41000000000001,70.41000000000001,70.445,70.41000000000001,-0.03499999999998238
45555,9,30,70.285,-10,2024-09-20,2024-09-20 09:30:00,2024-09-20 09:30:00,JYZ24.csv,270,JYZ24.csv,-3.0,70.325,70.235,210.855,210.70499999999998,-0.15000000000000568
45555,9,40,70.255,-6,2024-09-20,2024-09-20 09:40:00,2024-09-20 09:40:00,JYZ24.csv,183,JYZ24.csv,4.0,70.225,70.315,281.02,281.26,-0.2400000000000091
45555,9,50,70.28,-3,2024-09-20,2024-09-20 09:50:00,2024-09-20 09:50:00,JYZ24.csv,341,JYZ24.csv,3.0,70.18499999999999,70.205,210.84,210.615,0.22499999999999432
45555,10,30,70.095,3,2024-09-20,2024-09-20 10:30:00,2024-09-20 10:30:00,JYZ24.csv,211,JYZ24.csv,6.0,70.1,70.1,420.57,420.59999999999997,-0.029999999999972715
45555,10,40,70.14,0,2024-09-20,2024-09-20 10:40:00,2024-09-20 10:40:00,JYZ24.csv,186,JYZ24.csv,-3.0,70.185,70.165,210.42000000000002,210.495,0.07499999999998863
45555,11,0,70.01,-2,2024-09-20,2024-09-20 11:00:00,2024-09-20 11:00:00,JYZ24.csv,1128,JYZ24.csv,-2.0,70.065,70.045,140.02,140.09,0.06999999999999318
45555,13,0,70.33,0,2024-09-20,2024-09-20 13:00:00,2024-09-20 13:00:00,JYZ24.csv,69,JYZ24.csv,2.0,70.28,70.29,140.66,140.58,0.07999999999998408
45558,6,30,70.515,-2,2024-09-23,2024-09-23 06:30:00,2024-09-23 06:30:00,JYZ24.csv,57,JYZ24.csv,-2.0,70.505,70.505,141.03,141.01,-0.020000000000010232
45558,8,0,70.405,1,2024-09-23,2024-09-23 08:00:00,2024-09-23 08:00:00,JYZ24.csv,83,JYZ24.csv,3.0,70.405,70.405,211.215,211.215,0.0
45558,9,0,70.32,-3,2024-09-23,2024-09-23 09:00:00,2024-09-23 09:00:00,JYZ24.csv,308,JYZ24.csv,-4.0,70.325,70.325,281.28,281.3,0.020000000000038654
45558,9,40,70.32,-5,2024-09-23,2024-09-23 09:40:00,2024-09-23 09:40:00,JYZ24.csv,268,JYZ24.csv,-2.0,70.3,70.3,140.64,140.6,-0.03999999999999204
45558,9,50,70.18,-8,2024-09-23,2024-09-23 09:50:00,2024-09-23 09:50:00,JYZ24.csv,437,JYZ24.csv,-3.0,70.225,70.225,210.54000000000002,210.67499999999998,0.13499999999996248
45558,10,0,70.175,-1,2024-09-23,2024-09-23 10:00:00,2024-09-23 10:00:00,JYZ24.csv,271,JYZ24.csv,7.0,70.07,70.095,491.22499999999997,490.66499999999996,0.5600000000000023
45558,10,10,70.07,6,2024-09-23,2024-09-23 10:10:00,2024-09-23 10:10:00,JYZ24.csv,163,JYZ24.csv,7.0,70.05499999999999,70.05499999999999,490.48999999999995,490.38499999999993,0.10500000000001819
45558,10,20,70.145,1,2024-09-23,2024-09-23 10:20:00,2024-09-23 10:20:00,JYZ24.csv,115,JYZ24.csv,-5.0,70.19,70.19,350.72499999999997,350.95,0.22500000000002274
45558,10,30,70.24,-1,2024-09-23,2024-09-23 10:30:00,2024-09-23 10:30:00,JYZ24.csv,177,JYZ24.csv,-2.0,70.295,70.295,140.48,140.59,0.11000000000001364
45558,10,40,70.29,1,2024-09-23,2024-09-23 10:40:00,2024-09-23 10:40:00,JYZ24.csv,101,JYZ24.csv,2.0,70.29499999999999,70.29499999999999,140.58,140.58999999999997,-0.009999999999962483
45558,11,0,70.32,-6,2024-09-23,2024-09-23 11:00:00,2024-09-23 11:00:00,JYZ24.csv,954,JYZ24.csv,-7.0,70.36500000000001,70.36500000000001,492.23999999999995,492.55500000000006,0.3150000000001114
45558,11,10,70.245,-1,2024-09-23,2024-09-23 11:10:00,2024-09-23 11:10:00,JYZ24.csv,116,JYZ24.csv,5.0,70.22999999999999,70.295,351.225,351.475,-0.25
45558,11,30,70.275,-6,2024-09-23,2024-09-23 11:30:00,2024-09-23 11:30:00,JYZ24.csv,115,JYZ24.csv,-5.0,70.29,70.29,351.375,351.45000000000005,0.07500000000004547
45558,13,0,70.535,-1,2024-09-23,2024-09-23 13:00:00,2024-09-23 13:00:00,JYZ24.csv,131,JYZ24.csv,5.0,70.53,70.53,352.67499999999995,352.65,0.024999999999977263
45559,6,30,70.135,-3,2024-09-24,2024-09-24 06:30:00,2024-09-24 06:30:00,JYZ24.csv,55,JYZ24.csv,-2.0,70.15,70.15,140.27,140.3,0.030000000000001137
45559,8,50,70.21,-5,2024-09-24,2024-09-24 08:50:00,2024-09-24 08:50:00,JYZ24.csv,104,JYZ24.csv,-2.0,70.225,70.225,140.42,140.45,0.030000000000001137
45559,9,0,70.22,-3,2024-09-24,2024-09-24 09:00:00,2024-09-24 09:00:00,JYZ24.csv,208,JYZ24.csv,2.0,70.205,70.205,140.44,140.41,0.030000000000001137
45559,9,10,70.19,-1,2024-09-24,2024-09-24 09:10:00,2024-09-24 09:10:00,JYZ24.csv,71,JYZ24.csv,2.0,70.175,70.175,140.38,140.35,0.030000000000001137
45559,10,20,70.44,-4,2024-09-24,2024-09-24 10:20:00,2024-09-24 10:20:00,JYZ24.csv,191,JYZ24.csv,-3.0,70.46,70.46,211.32,211.38,0.060000000000002274
45559,10,30,70.45,-2,2024-09-24,2024-09-24 10:30:00,2024-09-24 10:30:00,JYZ24.csv,612,JYZ24.csv,2.0,70.425,70.425,140.9,140.85,0.05000000000001137
45559,10,40,70.42,1,2024-09-24,2024-09-24 10:40:00,2024-09-24 10:40:00,JYZ24.csv,182,JYZ24.csv,3.0,70.395,70.46,211.26,211.38,-0.12000000000000455
45559,11,0,70.37,-1,2024-09-24,2024-09-24 11:00:00,2024-09-24 11:00:00,JYZ24.csv,291,JYZ24.csv,-2.0,70.39,70.39,140.74,140.78,0.03999999999999204
45559,12,0,70.315,-2,2024-09-24,2024-09-24 12:00:00,2024-09-24 12:00:00,JYZ24.csv,77,JYZ24.csv,-1.0,70.33,70.33,70.315,70.33,0.015000000000000568
45559,12,20,70.425,-1,2024-09-24,2024-09-24 12:20:00,2024-09-24 12:20:00,JYZ24.csv,61,JYZ24.csv,1.0,70.41,70.41,70.425,70.41,0.015000000000000568
45559,13,0,70.47,1,2024-09-24,2024-09-24 13:00:00,2024-09-24 13:00:00,JYZ24.csv,39,JYZ24.csv,2.0,70.455,70.455,140.94,140.91,0.030000000000001137
45560,6,30,70.145,-5,2024-09-25,2024-09-25 06:30:00,2024-09-25 06:30:00,JYZ24.csv,76,JYZ24.csv,-6.0,70.11,70.11,420.87,420.65999999999997,-0.21000000000003638
45560,8,0,70.05,-4,2024-09-25,2024-09-25 08:00:00,2024-09-25 08:00:00,JYZ24.csv,106,JYZ24.csv,1.0,70.045,70.045,70.05,70.045,0.0049999999999954525
45560,9,0,70.095,-6,2024-09-25,2024-09-25 09:00:00,2024-09-25 09:00:00,JYZ24.csv,90,JYZ24.csv,-2.0,70.14500000000001,70.14500000000001,140.19,140.29000000000002,0.10000000000002274
45560,9,20,70.215,-7,2024-09-25,2024-09-25 09:20:00,2024-09-25 09:20:00,JYZ24.csv,179,JYZ24.csv,-1.0,70.23,70.23,70.215,70.23,0.015000000000000568
45560,9,40,70.245,-6,2024-09-25,2024-09-25 09:40:00,2024-09-25 09:40:00,JYZ24.csv,111,JYZ24.csv,1.0,70.17,70.17,70.245,70.17,0.07500000000000284
45560,10,0,70.17,-1,2024-09-25,2024-09-25 10:00:00,2024-09-25 10:00:00,JYZ24.csv,802,JYZ24.csv,5.0,70.1,70.1,350.85,350.5,0.35000000000002274
45560,10,20,70.07,-3,2024-09-25,2024-09-25 10:20:00,2024-09-25 10:20:00,JYZ24.csv,138,JYZ24.csv,-2.0,70.16,70.105,140.14,140.21,0.0700000000000216
45560,10,30,70.11,3,2024-09-25,2024-09-25 10:30:00,2024-09-25 10:30:00,JYZ24.csv,88,JYZ24.csv,6.0,70.155,70.155,420.65999999999997,420.93,-0.27000000000003865
45560,10,40,70.135,0,2024-09-25,2024-09-25 10:40:00,2024-09-25 10:40:00,JYZ24.csv,122,JYZ24.csv,-3.0,70.13,70.13,210.40500000000003,210.39,-0.015000000000043201
45560,11,0,70.025,-2,2024-09-25,2024-09-25 11:00:00,2024-09-25 11:00:00,JYZ24.csv,1308,JYZ24.csv,-2.0,70.035,70.035,140.05,140.07,0.01999999999998181
45560,13,0,69.935,0,2024-09-25,2024-09-25 13:00:00,2024-09-25 13:00:00,JYZ24.csv,56,JYZ24.csv,2.0,69.92999999999999,69.93,139.87,139.86,0.009999999999990905
45561,8,0,70.09,1,2024-09-26,2024-09-26 08:00:00,2024-09-26 08:00:00,JYZ24.csv,553,JYZ24.csv,1.0,70.05,70.085,70.09,70.085,0.005000000000009663
45561,8,40,69.815,3,2024-09-26,2024-09-26 08:40:00,2024-09-26 08:40:00,JYZ24.csv,430,JYZ24.csv,2.0,69.85,69.85,139.63,139.7,-0.06999999999999318
45561,9,0,69.885,0,2024-09-26,2024-09-26 09:00:00,2024-09-26 09:00:00,JYZ24.csv,192,JYZ24.csv,-3.0,69.88,69.88,209.65500000000003,209.64,-0.015000000000043201
45561,9,10,69.975,3,2024-09-26,2024-09-26 09:10:00,2024-09-26 09:10:00,JYZ24.csv,190,JYZ24.csv,3.0,69.91999999999999,69.91999999999999,209.92499999999998,209.75999999999996,0.16500000000002046
45561,9,30,69.925,0,2024-09-26,2024-09-26 09:30:00,2024-09-26 09:30:00,JYZ24.csv,266,JYZ24.csv,-3.0,69.96499999999999,69.96499999999999,209.77499999999998,209.89499999999998,0.12000000000000455
45561,10,10,69.74,4,2024-09-26,2024-09-26 10:10:00,2024-09-26 10:10:00,JYZ24.csv,208,JYZ24.csv,4.0,69.75500000000001,69.75500000000001,278.96,279.02000000000004,-0.06000000000005912
45561,10,30,69.655,3,2024-09-26,2024-09-26 10:30:00,2024-09-26 10:30:00,JYZ24.csv,352,JYZ24.csv,-1.0,69.685,69.68,69.655,69.68,0.025000000000005684
45561,10,50,69.84,-1,2024-09-26,2024-09-26 10:50:00,2024-09-26 10:50:00,JYZ24.csv,301,JYZ24.csv,-4.0,69.86,69.86,279.36,279.44,0.07999999999998408
45561,11,0,69.76,1,2024-09-26,2024-09-26 11:00:00,2024-09-26 11:00:00,JYZ24.csv,1111,JYZ24.csv,2.0,69.755,69.77,139.52,139.54,-0.01999999999998181
45561,11,10,69.735,2,2024-09-26,2024-09-26 11:10:00,2024-09-26 11:10:00,JYZ24.csv,74,JYZ24.csv,1.0,69.705,69.76,69.735,69.76,-0.025000000000005684
45561,11,20,69.79,0,2024-09-26,2024-09-26 11:20:00,2024-09-26 11:20:00,JYZ24.csv,346,JYZ24.csv,-2.0,69.83999999999999,69.83999999999999,139.58,139.67999999999998,0.0999999999999659
45562,6,30,70.595,-2,2024-09-27,2024-09-27 06:30:00,2024-09-27 06:30:00,JYZ24.csv,139,JYZ24.csv,-2.0,70.62,70.62,141.19,141.24,0.05000000000001137
45562,9,0,70.885,-3,2024-09-27,2024-09-27 09:00:00,2024-09-27 09:00:00,JYZ24.csv,523,JYZ24.csv,-1.0,70.905,70.81,70.885,70.81,-0.07500000000000284
45562,9,20,70.785,-1,2024-09-27,2024-09-27 09:20:00,2024-09-27 09:20:00,JYZ24.csv,179,JYZ24.csv,2.0,70.75999999999999,70.75999999999999,141.57,141.51999999999998,0.05000000000001137
45562,9,40,70.795,-3,2024-09-27,2024-09-27 09:40:00,2024-09-27 09:40:00,JYZ24.csv,300,JYZ24.csv,-2.0,70.825,70.825,141.59,141.65,0.060000000000002274
45562,10,30,70.75,2,2024-09-27,2024-09-27 10:30:00,2024-09-27 10:30:00,JYZ24.csv,439,JYZ24.csv,5.0,70.725,70.725,353.75,353.625,0.125
45562,10,50,70.69,3,2024-09-27,2024-09-27 10:50:00,2024-09-27 10:50:00,JYZ24.csv,136,JYZ24.csv,1.0,70.67,70.74,70.69,70.74,-0.04999999999999716
45562,11,0,70.71,-2,2024-09-27,2024-09-27 11:00:00,2024-09-27 11:00:00,JYZ24.csv,516,JYZ24.csv,-5.0,70.74,70.715,353.54999999999995,353.57500000000005,0.02500000000009095
45562,11,10,70.695,-6,2024-09-27,2024-09-27 11:10:00,2024-09-27 11:10:00,JYZ24.csv,75,JYZ24.csv,-4.0,70.725,70.64,282.78,282.56,-0.21999999999997044
45562,11,20,70.62,-7,2024-09-27,2024-09-27 11:20:00,2024-09-27 11:20:00,JYZ24.csv,114,JYZ24.csv,-1.0,70.65,70.65,70.62,70.65,0.030000000000001137
45562,11,30,70.695,-3,2024-09-27,2024-09-27 11:30:00,2024-09-27 11:30:00,JYZ24.csv,356,JYZ24.csv,4.0,70.675,70.72,282.78,282.88,-0.10000000000002274
45562,11,40,70.71,-2,2024-09-27,2024-09-27 11:40:00,2024-09-27 11:40:00,JYZ24.csv,90,JYZ24.csv,1.0,70.69,70.78,70.71,70.78,-0.07000000000000739
45562,11,50,70.825,-6,2024-09-27,2024-09-27 11:50:00,2024-09-27 11:50:00,JYZ24.csv,971,JYZ24.csv,-4.0,70.855,70.855,283.3,283.42,0.12000000000000455
45562,13,0,70.89,-1,2024-09-27,2024-09-27 13:00:00,2024-09-27 13:00:00,JYZ24.csv,100,JYZ24.csv,5.0,70.875,70.875,354.45,354.375,0.07499999999998863
45562,16,15,71.02,0,2024-09-27,2024-09-27 16:15:00,2024-09-27 16:15:00,JYZ24.csv,21,JYZ24.csv,1.0,71.00999999999999,71.04,71.02,71.04,-0.020000000000010232
45565,6,30,70.77,-1,2024-09-30,2024-09-30 06:30:00,2024-09-30 06:30:00,JYZ24.csv,71,JYZ24.csv,-1.0,70.77499999999999,70.77499999999999,70.77,70.77499999999999,0.0049999999999954525
45565,8,0,70.86,-3,2024-09-30,2024-09-30 08:00:00,2024-09-30 08:00:00,JYZ24.csv,152,JYZ24.csv,-2.0,70.87,70.8,141.72,141.6,-0.12000000000000455
45565,9,0,70.66,-2,2024-09-30,2024-09-30 09:00:00,2024-09-30 09:00:00,JYZ24.csv,267,JYZ24.csv,1.0,70.645,70.645,70.66,70.645,0.015000000000000568
45565,9,20,70.74,3,2024-09-30,2024-09-30 09:20:00,2024-09-30 09:20:00,JYZ24.csv,157,JYZ24.csv,5.0,70.725,70.725,353.7,353.625,0.07499999999998863
45565,9,40,70.675,-2,2024-09-30,2024-09-30 09:40:00,2024-09-30 09:40:00,JYZ24.csv,158,JYZ24.csv,-5.0,70.69,70.595,353.375,352.975,-0.39999999999997726
45565,10,0,70.56,2,2024-09-30,2024-09-30 10:00:00,2024-09-30 10:00:00,JYZ24.csv,629,JYZ24.csv,4.0,70.545,70.545,282.24,282.18,0.060000000000002274
45565,10,20,70.645,-2,2024-09-30,2024-09-30 10:20:00,2024-09-30 10:20:00,JYZ24.csv,199,JYZ24.csv,-4.0,70.66,70.66,282.58,282.64,0.060000000000002274
45565,10,30,70.69,-1,2024-09-30,2024-09-30 10:30:00,2024-09-30 10:30:00,JYZ24.csv,186,JYZ24.csv,1.0,70.675,70.675,70.69,70.675,0.015000000000000568
45565,10,50,70.625,3,2024-09-30,2024-09-30 10:50:00,2024-09-30 10:50:00,JYZ24.csv,211,JYZ24.csv,4.0,70.61,70.61,282.5,282.44,0.060000000000002274
45565,11,20,70.525,1,2024-09-30,2024-09-30 11:20:00,2024-09-30 11:20:00,JYZ24.csv,142,JYZ24.csv,-2.0,70.555,70.555,141.05,141.11,0.060000000000002274
45565,11,30,70.505,-3,2024-09-30,2024-09-30 11:30:00,2024-09-30 11:30:00,JYZ24.csv,156,JYZ24.csv,-4.0,70.52,70.52,282.02,282.08,0.060000000000002274
45565,11,40,70.505,-1,2024-09-30,2024-09-30 11:40:00,2024-09-30 11:40:00,JYZ24.csv,132,JYZ24.csv,2.0,70.49,70.49,141.01,140.98,0.030000000000001137
45566,9,0,70.115,0,2024-10-01,2024-10-01 09:00:00,2024-10-01 09:00:00,JYZ24.csv,167,JYZ24.csv,1.0,70.105,70.13,70.115,70.13,-0.015000000000000568
45566,9,20,70.16,-2,2024-10-01,2024-10-01 09:20:00,2024-10-01 09:20:00,JYZ24.csv,172,JYZ24.csv,-2.0,70.18,70.17,140.32,140.34,0.020000000000010232
45566,9,30,70.175,1,2024-10-01,2024-10-01 09:30:00,2024-10-01 09:30:00,JYZ24.csv,182,JYZ24.csv,3.0,70.155,70.46,210.52499999999998,211.38,-0.8550000000000182
45566,9,40,70.505,3,2024-10-01,2024-10-01 09:40:00,2024-10-01 09:40:00,JYZ24.csv,1092,JYZ24.csv,2.0,70.42,70.42,141.01,140.84,0.1699999999999875
45566,9,50,70.385,-4,2024-10-01,2024-10-01 09:50:00,2024-10-01 09:50:00,JYZ24.csv,597,JYZ24.csv,-7.0,70.42,70.42,492.69500000000005,492.94,0.2449999999999477
45566,10,0,70.37,-1,2024-10-01,2024-10-01 10:00:00,2024-10-01 10:00:00,JYZ24.csv,2770,JYZ24.csv,3.0,70.44999999999999,70.44999999999999,211.11,211.34999999999997,-0.23999999999995225
45566,10,10,70.525,3,2024-10-01,2024-10-01 10:10:00,2024-10-01 10:10:00,JYZ24.csv,824,JYZ24.csv,4.0,70.585,70.585,282.1,282.34,-0.23999999999995225
45566,10,20,70.545,1,2024-10-01,2024-10-01 10:20:00,2024-10-01 10:20:00,JYZ24.csv,309,JYZ24.csv,-2.0,70.5,70.5,141.09,141.0,-0.09000000000000341
45566,10,40,70.335,2,2024-10-01,2024-10-01 10:40:00,2024-10-01 10:40:00,JYZ24.csv,214,JYZ24.csv,1.0,70.28999999999999,70.28999999999999,70.335,70.28999999999999,0.045000000000001705
45566,11,0,70.33,1,2024-10-01,2024-10-01 11:00:00,2024-10-01 11:00:00,JYZ24.csv,440,JYZ24.csv,-1.0,70.33500000000001,70.33500000000001,70.33,70.33500000000001,0.005000000000009663
45566,11,20,70.355,-1,2024-10-01,2024-10-01 11:20:00,2024-10-01 11:20:00,JYZ24.csv,38,JYZ24.csv,-2.0,70.37,70.305,140.71,140.61,-0.09999999999999432
45566,11,30,70.24,2,2024-10-01,2024-10-01 11:30:00,2024-10-01 11:30:00,JYZ24.csv,270,JYZ24.csv,3.0,70.22,70.22,210.71999999999997,210.66,0.05999999999997385
45566,11,40,70.22,1,2024-10-01,2024-10-01 11:40:00,2024-10-01 11:40:00,JYZ24.csv,74,JYZ24.csv,-1.0,70.225,70.225,70.22,70.225,0.0049999999999954525
45566,11,50,70.285,-2,2024-10-01,2024-10-01 11:50:00,2024-10-01 11:50:00,JYZ24.csv,60,JYZ24.csv,-3.0,70.305,70.275,210.855,210.82500000000002,-0.029999999999972715
45566,12,0,70.305,0,2024-10-01,2024-10-01 12:00:00,2024-10-01 12:00:00,JYZ24.csv,146,JYZ24.csv,2.0,70.29,70.29,140.61,140.58,0.030000000000001137
45566,12,20,70.305,1,2024-10-01,2024-10-01 12:20:00,2024-10-01 12:20:00,JYZ24.csv,75,JYZ24.csv,1.0,70.295,70.295,70.305,70.295,0.010000000000005116
45566,13,0,70.32,0,2024-10-01,2024-10-01 13:00:00,2024-10-01 13:00:00,JYZ24.csv,109,JYZ24.csv,-1.0,70.33000000000001,70.33000000000001,70.32,70.33000000000001,0.010000000000019327
45567,8,0,69.79,-6,2024-10-02,2024-10-02 08:00:00,2024-10-02 08:00:00,JYZ24.csv,85,JYZ24.csv,-6.0,69.795,69.795,418.74,418.77,0.029999999999972715
45567,9,0,69.465,-2,2024-10-02,2024-10-02 09:00:00,2024-10-02 09:00:00,JYZ24.csv,230,JYZ24.csv,4.0,69.445,69.495,277.86,277.98,-0.12000000000000455
45567,9,50,69.305,-6,2024-10-02,2024-10-02 09:50:00,2024-10-02 09:50:00,JYZ24.csv,349,JYZ24.csv,-4.0,69.33,69.33,277.22,277.32,0.0999999999999659
45567,10,10,69.355,-2,2024-10-02,2024-10-02 10:10:00,2024-10-02 10:10:00,JYZ24.csv,399,JYZ24.csv,4.0,69.30499999999999,69.30499999999999,277.42,277.21999999999997,0.20000000000004547
45567,10,20,69.275,2,2024-10-02,2024-10-02 10:20:00,2024-10-02 10:20:00,JYZ24.csv,296,JYZ24.csv,4.0,69.28,69.28,277.1,277.12,-0.01999999999998181
45567,10,40,69.2,0,2024-10-02,2024-10-02 10:40:00,2024-10-02 10:40:00,JYZ24.csv,318,JYZ24.csv,-2.0,69.215,69.215,138.4,138.43,0.030000000000001137
45567,10,50,69.14,4,2024-10-02,2024-10-02 10:50:00,2024-10-02 10:50:00,JYZ24.csv,544,JYZ24.csv,4.0,69.12,69.12,276.56,276.48,0.07999999999998408
45567,11,0,69.08,2,2024-10-02,2024-10-02 11:00:00,2024-10-02 11:00:00,JYZ24.csv,1319,JYZ24.csv,-2.0,69.11,69.11,138.16,138.22,0.060000000000002274
45567,11,10,69.14,-2,2024-10-02,2024-10-02 11:10:00,2024-10-02 11:10:00,JYZ24.csv,393,JYZ24.csv,-4.0,69.13,69.13,276.56,276.52,-0.040000000000020464
45568,6,30,68.745,-3,2024-10-03,2024-10-03 06:30:00,2024-10-03 06:30:00,JYZ24.csv,46,JYZ24.csv,-1.0,68.75,68.75,68.745,68.75,0.0049999999999954525
45568,8,0,68.82,-4,2024-10-03,2024-10-03 08:00:00,2024-10-03 08:00:00,JYZ24.csv,85,JYZ24.csv,-1.0,68.83500000000001,68.83500000000001,68.82,68.83500000000001,0.01500000000001478
45568,9,0,68.765,2,2024-10-03,2024-10-03 09:00:00,2024-10-03 09:00:00,JYZ24.csv,121,JYZ24.csv,6.0,68.76,68.815,412.59000000000003,412.89,-0.2999999999999545
45568,10,0,68.66,5,2024-10-03,2024-10-03 10:00:00,2024-10-03 10:00:00,JYZ24.csv,3061,JYZ24.csv,3.0,68.64,68.64,205.98,205.92000000000002,0.05999999999997385
45568,10,20,68.725,2,2024-10-03,2024-10-03 10:20:00,2024-10-03 10:20:00,JYZ24.csv,140,JYZ24.csv,-3.0,68.79,68.79,206.17499999999998,206.37,0.1950000000000216
45568,10,30,68.79,4,2024-10-03,2024-10-03 10:30:00,2024-10-03 10:30:00,JYZ24.csv,513,JYZ24.csv,2.0,68.76,68.76,137.58,137.52,0.060000000000002274
45568,10,40,68.725,6,2024-10-03,2024-10-03 10:40:00,2024-10-03 10:40:00,JYZ24.csv,121,JYZ24.csv,2.0,68.72,68.72,137.45,137.44,0.009999999999990905
45568,10,50,68.74,5,2024-10-03,2024-10-03 10:50:00,2024-10-03 10:50:00,JYZ24.csv,238,JYZ24.csv,-1.0,68.78,68.78,68.74,68.78,0.04000000000000625
45568,11,0,68.78,3,2024-10-03,2024-10-03 11:00:00,2024-10-03 11:00:00,JYZ24.csv,378,JYZ24.csv,-2.0,68.81500000000001,68.81500000000001,137.56,137.63000000000002,0.0700000000000216
45568,11,20,68.845,1,2024-10-03,2024-10-03 11:20:00,2024-10-03 11:20:00,JYZ24.csv,78,JYZ24.csv,-2.0,68.85000000000001,68.83,137.69,137.66,-0.030000000000001137
45568,11,30,68.785,4,2024-10-03,2024-10-03 11:30:00,2024-10-03 11:30:00,JYZ24.csv,138,JYZ24.csv,3.0,68.72999999999999,68.78,206.355,206.34,0.014999999999986358
45568,11,40,68.77,6,2024-10-03,2024-10-03 11:40:00,2024-10-03 11:40:00,JYZ24.csv,58,JYZ24.csv,2.0,68.76,68.76,137.54,137.52,0.01999999999998181
45568,11,50,68.805,3,2024-10-03,2024-10-03 11:50:00,2024-10-03 11:50:00,JYZ24.csv,66,JYZ24.csv,-3.0,68.8,68.8,206.41500000000002,206.39999999999998,-0.015000000000043201
45569,2,30,69.1,2,2024-10-04,2024-10-04 02:30:00,2024-10-04 02:30:00,JYZ24.csv,113,JYZ24.csv,-1.0,69.105,69.105,69.1,69.105,0.005000000000009663
45569,8,0,68.845,1,2024-10-04,2024-10-04 08:00:00,2024-10-04 08:00:00,JYZ24.csv,148,JYZ24.csv,-1.0,68.845,68.845,68.845,68.845,-0.0
45569,8,30,68.885,2,2024-10-04,2024-10-04 08:30:00,2024-10-04 08:30:00,JYZ24.csv,10350,JYZ24.csv,1.0,68.115,68.115,68.885,68.115,0.7700000000000102
45569,8,40,68.135,3,2024-10-04,2024-10-04 08:40:00,2024-10-04 08:40:00,JYZ24.csv,987,JYZ24.csv,1.0,68.105,68.105,68.135,68.105,0.030000000000001137
45569,9,20,67.93,0,2024-10-04,2024-10-04 09:20:00,2024-10-04 09:20:00,JYZ24.csv,222,JYZ24.csv,-3.0,67.93,67.93,203.79000000000002,203.79000000000002,-0.0
45569,9,40,67.99,-2,2024-10-04,2024-10-04 09:40:00,2024-10-04 09:40:00,JYZ24.csv,314,JYZ24.csv,-2.0,68.02000000000001,67.975,135.98,135.95,-0.030000000000001137
45569,10,0,68.01,0,2024-10-04,2024-10-04 10:00:00,2024-10-04 10:00:00,JYZ24.csv,238,JYZ24.csv,2.0,67.95,67.95,136.02,135.9,0.12000000000000455
45569,11,0,67.965,-1,2024-10-04,2024-10-04 11:00:00,2024-10-04 11:00:00,JYZ24.csv,472,JYZ24.csv,-1.0,67.99000000000001,67.955,67.965,67.955,-0.010000000000005116
45569,13,0,67.77,0,2024-10-04,2024-10-04 13:00:00,2024-10-04 13:00:00,JYZ24.csv,209,JYZ24.csv,1.0,67.765,67.805,67.77,67.805,-0.0350000000000108
45572,2,30,67.97,-1,2024-10-07,2024-10-07 02:30:00,2024-10-07 02:30:00,JYZ24.csv,90,JYZ24.csv,-1.0,67.965,67.965,67.97,67.965,-0.0049999999999954525
45572,6,30,67.99,-2,2024-10-07,2024-10-07 06:30:00,2024-10-07 06:30:00,JYZ24.csv,24,JYZ24.csv,-1.0,67.995,67.995,67.99,67.995,0.005000000000009663
45572,8,30,68.095,-1,2024-10-07,2024-10-07 08:30:00,2024-10-07 08:30:00,JYZ24.csv,111,JYZ24.csv,1.0,68.08,68.08,68.095,68.08,0.015000000000000568
45572,9,10,68.24,2,2024-10-07,2024-10-07 09:10:00,2024-10-07 09:10:00,JYZ24.csv,442,JYZ24.csv,3.0,68.215,68.215,204.71999999999997,204.645,0.07499999999996021
45572,9,30,68.155,-1,2024-10-07,2024-10-07 09:30:00,2024-10-07 09:30:00,JYZ24.csv,116,JYZ24.csv,-3.0,68.18,68.18,204.465,204.54000000000002,0.07500000000001705
45572,10,20,68.105,2,2024-10-07,2024-10-07 10:20:00,2024-10-07 10:20:00,JYZ24.csv,214,JYZ24.csv,3.0,68.09,68.135,204.315,204.40500000000003,-0.09000000000003183
45572,10,30,68.125,3,2024-10-07,2024-10-07 10:30:00,2024-10-07 10:30:00,JYZ24.csv,86,JYZ24.csv,1.0,68.085,68.085,68.125,68.085,0.04000000000000625
45572,10,40,68.135,0,2024-10-07,2024-10-07 10:40:00,2024-10-07 10:40:00,JYZ24.csv,296,JYZ24.csv,-3.0,68.155,68.155,204.40500000000003,204.465,0.05999999999997385
45572,10,50,68.13,2,2024-10-07,2024-10-07 10:50:00,2024-10-07 10:50:00,JYZ24.csv,144,JYZ24.csv,2.0,68.1,68.1,136.26,136.2,0.060000000000002274
45572,11,10,68.12,0,2024-10-07,2024-10-07 11:10:00,2024-10-07 11:10:00,JYZ24.csv,15,JYZ24.csv,-2.0,68.12,68.12,136.24,136.24,-0.0
45573,2,30,68.235,-1,2024-10-08,2024-10-08 02:30:00,2024-10-08 02:30:00,JYZ24.csv,74,JYZ24.csv,-1.0,68.235,68.235,68.235,68.235,-0.0
45573,6,30,68.235,0,2024-10-08,2024-10-08 06:30:00,2024-10-08 06:30:00,JYZ24.csv,34,JYZ24.csv,1.0,68.235,68.235,68.235,68.235,0.0
45573,8,30,68.14,1,2024-10-08,2024-10-08 08:30:00,2024-10-08 08:30:00,JYZ24.csv,320,JYZ24.csv,1.0,68.11,68.11,68.14,68.11,0.030000000000001137
45573,9,40,68.08,6,2024-10-08,2024-10-08 09:40:00,2024-10-08 09:40:00,JYZ24.csv,171,JYZ24.csv,5.0,68.095,68.095,340.4,340.475,-0.07500000000004547
45573,10,0,68.055,1,2024-10-08,2024-10-08 10:00:00,2024-10-08 10:00:00,JYZ24.csv,292,JYZ24.csv,-5.0,68.065,68.065,340.27500000000003,340.325,0.049999999999954525
45573,10,30,68.085,0,2024-10-08,2024-10-08 10:30:00,2024-10-08 10:30:00,JYZ24.csv,273,JYZ24.csv,-1.0,68.08500000000001,68.055,68.085,68.055,-0.029999999999986926
45574,2,30,67.9,-1,2024-10-09,2024-10-09 02:30:00,2024-10-09 02:30:00,JYZ24.csv,62,JYZ24.csv,-1.0,67.88000000000001,67.88000000000001,67.9,67.88000000000001,-0.01999999999999602
45574,6,30,67.91,-2,2024-10-09,2024-10-09 06:30:00,2024-10-09 06:30:00,JYZ24.csv,18,JYZ24.csv,-1.0,67.93,67.91,67.91,67.91,-0.0
45574,8,0,67.84,-3,2024-10-09,2024-10-09 08:00:00,2024-10-09 08:00:00,JYZ24.csv,83,JYZ24.csv,-1.0,67.85000000000001,67.85000000000001,67.84,67.85000000000001,0.010000000000005116
45574,8,30,67.795,-2,2024-10-09,2024-10-09 08:30:00,2024-10-09 08:30:00,JYZ24.csv,75,JYZ24.csv,1.0,67.785,67.785,67.795,67.785,0.010000000000005116
45574,9,0,67.765,2,2024-10-09,2024-10-09 09:00:00,2024-10-09 09:00:00,JYZ24.csv,202,JYZ24.csv,4.0,67.755,67.79,271.06,271.16,-0.10000000000002274
45574,9,20,67.745,4,2024-10-09,2024-10-09 09:20:00,2024-10-09 09:20:00,JYZ24.csv,313,JYZ24.csv,2.0,67.735,67.735,135.49,135.47,0.020000000000010232
45574,9,40,67.67,5,2024-10-09,2024-10-09 09:40:00,2024-10-09 09:40:00,JYZ24.csv,231,JYZ24.csv,1.0,67.66,67.695,67.67,67.695,-0.024999999999991473
45574,10,0,67.655,2,2024-10-09,2024-10-09 10:00:00,2024-10-09 10:00:00,JYZ24.csv,430,JYZ24.csv,-3.0,67.665,67.665,202.965,202.995,0.030000000000001137
45574,10,30,67.675,3,2024-10-09,2024-10-09 10:30:00,2024-10-09 10:30:00,JYZ24.csv,95,JYZ24.csv,1.0,67.66499999999999,67.66499999999999,67.675,67.66499999999999,0.010000000000005116
45575,2,30,67.625,2,2024-10-10,2024-10-10 02:30:00,2024-10-10 02:30:00,JYZ24.csv,307,JYZ24.csv,-1.0,67.64,67.64,67.625,67.64,0.015000000000000568
45575,6,30,67.745,4,2024-10-10,2024-10-10 06:30:00,2024-10-10 06:30:00,JYZ24.csv,44,JYZ24.csv,2.0,67.74499999999999,67.74499999999999,135.49,135.48999999999998,2.842170943040401e-14
45575,8,0,67.7,1,2024-10-10,2024-10-10 08:00:00,2024-10-10 08:00:00,JYZ24.csv,161,JYZ24.csv,-3.0,67.715,67.695,203.10000000000002,203.08499999999998,-0.015000000000043201
45575,8,30,67.84,2,2024-10-10,2024-10-10 08:30:00,2024-10-10 08:30:00,JYZ24.csv,8117,JYZ24.csv,1.0,67.82,67.82,67.84,67.82,0.020000000000010232
45575,10,0,67.875,4,2024-10-10,2024-10-10 10:00:00,2024-10-10 10:00:00,JYZ24.csv,515,JYZ24.csv,2.0,67.915,67.915,135.75,135.83,-0.0800000000000125
45575,10,20,67.885,2,2024-10-10,2024-10-10 10:20:00,2024-10-10 10:20:00,JYZ24.csv,424,JYZ24.csv,-2.0,67.925,67.87,135.77,135.74,-0.030000000000001137
45575,10,30,67.84,0,2024-10-10,2024-10-10 10:30:00,2024-10-10 10:30:00,JYZ24.csv,200,JYZ24.csv,-2.0,67.88,67.83,135.68,135.66,-0.020000000000010232
45575,11,0,67.81,3,2024-10-10,2024-10-10 11:00:00,2024-10-10 11:00:00,JYZ24.csv,438,JYZ24.csv,3.0,67.795,67.795,203.43,203.385,0.045000000000015916
45575,11,20,67.88,-2,2024-10-10,2024-10-10 11:20:00,2024-10-10 11:20:00,JYZ24.csv,78,JYZ24.csv,-5.0,67.9,67.9,339.4,339.5,0.10000000000002274
45575,11,30,67.92,-3,2024-10-10,2024-10-10 11:30:00,2024-10-10 11:30:00,JYZ24.csv,213,JYZ24.csv,-1.0,67.945,67.925,67.92,67.925,0.0049999999999954525
45575,11,40,67.92,2,2024-10-10,2024-10-10 11:40:00,2024-10-10 11:40:00,JYZ24.csv,78,JYZ24.csv,5.0,67.905,67.905,339.6,339.525,0.07500000000004547
45575,11,50,67.9,3,2024-10-10,2024-10-10 11:50:00,2024-10-10 11:50:00,JYZ24.csv,77,JYZ24.csv,1.0,67.87,67.905,67.9,67.905,-0.0049999999999954525
45575,13,0,67.715,0,2024-10-10,2024-10-10 13:00:00,2024-10-10 13:00:00,JYZ24.csv,115,JYZ24.csv,-3.0,67.75,67.75,203.145,203.25,0.10499999999998977
45576,2,30,67.75,-1,2024-10-11,2024-10-11 02:30:00,2024-10-11 02:30:00,JYZ24.csv,102,JYZ24.csv,-1.0,67.77000000000001,67.745,67.75,67.745,-0.0049999999999954525
45576,6,30,67.675,-3,2024-10-11,2024-10-11 06:30:00,2024-10-11 06:30:00,JYZ24.csv,78,JYZ24.csv,-2.0,67.685,67.675,135.35,135.35,-0.0
45576,8,0,67.67,0,2024-10-11,2024-10-11 08:00:00,2024-10-11 08:00:00,JYZ24.csv,71,JYZ24.csv,3.0,67.66499999999999,67.68,203.01,203.04000000000002,-0.03000000000002956
45576,8,30,67.7,1,2024-10-11,2024-10-11 08:30:00,2024-10-11 08:30:00,JYZ24.csv,1295,JYZ24.csv,1.0,67.71499999999999,67.71499999999999,67.7,67.71499999999999,-0.014999999999986358
45576,9,0,67.645,-1,2024-10-11,2024-10-11 09:00:00,2024-10-11 09:00:00,JYZ24.csv,148,JYZ24.csv,-2.0,67.66,67.66,135.29,135.32,0.030000000000001137
45576,9,20,67.645,1,2024-10-11,2024-10-11 09:20:00,2024-10-11 09:20:00,JYZ24.csv,132,JYZ24.csv,2.0,67.615,67.645,135.29,135.29,0.0
45576,10,30,67.565,3,2024-10-11,2024-10-11 10:30:00,2024-10-11 10:30:00,JYZ24.csv,207,JYZ24.csv,2.0,67.535,67.575,135.13,135.15,-0.020000000000010232
45576,16,15,67.595,0,2024-10-11,2024-10-11 16:15:00,2024-10-11 16:15:00,JYZ24.csv,2,JYZ24.csv,-3.0,67.605,67.595,202.785,202.785,-0.0
45579,2,30,67.575,-1,2024-10-14,2024-10-14 02:30:00,2024-10-14 02:30:00,JYZ24.csv,38,JYZ24.csv,-1.0,67.58,67.575,67.575,67.575,-0.0
45579,6,30,67.48,-2,2024-10-14,2024-10-14 06:30:00,2024-10-14 06:30:00,JYZ24.csv,15,JYZ24.csv,-1.0,67.47,67.47,67.48,67.47,-0.010000000000005116
45579,8,0,67.38,-7,2024-10-14,2024-10-14 08:00:00,2024-10-14 08:00:00,JYZ24.csv,51,JYZ24.csv,-5.0,67.38,67.38,336.9,336.9,-0.0
45579,8,30,67.335,-6,2024-10-14,2024-10-14 08:30:00,2024-10-14 08:30:00,JYZ24.csv,103,JYZ24.csv,1.0,67.325,67.325,67.335,67.325,0.009999999999990905
45579,9,0,67.34,-3,2024-10-14,2024-10-14 09:00:00,2024-10-14 09:00:00,JYZ24.csv,83,JYZ24.csv,3.0,67.315,67.32,202.02,201.95999999999998,0.060000000000030695
45579,10,30,67.27,-2,2024-10-14,2024-10-14 10:30:00,2024-10-14 10:30:00,JYZ24.csv,51,JYZ24.csv,1.0,67.24499999999999,67.265,67.27,67.265,0.0049999999999954525
45580,2,30,67.475,-3,2024-10-15,2024-10-15 02:30:00,2024-10-15 02:30:00,JYZ24.csv,114,JYZ24.csv,-1.0,67.49000000000001,67.45,67.475,67.45,-0.024999999999991473
45580,6,30,67.65,-7,2024-10-15,2024-10-15 06:30:00,2024-10-15 06:30:00,JYZ24.csv,67,JYZ24.csv,-4.0,67.66000000000001,67.625,270.6,270.5,-0.10000000000002274
45580,8,0,67.5,-3,2024-10-15,2024-10-15 08:00:00,2024-10-15 08:00:00,JYZ24.csv,242,JYZ24.csv,4.0,67.47500000000001,67.47500000000001,270.0,269.90000000000003,0.0999999999999659
45580,8,30,67.555,-2,2024-10-15,2024-10-15 08:30:00,2024-10-15 08:30:00,JYZ24.csv,618,JYZ24.csv,1.0,67.58,67.58,67.555,67.58,-0.024999999999991473
45580,9,0,67.625,-4,2024-10-15,2024-10-15 09:00:00,2024-10-15 09:00:00,JYZ24.csv,162,JYZ24.csv,-2.0,67.62,67.62,135.25,135.24,-0.009999999999990905
45580,10,30,67.575,0,2024-10-15,2024-10-15 10:30:00,2024-10-15 10:30:00,JYZ24.csv,308,JYZ24.csv,4.0,67.585,67.585,270.3,270.34,-0.03999999999996362
45580,11,0,67.56,8,2024-10-15,2024-10-15 11:00:00,2024-10-15 11:00:00,JYZ24.csv,421,JYZ24.csv,8.0,67.53,67.53,540.48,540.24,0.2400000000000091
45580,11,20,67.56,3,2024-10-15,2024-10-15 11:20:00,2024-10-15 11:20:00,JYZ24.csv,95,JYZ24.csv,-5.0,67.565,67.565,337.8,337.825,0.024999999999977263
45580,13,0,67.46,0,2024-10-15,2024-10-15 13:00:00,2024-10-15 13:00:00,JYZ24.csv,35,JYZ24.csv,-3.0,67.465,67.43,202.38,202.29000000000002,-0.08999999999997499
45581,2,30,67.54,-1,2024-10-16,2024-10-16 02:30:00,2024-10-16 02:30:00,JYZ24.csv,103,JYZ24.csv,-1.0,67.55000000000001,67.55000000000001,67.54,67.55000000000001,0.010000000000005116
45581,6,30,67.5,0,2024-10-16,2024-10-16 06:30:00,2024-10-16 06:30:00,JYZ24.csv,33,JYZ24.csv,1.0,67.49,67.505,67.5,67.505,-0.0049999999999954525
45581,8,0,67.575,-3,2024-10-16,2024-10-16 08:00:00,2024-10-16 08:00:00,JYZ24.csv,106,JYZ24.csv,-3.0,67.57,67.57,202.72500000000002,202.70999999999998,-0.015000000000043201
45581,8,30,67.54,-2,2024-10-16,2024-10-16 08:30:00,2024-10-16 08:30:00,JYZ24.csv,79,JYZ24.csv,1.0,67.545,67.545,67.54,67.545,-0.0049999999999954525
45581,9,0,67.445,1,2024-10-16,2024-10-16 09:00:00,2024-10-16 09:00:00,JYZ24.csv,147,JYZ24.csv,3.0,67.42,67.42,202.33499999999998,202.26,0.07499999999998863
45581,9,20,67.475,-1,2024-10-16,2024-10-16 09:20:00,2024-10-16 09:20:00,JYZ24.csv,96,JYZ24.csv,-2.0,67.49,67.49,134.95,134.98,0.030000000000001137
45581,9,40,67.52,1,2024-10-16,2024-10-16 09:40:00,2024-10-16 09:40:00,JYZ24.csv,75,JYZ24.csv,2.0,67.52499999999999,67.52499999999999,135.04,135.04999999999998,-0.009999999999990905
45581,10,20,67.395,4,2024-10-16,2024-10-16 10:20:00,2024-10-16 10:20:00,JYZ24.csv,96,JYZ24.csv,3.0,67.36999999999999,67.36999999999999,202.185,202.10999999999996,0.07500000000004547
45581,10,30,67.34,3,2024-10-16,2024-10-16 10:30:00,2024-10-16 10:30:00,JYZ24.csv,255,JYZ24.csv,-1.0,67.345,67.345,67.34,67.345,0.0049999999999954525
45581,10,40,67.335,0,2024-10-16,2024-10-16 10:40:00,2024-10-16 10:40:00,JYZ24.csv,210,JYZ24.csv,-3.0,67.35499999999999,67.35499999999999,202.005,202.06499999999997,0.05999999999997385
45582,2,30,67.34,-1,2024-10-17,2024-10-17 02:30:00,2024-10-17 02:30:00,JYZ24.csv,64,JYZ24.csv,-1.0,67.36,67.36,67.34,67.36,0.01999999999999602
45582,8,30,67.145,0,2024-10-17,2024-10-17 08:30:00,2024-10-17 08:30:00,JYZ24.csv,3597,JYZ24.csv,1.0,67.16,67.16,67.145,67.16,-0.015000000000000568
45582,9,50,67.25,-4,2024-10-17,2024-10-17 09:50:00,2024-10-17 09:50:00,JYZ24.csv,195,JYZ24.csv,-4.0,67.25500000000001,67.25500000000001,269.0,269.02000000000004,0.020000000000038654
45582,10,10,67.22,2,2024-10-17,2024-10-17 10:10:00,2024-10-17 10:10:00,JYZ24.csv,363,JYZ24.csv,6.0,67.21,67.21,403.32,403.26,0.060000000000002274
45582,10,30,67.18,0,2024-10-17,2024-10-17 10:30:00,2024-10-17 10:30:00,JYZ24.csv,253,JYZ24.csv,-2.0,67.18,67.18,134.36,134.36,-0.0
45582,11,0,67.17,3,2024-10-17,2024-10-17 11:00:00,2024-10-17 11:00:00,JYZ24.csv,396,JYZ24.csv,3.0,67.16499999999999,67.16499999999999,201.51,201.49499999999998,0.01500000000001478
45582,13,0,67.08,0,2024-10-17,2024-10-17 13:00:00,2024-10-17 13:00:00,JYZ24.csv,135,JYZ24.csv,-3.0,67.095,67.095,201.24,201.285,0.044999999999987494
45583,2,30,67.215,-1,2024-10-18,2024-10-18 02:30:00,2024-10-18 02:30:00,JYZ24.csv,140,JYZ24.csv,-1.0,67.21,67.21,67.215,67.21,-0.005000000000009663
45583,6,30,67.18,1,2024-10-18,2024-10-18 06:30:00,2024-10-18 06:30:00,JYZ24.csv,68,JYZ24.csv,2.0,67.18499999999999,67.18499999999999,134.36,134.36999999999998,-0.009999999999962483
45583,8,0,67.16,-4,2024-10-18,2024-10-18 08:00:00,2024-10-18 08:00:00,JYZ24.csv,96,JYZ24.csv,-5.0,67.145,67.145,335.79999999999995,335.72499999999997,-0.07499999999998863
45583,8,30,67.185,-3,2024-10-18,2024-10-18 08:30:00,2024-10-18 08:30:00,JYZ24.csv,288,JYZ24.csv,1.0,67.225,67.225,67.185,67.225,-0.03999999999999204
45583,10,30,67.285,-5,2024-10-18,2024-10-18 10:30:00,2024-10-18 10:30:00,JYZ24.csv,90,JYZ24.csv,-2.0,67.31500000000001,67.285,134.57,134.57,-0.0
45583,16,15,67.39,0,2024-10-18,2024-10-18 16:15:00,2024-10-18 16:15:00,JYZ24.csv,14,JYZ24.csv,5.0,67.39,67.39,336.95,336.95,0.0
45586,2,30,67.375,-1,2024-10-21,2024-10-21 02:30:00,2024-10-21 02:30:00,JYZ24.csv,61,JYZ24.csv,-1.0,67.36999999999999,67.36999999999999,67.375,67.36999999999999,-0.005000000000009663
45586,6,30,67.155,-2,2024-10-21,2024-10-21 06:30:00,2024-10-21 06:30:00,JYZ24.csv,47,JYZ24.csv,-1.0,67.16,67.16,67.155,67.16,0.0049999999999954525
45586,8,0,67.19,-6,2024-10-21,2024-10-21 08:00:00,2024-10-21 08:00:00,JYZ24.csv,103,JYZ24.csv,-4.0,67.195,67.195,268.76,268.78,0.01999999999998181
45586,8,30,67.225,-5,2024-10-21,2024-10-21 08:30:00,2024-10-21 08:30:00,JYZ24.csv,319,JYZ24.csv,1.0,67.22,67.24,67.225,67.24,-0.015000000000000568
45586,10,30,67.06,-4,2024-10-21,2024-10-21 10:30:00,2024-10-21 10:30:00,JYZ24.csv,226,JYZ24.csv,1.0,67.05,67.05,67.06,67.05,0.010000000000005116
45587,6,30,66.8,-1,2024-10-22,2024-10-22 06:30:00,2024-10-22 06:30:00,JYZ24.csv,12,JYZ24.csv,3.0,66.785,66.805,200.39999999999998,200.41500000000002,-0.015000000000043201
45587,8,0,66.76,-2,2024-10-22,2024-10-22 08:00:00,2024-10-22 08:00:00,JYZ24.csv,83,JYZ24.csv,-1.0,66.74499999999999,66.74499999999999,66.76,66.74499999999999,-0.01500000000001478
45587,9,30,66.835,1,2024-10-22,2024-10-22 09:30:00,2024-10-22 09:30:00,JYZ24.csv,128,JYZ24.csv,3.0,66.805,66.805,200.505,200.41500000000002,0.08999999999997499
45587,9,50,66.795,-2,2024-10-22,2024-10-22 09:50:00,2024-10-22 09:50:00,JYZ24.csv,60,JYZ24.csv,-3.0,66.78,66.78,200.385,200.34,-0.044999999999987494
45587,10,0,66.735,3,2024-10-22,2024-10-22 10:00:00,2024-10-22 10:00:00,JYZ24.csv,168,JYZ24.csv,5.0,66.71499999999999,66.71499999999999,333.675,333.57499999999993,0.10000000000007958
45587,10,20,66.72,-2,2024-10-22,2024-10-22 10:20:00,2024-10-22 10:20:00,JYZ24.csv,192,JYZ24.csv,-5.0,66.72500000000001,66.72500000000001,333.6,333.62500000000006,0.025000000000034106
45587,10,30,66.71,-5,2024-10-22,2024-10-22 10:30:00,2024-10-22 10:30:00,JYZ24.csv,145,JYZ24.csv,-3.0,66.72500000000001,66.71,200.13,200.13,-0.0
45587,11,0,66.71,-1,2024-10-22,2024-10-22 11:00:00,2024-10-22 11:00:00,JYZ24.csv,260,JYZ24.csv,4.0,66.705,66.705,266.84,266.82,0.01999999999998181
45587,13,0,66.67,-5,2024-10-22,2024-10-22 13:00:00,2024-10-22 13:00:00,JYZ24.csv,36,JYZ24.csv,-4.0,66.695,66.695,266.68,266.78,0.0999999999999659
45588,6,30,65.975,-10,2024-10-23,2024-10-23 06:30:00,2024-10-23 06:30:00,JYZ24.csv,21,JYZ24.csv,-5.0,65.97,65.97,329.875,329.85,-0.024999999999977263
45588,10,30,65.81,-5,2024-10-23,2024-10-23 10:30:00,2024-10-23 10:30:00,JYZ24.csv,210,JYZ24.csv,5.0,65.78,65.78,329.05,328.9,0.1500000000000341
45589,6,30,66.26,-7,2024-10-24,2024-10-24 06:30:00,2024-10-24 06:30:00,JYZ24.csv,36,JYZ24.csv,-2.0,66.265,66.265,132.52,132.53,0.009999999999990905
45589,8,0,66.205,-9,2024-10-24,2024-10-24 08:00:00,2024-10-24 08:00:00,JYZ24.csv,356,JYZ24.csv,-2.0,66.21,66.21,132.41,132.42,0.009999999999990905
45589,10,20,66.135,-6,2024-10-24,2024-10-24 10:20:00,2024-10-24 10:20:00,JYZ24.csv,218,JYZ24.csv,3.0,66.11,66.155,198.40500000000003,198.465,-0.05999999999997385
45589,10,30,66.15,-4,2024-10-24,2024-10-24 10:30:00,2024-10-24 10:30:00,JYZ24.csv,154,JYZ24.csv,2.0,66.14,66.175,132.3,132.35,-0.04999999999998295
45589,10,40,66.18,-7,2024-10-24,2024-10-24 10:40:00,2024-10-24 10:40:00,JYZ24.csv,213,JYZ24.csv,-3.0,66.245,66.245,198.54000000000002,198.735,0.19499999999999318
45590,6,30,66.23,-4,2024-10-25,2024-10-25 06:30:00,2024-10-25 06:30:00,JYZ24.csv,38,JYZ24.csv,3.0,66.23,66.23,198.69,198.69,0.0
45590,8,0,66.31,0,2024-10-25,2024-10-25 08:00:00,2024-10-25 08:00:00,JYZ24.csv,122,JYZ24.csv,4.0,66.275,66.275,265.24,265.1,0.13999999999998636
45590,10,30,66.225,-3,2024-10-25,2024-10-25 10:30:00,2024-10-25 10:30:00,JYZ24.csv,247,JYZ24.csv,-3.0,66.205,66.205,198.67499999999998,198.615,-0.05999999999997385
45590,16,15,66.13,0,2024-10-25,2024-10-25 16:15:00,2024-10-25 16:15:00,JYZ24.csv,31,JYZ24.csv,3.0,66.11500000000001,66.13,198.39,198.39,0.0
45593,6,30,65.935,-1,2024-10-28,2024-10-28 06:30:00,2024-10-28 06:30:00,JYZ24.csv,72,JYZ24.csv,-1.0,65.94500000000001,65.94500000000001,65.935,65.94500000000001,0.010000000000005116
45593,8,0,65.895,-7,2024-10-28,2024-10-28 08:00:00,2024-10-28 08:00:00,JYZ24.csv,175,JYZ24.csv,-6.0,65.905,65.905,395.37,395.43,0.060000000000002274
45593,10,20,65.8,-3,2024-10-28,2024-10-28 10:20:00,2024-10-28 10:20:00,JYZ24.csv,178,JYZ24.csv,4.0,65.78999999999999,65.78999999999999,263.2,263.15999999999997,0.040000000000020464
45593,10,30,65.8,-2,2024-10-28,2024-10-28 10:30:00,2024-10-28 10:30:00,JYZ24.csv,158,JYZ24.csv,1.0,65.78999999999999,65.78999999999999,65.8,65.78999999999999,0.010000000000005116
45593,10,40,65.78,-6,2024-10-28,2024-10-28 10:40:00,2024-10-28 10:40:00,JYZ24.csv,117,JYZ24.csv,-4.0,65.79,65.77,263.12,263.08,-0.040000000000020464
45594,8,0,65.475,-7,2024-10-29,2024-10-29 08:00:00,2024-10-29 08:00:00,JYZ24.csv,278,JYZ24.csv,-1.0,65.485,65.485,65.475,65.485,0.010000000000005116
45594,10,50,65.595,-4,2024-10-29,2024-10-29 10:50:00,2024-10-29 10:50:00,JYZ24.csv,58,JYZ24.csv,3.0,65.575,65.595,196.785,196.785,0.0
45594,11,10,65.5,-2,2024-10-29,2024-10-29 11:10:00,2024-10-29 11:10:00,JYZ24.csv,618,JYZ24.csv,2.0,65.48,65.48,131.0,130.96,0.03999999999999204
45594,11,20,65.465,1,2024-10-29,2024-10-29 11:20:00,2024-10-29 11:20:00,JYZ24.csv,92,JYZ24.csv,3.0,65.44,65.475,196.395,196.42499999999998,-0.029999999999972715
45594,11,30,65.45,-4,2024-10-29,2024-10-29 11:30:00,2024-10-29 11:30:00,JYZ24.csv,94,JYZ24.csv,-5.0,65.475,65.475,327.25,327.375,0.125
45594,11,40,65.49,-7,2024-10-29,2024-10-29 11:40:00,2024-10-29 11:40:00,JYZ24.csv,177,JYZ24.csv,-3.0,65.50999999999999,65.50999999999999,196.46999999999997,196.52999999999997,0.060000000000002274
45594,11,50,65.55,-3,2024-10-29,2024-10-29 11:50:00,2024-10-29 11:50:00,JYZ24.csv,74,JYZ24.csv,4.0,65.53500000000001,65.53500000000001,262.2,262.14000000000004,0.05999999999994543
45594,12,10,65.6,-7,2024-10-29,2024-10-29 12:10:00,2024-10-29 12:10:00,JYZ24.csv,145,JYZ24.csv,-4.0,65.59,65.59,262.4,262.36,-0.03999999999996362
45595,8,0,65.74,-4,2024-10-30,2024-10-30 08:00:00,2024-10-30 08:00:00,JYZ24.csv,258,JYZ24.csv,3.0,65.72500000000001,65.72500000000001,197.21999999999997,197.175,0.04499999999995907
45595,9,0,65.605,-6,2024-10-30,2024-10-30 09:00:00,2024-10-30 09:00:00,JYZ24.csv,220,JYZ24.csv,-2.0,65.61500000000001,65.61500000000001,131.21,131.23000000000002,0.020000000000010232
45595,11,0,65.65,-2,2024-10-30,2024-10-30 11:00:00,2024-10-30 11:00:00,JYZ24.csv,151,JYZ24.csv,4.0,65.60499999999999,65.60499999999999,262.6,262.41999999999996,0.18000000000006366
45595,12,0,65.69,-5,2024-10-30,2024-10-30 12:00:00,2024-10-30 12:00:00,JYZ24.csv,340,JYZ24.csv,-3.0,65.71000000000001,65.71000000000001,197.07,197.13000000000002,0.060000000000030695
45595,12,20,65.685,-2,2024-10-30,2024-10-30 12:20:00,2024-10-30 12:20:00,JYZ24.csv,115,JYZ24.csv,3.0,65.695,65.695,197.055,197.08499999999998,-0.029999999999972715
45595,13,0,65.72,-6,2024-10-30,2024-10-30 13:00:00,2024-10-30 13:00:00,JYZ24.csv,87,JYZ24.csv,-4.0,65.695,65.695,262.88,262.78,-0.10000000000002274
45596,8,0,65.835,-4,2024-10-31,2024-10-31 08:00:00,2024-10-31 08:00:00,JYZ24.csv,289,JYZ24.csv,2.0,65.82,65.82,131.67,131.64,0.030000000000001137
45596,9,0,65.85,-7,2024-10-31,2024-10-31 09:00:00,2024-10-31 09:00:00,JYZ24.csv,173,JYZ24.csv,-3.0,65.845,65.845,197.54999999999998,197.535,-0.014999999999986358
45596,9,40,65.84,-2,2024-10-31,2024-10-31 09:40:00,2024-10-31 09:40:00,JYZ24.csv,83,JYZ24.csv,5.0,65.81,65.835,329.20000000000005,329.17499999999995,0.02500000000009095
45596,10,0,65.735,-1,2024-10-31,2024-10-31 10:00:00,2024-10-31 10:00:00,JYZ24.csv,712,JYZ24.csv,1.0,65.71,65.71,65.735,65.71,0.025000000000005684
45596,10,20,65.825,-7,2024-10-31,2024-10-31 10:20:00,2024-10-31 10:20:00,JYZ24.csv,220,JYZ24.csv,-6.0,65.865,65.845,394.95000000000005,395.07,0.1199999999999477
45596,11,20,65.94,-10,2024-10-31,2024-10-31 11:20:00,2024-10-31 11:20:00,JYZ24.csv,232,JYZ24.csv,-3.0,65.97,65.97,197.82,197.91,0.09000000000000341
45596,11,40,66.03,-8,2024-10-31,2024-10-31 11:40:00,2024-10-31 11:40:00,JYZ24.csv,622,JYZ24.csv,2.0,65.98,65.98,132.06,131.96,0.09999999999999432
45596,12,0,65.995,-7,2024-10-31,2024-10-31 12:00:00,2024-10-31 12:00:00,JYZ24.csv,1336,JYZ24.csv,1.0,66.03,66.03,65.995,66.03,-0.03499999999999659
45597,6,30,65.805,-10,2024-11-01,2024-11-01 06:30:00,2024-11-01 06:30:00,JYZ24.csv,11,JYZ24.csv,-3.0,65.815,65.815,197.41500000000002,197.445,0.029999999999972715
45597,8,0,65.855,-8,2024-11-01,2024-11-01 08:00:00,2024-11-01 08:00:00,JYZ24.csv,179,JYZ24.csv,2.0,65.87,65.87,131.71,131.74,-0.030000000000001137
45597,9,0,66.13,-5,2024-11-01,2024-11-01 09:00:00,2024-11-01 09:00:00,JYZ24.csv,472,JYZ24.csv,3.0,66.09,66.09,198.39,198.27,0.11999999999997613
45597,9,20,66.025,-3,2024-11-01,2024-11-01 09:20:00,2024-11-01 09:20:00,JYZ24.csv,564,JYZ24.csv,2.0,65.99000000000001,65.99000000000001,132.05,131.98000000000002,0.06999999999999318
45597,9,40,66.04,-8,2024-11-01,2024-11-01 09:40:00,2024-11-01 09:40:00,JYZ24.csv,253,JYZ24.csv,-5.0,66.085,66.085,330.20000000000005,330.42499999999995,0.22499999999990905
45597,9,50,65.975,-9,2024-11-01,2024-11-01 09:50:00,2024-11-01 09:50:00,JYZ24.csv,687,JYZ24.csv,-1.0,65.97,65.97,65.975,65.97,-0.0049999999999954525
45597,10,10,65.85,-8,2024-11-01,2024-11-01 10:10:00,2024-11-01 10:10:00,JYZ24.csv,213,JYZ24.csv,1.0,65.835,65.835,65.85,65.835,0.015000000000000568
45597,10,20,65.8,-4,2024-11-01,2024-11-01 10:20:00,2024-11-01 10:20:00,JYZ24.csv,429,JYZ24.csv,4.0,65.79,65.79,263.2,263.16,0.03999999999996362
45597,10,30,65.835,-1,2024-11-01,2024-11-01 10:30:00,2024-11-01 10:30:00,JYZ24.csv,443,JYZ24.csv,3.0,65.78,65.78,197.505,197.34,0.16499999999999204
45597,10,40,65.75,0,2024-11-01,2024-11-01 10:40:00,2024-11-01 10:40:00,JYZ24.csv,344,JYZ24.csv,1.0,65.745,65.745,65.75,65.745,0.0049999999999954525
45597,11,0,65.75,-5,2024-11-01,2024-11-01 11:00:00,2024-11-01 11:00:00,JYZ24.csv,322,JYZ24.csv,-5.0,65.74,65.74,328.75,328.7,-0.05000000000001137
45597,16,15,65.675,0,2024-11-01,2024-11-01 16:15:00,2024-11-01 16:15:00,JYZ24.csv,87,JYZ24.csv,5.0,65.67,65.67,328.375,328.35,0.024999999999977263
45600,6,30,66.27,-2,2024-11-04,2024-11-04 06:30:00,2024-11-04 06:30:00,JYZ24.csv,112,JYZ24.csv,-2.0,66.27,66.27,132.54,132.54,-0.0
45600,8,0,66.225,-9,2024-11-04,2024-11-04 08:00:00,2024-11-04 08:00:00,JYZ24.csv,55,JYZ24.csv,-7.0,66.22,66.22,463.57499999999993,463.53999999999996,-0.03499999999996817
45600,9,0,66.22,-3,2024-11-04,2024-11-04 09:00:00,2024-11-04 09:00:00,JYZ24.csv,201,JYZ24.csv,6.0,66.22,66.22,397.32,397.32,0.0
45600,9,10,66.28,0,2024-11-04,2024-11-04 09:10:00,2024-11-04 09:10:00,JYZ24.csv,129,JYZ24.csv,3.0,66.27,66.27,198.84,198.81,0.030000000000001137
45600,9,20,66.255,-6,2024-11-04,2024-11-04 09:20:00,2024-11-04 09:20:00,JYZ24.csv,45,JYZ24.csv,-6.0,66.25500000000001,66.25500000000001,397.53,397.5300000000001,1.1368683772161603e-13
45600,9,30,66.205,-10,2024-11-04,2024-11-04 09:30:00,2024-11-04 09:30:00,JYZ24.csv,131,JYZ24.csv,-4.0,66.21000000000001,66.21000000000001,264.82,264.84000000000003,0.020000000000038654
45600,9,40,66.17,-4,2024-11-04,2024-11-04 09:40:00,2024-11-04 09:40:00,JYZ24.csv,79,JYZ24.csv,6.0,66.155,66.155,397.02,396.93,0.08999999999997499
45600,9,50,66.21,-3,2024-11-04,2024-11-04 09:50:00,2024-11-04 09:50:00,JYZ24.csv,63,JYZ24.csv,1.0,66.18499999999999,66.18499999999999,66.21,66.18499999999999,0.025000000000005684
45600,10,0,66.225,-9,2024-11-04,2024-11-04 10:00:00,2024-11-04 10:00:00,JYZ24.csv,697,JYZ24.csv,-6.0,66.22,66.22,397.34999999999997,397.32,-0.029999999999972715
45600,10,30,66.165,-7,2024-11-04,2024-11-04 10:30:00,2024-11-04 10:30:00,JYZ24.csv,196,JYZ24.csv,2.0,66.16,66.18,132.33,132.36,-0.030000000000001137
45600,10,50,66.125,-4,2024-11-04,2024-11-04 10:50:00,2024-11-04 10:50:00,JYZ24.csv,437,JYZ24.csv,3.0,66.11999999999999,66.135,198.375,198.40500000000003,-0.03000000000002956
45600,11,10,66.105,-7,2024-11-04,2024-11-04 11:10:00,2024-11-04 11:10:00,JYZ24.csv,112,JYZ24.csv,-3.0,66.12,66.12,198.315,198.36,0.045000000000015916
45601,6,30,66.05,0,2024-11-05,2024-11-05 06:30:00,2024-11-05 06:30:00,JYZ24.csv,114,JYZ24.csv,7.0,66.045,66.045,462.34999999999997,462.315,0.03499999999996817
45601,8,0,66.005,-1,2024-11-05,2024-11-05 08:00:00,2024-11-05 08:00:00,JYZ24.csv,192,JYZ24.csv,-1.0,66.005,66.005,66.005,66.005,-0.0
45601,10,0,66.04,4,2024-11-05,2024-11-05 10:00:00,2024-11-05 10:00:00,JYZ24.csv,2839,JYZ24.csv,5.0,66.105,66.105,330.20000000000005,330.52500000000003,-0.32499999999998863
45601,10,20,66.165,-1,2024-11-05,2024-11-05 10:20:00,2024-11-05 10:20:00,JYZ24.csv,163,JYZ24.csv,-5.0,66.15,66.15,330.82500000000005,330.75,-0.07500000000004547
45601,10,30,66.16,-8,2024-11-05,2024-11-05 10:30:00,2024-11-05 10:30:00,JYZ24.csv,66,JYZ24.csv,-7.0,66.185,66.185,463.12,463.295,0.17500000000001137
45601,11,0,66.11,-1,2024-11-05,2024-11-05 11:00:00,2024-11-05 11:00:00,JYZ24.csv,540,JYZ24.csv,7.0,66.125,66.125,462.77,462.875,-0.10500000000001819
45601,11,20,66.17,-4,2024-11-05,2024-11-05 11:20:00,2024-11-05 11:20:00,JYZ24.csv,54,JYZ24.csv,-3.0,66.15,66.15,198.51,198.45000000000002,-0.05999999999997385
45601,13,0,66.27,-8,2024-11-05,2024-11-05 13:00:00,2024-11-05 13:00:00,JYZ24.csv,112,JYZ24.csv,-4.0,66.305,66.305,265.08,265.22,0.1400000000000432
45602,6,30,65.205,-10,2024-11-06,2024-11-06 06:30:00,2024-11-06 06:30:00,JYZ24.csv,112,JYZ24.csv,-2.0,65.23,65.23,130.41,130.46,0.05000000000001137
45602,9,0,65.135,-5,2024-11-06,2024-11-06 09:00:00,2024-11-06 09:00:00,JYZ24.csv,239,JYZ24.csv,5.0,65.15,65.15,325.675,325.75,-0.07499999999998863
45602,10,30,65.185,-3,2024-11-06,2024-11-06 10:30:00,2024-11-06 10:30:00,JYZ24.csv,462,JYZ24.csv,2.0,65.165,65.165,130.37,130.33,0.03999999999999204
45602,11,20,65.105,-1,2024-11-06,2024-11-06 11:20:00,2024-11-06 11:20:00,JYZ24.csv,106,JYZ24.csv,2.0,65.05499999999999,65.095,130.21,130.19,0.020000000000010232
45602,11,40,65.065,-3,2024-11-06,2024-11-06 11:40:00,2024-11-06 11:40:00,JYZ24.csv,157,JYZ24.csv,-2.0,65.085,65.015,130.13,130.03,-0.09999999999999432
45603,6,30,65.23,-2,2024-11-07,2024-11-07 06:30:00,2024-11-07 06:30:00,JYZ24.csv,23,JYZ24.csv,1.0,65.22500000000001,65.22500000000001,65.23,65.22500000000001,0.0049999999999954525
45603,8,0,65.335,-4,2024-11-07,2024-11-07 08:00:00,2024-11-07 08:00:00,JYZ24.csv,217,JYZ24.csv,-2.0,65.335,65.335,130.67,130.67,-0.0
45603,9,0,65.45,0,2024-11-07,2024-11-07 09:00:00,2024-11-07 09:00:00,JYZ24.csv,584,JYZ24.csv,4.0,65.43499999999999,65.43499999999999,261.8,261.73999999999995,0.06000000000005912
45603,9,20,65.46,-4,2024-11-07,2024-11-07 09:20:00,2024-11-07 09:20:00,JYZ24.csv,403,JYZ24.csv,-4.0,65.465,65.465,261.84,261.86,0.020000000000038654
45603,10,0,65.565,1,2024-11-07,2024-11-07 10:00:00,2024-11-07 10:00:00,JYZ24.csv,559,JYZ24.csv,5.0,65.55,65.55,327.825,327.75,0.07499999999998863
45603,10,20,65.57,-1,2024-11-07,2024-11-07 10:20:00,2024-11-07 10:20:00,JYZ24.csv,189,JYZ24.csv,-2.0,65.595,65.595,131.14,131.19,0.05000000000001137
45603,10,30,65.68,-2,2024-11-07,2024-11-07 10:30:00,2024-11-07 10:30:00,JYZ24.csv,693,JYZ24.csv,-1.0,65.72500000000001,65.71,65.68,65.71,0.029999999999986926
45603,10,40,65.67,-5,2024-11-07,2024-11-07 10:40:00,2024-11-07 10:40:00,JYZ24.csv,432,JYZ24.csv,-3.0,65.7,65.7,197.01,197.10000000000002,0.09000000000003183
45603,11,20,65.59,1,2024-11-07,2024-11-07 11:20:00,2024-11-07 11:20:00,JYZ24.csv,215,JYZ24.csv,6.0,65.57499999999999,65.58,393.54,393.48,0.060000000000002274
45603,11,40,65.61,-5,2024-11-07,2024-11-07 11:40:00,2024-11-07 11:40:00,JYZ24.csv,35,JYZ24.csv,-6.0,65.63000000000001,65.62,393.65999999999997,393.72,0.06000000000005912
45604,6,30,65.975,-2,2024-11-08,2024-11-08 06:30:00,2024-11-08 06:30:00,JYZ24.csv,52,JYZ24.csv,3.0,65.94999999999999,65.96,197.92499999999998,197.88,0.044999999999987494
45604,8,0,65.93,2,2024-11-08,2024-11-08 08:00:00,2024-11-08 08:00:00,JYZ24.csv,90,JYZ24.csv,4.0,65.935,65.935,263.72,263.74,-0.01999999999998181
45604,9,0,65.77,0,2024-11-08,2024-11-08 09:00:00,2024-11-08 09:00:00,JYZ24.csv,141,JYZ24.csv,-2.0,65.78500000000001,65.78500000000001,131.54,131.57000000000002,0.03000000000002956
45604,9,30,65.82,3,2024-11-08,2024-11-08 09:30:00,2024-11-08 09:30:00,JYZ24.csv,217,JYZ24.csv,3.0,65.83,65.83,197.45999999999998,197.49,-0.03000000000002956
45604,9,40,65.825,8,2024-11-08,2024-11-08 09:40:00,2024-11-08 09:40:00,JYZ24.csv,113,JYZ24.csv,5.0,65.80999999999999,65.80999999999999,329.125,329.04999999999995,0.07500000000004547
45604,9,50,65.79,2,2024-11-08,2024-11-08 09:50:00,2024-11-08 09:50:00,JYZ24.csv,264,JYZ24.csv,-6.0,65.80000000000001,65.79,394.74,394.74,-0.0
45604,10,0,65.765,-3,2024-11-08,2024-11-08 10:00:00,2024-11-08 10:00:00,JYZ24.csv,640,JYZ24.csv,-5.0,65.78,65.78,328.825,328.9,0.07499999999998863
45604,10,10,65.86,0,2024-11-08,2024-11-08 10:10:00,2024-11-08 10:10:00,JYZ24.csv,260,JYZ24.csv,3.0,65.89,65.89,197.57999999999998,197.67000000000002,-0.09000000000003183
45604,10,30,65.885,-3,2024-11-08,2024-11-08 10:30:00,2024-11-08 10:30:00,JYZ24.csv,317,JYZ24.csv,-3.0,65.855,65.855,197.65500000000003,197.565,-0.09000000000003183
45604,11,10,65.85,1,2024-11-08,2024-11-08 11:10:00,2024-11-08 11:10:00,JYZ24.csv,35,JYZ24.csv,4.0,65.83,65.83,263.4,263.32,0.07999999999998408
45604,11,20,65.815,4,2024-11-08,2024-11-08 11:20:00,2024-11-08 11:20:00,JYZ24.csv,67,JYZ24.csv,3.0,65.80499999999999,65.81,197.445,197.43,0.014999999999986358
45604,11,30,65.82,0,2024-11-08,2024-11-08 11:30:00,2024-11-08 11:30:00,JYZ24.csv,45,JYZ24.csv,-4.0,65.81500000000001,65.81500000000001,263.28,263.26000000000005,-0.019999999999924967
45604,11,40,65.785,-3,2024-11-08,2024-11-08 11:40:00,2024-11-08 11:40:00,JYZ24.csv,100,JYZ24.csv,-3.0,65.825,65.825,197.355,197.47500000000002,0.12000000000003297
45604,16,15,65.87,0,2024-11-08,2024-11-08 16:15:00,2024-11-08 16:15:00,JYZ24.csv,14,JYZ24.csv,3.0,65.86500000000001,65.9,197.61,197.70000000000002,-0.09000000000000341
45607,6,30,65.34,-6,2024-11-11,2024-11-11 06:30:00,2024-11-11 06:30:00,JYZ24.csv,28,JYZ24.csv,-6.0,65.345,65.345,392.04,392.07,0.029999999999972715
45607,8,0,65.31,-7,2024-11-11,2024-11-11 08:00:00,2024-11-11 08:00:00,JYZ24.csv,51,JYZ24.csv,-1.0,65.3,65.3,65.31,65.3,-0.010000000000005116
45607,9,0,65.325,-6,2024-11-11,2024-11-11 09:00:00,2024-11-11 09:00:00,JYZ24.csv,450,JYZ24.csv,1.0,65.33500000000001,65.33500000000001,65.325,65.33500000000001,-0.010000000000005116
45607,9,50,65.28,-7,2024-11-11,2024-11-11 09:50:00,2024-11-11 09:50:00,JYZ24.csv,229,JYZ24.csv,-1.0,65.265,65.265,65.28,65.265,-0.015000000000000568
45607,10,10,65.285,-6,2024-11-11,2024-11-11 10:10:00,2024-11-11 10:10:00,JYZ24.csv,47,JYZ24.csv,1.0,65.26,65.26,65.285,65.26,0.024999999999991473
45607,10,30,65.29,0,2024-11-11,2024-11-11 10:30:00,2024-11-11 10:30:00,JYZ24.csv,194,JYZ24.csv,6.0,65.265,65.265,391.74,391.59000000000003,0.14999999999997726
45608,8,0,65.18,-10,2024-11-12,2024-11-12 08:00:00,2024-11-12 08:00:00,JYZ24.csv,161,JYZ24.csv,-10.0,65.16499999999999,65.16499999999999,651.8000000000001,651.6499999999999,-0.15000000000020464
45608,9,0,65.05,-6,2024-11-12,2024-11-12 09:00:00,2024-11-12 09:00:00,JYZ24.csv,341,JYZ24.csv,4.0,65.045,65.045,260.2,260.18,0.01999999999998181
45608,9,50,65.045,-7,2024-11-12,2024-11-12 09:50:00,2024-11-12 09:50:00,JYZ24.csv,250,JYZ24.csv,-1.0,65.03999999999999,65.03999999999999,65.045,65.03999999999999,-0.005000000000009663
45608,10,10,65.01,-6,2024-11-12,2024-11-12 10:10:00,2024-11-12 10:10:00,JYZ24.csv,53,JYZ24.csv,1.0,64.99499999999999,65.02,65.01,65.02,-0.009999999999990905
45609,8,0,64.815,-9,2024-11-13,2024-11-13 08:00:00,2024-11-13 08:00:00,JYZ24.csv,299,JYZ24.csv,-3.0,64.82,64.82,194.445,194.45999999999998,0.014999999999986358
45609,9,0,64.995,-7,2024-11-13,2024-11-13 09:00:00,2024-11-13 09:00:00,JYZ24.csv,876,JYZ24.csv,2.0,64.97,64.97,129.99,129.94,0.05000000000001137
45609,9,20,64.99,-2,2024-11-13,2024-11-13 09:20:00,2024-11-13 09:20:00,JYZ24.csv,328,JYZ24.csv,5.0,64.96000000000001,65.02,324.95,325.09999999999997,-0.14999999999997726
45609,9,40,64.89,-1,2024-11-13,2024-11-13 09:40:00,2024-11-13 09:40:00,JYZ24.csv,240,JYZ24.csv,1.0,64.905,64.905,64.89,64.905,-0.015000000000000568
45609,10,0,64.855,-7,2024-11-13,2024-11-13 10:00:00,2024-11-13 10:00:00,JYZ24.csv,156,JYZ24.csv,-6.0,64.83999999999999,64.83999999999999,389.13,389.03999999999996,-0.09000000000003183
45609,10,30,64.74,-2,2024-11-13,2024-11-13 10:30:00,2024-11-13 10:30:00,JYZ24.csv,343,JYZ24.csv,5.0,64.78,64.78,323.7,323.9,-0.19999999999998863
45609,10,50,64.755,-7,2024-11-13,2024-11-13 10:50:00,2024-11-13 10:50:00,JYZ24.csv,253,JYZ24.csv,-5.0,64.82,64.805,323.775,324.02500000000003,0.25000000000005684
45610,8,0,64.345,-6,2024-11-14,2024-11-14 08:00:00,2024-11-14 08:00:00,JYZ24.csv,46,JYZ24.csv,1.0,64.34,64.36,64.345,64.36,-0.015000000000000568
45610,8,40,64.305,-7,2024-11-14,2024-11-14 08:40:00,2024-11-14 08:40:00,JYZ24.csv,194,JYZ24.csv,-1.0,64.33500000000001,64.29,64.305,64.29,-0.015000000000000568
45610,9,0,64.335,-6,2024-11-14,2024-11-14 09:00:00,2024-11-14 09:00:00,JYZ24.csv,245,JYZ24.csv,1.0,64.38,64.38,64.335,64.38,-0.045000000000001705
45610,9,20,64.44,-8,2024-11-14,2024-11-14 09:20:00,2024-11-14 09:20:00,JYZ24.csv,149,JYZ24.csv,-2.0,64.43,64.43,128.88,128.86,-0.01999999999998181
45610,9,50,64.44,-10,2024-11-14,2024-11-14 09:50:00,2024-11-14 09:50:00,JYZ24.csv,101,JYZ24.csv,-2.0,64.44,64.44,128.88,128.88,-0.0
45610,10,0,64.435,-2,2024-11-14,2024-11-14 10:00:00,2024-11-14 10:00:00,JYZ24.csv,150,JYZ24.csv,8.0,64.41000000000001,64.41000000000001,515.48,515.2800000000001,0.1999999999999318
45610,10,10,64.44,0,2024-11-14,2024-11-14 10:10:00,2024-11-14 10:10:00,JYZ24.csv,124,JYZ24.csv,2.0,64.46000000000001,64.46000000000001,128.88,128.92000000000002,-0.040000000000020464
45610,10,20,64.46,-6,2024-11-14,2024-11-14 10:20:00,2024-11-14 10:20:00,JYZ24.csv,96,JYZ24.csv,-6.0,64.475,64.425,386.76,386.54999999999995,-0.21000000000003638
45610,10,30,64.395,-1,2024-11-14,2024-11-14 10:30:00,2024-11-14 10:30:00,JYZ24.csv,372,JYZ24.csv,5.0,64.36500000000001,64.36500000000001,321.97499999999997,321.82500000000005,0.14999999999992042
45610,10,40,64.33,3,2024-11-14,2024-11-14 10:40:00,2024-11-14 10:40:00,JYZ24.csv,142,JYZ24.csv,4.0,64.3,64.34,257.32,257.36,-0.040000000000020464
45610,10,50,64.355,-2,2024-11-14,2024-11-14 10:50:00,2024-11-14 10:50:00,JYZ24.csv,141,JYZ24.csv,-5.0,64.39999999999999,64.355,321.77500000000003,321.77500000000003,-0.0
45610,11,0,64.365,-6,2024-11-14,2024-11-14 11:00:00,2024-11-14 11:00:00,JYZ24.csv,588,JYZ24.csv,-4.0,64.39999999999999,64.365,257.46,257.46,-0.0
45610,11,20,64.435,-7,2024-11-14,2024-11-14 11:20:00,2024-11-14 11:20:00,JYZ24.csv,56,JYZ24.csv,-1.0,64.47,64.445,64.435,64.445,0.009999999999990905
45610,11,40,64.42,-6,2024-11-14,2024-11-14 11:40:00,2024-11-14 11:40:00,JYZ24.csv,79,JYZ24.csv,1.0,64.39999999999999,64.39999999999999,64.42,64.39999999999999,0.020000000000010232
45611,6,30,64.62,-7,2024-11-15,2024-11-15 06:30:00,2024-11-15 06:30:00,JYZ24.csv,185,JYZ24.csv,-1.0,64.62,64.62,64.62,64.62,-0.0
45611,8,0,64.6,-3,2024-11-15,2024-11-15 08:00:00,2024-11-15 08:00:00,JYZ24.csv,76,JYZ24.csv,4.0,64.585,64.585,258.4,258.34,0.060000000000002274
45611,9,30,64.635,0,2024-11-15,2024-11-15 09:30:00,2024-11-15 09:30:00,JYZ24.csv,277,JYZ24.csv,3.0,64.57000000000001,64.57000000000001,193.90500000000003,193.71000000000004,0.19499999999999318
45611,9,40,64.48,5,2024-11-15,2024-11-15 09:40:00,2024-11-15 09:40:00,JYZ24.csv,232,JYZ24.csv,5.0,64.47,64.47,322.40000000000003,322.35,0.05000000000001137
45611,9,50,64.44,-2,2024-11-15,2024-11-15 09:50:00,2024-11-15 09:50:00,JYZ24.csv,382,JYZ24.csv,-7.0,64.49,64.49,451.08,451.42999999999995,0.3499999999999659
45611,10,0,64.52,-7,2024-11-15,2024-11-15 10:00:00,2024-11-15 10:00:00,JYZ24.csv,239,JYZ24.csv,-5.0,64.57,64.57,322.59999999999997,322.84999999999997,0.25
45611,10,10,64.625,-3,2024-11-15,2024-11-15 10:10:00,2024-11-15 10:10:00,JYZ24.csv,178,JYZ24.csv,4.0,64.605,64.605,258.5,258.42,0.07999999999998408
45611,10,20,64.65,-4,2024-11-15,2024-11-15 10:20:00,2024-11-15 10:20:00,JYZ24.csv,187,JYZ24.csv,-1.0,64.64,64.64,64.65,64.64,-0.010000000000005116
45611,10,30,64.66,-3,2024-11-15,2024-11-15 10:30:00,2024-11-15 10:30:00,JYZ24.csv,174,JYZ24.csv,1.0,64.69,64.69,64.66,64.69,-0.030000000000001137
45611,10,40,64.76,-2,2024-11-15,2024-11-15 10:40:00,2024-11-15 10:40:00,JYZ24.csv,636,JYZ24.csv,1.0,64.745,64.745,64.76,64.745,0.015000000000000568
45611,11,0,64.77,-3,2024-11-15,2024-11-15 11:00:00,2024-11-15 11:00:00,JYZ24.csv,928,JYZ24.csv,-1.0,64.805,64.805,64.77,64.805,0.0350000000000108
45611,11,10,64.87,-5,2024-11-15,2024-11-15 11:10:00,2024-11-15 11:10:00,JYZ24.csv,389,JYZ24.csv,-2.0,64.87,64.87,129.74,129.74,-0.0
45611,11,30,64.835,-3,2024-11-15,2024-11-15 11:30:00,2024-11-15 11:30:00,JYZ24.csv,340,JYZ24.csv,2.0,64.81,64.81,129.67,129.62,0.04999999999998295
45611,11,50,64.925,-5,2024-11-15,2024-11-15 11:50:00,2024-11-15 11:50:00,JYZ24.csv,134,JYZ24.csv,-2.0,64.94500000000001,64.94500000000001,129.85,129.89000000000001,0.040000000000020464
45611,12,10,64.95,-3,2024-11-15,2024-11-15 12:10:00,2024-11-15 12:10:00,JYZ24.csv,148,JYZ24.csv,2.0,64.955,64.955,129.9,129.91,-0.009999999999990905
45611,13,0,65.055,-2,2024-11-15,2024-11-15 13:00:00,2024-11-15 13:00:00,JYZ24.csv,81,JYZ24.csv,1.0,65.03500000000001,65.08,65.055,65.08,-0.024999999999991473
45611,16,15,65.035,0,2024-11-15,2024-11-15 16:15:00,2024-11-15 16:15:00,JYZ24.csv,3,JYZ24.csv,2.0,65.03,65.03,130.07,130.06,0.009999999999990905
45614,6,30,64.71,-4,2024-11-18,2024-11-18 06:30:00,2024-11-18 06:30:00,JYZ24.csv,32,JYZ24.csv,-4.0,64.72,64.72,258.84,258.88,0.040000000000020464
45614,8,0,64.625,-10,2024-11-18,2024-11-18 08:00:00,2024-11-18 08:00:00,JYZ24.csv,390,JYZ24.csv,-6.0,64.635,64.605,387.75,387.63,-0.12000000000000455
45614,9,0,64.79,-4,2024-11-18,2024-11-18 09:00:00,2024-11-18 09:00:00,JYZ24.csv,136,JYZ24.csv,6.0,64.78,64.8,388.74,388.79999999999995,-0.05999999999994543
45614,9,20,64.79,-10,2024-11-18,2024-11-18 09:20:00,2024-11-18 09:20:00,JYZ24.csv,129,JYZ24.csv,-6.0,64.80000000000001,64.80000000000001,388.74,388.80000000000007,0.06000000000005912
45614,9,40,64.83,-4,2024-11-18,2024-11-18 09:40:00,2024-11-18 09:40:00,JYZ24.csv,547,JYZ24.csv,6.0,64.82,64.87,388.98,389.22,-0.2400000000000091
45614,10,0,64.825,-10,2024-11-18,2024-11-18 10:00:00,2024-11-18 10:00:00,JYZ24.csv,261,JYZ24.csv,-6.0,64.84,64.84,388.95000000000005,389.04,0.08999999999997499
45614,10,10,64.8,-7,2024-11-18,2024-11-18 10:10:00,2024-11-18 10:10:00,JYZ24.csv,229,JYZ24.csv,3.0,64.78,64.78,194.39999999999998,194.34,0.05999999999997385
45614,10,30,64.75,-3,2024-11-18,2024-11-18 10:30:00,2024-11-18 10:30:00,JYZ24.csv,122,JYZ24.csv,4.0,64.735,64.82,259.0,259.28,-0.2799999999999727
45614,10,50,64.735,0,2024-11-18,2024-11-18 10:50:00,2024-11-18 10:50:00,JYZ24.csv,218,JYZ24.csv,3.0,64.715,64.75,194.20499999999998,194.25,-0.045000000000015916
45614,11,10,64.765,-6,2024-11-18,2024-11-18 11:10:00,2024-11-18 11:10:00,JYZ24.csv,82,JYZ24.csv,-6.0,64.785,64.785,388.59000000000003,388.71,0.1199999999999477
45615,6,30,65.255,-3,2024-11-19,2024-11-19 06:30:00,2024-11-19 06:30:00,JYZ24.csv,67,JYZ24.csv,3.0,65.185,65.185,195.765,195.555,0.20999999999997954
45615,9,0,65.385,2,2024-11-19,2024-11-19 09:00:00,2024-11-19 09:00:00,JYZ24.csv,185,JYZ24.csv,5.0,65.295,65.295,326.925,326.475,0.44999999999998863
45615,9,10,65.18,-2,2024-11-19,2024-11-19 09:10:00,2024-11-19 09:10:00,JYZ24.csv,638,JYZ24.csv,-4.0,65.175,65.175,260.72,260.7,-0.020000000000038654
45615,9,20,65.2,-8,2024-11-19,2024-11-19 09:20:00,2024-11-19 09:20:00,JYZ24.csv,220,JYZ24.csv,-6.0,65.175,65.175,391.20000000000005,391.04999999999995,-0.15000000000009095
45615,9,30,65.165,-4,2024-11-19,2024-11-19 09:30:00,2024-11-19 09:30:00,JYZ24.csv,615,JYZ24.csv,4.0,65.095,65.13,260.66,260.52,0.1400000000000432
45615,9,40,65.14,-3,2024-11-19,2024-11-19 09:40:00,2024-11-19 09:40:00,JYZ24.csv,151,JYZ24.csv,1.0,65.105,65.105,65.14,65.105,0.03499999999999659
45615,10,30,65.185,-6,2024-11-19,2024-11-19 10:30:00,2024-11-19 10:30:00,JYZ24.csv,108,JYZ24.csv,-3.0,65.155,65.155,195.555,195.465,-0.09000000000000341
45615,10,40,65.115,-3,2024-11-19,2024-11-19 10:40:00,2024-11-19 10:40:00,JYZ24.csv,188,JYZ24.csv,3.0,65.175,65.175,195.34499999999997,195.52499999999998,-0.18000000000000682
45615,10,50,65.145,1,2024-11-19,2024-11-19 10:50:00,2024-11-19 10:50:00,JYZ24.csv,411,JYZ24.csv,4.0,65.155,65.155,260.58,260.62,-0.040000000000020464
45615,11,0,65.175,-2,2024-11-19,2024-11-19 11:00:00,2024-11-19 11:00:00,JYZ24.csv,600,JYZ24.csv,-3.0,65.155,65.155,195.52499999999998,195.465,-0.05999999999997385
45615,11,10,65.135,-6,2024-11-19,2024-11-19 11:10:00,2024-11-19 11:10:00,JYZ24.csv,172,JYZ24.csv,-4.0,65.13,65.13,260.54,260.52,-0.020000000000038654
45615,11,20,65.08,-2,2024-11-19,2024-11-19 11:20:00,2024-11-19 11:20:00,JYZ24.csv,74,JYZ24.csv,4.0,65.05,65.05,260.32,260.2,0.12000000000000455
45615,11,30,65.0,3,2024-11-19,2024-11-19 11:30:00,2024-11-19 11:30:00,JYZ24.csv,195,JYZ24.csv,5.0,65.0,65.0,325.0,325.0,0.0
45615,11,40,64.98,2,2024-11-19,2024-11-19 11:40:00,2024-11-19 11:40:00,JYZ24.csv,265,JYZ24.csv,-1.0,65.015,64.99,64.98,64.99,0.009999999999990905
45615,11,50,64.995,-3,2024-11-19,2024-11-19 11:50:00,2024-11-19 11:50:00,JYZ24.csv,174,JYZ24.csv,-5.0,65.02499999999999,65.0,324.975,325.0,0.024999999999977263
45615,12,0,64.995,-6,2024-11-19,2024-11-19 12:00:00,2024-11-19 12:00:00,JYZ24.csv,157,JYZ24.csv,-3.0,65.02499999999999,65.015,194.985,195.04500000000002,0.060000000000002274
45616,6,30,64.4,-10,2024-11-20,2024-11-20 06:30:00,2024-11-20 06:30:00,JYZ24.csv,55,JYZ24.csv,-4.0,64.425,64.405,257.6,257.62,0.01999999999998181
45616,9,0,64.42,-7,2024-11-20,2024-11-20 09:00:00,2024-11-20 09:00:00,JYZ24.csv,134,JYZ24.csv,3.0,64.415,64.415,193.26,193.245,0.014999999999986358
45616,9,30,64.43,-10,2024-11-20,2024-11-20 09:30:00,2024-11-20 09:30:00,JYZ24.csv,176,JYZ24.csv,-3.0,64.435,64.435,193.29000000000002,193.305,0.014999999999986358
45616,9,50,64.43,-7,2024-11-20,2024-11-20 09:50:00,2024-11-20 09:50:00,JYZ24.csv,80,JYZ24.csv,3.0,64.42,64.42,193.29000000000002,193.26,0.03000000000002956
45616,10,20,64.63,-9,2024-11-20,2024-11-20 10:20:00,2024-11-20 10:20:00,JYZ24.csv,487,JYZ24.csv,-2.0,64.685,64.685,129.26,129.37,0.11000000000001364
45616,10,30,64.65,-5,2024-11-20,2024-11-20 10:30:00,2024-11-20 10:30:00,JYZ24.csv,204,JYZ24.csv,4.0,64.655,64.655,258.6,258.62,-0.01999999999998181
45616,10,40,64.615,-3,2024-11-20,2024-11-20 10:40:00,2024-11-20 10:40:00,JYZ24.csv,216,JYZ24.csv,2.0,64.595,64.595,129.23,129.19,0.03999999999999204
45616,10,50,64.555,1,2024-11-20,2024-11-20 10:50:00,2024-11-20 10:50:00,JYZ24.csv,301,JYZ24.csv,4.0,64.525,64.525,258.22,258.1,0.12000000000000455
45616,11,0,64.505,4,2024-11-20,2024-11-20 11:00:00,2024-11-20 11:00:00,JYZ24.csv,458,JYZ24.csv,3.0,64.48,64.48,193.515,193.44,0.07499999999998863
45616,11,10,64.51,0,2024-11-20,2024-11-20 11:10:00,2024-11-20 11:10:00,JYZ24.csv,189,JYZ24.csv,-4.0,64.55499999999999,64.53,258.04,258.12,0.07999999999998408
45616,11,20,64.52,-3,2024-11-20,2024-11-20 11:20:00,2024-11-20 11:20:00,JYZ24.csv,70,JYZ24.csv,-3.0,64.55,64.55,193.56,193.64999999999998,0.08999999999997499
45616,11,30,64.59,-2,2024-11-20,2024-11-20 11:30:00,2024-11-20 11:30:00,JYZ24.csv,183,JYZ24.csv,1.0,64.58500000000001,64.58500000000001,64.59,64.58500000000001,0.0049999999999954525
45616,11,50,64.58,-3,2024-11-20,2024-11-20 11:50:00,2024-11-20 11:50:00,JYZ24.csv,122,JYZ24.csv,-1.0,64.575,64.575,64.58,64.575,-0.0049999999999954525
45617,8,0,64.94,0,2024-11-21,2024-11-21 08:00:00,2024-11-21 08:00:00,JYZ24.csv,172,JYZ24.csv,3.0,64.905,64.905,194.82,194.715,0.10499999999998977
45617,9,10,64.94,-2,2024-11-21,2024-11-21 09:10:00,2024-11-21 09:10:00,JYZ24.csv,187,JYZ24.csv,-2.0,64.935,64.935,129.88,129.87,-0.009999999999990905
45617,9,30,64.94,0,2024-11-21,2024-11-21 09:30:00,2024-11-21 09:30:00,JYZ24.csv,247,JYZ24.csv,2.0,64.975,64.975,129.88,129.95,-0.06999999999999318
45617,9,50,65.04,-2,2024-11-21,2024-11-21 09:50:00,2024-11-21 09:50:00,JYZ24.csv,254,JYZ24.csv,-2.0,65.075,65.075,130.08,130.15,0.06999999999999318
45617,10,10,65.145,0,2024-11-21,2024-11-21 10:10:00,2024-11-21 10:10:00,JYZ24.csv,219,JYZ24.csv,2.0,65.06,65.06,130.29,130.12,0.1699999999999875
45617,10,20,65.075,4,2024-11-21,2024-11-21 10:20:00,2024-11-21 10:20:00,JYZ24.csv,85,JYZ24.csv,4.0,65.09,65.09,260.3,260.36,-0.060000000000002274
45617,10,40,65.085,0,2024-11-21,2024-11-21 10:40:00,2024-11-21 10:40:00,JYZ24.csv,92,JYZ24.csv,-4.0,65.055,65.055,260.34,260.22,-0.1199999999999477
45617,10,50,65.01,4,2024-11-21,2024-11-21 10:50:00,2024-11-21 10:50:00,JYZ24.csv,451,JYZ24.csv,4.0,65.03500000000001,65.03500000000001,260.04,260.14000000000004,-0.10000000000002274
45617,11,0,64.985,5,2024-11-21,2024-11-21 11:00:00,2024-11-21 11:00:00,JYZ24.csv,426,JYZ24.csv,1.0,64.935,64.95,64.985,64.95,0.03499999999999659
45617,11,10,64.97,1,2024-11-21,2024-11-21 11:10:00,2024-11-21 11:10:00,JYZ24.csv,247,JYZ24.csv,-4.0,64.97999999999999,64.97999999999999,259.88,259.91999999999996,0.03999999999996362
45617,11,40,64.9,-2,2024-11-21,2024-11-21 11:40:00,2024-11-21 11:40:00,JYZ24.csv,167,JYZ24.csv,-3.0,64.88,64.88,194.70000000000002,194.64,-0.060000000000030695
45617,13,0,64.935,0,2024-11-21,2024-11-21 13:00:00,2024-11-21 13:00:00,JYZ24.csv,61,JYZ24.csv,2.0,64.89,64.895,129.87,129.79,0.0800000000000125
45618,8,0,64.905,-2,2024-11-22,2024-11-22 08:00:00,2024-11-22 08:00:00,JYZ24.csv,59,JYZ24.csv,-2.0,64.9,64.9,129.81,129.8,-0.009999999999990905
45618,9,0,65.0,-5,2024-11-22,2024-11-22 09:00:00,2024-11-22 09:00:00,JYZ24.csv,218,JYZ24.csv,-3.0,64.97,64.97,195.0,194.91,-0.09000000000000341
45618,9,10,64.92,-8,2024-11-22,2024-11-22 09:10:00,2024-11-22 09:10:00,JYZ24.csv,132,JYZ24.csv,-3.0,64.875,64.875,194.76,194.625,-0.1349999999999909
45618,9,20,64.865,-5,2024-11-22,2024-11-22 09:20:00,2024-11-22 09:20:00,JYZ24.csv,47,JYZ24.csv,3.0,64.835,64.835,194.59499999999997,194.505,0.08999999999997499
45618,9,30,64.835,-2,2024-11-22,2024-11-22 09:30:00,2024-11-22 09:30:00,JYZ24.csv,276,JYZ24.csv,3.0,64.80499999999999,64.80499999999999,194.505,194.41499999999996,0.09000000000003183
45618,9,40,64.84,-5,2024-11-22,2024-11-22 09:40:00,2024-11-22 09:40:00,JYZ24.csv,295,JYZ24.csv,-3.0,64.87,64.725,194.52,194.17499999999998,-0.3450000000000273
45618,10,0,64.75,-1,2024-11-22,2024-11-22 10:00:00,2024-11-22 10:00:00,JYZ24.csv,1029,JYZ24.csv,4.0,64.795,64.795,259.0,259.18,-0.18000000000000682
45618,10,20,64.755,-5,2024-11-22,2024-11-22 10:20:00,2024-11-22 10:20:00,JYZ24.csv,65,JYZ24.csv,-4.0,64.78,64.78,259.02,259.12,0.10000000000002274
45618,10,40,64.765,-2,2024-11-22,2024-11-22 10:40:00,2024-11-22 10:40:00,JYZ24.csv,54,JYZ24.csv,3.0,64.765,64.765,194.29500000000002,194.29500000000002,0.0
45618,11,20,64.76,-5,2024-11-22,2024-11-22 11:20:00,2024-11-22 11:20:00,JYZ24.csv,105,JYZ24.csv,-3.0,64.75999999999999,64.75999999999999,194.28000000000003,194.27999999999997,-5.684341886080802e-14
45618,16,15,64.775,0,2024-11-22,2024-11-22 16:15:00,2024-11-22 16:15:00,JYZ24.csv,171,JYZ24.csv,5.0,64.765,64.765,323.875,323.825,0.05000000000001137
45621,6,30,64.935,2,2024-11-25,2024-11-25 06:30:00,2024-11-25 06:30:00,JYZ24.csv,38,JYZ24.csv,2.0,64.93,64.93,129.87,129.86,0.009999999999990905
45621,9,20,65.2,7,2024-11-25,2024-11-25 09:20:00,2024-11-25 09:20:00,JYZ24.csv,262,JYZ24.csv,5.0,65.18,65.18,326.0,325.90000000000003,0.0999999999999659
45621,9,40,65.175,4,2024-11-25,2024-11-25 09:40:00,2024-11-25 09:40:00,JYZ24.csv,362,JYZ24.csv,-3.0,65.19,65.19,195.52499999999998,195.57,0.045000000000015916
45621,10,0,65.22,2,2024-11-25,2024-11-25 10:00:00,2024-11-25 10:00:00,JYZ24.csv,191,JYZ24.csv,-2.0,65.235,65.235,130.44,130.47,0.030000000000001137
45621,10,30,65.165,0,2024-11-25,2024-11-25 10:30:00,2024-11-25 10:30:00,JYZ24.csv,221,JYZ24.csv,-2.0,65.18,65.18,130.33,130.36,0.030000000000001137
45621,10,50,65.08,5,2024-11-25,2024-11-25 10:50:00,2024-11-25 10:50:00,JYZ24.csv,733,JYZ24.csv,5.0,65.06,65.06,325.4,325.3,0.0999999999999659
45621,11,10,64.96,0,2024-11-25,2024-11-25 11:10:00,2024-11-25 11:10:00,JYZ24.csv,224,JYZ24.csv,-5.0,64.97999999999999,64.95,324.79999999999995,324.75,-0.049999999999954525
45622,6,30,65.16,3,2024-11-26,2024-11-26 06:30:00,2024-11-26 06:30:00,JYZ24.csv,18,JYZ24.csv,3.0,65.165,65.165,195.48,195.495,-0.01500000000001478
45622,8,0,65.415,-2,2024-11-26,2024-11-26 08:00:00,2024-11-26 08:00:00,JYZ24.csv,342,JYZ24.csv,-5.0,65.44500000000001,65.44500000000001,327.07500000000005,327.225,0.14999999999997726
45622,10,30,65.22,-5,2024-11-26,2024-11-26 10:30:00,2024-11-26 10:30:00,JYZ24.csv,189,JYZ24.csv,-3.0,65.28,65.24,195.66,195.71999999999997,0.05999999999997385
45622,11,10,65.26,-2,2024-11-26,2024-11-26 11:10:00,2024-11-26 11:10:00,JYZ24.csv,152,JYZ24.csv,3.0,65.21000000000001,65.25,195.78000000000003,195.75,0.03000000000002956
45622,11,20,65.23,1,2024-11-26,2024-11-26 11:20:00,2024-11-26 11:20:00,JYZ24.csv,85,JYZ24.csv,3.0,65.22,65.255,195.69,195.765,-0.07499999999998863
45622,11,30,65.25,-2,2024-11-26,2024-11-26 11:30:00,2024-11-26 11:30:00,JYZ24.csv,65,JYZ24.csv,-3.0,65.31,65.285,195.75,195.855,0.10499999999998977
45622,11,40,65.3,-5,2024-11-26,2024-11-26 11:40:00,2024-11-26 11:40:00,JYZ24.csv,57,JYZ24.csv,-3.0,65.33,65.28,195.89999999999998,195.84,-0.05999999999997385
45623,6,30,66.12,-6,2024-11-27,2024-11-27 06:30:00,2024-11-27 06:30:00,JYZ24.csv,100,JYZ24.csv,-1.0,66.155,66.14,66.12,66.14,0.01999999999999602
45623,9,10,66.245,-2,2024-11-27,2024-11-27 09:10:00,2024-11-27 09:10:00,JYZ24.csv,377,JYZ24.csv,4.0,66.23,66.23,264.98,264.92,0.060000000000002274
45623,9,40,66.215,2,2024-11-27,2024-11-27 09:40:00,2024-11-27 09:40:00,JYZ24.csv,164,JYZ24.csv,4.0,66.17,66.235,264.86,264.94,-0.07999999999998408
45623,9,50,66.2,-2,2024-11-27,2024-11-27 09:50:00,2024-11-27 09:50:00,JYZ24.csv,767,JYZ24.csv,-4.0,66.21,66.21,264.8,264.84,0.03999999999996362
45623,10,0,66.235,-6,2024-11-27,2024-11-27 10:00:00,2024-11-27 10:00:00,JYZ24.csv,849,JYZ24.csv,-4.0,66.17,66.17,264.94,264.68,-0.2599999999999909
45623,10,10,66.145,-1,2024-11-27,2024-11-27 10:10:00,2024-11-27 10:10:00,JYZ24.csv,223,JYZ24.csv,5.0,66.085,66.085,330.72499999999997,330.42499999999995,0.30000000000001137
45623,10,20,66.07,1,2024-11-27,2024-11-27 10:20:00,2024-11-27 10:20:00,JYZ24.csv,342,JYZ24.csv,2.0,66.06,66.06,132.14,132.12,0.01999999999998181
45623,10,30,66.115,-3,2024-11-27,2024-11-27 10:30:00,2024-11-27 10:30:00,JYZ24.csv,369,JYZ24.csv,-4.0,66.115,66.115,264.46,264.46,-0.0
45623,10,40,66.185,-6,2024-11-27,2024-11-27 10:40:00,2024-11-27 10:40:00,JYZ24.csv,401,JYZ24.csv,-3.0,66.22,66.22,198.555,198.66,0.10499999999998977
45623,10,50,66.285,-8,2024-11-27,2024-11-27 10:50:00,2024-11-27 10:50:00,JYZ24.csv,656,JYZ24.csv,-2.0,66.34,66.34,132.57,132.68,0.11000000000001364
45623,11,0,66.335,-7,2024-11-27,2024-11-27 11:00:00,2024-11-27 11:00:00,JYZ24.csv,1836,JYZ24.csv,1.0,66.24000000000001,66.275,66.335,66.275,0.05999999999998806
45623,11,10,66.26,0,2024-11-27,2024-11-27 11:10:00,2024-11-27 11:10:00,JYZ24.csv,182,JYZ24.csv,7.0,66.205,66.235,463.82000000000005,463.645,0.1750000000000682
45623,11,30,66.265,-5,2024-11-27,2024-11-27 11:30:00,2024-11-27 11:30:00,JYZ24.csv,407,JYZ24.csv,-5.0,66.41,66.41,331.325,332.04999999999995,0.7249999999999659
45623,12,0,66.515,-7,2024-11-27,2024-11-27 12:00:00,2024-11-27 12:00:00,JYZ24.csv,223,JYZ24.csv,-2.0,66.49,66.49,133.03,132.98,-0.05000000000001137
45623,12,20,66.57,-5,2024-11-27,2024-11-27 12:20:00,2024-11-27 12:20:00,JYZ24.csv,274,JYZ24.csv,2.0,66.52000000000001,66.53,133.14,133.06,0.07999999999998408
45624,6,30,65.985,-10,2024-11-28,2024-11-28 06:30:00,2024-11-28 06:30:00,JYZ24.csv,12,JYZ24.csv,-5.0,65.99,65.99,329.925,329.95,0.024999999999977263
45624,9,0,66.105,-6,2024-11-28,2024-11-28 09:00:00,2024-11-28 09:00:00,JYZ24.csv,39,JYZ24.csv,4.0,66.10000000000001,66.10000000000001,264.42,264.40000000000003,0.01999999999998181
45624,9,20,66.12,-10,2024-11-28,2024-11-28 09:20:00,2024-11-28 09:20:00,JYZ24.csv,67,JYZ24.csv,-4.0,66.10499999999999,66.10499999999999,264.48,264.41999999999996,-0.06000000000005912
45624,10,30,66.165,-5,2024-11-28,2024-11-28 10:30:00,2024-11-28 10:30:00,JYZ24.csv,68,JYZ24.csv,5.0,66.125,66.125,330.82500000000005,330.625,0.20000000000004547
45624,10,50,66.115,-2,2024-11-28,2024-11-28 10:50:00,2024-11-28 10:50:00,JYZ24.csv,49,JYZ24.csv,3.0,66.135,66.135,198.34499999999997,198.40500000000003,-0.06000000000005912
45624,11,10,66.13,-5,2024-11-28,2024-11-28 11:10:00,2024-11-28 11:10:00,JYZ24.csv,39,JYZ24.csv,-3.0,66.13,66.13,198.39,198.39,-0.0
45625,6,30,66.78,-6,2024-11-29,2024-11-29 06:30:00,2024-11-29 06:30:00,JYZ24.csv,81,JYZ24.csv,-1.0,66.795,66.77,66.78,66.77,-0.010000000000005116
45625,8,0,66.72,-1,2024-11-29,2024-11-29 08:00:00,2024-11-29 08:00:00,JYZ24.csv,100,JYZ24.csv,5.0,66.72999999999999,66.72999999999999,333.6,333.65,-0.049999999999954525
45625,10,20,66.74,4,2024-11-29,2024-11-29 10:20:00,2024-11-29 10:20:00,JYZ24.csv,122,JYZ24.csv,5.0,66.725,66.725,333.7,333.625,0.07499999999998863
45625,10,30,66.705,5,2024-11-29,2024-11-29 10:30:00,2024-11-29 10:30:00,JYZ24.csv,231,JYZ24.csv,1.0,66.72999999999999,66.72999999999999,66.705,66.72999999999999,-0.024999999999991473
45625,10,40,66.73,0,2024-11-29,2024-11-29 10:40:00,2024-11-29 10:40:00,JYZ24.csv,250,JYZ24.csv,-5.0,66.735,66.735,333.65000000000003,333.675,0.024999999999977263
45625,10,50,66.675,4,2024-11-29,2024-11-29 10:50:00,2024-11-29 10:50:00,JYZ24.csv,397,JYZ24.csv,4.0,66.68499999999999,66.68499999999999,266.7,266.73999999999995,-0.03999999999996362
45625,11,30,66.565,5,2024-11-29,2024-11-29 11:30:00,2024-11-29 11:30:00,JYZ24.csv,371,JYZ24.csv,1.0,66.58,66.58,66.565,66.58,-0.015000000000000568
45625,11,50,66.62,0,2024-11-29,2024-11-29 11:50:00,2024-11-29 11:50:00,JYZ24.csv,114,JYZ24.csv,-5.0,66.625,66.615,333.1,333.075,-0.025000000000034106
45628,9,10,66.77,3,2024-12-02,2024-12-02 09:10:00,2024-12-02 09:10:00,JYZ24.csv,181,JYZ24.csv,3.0,66.75999999999999,66.75999999999999,200.31,200.27999999999997,0.03000000000002956
45628,9,20,66.805,6,2024-12-02,2024-12-02 09:20:00,2024-12-02 09:20:00,JYZ24.csv,38,JYZ24.csv,3.0,66.795,66.795,200.41500000000002,200.385,0.03000000000002956
45628,9,30,66.79,3,2024-12-02,2024-12-02 09:30:00,2024-12-02 09:30:00,JYZ24.csv,300,JYZ24.csv,-3.0,66.80000000000001,66.80000000000001,200.37,200.40000000000003,0.03000000000002956
45628,9,40,66.785,0,2024-12-02,2024-12-02 09:40:00,2024-12-02 09:40:00,JYZ24.csv,203,JYZ24.csv,-3.0,66.795,66.795,200.355,200.385,0.030000000000001137
45628,10,0,66.74,2,2024-12-02,2024-12-02 10:00:00,2024-12-02 10:00:00,JYZ24.csv,2014,JYZ24.csv,2.0,66.725,66.865,133.48,133.73,-0.25
45628,10,20,66.86,-3,2024-12-02,2024-12-02 10:20:00,2024-12-02 10:20:00,JYZ24.csv,169,JYZ24.csv,-5.0,66.875,66.875,334.3,334.375,0.07499999999998863
45628,10,30,66.795,1,2024-12-02,2024-12-02 10:30:00,2024-12-02 10:30:00,JYZ24.csv,370,JYZ24.csv,4.0,66.78,66.78,267.18,267.12,0.060000000000002274
45628,10,40,66.72,4,2024-12-02,2024-12-02 10:40:00,2024-12-02 10:40:00,JYZ24.csv,187,JYZ24.csv,3.0,66.7,66.7,200.16,200.10000000000002,0.05999999999997385
45628,10,50,66.795,-1,2024-12-02,2024-12-02 10:50:00,2024-12-02 10:50:00,JYZ24.csv,178,JYZ24.csv,-5.0,66.815,66.815,333.975,334.075,0.0999999999999659
45628,11,10,66.855,0,2024-12-02,2024-12-02 11:10:00,2024-12-02 11:10:00,JYZ24.csv,222,JYZ24.csv,1.0,66.83500000000001,66.94,66.855,66.94,-0.08499999999999375
45628,11,30,67.155,-2,2024-12-02,2024-12-02 11:30:00,2024-12-02 11:30:00,JYZ24.csv,498,JYZ24.csv,-2.0,67.17,67.17,134.31,134.34,0.030000000000001137
45628,11,50,67.09,0,2024-12-02,2024-12-02 11:50:00,2024-12-02 11:50:00,JYZ24.csv,136,JYZ24.csv,2.0,67.07000000000001,67.14,134.18,134.28,-0.09999999999999432
45629,6,30,66.855,-2,2024-12-03,2024-12-03 06:30:00,2024-12-03 06:30:00,JYZ24.csv,101,JYZ24.csv,-2.0,66.89,66.87,133.71,133.74,0.030000000000001137
45629,8,50,67.095,-4,2024-12-03,2024-12-03 08:50:00,2024-12-03 08:50:00,JYZ24.csv,341,JYZ24.csv,-2.0,67.235,67.235,134.19,134.47,0.28000000000000114
45629,9,10,67.285,-2,2024-12-03,2024-12-03 09:10:00,2024-12-03 09:10:00,JYZ24.csv,279,JYZ24.csv,2.0,67.21000000000001,67.245,134.57,134.49,0.07999999999998408
45629,9,20,67.21,0,2024-12-03,2024-12-03 09:20:00,2024-12-03 09:20:00,JYZ24.csv,301,JYZ24.csv,2.0,67.215,67.215,134.42,134.43,-0.010000000000019327
45629,9,40,67.36,-5,2024-12-03,2024-12-03 09:40:00,2024-12-03 09:40:00,JYZ24.csv,267,JYZ24.csv,-5.0,67.36,67.36,336.8,336.8,-0.0
45629,10,0,67.32,-2,2024-12-03,2024-12-03 10:00:00,2024-12-03 10:00:00,JYZ24.csv,2327,JYZ24.csv,3.0,67.2,67.2,201.95999999999998,201.60000000000002,0.3599999999999568
45629,10,10,67.175,2,2024-12-03,2024-12-03 10:10:00,2024-12-03 10:10:00,JYZ24.csv,205,JYZ24.csv,4.0,67.19500000000001,67.19500000000001,268.7,268.78000000000003,-0.08000000000004093
45629,10,20,67.21,7,2024-12-03,2024-12-03 10:20:00,2024-12-03 10:20:00,JYZ24.csv,222,JYZ24.csv,5.0,67.2,67.2,336.04999999999995,336.0,0.049999999999954525
45629,10,30,67.3,5,2024-12-03,2024-12-03 10:30:00,2024-12-03 10:30:00,JYZ24.csv,482,JYZ24.csv,-2.0,67.275,67.275,134.6,134.55,-0.04999999999998295
45629,10,40,67.175,2,2024-12-03,2024-12-03 10:40:00,2024-12-03 10:40:00,JYZ24.csv,304,JYZ24.csv,-3.0,67.13,67.13,201.52499999999998,201.39,-0.1349999999999909
45629,11,0,67.155,0,2024-12-03,2024-12-03 11:00:00,2024-12-03 11:00:00,JYZ24.csv,559,JYZ24.csv,-2.0,67.065,67.065,134.31,134.13,-0.18000000000000682
45629,11,10,67.05,4,2024-12-03,2024-12-03 11:10:00,2024-12-03 11:10:00,JYZ24.csv,183,JYZ24.csv,4.0,67.035,67.035,268.2,268.14,0.060000000000002274
45629,11,30,66.99,0,2024-12-03,2024-12-03 11:30:00,2024-12-03 11:30:00,JYZ24.csv,222,JYZ24.csv,-4.0,67.075,67.075,267.96,268.3,0.34000000000003183
45629,11,40,67.05,-2,2024-12-03,2024-12-03 11:40:00,2024-12-03 11:40:00,JYZ24.csv,187,JYZ24.csv,-2.0,67.16499999999999,67.16499999999999,134.1,134.32999999999998,0.22999999999998977
45629,11,50,67.14,-3,2024-12-03,2024-12-03 11:50:00,2024-12-03 11:50:00,JYZ24.csv,234,JYZ24.csv,-1.0,67.18,67.18,67.14,67.18,0.04000000000000625
45629,12,0,67.165,-1,2024-12-03,2024-12-03 12:00:00,2024-12-03 12:00:00,JYZ24.csv,159,JYZ24.csv,2.0,67.12,67.12,134.33,134.24,0.09000000000000341
45629,12,10,67.09,0,2024-12-03,2024-12-03 12:10:00,2024-12-03 12:10:00,JYZ24.csv,121,JYZ24.csv,1.0,67.075,67.075,67.09,67.075,0.015000000000000568
45630,6,30,66.345,-6,2024-12-04,2024-12-04 06:30:00,2024-12-04 06:30:00,JYZ24.csv,85,JYZ24.csv,-6.0,66.355,66.355,398.07,398.13,0.060000000000002274
45630,8,0,66.245,-10,2024-12-04,2024-12-04 08:00:00,2024-12-04 08:00:00,JYZ24.csv,129,JYZ24.csv,-4.0,66.25500000000001,66.235,264.98,264.94,-0.040000000000020464
45630,9,0,66.29,-6,2024-12-04,2024-12-04 09:00:00,2024-12-04 09:00:00,JYZ24.csv,194,JYZ24.csv,4.0,66.275,66.275,265.16,265.1,0.060000000000002274
45630,9,20,66.32,-9,2024-12-04,2024-12-04 09:20:00,2024-12-04 09:20:00,JYZ24.csv,102,JYZ24.csv,-3.0,66.33999999999999,66.33999999999999,198.95999999999998,199.01999999999998,0.060000000000002274
45630,10,30,66.555,-3,2024-12-04,2024-12-04 10:30:00,2024-12-04 10:30:00,JYZ24.csv,359,JYZ24.csv,6.0,66.53500000000001,66.53500000000001,399.33000000000004,399.21000000000004,0.12000000000000455
45630,11,10,66.635,-6,2024-12-04,2024-12-04 11:10:00,2024-12-04 11:10:00,JYZ24.csv,132,JYZ24.csv,-3.0,66.65,66.65,199.90500000000003,199.95000000000002,0.044999999999987494
45630,11,50,66.67,-3,2024-12-04,2024-12-04 11:50:00,2024-12-04 11:50:00,JYZ24.csv,71,JYZ24.csv,3.0,66.65,66.675,200.01,200.02499999999998,-0.014999999999986358
45631,11,20,66.67,-6,2024-12-05,2024-12-05 11:20:00,2024-12-05 11:20:00,JYZ24.csv,155,JYZ24.csv,-3.0,66.69500000000001,66.69500000000001,200.01,200.08500000000004,0.07500000000004547
45631,11,40,66.675,-3,2024-12-05,2024-12-05 11:40:00,2024-12-05 11:40:00,JYZ24.csv,192,JYZ24.csv,3.0,66.67,66.69,200.02499999999998,200.07,-0.045000000000015916
45632,8,50,66.665,-5,2024-12-06,2024-12-06 08:50:00,2024-12-06 08:50:00,JYZ24.csv,420,JYZ24.csv,-2.0,66.725,66.725,133.33,133.45,0.11999999999997613
45632,9,10,66.87,-7,2024-12-06,2024-12-06 09:10:00,2024-12-06 09:10:00,JYZ24.csv,692,JYZ24.csv,-2.0,66.86,66.86,133.74,133.72,-0.020000000000010232
45632,9,20,66.83,-2,2024-12-06,2024-12-06 09:20:00,2024-12-06 09:20:00,JYZ24.csv,939,JYZ24.csv,5.0,66.80499999999999,66.80499999999999,334.15,334.025,0.125
45632,9,30,66.96,2,2024-12-06,2024-12-06 09:30:00,2024-12-06 09:30:00,JYZ24.csv,657,JYZ24.csv,4.0,66.98,66.98,267.84,267.92,-0.08000000000004093
45632,9,40,66.86,1,2024-12-06,2024-12-06 09:40:00,2024-12-06 09:40:00,JYZ24.csv,431,JYZ24.csv,-1.0,66.89,66.89,66.86,66.89,0.030000000000001137
45632,10,0,66.88,-3,2024-12-06,2024-12-06 10:00:00,2024-12-06 10:00:00,JYZ24.csv,1218,JYZ24.csv,-4.0,66.865,66.865,267.52,267.46,-0.060000000000002274
45632,10,10,66.81,1,2024-12-06,2024-12-06 10:10:00,2024-12-06 10:10:00,JYZ24.csv,326,JYZ24.csv,4.0,66.77,66.8,267.24,267.2,0.040000000000020464
45632,10,30,66.8,-3,2024-12-06,2024-12-06 10:30:00,2024-12-06 10:30:00,JYZ24.csv,159,JYZ24.csv,-4.0,66.82,66.78,267.2,267.12,-0.07999999999998408
45632,11,0,66.79,0,2024-12-06,2024-12-06 11:00:00,2024-12-06 11:00:00,JYZ24.csv,453,JYZ24.csv,3.0,66.725,66.725,200.37,200.17499999999998,0.1950000000000216
45632,11,10,66.725,4,2024-12-06,2024-12-06 11:10:00,2024-12-06 11:10:00,JYZ24.csv,191,JYZ24.csv,4.0,66.675,66.735,266.9,266.94,-0.040000000000020464
45632,11,30,66.77,0,2024-12-06,2024-12-06 11:30:00,2024-12-06 11:30:00,JYZ24.csv,262,JYZ24.csv,-4.0,66.81,66.81,267.08,267.24,0.160000000000025
45632,13,0,66.75,-3,2024-12-06,2024-12-06 13:00:00,2024-12-06 13:00:00,JYZ24.csv,109,JYZ24.csv,-3.0,66.77,66.735,200.25,200.20499999999998,-0.045000000000015916
45632,16,15,66.745,0,2024-12-06,2024-12-06 16:15:00,2024-12-06 16:15:00,JYZ24.csv,10,JYZ24.csv,3.0,66.745,66.745,200.235,200.235,0.0
45635,8,0,66.39,-8,2024-12-09,2024-12-09 08:00:00,2024-12-09 08:00:00,JYZ24.csv,323,JYZ24.csv,-8.0,66.365,66.365,531.12,530.92,-0.20000000000004547
45636,8,0,65.93,0,2024-12-10,2024-12-10 08:00:00,2024-12-10 08:00:00,JYZ24.csv,112,JYZ24.csv,8.0,65.92500000000001,65.92500000000001,527.44,527.4000000000001,0.03999999999996362
45636,9,10,65.98,-2,2024-12-10,2024-12-10 09:10:00,2024-12-10 09:10:00,JYZ24.csv,82,JYZ24.csv,-2.0,65.995,65.995,131.96,131.99,0.030000000000001137
45636,9,30,65.94,0,2024-12-10,2024-12-10 09:30:00,2024-12-10 09:30:00,JYZ24.csv,71,JYZ24.csv,2.0,65.98,65.98,131.88,131.96,-0.0800000000000125
45636,11,0,65.79,2,2024-12-10,2024-12-10 11:00:00,2024-12-10 11:00:00,JYZ24.csv,323,JYZ24.csv,2.0,65.77499999999999,65.78,131.58,131.56,0.020000000000010232
45636,11,20,65.8,0,2024-12-10,2024-12-10 11:20:00,2024-12-10 11:20:00,JYZ24.csv,25,JYZ24.csv,-2.0,65.83500000000001,65.835,131.6,131.67,0.06999999999999318
45637,8,0,65.55,-1,2024-12-11,2024-12-11 08:00:00,2024-12-11 08:00:00,JYZ24.csv,242,JYZ24.csv,-1.0,65.56,65.56,65.55,65.56,0.010000000000005116
45637,9,0,65.715,-2,2024-12-11,2024-12-11 09:00:00,2024-12-11 09:00:00,JYZ24.csv,608,JYZ24.csv,-1.0,65.745,65.705,65.715,65.705,-0.010000000000005116
45637,9,40,65.845,-3,2024-12-11,2024-12-11 09:40:00,2024-12-11 09:40:00,JYZ24.csv,168,JYZ24.csv,-1.0,65.86,65.86,65.845,65.86,0.015000000000000568
45637,10,0,65.77,1,2024-12-11,2024-12-11 10:00:00,2024-12-11 10:00:00,JYZ24.csv,148,JYZ24.csv,4.0,65.745,65.745,263.08,262.98,0.0999999999999659
45637,10,10,65.7,3,2024-12-11,2024-12-11 10:10:00,2024-12-11 10:10:00,JYZ24.csv,99,JYZ24.csv,2.0,65.7,65.7,131.4,131.4,0.0
45637,10,20,65.72,0,2024-12-11,2024-12-11 10:20:00,2024-12-11 10:20:00,JYZ24.csv,56,JYZ24.csv,-3.0,65.745,65.655,197.16,196.965,-0.19499999999999318
45637,10,30,65.635,1,2024-12-11,2024-12-11 10:30:00,2024-12-11 10:30:00,JYZ24.csv,226,JYZ24.csv,1.0,65.625,65.625,65.635,65.625,0.010000000000005116
45637,10,50,65.63,-2,2024-12-11,2024-12-11 10:50:00,2024-12-11 10:50:00,JYZ24.csv,245,JYZ24.csv,-3.0,65.67,65.64,196.89,196.92000000000002,0.03000000000002956
45637,11,40,65.675,-4,2024-12-11,2024-12-11 11:40:00,2024-12-11 11:40:00,JYZ24.csv,52,JYZ24.csv,-2.0,65.71,65.685,131.35,131.37,0.020000000000010232
45637,12,0,65.68,-2,2024-12-11,2024-12-11 12:00:00,2024-12-11 12:00:00,JYZ24.csv,141,JYZ24.csv,2.0,65.655,65.66,131.36,131.32,0.040000000000020464
45638,8,0,65.685,3,2024-12-12,2024-12-12 08:00:00,2024-12-12 08:00:00,JYZ24.csv,116,JYZ24.csv,5.0,65.68,65.68,328.425,328.40000000000003,0.024999999999977263
45638,9,0,65.79,0,2024-12-12,2024-12-12 09:00:00,2024-12-12 09:00:00,JYZ24.csv,166,JYZ24.csv,-3.0,65.805,65.805,197.37,197.41500000000002,0.045000000000015916
45638,9,20,65.75,4,2024-12-12,2024-12-12 09:20:00,2024-12-12 09:20:00,JYZ24.csv,219,JYZ24.csv,4.0,65.73,65.73,263.0,262.92,0.07999999999998408
45638,9,30,65.685,1,2024-12-12,2024-12-12 09:30:00,2024-12-12 09:30:00,JYZ24.csv,298,JYZ24.csv,-3.0,65.7,65.7,197.055,197.10000000000002,0.045000000000015916
45638,9,40,65.66,2,2024-12-12,2024-12-12 09:40:00,2024-12-12 09:40:00,JYZ24.csv,126,JYZ24.csv,1.0,65.645,65.715,65.66,65.715,-0.05500000000000682
45638,9,50,65.69,5,2024-12-12,2024-12-12 09:50:00,2024-12-12 09:50:00,JYZ24.csv,190,JYZ24.csv,3.0,65.675,65.675,197.07,197.02499999999998,0.045000000000015916
45638,10,0,65.7,0,2024-12-12,2024-12-12 10:00:00,2024-12-12 10:00:00,JYZ24.csv,261,JYZ24.csv,-5.0,65.715,65.715,328.5,328.57500000000005,0.07500000000004547
45638,10,50,65.67,2,2024-12-12,2024-12-12 10:50:00,2024-12-12 10:50:00,JYZ24.csv,75,JYZ24.csv,2.0,65.65,65.675,131.34,131.35,-0.009999999999990905
45638,11,10,65.715,0,2024-12-12,2024-12-12 11:10:00,2024-12-12 11:10:00,JYZ24.csv,66,JYZ24.csv,-2.0,65.73,65.73,131.43,131.46,0.030000000000001137
45638,11,20,65.73,-3,2024-12-12,2024-12-12 11:20:00,2024-12-12 11:20:00,JYZ24.csv,35,JYZ24.csv,-3.0,65.745,65.7,197.19,197.10000000000002,-0.08999999999997499
45638,11,40,65.705,0,2024-12-12,2024-12-12 11:40:00,2024-12-12 11:40:00,JYZ24.csv,46,JYZ24.csv,3.0,65.695,65.695,197.115,197.08499999999998,0.03000000000002956
45638,12,0,65.775,-3,2024-12-12,2024-12-12 12:00:00,2024-12-12 12:00:00,JYZ24.csv,41,JYZ24.csv,-3.0,65.78500000000001,65.78500000000001,197.32500000000002,197.35500000000002,0.030000000000001137
45638,12,20,65.725,0,2024-12-12,2024-12-12 12:20:00,2024-12-12 12:20:00,JYZ24.csv,228,JYZ24.csv,3.0,65.71,65.71,197.17499999999998,197.13,0.044999999999987494
45639,6,30,65.855,-2,2024-12-13,2024-12-13 06:30:00,2024-12-13 06:30:00,JYZ24.csv,35,JYZ24.csv,-2.0,65.125,65.125,131.71,130.25,-1.460000000000008
45639,10,30,65.835,0,2024-12-13,2024-12-13 10:30:00,2024-12-13 10:30:00,JYZ24.csv,4,JYZ24.csv,2.0,65.12,65.12,131.67,130.24,1.4299999999999784
45642,8,0,65.62,1,2024-12-16,2024-12-16 08:00:00,2024-12-16 08:00:00,JYZ24.csv,1,JYZ24.csv,1.0,64.88,64.915,65.62,64.915,0.7049999999999983
45642,9,0,65.645,0,2024-12-16,2024-12-16 09:00:00,2024-12-16 09:00:00,JYZ24.csv,1,JYZ24.csv,-1.0,64.86,64.93,65.645,64.93,-0.7149999999999892
45642,9,20,65.575,2,2024-12-16,2024-12-16 09:20:00,2024-12-16 09:20:00,JYZ24.csv,9,JYZ24.csv,2.0,64.83999999999999,64.855,131.15,129.71,1.4399999999999977
45642,9,40,65.58,0,2024-12-16,2024-12-16 09:40:00,2024-12-16 09:40:00,JYZ24.csv,4,JYZ24.csv,-2.0,64.89,64.795,131.16,129.59,-1.5699999999999932
