day,hour,min,price,inventory,date,timestamp,minute,main_contract,main_volume,main_contract_clean,signal,opti_price,filled_price,benchmark_amount,amount,slippage
43832,2,30,8795.0,3,2020-01-02,2020-01-02 02:30:00,2020-01-02 02:30:00,NQH20.csv,48,NQH20.csv,3.0,8794.25,8794.25,26385.0,26382.75,2.25
43832,9,15,8821.25,-2,2020-01-02,2020-01-02 09:15:00,2020-01-02 09:15:00,NQH20.csv,195,NQH20.csv,-5.0,8822.0,8822.0,44106.25,44110.0,3.75
43832,10,0,8849.0,2,2020-01-02,2020-01-02 10:00:00,2020-01-02 10:00:00,NQH20.csv,1564,NQH20.csv,4.0,8848.0,8848.0,35396.0,35392.0,4.0
43832,10,15,8823.0,8,2020-01-02,2020-01-02 10:15:00,2020-01-02 10:15:00,NQH20.csv,4164,NQH20.csv,6.0,8822.0,8822.0,52938.0,52932.0,6.0
43832,10,45,8816.75,7,2020-01-02,2020-01-02 10:45:00,2020-01-02 10:45:00,NQH20.csv,1380,NQH20.csv,-1.0,8817.75,8817.75,8816.75,8817.75,1.0
43832,11,45,8819.75,9,2020-01-02,2020-01-02 11:45:00,2020-01-02 11:45:00,NQH20.csv,821,NQH20.csv,2.0,8818.75,8818.75,17639.5,17637.5,2.0
43832,12,0,8829.5,11,2020-01-02,2020-01-02 12:00:00,2020-01-02 12:00:00,NQH20.csv,520,NQH20.csv,2.0,8828.5,8828.5,17659.0,17657.0,2.0
43832,12,10,8830.5,10,2020-01-02,2020-01-02 12:10:00,2020-01-02 12:10:00,NQH20.csv,308,NQH20.csv,-1.0,8831.5,8831.5,8830.5,8831.5,1.0
43832,12,15,8830.75,8,2020-01-02,2020-01-02 12:15:00,2020-01-02 12:15:00,NQH20.csv,636,NQH20.csv,-2.0,8831.75,8831.75,17661.5,17663.5,2.0
43832,14,0,8844.25,4,2020-01-02,2020-01-02 14:00:00,2020-01-02 14:00:00,NQH20.csv,555,NQH20.csv,-4.0,8845.25,8845.25,35377.0,35381.0,4.0
43832,14,30,8857.0,-1,2020-01-02,2020-01-02 14:30:00,2020-01-02 14:30:00,NQH20.csv,583,NQH20.csv,-5.0,8858.0,8858.0,44285.0,44290.0,5.0
43832,15,30,8865.75,0,2020-01-02,2020-01-02 15:30:00,2020-01-02 15:30:00,NQH20.csv,818,NQH20.csv,1.0,8865.0,8865.0,8865.75,8865.0,0.75
43832,16,0,8888.25,3,2020-01-02,2020-01-02 16:00:00,2020-01-02 16:00:00,NQH20.csv,2723,NQH20.csv,3.0,8887.25,8887.25,26664.75,26661.75,3.0
43833,2,30,8823.25,6,2020-01-03,2020-01-03 02:30:00,2020-01-03 02:30:00,NQH20.csv,172,NQH20.csv,3.0,8822.5,8822.5,26469.75,26467.5,2.25
43833,5,45,8766.25,9,2020-01-03,2020-01-03 05:45:00,2020-01-03 05:45:00,NQH20.csv,303,NQH20.csv,3.0,8765.5,8765.5,26298.75,26296.5,2.25
43833,6,15,8752.0,6,2020-01-03,2020-01-03 06:15:00,2020-01-03 06:15:00,NQH20.csv,249,NQH20.csv,-3.0,8752.75,8752.75,26256.0,26258.25,2.25
43833,7,30,8772.75,0,2020-01-03,2020-01-03 07:30:00,2020-01-03 07:30:00,NQH20.csv,280,NQH20.csv,-6.0,8773.5,8773.5,52636.5,52641.0,4.5
43833,8,0,8776.75,6,2020-01-03,2020-01-03 08:00:00,2020-01-03 08:00:00,NQH20.csv,420,NQH20.csv,6.0,8776.0,8776.0,52660.5,52656.0,4.5
43833,9,15,8782.25,7,2020-01-03,2020-01-03 09:15:00,2020-01-03 09:15:00,NQH20.csv,540,NQH20.csv,1.0,8781.5,8783.75,8782.25,8783.75,-1.5
43833,10,15,8825.5,6,2020-01-03,2020-01-03 10:15:00,2020-01-03 10:15:00,NQH20.csv,1832,NQH20.csv,-1.0,8826.5,8826.5,8825.5,8826.5,1.0
43833,10,30,8829.0,11,2020-01-03,2020-01-03 10:30:00,2020-01-03 10:30:00,NQH20.csv,786,NQH20.csv,5.0,8828.0,8828.0,44145.0,44140.0,5.0
43833,11,20,8817.0,10,2020-01-03,2020-01-03 11:20:00,2020-01-03 11:20:00,NQH20.csv,588,NQH20.csv,-1.0,8817.75,8817.75,8817.0,8817.75,0.75
43833,11,45,8829.5,11,2020-01-03,2020-01-03 11:45:00,2020-01-03 11:45:00,NQH20.csv,693,NQH20.csv,1.0,8828.5,8828.5,8829.5,8828.5,1.0
43833,12,5,8847.0,9,2020-01-03,2020-01-03 12:05:00,2020-01-03 12:05:00,NQH20.csv,2045,NQH20.csv,-2.0,8848.0,8848.0,17694.0,17696.0,2.0
43833,12,30,8844.75,4,2020-01-03,2020-01-03 12:30:00,2020-01-03 12:30:00,NQH20.csv,511,NQH20.csv,-5.0,8845.5,8845.5,44223.75,44227.5,3.75
43833,14,0,8833.5,8,2020-01-03,2020-01-03 14:00:00,2020-01-03 14:00:00,NQH20.csv,602,NQH20.csv,4.0,8832.25,8832.25,35334.0,35329.0,5.0
43833,14,30,8827.25,6,2020-01-03,2020-01-03 14:30:00,2020-01-03 14:30:00,NQH20.csv,348,NQH20.csv,-2.0,8828.0,8828.0,17654.5,17656.0,1.5
43833,15,0,8840.25,10,2020-01-03,2020-01-03 15:00:00,2020-01-03 15:00:00,NQH20.csv,461,NQH20.csv,4.0,8839.5,8839.5,35361.0,35358.0,3.0
43833,15,30,8827.5,11,2020-01-03,2020-01-03 15:30:00,2020-01-03 15:30:00,NQH20.csv,912,NQH20.csv,1.0,8826.25,8826.25,8827.5,8826.25,1.25
43833,15,40,8819.5,9,2020-01-03,2020-01-03 15:40:00,2020-01-03 15:40:00,NQH20.csv,1027,NQH20.csv,-2.0,8820.5,8820.5,17639.0,17641.0,2.0
43833,16,0,8810.75,6,2020-01-03,2020-01-03 16:00:00,2020-01-03 16:00:00,NQH20.csv,2613,NQH20.csv,-3.0,8811.75,8811.75,26432.25,26435.25,3.0
43833,16,15,8809.75,0,2020-01-03,2020-01-03 16:15:00,2020-01-03 16:15:00,NQH20.csv,776,NQH20.csv,-6.0,8810.75,8810.0,52858.5,52860.0,1.5
43836,2,30,8776.0,4,2020-01-06,2020-01-06 02:30:00,2020-01-06 02:30:00,NQH20.csv,1556,NQH20.csv,4.0,8775.25,8782.0,35104.0,35128.0,-24.0
43836,4,30,8727.75,10,2020-01-06,2020-01-06 04:30:00,2020-01-06 04:30:00,NQH20.csv,534,NQH20.csv,6.0,8727.0,8727.0,52366.5,52362.0,4.5
43836,6,0,8747.25,8,2020-01-06,2020-01-06 06:00:00,2020-01-06 06:00:00,NQH20.csv,94,NQH20.csv,-2.0,8748.0,8748.0,17494.5,17496.0,1.5
43836,8,0,8760.5,10,2020-01-06,2020-01-06 08:00:00,2020-01-06 08:00:00,NQH20.csv,402,NQH20.csv,2.0,8759.75,8759.75,17521.0,17519.5,1.5
43836,9,15,8753.75,11,2020-01-06,2020-01-06 09:15:00,2020-01-06 09:15:00,NQH20.csv,219,NQH20.csv,1.0,8753.0,8753.0,8753.75,8753.0,0.75
43836,9,20,8749.0,10,2020-01-06,2020-01-06 09:20:00,2020-01-06 09:20:00,NQH20.csv,171,NQH20.csv,-1.0,8749.75,8745.5,8749.0,8745.5,-3.5
43836,9,45,8775.0,9,2020-01-06,2020-01-06 09:45:00,2020-01-06 09:45:00,NQH20.csv,1592,NQH20.csv,-1.0,8776.0,8776.0,8775.0,8776.0,1.0
43836,10,0,8798.25,11,2020-01-06,2020-01-06 10:00:00,2020-01-06 10:00:00,NQH20.csv,1905,NQH20.csv,2.0,8797.25,8797.25,17596.5,17594.5,2.0
43836,10,5,8800.25,8,2020-01-06,2020-01-06 10:05:00,2020-01-06 10:05:00,NQH20.csv,990,NQH20.csv,-3.0,8801.25,8801.25,26400.75,26403.75,3.0
43836,10,15,8806.75,9,2020-01-06,2020-01-06 10:15:00,2020-01-06 10:15:00,NQH20.csv,880,NQH20.csv,1.0,8805.75,8805.75,8806.75,8805.75,1.0
43836,12,0,8823.25,11,2020-01-06,2020-01-06 12:00:00,2020-01-06 12:00:00,NQH20.csv,886,NQH20.csv,2.0,8822.5,8822.5,17646.5,17645.0,1.5
43836,12,5,8815.75,9,2020-01-06,2020-01-06 12:05:00,2020-01-06 12:05:00,NQH20.csv,350,NQH20.csv,-2.0,8816.75,8816.75,17631.5,17633.5,2.0
43836,12,15,8813.25,11,2020-01-06,2020-01-06 12:15:00,2020-01-06 12:15:00,NQH20.csv,670,NQH20.csv,2.0,8812.0,8812.0,17626.5,17624.0,2.5
43836,12,45,8823.25,9,2020-01-06,2020-01-06 12:45:00,2020-01-06 12:45:00,NQH20.csv,476,NQH20.csv,-2.0,8824.0,8824.0,17646.5,17648.0,1.5
43836,13,0,8822.5,3,2020-01-06,2020-01-06 13:00:00,2020-01-06 13:00:00,NQH20.csv,354,NQH20.csv,-6.0,8823.25,8823.25,52935.0,52939.5,4.5
43836,13,30,8834.25,9,2020-01-06,2020-01-06 13:30:00,2020-01-06 13:30:00,NQH20.csv,240,NQH20.csv,6.0,8833.5,8833.5,53005.5,53001.0,4.5
43836,14,0,8830.75,11,2020-01-06,2020-01-06 14:00:00,2020-01-06 14:00:00,NQH20.csv,982,NQH20.csv,2.0,8830.0,8830.0,17661.5,17660.0,1.5
43836,15,5,8838.75,9,2020-01-06,2020-01-06 15:05:00,2020-01-06 15:05:00,NQH20.csv,543,NQH20.csv,-2.0,8839.5,8839.5,17677.5,17679.0,1.5
43836,15,30,8843.25,10,2020-01-06,2020-01-06 15:30:00,2020-01-06 15:30:00,NQH20.csv,1004,NQH20.csv,1.0,8842.5,8842.5,8843.25,8842.5,0.75
43836,15,45,8851.0,2,2020-01-06,2020-01-06 15:45:00,2020-01-06 15:45:00,NQH20.csv,937,NQH20.csv,-8.0,8852.0,8852.0,70808.0,70816.0,8.0
43836,16,0,8865.0,10,2020-01-06,2020-01-06 16:00:00,2020-01-06 16:00:00,NQH20.csv,2060,NQH20.csv,8.0,8864.0,8864.0,70920.0,70912.0,8.0
43837,2,30,8866.0,5,2020-01-07,2020-01-07 02:30:00,2020-01-07 02:30:00,NQH20.csv,936,NQH20.csv,-5.0,8866.75,8860.5,44330.0,44302.5,-27.5
43837,6,0,8875.5,1,2020-01-07,2020-01-07 06:00:00,2020-01-07 06:00:00,NQH20.csv,145,NQH20.csv,-4.0,8876.25,8876.25,35502.0,35505.0,3.0
43837,7,15,8874.75,5,2020-01-07,2020-01-07 07:15:00,2020-01-07 07:15:00,NQH20.csv,223,NQH20.csv,4.0,8874.0,8874.0,35499.0,35496.0,3.0
43837,7,45,8878.25,1,2020-01-07,2020-01-07 07:45:00,2020-01-07 07:45:00,NQH20.csv,109,NQH20.csv,-4.0,8879.0,8875.0,35513.0,35500.0,-13.0
43837,8,0,8880.5,5,2020-01-07,2020-01-07 08:00:00,2020-01-07 08:00:00,NQH20.csv,406,NQH20.csv,4.0,8879.75,8879.75,35522.0,35519.0,3.0
43837,9,15,8861.75,1,2020-01-07,2020-01-07 09:15:00,2020-01-07 09:15:00,NQH20.csv,321,NQH20.csv,-4.0,8862.5,8858.0,35447.0,35432.0,-15.0
43837,10,0,8859.5,3,2020-01-07,2020-01-07 10:00:00,2020-01-07 10:00:00,NQH20.csv,3138,NQH20.csv,2.0,8858.5,8858.5,17719.0,17717.0,2.0
43837,10,15,8872.75,7,2020-01-07,2020-01-07 10:15:00,2020-01-07 10:15:00,NQH20.csv,2012,NQH20.csv,4.0,8871.75,8871.75,35491.0,35487.0,4.0
43837,11,0,8876.5,8,2020-01-07,2020-01-07 11:00:00,2020-01-07 11:00:00,NQH20.csv,1591,NQH20.csv,1.0,8875.5,8875.5,8876.5,8875.5,1.0
43837,11,30,8884.0,7,2020-01-07,2020-01-07 11:30:00,2020-01-07 11:30:00,NQH20.csv,802,NQH20.csv,-1.0,8885.0,8875.5,8884.0,8875.5,-8.5
43837,12,0,8869.25,10,2020-01-07,2020-01-07 12:00:00,2020-01-07 12:00:00,NQH20.csv,348,NQH20.csv,3.0,8868.0,8868.0,26607.75,26604.0,3.75
43837,14,0,8884.5,8,2020-01-07,2020-01-07 14:00:00,2020-01-07 14:00:00,NQH20.csv,835,NQH20.csv,-2.0,8885.25,8872.5,17769.0,17745.0,-24.0
43837,14,15,8866.5,10,2020-01-07,2020-01-07 14:15:00,2020-01-07 14:15:00,NQH20.csv,932,NQH20.csv,2.0,8865.75,8865.75,17733.0,17731.5,1.5
43837,14,45,8867.5,8,2020-01-07,2020-01-07 14:45:00,2020-01-07 14:45:00,NQH20.csv,254,NQH20.csv,-2.0,8868.25,8868.25,17735.0,17736.5,1.5
43837,15,0,8871.25,3,2020-01-07,2020-01-07 15:00:00,2020-01-07 15:00:00,NQH20.csv,681,NQH20.csv,-5.0,8872.0,8872.0,44356.25,44360.0,3.75
43837,16,0,8861.0,5,2020-01-07,2020-01-07 16:00:00,2020-01-07 16:00:00,NQH20.csv,2105,NQH20.csv,2.0,8859.75,8859.75,17722.0,17719.5,2.5
43838,2,30,8821.75,0,2020-01-08,2020-01-08 02:30:00,2020-01-08 02:30:00,NQH20.csv,996,NQH20.csv,-5.0,8822.5,8822.5,44108.75,44112.5,3.75
43838,5,45,8854.75,-5,2020-01-08,2020-01-08 05:45:00,2020-01-08 05:45:00,NQH20.csv,299,NQH20.csv,-5.0,8855.75,8855.75,44273.75,44278.75,5.0
43838,6,0,8867.25,-7,2020-01-08,2020-01-08 06:00:00,2020-01-08 06:00:00,NQH20.csv,235,NQH20.csv,-2.0,8868.25,8868.25,17734.5,17736.5,2.0
43838,6,15,8862.25,-2,2020-01-08,2020-01-08 06:15:00,2020-01-08 06:15:00,NQH20.csv,152,NQH20.csv,5.0,8861.5,8861.5,44311.25,44307.5,3.75
43838,6,45,8876.0,-7,2020-01-08,2020-01-08 06:45:00,2020-01-08 06:45:00,NQH20.csv,47,NQH20.csv,-5.0,8876.75,8876.75,44380.0,44383.75,3.75
43838,7,15,8869.0,-2,2020-01-08,2020-01-08 07:15:00,2020-01-08 07:15:00,NQH20.csv,123,NQH20.csv,5.0,8868.25,8868.25,44345.0,44341.25,3.75
43838,8,0,8875.25,0,2020-01-08,2020-01-08 08:00:00,2020-01-08 08:00:00,NQH20.csv,279,NQH20.csv,2.0,8874.5,8874.5,17750.5,17749.0,1.5
43838,10,30,8882.5,3,2020-01-08,2020-01-08 10:30:00,2020-01-08 10:30:00,NQH20.csv,1274,NQH20.csv,3.0,8881.25,8881.25,26647.5,26643.75,3.75
43838,10,45,8873.25,5,2020-01-08,2020-01-08 10:45:00,2020-01-08 10:45:00,NQH20.csv,801,NQH20.csv,2.0,8872.0,8872.0,17746.5,17744.0,2.5
43838,11,15,8882.0,3,2020-01-08,2020-01-08 11:15:00,2020-01-08 11:15:00,NQH20.csv,651,NQH20.csv,-2.0,8883.0,8883.0,17764.0,17766.0,2.0
43838,11,45,8932.0,-3,2020-01-08,2020-01-08 11:45:00,2020-01-08 11:45:00,NQH20.csv,1998,NQH20.csv,-6.0,8933.0,8933.0,53592.0,53598.0,6.0
43838,12,0,8926.75,2,2020-01-08,2020-01-08 12:00:00,2020-01-08 12:00:00,NQH20.csv,1490,NQH20.csv,5.0,8925.75,8935.0,44633.75,44675.0,-41.25
43838,12,15,8927.75,8,2020-01-08,2020-01-08 12:15:00,2020-01-08 12:15:00,NQH20.csv,602,NQH20.csv,6.0,8926.5,8931.0,53566.5,53586.0,-19.5
43838,12,30,8938.5,5,2020-01-08,2020-01-08 12:30:00,2020-01-08 12:30:00,NQH20.csv,633,NQH20.csv,-3.0,8939.5,8939.5,26815.5,26818.5,3.0
43838,14,0,8934.25,7,2020-01-08,2020-01-08 14:00:00,2020-01-08 14:00:00,NQH20.csv,824,NQH20.csv,2.0,8933.5,8941.5,17868.5,17883.0,-14.5
43838,14,30,8941.5,9,2020-01-08,2020-01-08 14:30:00,2020-01-08 14:30:00,NQH20.csv,403,NQH20.csv,2.0,8940.75,8940.75,17883.0,17881.5,1.5
43838,15,30,8970.5,5,2020-01-08,2020-01-08 15:30:00,2020-01-08 15:30:00,NQH20.csv,732,NQH20.csv,-4.0,8971.5,8971.5,35882.0,35886.0,4.0
43838,16,0,8931.25,0,2020-01-08,2020-01-08 16:00:00,2020-01-08 16:00:00,NQH20.csv,3101,NQH20.csv,-5.0,8932.25,8932.25,44656.25,44661.25,5.0
43839,2,30,8983.5,3,2020-01-09,2020-01-09 02:30:00,2020-01-09 02:30:00,NQH20.csv,304,NQH20.csv,3.0,8982.5,8982.5,26950.5,26947.5,3.0
43839,10,30,9005.25,6,2020-01-09,2020-01-09 10:30:00,2020-01-09 10:30:00,NQH20.csv,698,NQH20.csv,3.0,9004.0,9004.0,27015.75,27012.0,3.75
43839,12,0,9007.5,9,2020-01-09,2020-01-09 12:00:00,2020-01-09 12:00:00,NQH20.csv,401,NQH20.csv,3.0,9006.5,9006.5,27022.5,27019.5,3.0
43839,12,30,8982.75,6,2020-01-09,2020-01-09 12:30:00,2020-01-09 12:30:00,NQH20.csv,695,NQH20.csv,-3.0,8983.75,8967.5,26948.25,26902.5,-45.75
43839,12,45,8956.25,9,2020-01-09,2020-01-09 12:45:00,2020-01-09 12:45:00,NQH20.csv,1375,NQH20.csv,3.0,8955.0,8974.5,26868.75,26923.5,-54.75
43839,13,0,8980.25,3,2020-01-09,2020-01-09 13:00:00,2020-01-09 13:00:00,NQH20.csv,1156,NQH20.csv,-6.0,8981.5,8981.5,53881.5,53889.0,7.5
43839,13,15,8984.5,0,2020-01-09,2020-01-09 13:15:00,2020-01-09 13:15:00,NQH20.csv,531,NQH20.csv,-3.0,8985.75,8985.75,26953.5,26957.25,3.75
43839,13,30,8986.0,6,2020-01-09,2020-01-09 13:30:00,2020-01-09 13:30:00,NQH20.csv,681,NQH20.csv,6.0,8985.0,8985.0,53916.0,53910.0,6.0
43839,15,0,8997.75,0,2020-01-09,2020-01-09 15:00:00,2020-01-09 15:00:00,NQH20.csv,800,NQH20.csv,-6.0,8998.5,8998.5,53986.5,53991.0,4.5
43839,15,45,8997.75,4,2020-01-09,2020-01-09 15:45:00,2020-01-09 15:45:00,NQH20.csv,668,NQH20.csv,4.0,8996.75,8996.75,35991.0,35987.0,4.0
43839,16,0,9004.75,3,2020-01-09,2020-01-09 16:00:00,2020-01-09 16:00:00,NQH20.csv,1933,NQH20.csv,-1.0,9006.0,9006.0,9004.75,9006.0,1.25
43840,2,30,9038.0,5,2020-01-10,2020-01-10 02:30:00,2020-01-10 02:30:00,NQH20.csv,50,NQH20.csv,2.0,9037.25,9037.25,18076.0,18074.5,1.5
43840,9,45,9017.25,6,2020-01-10,2020-01-10 09:45:00,2020-01-10 09:45:00,NQH20.csv,2353,NQH20.csv,1.0,9016.0,9016.0,9017.25,9016.0,1.25
43840,10,0,9031.0,7,2020-01-10,2020-01-10 10:00:00,2020-01-10 10:00:00,NQH20.csv,1038,NQH20.csv,1.0,9030.0,9030.0,9031.0,9030.0,1.0
43840,10,15,9028.5,6,2020-01-10,2020-01-10 10:15:00,2020-01-10 10:15:00,NQH20.csv,1083,NQH20.csv,-1.0,9029.5,9029.5,9028.5,9029.5,1.0
43840,11,45,9017.75,9,2020-01-10,2020-01-10 11:45:00,2020-01-10 11:45:00,NQH20.csv,1594,NQH20.csv,3.0,9016.5,9016.5,27053.25,27049.5,3.75
43840,12,15,8998.25,6,2020-01-10,2020-01-10 12:15:00,2020-01-10 12:15:00,NQH20.csv,1418,NQH20.csv,-3.0,8999.25,8999.25,26994.75,26997.75,3.0
43840,12,30,9006.75,0,2020-01-10,2020-01-10 12:30:00,2020-01-10 12:30:00,NQH20.csv,922,NQH20.csv,-6.0,9007.75,9007.75,54040.5,54046.5,6.0
43840,12,45,9008.5,5,2020-01-10,2020-01-10 12:45:00,2020-01-10 12:45:00,NQH20.csv,826,NQH20.csv,5.0,9007.5,9007.5,45042.5,45037.5,5.0
43840,13,0,9006.0,11,2020-01-10,2020-01-10 13:00:00,2020-01-10 13:00:00,NQH20.csv,345,NQH20.csv,6.0,9005.25,9005.25,54036.0,54031.5,4.5
43840,13,15,9019.25,6,2020-01-10,2020-01-10 13:15:00,2020-01-10 13:15:00,NQH20.csv,551,NQH20.csv,-5.0,9020.25,9016.5,45096.25,45082.5,-13.75
43840,14,0,9013.25,7,2020-01-10,2020-01-10 14:00:00,2020-01-10 14:00:00,NQH20.csv,526,NQH20.csv,1.0,9012.5,9012.5,9013.25,9012.5,0.75
43840,14,30,8998.25,9,2020-01-10,2020-01-10 14:30:00,2020-01-10 14:30:00,NQH20.csv,388,NQH20.csv,2.0,8997.5,8997.5,17996.5,17995.0,1.5
43840,16,0,8982.5,5,2020-01-10,2020-01-10 16:00:00,2020-01-10 16:00:00,NQH20.csv,2108,NQH20.csv,-4.0,8983.5,8983.5,35930.0,35934.0,4.0
43840,16,15,8980.0,0,2020-01-10,2020-01-10 16:15:00,2020-01-10 16:15:00,NQH20.csv,727,NQH20.csv,-5.0,8981.0,8979.75,44900.0,44898.75,-1.25
43843,2,30,9008.0,6,2020-01-13,2020-01-13 02:30:00,2020-01-13 02:30:00,NQH20.csv,34,NQH20.csv,6.0,9007.25,9007.25,54048.0,54043.5,4.5
43843,4,30,9016.0,10,2020-01-13,2020-01-13 04:30:00,2020-01-13 04:30:00,NQH20.csv,150,NQH20.csv,4.0,9015.25,9015.25,36064.0,36061.0,3.0
43843,7,0,9008.0,11,2020-01-13,2020-01-13 07:00:00,2020-01-13 07:00:00,NQH20.csv,267,NQH20.csv,1.0,9007.25,9007.25,9008.0,9007.25,0.75
43843,7,5,9010.25,9,2020-01-13,2020-01-13 07:05:00,2020-01-13 07:05:00,NQH20.csv,170,NQH20.csv,-2.0,9011.25,9011.25,18020.5,18022.5,2.0
43843,7,30,9014.5,10,2020-01-13,2020-01-13 07:30:00,2020-01-13 07:30:00,NQH20.csv,68,NQH20.csv,1.0,9014.0,9014.0,9014.5,9014.0,0.5
43843,10,0,9033.75,9,2020-01-13,2020-01-13 10:00:00,2020-01-13 10:00:00,NQH20.csv,1168,NQH20.csv,-1.0,9034.75,9034.75,9033.75,9034.75,1.0
43843,12,0,9058.0,11,2020-01-13,2020-01-13 12:00:00,2020-01-13 12:00:00,NQH20.csv,1709,NQH20.csv,2.0,9057.0,9060.25,18116.0,18120.5,-4.5
43843,12,5,9061.75,10,2020-01-13,2020-01-13 12:05:00,2020-01-13 12:05:00,NQH20.csv,779,NQH20.csv,-1.0,9063.0,9063.0,9061.75,9063.0,1.25
43843,14,0,9065.0,11,2020-01-13,2020-01-13 14:00:00,2020-01-13 14:00:00,NQH20.csv,398,NQH20.csv,1.0,9064.25,9064.25,9065.0,9064.25,0.75
43843,15,35,9073.0,9,2020-01-13,2020-01-13 15:35:00,2020-01-13 15:35:00,NQH20.csv,323,NQH20.csv,-2.0,9074.0,9074.0,18146.0,18148.0,2.0
43843,16,0,9085.0,10,2020-01-13,2020-01-13 16:00:00,2020-01-13 16:00:00,NQH20.csv,1634,NQH20.csv,1.0,9084.0,9084.0,9085.0,9084.0,1.0
43844,2,30,9078.5,2,2020-01-14,2020-01-14 02:30:00,2020-01-14 02:30:00,NQH20.csv,67,NQH20.csv,-8.0,9079.0,9079.0,72628.0,72632.0,4.0
43844,6,0,9076.25,8,2020-01-14,2020-01-14 06:00:00,2020-01-14 06:00:00,NQH20.csv,178,NQH20.csv,6.0,9075.5,9075.5,54457.5,54453.0,4.5
43844,8,0,9078.0,2,2020-01-14,2020-01-14 08:00:00,2020-01-14 08:00:00,NQH20.csv,176,NQH20.csv,-6.0,9079.0,9079.0,54468.0,54474.0,6.0
43844,9,15,9082.5,-1,2020-01-14,2020-01-14 09:15:00,2020-01-14 09:15:00,NQH20.csv,174,NQH20.csv,-3.0,9083.5,9083.5,27247.5,27250.5,3.0
43844,9,45,9061.5,1,2020-01-14,2020-01-14 09:45:00,2020-01-14 09:45:00,NQH20.csv,1979,NQH20.csv,2.0,9060.25,9060.25,18123.0,18120.5,2.5
43844,10,0,9041.75,3,2020-01-14,2020-01-14 10:00:00,2020-01-14 10:00:00,NQH20.csv,3692,NQH20.csv,2.0,9040.5,9040.5,18083.5,18081.0,2.5
43844,10,15,9069.0,4,2020-01-14,2020-01-14 10:15:00,2020-01-14 10:15:00,NQH20.csv,1383,NQH20.csv,1.0,9068.0,9068.0,9069.0,9068.0,1.0
43844,12,0,9077.0,7,2020-01-14,2020-01-14 12:00:00,2020-01-14 12:00:00,NQH20.csv,566,NQH20.csv,3.0,9076.0,9076.0,27231.0,27228.0,3.0
43844,15,0,9060.5,1,2020-01-14,2020-01-14 15:00:00,2020-01-14 15:00:00,NQH20.csv,1042,NQH20.csv,-6.0,9061.5,9061.5,54363.0,54369.0,6.0
43844,15,45,9060.75,4,2020-01-14,2020-01-14 15:45:00,2020-01-14 15:45:00,NQH20.csv,1014,NQH20.csv,3.0,9059.75,9059.75,27182.25,27179.25,3.0
43844,16,0,9049.75,2,2020-01-14,2020-01-14 16:00:00,2020-01-14 16:00:00,NQH20.csv,1836,NQH20.csv,-2.0,9050.75,9050.75,18099.5,18101.5,2.0
43845,2,30,9054.25,10,2020-01-15,2020-01-15 02:30:00,2020-01-15 02:30:00,NQH20.csv,101,NQH20.csv,8.0,9053.25,9053.25,72434.0,72426.0,8.0
43845,6,0,9054.5,11,2020-01-15,2020-01-15 06:00:00,2020-01-15 06:00:00,NQH20.csv,268,NQH20.csv,1.0,9053.75,9053.75,9054.5,9053.75,0.75
43845,8,0,9070.5,10,2020-01-15,2020-01-15 08:00:00,2020-01-15 08:00:00,NQH20.csv,208,NQH20.csv,-1.0,9071.5,9071.5,9070.5,9071.5,1.0
43845,9,15,9052.0,9,2020-01-15,2020-01-15 09:15:00,2020-01-15 09:15:00,NQH20.csv,280,NQH20.csv,-1.0,9053.0,9053.0,9052.0,9053.0,1.0
43845,10,15,9079.75,10,2020-01-15,2020-01-15 10:15:00,2020-01-15 10:15:00,NQH20.csv,1277,NQH20.csv,1.0,9078.5,9078.5,9079.75,9078.5,1.25
43845,10,30,9080.75,11,2020-01-15,2020-01-15 10:30:00,2020-01-15 10:30:00,NQH20.csv,1498,NQH20.csv,1.0,9079.75,9079.75,9080.75,9079.75,1.0
43845,10,35,9081.5,10,2020-01-15,2020-01-15 10:35:00,2020-01-15 10:35:00,NQH20.csv,809,NQH20.csv,-1.0,9082.75,9082.75,9081.5,9082.75,1.25
43845,13,0,9065.25,11,2020-01-15,2020-01-15 13:00:00,2020-01-15 13:00:00,NQH20.csv,1766,NQH20.csv,1.0,9064.5,9064.5,9065.25,9064.5,0.75
43845,13,5,9064.5,9,2020-01-15,2020-01-15 13:05:00,2020-01-15 13:05:00,NQH20.csv,1239,NQH20.csv,-2.0,9065.5,9065.5,18129.0,18131.0,2.0
43845,13,30,9062.5,10,2020-01-15,2020-01-15 13:30:00,2020-01-15 13:30:00,NQH20.csv,387,NQH20.csv,1.0,9061.75,9061.75,9062.5,9061.75,0.75
43845,14,0,9052.25,11,2020-01-15,2020-01-15 14:00:00,2020-01-15 14:00:00,NQH20.csv,1353,NQH20.csv,1.0,9051.5,9051.5,9052.25,9051.5,0.75
43845,15,50,9044.25,9,2020-01-15,2020-01-15 15:50:00,2020-01-15 15:50:00,NQH20.csv,1839,NQH20.csv,-2.0,9045.5,9045.5,18088.5,18091.0,2.5
43845,16,0,9053.0,10,2020-01-15,2020-01-15 16:00:00,2020-01-15 16:00:00,NQH20.csv,2277,NQH20.csv,1.0,9052.0,9055.75,9053.0,9055.75,-2.75
43846,2,30,9082.25,6,2020-01-16,2020-01-16 02:30:00,2020-01-16 02:30:00,NQH20.csv,56,NQH20.csv,-4.0,9082.75,9082.75,36329.0,36331.0,2.0
43846,4,30,9092.5,3,2020-01-16,2020-01-16 04:30:00,2020-01-16 04:30:00,NQH20.csv,187,NQH20.csv,-3.0,9093.5,9093.5,27277.5,27280.5,3.0
43846,10,30,9106.75,4,2020-01-16,2020-01-16 10:30:00,2020-01-16 10:30:00,NQH20.csv,756,NQH20.csv,1.0,9105.5,9105.5,9106.75,9105.5,1.25
43846,11,15,9086.5,8,2020-01-16,2020-01-16 11:15:00,2020-01-16 11:15:00,NQH20.csv,1906,NQH20.csv,4.0,9085.25,9085.25,36346.0,36341.0,5.0
43846,11,45,9093.25,4,2020-01-16,2020-01-16 11:45:00,2020-01-16 11:45:00,NQH20.csv,768,NQH20.csv,-4.0,9094.25,9094.25,36373.0,36377.0,4.0
43846,12,0,9094.25,5,2020-01-16,2020-01-16 12:00:00,2020-01-16 12:00:00,NQH20.csv,507,NQH20.csv,1.0,9093.5,9098.25,9094.25,9098.25,-4.0
43846,12,30,9090.75,4,2020-01-16,2020-01-16 12:30:00,2020-01-16 12:30:00,NQH20.csv,597,NQH20.csv,-1.0,9091.75,9091.75,9090.75,9091.75,1.0
43846,14,30,9110.25,5,2020-01-16,2020-01-16 14:30:00,2020-01-16 14:30:00,NQH20.csv,227,NQH20.csv,1.0,9109.25,9109.25,9110.25,9109.25,1.0
43846,15,45,9122.75,6,2020-01-16,2020-01-16 15:45:00,2020-01-16 15:45:00,NQH20.csv,1065,NQH20.csv,1.0,9121.75,9121.75,9122.75,9121.75,1.0
43846,16,0,9137.25,3,2020-01-16,2020-01-16 16:00:00,2020-01-16 16:00:00,NQH20.csv,1980,NQH20.csv,-3.0,9138.5,9138.5,27411.75,27415.5,3.75
43847,2,30,9143.75,6,2020-01-17,2020-01-17 02:30:00,2020-01-17 02:30:00,NQH20.csv,70,NQH20.csv,3.0,9142.75,9142.75,27431.25,27428.25,3.0
43847,4,30,9157.75,3,2020-01-17,2020-01-17 04:30:00,2020-01-17 04:30:00,NQH20.csv,254,NQH20.csv,-3.0,9158.5,9158.5,27473.25,27475.5,2.25
43847,9,45,9147.75,4,2020-01-17,2020-01-17 09:45:00,2020-01-17 09:45:00,NQH20.csv,1478,NQH20.csv,1.0,9146.5,9146.5,9147.75,9146.5,1.25
43847,10,15,9150.75,3,2020-01-17,2020-01-17 10:15:00,2020-01-17 10:15:00,NQH20.csv,1185,NQH20.csv,-1.0,9151.75,9151.75,9150.75,9151.75,1.0
43847,10,30,9164.0,4,2020-01-17,2020-01-17 10:30:00,2020-01-17 10:30:00,NQH20.csv,697,NQH20.csv,1.0,9163.0,9163.0,9164.0,9163.0,1.0
43847,11,15,9131.25,8,2020-01-17,2020-01-17 11:15:00,2020-01-17 11:15:00,NQH20.csv,1974,NQH20.csv,4.0,9130.0,9130.0,36525.0,36520.0,5.0
43847,11,45,9144.25,4,2020-01-17,2020-01-17 11:45:00,2020-01-17 11:45:00,NQH20.csv,974,NQH20.csv,-4.0,9145.25,9145.25,36577.0,36581.0,4.0
43847,12,30,9156.25,3,2020-01-17,2020-01-17 12:30:00,2020-01-17 12:30:00,NQH20.csv,978,NQH20.csv,-1.0,9157.25,9151.75,9156.25,9151.75,-4.5
43847,14,30,9156.75,6,2020-01-17,2020-01-17 14:30:00,2020-01-17 14:30:00,NQH20.csv,297,NQH20.csv,3.0,9156.0,9157.5,27470.25,27472.5,-2.25
43847,15,0,9159.5,9,2020-01-17,2020-01-17 15:00:00,2020-01-17 15:00:00,NQH20.csv,449,NQH20.csv,3.0,9158.5,9158.5,27478.5,27475.5,3.0
43847,16,0,9181.5,3,2020-01-17,2020-01-17 16:00:00,2020-01-17 16:00:00,NQH20.csv,2714,NQH20.csv,-6.0,9182.75,9182.75,55089.0,55096.5,7.5
43847,16,15,9174.0,0,2020-01-17,2020-01-17 16:15:00,2020-01-17 16:15:00,NQH20.csv,832,NQH20.csv,-3.0,9175.0,9173.5,27522.0,27520.5,-1.5
43850,6,0,9162.0,6,2020-01-20,2020-01-20 06:00:00,2020-01-20 06:00:00,NQH20.csv,13,NQH20.csv,6.0,9161.25,9163.75,54972.0,54982.5,-10.5
43850,8,0,9166.75,0,2020-01-20,2020-01-20 08:00:00,2020-01-20 08:00:00,NQH20.csv,65,NQH20.csv,-6.0,9167.5,9163.0,55000.5,54978.0,-22.5
43850,9,15,9166.5,3,2020-01-20,2020-01-20 09:15:00,2020-01-20 09:15:00,NQH20.csv,18,NQH20.csv,3.0,9165.75,9165.75,27499.5,27497.25,2.25
43850,10,15,9170.25,0,2020-01-20,2020-01-20 10:15:00,2020-01-20 10:15:00,NQH20.csv,45,NQH20.csv,-3.0,9171.0,9170.0,27510.75,27510.0,-0.75
43850,10,30,9170.25,5,2020-01-20,2020-01-20 10:30:00,2020-01-20 10:30:00,NQH20.csv,77,NQH20.csv,5.0,9169.5,9169.5,45851.25,45847.5,3.75
43850,12,0,9172.75,6,2020-01-20,2020-01-20 12:00:00,2020-01-20 12:00:00,NQH20.csv,114,NQH20.csv,1.0,9172.0,9175.5,9172.75,9175.5,-2.75
43850,12,30,9175.75,1,2020-01-20,2020-01-20 12:30:00,2020-01-20 12:30:00,NQH20.csv,13,NQH20.csv,-5.0,9176.5,9175.25,45878.75,45876.25,-2.5
43850,16,0,9175.75,0,2020-01-20,2020-01-20 16:00:00,2020-01-20 16:00:00,NQH20.csv,331,NQH20.csv,-1.0,9176.5,9176.25,9175.75,9176.25,0.5
43851,2,30,9134.75,3,2020-01-21,2020-01-21 02:30:00,2020-01-21 02:30:00,NQH20.csv,112,NQH20.csv,3.0,9134.0,9134.0,27404.25,27402.0,2.25
43851,6,45,9137.0,6,2020-01-21,2020-01-21 06:45:00,2020-01-21 06:45:00,NQH20.csv,141,NQH20.csv,3.0,9136.25,9136.25,27411.0,27408.75,2.25
43851,7,15,9138.25,3,2020-01-21,2020-01-21 07:15:00,2020-01-21 07:15:00,NQH20.csv,48,NQH20.csv,-3.0,9139.0,9139.0,27414.75,27417.0,2.25
43851,9,15,9146.75,1,2020-01-21,2020-01-21 09:15:00,2020-01-21 09:15:00,NQH20.csv,255,NQH20.csv,-2.0,9147.5,9147.5,18293.5,18295.0,1.5
43851,10,15,9175.5,3,2020-01-21,2020-01-21 10:15:00,2020-01-21 10:15:00,NQH20.csv,1088,NQH20.csv,2.0,9174.25,9174.25,18351.0,18348.5,2.5
43851,10,30,9172.5,7,2020-01-21,2020-01-21 10:30:00,2020-01-21 10:30:00,NQH20.csv,881,NQH20.csv,4.0,9171.5,9171.5,36690.0,36686.0,4.0
43851,12,30,9192.75,3,2020-01-21,2020-01-21 12:30:00,2020-01-21 12:30:00,NQH20.csv,381,NQH20.csv,-4.0,9193.75,9193.75,36771.0,36775.0,4.0
43851,15,30,9185.25,4,2020-01-21,2020-01-21 15:30:00,2020-01-21 15:30:00,NQH20.csv,753,NQH20.csv,1.0,9184.25,9184.25,9185.25,9184.25,1.0
43851,15,45,9181.0,9,2020-01-21,2020-01-21 15:45:00,2020-01-21 15:45:00,NQH20.csv,502,NQH20.csv,5.0,9180.25,9180.25,45905.0,45901.25,3.75
43851,16,0,9179.0,3,2020-01-21,2020-01-21 16:00:00,2020-01-21 16:00:00,NQH20.csv,3851,NQH20.csv,-6.0,9180.0,9180.0,55074.0,55080.0,6.0
43852,10,0,9241.5,5,2020-01-22,2020-01-22 10:00:00,2020-01-22 10:00:00,NQH20.csv,1279,NQH20.csv,2.0,9240.5,9240.5,18483.0,18481.0,2.0
43852,10,30,9243.5,6,2020-01-22,2020-01-22 10:30:00,2020-01-22 10:30:00,NQH20.csv,1126,NQH20.csv,1.0,9242.5,9242.5,9243.5,9242.5,1.0
43852,12,0,9230.75,7,2020-01-22,2020-01-22 12:00:00,2020-01-22 12:00:00,NQH20.csv,1243,NQH20.csv,1.0,9229.5,9229.5,9230.75,9229.5,1.25
43852,12,30,9224.25,6,2020-01-22,2020-01-22 12:30:00,2020-01-22 12:30:00,NQH20.csv,607,NQH20.csv,-1.0,9225.25,9225.25,9224.25,9225.25,1.0
43852,12,45,9233.75,10,2020-01-22,2020-01-22 12:45:00,2020-01-22 12:45:00,NQH20.csv,654,NQH20.csv,4.0,9232.75,9237.25,36935.0,36949.0,-14.0
43852,13,15,9243.0,6,2020-01-22,2020-01-22 13:15:00,2020-01-22 13:15:00,NQH20.csv,833,NQH20.csv,-4.0,9244.0,9244.0,36972.0,36976.0,4.0
43852,14,0,9228.25,4,2020-01-22,2020-01-22 14:00:00,2020-01-22 14:00:00,NQH20.csv,965,NQH20.csv,-2.0,9229.25,9229.25,18456.5,18458.5,2.0
43852,15,0,9228.25,7,2020-01-22,2020-01-22 15:00:00,2020-01-22 15:00:00,NQH20.csv,805,NQH20.csv,3.0,9227.25,9227.25,27684.75,27681.75,3.0
43852,15,45,9202.0,11,2020-01-22,2020-01-22 15:45:00,2020-01-22 15:45:00,NQH20.csv,1541,NQH20.csv,4.0,9200.75,9200.75,36808.0,36803.0,5.0
43852,16,0,9199.5,3,2020-01-22,2020-01-22 16:00:00,2020-01-22 16:00:00,NQH20.csv,2329,NQH20.csv,-8.0,9200.5,9200.5,73596.0,73604.0,8.0
43853,2,30,9191.25,9,2020-01-23,2020-01-23 02:30:00,2020-01-23 02:30:00,NQH20.csv,466,NQH20.csv,6.0,9190.5,9195.5,55147.5,55173.0,-25.5
43853,10,0,9188.75,11,2020-01-23,2020-01-23 10:00:00,2020-01-23 10:00:00,NQH20.csv,1812,NQH20.csv,2.0,9187.75,9187.75,18377.5,18375.5,2.0
43853,11,20,9186.75,10,2020-01-23,2020-01-23 11:20:00,2020-01-23 11:20:00,NQH20.csv,899,NQH20.csv,-1.0,9187.75,9187.75,9186.75,9187.75,1.0
43853,11,45,9189.25,11,2020-01-23,2020-01-23 11:45:00,2020-01-23 11:45:00,NQH20.csv,752,NQH20.csv,1.0,9188.0,9188.0,9189.25,9188.0,1.25
43853,12,0,9192.25,10,2020-01-23,2020-01-23 12:00:00,2020-01-23 12:00:00,NQH20.csv,799,NQH20.csv,-1.0,9193.5,9193.5,9192.25,9193.5,1.25
43853,14,0,9212.25,8,2020-01-23,2020-01-23 14:00:00,2020-01-23 14:00:00,NQH20.csv,1039,NQH20.csv,-2.0,9213.25,9213.25,18424.5,18426.5,2.0
43853,15,30,9226.75,11,2020-01-23,2020-01-23 15:30:00,2020-01-23 15:30:00,NQH20.csv,1218,NQH20.csv,3.0,9225.75,9225.75,27680.25,27677.25,3.0
43853,15,35,9228.25,10,2020-01-23,2020-01-23 15:35:00,2020-01-23 15:35:00,NQH20.csv,550,NQH20.csv,-1.0,9229.25,9225.75,9228.25,9225.75,-2.5
43853,15,45,9225.75,9,2020-01-23,2020-01-23 15:45:00,2020-01-23 15:45:00,NQH20.csv,1145,NQH20.csv,-1.0,9226.75,9226.75,9225.75,9226.75,1.0
43854,2,30,9260.25,4,2020-01-24,2020-01-24 02:30:00,2020-01-24 02:30:00,NQH20.csv,105,NQH20.csv,-5.0,9261.0,9261.0,46301.25,46305.0,3.75
43854,4,30,9283.75,0,2020-01-24,2020-01-24 04:30:00,2020-01-24 04:30:00,NQH20.csv,245,NQH20.csv,-4.0,9284.5,9284.5,37135.0,37138.0,3.0
43854,9,45,9271.0,2,2020-01-24,2020-01-24 09:45:00,2020-01-24 09:45:00,NQH20.csv,1866,NQH20.csv,2.0,9269.75,9269.75,18542.0,18539.5,2.5
43854,10,0,9268.75,4,2020-01-24,2020-01-24 10:00:00,2020-01-24 10:00:00,NQH20.csv,2112,NQH20.csv,2.0,9267.75,9267.75,18537.5,18535.5,2.0
43854,10,15,9262.5,2,2020-01-24,2020-01-24 10:15:00,2020-01-24 10:15:00,NQH20.csv,1219,NQH20.csv,-2.0,9263.75,9263.75,18525.0,18527.5,2.5
43854,10,30,9232.5,8,2020-01-24,2020-01-24 10:30:00,2020-01-24 10:30:00,NQH20.csv,2831,NQH20.csv,6.0,9231.25,9231.25,55395.0,55387.5,7.5
43854,10,45,9236.75,9,2020-01-24,2020-01-24 10:45:00,2020-01-24 10:45:00,NQH20.csv,1702,NQH20.csv,1.0,9235.5,9235.5,9236.75,9235.5,1.25
43854,11,15,9250.0,8,2020-01-24,2020-01-24 11:15:00,2020-01-24 11:15:00,NQH20.csv,809,NQH20.csv,-1.0,9251.0,9251.0,9250.0,9251.0,1.0
43854,12,0,9206.25,10,2020-01-24,2020-01-24 12:00:00,2020-01-24 12:00:00,NQH20.csv,2100,NQH20.csv,2.0,9205.0,9205.0,18412.5,18410.0,2.5
43854,12,30,9177.5,2,2020-01-24,2020-01-24 12:30:00,2020-01-24 12:30:00,NQH20.csv,2757,NQH20.csv,-8.0,9178.5,9178.5,73420.0,73428.0,8.0
43854,13,15,9174.5,-1,2020-01-24,2020-01-24 13:15:00,2020-01-24 13:15:00,NQH20.csv,1253,NQH20.csv,-3.0,9175.5,9175.5,27523.5,27526.5,3.0
43854,13,45,9156.5,2,2020-01-24,2020-01-24 13:45:00,2020-01-24 13:45:00,NQH20.csv,979,NQH20.csv,3.0,9155.25,9155.25,27469.5,27465.75,3.75
43854,14,0,9150.0,6,2020-01-24,2020-01-24 14:00:00,2020-01-24 14:00:00,NQH20.csv,1536,NQH20.csv,4.0,9148.75,9148.75,36600.0,36595.0,5.0
43854,14,30,9119.25,9,2020-01-24,2020-01-24 14:30:00,2020-01-24 14:30:00,NQH20.csv,2303,NQH20.csv,3.0,9118.0,9128.5,27357.75,27385.5,-27.75
43854,15,45,9133.5,11,2020-01-24,2020-01-24 15:45:00,2020-01-24 15:45:00,NQH20.csv,2588,NQH20.csv,2.0,9132.25,9132.25,18267.0,18264.5,2.5
43854,15,50,9142.25,10,2020-01-24,2020-01-24 15:50:00,2020-01-24 15:50:00,NQH20.csv,2000,NQH20.csv,-1.0,9143.25,9143.25,9142.25,9143.25,1.0
43854,16,0,9152.0,0,2020-01-24,2020-01-24 16:00:00,2020-01-24 16:00:00,NQH20.csv,2450,NQH20.csv,-10.0,9153.25,9153.25,91520.0,91532.5,12.5
43857,2,30,9027.25,6,2020-01-27,2020-01-27 02:30:00,2020-01-27 02:30:00,NQH20.csv,119,NQH20.csv,6.0,9026.5,9026.5,54163.5,54159.0,4.5
43857,9,15,8966.0,8,2020-01-27,2020-01-27 09:15:00,2020-01-27 09:15:00,NQH20.csv,774,NQH20.csv,2.0,8965.0,8965.0,17932.0,17930.0,2.0
43857,10,0,8985.5,9,2020-01-27,2020-01-27 10:00:00,2020-01-27 10:00:00,NQH20.csv,1898,NQH20.csv,1.0,8984.5,8984.5,8985.5,8984.5,1.0
43857,10,15,8969.5,7,2020-01-27,2020-01-27 10:15:00,2020-01-27 10:15:00,NQH20.csv,1937,NQH20.csv,-2.0,8970.75,8970.75,17939.0,17941.5,2.5
43857,10,30,8989.0,9,2020-01-27,2020-01-27 10:30:00,2020-01-27 10:30:00,NQH20.csv,1743,NQH20.csv,2.0,8987.75,8987.75,17978.0,17975.5,2.5
43857,12,30,8998.0,1,2020-01-27,2020-01-27 12:30:00,2020-01-27 12:30:00,NQH20.csv,943,NQH20.csv,-8.0,8999.0,8999.0,71984.0,71992.0,8.0
43857,13,0,8995.25,7,2020-01-27,2020-01-27 13:00:00,2020-01-27 13:00:00,NQH20.csv,978,NQH20.csv,6.0,8994.0,8994.0,53971.5,53964.0,7.5
43857,14,0,8995.5,6,2020-01-27,2020-01-27 14:00:00,2020-01-27 14:00:00,NQH20.csv,976,NQH20.csv,-1.0,8996.5,8989.5,8995.5,8989.5,-6.0
43857,14,30,9007.5,7,2020-01-27,2020-01-27 14:30:00,2020-01-27 14:30:00,NQH20.csv,845,NQH20.csv,1.0,9006.5,9006.5,9007.5,9006.5,1.0
43857,15,45,8968.5,1,2020-01-27,2020-01-27 15:45:00,2020-01-27 15:45:00,NQH20.csv,1457,NQH20.csv,-6.0,8969.5,8969.5,53811.0,53817.0,6.0
43857,16,0,8961.0,6,2020-01-27,2020-01-27 16:00:00,2020-01-27 16:00:00,NQH20.csv,2468,NQH20.csv,5.0,8959.75,8959.75,44805.0,44798.75,6.25
43858,2,30,9037.0,-1,2020-01-28,2020-01-28 02:30:00,2020-01-28 02:30:00,NQH20.csv,285,NQH20.csv,-7.0,9037.75,9037.75,63259.0,63264.25,5.25
43858,3,30,9017.25,3,2020-01-28,2020-01-28 03:30:00,2020-01-28 03:30:00,NQH20.csv,308,NQH20.csv,4.0,9016.5,9016.5,36069.0,36066.0,3.0
43858,4,30,8983.25,9,2020-01-28,2020-01-28 04:30:00,2020-01-28 04:30:00,NQH20.csv,302,NQH20.csv,6.0,8982.25,8992.0,53899.5,53952.0,-52.5
43858,5,30,8987.0,6,2020-01-28,2020-01-28 05:30:00,2020-01-28 05:30:00,NQH20.csv,337,NQH20.csv,-3.0,8987.75,8987.75,26961.0,26963.25,2.25
43858,6,0,8993.25,5,2020-01-28,2020-01-28 06:00:00,2020-01-28 06:00:00,NQH20.csv,198,NQH20.csv,-1.0,8994.0,8992.25,8993.25,8992.25,-1.0
43858,9,15,9027.25,2,2020-01-28,2020-01-28 09:15:00,2020-01-28 09:15:00,NQH20.csv,535,NQH20.csv,-3.0,9028.25,9028.25,27081.75,27084.75,3.0
43858,9,45,9013.75,-1,2020-01-28,2020-01-28 09:45:00,2020-01-28 09:45:00,NQH20.csv,2015,NQH20.csv,-3.0,9015.0,9015.0,27041.25,27045.0,3.75
43858,10,0,9019.25,2,2020-01-28,2020-01-28 10:00:00,2020-01-28 10:00:00,NQH20.csv,4045,NQH20.csv,3.0,9018.0,9018.0,27057.75,27054.0,3.75
43858,10,15,9037.5,8,2020-01-28,2020-01-28 10:15:00,2020-01-28 10:15:00,NQH20.csv,1388,NQH20.csv,6.0,9036.25,9036.25,54225.0,54217.5,7.5
43858,10,30,9050.75,10,2020-01-28,2020-01-28 10:30:00,2020-01-28 10:30:00,NQH20.csv,1947,NQH20.csv,2.0,9049.5,9049.5,18101.5,18099.0,2.5
43858,11,0,9074.0,8,2020-01-28,2020-01-28 11:00:00,2020-01-28 11:00:00,NQH20.csv,1251,NQH20.csv,-2.0,9075.0,9067.25,18148.0,18134.5,-13.5
43858,14,0,9101.75,5,2020-01-28,2020-01-28 14:00:00,2020-01-28 14:00:00,NQH20.csv,1209,NQH20.csv,-3.0,9102.75,9102.75,27305.25,27308.25,3.0
43858,15,30,9119.0,-1,2020-01-28,2020-01-28 15:30:00,2020-01-28 15:30:00,NQH20.csv,1097,NQH20.csv,-6.0,9120.0,9110.25,54714.0,54661.5,-52.5
43858,15,45,9109.5,-3,2020-01-28,2020-01-28 15:45:00,2020-01-28 15:45:00,NQH20.csv,1229,NQH20.csv,-2.0,9110.5,9110.5,18219.0,18221.0,2.0
43858,16,0,9097.75,5,2020-01-28,2020-01-28 16:00:00,2020-01-28 16:00:00,NQH20.csv,2513,NQH20.csv,8.0,9096.5,9096.5,72782.0,72772.0,10.0
43859,2,30,9125.5,6,2020-01-29,2020-01-29 02:30:00,2020-01-29 02:30:00,NQH20.csv,95,NQH20.csv,1.0,9124.75,9129.0,9125.5,9129.0,-3.5
43859,6,0,9144.5,1,2020-01-29,2020-01-29 06:00:00,2020-01-29 06:00:00,NQH20.csv,450,NQH20.csv,-5.0,9145.25,9145.25,45722.5,45726.25,3.75
43859,8,0,9145.75,6,2020-01-29,2020-01-29 08:00:00,2020-01-29 08:00:00,NQH20.csv,291,NQH20.csv,5.0,9145.0,9145.0,45728.75,45725.0,3.75
43859,9,15,9144.25,1,2020-01-29,2020-01-29 09:15:00,2020-01-29 09:15:00,NQH20.csv,108,NQH20.csv,-5.0,9145.0,9145.0,45721.25,45725.0,3.75
43859,10,15,9083.25,6,2020-01-29,2020-01-29 10:15:00,2020-01-29 10:15:00,NQH20.csv,2347,NQH20.csv,5.0,9082.0,9082.0,45416.25,45410.0,6.25
43859,10,30,9096.0,7,2020-01-29,2020-01-29 10:30:00,2020-01-29 10:30:00,NQH20.csv,1424,NQH20.csv,1.0,9094.75,9094.75,9096.0,9094.75,1.25
43859,12,30,9133.75,6,2020-01-29,2020-01-29 12:30:00,2020-01-29 12:30:00,NQH20.csv,641,NQH20.csv,-1.0,9134.75,9130.0,9133.75,9130.0,-3.75
43859,14,0,9138.5,8,2020-01-29,2020-01-29 14:00:00,2020-01-29 14:00:00,NQH20.csv,1956,NQH20.csv,2.0,9137.5,9137.5,18277.0,18275.0,2.0
43859,15,0,9145.5,2,2020-01-29,2020-01-29 15:00:00,2020-01-29 15:00:00,NQH20.csv,978,NQH20.csv,-6.0,9146.5,9146.5,54873.0,54879.0,6.0
43859,15,30,9136.25,9,2020-01-29,2020-01-29 15:30:00,2020-01-29 15:30:00,NQH20.csv,1290,NQH20.csv,7.0,9135.0,9135.0,63953.75,63945.0,8.75
43859,16,0,9110.25,6,2020-01-29,2020-01-29 16:00:00,2020-01-29 16:00:00,NQH20.csv,2407,NQH20.csv,-3.0,9111.5,9111.5,27330.75,27334.5,3.75
43860,3,30,9028.25,8,2020-01-30,2020-01-30 03:30:00,2020-01-30 03:30:00,NQH20.csv,484,NQH20.csv,2.0,9027.25,9027.25,18056.5,18054.5,2.0
43860,5,30,9041.25,7,2020-01-30,2020-01-30 05:30:00,2020-01-30 05:30:00,NQH20.csv,397,NQH20.csv,-1.0,9042.0,9042.0,9041.25,9042.0,0.75
43860,6,0,9041.5,6,2020-01-30,2020-01-30 06:00:00,2020-01-30 06:00:00,NQH20.csv,136,NQH20.csv,-1.0,9042.25,9042.25,9041.5,9042.25,0.75
43860,6,15,9029.75,9,2020-01-30,2020-01-30 06:15:00,2020-01-30 06:15:00,NQH20.csv,552,NQH20.csv,3.0,9029.0,9029.0,27089.25,27087.0,2.25
43860,6,45,9032.75,-2,2020-01-30,2020-01-30 06:45:00,2020-01-30 06:45:00,NQH20.csv,218,NQH20.csv,-11.0,9033.5,9033.5,99360.25,99368.5,8.25
43860,7,15,9044.0,6,2020-01-30,2020-01-30 07:15:00,2020-01-30 07:15:00,NQH20.csv,148,NQH20.csv,8.0,9043.25,9043.25,72352.0,72346.0,6.0
43860,9,15,9063.75,8,2020-01-30,2020-01-30 09:15:00,2020-01-30 09:15:00,NQH20.csv,736,NQH20.csv,2.0,9062.75,9062.75,18127.5,18125.5,2.0
43860,9,45,9106.75,7,2020-01-30,2020-01-30 09:45:00,2020-01-30 09:45:00,NQH20.csv,3375,NQH20.csv,-1.0,9107.75,9107.75,9106.75,9107.75,1.0
43860,10,0,9085.75,8,2020-01-30,2020-01-30 10:00:00,2020-01-30 10:00:00,NQH20.csv,2376,NQH20.csv,1.0,9084.5,9084.5,9085.75,9084.5,1.25
43860,10,15,9093.25,7,2020-01-30,2020-01-30 10:15:00,2020-01-30 10:15:00,NQH20.csv,2145,NQH20.csv,-1.0,9094.5,9094.5,9093.25,9094.5,1.25
43860,10,45,9048.25,1,2020-01-30,2020-01-30 10:45:00,2020-01-30 10:45:00,NQH20.csv,3068,NQH20.csv,-6.0,9049.5,9049.5,54289.5,54297.0,7.5
43860,11,15,9056.5,7,2020-01-30,2020-01-30 11:15:00,2020-01-30 11:15:00,NQH20.csv,1399,NQH20.csv,6.0,9055.25,9055.25,54339.0,54331.5,7.5
43860,11,45,9075.75,6,2020-01-30,2020-01-30 11:45:00,2020-01-30 11:45:00,NQH20.csv,978,NQH20.csv,-1.0,9076.75,9076.75,9075.75,9076.75,1.0
43860,12,15,9069.0,11,2020-01-30,2020-01-30 12:15:00,2020-01-30 12:15:00,NQH20.csv,707,NQH20.csv,5.0,9068.0,9068.0,45345.0,45340.0,5.0
43860,12,30,9056.25,10,2020-01-30,2020-01-30 12:30:00,2020-01-30 12:30:00,NQH20.csv,863,NQH20.csv,-1.0,9057.25,9057.25,9056.25,9057.25,1.0
43860,12,45,9043.25,6,2020-01-30,2020-01-30 12:45:00,2020-01-30 12:45:00,NQH20.csv,1856,NQH20.csv,-4.0,9044.5,9042.25,36173.0,36169.0,-4.0
43860,13,0,9045.5,-1,2020-01-30,2020-01-30 13:00:00,2020-01-30 13:00:00,NQH20.csv,1021,NQH20.csv,-7.0,9046.75,9046.75,63318.5,63327.25,8.75
43860,13,30,9051.75,6,2020-01-30,2020-01-30 13:30:00,2020-01-30 13:30:00,NQH20.csv,821,NQH20.csv,7.0,9050.75,9050.75,63362.25,63355.25,7.0
43860,14,30,9079.5,7,2020-01-30,2020-01-30 14:30:00,2020-01-30 14:30:00,NQH20.csv,1001,NQH20.csv,1.0,9078.5,9078.5,9079.5,9078.5,1.0
43860,15,0,9102.75,0,2020-01-30,2020-01-30 15:00:00,2020-01-30 15:00:00,NQH20.csv,2387,NQH20.csv,-7.0,9103.75,9103.75,63719.25,63726.25,7.0
43860,15,30,9114.25,3,2020-01-30,2020-01-30 15:30:00,2020-01-30 15:30:00,NQH20.csv,2318,NQH20.csv,3.0,9113.0,9113.0,27342.75,27339.0,3.75
43860,15,45,9130.75,6,2020-01-30,2020-01-30 15:45:00,2020-01-30 15:45:00,NQH20.csv,1560,NQH20.csv,3.0,9129.5,9129.5,27392.25,27388.5,3.75
43861,2,30,9212.0,0,2020-01-31,2020-01-31 02:30:00,2020-01-31 02:30:00,NQH20.csv,241,NQH20.csv,-6.0,9212.75,9212.75,55272.0,55276.5,4.5
43861,3,30,9189.0,-1,2020-01-31,2020-01-31 03:30:00,2020-01-31 03:30:00,NQH20.csv,111,NQH20.csv,-1.0,9189.75,9182.25,9189.0,9182.25,-6.75
43861,5,30,9153.0,0,2020-01-31,2020-01-31 05:30:00,2020-01-31 05:30:00,NQH20.csv,552,NQH20.csv,1.0,9152.0,9152.0,9153.0,9152.0,1.0
43861,6,0,9158.5,3,2020-01-31,2020-01-31 06:00:00,2020-01-31 06:00:00,NQH20.csv,204,NQH20.csv,3.0,9157.75,9157.75,27475.5,27473.25,2.25
43861,7,0,9172.0,-1,2020-01-31,2020-01-31 07:00:00,2020-01-31 07:00:00,NQH20.csv,792,NQH20.csv,-4.0,9172.75,9172.75,36688.0,36691.0,3.0
43861,7,30,9186.75,3,2020-01-31,2020-01-31 07:30:00,2020-01-31 07:30:00,NQH20.csv,663,NQH20.csv,4.0,9186.0,9193.5,36747.0,36774.0,-27.0
43861,8,0,9185.25,0,2020-01-31,2020-01-31 08:00:00,2020-01-31 08:00:00,NQH20.csv,339,NQH20.csv,-3.0,9186.0,9186.0,27555.75,27558.0,2.25
43861,9,15,9196.5,5,2020-01-31,2020-01-31 09:15:00,2020-01-31 09:15:00,NQH20.csv,546,NQH20.csv,5.0,9195.5,9195.5,45982.5,45977.5,5.0
43861,10,0,9127.25,-5,2020-01-31,2020-01-31 10:00:00,2020-01-31 10:00:00,NQH20.csv,1946,NQH20.csv,-10.0,9128.5,9128.5,91272.5,91285.0,12.5
43861,10,15,9085.0,-10,2020-01-31,2020-01-31 10:15:00,2020-01-31 10:15:00,NQH20.csv,2275,NQH20.csv,-5.0,9086.25,9086.25,45425.0,45431.25,6.25
43861,10,30,9068.5,-9,2020-01-31,2020-01-31 10:30:00,2020-01-31 10:30:00,NQH20.csv,2840,NQH20.csv,1.0,9067.25,9067.25,9068.5,9067.25,1.25
43861,11,15,9043.5,-5,2020-01-31,2020-01-31 11:15:00,2020-01-31 11:15:00,NQH20.csv,5667,NQH20.csv,4.0,9042.25,9042.25,36174.0,36169.0,5.0
43861,11,45,9049.75,-9,2020-01-31,2020-01-31 11:45:00,2020-01-31 11:45:00,NQH20.csv,3994,NQH20.csv,-4.0,9050.75,9050.75,36199.0,36203.0,4.0
43861,12,30,9052.0,-6,2020-01-31,2020-01-31 12:30:00,2020-01-31 12:30:00,NQH20.csv,1547,NQH20.csv,3.0,9051.0,9051.0,27156.0,27153.0,3.0
43861,13,45,8997.75,-7,2020-01-31,2020-01-31 13:45:00,2020-01-31 13:45:00,NQH20.csv,1721,NQH20.csv,-1.0,8999.0,8999.0,8997.75,8999.0,1.25
43861,14,0,9022.75,-1,2020-01-31,2020-01-31 14:00:00,2020-01-31 14:00:00,NQH20.csv,1564,NQH20.csv,6.0,9021.75,9035.0,54136.5,54210.0,-73.5
43861,14,15,9030.0,0,2020-01-31,2020-01-31 14:15:00,2020-01-31 14:15:00,NQH20.csv,1565,NQH20.csv,1.0,9029.0,9029.0,9030.0,9029.0,1.0
43861,14,45,9025.5,-4,2020-01-31,2020-01-31 14:45:00,2020-01-31 14:45:00,NQH20.csv,852,NQH20.csv,-4.0,9026.75,9026.75,36102.0,36107.0,5.0
43861,15,15,8999.25,0,2020-01-31,2020-01-31 15:15:00,2020-01-31 15:15:00,NQH20.csv,1960,NQH20.csv,4.0,8998.0,8998.0,35997.0,35992.0,5.0
43861,15,30,8991.5,-5,2020-01-31,2020-01-31 15:30:00,2020-01-31 15:30:00,NQH20.csv,2403,NQH20.csv,-5.0,8992.75,8992.75,44957.5,44963.75,6.25
43861,15,45,8997.5,-2,2020-01-31,2020-01-31 15:45:00,2020-01-31 15:45:00,NQH20.csv,3361,NQH20.csv,3.0,8996.5,8996.5,26992.5,26989.5,3.0
43861,16,0,8995.0,0,2020-01-31,2020-01-31 16:00:00,2020-01-31 16:00:00,NQH20.csv,2400,NQH20.csv,2.0,8993.75,8993.75,17990.0,17987.5,2.5
43864,2,30,9070.75,8,2020-02-03,2020-02-03 02:30:00,2020-02-03 02:30:00,NQH20.csv,211,NQH20.csv,8.0,9070.0,9078.5,72566.0,72628.0,-62.0
43864,3,30,9043.75,2,2020-02-03,2020-02-03 03:30:00,2020-02-03 03:30:00,NQH20.csv,280,NQH20.csv,-6.0,9045.0,9043.25,54262.5,54259.5,-3.0
43864,5,30,9039.75,8,2020-02-03,2020-02-03 05:30:00,2020-02-03 05:30:00,NQH20.csv,185,NQH20.csv,6.0,9039.0,9039.0,54238.5,54234.0,4.5
43864,6,0,9038.25,11,2020-02-03,2020-02-03 06:00:00,2020-02-03 06:00:00,NQH20.csv,144,NQH20.csv,3.0,9037.5,9053.5,27114.75,27160.5,-45.75
43864,6,5,9050.25,9,2020-02-03,2020-02-03 06:05:00,2020-02-03 06:05:00,NQH20.csv,241,NQH20.csv,-2.0,9051.0,9051.0,18100.5,18102.0,1.5
43864,8,0,9043.0,8,2020-02-03,2020-02-03 08:00:00,2020-02-03 08:00:00,NQH20.csv,441,NQH20.csv,-1.0,9043.75,9043.75,9043.0,9043.75,0.75
43864,9,15,9049.5,4,2020-02-03,2020-02-03 09:15:00,2020-02-03 09:15:00,NQH20.csv,262,NQH20.csv,-4.0,9050.75,9050.75,36198.0,36203.0,5.0
43864,9,45,9091.75,7,2020-02-03,2020-02-03 09:45:00,2020-02-03 09:45:00,NQH20.csv,5107,NQH20.csv,3.0,9090.75,9110.5,27275.25,27331.5,-56.25
43864,10,15,9141.25,8,2020-02-03,2020-02-03 10:15:00,2020-02-03 10:15:00,NQH20.csv,2028,NQH20.csv,1.0,9140.25,9140.25,9141.25,9140.25,1.0
43864,11,45,9112.5,7,2020-02-03,2020-02-03 11:45:00,2020-02-03 11:45:00,NQH20.csv,1205,NQH20.csv,-1.0,9113.75,9110.5,9112.5,9110.5,-2.0
43864,12,15,9120.0,8,2020-02-03,2020-02-03 12:15:00,2020-02-03 12:15:00,NQH20.csv,1137,NQH20.csv,1.0,9119.0,9130.75,9120.0,9130.75,-10.75
43864,12,45,9138.25,2,2020-02-03,2020-02-03 12:45:00,2020-02-03 12:45:00,NQH20.csv,1011,NQH20.csv,-6.0,9139.25,9139.25,54829.5,54835.5,6.0
43864,13,15,9115.75,8,2020-02-03,2020-02-03 13:15:00,2020-02-03 13:15:00,NQH20.csv,1144,NQH20.csv,6.0,9114.75,9114.75,54694.5,54688.5,6.0
43864,15,30,9143.5,0,2020-02-03,2020-02-03 15:30:00,2020-02-03 15:30:00,NQH20.csv,1049,NQH20.csv,-8.0,9144.5,9144.5,73148.0,73156.0,8.0
43864,16,0,9132.75,8,2020-02-03,2020-02-03 16:00:00,2020-02-03 16:00:00,NQH20.csv,1356,NQH20.csv,8.0,9131.75,9131.75,73062.0,73054.0,8.0
43865,2,30,9179.75,6,2020-02-04,2020-02-04 02:30:00,2020-02-04 02:30:00,NQH20.csv,140,NQH20.csv,-2.0,9180.5,9180.5,18359.5,18361.0,1.5
43865,3,30,9225.0,0,2020-02-04,2020-02-04 03:30:00,2020-02-04 03:30:00,NQH20.csv,597,NQH20.csv,-6.0,9226.0,9218.75,55350.0,55312.5,-37.5
43865,5,30,9226.0,6,2020-02-04,2020-02-04 05:30:00,2020-02-04 05:30:00,NQH20.csv,75,NQH20.csv,6.0,9225.25,9225.25,55356.0,55351.5,4.5
43865,9,15,9250.75,3,2020-02-04,2020-02-04 09:15:00,2020-02-04 09:15:00,NQH20.csv,895,NQH20.csv,-3.0,9251.5,9248.75,27752.25,27746.25,-6.0
43865,10,15,9254.5,6,2020-02-04,2020-02-04 10:15:00,2020-02-04 10:15:00,NQH20.csv,1644,NQH20.csv,3.0,9253.25,9253.25,27763.5,27759.75,3.75
43865,12,0,9324.0,7,2020-02-04,2020-02-04 12:00:00,2020-02-04 12:00:00,NQH20.csv,699,NQH20.csv,1.0,9323.0,9323.0,9324.0,9323.0,1.0
43865,15,30,9355.75,3,2020-02-04,2020-02-04 15:30:00,2020-02-04 15:30:00,NQH20.csv,835,NQH20.csv,-4.0,9356.75,9356.75,37423.0,37427.0,4.0
43865,16,0,9337.5,6,2020-02-04,2020-02-04 16:00:00,2020-02-04 16:00:00,NQH20.csv,2132,NQH20.csv,3.0,9336.25,9336.25,28012.5,28008.75,3.75
43866,2,30,9335.0,2,2020-02-05,2020-02-05 02:30:00,2020-02-05 02:30:00,NQH20.csv,223,NQH20.csv,-4.0,9335.75,9333.0,37340.0,37332.0,-8.0
43866,9,15,9450.25,0,2020-02-05,2020-02-05 09:15:00,2020-02-05 09:15:00,NQH20.csv,413,NQH20.csv,-2.0,9451.0,9451.0,18900.5,18902.0,1.5
43866,10,0,9392.0,2,2020-02-05,2020-02-05 10:00:00,2020-02-05 10:00:00,NQH20.csv,2182,NQH20.csv,2.0,9390.75,9390.75,18784.0,18781.5,2.5
43866,10,15,9371.5,4,2020-02-05,2020-02-05 10:15:00,2020-02-05 10:15:00,NQH20.csv,1519,NQH20.csv,2.0,9370.25,9370.25,18743.0,18740.5,2.5
43866,11,45,9336.5,7,2020-02-05,2020-02-05 11:45:00,2020-02-05 11:45:00,NQH20.csv,1133,NQH20.csv,3.0,9335.25,9335.25,28009.5,28005.75,3.75
43866,12,0,9362.75,8,2020-02-05,2020-02-05 12:00:00,2020-02-05 12:00:00,NQH20.csv,962,NQH20.csv,1.0,9361.75,9361.75,9362.75,9361.75,1.0
43866,12,15,9368.0,5,2020-02-05,2020-02-05 12:15:00,2020-02-05 12:15:00,NQH20.csv,1002,NQH20.csv,-3.0,9369.0,9369.0,28104.0,28107.0,3.0
43866,13,0,9354.25,8,2020-02-05,2020-02-05 13:00:00,2020-02-05 13:00:00,NQH20.csv,736,NQH20.csv,3.0,9353.25,9353.25,28062.75,28059.75,3.0
43866,13,30,9348.75,5,2020-02-05,2020-02-05 13:30:00,2020-02-05 13:30:00,NQH20.csv,639,NQH20.csv,-3.0,9349.75,9349.75,28046.25,28049.25,3.0
43866,14,0,9355.5,3,2020-02-05,2020-02-05 14:00:00,2020-02-05 14:00:00,NQH20.csv,1258,NQH20.csv,-2.0,9356.75,9356.75,18711.0,18713.5,2.5
43866,14,15,9346.0,5,2020-02-05,2020-02-05 14:15:00,2020-02-05 14:15:00,NQH20.csv,689,NQH20.csv,2.0,9345.0,9353.75,18692.0,18707.5,-15.5
43866,14,45,9367.75,3,2020-02-05,2020-02-05 14:45:00,2020-02-05 14:45:00,NQH20.csv,395,NQH20.csv,-2.0,9368.75,9368.75,18735.5,18737.5,2.0
43866,15,30,9378.5,5,2020-02-05,2020-02-05 15:30:00,2020-02-05 15:30:00,NQH20.csv,864,NQH20.csv,2.0,9377.5,9377.5,18757.0,18755.0,2.0
43866,16,0,9374.5,2,2020-02-05,2020-02-05 16:00:00,2020-02-05 16:00:00,NQH20.csv,2336,NQH20.csv,-3.0,9375.75,9375.75,28123.5,28127.25,3.75
43867,2,30,9435.25,-3,2020-02-06,2020-02-06 02:30:00,2020-02-06 02:30:00,NQH20.csv,172,NQH20.csv,-5.0,9436.0,9436.0,47176.25,47180.0,3.75
43867,3,30,9437.25,5,2020-02-06,2020-02-06 03:30:00,2020-02-06 03:30:00,NQH20.csv,217,NQH20.csv,8.0,9436.5,9436.5,75498.0,75492.0,6.0
43867,4,30,9416.25,11,2020-02-06,2020-02-06 04:30:00,2020-02-06 04:30:00,NQH20.csv,194,NQH20.csv,6.0,9415.5,9415.5,56497.5,56493.0,4.5
43867,5,30,9418.5,3,2020-02-06,2020-02-06 05:30:00,2020-02-06 05:30:00,NQH20.csv,68,NQH20.csv,-8.0,9419.25,9419.25,75348.0,75354.0,6.0
43867,9,45,9377.5,5,2020-02-06,2020-02-06 09:45:00,2020-02-06 09:45:00,NQH20.csv,2851,NQH20.csv,2.0,9376.25,9376.25,18755.0,18752.5,2.5
43867,10,0,9414.0,6,2020-02-06,2020-02-06 10:00:00,2020-02-06 10:00:00,NQH20.csv,2168,NQH20.csv,1.0,9413.0,9413.0,9414.0,9413.0,1.0
43867,10,15,9413.25,4,2020-02-06,2020-02-06 10:15:00,2020-02-06 10:15:00,NQH20.csv,1430,NQH20.csv,-2.0,9414.5,9414.5,18826.5,18829.0,2.5
43867,12,0,9423.75,7,2020-02-06,2020-02-06 12:00:00,2020-02-06 12:00:00,NQH20.csv,1029,NQH20.csv,3.0,9422.75,9437.0,28271.25,28311.0,-39.75
43867,13,15,9441.5,9,2020-02-06,2020-02-06 13:15:00,2020-02-06 13:15:00,NQH20.csv,401,NQH20.csv,2.0,9440.5,9440.5,18883.0,18881.0,2.0
43867,13,45,9438.25,7,2020-02-06,2020-02-06 13:45:00,2020-02-06 13:45:00,NQH20.csv,474,NQH20.csv,-2.0,9439.25,9439.25,18876.5,18878.5,2.0
43867,14,0,9442.75,8,2020-02-06,2020-02-06 14:00:00,2020-02-06 14:00:00,NQH20.csv,395,NQH20.csv,1.0,9441.75,9441.75,9442.75,9441.75,1.0
43867,14,30,9441.0,10,2020-02-06,2020-02-06 14:30:00,2020-02-06 14:30:00,NQH20.csv,804,NQH20.csv,2.0,9440.0,9440.0,18882.0,18880.0,2.0
43867,15,0,9432.25,11,2020-02-06,2020-02-06 15:00:00,2020-02-06 15:00:00,NQH20.csv,854,NQH20.csv,1.0,9431.25,9437.0,9432.25,9437.0,-4.75
43867,15,5,9435.75,9,2020-02-06,2020-02-06 15:05:00,2020-02-06 15:05:00,NQH20.csv,408,NQH20.csv,-2.0,9437.0,9437.0,18871.5,18874.0,2.5
43867,16,0,9452.0,3,2020-02-06,2020-02-06 16:00:00,2020-02-06 16:00:00,NQH20.csv,1757,NQH20.csv,-6.0,9453.0,9453.0,56712.0,56718.0,6.0
43868,2,30,9441.5,0,2020-02-07,2020-02-07 02:30:00,2020-02-07 02:30:00,NQH20.csv,491,NQH20.csv,-3.0,9442.25,9442.25,28324.5,28326.75,2.25
43868,6,0,9402.75,2,2020-02-07,2020-02-07 06:00:00,2020-02-07 06:00:00,NQH20.csv,546,NQH20.csv,2.0,9402.0,9402.0,18805.5,18804.0,1.5
43868,6,30,9414.0,0,2020-02-07,2020-02-07 06:30:00,2020-02-07 06:30:00,NQH20.csv,126,NQH20.csv,-2.0,9414.75,9414.75,18828.0,18829.5,1.5
43868,9,15,9413.75,1,2020-02-07,2020-02-07 09:15:00,2020-02-07 09:15:00,NQH20.csv,284,NQH20.csv,1.0,9412.75,9412.75,9413.75,9412.75,1.0
43868,9,45,9394.25,3,2020-02-07,2020-02-07 09:45:00,2020-02-07 09:45:00,NQH20.csv,1466,NQH20.csv,2.0,9393.0,9393.0,18788.5,18786.0,2.5
43868,10,0,9398.0,4,2020-02-07,2020-02-07 10:00:00,2020-02-07 10:00:00,NQH20.csv,2324,NQH20.csv,1.0,9396.75,9396.75,9398.0,9396.75,1.25
43868,10,15,9407.75,1,2020-02-07,2020-02-07 10:15:00,2020-02-07 10:15:00,NQH20.csv,1329,NQH20.csv,-3.0,9409.0,9409.0,28223.25,28227.0,3.75
43868,12,0,9451.75,5,2020-02-07,2020-02-07 12:00:00,2020-02-07 12:00:00,NQH20.csv,910,NQH20.csv,4.0,9450.75,9450.75,37807.0,37803.0,4.0
43868,14,0,9413.25,9,2020-02-07,2020-02-07 14:00:00,2020-02-07 14:00:00,NQH20.csv,1707,NQH20.csv,4.0,9412.25,9412.25,37653.0,37649.0,4.0
43868,14,30,9400.0,10,2020-02-07,2020-02-07 14:30:00,2020-02-07 14:30:00,NQH20.csv,1836,NQH20.csv,1.0,9399.0,9406.0,9400.0,9406.0,-6.0
43868,14,45,9415.5,6,2020-02-07,2020-02-07 14:45:00,2020-02-07 14:45:00,NQH20.csv,1197,NQH20.csv,-4.0,9416.5,9407.5,37662.0,37630.0,-32.0
43868,15,0,9415.75,10,2020-02-07,2020-02-07 15:00:00,2020-02-07 15:00:00,NQH20.csv,559,NQH20.csv,4.0,9414.75,9414.75,37663.0,37659.0,4.0
43868,15,15,9409.75,11,2020-02-07,2020-02-07 15:15:00,2020-02-07 15:15:00,NQH20.csv,703,NQH20.csv,1.0,9408.75,9408.75,9409.75,9408.75,1.0
43868,15,40,9407.5,9,2020-02-07,2020-02-07 15:40:00,2020-02-07 15:40:00,NQH20.csv,823,NQH20.csv,-2.0,9408.75,9408.75,18815.0,18817.5,2.5
43868,15,45,9415.5,11,2020-02-07,2020-02-07 15:45:00,2020-02-07 15:45:00,NQH20.csv,638,NQH20.csv,2.0,9414.5,9414.5,18831.0,18829.0,2.0
43868,16,0,9412.75,0,2020-02-07,2020-02-07 16:00:00,2020-02-07 16:00:00,NQH20.csv,2530,NQH20.csv,-11.0,9414.0,9409.75,103540.25,103507.25,-33.0
43871,2,30,9422.75,11,2020-02-10,2020-02-10 02:30:00,2020-02-10 02:30:00,NQH20.csv,54,NQH20.csv,11.0,9421.75,9421.75,103650.25,103639.25,11.0
43871,2,35,9420.75,9,2020-02-10,2020-02-10 02:35:00,2020-02-10 02:35:00,NQH20.csv,195,NQH20.csv,-2.0,9421.5,9421.5,18841.5,18843.0,1.5
43871,12,0,9476.5,11,2020-02-10,2020-02-10 12:00:00,2020-02-10 12:00:00,NQH20.csv,413,NQH20.csv,2.0,9475.5,9475.5,18953.0,18951.0,2.0
43871,12,5,9466.25,10,2020-02-10,2020-02-10 12:05:00,2020-02-10 12:05:00,NQH20.csv,989,NQH20.csv,-1.0,9467.5,9467.5,9466.25,9467.5,1.25
43871,16,0,9525.75,9,2020-02-10,2020-02-10 16:00:00,2020-02-10 16:00:00,NQH20.csv,2153,NQH20.csv,-1.0,9527.0,9527.0,9525.75,9527.0,1.25
43872,2,30,9563.25,4,2020-02-11,2020-02-11 02:30:00,2020-02-11 02:30:00,NQH20.csv,165,NQH20.csv,-5.0,9564.0,9564.0,47816.25,47820.0,3.75
43872,4,30,9555.5,0,2020-02-11,2020-02-11 04:30:00,2020-02-11 04:30:00,NQH20.csv,538,NQH20.csv,-4.0,9556.25,9556.25,38222.0,38225.0,3.0
43872,6,30,9561.0,2,2020-02-11,2020-02-11 06:30:00,2020-02-11 06:30:00,NQH20.csv,182,NQH20.csv,2.0,9560.25,9560.25,19122.0,19120.5,1.5
43872,7,0,9555.5,0,2020-02-11,2020-02-11 07:00:00,2020-02-11 07:00:00,NQH20.csv,166,NQH20.csv,-2.0,9556.25,9556.25,19111.0,19112.5,1.5
43872,7,15,9565.0,2,2020-02-11,2020-02-11 07:15:00,2020-02-11 07:15:00,NQH20.csv,201,NQH20.csv,2.0,9564.0,9564.0,19130.0,19128.0,2.0
43872,7,45,9568.5,0,2020-02-11,2020-02-11 07:45:00,2020-02-11 07:45:00,NQH20.csv,118,NQH20.csv,-2.0,9569.25,9569.25,19137.0,19138.5,1.5
43872,11,45,9571.5,4,2020-02-11,2020-02-11 11:45:00,2020-02-11 11:45:00,NQH20.csv,1818,NQH20.csv,4.0,9570.25,9570.25,38286.0,38281.0,5.0
43872,12,0,9560.75,7,2020-02-11,2020-02-11 12:00:00,2020-02-11 12:00:00,NQH20.csv,1331,NQH20.csv,3.0,9559.5,9559.5,28682.25,28678.5,3.75
43872,12,15,9564.5,3,2020-02-11,2020-02-11 12:15:00,2020-02-11 12:15:00,NQH20.csv,671,NQH20.csv,-4.0,9565.75,9565.75,38258.0,38263.0,5.0
43872,13,45,9575.0,5,2020-02-11,2020-02-11 13:45:00,2020-02-11 13:45:00,NQH20.csv,620,NQH20.csv,2.0,9574.0,9574.0,19150.0,19148.0,2.0
43872,14,0,9554.25,7,2020-02-11,2020-02-11 14:00:00,2020-02-11 14:00:00,NQH20.csv,1590,NQH20.csv,2.0,9553.25,9553.25,19108.5,19106.5,2.0
43872,14,15,9541.0,5,2020-02-11,2020-02-11 14:15:00,2020-02-11 14:15:00,NQH20.csv,568,NQH20.csv,-2.0,9542.25,9542.25,19082.0,19084.5,2.5
43872,15,45,9532.5,7,2020-02-11,2020-02-11 15:45:00,2020-02-11 15:45:00,NQH20.csv,854,NQH20.csv,2.0,9531.5,9531.5,19065.0,19063.0,2.0
43872,16,0,9527.0,0,2020-02-11,2020-02-11 16:00:00,2020-02-11 16:00:00,NQH20.csv,886,NQH20.csv,-7.0,9528.25,9528.25,66689.0,66697.75,8.75
43873,2,30,9562.25,8,2020-02-12,2020-02-12 02:30:00,2020-02-12 02:30:00,NQH20.csv,61,NQH20.csv,8.0,9561.5,9561.5,76498.0,76492.0,6.0
43873,4,30,9571.0,5,2020-02-12,2020-02-12 04:30:00,2020-02-12 04:30:00,NQH20.csv,132,NQH20.csv,-3.0,9571.75,9571.75,28713.0,28715.25,2.25
43873,10,0,9584.0,7,2020-02-12,2020-02-12 10:00:00,2020-02-12 10:00:00,NQH20.csv,2972,NQH20.csv,2.0,9583.0,9583.0,19168.0,19166.0,2.0
43873,10,30,9572.25,10,2020-02-12,2020-02-12 10:30:00,2020-02-12 10:30:00,NQH20.csv,1263,NQH20.csv,3.0,9571.0,9571.0,28716.75,28713.0,3.75
43873,12,0,9602.0,11,2020-02-12,2020-02-12 12:00:00,2020-02-12 12:00:00,NQH20.csv,509,NQH20.csv,1.0,9600.75,9607.75,9602.0,9607.75,-5.75
43873,12,30,9608.75,8,2020-02-12,2020-02-12 12:30:00,2020-02-12 12:30:00,NQH20.csv,363,NQH20.csv,-3.0,9609.75,9609.75,28826.25,28829.25,3.0
43873,14,0,9608.75,6,2020-02-12,2020-02-12 14:00:00,2020-02-12 14:00:00,NQH20.csv,330,NQH20.csv,-2.0,9609.75,9609.75,19217.5,19219.5,2.0
43873,15,30,9608.25,11,2020-02-12,2020-02-12 15:30:00,2020-02-12 15:30:00,NQH20.csv,652,NQH20.csv,5.0,9607.25,9607.25,48041.25,48036.25,5.0
43873,15,35,9609.75,9,2020-02-12,2020-02-12 15:35:00,2020-02-12 15:35:00,NQH20.csv,679,NQH20.csv,-2.0,9610.75,9610.75,19219.5,19221.5,2.0
43873,16,0,9619.5,5,2020-02-12,2020-02-12 16:00:00,2020-02-12 16:00:00,NQH20.csv,1808,NQH20.csv,-4.0,9620.5,9620.5,38478.0,38482.0,4.0
43874,2,30,9573.25,4,2020-02-13,2020-02-13 02:30:00,2020-02-13 02:30:00,NQH20.csv,218,NQH20.csv,-1.0,9574.25,9574.25,9573.25,9574.25,1.0
43874,4,30,9548.5,0,2020-02-13,2020-02-13 04:30:00,2020-02-13 04:30:00,NQH20.csv,273,NQH20.csv,-4.0,9549.25,9549.25,38194.0,38197.0,3.0
43874,5,0,9540.5,4,2020-02-13,2020-02-13 05:00:00,2020-02-13 05:00:00,NQH20.csv,556,NQH20.csv,4.0,9539.75,9539.75,38162.0,38159.0,3.0
43874,5,30,9542.25,0,2020-02-13,2020-02-13 05:30:00,2020-02-13 05:30:00,NQH20.csv,297,NQH20.csv,-4.0,9543.25,9543.25,38169.0,38173.0,4.0
43874,7,30,9540.5,5,2020-02-13,2020-02-13 07:30:00,2020-02-13 07:30:00,NQH20.csv,335,NQH20.csv,5.0,9539.75,9539.75,47702.5,47698.75,3.75
43874,8,0,9545.75,0,2020-02-13,2020-02-13 08:00:00,2020-02-13 08:00:00,NQH20.csv,1110,NQH20.csv,-5.0,9546.75,9546.75,47728.75,47733.75,5.0
43874,9,15,9554.75,1,2020-02-13,2020-02-13 09:15:00,2020-02-13 09:15:00,NQH20.csv,450,NQH20.csv,1.0,9554.0,9554.0,9554.75,9554.0,0.75
43874,10,15,9583.75,0,2020-02-13,2020-02-13 10:15:00,2020-02-13 10:15:00,NQH20.csv,1406,NQH20.csv,-1.0,9585.0,9585.0,9583.75,9585.0,1.25
43874,10,30,9583.75,5,2020-02-13,2020-02-13 10:30:00,2020-02-13 10:30:00,NQH20.csv,859,NQH20.csv,5.0,9582.75,9582.75,47918.75,47913.75,5.0
43874,11,0,9608.5,7,2020-02-13,2020-02-13 11:00:00,2020-02-13 11:00:00,NQH20.csv,1760,NQH20.csv,2.0,9607.5,9607.5,19217.0,19215.0,2.0
43874,11,30,9618.5,5,2020-02-13,2020-02-13 11:30:00,2020-02-13 11:30:00,NQH20.csv,942,NQH20.csv,-2.0,9619.5,9619.5,19237.0,19239.0,2.0
43874,12,0,9614.5,8,2020-02-13,2020-02-13 12:00:00,2020-02-13 12:00:00,NQH20.csv,626,NQH20.csv,3.0,9613.5,9624.25,28843.5,28872.75,-29.25
43874,12,30,9625.75,3,2020-02-13,2020-02-13 12:30:00,2020-02-13 12:30:00,NQH20.csv,563,NQH20.csv,-5.0,9627.0,9627.0,48128.75,48135.0,6.25
43874,12,45,9619.75,7,2020-02-13,2020-02-13 12:45:00,2020-02-13 12:45:00,NQH20.csv,711,NQH20.csv,4.0,9618.75,9618.75,38479.0,38475.0,4.0
43874,13,15,9605.0,3,2020-02-13,2020-02-13 13:15:00,2020-02-13 13:15:00,NQH20.csv,1359,NQH20.csv,-4.0,9606.25,9606.25,38420.0,38425.0,5.0
43874,14,30,9628.0,6,2020-02-13,2020-02-13 14:30:00,2020-02-13 14:30:00,NQH20.csv,657,NQH20.csv,3.0,9626.75,9636.5,28884.0,28909.5,-25.5
43874,15,0,9634.25,7,2020-02-13,2020-02-13 15:00:00,2020-02-13 15:00:00,NQH20.csv,526,NQH20.csv,1.0,9633.25,9633.25,9634.25,9633.25,1.0
43874,15,30,9614.75,11,2020-02-13,2020-02-13 15:30:00,2020-02-13 15:30:00,NQH20.csv,750,NQH20.csv,4.0,9613.75,9613.75,38459.0,38455.0,4.0
43874,15,35,9607.75,9,2020-02-13,2020-02-13 15:35:00,2020-02-13 15:35:00,NQH20.csv,1112,NQH20.csv,-2.0,9609.0,9609.0,19215.5,19218.0,2.5
43874,15,45,9600.5,11,2020-02-13,2020-02-13 15:45:00,2020-02-13 15:45:00,NQH20.csv,2233,NQH20.csv,2.0,9599.5,9599.5,19201.0,19199.0,2.0
43874,16,0,9607.5,0,2020-02-13,2020-02-13 16:00:00,2020-02-13 16:00:00,NQH20.csv,1780,NQH20.csv,-11.0,9608.5,9608.5,105682.5,105693.5,11.0
43875,2,30,9645.0,-3,2020-02-14,2020-02-14 02:30:00,2020-02-14 02:30:00,NQH20.csv,113,NQH20.csv,-3.0,9646.0,9646.0,28935.0,28938.0,3.0
43875,4,30,9631.75,0,2020-02-14,2020-02-14 04:30:00,2020-02-14 04:30:00,NQH20.csv,133,NQH20.csv,3.0,9631.0,9631.0,28895.25,28893.0,2.25
43875,9,15,9619.75,-2,2020-02-14,2020-02-14 09:15:00,2020-02-14 09:15:00,NQH20.csv,401,NQH20.csv,-2.0,9620.5,9620.5,19239.5,19241.0,1.5
43875,10,15,9600.25,0,2020-02-14,2020-02-14 10:15:00,2020-02-14 10:15:00,NQH20.csv,1617,NQH20.csv,2.0,9599.0,9599.0,19200.5,19198.0,2.5
43875,12,15,9612.75,5,2020-02-14,2020-02-14 12:15:00,2020-02-14 12:15:00,NQH20.csv,937,NQH20.csv,5.0,9611.5,9611.5,48063.75,48057.5,6.25
43875,12,45,9610.25,0,2020-02-14,2020-02-14 12:45:00,2020-02-14 12:45:00,NQH20.csv,1287,NQH20.csv,-5.0,9611.5,9606.75,48051.25,48033.75,-17.5
43878,2,30,9669.5,4,2020-02-17,2020-02-17 02:30:00,2020-02-17 02:30:00,NQH20.csv,94,NQH20.csv,4.0,9668.75,9668.75,38678.0,38675.0,3.0
43878,4,30,9672.0,0,2020-02-17,2020-02-17 04:30:00,2020-02-17 04:30:00,NQH20.csv,15,NQH20.csv,-4.0,9673.0,9670.5,38688.0,38682.0,-6.0
43878,9,15,9657.0,2,2020-02-17,2020-02-17 09:15:00,2020-02-17 09:15:00,NQH20.csv,57,NQH20.csv,2.0,9656.25,9659.25,19314.0,19318.5,-4.5
43878,9,45,9662.5,4,2020-02-17,2020-02-17 09:45:00,2020-02-17 09:45:00,NQH20.csv,297,NQH20.csv,2.0,9661.5,9661.5,19325.0,19323.0,2.0
43878,10,15,9659.75,0,2020-02-17,2020-02-17 10:15:00,2020-02-17 10:15:00,NQH20.csv,76,NQH20.csv,-4.0,9660.5,9660.5,38639.0,38642.0,3.0
43878,12,0,9667.0,2,2020-02-17,2020-02-17 12:00:00,2020-02-17 12:00:00,NQH20.csv,51,NQH20.csv,2.0,9666.25,9666.25,19334.0,19332.5,1.5
43878,16,0,9666.5,0,2020-02-17,2020-02-17 16:00:00,2020-02-17 16:00:00,NQH20.csv,3275,NQH20.csv,-2.0,9667.25,9623.0,19333.0,19246.0,-87.0
43879,2,30,9552.25,3,2020-02-18,2020-02-18 02:30:00,2020-02-18 02:30:00,NQH20.csv,293,NQH20.csv,3.0,9551.5,9551.5,28656.75,28654.5,2.25
43879,6,0,9567.25,5,2020-02-18,2020-02-18 06:00:00,2020-02-18 06:00:00,NQH20.csv,349,NQH20.csv,2.0,9566.25,9566.25,19134.5,19132.5,2.0
43879,7,0,9557.0,9,2020-02-18,2020-02-18 07:00:00,2020-02-18 07:00:00,NQH20.csv,205,NQH20.csv,4.0,9556.25,9563.0,38228.0,38252.0,-24.0
43879,7,30,9570.0,5,2020-02-18,2020-02-18 07:30:00,2020-02-18 07:30:00,NQH20.csv,151,NQH20.csv,-4.0,9571.0,9571.0,38280.0,38284.0,4.0
43879,8,0,9571.25,3,2020-02-18,2020-02-18 08:00:00,2020-02-18 08:00:00,NQH20.csv,271,NQH20.csv,-2.0,9572.25,9572.25,19142.5,19144.5,2.0
43879,10,30,9597.0,4,2020-02-18,2020-02-18 10:30:00,2020-02-18 10:30:00,NQH20.csv,2944,NQH20.csv,1.0,9595.75,9602.75,9597.0,9602.75,-5.75
43879,10,45,9612.0,6,2020-02-18,2020-02-18 10:45:00,2020-02-18 10:45:00,NQH20.csv,2381,NQH20.csv,2.0,9611.0,9621.25,19224.0,19242.5,-18.5
43879,11,15,9605.5,4,2020-02-18,2020-02-18 11:15:00,2020-02-18 11:15:00,NQH20.csv,1122,NQH20.csv,-2.0,9606.75,9606.75,19211.0,19213.5,2.5
43879,11,45,9579.25,7,2020-02-18,2020-02-18 11:45:00,2020-02-18 11:45:00,NQH20.csv,1235,NQH20.csv,3.0,9578.0,9591.25,28737.75,28773.75,-36.0
43879,12,15,9595.75,-1,2020-02-18,2020-02-18 12:15:00,2020-02-18 12:15:00,NQH20.csv,874,NQH20.csv,-8.0,9596.75,9596.75,76766.0,76774.0,8.0
43879,12,30,9599.25,-2,2020-02-18,2020-02-18 12:30:00,2020-02-18 12:30:00,NQH20.csv,1062,NQH20.csv,-1.0,9600.25,9600.25,9599.25,9600.25,1.0
43879,12,45,9609.0,7,2020-02-18,2020-02-18 12:45:00,2020-02-18 12:45:00,NQH20.csv,554,NQH20.csv,9.0,9608.0,9609.25,86481.0,86483.25,-2.25
43879,13,15,9625.25,3,2020-02-18,2020-02-18 13:15:00,2020-02-18 13:15:00,NQH20.csv,532,NQH20.csv,-4.0,9626.25,9626.25,38501.0,38505.0,4.0
43879,14,0,9616.0,5,2020-02-18,2020-02-18 14:00:00,2020-02-18 14:00:00,NQH20.csv,662,NQH20.csv,2.0,9614.75,9614.75,19232.0,19229.5,2.5
43879,14,30,9639.5,-1,2020-02-18,2020-02-18 14:30:00,2020-02-18 14:30:00,NQH20.csv,1014,NQH20.csv,-6.0,9640.5,9636.25,57837.0,57817.5,-19.5
43879,15,30,9642.5,2,2020-02-18,2020-02-18 15:30:00,2020-02-18 15:30:00,NQH20.csv,705,NQH20.csv,3.0,9641.25,9641.25,28927.5,28923.75,3.75
43879,16,0,9636.5,3,2020-02-18,2020-02-18 16:00:00,2020-02-18 16:00:00,NQH20.csv,1440,NQH20.csv,1.0,9635.25,9636.75,9636.5,9636.75,-0.25
43880,2,30,9667.25,-1,2020-02-19,2020-02-19 02:30:00,2020-02-19 02:30:00,NQH20.csv,66,NQH20.csv,-4.0,9668.25,9668.25,38669.0,38673.0,4.0
43880,4,30,9669.5,3,2020-02-19,2020-02-19 04:30:00,2020-02-19 04:30:00,NQH20.csv,167,NQH20.csv,4.0,9668.75,9670.5,38678.0,38682.0,-4.0
43880,10,0,9711.75,5,2020-02-19,2020-02-19 10:00:00,2020-02-19 10:00:00,NQH20.csv,1258,NQH20.csv,2.0,9710.75,9710.75,19423.5,19421.5,2.0
43880,10,30,9717.25,6,2020-02-19,2020-02-19 10:30:00,2020-02-19 10:30:00,NQH20.csv,1080,NQH20.csv,1.0,9716.0,9716.0,9717.25,9716.0,1.25
43880,12,0,9734.5,9,2020-02-19,2020-02-19 12:00:00,2020-02-19 12:00:00,NQH20.csv,345,NQH20.csv,3.0,9733.5,9733.5,29203.5,29200.5,3.0
43880,12,30,9733.25,8,2020-02-19,2020-02-19 12:30:00,2020-02-19 12:30:00,NQH20.csv,387,NQH20.csv,-1.0,9734.5,9734.5,9733.25,9734.5,1.25
43880,14,0,9734.75,11,2020-02-19,2020-02-19 14:00:00,2020-02-19 14:00:00,NQH20.csv,1081,NQH20.csv,3.0,9734.0,9734.0,29204.25,29202.0,2.25
43880,14,35,9739.25,9,2020-02-19,2020-02-19 14:35:00,2020-02-19 14:35:00,NQH20.csv,268,NQH20.csv,-2.0,9740.0,9740.0,19478.5,19480.0,1.5
43880,15,0,9742.25,10,2020-02-19,2020-02-19 15:00:00,2020-02-19 15:00:00,NQH20.csv,409,NQH20.csv,1.0,9741.0,9741.0,9742.25,9741.0,1.25
43880,15,30,9733.0,11,2020-02-19,2020-02-19 15:30:00,2020-02-19 15:30:00,NQH20.csv,740,NQH20.csv,1.0,9731.75,9731.75,9733.0,9731.75,1.25
43880,15,40,9725.0,9,2020-02-19,2020-02-19 15:40:00,2020-02-19 15:40:00,NQH20.csv,1197,NQH20.csv,-2.0,9726.25,9726.25,19450.0,19452.5,2.5
43880,16,0,9728.0,3,2020-02-19,2020-02-19 16:00:00,2020-02-19 16:00:00,NQH20.csv,2286,NQH20.csv,-6.0,9729.25,9729.25,58368.0,58375.5,7.5
43881,2,30,9738.5,9,2020-02-20,2020-02-20 02:30:00,2020-02-20 02:30:00,NQH20.csv,234,NQH20.csv,6.0,9737.5,9737.5,58431.0,58425.0,6.0
43881,3,30,9714.0,11,2020-02-20,2020-02-20 03:30:00,2020-02-20 03:30:00,NQH20.csv,292,NQH20.csv,2.0,9713.25,9713.25,19428.0,19426.5,1.5
43881,3,35,9711.25,9,2020-02-20,2020-02-20 03:35:00,2020-02-20 03:35:00,NQH20.csv,233,NQH20.csv,-2.0,9712.0,9712.0,19422.5,19424.0,1.5
43881,6,0,9721.0,10,2020-02-20,2020-02-20 06:00:00,2020-02-20 06:00:00,NQH20.csv,266,NQH20.csv,1.0,9720.0,9720.0,9721.0,9720.0,1.0
43881,7,15,9713.75,11,2020-02-20,2020-02-20 07:15:00,2020-02-20 07:15:00,NQH20.csv,227,NQH20.csv,1.0,9713.0,9713.0,9713.75,9713.0,0.75
43881,7,20,9714.5,9,2020-02-20,2020-02-20 07:20:00,2020-02-20 07:20:00,NQH20.csv,425,NQH20.csv,-2.0,9715.25,9710.75,19429.0,19421.5,-7.5
43881,7,45,9709.0,10,2020-02-20,2020-02-20 07:45:00,2020-02-20 07:45:00,NQH20.csv,105,NQH20.csv,1.0,9708.25,9708.25,9709.0,9708.25,0.75
43881,8,0,9712.75,9,2020-02-20,2020-02-20 08:00:00,2020-02-20 08:00:00,NQH20.csv,396,NQH20.csv,-1.0,9713.75,9713.75,9712.75,9713.75,1.0
43881,9,15,9704.5,11,2020-02-20,2020-02-20 09:15:00,2020-02-20 09:15:00,NQH20.csv,139,NQH20.csv,2.0,9703.5,9703.5,19409.0,19407.0,2.0
43881,9,20,9703.0,9,2020-02-20,2020-02-20 09:20:00,2020-02-20 09:20:00,NQH20.csv,107,NQH20.csv,-2.0,9703.75,9703.75,19406.0,19407.5,1.5
43881,10,30,9703.5,11,2020-02-20,2020-02-20 10:30:00,2020-02-20 10:30:00,NQH20.csv,1166,NQH20.csv,2.0,9702.25,9702.25,19407.0,19404.5,2.5
43881,10,35,9705.5,9,2020-02-20,2020-02-20 10:35:00,2020-02-20 10:35:00,NQH20.csv,827,NQH20.csv,-2.0,9706.75,9706.75,19411.0,19413.5,2.5
43881,11,45,9580.75,2,2020-02-20,2020-02-20 11:45:00,2020-02-20 11:45:00,NQH20.csv,2996,NQH20.csv,-7.0,9582.25,9562.25,67065.25,66935.75,-129.5
43881,12,15,9579.5,9,2020-02-20,2020-02-20 12:15:00,2020-02-20 12:15:00,NQH20.csv,1454,NQH20.csv,7.0,9578.5,9578.5,67056.5,67049.5,7.0
43881,13,45,9584.0,11,2020-02-20,2020-02-20 13:45:00,2020-02-20 13:45:00,NQH20.csv,1268,NQH20.csv,2.0,9582.75,9582.75,19168.0,19165.5,2.5
43881,14,15,9618.25,10,2020-02-20,2020-02-20 14:15:00,2020-02-20 14:15:00,NQH20.csv,1155,NQH20.csv,-1.0,9619.25,9619.25,9618.25,9619.25,1.0
43881,14,45,9629.75,3,2020-02-20,2020-02-20 14:45:00,2020-02-20 14:45:00,NQH20.csv,383,NQH20.csv,-7.0,9630.75,9630.75,67408.25,67415.25,7.0
43881,15,15,9606.75,9,2020-02-20,2020-02-20 15:15:00,2020-02-20 15:15:00,NQH20.csv,1291,NQH20.csv,6.0,9605.5,9605.5,57640.5,57633.0,7.5
43881,15,30,9622.75,11,2020-02-20,2020-02-20 15:30:00,2020-02-20 15:30:00,NQH20.csv,2242,NQH20.csv,2.0,9621.5,9630.5,19245.5,19261.0,-15.5
43881,15,35,9632.25,9,2020-02-20,2020-02-20 15:35:00,2020-02-20 15:35:00,NQH20.csv,1530,NQH20.csv,-2.0,9633.25,9633.25,19264.5,19266.5,2.0
43882,2,30,9555.25,4,2020-02-21,2020-02-21 02:30:00,2020-02-21 02:30:00,NQH20.csv,714,NQH20.csv,-5.0,9556.25,9556.25,47776.25,47781.25,5.0
43882,3,30,9564.5,6,2020-02-21,2020-02-21 03:30:00,2020-02-21 03:30:00,NQH20.csv,1253,NQH20.csv,2.0,9563.5,9563.5,19129.0,19127.0,2.0
43882,4,30,9570.75,5,2020-02-21,2020-02-21 04:30:00,2020-02-21 04:30:00,NQH20.csv,323,NQH20.csv,-1.0,9571.5,9571.5,9570.75,9571.5,0.75
43882,5,30,9580.25,-3,2020-02-21,2020-02-21 05:30:00,2020-02-21 05:30:00,NQH20.csv,101,NQH20.csv,-8.0,9581.25,9577.0,76642.0,76616.0,-26.0
43882,6,0,9581.0,3,2020-02-21,2020-02-21 06:00:00,2020-02-21 06:00:00,NQH20.csv,113,NQH20.csv,6.0,9580.25,9580.25,57486.0,57481.5,4.5
43882,6,15,9570.75,6,2020-02-21,2020-02-21 06:15:00,2020-02-21 06:15:00,NQH20.csv,290,NQH20.csv,3.0,9570.0,9570.0,28712.25,28710.0,2.25
43882,6,45,9586.0,-4,2020-02-21,2020-02-21 06:45:00,2020-02-21 06:45:00,NQH20.csv,445,NQH20.csv,-10.0,9587.0,9587.0,95860.0,95870.0,10.0
43882,7,15,9578.25,3,2020-02-21,2020-02-21 07:15:00,2020-02-21 07:15:00,NQH20.csv,105,NQH20.csv,7.0,9577.5,9577.5,67047.75,67042.5,5.25
43882,9,15,9598.25,5,2020-02-21,2020-02-21 09:15:00,2020-02-21 09:15:00,NQH20.csv,259,NQH20.csv,2.0,9597.25,9597.25,19196.5,19194.5,2.0
43882,10,15,9493.75,3,2020-02-21,2020-02-21 10:15:00,2020-02-21 10:15:00,NQH20.csv,2445,NQH20.csv,-2.0,9495.25,9495.25,18987.5,18990.5,3.0
43882,10,45,9484.25,-2,2020-02-21,2020-02-21 10:45:00,2020-02-21 10:45:00,NQH20.csv,1943,NQH20.csv,-5.0,9485.75,9485.75,47421.25,47428.75,7.5
43882,11,15,9512.0,3,2020-02-21,2020-02-21 11:15:00,2020-02-21 11:15:00,NQH20.csv,1439,NQH20.csv,5.0,9511.0,9511.0,47560.0,47555.0,5.0
43882,12,30,9503.0,6,2020-02-21,2020-02-21 12:30:00,2020-02-21 12:30:00,NQH20.csv,1005,NQH20.csv,3.0,9501.75,9501.75,28509.0,28505.25,3.75
43882,12,45,9497.5,7,2020-02-21,2020-02-21 12:45:00,2020-02-21 12:45:00,NQH20.csv,715,NQH20.csv,1.0,9496.25,9496.25,9497.5,9496.25,1.25
43882,13,0,9485.75,4,2020-02-21,2020-02-21 13:00:00,2020-02-21 13:00:00,NQH20.csv,741,NQH20.csv,-3.0,9487.0,9487.0,28457.25,28461.0,3.75
43882,13,15,9468.75,3,2020-02-21,2020-02-21 13:15:00,2020-02-21 13:15:00,NQH20.csv,1551,NQH20.csv,-1.0,9470.0,9470.0,9468.75,9470.0,1.25
43882,13,30,9468.0,6,2020-02-21,2020-02-21 13:30:00,2020-02-21 13:30:00,NQH20.csv,2571,NQH20.csv,3.0,9466.75,9466.75,28404.0,28400.25,3.75
43882,13,45,9447.5,2,2020-02-21,2020-02-21 13:45:00,2020-02-21 13:45:00,NQH20.csv,1856,NQH20.csv,-4.0,9449.0,9449.0,37790.0,37796.0,6.0
43882,14,15,9427.5,6,2020-02-21,2020-02-21 14:15:00,2020-02-21 14:15:00,NQH20.csv,920,NQH20.csv,4.0,9426.25,9426.25,37710.0,37705.0,5.0
43882,14,45,9445.25,3,2020-02-21,2020-02-21 14:45:00,2020-02-21 14:45:00,NQH20.csv,1485,NQH20.csv,-3.0,9446.25,9446.25,28335.75,28338.75,3.0
43882,15,0,9444.0,5,2020-02-21,2020-02-21 15:00:00,2020-02-21 15:00:00,NQH20.csv,1133,NQH20.csv,2.0,9442.75,9442.75,18888.0,18885.5,2.5
43882,15,15,9433.75,8,2020-02-21,2020-02-21 15:15:00,2020-02-21 15:15:00,NQH20.csv,640,NQH20.csv,3.0,9432.5,9432.5,28301.25,28297.5,3.75
43882,15,30,9425.0,10,2020-02-21,2020-02-21 15:30:00,2020-02-21 15:30:00,NQH20.csv,1147,NQH20.csv,2.0,9423.75,9423.75,18850.0,18847.5,2.5
43882,16,0,9452.5,3,2020-02-21,2020-02-21 16:00:00,2020-02-21 16:00:00,NQH20.csv,3253,NQH20.csv,-7.0,9453.75,9453.75,66167.5,66176.25,8.75
43882,16,15,9459.25,0,2020-02-21,2020-02-21 16:15:00,2020-02-21 16:15:00,NQH20.csv,1217,NQH20.csv,-3.0,9460.25,9459.5,28377.75,28378.5,0.75
43885,3,30,9205.75,-4,2020-02-24,2020-02-24 03:30:00,2020-02-24 03:30:00,NQH20.csv,1634,NQH20.csv,-4.0,9207.0,9207.0,36823.0,36828.0,5.0
43885,5,30,9171.25,0,2020-02-24,2020-02-24 05:30:00,2020-02-24 05:30:00,NQH20.csv,402,NQH20.csv,4.0,9170.0,9170.0,36685.0,36680.0,5.0
43885,7,15,9213.25,-2,2020-02-24,2020-02-24 07:15:00,2020-02-24 07:15:00,NQH20.csv,483,NQH20.csv,-2.0,9214.25,9214.25,18426.5,18428.5,2.0
43885,7,45,9186.25,0,2020-02-24,2020-02-24 07:45:00,2020-02-24 07:45:00,NQH20.csv,432,NQH20.csv,2.0,9185.25,9185.25,18372.5,18370.5,2.0
43885,9,45,9178.5,-1,2020-02-24,2020-02-24 09:45:00,2020-02-24 09:45:00,NQH20.csv,3501,NQH20.csv,-1.0,9179.75,9179.75,9178.5,9179.75,1.25
43885,10,0,9179.0,2,2020-02-24,2020-02-24 10:00:00,2020-02-24 10:00:00,NQH20.csv,4014,NQH20.csv,3.0,9178.0,9178.0,27537.0,27534.0,3.0
43885,10,15,9200.75,3,2020-02-24,2020-02-24 10:15:00,2020-02-24 10:15:00,NQH20.csv,2111,NQH20.csv,1.0,9199.75,9199.75,9200.75,9199.75,1.0
43885,10,30,9142.0,-7,2020-02-24,2020-02-24 10:30:00,2020-02-24 10:30:00,NQH20.csv,2066,NQH20.csv,-10.0,9143.25,9143.25,91420.0,91432.5,12.5
43885,11,0,9152.25,-4,2020-02-24,2020-02-24 11:00:00,2020-02-24 11:00:00,NQH20.csv,1879,NQH20.csv,3.0,9151.25,9151.25,27456.75,27453.75,3.0
43885,11,30,9135.25,-8,2020-02-24,2020-02-24 11:30:00,2020-02-24 11:30:00,NQH20.csv,1864,NQH20.csv,-4.0,9136.5,9136.5,36541.0,36546.0,5.0
43885,11,45,9107.0,-10,2020-02-24,2020-02-24 11:45:00,2020-02-24 11:45:00,NQH20.csv,1970,NQH20.csv,-2.0,9108.25,9108.25,18214.0,18216.5,2.5
43885,12,0,9108.0,-9,2020-02-24,2020-02-24 12:00:00,2020-02-24 12:00:00,NQH20.csv,1654,NQH20.csv,1.0,9106.75,9106.75,9108.0,9106.75,1.25
43885,12,15,9079.0,-7,2020-02-24,2020-02-24 12:15:00,2020-02-24 12:15:00,NQH20.csv,1497,NQH20.csv,2.0,9077.75,9077.75,18158.0,18155.5,2.5
43885,12,30,9086.0,-5,2020-02-24,2020-02-24 12:30:00,2020-02-24 12:30:00,NQH20.csv,936,NQH20.csv,2.0,9084.75,9084.75,18172.0,18169.5,2.5
43885,12,45,9117.5,-9,2020-02-24,2020-02-24 12:45:00,2020-02-24 12:45:00,NQH20.csv,921,NQH20.csv,-4.0,9118.75,9098.75,36470.0,36395.0,-75.0
43885,13,15,9058.75,-5,2020-02-24,2020-02-24 13:15:00,2020-02-24 13:15:00,NQH20.csv,865,NQH20.csv,4.0,9057.5,9057.5,36235.0,36230.0,5.0
43885,14,0,9103.0,0,2020-02-24,2020-02-24 14:00:00,2020-02-24 14:00:00,NQH20.csv,2413,NQH20.csv,5.0,9101.75,9101.75,45515.0,45508.75,6.25
43885,14,15,9074.25,4,2020-02-24,2020-02-24 14:15:00,2020-02-24 14:15:00,NQH20.csv,1100,NQH20.csv,4.0,9073.0,9073.0,36297.0,36292.0,5.0
43885,14,30,9123.0,0,2020-02-24,2020-02-24 14:30:00,2020-02-24 14:30:00,NQH20.csv,1505,NQH20.csv,-4.0,9124.25,9124.25,36492.0,36497.0,5.0
43885,14,45,9138.0,-7,2020-02-24,2020-02-24 14:45:00,2020-02-24 14:45:00,NQH20.csv,1349,NQH20.csv,-7.0,9139.25,9139.25,63966.0,63974.75,8.75
43885,15,15,9150.25,-4,2020-02-24,2020-02-24 15:15:00,2020-02-24 15:15:00,NQH20.csv,1940,NQH20.csv,3.0,9149.0,9149.0,27450.75,27447.0,3.75
43885,15,30,9142.75,-9,2020-02-24,2020-02-24 15:30:00,2020-02-24 15:30:00,NQH20.csv,1494,NQH20.csv,-5.0,9144.0,9144.0,45713.75,45720.0,6.25
43885,15,45,9116.25,-11,2020-02-24,2020-02-24 15:45:00,2020-02-24 15:45:00,NQH20.csv,2457,NQH20.csv,-2.0,9117.5,9117.5,18232.5,18235.0,2.5
43885,15,50,9137.25,-9,2020-02-24,2020-02-24 15:50:00,2020-02-24 15:50:00,NQH20.csv,2471,NQH20.csv,2.0,9136.0,9136.0,18274.5,18272.0,2.5
43885,16,0,9086.25,0,2020-02-24,2020-02-24 16:00:00,2020-02-24 16:00:00,NQH20.csv,4570,NQH20.csv,9.0,9085.0,9085.0,81776.25,81765.0,11.25
43886,2,30,9193.25,8,2020-02-25,2020-02-25 02:30:00,2020-02-25 02:30:00,NQH20.csv,430,NQH20.csv,8.0,9192.5,9192.5,73546.0,73540.0,6.0
43886,3,30,9174.0,2,2020-02-25,2020-02-25 03:30:00,2020-02-25 03:30:00,NQH20.csv,778,NQH20.csv,-6.0,9175.25,9175.25,55044.0,55051.5,7.5
43886,5,30,9110.0,8,2020-02-25,2020-02-25 05:30:00,2020-02-25 05:30:00,NQH20.csv,425,NQH20.csv,6.0,9109.25,9109.25,54660.0,54655.5,4.5
43886,6,0,9108.75,5,2020-02-25,2020-02-25 06:00:00,2020-02-25 06:00:00,NQH20.csv,378,NQH20.csv,-3.0,9109.75,9096.5,27326.25,27289.5,-36.75
43886,6,45,9134.0,-1,2020-02-25,2020-02-25 06:45:00,2020-02-25 06:45:00,NQH20.csv,347,NQH20.csv,-6.0,9135.0,9135.0,54804.0,54810.0,6.0
43886,7,15,9119.25,5,2020-02-25,2020-02-25 07:15:00,2020-02-25 07:15:00,NQH20.csv,274,NQH20.csv,6.0,9118.5,9118.5,54715.5,54711.0,4.5
43886,7,30,9138.75,-1,2020-02-25,2020-02-25 07:30:00,2020-02-25 07:30:00,NQH20.csv,639,NQH20.csv,-6.0,9140.0,9140.0,54832.5,54840.0,7.5
43886,8,0,9169.75,8,2020-02-25,2020-02-25 08:00:00,2020-02-25 08:00:00,NQH20.csv,808,NQH20.csv,9.0,9168.75,9168.75,82527.75,82518.75,9.0
43886,9,45,9123.5,2,2020-02-25,2020-02-25 09:45:00,2020-02-25 09:45:00,NQH20.csv,3923,NQH20.csv,-6.0,9125.0,9125.0,54741.0,54750.0,9.0
43886,10,15,9115.5,8,2020-02-25,2020-02-25 10:15:00,2020-02-25 10:15:00,NQH20.csv,2350,NQH20.csv,6.0,9114.25,9114.25,54693.0,54685.5,7.5
43886,10,30,9053.5,2,2020-02-25,2020-02-25 10:30:00,2020-02-25 10:30:00,NQH20.csv,3659,NQH20.csv,-6.0,9055.0,9055.0,54321.0,54330.0,9.0
43886,10,45,9072.0,3,2020-02-25,2020-02-25 10:45:00,2020-02-25 10:45:00,NQH20.csv,3599,NQH20.csv,1.0,9071.0,9071.0,9072.0,9071.0,1.0
43886,11,0,9025.75,0,2020-02-25,2020-02-25 11:00:00,2020-02-25 11:00:00,NQH20.csv,2286,NQH20.csv,-3.0,9027.25,9027.25,27077.25,27081.75,4.5
43886,11,15,8986.75,-1,2020-02-25,2020-02-25 11:15:00,2020-02-25 11:15:00,NQH20.csv,3166,NQH20.csv,-1.0,8988.25,8964.5,8986.75,8964.5,-22.25
43886,11,30,8986.25,2,2020-02-25,2020-02-25 11:30:00,2020-02-25 11:30:00,NQH20.csv,3124,NQH20.csv,3.0,8985.25,8985.25,26958.75,26955.75,3.0
43886,12,0,9035.75,-5,2020-02-25,2020-02-25 12:00:00,2020-02-25 12:00:00,NQH20.csv,2184,NQH20.csv,-7.0,9037.0,9037.0,63250.25,63259.0,8.75
43886,12,30,8996.25,5,2020-02-25,2020-02-25 12:30:00,2020-02-25 12:30:00,NQH20.csv,1338,NQH20.csv,10.0,8995.0,8995.0,89962.5,89950.0,12.5
43886,13,30,8955.5,2,2020-02-25,2020-02-25 13:30:00,2020-02-25 13:30:00,NQH20.csv,1508,NQH20.csv,-3.0,8957.0,8933.5,26866.5,26800.5,-66.0
43886,14,0,8911.0,7,2020-02-25,2020-02-25 14:00:00,2020-02-25 14:00:00,NQH20.csv,3192,NQH20.csv,5.0,8909.75,8909.75,44555.0,44548.75,6.25
43886,14,15,8898.0,3,2020-02-25,2020-02-25 14:15:00,2020-02-25 14:15:00,NQH20.csv,3043,NQH20.csv,-4.0,8899.5,8899.5,35592.0,35598.0,6.0
43886,14,30,8839.25,1,2020-02-25,2020-02-25 14:30:00,2020-02-25 14:30:00,NQH20.csv,4009,NQH20.csv,-2.0,8840.75,8840.75,17678.5,17681.5,3.0
43886,14,45,8874.5,5,2020-02-25,2020-02-25 14:45:00,2020-02-25 14:45:00,NQH20.csv,2448,NQH20.csv,4.0,8873.5,8873.5,35498.0,35494.0,4.0
43886,15,0,8897.0,-1,2020-02-25,2020-02-25 15:00:00,2020-02-25 15:00:00,NQH20.csv,3439,NQH20.csv,-6.0,8898.25,8898.25,53382.0,53389.5,7.5
43886,15,30,8856.0,-7,2020-02-25,2020-02-25 15:30:00,2020-02-25 15:30:00,NQH20.csv,2513,NQH20.csv,-6.0,8857.5,8857.5,53136.0,53145.0,9.0
43886,16,0,8836.25,8,2020-02-25,2020-02-25 16:00:00,2020-02-25 16:00:00,NQH20.csv,2511,NQH20.csv,15.0,8835.0,8835.0,132543.75,132525.0,18.75
43887,2,30,8881.0,11,2020-02-26,2020-02-26 02:30:00,2020-02-26 02:30:00,NQH20.csv,340,NQH20.csv,3.0,8880.0,8880.0,26643.0,26640.0,3.0
43887,4,30,8783.25,8,2020-02-26,2020-02-26 04:30:00,2020-02-26 04:30:00,NQH20.csv,440,NQH20.csv,-3.0,8784.25,8784.25,26349.75,26352.75,3.0
43887,5,0,8790.25,10,2020-02-26,2020-02-26 05:00:00,2020-02-26 05:00:00,NQH20.csv,760,NQH20.csv,2.0,8789.0,8789.0,17580.5,17578.0,2.5
43887,5,30,8848.25,1,2020-02-26,2020-02-26 05:30:00,2020-02-26 05:30:00,NQH20.csv,752,NQH20.csv,-9.0,8849.25,8849.25,79634.25,79643.25,9.0
43887,6,0,8806.25,11,2020-02-26,2020-02-26 06:00:00,2020-02-26 06:00:00,NQH20.csv,180,NQH20.csv,10.0,8805.5,8805.5,88062.5,88055.0,7.5
43887,6,5,8822.0,9,2020-02-26,2020-02-26 06:05:00,2020-02-26 06:05:00,NQH20.csv,869,NQH20.csv,-2.0,8823.0,8823.0,17644.0,17646.0,2.0
43887,6,30,8872.0,8,2020-02-26,2020-02-26 06:30:00,2020-02-26 06:30:00,NQH20.csv,331,NQH20.csv,-1.0,8873.25,8873.25,8872.0,8873.25,1.25
43887,9,15,8906.75,10,2020-02-26,2020-02-26 09:15:00,2020-02-26 09:15:00,NQH20.csv,1044,NQH20.csv,2.0,8905.5,8905.5,17813.5,17811.0,2.5
43887,10,0,8953.5,11,2020-02-26,2020-02-26 10:00:00,2020-02-26 10:00:00,NQH20.csv,3189,NQH20.csv,1.0,8952.25,8952.25,8953.5,8952.25,1.25
43887,10,15,8973.75,9,2020-02-26,2020-02-26 10:15:00,2020-02-26 10:15:00,NQH20.csv,2816,NQH20.csv,-2.0,8975.0,8975.0,17947.5,17950.0,2.5
43887,10,30,8991.0,8,2020-02-26,2020-02-26 10:30:00,2020-02-26 10:30:00,NQH20.csv,2589,NQH20.csv,-1.0,8992.25,8992.25,8991.0,8992.25,1.25
43887,11,0,9009.0,2,2020-02-26,2020-02-26 11:00:00,2020-02-26 11:00:00,NQH20.csv,2862,NQH20.csv,-6.0,9010.5,9010.5,54054.0,54063.0,9.0
43887,11,30,9018.75,8,2020-02-26,2020-02-26 11:30:00,2020-02-26 11:30:00,NQH20.csv,3194,NQH20.csv,6.0,9017.75,9017.75,54112.5,54106.5,6.0
43887,11,45,8996.5,4,2020-02-26,2020-02-26 11:45:00,2020-02-26 11:45:00,NQH20.csv,2381,NQH20.csv,-4.0,8998.0,8975.0,35986.0,35900.0,-86.0
43887,12,15,8897.75,8,2020-02-26,2020-02-26 12:15:00,2020-02-26 12:15:00,NQH20.csv,2465,NQH20.csv,4.0,8896.25,8896.25,35591.0,35585.0,6.0
43887,12,30,8930.25,2,2020-02-26,2020-02-26 12:30:00,2020-02-26 12:30:00,NQH20.csv,3114,NQH20.csv,-6.0,8931.5,8931.5,53581.5,53589.0,7.5
43887,13,0,8932.0,8,2020-02-26,2020-02-26 13:00:00,2020-02-26 13:00:00,NQH20.csv,950,NQH20.csv,6.0,8930.5,8930.5,53592.0,53583.0,9.0
43887,13,45,8820.75,2,2020-02-26,2020-02-26 13:45:00,2020-02-26 13:45:00,NQH20.csv,3233,NQH20.csv,-6.0,8822.25,8822.25,52924.5,52933.5,9.0
43887,14,0,8841.25,-1,2020-02-26,2020-02-26 14:00:00,2020-02-26 14:00:00,NQH20.csv,2163,NQH20.csv,-3.0,8842.75,8842.75,26523.75,26528.25,4.5
43887,14,15,8899.5,5,2020-02-26,2020-02-26 14:15:00,2020-02-26 14:15:00,NQH20.csv,1070,NQH20.csv,6.0,8898.5,8898.5,53397.0,53391.0,6.0
43887,14,30,8879.5,-2,2020-02-26,2020-02-26 14:30:00,2020-02-26 14:30:00,NQH20.csv,2417,NQH20.csv,-7.0,8881.0,8881.0,62156.5,62167.0,10.5
43887,15,0,8866.0,-3,2020-02-26,2020-02-26 15:00:00,2020-02-26 15:00:00,NQH20.csv,2160,NQH20.csv,-1.0,8867.5,8867.5,8866.0,8867.5,1.5
43887,15,30,8895.25,-8,2020-02-26,2020-02-26 15:30:00,2020-02-26 15:30:00,NQH20.csv,1212,NQH20.csv,-5.0,8896.5,8896.5,44476.25,44482.5,6.25
43887,15,45,8897.75,-9,2020-02-26,2020-02-26 15:45:00,2020-02-26 15:45:00,NQH20.csv,874,NQH20.csv,-1.0,8899.0,8899.0,8897.75,8899.0,1.25
43887,16,0,8882.5,8,2020-02-26,2020-02-26 16:00:00,2020-02-26 16:00:00,NQH20.csv,2859,NQH20.csv,17.0,8881.0,8881.0,151002.5,150977.0,25.5
43888,2,30,8777.0,10,2020-02-27,2020-02-27 02:30:00,2020-02-27 02:30:00,NQH20.csv,846,NQH20.csv,2.0,8775.75,8795.5,17554.0,17591.0,-37.0
43888,3,30,8782.25,3,2020-02-27,2020-02-27 03:30:00,2020-02-27 03:30:00,NQH20.csv,1224,NQH20.csv,-7.0,8783.5,8783.5,61475.75,61484.5,8.75
43888,4,30,8830.25,1,2020-02-27,2020-02-27 04:30:00,2020-02-27 04:30:00,NQH20.csv,537,NQH20.csv,-2.0,8831.5,8831.5,17660.5,17663.0,2.5
43888,5,0,8800.25,4,2020-02-27,2020-02-27 05:00:00,2020-02-27 05:00:00,NQH20.csv,699,NQH20.csv,3.0,8799.0,8799.0,26400.75,26397.0,3.75
43888,5,30,8781.5,8,2020-02-27,2020-02-27 05:30:00,2020-02-27 05:30:00,NQH20.csv,343,NQH20.csv,4.0,8780.75,8780.75,35126.0,35123.0,3.0
43888,6,0,8755.75,9,2020-02-27,2020-02-27 06:00:00,2020-02-27 06:00:00,NQH20.csv,513,NQH20.csv,1.0,8755.0,8755.0,8755.75,8755.0,0.75
43888,8,0,8703.25,8,2020-02-27,2020-02-27 08:00:00,2020-02-27 08:00:00,NQH20.csv,1185,NQH20.csv,-1.0,8704.5,8704.5,8703.25,8704.5,1.25
43888,9,15,8654.25,10,2020-02-27,2020-02-27 09:15:00,2020-02-27 09:15:00,NQH20.csv,965,NQH20.csv,2.0,8653.0,8653.0,17308.5,17306.0,2.5
43888,9,45,8663.75,6,2020-02-27,2020-02-27 09:45:00,2020-02-27 09:45:00,NQH20.csv,5010,NQH20.csv,-4.0,8665.25,8631.0,34655.0,34524.0,-131.0
43888,10,15,8657.75,8,2020-02-27,2020-02-27 10:15:00,2020-02-27 10:15:00,NQH20.csv,2313,NQH20.csv,2.0,8656.5,8656.5,17315.5,17313.0,2.5
43888,10,30,8584.5,2,2020-02-27,2020-02-27 10:30:00,2020-02-27 10:30:00,NQH20.csv,3798,NQH20.csv,-6.0,8586.0,8528.75,51507.0,51172.5,-334.5
43888,10,45,8566.0,-4,2020-02-27,2020-02-27 10:45:00,2020-02-27 10:45:00,NQH20.csv,2997,NQH20.csv,-6.0,8567.5,8567.5,51396.0,51405.0,9.0
43888,11,0,8666.75,1,2020-02-27,2020-02-27 11:00:00,2020-02-27 11:00:00,NQH20.csv,3868,NQH20.csv,5.0,8665.5,8665.5,43333.75,43327.5,6.25
43888,11,15,8702.25,7,2020-02-27,2020-02-27 11:15:00,2020-02-27 11:15:00,NQH20.csv,2789,NQH20.csv,6.0,8701.0,8701.0,52213.5,52206.0,7.5
43888,11,30,8653.5,-1,2020-02-27,2020-02-27 11:30:00,2020-02-27 11:30:00,NQH20.csv,3000,NQH20.csv,-8.0,8655.0,8655.0,69228.0,69240.0,12.0
43888,12,0,8699.75,4,2020-02-27,2020-02-27 12:00:00,2020-02-27 12:00:00,NQH20.csv,3361,NQH20.csv,5.0,8698.5,8698.5,43498.75,43492.5,6.25
43888,12,30,8726.25,10,2020-02-27,2020-02-27 12:30:00,2020-02-27 12:30:00,NQH20.csv,2755,NQH20.csv,6.0,8725.0,8725.0,52357.5,52350.0,7.5
43888,13,15,8773.0,4,2020-02-27,2020-02-27 13:15:00,2020-02-27 13:15:00,NQH20.csv,1860,NQH20.csv,-6.0,8774.25,8774.25,52638.0,52645.5,7.5
43888,13,45,8634.0,10,2020-02-27,2020-02-27 13:45:00,2020-02-27 13:45:00,NQH20.csv,1754,NQH20.csv,6.0,8632.5,8632.5,51804.0,51795.0,9.0
43888,14,30,8653.75,5,2020-02-27,2020-02-27 14:30:00,2020-02-27 14:30:00,NQH20.csv,1639,NQH20.csv,-5.0,8655.0,8639.5,43268.75,43197.5,-71.25
43888,15,0,8591.0,0,2020-02-27,2020-02-27 15:00:00,2020-02-27 15:00:00,NQH20.csv,2465,NQH20.csv,-5.0,8592.25,8592.25,42955.0,42961.25,6.25
43888,15,30,8561.75,-6,2020-02-27,2020-02-27 15:30:00,2020-02-27 15:30:00,NQH20.csv,1922,NQH20.csv,-6.0,8563.0,8563.0,51370.5,51378.0,7.5
43888,15,45,8530.0,-7,2020-02-27,2020-02-27 15:45:00,2020-02-27 15:45:00,NQH20.csv,3057,NQH20.csv,-1.0,8531.5,8531.5,8530.0,8531.5,1.5
43888,16,0,8439.5,8,2020-02-27,2020-02-27 16:00:00,2020-02-27 16:00:00,NQH20.csv,6741,NQH20.csv,15.0,8438.0,8438.0,126592.5,126570.0,22.5
43889,3,30,8320.25,0,2020-02-28,2020-02-28 03:30:00,2020-02-28 03:30:00,NQH20.csv,909,NQH20.csv,-8.0,8321.5,8321.5,66562.0,66572.0,10.0
43889,5,15,8228.75,-4,2020-02-28,2020-02-28 05:15:00,2020-02-28 05:15:00,NQH20.csv,420,NQH20.csv,-4.0,8230.0,8230.0,32915.0,32920.0,5.0
43889,5,30,8302.75,4,2020-02-28,2020-02-28 05:30:00,2020-02-28 05:30:00,NQH20.csv,825,NQH20.csv,8.0,8301.5,8301.5,66422.0,66412.0,10.0
43889,5,45,8281.0,10,2020-02-28,2020-02-28 05:45:00,2020-02-28 05:45:00,NQH20.csv,503,NQH20.csv,6.0,8279.75,8279.75,49686.0,49678.5,7.5
43889,6,0,8300.75,0,2020-02-28,2020-02-28 06:00:00,2020-02-28 06:00:00,NQH20.csv,336,NQH20.csv,-10.0,8302.0,8302.0,83007.5,83020.0,12.5
43889,6,15,8321.5,-2,2020-02-28,2020-02-28 06:15:00,2020-02-28 06:15:00,NQH20.csv,516,NQH20.csv,-2.0,8322.75,8322.75,16643.0,16645.5,2.5
43889,6,30,8294.25,9,2020-02-28,2020-02-28 06:30:00,2020-02-28 06:30:00,NQH20.csv,707,NQH20.csv,11.0,8293.0,8323.0,91236.75,91553.0,-316.25
43889,6,45,8302.75,3,2020-02-28,2020-02-28 06:45:00,2020-02-28 06:45:00,NQH20.csv,376,NQH20.csv,-6.0,8304.0,8304.0,49816.5,49824.0,7.5
43889,7,0,8303.25,1,2020-02-28,2020-02-28 07:00:00,2020-02-28 07:00:00,NQH20.csv,1005,NQH20.csv,-2.0,8304.5,8304.5,16606.5,16609.0,2.5
43889,7,15,8318.5,3,2020-02-28,2020-02-28 07:15:00,2020-02-28 07:15:00,NQH20.csv,434,NQH20.csv,2.0,8317.25,8317.25,16637.0,16634.5,2.5
43889,7,30,8362.75,-6,2020-02-28,2020-02-28 07:30:00,2020-02-28 07:30:00,NQH20.csv,1401,NQH20.csv,-9.0,8364.0,8364.0,75264.75,75276.0,11.25
43889,7,45,8353.25,-2,2020-02-28,2020-02-28 07:45:00,2020-02-28 07:45:00,NQH20.csv,366,NQH20.csv,4.0,8352.0,8352.0,33413.0,33408.0,5.0
43889,8,0,8339.25,8,2020-02-28,2020-02-28 08:00:00,2020-02-28 08:00:00,NQH20.csv,743,NQH20.csv,10.0,8338.0,8338.0,83392.5,83380.0,12.5
43889,9,15,8185.75,10,2020-02-28,2020-02-28 09:15:00,2020-02-28 09:15:00,NQH20.csv,1168,NQH20.csv,2.0,8184.0,8184.0,16371.5,16368.0,3.5
43889,9,45,8228.5,4,2020-02-28,2020-02-28 09:45:00,2020-02-28 09:45:00,NQH20.csv,4475,NQH20.csv,-6.0,8230.0,8230.0,49371.0,49380.0,9.0
43889,10,0,8183.75,1,2020-02-28,2020-02-28 10:00:00,2020-02-28 10:00:00,NQH20.csv,2889,NQH20.csv,-3.0,8185.25,8185.25,24551.25,24555.75,4.5
43889,10,15,8184.0,5,2020-02-28,2020-02-28 10:15:00,2020-02-28 10:15:00,NQH20.csv,4359,NQH20.csv,4.0,8182.25,8182.25,32736.0,32729.0,7.0
43889,10,30,8176.0,7,2020-02-28,2020-02-28 10:30:00,2020-02-28 10:30:00,NQH20.csv,2964,NQH20.csv,2.0,8174.25,8174.25,16352.0,16348.5,3.5
43889,11,0,8286.5,9,2020-02-28,2020-02-28 11:00:00,2020-02-28 11:00:00,NQH20.csv,2707,NQH20.csv,2.0,8285.25,8285.25,16573.0,16570.5,2.5
43889,11,15,8253.0,4,2020-02-28,2020-02-28 11:15:00,2020-02-28 11:15:00,NQH20.csv,2584,NQH20.csv,-5.0,8254.25,8254.25,41265.0,41271.25,6.25
43889,11,30,8341.25,3,2020-02-28,2020-02-28 11:30:00,2020-02-28 11:30:00,NQH20.csv,2348,NQH20.csv,-1.0,8342.5,8342.5,8341.25,8342.5,1.25
43889,11,45,8460.0,8,2020-02-28,2020-02-28 11:45:00,2020-02-28 11:45:00,NQH20.csv,4193,NQH20.csv,5.0,8458.75,8458.75,42300.0,42293.75,6.25
43889,12,0,8347.5,6,2020-02-28,2020-02-28 12:00:00,2020-02-28 12:00:00,NQH20.csv,2452,NQH20.csv,-2.0,8349.0,8349.0,16695.0,16698.0,3.0
43889,12,30,8380.0,4,2020-02-28,2020-02-28 12:30:00,2020-02-28 12:30:00,NQH20.csv,2916,NQH20.csv,-2.0,8381.25,8381.25,16760.0,16762.5,2.5
43889,12,45,8385.0,0,2020-02-28,2020-02-28 12:45:00,2020-02-28 12:45:00,NQH20.csv,2573,NQH20.csv,-4.0,8386.5,8386.5,33540.0,33546.0,6.0
43889,13,15,8367.0,4,2020-02-28,2020-02-28 13:15:00,2020-02-28 13:15:00,NQH20.csv,2100,NQH20.csv,4.0,8365.75,8365.75,33468.0,33463.0,5.0
43889,13,45,8255.0,-1,2020-02-28,2020-02-28 13:45:00,2020-02-28 13:45:00,NQH20.csv,3660,NQH20.csv,-5.0,8256.5,8256.5,41275.0,41282.5,7.5
43889,14,0,8277.25,2,2020-02-28,2020-02-28 14:00:00,2020-02-28 14:00:00,NQH20.csv,1531,NQH20.csv,3.0,8276.0,8276.0,24831.75,24828.0,3.75
43889,14,15,8256.5,7,2020-02-28,2020-02-28 14:15:00,2020-02-28 14:15:00,NQH20.csv,481,NQH20.csv,5.0,8255.25,8255.25,41282.5,41276.25,6.25
43889,15,0,8327.25,3,2020-02-28,2020-02-28 15:00:00,2020-02-28 15:00:00,NQH20.csv,1202,NQH20.csv,-4.0,8328.5,8328.5,33309.0,33314.0,5.0
43889,15,30,8255.5,-1,2020-02-28,2020-02-28 15:30:00,2020-02-28 15:30:00,NQH20.csv,1102,NQH20.csv,-4.0,8256.75,8256.75,33022.0,33027.0,5.0
43889,15,45,8241.25,-3,2020-02-28,2020-02-28 15:45:00,2020-02-28 15:45:00,NQH20.csv,2683,NQH20.csv,-2.0,8242.5,8242.5,16482.5,16485.0,2.5
43889,16,0,8483.0,8,2020-02-28,2020-02-28 16:00:00,2020-02-28 16:00:00,NQH20.csv,5285,NQH20.csv,11.0,8481.75,8481.75,93313.0,93299.25,13.75
43889,16,15,8505.0,0,2020-02-28,2020-02-28 16:15:00,2020-02-28 16:15:00,NQH20.csv,1515,NQH20.csv,-8.0,8506.25,8505.25,68040.0,68042.0,2.0
43892,2,30,8516.25,7,2020-03-02,2020-03-02 02:30:00,2020-03-02 02:30:00,NQH20.csv,538,NQH20.csv,7.0,8515.25,8515.25,59613.75,59606.75,7.0
43892,3,30,8610.5,9,2020-03-02,2020-03-02 03:30:00,2020-03-02 03:30:00,NQH20.csv,812,NQH20.csv,2.0,8609.25,8609.25,17221.0,17218.5,2.5
43892,4,30,8610.5,7,2020-03-02,2020-03-02 04:30:00,2020-03-02 04:30:00,NQH20.csv,452,NQH20.csv,-2.0,8611.75,8611.75,17221.0,17223.5,2.5
43892,5,15,8505.0,9,2020-03-02,2020-03-02 05:15:00,2020-03-02 05:15:00,NQH20.csv,482,NQH20.csv,2.0,8503.75,8503.75,17010.0,17007.5,2.5
43892,5,30,8536.5,7,2020-03-02,2020-03-02 05:30:00,2020-03-02 05:30:00,NQH20.csv,441,NQH20.csv,-2.0,8537.75,8537.75,17073.0,17075.5,2.5
43892,5,45,8531.5,-2,2020-03-02,2020-03-02 05:45:00,2020-03-02 05:45:00,NQH20.csv,309,NQH20.csv,-9.0,8532.5,8532.5,76783.5,76792.5,9.0
43892,6,0,8501.25,3,2020-03-02,2020-03-02 06:00:00,2020-03-02 06:00:00,NQH20.csv,1204,NQH20.csv,5.0,8500.5,8500.5,42506.25,42502.5,3.75
43892,6,15,8458.25,10,2020-03-02,2020-03-02 06:15:00,2020-03-02 06:15:00,NQH20.csv,757,NQH20.csv,7.0,8457.0,8457.0,59207.75,59199.0,8.75
43892,6,30,8446.25,2,2020-03-02,2020-03-02 06:30:00,2020-03-02 06:30:00,NQH20.csv,617,NQH20.csv,-8.0,8447.5,8447.5,67570.0,67580.0,10.0
43892,7,15,8414.75,5,2020-03-02,2020-03-02 07:15:00,2020-03-02 07:15:00,NQH20.csv,605,NQH20.csv,3.0,8413.5,8413.5,25244.25,25240.5,3.75
43892,7,45,8415.25,2,2020-03-02,2020-03-02 07:45:00,2020-03-02 07:45:00,NQH20.csv,312,NQH20.csv,-3.0,8416.5,8416.5,25245.75,25249.5,3.75
43892,8,0,8453.25,-1,2020-03-02,2020-03-02 08:00:00,2020-03-02 08:00:00,NQH20.csv,890,NQH20.csv,-3.0,8454.5,8454.5,25359.75,25363.5,3.75
43892,8,30,8419.75,5,2020-03-02,2020-03-02 08:30:00,2020-03-02 08:30:00,NQH20.csv,684,NQH20.csv,6.0,8418.5,8418.5,50518.5,50511.0,7.5
43892,9,15,8531.5,8,2020-03-02,2020-03-02 09:15:00,2020-03-02 09:15:00,NQH20.csv,746,NQH20.csv,3.0,8530.25,8530.25,25594.5,25590.75,3.75
43892,10,0,8514.25,3,2020-03-02,2020-03-02 10:00:00,2020-03-02 10:00:00,NQH20.csv,2530,NQH20.csv,-5.0,8515.75,8515.75,42571.25,42578.75,7.5
43892,10,15,8513.25,0,2020-03-02,2020-03-02 10:15:00,2020-03-02 10:15:00,NQH20.csv,2663,NQH20.csv,-3.0,8514.5,8514.5,25539.75,25543.5,3.75
43892,10,30,8486.0,7,2020-03-02,2020-03-02 10:30:00,2020-03-02 10:30:00,NQH20.csv,3686,NQH20.csv,7.0,8484.75,8484.75,59402.0,59393.25,8.75
43892,10,45,8541.75,3,2020-03-02,2020-03-02 10:45:00,2020-03-02 10:45:00,NQH20.csv,2621,NQH20.csv,-4.0,8543.0,8543.0,34167.0,34172.0,5.0
43892,11,15,8638.5,7,2020-03-02,2020-03-02 11:15:00,2020-03-02 11:15:00,NQH20.csv,2381,NQH20.csv,4.0,8637.25,8637.25,34554.0,34549.0,5.0
43892,11,30,8659.0,2,2020-03-02,2020-03-02 11:30:00,2020-03-02 11:30:00,NQH20.csv,2076,NQH20.csv,-5.0,8660.25,8660.25,43295.0,43301.25,6.25
43892,12,0,8724.25,6,2020-03-02,2020-03-02 12:00:00,2020-03-02 12:00:00,NQH20.csv,1575,NQH20.csv,4.0,8723.0,8723.0,34897.0,34892.0,5.0
43892,12,15,8696.75,2,2020-03-02,2020-03-02 12:15:00,2020-03-02 12:15:00,NQH20.csv,1554,NQH20.csv,-4.0,8698.5,8673.5,34787.0,34694.0,-93.0
43892,12,30,8682.25,0,2020-03-02,2020-03-02 12:30:00,2020-03-02 12:30:00,NQH20.csv,1352,NQH20.csv,-2.0,8683.5,8683.5,17364.5,17367.0,2.5
43892,12,45,8699.5,4,2020-03-02,2020-03-02 12:45:00,2020-03-02 12:45:00,NQH20.csv,1460,NQH20.csv,4.0,8698.25,8707.75,34798.0,34831.0,-33.0
43892,13,15,8697.0,-2,2020-03-02,2020-03-02 13:15:00,2020-03-02 13:15:00,NQH20.csv,1525,NQH20.csv,-6.0,8698.25,8698.25,52182.0,52189.5,7.5
43892,13,45,8685.75,4,2020-03-02,2020-03-02 13:45:00,2020-03-02 13:45:00,NQH20.csv,1371,NQH20.csv,6.0,8684.5,8684.5,52114.5,52107.0,7.5
43892,14,30,8652.25,8,2020-03-02,2020-03-02 14:30:00,2020-03-02 14:30:00,NQH20.csv,1209,NQH20.csv,4.0,8651.0,8651.0,34609.0,34604.0,5.0
43892,15,30,8706.25,3,2020-03-02,2020-03-02 15:30:00,2020-03-02 15:30:00,NQH20.csv,2001,NQH20.csv,-5.0,8707.5,8707.5,43531.25,43537.5,6.25
43892,15,45,8736.5,1,2020-03-02,2020-03-02 15:45:00,2020-03-02 15:45:00,NQH20.csv,1813,NQH20.csv,-2.0,8737.75,8737.75,17473.0,17475.5,2.5
43892,16,0,8873.5,5,2020-03-02,2020-03-02 16:00:00,2020-03-02 16:00:00,NQH20.csv,7666,NQH20.csv,4.0,8872.25,8872.25,35494.0,35489.0,5.0
43893,2,30,8813.0,4,2020-03-03,2020-03-03 02:30:00,2020-03-03 02:30:00,NQH20.csv,290,NQH20.csv,-1.0,8814.0,8814.0,8813.0,8814.0,1.0
43893,3,30,8856.0,8,2020-03-03,2020-03-03 03:30:00,2020-03-03 03:30:00,NQH20.csv,661,NQH20.csv,4.0,8854.75,8854.75,35424.0,35419.0,5.0
43893,4,30,8870.0,7,2020-03-03,2020-03-03 04:30:00,2020-03-03 04:30:00,NQH20.csv,590,NQH20.csv,-1.0,8871.0,8871.0,8870.0,8871.0,1.0
43893,5,30,8901.5,3,2020-03-03,2020-03-03 05:30:00,2020-03-03 05:30:00,NQH20.csv,395,NQH20.csv,-4.0,8902.5,8902.5,35606.0,35610.0,4.0
43893,6,30,8852.0,7,2020-03-03,2020-03-03 06:30:00,2020-03-03 06:30:00,NQH20.csv,357,NQH20.csv,4.0,8850.75,8850.75,35408.0,35403.0,5.0
43893,7,0,8855.5,3,2020-03-03,2020-03-03 07:00:00,2020-03-03 07:00:00,NQH20.csv,448,NQH20.csv,-4.0,8856.5,8856.5,35422.0,35426.0,4.0
43893,9,45,8826.75,1,2020-03-03,2020-03-03 09:45:00,2020-03-03 09:45:00,NQH20.csv,3409,NQH20.csv,-2.0,8829.0,8829.0,17653.5,17658.0,4.5
43893,10,15,8863.25,3,2020-03-03,2020-03-03 10:15:00,2020-03-03 10:15:00,NQH20.csv,5295,NQH20.csv,2.0,8861.5,8861.5,17726.5,17723.0,3.5
43893,10,30,8898.75,4,2020-03-03,2020-03-03 10:30:00,2020-03-03 10:30:00,NQH20.csv,2822,NQH20.csv,1.0,8897.0,8897.0,8898.75,8897.0,1.75
43893,11,0,8929.5,0,2020-03-03,2020-03-03 11:00:00,2020-03-03 11:00:00,NQH20.csv,1296,NQH20.csv,-4.0,8931.0,8931.0,35718.0,35724.0,6.0
43893,11,30,8717.25,5,2020-03-03,2020-03-03 11:30:00,2020-03-03 11:30:00,NQH20.csv,1597,NQH20.csv,5.0,8715.5,8715.5,43586.25,43577.5,8.75
43893,12,0,8830.0,-1,2020-03-03,2020-03-03 12:00:00,2020-03-03 12:00:00,NQH20.csv,1855,NQH20.csv,-6.0,8831.5,8831.5,52980.0,52989.0,9.0
43893,12,30,8776.75,3,2020-03-03,2020-03-03 12:30:00,2020-03-03 12:30:00,NQH20.csv,1763,NQH20.csv,4.0,8775.5,8775.5,35107.0,35102.0,5.0
43893,12,45,8776.25,-1,2020-03-03,2020-03-03 12:45:00,2020-03-03 12:45:00,NQH20.csv,1416,NQH20.csv,-4.0,8777.5,8777.5,35105.0,35110.0,5.0
43893,13,15,8703.75,3,2020-03-03,2020-03-03 13:15:00,2020-03-03 13:15:00,NQH20.csv,1338,NQH20.csv,4.0,8702.5,8702.5,34815.0,34810.0,5.0
43893,13,45,8619.5,-2,2020-03-03,2020-03-03 13:45:00,2020-03-03 13:45:00,NQH20.csv,2244,NQH20.csv,-5.0,8621.75,8621.75,43097.5,43108.75,11.25
43893,14,0,8589.25,-3,2020-03-03,2020-03-03 14:00:00,2020-03-03 14:00:00,NQH20.csv,3068,NQH20.csv,-1.0,8591.5,8591.5,8589.25,8591.5,2.25
43893,14,15,8581.25,2,2020-03-03,2020-03-03 14:15:00,2020-03-03 14:15:00,NQH20.csv,2315,NQH20.csv,5.0,8580.0,8580.0,42906.25,42900.0,6.25
43893,14,30,8596.5,-2,2020-03-03,2020-03-03 14:30:00,2020-03-03 14:30:00,NQH20.csv,2017,NQH20.csv,-4.0,8598.0,8598.0,34386.0,34392.0,6.0
43893,15,0,8620.75,-3,2020-03-03,2020-03-03 15:00:00,2020-03-03 15:00:00,NQH20.csv,1825,NQH20.csv,-1.0,8622.0,8622.0,8620.75,8622.0,1.25
43893,15,30,8699.75,-5,2020-03-03,2020-03-03 15:30:00,2020-03-03 15:30:00,NQH20.csv,1565,NQH20.csv,-2.0,8701.0,8639.0,17399.5,17278.0,-121.5
43893,15,45,8645.75,-8,2020-03-03,2020-03-03 15:45:00,2020-03-03 15:45:00,NQH20.csv,2873,NQH20.csv,-3.0,8647.25,8647.25,25937.25,25941.75,4.5
43893,16,0,8590.0,3,2020-03-03,2020-03-03 16:00:00,2020-03-03 16:00:00,NQH20.csv,3465,NQH20.csv,11.0,8588.0,8588.0,94490.0,94468.0,22.0
43894,2,30,8718.0,7,2020-03-04,2020-03-04 02:30:00,2020-03-04 02:30:00,NQH20.csv,297,NQH20.csv,4.0,8717.25,8717.25,34872.0,34869.0,3.0
43894,3,30,8710.0,10,2020-03-04,2020-03-04 03:30:00,2020-03-04 03:30:00,NQH20.csv,604,NQH20.csv,3.0,8709.0,8709.0,26130.0,26127.0,3.0
43894,5,15,8770.75,4,2020-03-04,2020-03-04 05:15:00,2020-03-04 05:15:00,NQH20.csv,227,NQH20.csv,-6.0,8771.75,8771.75,52624.5,52630.5,6.0
43894,5,30,8771.25,1,2020-03-04,2020-03-04 05:30:00,2020-03-04 05:30:00,NQH20.csv,198,NQH20.csv,-3.0,8772.25,8772.25,26313.75,26316.75,3.0
43894,5,45,8769.0,7,2020-03-04,2020-03-04 05:45:00,2020-03-04 05:45:00,NQH20.csv,154,NQH20.csv,6.0,8768.25,8768.25,52614.0,52609.5,4.5
43894,6,30,8756.0,-7,2020-03-04,2020-03-04 06:30:00,2020-03-04 06:30:00,NQH20.csv,206,NQH20.csv,-14.0,8757.0,8757.0,122584.0,122598.0,14.0
43894,7,0,8763.5,2,2020-03-04,2020-03-04 07:00:00,2020-03-04 07:00:00,NQH20.csv,216,NQH20.csv,9.0,8762.5,8762.5,78871.5,78862.5,9.0
43894,8,0,8770.25,7,2020-03-04,2020-03-04 08:00:00,2020-03-04 08:00:00,NQH20.csv,646,NQH20.csv,5.0,8769.5,8769.5,43851.25,43847.5,3.75
43894,9,15,8757.5,9,2020-03-04,2020-03-04 09:15:00,2020-03-04 09:15:00,NQH20.csv,598,NQH20.csv,2.0,8756.25,8756.25,17515.0,17512.5,2.5
43894,9,45,8722.25,8,2020-03-04,2020-03-04 09:45:00,2020-03-04 09:45:00,NQH20.csv,2934,NQH20.csv,-1.0,8724.5,8724.5,8722.25,8724.5,2.25
43894,10,15,8748.25,7,2020-03-04,2020-03-04 10:15:00,2020-03-04 10:15:00,NQH20.csv,2179,NQH20.csv,-1.0,8749.75,8749.75,8748.25,8749.75,1.5
43894,10,30,8785.75,11,2020-03-04,2020-03-04 10:30:00,2020-03-04 10:30:00,NQH20.csv,1334,NQH20.csv,4.0,8784.5,8784.5,35143.0,35138.0,5.0
43894,10,35,8760.5,10,2020-03-04,2020-03-04 10:35:00,2020-03-04 10:35:00,NQH20.csv,1879,NQH20.csv,-1.0,8762.75,8762.75,8760.5,8762.75,2.25
43894,11,0,8722.5,3,2020-03-04,2020-03-04 11:00:00,2020-03-04 11:00:00,NQH20.csv,2168,NQH20.csv,-7.0,8724.75,8724.75,61057.5,61073.25,15.75
43894,11,30,8767.75,9,2020-03-04,2020-03-04 11:30:00,2020-03-04 11:30:00,NQH20.csv,1953,NQH20.csv,6.0,8766.5,8766.5,52606.5,52599.0,7.5
43894,11,45,8729.25,5,2020-03-04,2020-03-04 11:45:00,2020-03-04 11:45:00,NQH20.csv,1545,NQH20.csv,-4.0,8730.5,8730.5,34917.0,34922.0,5.0
43894,12,0,8723.25,4,2020-03-04,2020-03-04 12:00:00,2020-03-04 12:00:00,NQH20.csv,1500,NQH20.csv,-1.0,8724.5,8724.5,8723.25,8724.5,1.25
43894,12,15,8753.5,8,2020-03-04,2020-03-04 12:15:00,2020-03-04 12:15:00,NQH20.csv,929,NQH20.csv,4.0,8752.25,8752.25,35014.0,35009.0,5.0
43894,12,30,8770.25,1,2020-03-04,2020-03-04 12:30:00,2020-03-04 12:30:00,NQH20.csv,1214,NQH20.csv,-7.0,8771.5,8771.5,61391.75,61400.5,8.75
43894,12,45,8759.0,5,2020-03-04,2020-03-04 12:45:00,2020-03-04 12:45:00,NQH20.csv,1139,NQH20.csv,4.0,8757.75,8757.75,35036.0,35031.0,5.0
43894,13,0,8817.0,11,2020-03-04,2020-03-04 13:00:00,2020-03-04 13:00:00,NQH20.csv,2017,NQH20.csv,6.0,8815.75,8815.75,52902.0,52894.5,7.5
43894,13,15,8832.5,7,2020-03-04,2020-03-04 13:15:00,2020-03-04 13:15:00,NQH20.csv,1003,NQH20.csv,-4.0,8833.75,8833.75,35330.0,35335.0,5.0
43894,13,30,8846.0,2,2020-03-04,2020-03-04 13:30:00,2020-03-04 13:30:00,NQH20.csv,745,NQH20.csv,-5.0,8847.25,8847.25,44230.0,44236.25,6.25
43894,13,45,8836.25,10,2020-03-04,2020-03-04 13:45:00,2020-03-04 13:45:00,NQH20.csv,542,NQH20.csv,8.0,8835.0,8835.0,70690.0,70680.0,10.0
43894,14,0,8835.0,11,2020-03-04,2020-03-04 14:00:00,2020-03-04 14:00:00,NQH20.csv,799,NQH20.csv,1.0,8833.75,8833.75,8835.0,8833.75,1.25
43894,14,15,8823.0,7,2020-03-04,2020-03-04 14:15:00,2020-03-04 14:15:00,NQH20.csv,925,NQH20.csv,-4.0,8824.25,8824.25,35292.0,35297.0,5.0
43894,14,30,8858.75,9,2020-03-04,2020-03-04 14:30:00,2020-03-04 14:30:00,NQH20.csv,814,NQH20.csv,2.0,8857.5,8857.5,17717.5,17715.0,2.5
43894,15,30,8884.5,3,2020-03-04,2020-03-04 15:30:00,2020-03-04 15:30:00,NQH20.csv,1783,NQH20.csv,-6.0,8885.75,8885.75,53307.0,53314.5,7.5
43894,16,0,8941.0,7,2020-03-04,2020-03-04 16:00:00,2020-03-04 16:00:00,NQH20.csv,4752,NQH20.csv,4.0,8939.5,8939.5,35764.0,35758.0,6.0
43895,2,30,8822.0,3,2020-03-05,2020-03-05 02:30:00,2020-03-05 02:30:00,NQH20.csv,324,NQH20.csv,-4.0,8823.0,8823.0,35288.0,35292.0,4.0
43895,3,30,8801.0,1,2020-03-05,2020-03-05 03:30:00,2020-03-05 03:30:00,NQH20.csv,237,NQH20.csv,-2.0,8802.0,8802.0,17602.0,17604.0,2.0
43895,5,30,8722.25,7,2020-03-05,2020-03-05 05:30:00,2020-03-05 05:30:00,NQH20.csv,642,NQH20.csv,6.0,8721.5,8721.5,52333.5,52329.0,4.5
43895,6,0,8718.0,3,2020-03-05,2020-03-05 06:00:00,2020-03-05 06:00:00,NQH20.csv,813,NQH20.csv,-4.0,8719.0,8719.0,34872.0,34876.0,4.0
43895,6,15,8742.75,4,2020-03-05,2020-03-05 06:15:00,2020-03-05 06:15:00,NQH20.csv,292,NQH20.csv,1.0,8741.75,8741.75,8742.75,8741.75,1.0
43895,6,45,8729.5,3,2020-03-05,2020-03-05 06:45:00,2020-03-05 06:45:00,NQH20.csv,494,NQH20.csv,-1.0,8730.5,8730.5,8729.5,8730.5,1.0
43895,7,0,8736.0,-1,2020-03-05,2020-03-05 07:00:00,2020-03-05 07:00:00,NQH20.csv,561,NQH20.csv,-4.0,8737.0,8737.0,34944.0,34948.0,4.0
43895,7,30,8746.25,3,2020-03-05,2020-03-05 07:30:00,2020-03-05 07:30:00,NQH20.csv,437,NQH20.csv,4.0,8745.25,8745.25,34985.0,34981.0,4.0
43895,9,45,8766.25,1,2020-03-05,2020-03-05 09:45:00,2020-03-05 09:45:00,NQH20.csv,3518,NQH20.csv,-2.0,8767.75,8767.75,17532.5,17535.5,3.0
43895,10,0,8732.75,-1,2020-03-05,2020-03-05 10:00:00,2020-03-05 10:00:00,NQH20.csv,2796,NQH20.csv,-2.0,8735.0,8735.0,17465.5,17470.0,4.5
43895,10,15,8771.75,1,2020-03-05,2020-03-05 10:15:00,2020-03-05 10:15:00,NQH20.csv,1677,NQH20.csv,2.0,8770.0,8770.0,17543.5,17540.0,3.5
43895,11,0,8794.5,3,2020-03-05,2020-03-05 11:00:00,2020-03-05 11:00:00,NQH20.csv,2020,NQH20.csv,2.0,8793.25,8793.25,17589.0,17586.5,2.5
43895,11,30,8855.25,1,2020-03-05,2020-03-05 11:30:00,2020-03-05 11:30:00,NQH20.csv,1185,NQH20.csv,-2.0,8856.5,8856.5,17710.5,17713.0,2.5
43895,11,45,8802.5,-2,2020-03-05,2020-03-05 11:45:00,2020-03-05 11:45:00,NQH20.csv,1403,NQH20.csv,-3.0,8803.75,8803.75,26407.5,26411.25,3.75
43895,12,0,8788.75,4,2020-03-05,2020-03-05 12:00:00,2020-03-05 12:00:00,NQH20.csv,1344,NQH20.csv,6.0,8787.5,8787.5,52732.5,52725.0,7.5
43895,12,15,8761.25,7,2020-03-05,2020-03-05 12:15:00,2020-03-05 12:15:00,NQH20.csv,1268,NQH20.csv,3.0,8760.0,8760.0,26283.75,26280.0,3.75
43895,12,30,8746.5,8,2020-03-05,2020-03-05 12:30:00,2020-03-05 12:30:00,NQH20.csv,990,NQH20.csv,1.0,8745.25,8750.5,8746.5,8750.5,-4.0
43895,12,45,8683.25,2,2020-03-05,2020-03-05 12:45:00,2020-03-05 12:45:00,NQH20.csv,3570,NQH20.csv,-6.0,8684.75,8684.75,52099.5,52108.5,9.0
43895,13,0,8685.25,0,2020-03-05,2020-03-05 13:00:00,2020-03-05 13:00:00,NQH20.csv,1223,NQH20.csv,-2.0,8686.5,8686.5,17370.5,17373.0,2.5
43895,13,15,8673.25,6,2020-03-05,2020-03-05 13:15:00,2020-03-05 13:15:00,NQH20.csv,1569,NQH20.csv,6.0,8672.0,8672.0,52039.5,52032.0,7.5
43895,13,30,8706.25,1,2020-03-05,2020-03-05 13:30:00,2020-03-05 13:30:00,NQH20.csv,1661,NQH20.csv,-5.0,8707.5,8707.5,43531.25,43537.5,6.25
43895,14,0,8719.75,3,2020-03-05,2020-03-05 14:00:00,2020-03-05 14:00:00,NQH20.csv,1664,NQH20.csv,2.0,8718.5,8718.5,17439.5,17437.0,2.5
43895,14,15,8710.75,6,2020-03-05,2020-03-05 14:15:00,2020-03-05 14:15:00,NQH20.csv,1044,NQH20.csv,3.0,8709.5,8709.5,26132.25,26128.5,3.75
43895,14,45,8686.0,3,2020-03-05,2020-03-05 14:45:00,2020-03-05 14:45:00,NQH20.csv,1613,NQH20.csv,-3.0,8687.5,8687.5,26058.0,26062.5,4.5
43895,15,30,8623.25,-3,2020-03-05,2020-03-05 15:30:00,2020-03-05 15:30:00,NQH20.csv,1415,NQH20.csv,-6.0,8624.75,8624.75,51739.5,51748.5,9.0
43895,15,45,8665.75,-7,2020-03-05,2020-03-05 15:45:00,2020-03-05 15:45:00,NQH20.csv,2259,NQH20.csv,-4.0,8667.0,8667.0,34663.0,34668.0,5.0
43895,16,0,8673.0,3,2020-03-05,2020-03-05 16:00:00,2020-03-05 16:00:00,NQH20.csv,3749,NQH20.csv,10.0,8671.25,8671.25,86730.0,86712.5,17.5
43896,2,30,8561.0,11,2020-03-06,2020-03-06 02:30:00,2020-03-06 02:30:00,NQH20.csv,193,NQH20.csv,8.0,8560.0,8560.0,68488.0,68480.0,8.0
43896,3,30,8565.0,4,2020-03-06,2020-03-06 03:30:00,2020-03-06 03:30:00,NQH20.csv,428,NQH20.csv,-7.0,8566.0,8566.0,59955.0,59962.0,7.0
43896,4,30,8534.75,0,2020-03-06,2020-03-06 04:30:00,2020-03-06 04:30:00,NQH20.csv,209,NQH20.csv,-4.0,8535.75,8535.75,34139.0,34143.0,4.0
43896,5,15,8464.75,4,2020-03-06,2020-03-06 05:15:00,2020-03-06 05:15:00,NQH20.csv,420,NQH20.csv,4.0,8463.5,8463.5,33859.0,33854.0,5.0
43896,5,30,8419.75,11,2020-03-06,2020-03-06 05:30:00,2020-03-06 05:30:00,NQH20.csv,793,NQH20.csv,7.0,8418.5,8418.5,58938.25,58929.5,8.75
43896,5,45,8388.0,7,2020-03-06,2020-03-06 05:45:00,2020-03-06 05:45:00,NQH20.csv,519,NQH20.csv,-4.0,8389.5,8389.5,33552.0,33558.0,6.0
43896,6,45,8410.5,6,2020-03-06,2020-03-06 06:45:00,2020-03-06 06:45:00,NQH20.csv,443,NQH20.csv,-1.0,8411.5,8411.5,8410.5,8411.5,1.0
43896,7,0,8408.75,1,2020-03-06,2020-03-06 07:00:00,2020-03-06 07:00:00,NQH20.csv,550,NQH20.csv,-5.0,8409.75,8409.75,42043.75,42048.75,5.0
43896,7,15,8419.75,7,2020-03-06,2020-03-06 07:15:00,2020-03-06 07:15:00,NQH20.csv,307,NQH20.csv,6.0,8418.75,8418.75,50518.5,50512.5,6.0
43896,7,30,8389.25,11,2020-03-06,2020-03-06 07:30:00,2020-03-06 07:30:00,NQH20.csv,634,NQH20.csv,4.0,8388.25,8388.25,33557.0,33553.0,4.0
43896,7,45,8387.75,6,2020-03-06,2020-03-06 07:45:00,2020-03-06 07:45:00,NQH20.csv,746,NQH20.csv,-5.0,8388.75,8388.75,41938.75,41943.75,5.0
43896,8,0,8369.75,7,2020-03-06,2020-03-06 08:00:00,2020-03-06 08:00:00,NQH20.csv,963,NQH20.csv,1.0,8368.5,8368.5,8369.75,8368.5,1.25
43896,9,15,8330.5,9,2020-03-06,2020-03-06 09:15:00,2020-03-06 09:15:00,NQH20.csv,1661,NQH20.csv,2.0,8329.25,8329.25,16661.0,16658.5,2.5
43896,9,45,8432.0,4,2020-03-06,2020-03-06 09:45:00,2020-03-06 09:45:00,NQH20.csv,2202,NQH20.csv,-5.0,8433.5,8433.5,42160.0,42167.5,7.5
43896,10,15,8439.25,7,2020-03-06,2020-03-06 10:15:00,2020-03-06 10:15:00,NQH20.csv,3146,NQH20.csv,3.0,8437.75,8452.75,25317.75,25358.25,-40.5
43896,10,30,8510.25,9,2020-03-06,2020-03-06 10:30:00,2020-03-06 10:30:00,NQH20.csv,3789,NQH20.csv,2.0,8508.75,8508.75,17020.5,17017.5,3.0
43896,11,0,8512.0,1,2020-03-06,2020-03-06 11:00:00,2020-03-06 11:00:00,NQH20.csv,2704,NQH20.csv,-8.0,8514.25,8514.25,68096.0,68114.0,18.0
43896,11,30,8459.0,7,2020-03-06,2020-03-06 11:30:00,2020-03-06 11:30:00,NQH20.csv,2073,NQH20.csv,6.0,8457.75,8473.5,50754.0,50841.0,-87.0
43896,12,0,8436.5,2,2020-03-06,2020-03-06 12:00:00,2020-03-06 12:00:00,NQH20.csv,1982,NQH20.csv,-5.0,8438.0,8438.0,42182.5,42190.0,7.5
43896,12,30,8393.0,8,2020-03-06,2020-03-06 12:30:00,2020-03-06 12:30:00,NQH20.csv,1712,NQH20.csv,6.0,8391.75,8391.75,50358.0,50350.5,7.5
43896,13,0,8420.25,1,2020-03-06,2020-03-06 13:00:00,2020-03-06 13:00:00,NQH20.csv,724,NQH20.csv,-7.0,8421.75,8421.75,58941.75,58952.25,10.5
43896,13,30,8449.0,6,2020-03-06,2020-03-06 13:30:00,2020-03-06 13:30:00,NQH20.csv,1015,NQH20.csv,5.0,8447.75,8447.75,42245.0,42238.75,6.25
43896,13,45,8433.75,0,2020-03-06,2020-03-06 13:45:00,2020-03-06 13:45:00,NQH20.csv,1159,NQH20.csv,-6.0,8435.25,8435.25,50602.5,50611.5,9.0
43896,14,0,8396.75,-1,2020-03-06,2020-03-06 14:00:00,2020-03-06 14:00:00,NQH20.csv,1834,NQH20.csv,-1.0,8398.25,8398.25,8396.75,8398.25,1.5
43896,14,15,8376.25,5,2020-03-06,2020-03-06 14:15:00,2020-03-06 14:15:00,NQH20.csv,605,NQH20.csv,6.0,8375.0,8375.0,50257.5,50250.0,7.5
43896,14,30,8395.75,3,2020-03-06,2020-03-06 14:30:00,2020-03-06 14:30:00,NQH20.csv,1634,NQH20.csv,-2.0,8397.0,8397.0,16791.5,16794.0,2.5
43896,15,0,8337.0,-2,2020-03-06,2020-03-06 15:00:00,2020-03-06 15:00:00,NQH20.csv,1606,NQH20.csv,-5.0,8338.5,8338.5,41685.0,41692.5,7.5
43896,15,30,8369.5,-4,2020-03-06,2020-03-06 15:30:00,2020-03-06 15:30:00,NQH20.csv,3324,NQH20.csv,-2.0,8371.0,8371.0,16739.0,16742.0,3.0
43896,15,45,8451.0,-7,2020-03-06,2020-03-06 15:45:00,2020-03-06 15:45:00,NQH20.csv,3506,NQH20.csv,-3.0,8452.5,8452.5,25353.0,25357.5,4.5
43896,16,0,8523.75,7,2020-03-06,2020-03-06 16:00:00,2020-03-06 16:00:00,NQH20.csv,3600,NQH20.csv,14.0,8522.0,8522.0,119332.5,119308.0,24.5
43896,16,15,8506.5,0,2020-03-06,2020-03-06 16:15:00,2020-03-06 16:15:00,NQH20.csv,2105,NQH20.csv,-7.0,8508.0,8504.0,59545.5,59528.0,-17.5
43899,10,0,8073.0,-2,2020-03-09,2020-03-09 10:00:00,2020-03-09 10:00:00,NQH20.csv,1146,NQH20.csv,-2.0,8074.25,8074.25,16146.0,16148.5,2.5
43899,10,30,8086.25,2,2020-03-09,2020-03-09 10:30:00,2020-03-09 10:30:00,NQH20.csv,998,NQH20.csv,4.0,8085.0,8085.0,32345.0,32340.0,5.0
43899,10,45,8088.0,-1,2020-03-09,2020-03-09 10:45:00,2020-03-09 10:45:00,NQH20.csv,1489,NQH20.csv,-3.0,8089.5,8089.5,24264.0,24268.5,4.5
43899,11,15,8092.25,2,2020-03-09,2020-03-09 11:15:00,2020-03-09 11:15:00,NQH20.csv,824,NQH20.csv,3.0,8091.0,8091.0,24276.75,24273.0,3.75
43899,11,30,8123.75,-1,2020-03-09,2020-03-09 11:30:00,2020-03-09 11:30:00,NQH20.csv,1032,NQH20.csv,-3.0,8125.0,8125.0,24371.25,24375.0,3.75
43899,12,0,8193.0,3,2020-03-09,2020-03-09 12:00:00,2020-03-09 12:00:00,NQH20.csv,924,NQH20.csv,4.0,8191.75,8191.75,32772.0,32767.0,5.0
43899,12,15,8211.5,-3,2020-03-09,2020-03-09 12:15:00,2020-03-09 12:15:00,NQH20.csv,592,NQH20.csv,-6.0,8212.75,8212.75,49269.0,49276.5,7.5
43899,12,30,8154.0,-7,2020-03-09,2020-03-09 12:30:00,2020-03-09 12:30:00,NQH20.csv,928,NQH20.csv,-4.0,8155.5,8155.5,32616.0,32622.0,6.0
43899,12,45,8114.0,-1,2020-03-09,2020-03-09 12:45:00,2020-03-09 12:45:00,NQH20.csv,972,NQH20.csv,6.0,8112.75,8112.75,48684.0,48676.5,7.5
43899,13,30,8091.5,2,2020-03-09,2020-03-09 13:30:00,2020-03-09 13:30:00,NQH20.csv,584,NQH20.csv,3.0,8090.25,8090.25,24274.5,24270.75,3.75
43899,13,45,8020.25,-3,2020-03-09,2020-03-09 13:45:00,2020-03-09 13:45:00,NQH20.csv,1458,NQH20.csv,-5.0,8021.75,8021.75,40101.25,40108.75,7.5
43899,14,0,8010.5,-4,2020-03-09,2020-03-09 14:00:00,2020-03-09 14:00:00,NQH20.csv,1694,NQH20.csv,-1.0,8012.0,8012.0,8010.5,8012.0,1.5
43899,14,15,8015.75,1,2020-03-09,2020-03-09 14:15:00,2020-03-09 14:15:00,NQH20.csv,2903,NQH20.csv,5.0,8014.5,8053.5,40078.75,40267.5,-188.75
43899,14,30,7990.5,0,2020-03-09,2020-03-09 14:30:00,2020-03-09 14:30:00,NQH20.csv,1042,NQH20.csv,-1.0,7992.0,7992.0,7990.5,7992.0,1.5
43899,15,0,8033.0,2,2020-03-09,2020-03-09 15:00:00,2020-03-09 15:00:00,NQH20.csv,1200,NQH20.csv,2.0,8031.75,8031.75,16066.0,16063.5,2.5
43899,15,30,8048.75,-3,2020-03-09,2020-03-09 15:30:00,2020-03-09 15:30:00,NQH20.csv,1642,NQH20.csv,-5.0,8050.0,8050.0,40243.75,40250.0,6.25
43899,16,0,7936.0,0,2020-03-09,2020-03-09 16:00:00,2020-03-09 16:00:00,NQH20.csv,5721,NQH20.csv,3.0,7934.75,7934.75,23808.0,23804.25,3.75
43900,2,30,8241.0,4,2020-03-10,2020-03-10 02:30:00,2020-03-10 02:30:00,NQH20.csv,186,NQH20.csv,4.0,8240.0,8262.25,32964.0,33049.0,-85.0
43900,4,30,8215.0,3,2020-03-10,2020-03-10 04:30:00,2020-03-10 04:30:00,NQH20.csv,188,NQH20.csv,-1.0,8216.0,8216.0,8215.0,8216.0,1.0
43900,5,45,8310.25,1,2020-03-10,2020-03-10 05:45:00,2020-03-10 05:45:00,NQH20.csv,298,NQH20.csv,-2.0,8311.25,8311.25,16620.5,16622.5,2.0
43900,6,0,8322.0,-5,2020-03-10,2020-03-10 06:00:00,2020-03-10 06:00:00,NQH20.csv,215,NQH20.csv,-6.0,8323.0,8323.0,49932.0,49938.0,6.0
43900,6,15,8335.5,-3,2020-03-10,2020-03-10 06:15:00,2020-03-10 06:15:00,NQH20.csv,277,NQH20.csv,2.0,8334.5,8334.5,16671.0,16669.0,2.0
43900,6,30,8308.0,0,2020-03-10,2020-03-10 06:30:00,2020-03-10 06:30:00,NQH20.csv,97,NQH20.csv,3.0,8307.0,8307.0,24924.0,24921.0,3.0
43900,7,0,8331.0,-3,2020-03-10,2020-03-10 07:00:00,2020-03-10 07:00:00,NQH20.csv,283,NQH20.csv,-3.0,8332.0,8332.0,24993.0,24996.0,3.0
43900,8,0,8274.0,3,2020-03-10,2020-03-10 08:00:00,2020-03-10 08:00:00,NQH20.csv,326,NQH20.csv,6.0,8273.0,8273.0,49644.0,49638.0,6.0
43900,9,15,8227.0,6,2020-03-10,2020-03-10 09:15:00,2020-03-10 09:15:00,NQH20.csv,540,NQH20.csv,3.0,8226.0,8226.0,24681.0,24678.0,3.0
43900,9,45,8164.0,5,2020-03-10,2020-03-10 09:45:00,2020-03-10 09:45:00,NQH20.csv,3069,NQH20.csv,-1.0,8166.25,8166.25,8164.0,8166.25,2.25
43900,10,15,8244.5,3,2020-03-10,2020-03-10 10:15:00,2020-03-10 10:15:00,NQH20.csv,1772,NQH20.csv,-2.0,8246.0,8246.0,16489.0,16492.0,3.0
43900,10,30,8191.75,-2,2020-03-10,2020-03-10 10:30:00,2020-03-10 10:30:00,NQH20.csv,1650,NQH20.csv,-5.0,8193.25,8193.25,40958.75,40966.25,7.5
43900,11,0,8084.0,3,2020-03-10,2020-03-10 11:00:00,2020-03-10 11:00:00,NQH20.csv,2657,NQH20.csv,5.0,8082.0,8082.0,40420.0,40410.0,10.0
43900,11,15,8074.75,0,2020-03-10,2020-03-10 11:15:00,2020-03-10 11:15:00,NQH20.csv,2492,NQH20.csv,-3.0,8077.0,8077.0,24224.25,24231.0,6.75
43900,11,30,7986.75,2,2020-03-10,2020-03-10 11:30:00,2020-03-10 11:30:00,NQH20.csv,3828,NQH20.csv,2.0,7984.75,7984.75,15973.5,15969.5,4.0
43900,12,0,8004.75,0,2020-03-10,2020-03-10 12:00:00,2020-03-10 12:00:00,NQH20.csv,2195,NQH20.csv,-2.0,8006.25,8006.25,16009.5,16012.5,3.0
43900,12,15,8119.0,3,2020-03-10,2020-03-10 12:15:00,2020-03-10 12:15:00,NQH20.csv,1389,NQH20.csv,3.0,8117.75,8117.75,24357.0,24353.25,3.75
43900,12,45,8095.0,7,2020-03-10,2020-03-10 12:45:00,2020-03-10 12:45:00,NQH20.csv,3156,NQH20.csv,4.0,8093.5,8093.5,32380.0,32374.0,6.0
43900,13,0,8091.0,-2,2020-03-10,2020-03-10 13:00:00,2020-03-10 13:00:00,NQH20.csv,2382,NQH20.csv,-9.0,8093.25,8059.0,72819.0,72531.0,-288.0
43900,13,15,8128.0,-6,2020-03-10,2020-03-10 13:15:00,2020-03-10 13:15:00,NQH20.csv,856,NQH20.csv,-4.0,8129.25,8129.25,32512.0,32517.0,5.0
43900,13,30,8122.5,3,2020-03-10,2020-03-10 13:30:00,2020-03-10 13:30:00,NQH20.csv,2915,NQH20.csv,9.0,8121.25,8121.25,73102.5,73091.25,11.25
43900,13,45,8087.5,-2,2020-03-10,2020-03-10 13:45:00,2020-03-10 13:45:00,NQH20.csv,488,NQH20.csv,-5.0,8089.0,8066.0,40437.5,40330.0,-107.5
43900,14,0,8055.5,0,2020-03-10,2020-03-10 14:00:00,2020-03-10 14:00:00,NQH20.csv,1965,NQH20.csv,2.0,8054.25,8054.25,16111.0,16108.5,2.5
43900,14,15,8084.5,5,2020-03-10,2020-03-10 14:15:00,2020-03-10 14:15:00,NQH20.csv,2263,NQH20.csv,5.0,8083.25,8083.25,40422.5,40416.25,6.25
43900,14,45,8170.5,6,2020-03-10,2020-03-10 14:45:00,2020-03-10 14:45:00,NQH20.csv,924,NQH20.csv,1.0,8169.25,8169.25,8170.5,8169.25,1.25
43900,15,0,8201.25,7,2020-03-10,2020-03-10 15:00:00,2020-03-10 15:00:00,NQH20.csv,1345,NQH20.csv,1.0,8200.0,8200.0,8201.25,8200.0,1.25
43900,15,15,8239.0,6,2020-03-10,2020-03-10 15:15:00,2020-03-10 15:15:00,NQH20.csv,959,NQH20.csv,-1.0,8240.25,8240.25,8239.0,8240.25,1.25
43900,15,45,8266.25,2,2020-03-10,2020-03-10 15:45:00,2020-03-10 15:45:00,NQH20.csv,913,NQH20.csv,-4.0,8267.5,8267.5,33065.0,33070.0,5.0
43900,16,0,8359.25,3,2020-03-10,2020-03-10 16:00:00,2020-03-10 16:00:00,NQH20.csv,5019,NQH20.csv,1.0,8357.75,8357.75,8359.25,8357.75,1.5
43901,2,30,8146.0,4,2020-03-11,2020-03-11 02:30:00,2020-03-11 02:30:00,NQH20.csv,138,NQH20.csv,1.0,8145.0,8145.0,8146.0,8145.0,1.0
43901,5,15,8206.0,6,2020-03-11,2020-03-11 05:15:00,2020-03-11 05:15:00,NQH20.csv,156,NQH20.csv,2.0,8205.0,8205.0,16412.0,16410.0,2.0
43901,5,45,8172.25,4,2020-03-11,2020-03-11 05:45:00,2020-03-11 05:45:00,NQH20.csv,129,NQH20.csv,-2.0,8173.25,8173.25,16344.5,16346.5,2.0
43901,6,0,8185.75,5,2020-03-11,2020-03-11 06:00:00,2020-03-11 06:00:00,NQH20.csv,128,NQH20.csv,1.0,8184.75,8184.75,8185.75,8184.75,1.0
43901,6,30,8142.75,0,2020-03-11,2020-03-11 06:30:00,2020-03-11 06:30:00,NQH20.csv,145,NQH20.csv,-5.0,8143.75,8143.75,40713.75,40718.75,5.0
43901,6,45,8185.0,-5,2020-03-11,2020-03-11 06:45:00,2020-03-11 06:45:00,NQH20.csv,258,NQH20.csv,-5.0,8186.0,8186.0,40925.0,40930.0,5.0
43901,7,15,8162.5,0,2020-03-11,2020-03-11 07:15:00,2020-03-11 07:15:00,NQH20.csv,187,NQH20.csv,5.0,8161.5,8161.5,40812.5,40807.5,5.0
43901,7,30,8142.0,3,2020-03-11,2020-03-11 07:30:00,2020-03-11 07:30:00,NQH20.csv,348,NQH20.csv,3.0,8141.0,8141.0,24426.0,24423.0,3.0
43901,8,0,8134.75,-3,2020-03-11,2020-03-11 08:00:00,2020-03-11 08:00:00,NQH20.csv,309,NQH20.csv,-6.0,8135.75,8135.75,48808.5,48814.5,6.0
43901,8,30,8109.0,4,2020-03-11,2020-03-11 08:30:00,2020-03-11 08:30:00,NQH20.csv,287,NQH20.csv,7.0,8108.0,8108.0,56763.0,56756.0,7.0
43901,9,15,8108.75,7,2020-03-11,2020-03-11 09:15:00,2020-03-11 09:15:00,NQH20.csv,380,NQH20.csv,3.0,8107.75,8107.75,24326.25,24323.25,3.0
43901,10,15,8194.75,4,2020-03-11,2020-03-11 10:15:00,2020-03-11 10:15:00,NQH20.csv,2132,NQH20.csv,-3.0,8196.25,8196.25,24584.25,24588.75,4.5
43901,10,45,8108.25,0,2020-03-11,2020-03-11 10:45:00,2020-03-11 10:45:00,NQH20.csv,1541,NQH20.csv,-4.0,8110.5,8110.5,32433.0,32442.0,9.0
43901,11,15,8123.5,4,2020-03-11,2020-03-11 11:15:00,2020-03-11 11:15:00,NQH20.csv,2021,NQH20.csv,4.0,8122.0,8122.0,32494.0,32488.0,6.0
43901,11,30,8075.75,5,2020-03-11,2020-03-11 11:30:00,2020-03-11 11:30:00,NQH20.csv,1301,NQH20.csv,1.0,8074.5,8074.5,8075.75,8074.5,1.25
43901,11,45,8089.0,3,2020-03-11,2020-03-11 11:45:00,2020-03-11 11:45:00,NQH20.csv,1989,NQH20.csv,-2.0,8090.5,8090.5,16178.0,16181.0,3.0
43901,12,0,8099.25,-2,2020-03-11,2020-03-11 12:00:00,2020-03-11 12:00:00,NQH20.csv,1369,NQH20.csv,-5.0,8100.5,8100.5,40496.25,40502.5,6.25
43901,12,15,8145.25,0,2020-03-11,2020-03-11 12:15:00,2020-03-11 12:15:00,NQH20.csv,1190,NQH20.csv,2.0,8144.0,8172.0,16290.5,16344.0,-53.5
43901,12,30,8113.0,4,2020-03-11,2020-03-11 12:30:00,2020-03-11 12:30:00,NQH20.csv,2117,NQH20.csv,4.0,8111.75,8111.75,32452.0,32447.0,5.0
43901,12,45,8057.5,-1,2020-03-11,2020-03-11 12:45:00,2020-03-11 12:45:00,NQH20.csv,2845,NQH20.csv,-5.0,8059.0,8059.0,40287.5,40295.0,7.5
43901,13,15,8020.75,4,2020-03-11,2020-03-11 13:15:00,2020-03-11 13:15:00,NQH20.csv,1976,NQH20.csv,5.0,8019.5,8019.5,40103.75,40097.5,6.25
43901,13,30,8055.25,-1,2020-03-11,2020-03-11 13:30:00,2020-03-11 13:30:00,NQH20.csv,1589,NQH20.csv,-5.0,8056.5,8056.5,40276.25,40282.5,6.25
43901,14,0,8039.75,2,2020-03-11,2020-03-11 14:00:00,2020-03-11 14:00:00,NQH20.csv,1382,NQH20.csv,3.0,8038.5,8038.5,24119.25,24115.5,3.75
43901,14,15,7992.0,4,2020-03-11,2020-03-11 14:15:00,2020-03-11 14:15:00,NQH20.csv,1322,NQH20.csv,2.0,7990.5,7990.5,15984.0,15981.0,3.0
43901,14,30,7973.0,0,2020-03-11,2020-03-11 14:30:00,2020-03-11 14:30:00,NQH20.csv,2248,NQH20.csv,-4.0,7974.5,7974.5,31892.0,31898.0,6.0
43901,14,45,7993.0,1,2020-03-11,2020-03-11 14:45:00,2020-03-11 14:45:00,NQH20.csv,1189,NQH20.csv,1.0,7991.75,7991.75,7993.0,7991.75,1.25
43901,15,15,7904.75,-2,2020-03-11,2020-03-11 15:15:00,2020-03-11 15:15:00,NQH20.csv,1553,NQH20.csv,-3.0,7906.25,7906.25,23714.25,23718.75,4.5
43901,15,30,7953.25,-6,2020-03-11,2020-03-11 15:30:00,2020-03-11 15:30:00,NQH20.csv,2080,NQH20.csv,-4.0,7954.75,7954.75,31813.0,31819.0,6.0
43901,15,45,8023.75,-5,2020-03-11,2020-03-11 15:45:00,2020-03-11 15:45:00,NQH20.csv,2672,NQH20.csv,1.0,8022.25,8022.25,8023.75,8022.25,1.5
43901,16,0,7998.75,4,2020-03-11,2020-03-11 16:00:00,2020-03-11 16:00:00,NQH20.csv,3179,NQH20.csv,9.0,7996.75,7996.75,71988.75,71970.75,18.0
43902,2,30,7676.5,9,2020-03-12,2020-03-12 02:30:00,2020-03-12 02:30:00,NQH20.csv,96,NQH20.csv,5.0,7675.5,7675.5,38382.5,38377.5,5.0
43902,3,30,7654.5,1,2020-03-12,2020-03-12 03:30:00,2020-03-12 03:30:00,NQH20.csv,357,NQH20.csv,-8.0,7655.5,7655.5,61236.0,61244.0,8.0
43902,4,30,7649.75,-4,2020-03-12,2020-03-12 04:30:00,2020-03-12 04:30:00,NQH20.csv,339,NQH20.csv,-5.0,7650.75,7650.75,38248.75,38253.75,5.0
43902,5,0,7623.0,0,2020-03-12,2020-03-12 05:00:00,2020-03-12 05:00:00,NQH20.csv,209,NQH20.csv,4.0,7622.0,7622.0,30492.0,30488.0,4.0
43902,5,30,7603.5,4,2020-03-12,2020-03-12 05:30:00,2020-03-12 05:30:00,NQH20.csv,207,NQH20.csv,4.0,7602.5,7602.5,30414.0,30410.0,4.0
43902,6,15,7613.75,5,2020-03-12,2020-03-12 06:15:00,2020-03-12 06:15:00,NQH20.csv,220,NQH20.csv,1.0,7612.75,7612.75,7613.75,7612.75,1.0
43902,6,45,7620.0,7,2020-03-12,2020-03-12 06:45:00,2020-03-12 06:45:00,NQH20.csv,129,NQH20.csv,2.0,7619.0,7619.0,15240.0,15238.0,2.0
43902,7,0,7641.5,-1,2020-03-12,2020-03-12 07:00:00,2020-03-12 07:00:00,NQH20.csv,259,NQH20.csv,-8.0,7642.5,7642.5,61132.0,61140.0,8.0
43902,7,15,7617.25,-4,2020-03-12,2020-03-12 07:15:00,2020-03-12 07:15:00,NQH20.csv,163,NQH20.csv,-3.0,7618.25,7618.25,22851.75,22854.75,3.0
43902,7,30,7607.5,11,2020-03-12,2020-03-12 07:30:00,2020-03-12 07:30:00,NQH20.csv,118,NQH20.csv,15.0,7606.5,7606.5,114112.5,114097.5,15.0
43902,8,0,7601.5,-2,2020-03-12,2020-03-12 08:00:00,2020-03-12 08:00:00,NQH20.csv,20,NQH20.csv,-13.0,7602.5,7601.5,98819.5,98819.5,-0.0
43902,8,30,7601.5,4,2020-03-12,2020-03-12 08:30:00,2020-03-12 08:30:00,NQH20.csv,42,NQH20.csv,6.0,7600.5,7601.5,45609.0,45609.0,0.0
43902,10,0,7556.25,-2,2020-03-12,2020-03-12 10:00:00,2020-03-12 10:00:00,NQH20.csv,3320,NQH20.csv,-6.0,7557.5,7557.5,45337.5,45345.0,7.5
43902,10,30,7539.75,-3,2020-03-12,2020-03-12 10:30:00,2020-03-12 10:30:00,NQH20.csv,1912,NQH20.csv,-1.0,7541.0,7541.0,7539.75,7541.0,1.25
43902,10,45,7534.0,-6,2020-03-12,2020-03-12 10:45:00,2020-03-12 10:45:00,NQH20.csv,1233,NQH20.csv,-3.0,7535.5,7535.5,22602.0,22606.5,4.5
43902,11,0,7578.0,0,2020-03-12,2020-03-12 11:00:00,2020-03-12 11:00:00,NQH20.csv,1362,NQH20.csv,6.0,7576.75,7576.75,45468.0,45460.5,7.5
43902,11,15,7473.25,-1,2020-03-12,2020-03-12 11:15:00,2020-03-12 11:15:00,NQH20.csv,1811,NQH20.csv,-1.0,7474.75,7474.75,7473.25,7474.75,1.5
43902,11,30,7466.0,-7,2020-03-12,2020-03-12 11:30:00,2020-03-12 11:30:00,NQH20.csv,1079,NQH20.csv,-6.0,7467.5,7467.5,44796.0,44805.0,9.0
43902,11,45,7425.75,-3,2020-03-12,2020-03-12 11:45:00,2020-03-12 11:45:00,NQH20.csv,1207,NQH20.csv,4.0,7424.25,7424.25,29703.0,29697.0,6.0
43902,12,15,7362.25,-4,2020-03-12,2020-03-12 12:15:00,2020-03-12 12:15:00,NQH20.csv,1429,NQH20.csv,-1.0,7363.75,7363.75,7362.25,7363.75,1.5
43902,12,45,7371.75,-3,2020-03-12,2020-03-12 12:45:00,2020-03-12 12:45:00,NQH20.csv,1133,NQH20.csv,1.0,7370.25,7370.25,7371.75,7370.25,1.5
43902,13,0,7591.25,-2,2020-03-12,2020-03-12 13:00:00,2020-03-12 13:00:00,NQH20.csv,2868,NQH20.csv,1.0,7590.0,7590.0,7591.25,7590.0,1.25
43902,13,15,7597.75,-4,2020-03-12,2020-03-12 13:15:00,2020-03-12 13:15:00,NQH20.csv,2358,NQH20.csv,-2.0,7600.0,7600.0,15195.5,15200.0,4.5
43902,13,45,7474.75,-2,2020-03-12,2020-03-12 13:45:00,2020-03-12 13:45:00,NQH20.csv,1069,NQH20.csv,2.0,7473.25,7473.25,14949.5,14946.5,3.0
43902,14,0,7552.25,2,2020-03-12,2020-03-12 14:00:00,2020-03-12 14:00:00,NQH20.csv,2096,NQH20.csv,4.0,7551.0,7551.0,30209.0,30204.0,5.0
43902,14,30,7428.75,-2,2020-03-12,2020-03-12 14:30:00,2020-03-12 14:30:00,NQH20.csv,1017,NQH20.csv,-4.0,7430.25,7430.25,29715.0,29721.0,6.0
43902,15,30,7344.75,-7,2020-03-12,2020-03-12 15:30:00,2020-03-12 15:30:00,NQH20.csv,1055,NQH20.csv,-5.0,7346.25,7346.25,36723.75,36731.25,7.5
43902,16,0,7262.25,4,2020-03-12,2020-03-12 16:00:00,2020-03-12 16:00:00,NQH20.csv,5546,NQH20.csv,11.0,7260.25,7260.25,79884.75,79862.75,22.0
43903,2,30,7368.75,7,2020-03-13,2020-03-13 02:30:00,2020-03-13 02:30:00,NQH20.csv,78,NQH20.csv,3.0,7367.75,7367.75,22106.25,22103.25,3.0
43903,3,30,7514.0,1,2020-03-13,2020-03-13 03:30:00,2020-03-13 03:30:00,NQH20.csv,369,NQH20.csv,-6.0,7515.0,7515.0,45084.0,45090.0,6.0
43903,4,30,7500.25,-2,2020-03-13,2020-03-13 04:30:00,2020-03-13 04:30:00,NQH20.csv,272,NQH20.csv,-3.0,7501.25,7446.5,22500.75,22339.5,-161.25
43903,5,30,7491.25,4,2020-03-13,2020-03-13 05:30:00,2020-03-13 05:30:00,NQH20.csv,98,NQH20.csv,6.0,7490.25,7490.25,44947.5,44941.5,6.0
43903,6,45,7546.5,0,2020-03-13,2020-03-13 06:45:00,2020-03-13 06:45:00,NQH20.csv,214,NQH20.csv,-4.0,7547.5,7547.5,30186.0,30190.0,4.0
43903,7,15,7622.75,4,2020-03-13,2020-03-13 07:15:00,2020-03-13 07:15:00,NQH20.csv,8,NQH20.csv,4.0,7621.75,7622.75,30491.0,30491.0,0.0
43903,10,45,7518.25,0,2020-03-13,2020-03-13 10:45:00,2020-03-13 10:45:00,NQH20.csv,820,NQH20.csv,-4.0,7519.75,7519.75,30073.0,30079.0,6.0
43903,11,15,7520.0,4,2020-03-13,2020-03-13 11:15:00,2020-03-13 11:15:00,NQH20.csv,970,NQH20.csv,4.0,7518.75,7518.75,30080.0,30075.0,5.0
43903,11,45,7351.75,0,2020-03-13,2020-03-13 11:45:00,2020-03-13 11:45:00,NQM20.csv,1133,NQM20.csv,-4.0,7340.5,7294.5,29407.0,29178.0,-229.0
43903,12,15,7403.25,4,2020-03-13,2020-03-13 12:15:00,2020-03-13 12:15:00,NQM20.csv,829,NQM20.csv,4.0,7391.0,7391.0,29613.0,29564.0,49.0
43903,13,15,7495.5,1,2020-03-13,2020-03-13 13:15:00,2020-03-13 13:15:00,NQM20.csv,632,NQM20.csv,-3.0,7482.75,7482.75,22486.5,22448.25,-38.25
43903,13,45,7552.0,4,2020-03-13,2020-03-13 13:45:00,2020-03-13 13:45:00,NQM20.csv,453,NQH20.csv,3.0,7551.0,7579.0,22656.0,22737.0,-81.0
43903,14,0,7571.25,2,2020-03-13,2020-03-13 14:00:00,2020-03-13 14:00:00,NQH20.csv,572,NQH20.csv,-2.0,7572.25,7572.25,15142.5,15144.5,2.0
43903,14,15,7492.25,-1,2020-03-13,2020-03-13 14:15:00,2020-03-13 14:15:00,NQM20.csv,372,NQH20.csv,-3.0,7493.25,7493.25,22476.75,22479.75,3.0
43903,14,30,7447.5,1,2020-03-13,2020-03-13 14:30:00,2020-03-13 14:30:00,NQH20.csv,446,NQH20.csv,2.0,7446.5,7446.5,14895.0,14893.0,2.0
43903,14,45,7495.25,4,2020-03-13,2020-03-13 14:45:00,2020-03-13 14:45:00,NQM20.csv,532,NQM20.csv,3.0,7477.75,7477.75,22485.75,22433.25,52.5
43903,15,0,7495.0,7,2020-03-13,2020-03-13 15:00:00,2020-03-13 15:00:00,NQM20.csv,1021,NQM20.csv,3.0,7480.0,7480.0,22485.0,22440.0,45.0
43903,15,45,7635.5,4,2020-03-13,2020-03-13 15:45:00,2020-03-13 15:45:00,NQH20.csv,656,NQH20.csv,-3.0,7636.75,7636.75,22906.5,22910.25,3.75
43903,16,15,7914.25,0,2020-03-13,2020-03-13 16:15:00,2020-03-13 16:15:00,NQH20.csv,1809,NQH20.csv,-4.0,7915.5,7910.0,31657.0,31640.0,-17.0
43906,10,0,7236.0,-2,2020-03-16,2020-03-16 10:00:00,2020-03-16 10:00:00,NQM20.csv,1565,NQM20.csv,-2.0,7218.25,7218.25,14472.0,14436.5,-35.5
43906,10,30,7264.75,-3,2020-03-16,2020-03-16 10:30:00,2020-03-16 10:30:00,NQM20.csv,1168,NQM20.csv,-1.0,7244.75,7244.75,7264.75,7244.75,-20.0
43906,11,0,7400.0,0,2020-03-16,2020-03-16 11:00:00,2020-03-16 11:00:00,NQH20.csv,660,NQH20.csv,3.0,7398.75,7398.75,22200.0,22196.25,3.75
43906,11,30,7548.0,-6,2020-03-16,2020-03-16 11:30:00,2020-03-16 11:30:00,NQM20.csv,979,NQM20.csv,-6.0,7526.5,7526.5,45288.0,45159.0,-129.0
43906,11,45,7458.25,-7,2020-03-16,2020-03-16 11:45:00,2020-03-16 11:45:00,NQM20.csv,346,NQM20.csv,-1.0,7438.25,7438.25,7458.25,7438.25,-20.0
43906,12,0,7509.5,0,2020-03-16,2020-03-16 12:00:00,2020-03-16 12:00:00,NQH20.csv,571,NQH20.csv,7.0,7508.5,7508.5,52566.5,52559.5,7.0
43906,12,30,7418.0,-1,2020-03-16,2020-03-16 12:30:00,2020-03-16 12:30:00,NQH20.csv,525,NQH20.csv,-1.0,7419.0,7419.0,7418.0,7419.0,1.0
43906,12,45,7436.0,2,2020-03-16,2020-03-16 12:45:00,2020-03-16 12:45:00,NQM20.csv,360,NQH20.csv,3.0,7435.0,7435.0,22308.0,22305.0,3.0
43906,13,0,7355.25,4,2020-03-16,2020-03-16 13:00:00,2020-03-16 13:00:00,NQM20.csv,417,NQM20.csv,2.0,7332.75,7332.75,14710.5,14665.5,45.0
43906,13,15,7395.0,-1,2020-03-16,2020-03-16 13:15:00,2020-03-16 13:15:00,NQM20.csv,904,NQM20.csv,-5.0,7376.25,7376.25,36975.0,36881.25,-93.75
43906,13,30,7339.0,1,2020-03-16,2020-03-16 13:30:00,2020-03-16 13:30:00,NQM20.csv,1321,NQM20.csv,2.0,7317.5,7317.5,14678.0,14635.0,43.0
43906,14,0,7291.25,-1,2020-03-16,2020-03-16 14:00:00,2020-03-16 14:00:00,NQM20.csv,505,NQM20.csv,-2.0,7273.25,7273.25,14582.5,14546.5,-36.0
43906,14,15,7268.5,2,2020-03-16,2020-03-16 14:15:00,2020-03-16 14:15:00,NQM20.csv,685,NQM20.csv,3.0,7253.0,7253.0,21805.5,21759.0,46.5
43906,14,30,7285.0,0,2020-03-16,2020-03-16 14:30:00,2020-03-16 14:30:00,NQM20.csv,682,NQM20.csv,-2.0,7268.5,7268.5,14570.0,14537.0,-33.0
43906,14,45,7283.0,1,2020-03-16,2020-03-16 14:45:00,2020-03-16 14:45:00,NQM20.csv,884,NQM20.csv,1.0,7265.5,7265.5,7283.0,7265.5,17.5
43906,15,0,7336.0,5,2020-03-16,2020-03-16 15:00:00,2020-03-16 15:00:00,NQM20.csv,395,NQM20.csv,4.0,7318.75,7318.75,29344.0,29275.0,69.0
43906,15,15,7282.25,4,2020-03-16,2020-03-16 15:15:00,2020-03-16 15:15:00,NQH20.csv,478,NQH20.csv,-1.0,7283.25,7283.25,7282.25,7283.25,1.0
43906,15,30,7249.75,0,2020-03-16,2020-03-16 15:30:00,2020-03-16 15:30:00,NQM20.csv,1284,NQM20.csv,-4.0,7234.75,7159.75,28999.0,28639.0,-360.0
43906,15,45,7276.25,-4,2020-03-16,2020-03-16 15:45:00,2020-03-16 15:45:00,NQM20.csv,1702,NQM20.csv,-4.0,7264.0,7148.75,29105.0,28595.0,-510.0
43906,16,0,6951.75,0,2020-03-16,2020-03-16 16:00:00,2020-03-16 16:00:00,NQM20.csv,4543,NQM20.csv,4.0,6938.25,7046.5,27807.0,28186.0,-379.0
43907,5,15,7130.25,3,2020-03-17,2020-03-17 05:15:00,2020-03-17 05:15:00,NQM20.csv,264,NQM20.csv,3.0,7128.0,7128.0,21390.75,21384.0,6.75
43907,5,45,7037.0,0,2020-03-17,2020-03-17 05:45:00,2020-03-17 05:45:00,NQM20.csv,92,NQM20.csv,-3.0,7039.25,7039.25,21111.0,21117.75,6.75
43907,6,0,7083.0,-6,2020-03-17,2020-03-17 06:00:00,2020-03-17 06:00:00,NQM20.csv,183,NQH20.csv,-6.0,7101.25,7101.25,42498.0,42607.5,109.5
43907,6,15,7159.5,-5,2020-03-17,2020-03-17 06:15:00,2020-03-17 06:15:00,NQH20.csv,224,NQH20.csv,1.0,7181.25,7181.25,7159.5,7181.25,-21.75
43907,6,45,7133.0,-6,2020-03-17,2020-03-17 06:45:00,2020-03-17 06:45:00,NQH20.csv,165,NQH20.csv,-1.0,7152.75,7152.75,7133.0,7152.75,19.75
43907,7,30,7176.0,-1,2020-03-17,2020-03-17 07:30:00,2020-03-17 07:30:00,NQM20.csv,310,NQM20.csv,5.0,7173.75,7173.75,35880.0,35868.75,11.25
43907,7,45,7105.5,-6,2020-03-17,2020-03-17 07:45:00,2020-03-17 07:45:00,NQH20.csv,137,NQM20.csv,-5.0,7107.75,7107.75,35527.5,35538.75,11.25
43907,8,0,7092.25,-1,2020-03-17,2020-03-17 08:00:00,2020-03-17 08:00:00,NQM20.csv,289,NQM20.csv,5.0,7090.0,7090.0,35461.25,35450.0,11.25
43907,8,15,7133.25,4,2020-03-17,2020-03-17 08:15:00,2020-03-17 08:15:00,NQM20.csv,181,NQM20.csv,5.0,7131.0,7131.0,35666.25,35655.0,11.25
43907,8,30,7143.0,0,2020-03-17,2020-03-17 08:30:00,2020-03-17 08:30:00,NQM20.csv,211,NQM20.csv,-4.0,7145.25,7145.25,28572.0,28581.0,9.0
43907,9,15,7160.75,4,2020-03-17,2020-03-17 09:15:00,2020-03-17 09:15:00,NQM20.csv,269,NQM20.csv,4.0,7158.5,7158.5,28643.0,28634.0,9.0
43907,10,0,6967.75,1,2020-03-17,2020-03-17 10:00:00,2020-03-17 10:00:00,NQM20.csv,1334,NQM20.csv,-3.0,6970.0,6970.0,20903.25,20910.0,6.75
43907,10,15,7056.0,-3,2020-03-17,2020-03-17 10:15:00,2020-03-17 10:15:00,NQM20.csv,1607,NQM20.csv,-4.0,7058.25,7058.25,28224.0,28233.0,9.0
43907,10,30,7138.25,1,2020-03-17,2020-03-17 10:30:00,2020-03-17 10:30:00,NQM20.csv,797,NQM20.csv,4.0,7136.0,7136.0,28553.0,28544.0,9.0
43907,11,0,7210.0,-3,2020-03-17,2020-03-17 11:00:00,2020-03-17 11:00:00,NQM20.csv,1748,NQM20.csv,-4.0,7212.25,7212.25,28840.0,28849.0,9.0
43907,11,30,7312.5,1,2020-03-17,2020-03-17 11:30:00,2020-03-17 11:30:00,NQM20.csv,593,NQM20.csv,4.0,7310.25,7338.5,29250.0,29354.0,-104.0
43907,11,45,7334.25,-1,2020-03-17,2020-03-17 11:45:00,2020-03-17 11:45:00,NQM20.csv,648,NQM20.csv,-2.0,7336.5,7336.5,14668.5,14673.0,4.5
43907,12,0,7401.75,-8,2020-03-17,2020-03-17 12:00:00,2020-03-17 12:00:00,NQM20.csv,1011,NQM20.csv,-7.0,7404.0,7404.0,51812.25,51828.0,15.75
43907,12,15,7529.5,-6,2020-03-17,2020-03-17 12:15:00,2020-03-17 12:15:00,NQM20.csv,1255,NQM20.csv,2.0,7527.25,7527.25,15059.0,15054.5,4.5
43907,12,30,7383.0,0,2020-03-17,2020-03-17 12:30:00,2020-03-17 12:30:00,NQM20.csv,872,NQM20.csv,6.0,7380.75,7380.75,44298.0,44284.5,13.5
43907,12,45,7328.5,-3,2020-03-17,2020-03-17 12:45:00,2020-03-17 12:45:00,NQM20.csv,977,NQM20.csv,-3.0,7330.75,7330.75,21985.5,21992.25,6.75
43907,13,15,7246.0,-2,2020-03-17,2020-03-17 13:15:00,2020-03-17 13:15:00,NQM20.csv,966,NQM20.csv,1.0,7243.75,7243.75,7246.0,7243.75,2.25
43907,13,45,7355.25,1,2020-03-17,2020-03-17 13:45:00,2020-03-17 13:45:00,NQM20.csv,290,NQM20.csv,3.0,7353.0,7353.0,22065.75,22059.0,6.75
43907,14,0,7378.5,4,2020-03-17,2020-03-17 14:00:00,2020-03-17 14:00:00,NQM20.csv,766,NQM20.csv,3.0,7376.25,7376.25,22135.5,22128.75,6.75
43907,14,15,7438.5,3,2020-03-17,2020-03-17 14:15:00,2020-03-17 14:15:00,NQM20.csv,497,NQM20.csv,-1.0,7440.75,7440.75,7438.5,7440.75,2.25
43907,14,30,7445.75,7,2020-03-17,2020-03-17 14:30:00,2020-03-17 14:30:00,NQM20.csv,623,NQM20.csv,4.0,7443.5,7443.5,29783.0,29774.0,9.0
43907,14,45,7409.75,6,2020-03-17,2020-03-17 14:45:00,2020-03-17 14:45:00,NQM20.csv,755,NQM20.csv,-1.0,7412.0,7412.0,7409.75,7412.0,2.25
43907,15,0,7395.75,9,2020-03-17,2020-03-17 15:00:00,2020-03-17 15:00:00,NQM20.csv,777,NQM20.csv,3.0,7393.5,7393.5,22187.25,22180.5,6.75
43907,15,15,7358.75,10,2020-03-17,2020-03-17 15:15:00,2020-03-17 15:15:00,NQM20.csv,541,NQM20.csv,1.0,7356.5,7356.5,7358.75,7356.5,2.25
43907,15,30,7325.25,5,2020-03-17,2020-03-17 15:30:00,2020-03-17 15:30:00,NQM20.csv,899,NQM20.csv,-5.0,7327.5,7327.5,36626.25,36637.5,11.25
43907,15,45,7456.25,2,2020-03-17,2020-03-17 15:45:00,2020-03-17 15:45:00,NQM20.csv,1329,NQM20.csv,-3.0,7458.5,7458.5,22368.75,22375.5,6.75
43907,16,0,7443.0,0,2020-03-17,2020-03-17 16:00:00,2020-03-17 16:00:00,NQM20.csv,3133,NQM20.csv,-2.0,7445.25,7445.25,14886.0,14890.5,4.5
43908,9,45,7149.75,-1,2020-03-18,2020-03-18 09:45:00,2020-03-18 09:45:00,NQM20.csv,2020,NQM20.csv,-1.0,7152.0,7152.0,7149.75,7152.0,2.25
43908,10,0,7217.75,-3,2020-03-18,2020-03-18 10:00:00,2020-03-18 10:00:00,NQM20.csv,1629,NQM20.csv,-2.0,7220.0,7220.0,14435.5,14440.0,4.5
43908,10,15,7251.0,-2,2020-03-18,2020-03-18 10:15:00,2020-03-18 10:15:00,NQM20.csv,952,NQM20.csv,1.0,7248.75,7248.75,7251.0,7248.75,2.25
43908,10,45,7276.0,-4,2020-03-18,2020-03-18 10:45:00,2020-03-18 10:45:00,NQM20.csv,756,NQM20.csv,-2.0,7278.25,7278.25,14552.0,14556.5,4.5
43908,11,0,7175.75,-1,2020-03-18,2020-03-18 11:00:00,2020-03-18 11:00:00,NQM20.csv,771,NQM20.csv,3.0,7173.5,7173.5,21527.25,21520.5,6.75
43908,11,15,7107.25,-2,2020-03-18,2020-03-18 11:15:00,2020-03-18 11:15:00,NQM20.csv,1593,NQM20.csv,-1.0,7109.5,7109.5,7107.25,7109.5,2.25
43908,11,30,7108.75,-5,2020-03-18,2020-03-18 11:30:00,2020-03-18 11:30:00,NQM20.csv,1130,NQM20.csv,-3.0,7111.0,7111.0,21326.25,21333.0,6.75
43908,11,45,7086.75,-4,2020-03-18,2020-03-18 11:45:00,2020-03-18 11:45:00,NQM20.csv,1309,NQM20.csv,1.0,7084.5,7084.5,7086.75,7084.5,2.25
43908,12,15,7116.75,-2,2020-03-18,2020-03-18 12:15:00,2020-03-18 12:15:00,NQM20.csv,1604,NQM20.csv,2.0,7114.5,7114.5,14233.5,14229.0,4.5
43908,12,45,7113.0,-5,2020-03-18,2020-03-18 12:45:00,2020-03-18 12:45:00,NQM20.csv,798,NQM20.csv,-3.0,7115.25,7115.25,21339.0,21345.75,6.75
43908,13,0,7003.75,-3,2020-03-18,2020-03-18 13:00:00,2020-03-18 13:00:00,NQM20.csv,513,NQM20.csv,2.0,7001.5,6974.0,14007.5,13948.0,59.5
43908,13,15,6982.5,0,2020-03-18,2020-03-18 13:15:00,2020-03-18 13:15:00,NQM20.csv,1261,NQM20.csv,3.0,6980.25,6980.25,20947.5,20940.75,6.75
43908,13,45,6945.25,-2,2020-03-18,2020-03-18 13:45:00,2020-03-18 13:45:00,NQM20.csv,1317,NQM20.csv,-2.0,6947.5,6947.5,13890.5,13895.0,4.5
43908,14,0,6895.25,0,2020-03-18,2020-03-18 14:00:00,2020-03-18 14:00:00,NQM20.csv,529,NQM20.csv,2.0,6893.0,6893.0,13790.5,13786.0,4.5
43908,14,15,6852.75,-1,2020-03-18,2020-03-18 14:15:00,2020-03-18 14:15:00,NQM20.csv,644,NQM20.csv,-1.0,6855.0,6855.0,6852.75,6855.0,2.25
43908,14,30,6846.5,-2,2020-03-18,2020-03-18 14:30:00,2020-03-18 14:30:00,NQM20.csv,699,NQM20.csv,-1.0,6848.75,6848.75,6846.5,6848.75,2.25
43908,14,45,6929.25,4,2020-03-18,2020-03-18 14:45:00,2020-03-18 14:45:00,NQM20.csv,1064,NQM20.csv,6.0,6927.0,6927.0,41575.5,41562.0,13.5
43908,15,15,7022.25,1,2020-03-18,2020-03-18 15:15:00,2020-03-18 15:15:00,NQM20.csv,1095,NQM20.csv,-3.0,7024.5,7024.5,21066.75,21073.5,6.75
43908,15,30,6903.0,-2,2020-03-18,2020-03-18 15:30:00,2020-03-18 15:30:00,NQM20.csv,1163,NQM20.csv,-3.0,6905.25,6905.25,20709.0,20715.75,6.75
43908,16,0,7214.25,0,2020-03-18,2020-03-18 16:00:00,2020-03-18 16:00:00,NQM20.csv,4020,NQM20.csv,2.0,7212.0,7212.0,14428.5,14424.0,4.5
43909,2,30,7078.5,4,2020-03-19,2020-03-19 02:30:00,2020-03-19 02:30:00,NQM20.csv,57,NQM20.csv,4.0,7076.25,7076.25,28314.0,28305.0,9.0
43909,3,30,7240.0,-4,2020-03-19,2020-03-19 03:30:00,2020-03-19 03:30:00,NQM20.csv,76,NQM20.csv,-8.0,7242.25,7242.25,57920.0,57938.0,18.0
43909,4,30,7273.25,-5,2020-03-19,2020-03-19 04:30:00,2020-03-19 04:30:00,NQM20.csv,340,NQM20.csv,-1.0,7275.5,7275.5,7273.25,7275.5,2.25
43909,5,30,7193.0,7,2020-03-19,2020-03-19 05:30:00,2020-03-19 05:30:00,NQM20.csv,190,NQM20.csv,12.0,7190.75,7190.75,86316.0,86289.0,27.0
43909,6,0,7184.25,3,2020-03-19,2020-03-19 06:00:00,2020-03-19 06:00:00,NQM20.csv,110,NQM20.csv,-4.0,7186.5,7151.75,28737.0,28607.0,-130.0
43909,6,15,7126.75,7,2020-03-19,2020-03-19 06:15:00,2020-03-19 06:15:00,NQM20.csv,195,NQM20.csv,4.0,7124.5,7124.5,28507.0,28498.0,9.0
43909,6,45,7172.25,3,2020-03-19,2020-03-19 06:45:00,2020-03-19 06:45:00,NQM20.csv,110,NQM20.csv,-4.0,7174.5,7174.5,28689.0,28698.0,9.0
43909,7,15,7181.5,7,2020-03-19,2020-03-19 07:15:00,2020-03-19 07:15:00,NQM20.csv,74,NQM20.csv,4.0,7179.25,7179.25,28726.0,28717.0,9.0
43909,7,45,7091.25,3,2020-03-19,2020-03-19 07:45:00,2020-03-19 07:45:00,NQM20.csv,145,NQM20.csv,-4.0,7093.5,7093.5,28365.0,28374.0,9.0
43909,10,30,7341.0,4,2020-03-19,2020-03-19 10:30:00,2020-03-19 10:30:00,NQM20.csv,702,NQM20.csv,1.0,7338.75,7338.75,7341.0,7338.75,2.25
43909,10,45,7247.5,0,2020-03-19,2020-03-19 10:45:00,2020-03-19 10:45:00,NQM20.csv,1533,NQM20.csv,-4.0,7249.75,7249.75,28990.0,28999.0,9.0
43909,11,15,7304.75,4,2020-03-19,2020-03-19 11:15:00,2020-03-19 11:15:00,NQM20.csv,793,NQM20.csv,4.0,7302.5,7302.5,29219.0,29210.0,9.0
43909,11,30,7427.0,1,2020-03-19,2020-03-19 11:30:00,2020-03-19 11:30:00,NQM20.csv,1726,NQM20.csv,-3.0,7429.25,7404.0,22281.0,22212.0,-69.0
43909,11,45,7398.5,-1,2020-03-19,2020-03-19 11:45:00,2020-03-19 11:45:00,NQM20.csv,1035,NQM20.csv,-2.0,7400.75,7400.75,14797.0,14801.5,4.5
43909,12,0,7320.5,3,2020-03-19,2020-03-19 12:00:00,2020-03-19 12:00:00,NQM20.csv,1013,NQM20.csv,4.0,7318.25,7318.25,29282.0,29273.0,9.0
43909,12,15,7306.75,5,2020-03-19,2020-03-19 12:15:00,2020-03-19 12:15:00,NQM20.csv,608,NQM20.csv,2.0,7304.5,7304.5,14613.5,14609.0,4.5
43909,12,30,7306.0,1,2020-03-19,2020-03-19 12:30:00,2020-03-19 12:30:00,NQM20.csv,569,NQM20.csv,-4.0,7308.25,7256.0,29224.0,29024.0,-200.0
43909,13,0,7346.25,4,2020-03-19,2020-03-19 13:00:00,2020-03-19 13:00:00,NQM20.csv,505,NQM20.csv,3.0,7344.0,7344.0,22038.75,22032.0,6.75
43909,13,30,7338.5,8,2020-03-19,2020-03-19 13:30:00,2020-03-19 13:30:00,NQM20.csv,333,NQM20.csv,4.0,7336.25,7336.25,29354.0,29345.0,9.0
43909,13,45,7366.0,0,2020-03-19,2020-03-19 13:45:00,2020-03-19 13:45:00,NQM20.csv,238,NQM20.csv,-8.0,7368.25,7368.25,58928.0,58946.0,18.0
43909,14,0,7415.0,-2,2020-03-19,2020-03-19 14:00:00,2020-03-19 14:00:00,NQM20.csv,433,NQM20.csv,-2.0,7417.25,7417.25,14830.0,14834.5,4.5
43909,14,15,7402.5,9,2020-03-19,2020-03-19 14:15:00,2020-03-19 14:15:00,NQM20.csv,172,NQM20.csv,11.0,7400.25,7400.25,81427.5,81402.75,24.75
43909,14,45,7483.75,5,2020-03-19,2020-03-19 14:45:00,2020-03-19 14:45:00,NQM20.csv,728,NQM20.csv,-4.0,7486.0,7486.0,29935.0,29944.0,9.0
43909,15,0,7420.25,7,2020-03-19,2020-03-19 15:00:00,2020-03-19 15:00:00,NQM20.csv,996,NQM20.csv,2.0,7418.0,7418.0,14840.5,14836.0,4.5
43909,15,15,7393.75,8,2020-03-19,2020-03-19 15:15:00,2020-03-19 15:15:00,NQM20.csv,1249,NQM20.csv,1.0,7391.5,7391.5,7393.75,7391.5,2.25
43909,15,30,7428.25,5,2020-03-19,2020-03-19 15:30:00,2020-03-19 15:30:00,NQM20.csv,628,NQM20.csv,-3.0,7430.5,7430.5,22284.75,22291.5,6.75
43909,15,45,7440.75,-1,2020-03-19,2020-03-19 15:45:00,2020-03-19 15:45:00,NQM20.csv,616,NQM20.csv,-6.0,7443.0,7443.0,44644.5,44658.0,13.5
43909,16,0,7264.5,3,2020-03-19,2020-03-19 16:00:00,2020-03-19 16:00:00,NQM20.csv,2284,NQM20.csv,4.0,7262.25,7262.25,29058.0,29049.0,9.0
43910,2,30,7377.25,7,2020-03-20,2020-03-20 02:30:00,2020-03-20 02:30:00,NQM20.csv,272,NQM20.csv,4.0,7375.0,7375.0,29509.0,29500.0,9.0
43910,4,30,7607.5,6,2020-03-20,2020-03-20 04:30:00,2020-03-20 04:30:00,NQM20.csv,279,NQM20.csv,-1.0,7609.75,7609.75,7607.5,7609.75,2.25
43910,7,0,7585.25,10,2020-03-20,2020-03-20 07:00:00,2020-03-20 07:00:00,NQM20.csv,333,NQM20.csv,4.0,7583.0,7583.0,30341.0,30332.0,9.0
43910,7,15,7515.25,1,2020-03-20,2020-03-20 07:15:00,2020-03-20 07:15:00,NQM20.csv,347,NQM20.csv,-9.0,7517.5,7517.5,67637.25,67657.5,20.25
43910,7,30,7511.75,0,2020-03-20,2020-03-20 07:30:00,2020-03-20 07:30:00,NQM20.csv,178,NQM20.csv,-1.0,7514.0,7514.0,7511.75,7514.0,2.25
43910,7,45,7503.25,9,2020-03-20,2020-03-20 07:45:00,2020-03-20 07:45:00,NQM20.csv,144,NQM20.csv,9.0,7501.0,7501.0,67529.25,67509.0,20.25
43910,8,0,7524.75,6,2020-03-20,2020-03-20 08:00:00,2020-03-20 08:00:00,NQM20.csv,71,NQM20.csv,-3.0,7527.0,7527.0,22574.25,22581.0,6.75
43910,9,15,7475.25,10,2020-03-20,2020-03-20 09:15:00,2020-03-20 09:15:00,NQM20.csv,182,NQM20.csv,4.0,7473.0,7473.0,29901.0,29892.0,9.0
43910,9,45,7323.0,11,2020-03-20,2020-03-20 09:45:00,2020-03-20 09:45:00,NQM20.csv,1749,NQM20.csv,1.0,7320.75,7320.75,7323.0,7320.75,2.25
43910,10,0,7351.75,10,2020-03-20,2020-03-20 10:00:00,2020-03-20 10:00:00,NQM20.csv,2298,NQM20.csv,-1.0,7354.0,7354.0,7351.75,7354.0,2.25
43910,10,15,7366.25,5,2020-03-20,2020-03-20 10:15:00,2020-03-20 10:15:00,NQM20.csv,1278,NQM20.csv,-5.0,7368.5,7368.5,36831.25,36842.5,11.25
43910,10,30,7413.75,8,2020-03-20,2020-03-20 10:30:00,2020-03-20 10:30:00,NQM20.csv,1265,NQM20.csv,3.0,7411.5,7411.5,22241.25,22234.5,6.75
43910,11,0,7466.5,5,2020-03-20,2020-03-20 11:00:00,2020-03-20 11:00:00,NQM20.csv,2054,NQM20.csv,-3.0,7468.75,7468.75,22399.5,22406.25,6.75
43910,11,15,7413.5,1,2020-03-20,2020-03-20 11:15:00,2020-03-20 11:15:00,NQM20.csv,825,NQM20.csv,-4.0,7415.75,7415.75,29654.0,29663.0,9.0
43910,11,45,7336.25,5,2020-03-20,2020-03-20 11:45:00,2020-03-20 11:45:00,NQM20.csv,1232,NQM20.csv,4.0,7334.0,7334.0,29345.0,29336.0,9.0
43910,12,0,7309.0,6,2020-03-20,2020-03-20 12:00:00,2020-03-20 12:00:00,NQM20.csv,616,NQM20.csv,1.0,7306.75,7306.75,7309.0,7306.75,2.25
43910,12,15,7231.75,5,2020-03-20,2020-03-20 12:15:00,2020-03-20 12:15:00,NQM20.csv,571,NQM20.csv,-1.0,7234.0,7234.0,7231.75,7234.0,2.25
43910,12,45,7221.0,6,2020-03-20,2020-03-20 12:45:00,2020-03-20 12:45:00,NQM20.csv,566,NQM20.csv,1.0,7218.75,7218.75,7221.0,7218.75,2.25
43910,14,30,7173.25,2,2020-03-20,2020-03-20 14:30:00,2020-03-20 14:30:00,NQM20.csv,704,NQM20.csv,-4.0,7175.5,7175.5,28693.0,28702.0,9.0
43910,15,0,7099.25,5,2020-03-20,2020-03-20 15:00:00,2020-03-20 15:00:00,NQM20.csv,999,NQM20.csv,3.0,7097.0,7097.0,21297.75,21291.0,6.75
43910,15,30,7134.5,0,2020-03-20,2020-03-20 15:30:00,2020-03-20 15:30:00,NQM20.csv,1535,NQM20.csv,-5.0,7136.75,7136.75,35672.5,35683.75,11.25
43910,15,45,7060.5,-2,2020-03-20,2020-03-20 15:45:00,2020-03-20 15:45:00,NQM20.csv,734,NQM20.csv,-2.0,7062.75,7062.75,14121.0,14125.5,4.5
43910,16,0,6981.0,6,2020-03-20,2020-03-20 16:00:00,2020-03-20 16:00:00,NQM20.csv,4103,NQM20.csv,8.0,6978.75,6978.75,55848.0,55830.0,18.0
43910,16,15,6967.75,0,2020-03-20,2020-03-20 16:15:00,2020-03-20 16:15:00,NQM20.csv,1139,NQM20.csv,-6.0,6970.0,6963.0,41806.5,41778.0,-28.5
43913,2,30,6755.0,8,2020-03-23,2020-03-23 02:30:00,2020-03-23 02:30:00,NQM20.csv,105,NQM20.csv,8.0,6752.75,6752.75,54040.0,54022.0,18.0
43913,3,30,6795.25,3,2020-03-23,2020-03-23 03:30:00,2020-03-23 03:30:00,NQM20.csv,85,NQM20.csv,-5.0,6797.5,6797.5,33976.25,33987.5,11.25
43913,4,30,6770.0,0,2020-03-23,2020-03-23 04:30:00,2020-03-23 04:30:00,NQM20.csv,107,NQM20.csv,-3.0,6772.25,6772.25,20310.0,20316.75,6.75
43913,5,30,6770.0,9,2020-03-23,2020-03-23 05:30:00,2020-03-23 05:30:00,NQM20.csv,191,NQM20.csv,9.0,6767.75,6794.0,60930.0,61146.0,-216.0
43913,5,45,6788.5,1,2020-03-23,2020-03-23 05:45:00,2020-03-23 05:45:00,NQM20.csv,302,NQM20.csv,-8.0,6790.75,6790.75,54308.0,54326.0,18.0
43913,6,0,6788.0,-7,2020-03-23,2020-03-23 06:00:00,2020-03-23 06:00:00,NQM20.csv,169,NQM20.csv,-8.0,6790.25,6790.25,54304.0,54322.0,18.0
43913,6,15,6787.0,6,2020-03-23,2020-03-23 06:15:00,2020-03-23 06:15:00,NQM20.csv,78,NQM20.csv,13.0,6784.75,6784.75,88231.0,88201.75,29.25
43913,6,45,6826.0,-6,2020-03-23,2020-03-23 06:45:00,2020-03-23 06:45:00,NQM20.csv,110,NQM20.csv,-12.0,6828.25,6828.25,81912.0,81939.0,27.0
43913,7,15,6835.5,1,2020-03-23,2020-03-23 07:15:00,2020-03-23 07:15:00,NQM20.csv,194,NQM20.csv,7.0,6833.25,6833.25,47848.5,47832.75,15.75
43913,8,0,6781.0,5,2020-03-23,2020-03-23 08:00:00,2020-03-23 08:00:00,NQM20.csv,1547,NQM20.csv,4.0,6778.75,6956.75,27124.0,27827.0,-703.0
43913,9,15,7125.75,3,2020-03-23,2020-03-23 09:15:00,2020-03-23 09:15:00,NQM20.csv,442,NQM20.csv,-2.0,7128.0,7128.0,14251.5,14256.0,4.5
43913,10,15,7066.25,5,2020-03-23,2020-03-23 10:15:00,2020-03-23 10:15:00,NQM20.csv,1436,NQM20.csv,2.0,7064.0,7064.0,14132.5,14128.0,4.5
43913,10,45,7024.5,1,2020-03-23,2020-03-23 10:45:00,2020-03-23 10:45:00,NQM20.csv,997,NQM20.csv,-4.0,7026.75,6982.0,28098.0,27928.0,-170.0
43913,11,15,6910.0,5,2020-03-23,2020-03-23 11:15:00,2020-03-23 11:15:00,NQM20.csv,568,NQM20.csv,4.0,6907.75,6907.75,27640.0,27631.0,9.0
43913,11,45,6770.25,2,2020-03-23,2020-03-23 11:45:00,2020-03-23 11:45:00,NQM20.csv,1922,NQM20.csv,-3.0,6772.5,6772.5,20310.75,20317.5,6.75
43913,12,15,6849.0,5,2020-03-23,2020-03-23 12:15:00,2020-03-23 12:15:00,NQM20.csv,783,NQM20.csv,3.0,6846.75,6846.75,20547.0,20540.25,6.75
43913,13,45,6969.75,2,2020-03-23,2020-03-23 13:45:00,2020-03-23 13:45:00,NQM20.csv,838,NQM20.csv,-3.0,6972.0,6972.0,20909.25,20916.0,6.75
43913,14,0,6957.75,3,2020-03-23,2020-03-23 14:00:00,2020-03-23 14:00:00,NQM20.csv,1361,NQM20.csv,1.0,6955.5,6955.5,6957.75,6955.5,2.25
43913,14,15,6941.75,6,2020-03-23,2020-03-23 14:15:00,2020-03-23 14:15:00,NQM20.csv,573,NQM20.csv,3.0,6939.5,6939.5,20825.25,20818.5,6.75
43913,14,30,6990.5,5,2020-03-23,2020-03-23 14:30:00,2020-03-23 14:30:00,NQM20.csv,1030,NQM20.csv,-1.0,6992.75,6925.75,6990.5,6925.75,-64.75
43913,15,30,6883.25,1,2020-03-23,2020-03-23 15:30:00,2020-03-23 15:30:00,NQM20.csv,778,NQM20.csv,-4.0,6885.5,6885.5,27533.0,27542.0,9.0
43913,15,45,6918.0,-2,2020-03-23,2020-03-23 15:45:00,2020-03-23 15:45:00,NQM20.csv,1198,NQM20.csv,-3.0,6920.25,6920.25,20754.0,20760.75,6.75
43913,16,0,6993.0,5,2020-03-23,2020-03-23 16:00:00,2020-03-23 16:00:00,NQM20.csv,4101,NQM20.csv,7.0,6990.75,6990.75,48951.0,48935.25,15.75
43914,2,30,7311.25,6,2020-03-24,2020-03-24 02:30:00,2020-03-24 02:30:00,NQM20.csv,118,NQM20.csv,1.0,7309.0,7309.0,7311.25,7309.0,2.25
43914,5,45,7359.25,-1,2020-03-24,2020-03-24 05:45:00,2020-03-24 05:45:00,NQM20.csv,45,NQM20.csv,-7.0,7361.5,7359.5,51514.75,51516.5,1.75
43914,6,15,7359.5,6,2020-03-24,2020-03-24 06:15:00,2020-03-24 06:15:00,NQM20.csv,3,NQM20.csv,7.0,7357.25,7359.5,51516.5,51516.5,0.0
43914,7,15,7308.5,-1,2020-03-24,2020-03-24 07:15:00,2020-03-24 07:15:00,NQM20.csv,125,NQM20.csv,-7.0,7310.75,7310.75,51159.5,51175.25,15.75
43914,7,30,7304.0,6,2020-03-24,2020-03-24 07:30:00,2020-03-24 07:30:00,NQM20.csv,325,NQM20.csv,7.0,7301.75,7301.75,51128.0,51112.25,15.75
43914,7,45,7296.0,5,2020-03-24,2020-03-24 07:45:00,2020-03-24 07:45:00,NQM20.csv,125,NQM20.csv,-1.0,7298.25,7298.25,7296.0,7298.25,2.25
43914,8,0,7296.25,1,2020-03-24,2020-03-24 08:00:00,2020-03-24 08:00:00,NQM20.csv,112,NQM20.csv,-4.0,7298.5,7298.5,29185.0,29194.0,9.0
43914,8,15,7255.0,9,2020-03-24,2020-03-24 08:15:00,2020-03-24 08:15:00,NQM20.csv,415,NQM20.csv,8.0,7252.75,7252.75,58040.0,58022.0,18.0
43914,8,30,7272.75,6,2020-03-24,2020-03-24 08:30:00,2020-03-24 08:30:00,NQM20.csv,112,NQM20.csv,-3.0,7275.0,7275.0,21818.25,21825.0,6.75
43914,9,15,7359.5,5,2020-03-24,2020-03-24 09:15:00,2020-03-24 09:15:00,NQM20.csv,42,NQM20.csv,-1.0,7361.75,7356.25,7359.5,7356.25,-3.25
43914,9,45,7341.25,7,2020-03-24,2020-03-24 09:45:00,2020-03-24 09:45:00,NQM20.csv,1523,NQM20.csv,2.0,7339.0,7339.0,14682.5,14678.0,4.5
43914,10,15,7403.25,6,2020-03-24,2020-03-24 10:15:00,2020-03-24 10:15:00,NQM20.csv,1851,NQM20.csv,-1.0,7405.5,7405.5,7403.25,7405.5,2.25
43914,10,30,7419.0,4,2020-03-24,2020-03-24 10:30:00,2020-03-24 10:30:00,NQM20.csv,1303,NQM20.csv,-2.0,7421.25,7421.25,14838.0,14842.5,4.5
43914,11,0,7382.75,1,2020-03-24,2020-03-24 11:00:00,2020-03-24 11:00:00,NQM20.csv,867,NQM20.csv,-3.0,7385.0,7385.0,22148.25,22155.0,6.75
43914,11,15,7397.75,4,2020-03-24,2020-03-24 11:15:00,2020-03-24 11:15:00,NQM20.csv,534,NQM20.csv,3.0,7395.5,7395.5,22193.25,22186.5,6.75
43914,11,30,7417.25,0,2020-03-24,2020-03-24 11:30:00,2020-03-24 11:30:00,NQM20.csv,536,NQM20.csv,-4.0,7419.5,7419.5,29669.0,29678.0,9.0
43914,11,45,7446.75,-4,2020-03-24,2020-03-24 11:45:00,2020-03-24 11:45:00,NQM20.csv,924,NQM20.csv,-4.0,7449.0,7449.0,29787.0,29796.0,9.0
43914,12,0,7453.75,4,2020-03-24,2020-03-24 12:00:00,2020-03-24 12:00:00,NQM20.csv,964,NQM20.csv,8.0,7451.5,7451.5,59630.0,59612.0,18.0
43914,12,15,7442.75,5,2020-03-24,2020-03-24 12:15:00,2020-03-24 12:15:00,NQM20.csv,656,NQM20.csv,1.0,7440.5,7440.5,7442.75,7440.5,2.25
43914,12,30,7500.75,1,2020-03-24,2020-03-24 12:30:00,2020-03-24 12:30:00,NQM20.csv,1308,NQM20.csv,-4.0,7503.0,7503.0,30003.0,30012.0,9.0
43914,13,0,7433.25,8,2020-03-24,2020-03-24 13:00:00,2020-03-24 13:00:00,NQM20.csv,1037,NQM20.csv,7.0,7431.0,7431.0,52032.75,52017.0,15.75
43914,13,15,7418.75,4,2020-03-24,2020-03-24 13:15:00,2020-03-24 13:15:00,NQM20.csv,981,NQM20.csv,-4.0,7421.0,7421.0,29675.0,29684.0,9.0
43914,13,45,7409.0,7,2020-03-24,2020-03-24 13:45:00,2020-03-24 13:45:00,NQM20.csv,691,NQM20.csv,3.0,7406.75,7406.75,22227.0,22220.25,6.75
43914,14,0,7352.25,2,2020-03-24,2020-03-24 14:00:00,2020-03-24 14:00:00,NQM20.csv,958,NQM20.csv,-5.0,7354.5,7354.5,36761.25,36772.5,11.25
43914,14,15,7306.5,3,2020-03-24,2020-03-24 14:15:00,2020-03-24 14:15:00,NQM20.csv,1269,NQM20.csv,1.0,7304.25,7304.25,7306.5,7304.25,2.25
43914,14,30,7368.25,6,2020-03-24,2020-03-24 14:30:00,2020-03-24 14:30:00,NQM20.csv,1196,NQM20.csv,3.0,7366.0,7366.0,22104.75,22098.0,6.75
43914,14,45,7416.0,5,2020-03-24,2020-03-24 14:45:00,2020-03-24 14:45:00,NQM20.csv,945,NQM20.csv,-1.0,7418.25,7418.25,7416.0,7418.25,2.25
43914,15,0,7464.25,8,2020-03-24,2020-03-24 15:00:00,2020-03-24 15:00:00,NQM20.csv,1255,NQM20.csv,3.0,7462.0,7462.0,22392.75,22386.0,6.75
43914,15,15,7490.5,9,2020-03-24,2020-03-24 15:15:00,2020-03-24 15:15:00,NQM20.csv,1119,NQM20.csv,1.0,7488.25,7488.25,7490.5,7488.25,2.25
43914,15,45,7507.5,6,2020-03-24,2020-03-24 15:45:00,2020-03-24 15:45:00,NQM20.csv,1215,NQM20.csv,-3.0,7509.75,7509.75,22522.5,22529.25,6.75
43915,2,30,7525.5,0,2020-03-25,2020-03-25 02:30:00,2020-03-25 02:30:00,NQM20.csv,203,NQM20.csv,-6.0,7527.75,7527.75,45153.0,45166.5,13.5
43915,3,30,7562.25,-3,2020-03-25,2020-03-25 03:30:00,2020-03-25 03:30:00,NQM20.csv,222,NQM20.csv,-3.0,7564.5,7564.5,22686.75,22693.5,6.75
43915,5,30,7748.75,0,2020-03-25,2020-03-25 05:30:00,2020-03-25 05:30:00,NQM20.csv,135,NQM20.csv,3.0,7746.5,7746.5,23246.25,23239.5,6.75
43915,5,45,7689.25,5,2020-03-25,2020-03-25 05:45:00,2020-03-25 05:45:00,NQM20.csv,301,NQM20.csv,5.0,7687.0,7687.0,38446.25,38435.0,11.25
43915,6,0,7679.0,1,2020-03-25,2020-03-25 06:00:00,2020-03-25 06:00:00,NQM20.csv,211,NQM20.csv,-4.0,7681.25,7681.25,30716.0,30725.0,9.0
43915,6,15,7635.25,-4,2020-03-25,2020-03-25 06:15:00,2020-03-25 06:15:00,NQM20.csv,311,NQM20.csv,-5.0,7637.5,7637.5,38176.25,38187.5,11.25
43915,6,30,7608.5,2,2020-03-25,2020-03-25 06:30:00,2020-03-25 06:30:00,NQM20.csv,200,NQM20.csv,6.0,7606.25,7606.25,45651.0,45637.5,13.5
43915,6,45,7547.0,-2,2020-03-25,2020-03-25 06:45:00,2020-03-25 06:45:00,NQM20.csv,367,NQM20.csv,-4.0,7549.25,7549.25,30188.0,30197.0,9.0
43915,7,0,7446.75,-8,2020-03-25,2020-03-25 07:00:00,2020-03-25 07:00:00,NQM20.csv,677,NQM20.csv,-6.0,7449.0,7449.0,44680.5,44694.0,13.5
43915,7,15,7479.0,0,2020-03-25,2020-03-25 07:15:00,2020-03-25 07:15:00,NQM20.csv,302,NQM20.csv,8.0,7476.75,7476.75,59832.0,59814.0,18.0
43915,7,30,7497.5,-7,2020-03-25,2020-03-25 07:30:00,2020-03-25 07:30:00,NQM20.csv,144,NQM20.csv,-7.0,7499.75,7499.75,52482.5,52498.25,15.75
43915,7,45,7470.75,-11,2020-03-25,2020-03-25 07:45:00,2020-03-25 07:45:00,NQM20.csv,225,NQM20.csv,-4.0,7473.0,7473.0,29883.0,29892.0,9.0
43915,8,0,7477.0,0,2020-03-25,2020-03-25 08:00:00,2020-03-25 08:00:00,NQM20.csv,467,NQM20.csv,11.0,7474.75,7474.75,82247.0,82222.25,24.75
43915,10,30,7441.5,1,2020-03-25,2020-03-25 10:30:00,2020-03-25 10:30:00,NQM20.csv,2252,NQM20.csv,1.0,7439.25,7439.25,7441.5,7439.25,2.25
43915,11,0,7508.0,3,2020-03-25,2020-03-25 11:00:00,2020-03-25 11:00:00,NQM20.csv,1372,NQM20.csv,2.0,7505.75,7505.75,15016.0,15011.5,4.5
43915,11,15,7501.0,-2,2020-03-25,2020-03-25 11:15:00,2020-03-25 11:15:00,NQM20.csv,1532,NQM20.csv,-5.0,7503.25,7503.25,37505.0,37516.25,11.25
43915,11,30,7499.0,-4,2020-03-25,2020-03-25 11:30:00,2020-03-25 11:30:00,NQM20.csv,1139,NQM20.csv,-2.0,7501.25,7501.25,14998.0,15002.5,4.5
43915,11,45,7478.5,1,2020-03-25,2020-03-25 11:45:00,2020-03-25 11:45:00,NQM20.csv,945,NQM20.csv,5.0,7476.25,7476.25,37392.5,37381.25,11.25
43915,12,0,7499.5,-1,2020-03-25,2020-03-25 12:00:00,2020-03-25 12:00:00,NQM20.csv,969,NQM20.csv,-2.0,7501.75,7501.75,14999.0,15003.5,4.5
43915,12,30,7592.75,-7,2020-03-25,2020-03-25 12:30:00,2020-03-25 12:30:00,NQM20.csv,1705,NQM20.csv,-6.0,7595.0,7595.0,45556.5,45570.0,13.5
43915,13,0,7602.0,2,2020-03-25,2020-03-25 13:00:00,2020-03-25 13:00:00,NQM20.csv,885,NQM20.csv,9.0,7599.75,7599.75,68418.0,68397.75,20.25
43915,13,30,7680.0,-2,2020-03-25,2020-03-25 13:30:00,2020-03-25 13:30:00,NQM20.csv,570,NQM20.csv,-4.0,7682.25,7682.25,30720.0,30729.0,9.0
43915,13,45,7738.5,0,2020-03-25,2020-03-25 13:45:00,2020-03-25 13:45:00,NQM20.csv,1019,NQM20.csv,2.0,7736.25,7736.25,15477.0,15472.5,4.5
43915,14,0,7695.75,1,2020-03-25,2020-03-25 14:00:00,2020-03-25 14:00:00,NQM20.csv,1114,NQM20.csv,1.0,7693.5,7693.5,7695.75,7693.5,2.25
43915,14,15,7672.0,-3,2020-03-25,2020-03-25 14:15:00,2020-03-25 14:15:00,NQM20.csv,1021,NQM20.csv,-4.0,7674.25,7674.25,30688.0,30697.0,9.0
43915,14,30,7672.5,3,2020-03-25,2020-03-25 14:30:00,2020-03-25 14:30:00,NQM20.csv,854,NQM20.csv,6.0,7670.25,7670.25,46035.0,46021.5,13.5
43915,14,45,7650.5,5,2020-03-25,2020-03-25 14:45:00,2020-03-25 14:45:00,NQM20.csv,566,NQM20.csv,2.0,7648.25,7675.75,15301.0,15351.5,-50.5
43915,15,0,7681.75,6,2020-03-25,2020-03-25 15:00:00,2020-03-25 15:00:00,NQM20.csv,1093,NQM20.csv,1.0,7679.5,7679.5,7681.75,7679.5,2.25
43915,15,30,7659.75,3,2020-03-25,2020-03-25 15:30:00,2020-03-25 15:30:00,NQM20.csv,812,NQM20.csv,-3.0,7662.0,7662.0,22979.25,22986.0,6.75
43915,15,45,7601.5,-1,2020-03-25,2020-03-25 15:45:00,2020-03-25 15:45:00,NQM20.csv,1303,NQM20.csv,-4.0,7603.75,7603.75,30406.0,30415.0,9.0
43915,16,0,7455.75,0,2020-03-25,2020-03-25 16:00:00,2020-03-25 16:00:00,NQM20.csv,2806,NQM20.csv,1.0,7453.5,7453.5,7455.75,7453.5,2.25
43916,2,30,7390.5,5,2020-03-26,2020-03-26 02:30:00,2020-03-26 02:30:00,NQM20.csv,72,NQM20.csv,5.0,7388.25,7388.25,36952.5,36941.25,11.25
43916,3,30,7370.0,1,2020-03-26,2020-03-26 03:30:00,2020-03-26 03:30:00,NQM20.csv,143,NQM20.csv,-4.0,7372.25,7341.0,29480.0,29364.0,-116.0
43916,5,15,7334.5,3,2020-03-26,2020-03-26 05:15:00,2020-03-26 05:15:00,NQM20.csv,147,NQM20.csv,2.0,7332.25,7332.25,14669.0,14664.5,4.5
43916,5,30,7342.0,7,2020-03-26,2020-03-26 05:30:00,2020-03-26 05:30:00,NQM20.csv,108,NQM20.csv,4.0,7339.75,7339.75,29368.0,29359.0,9.0
43916,5,45,7356.5,6,2020-03-26,2020-03-26 05:45:00,2020-03-26 05:45:00,NQM20.csv,39,NQM20.csv,-1.0,7358.75,7358.75,7356.5,7358.75,2.25
43916,6,0,7371.25,0,2020-03-26,2020-03-26 06:00:00,2020-03-26 06:00:00,NQM20.csv,125,NQM20.csv,-6.0,7373.5,7373.5,44227.5,44241.0,13.5
43916,6,15,7376.75,-1,2020-03-26,2020-03-26 06:15:00,2020-03-26 06:15:00,NQM20.csv,93,NQM20.csv,-1.0,7379.0,7376.25,7376.75,7376.25,-0.5
43916,6,30,7390.0,4,2020-03-26,2020-03-26 06:30:00,2020-03-26 06:30:00,NQM20.csv,119,NQM20.csv,5.0,7387.75,7387.75,36950.0,36938.75,11.25
43916,7,30,7411.0,0,2020-03-26,2020-03-26 07:30:00,2020-03-26 07:30:00,NQM20.csv,285,NQM20.csv,-4.0,7413.25,7413.25,29644.0,29653.0,9.0
43916,8,0,7352.5,7,2020-03-26,2020-03-26 08:00:00,2020-03-26 08:00:00,NQM20.csv,216,NQM20.csv,7.0,7350.25,7350.25,51467.5,51451.75,15.75
43916,8,30,7322.5,5,2020-03-26,2020-03-26 08:30:00,2020-03-26 08:30:00,NQM20.csv,2162,NQM20.csv,-2.0,7324.75,7324.75,14645.0,14649.5,4.5
43916,10,0,7632.25,8,2020-03-26,2020-03-26 10:00:00,2020-03-26 10:00:00,NQM20.csv,1716,NQM20.csv,3.0,7630.0,7630.0,22896.75,22890.0,6.75
43916,10,30,7657.0,5,2020-03-26,2020-03-26 10:30:00,2020-03-26 10:30:00,NQM20.csv,950,NQM20.csv,-3.0,7659.25,7659.25,22971.0,22977.75,6.75
43916,11,0,7678.5,1,2020-03-26,2020-03-26 11:00:00,2020-03-26 11:00:00,NQM20.csv,1362,NQM20.csv,-4.0,7680.75,7680.75,30714.0,30723.0,9.0
43916,11,15,7659.0,4,2020-03-26,2020-03-26 11:15:00,2020-03-26 11:15:00,NQM20.csv,814,NQM20.csv,3.0,7656.75,7695.0,22977.0,23085.0,-108.0
43916,11,30,7716.5,5,2020-03-26,2020-03-26 11:30:00,2020-03-26 11:30:00,NQM20.csv,1194,NQM20.csv,1.0,7714.25,7714.25,7716.5,7714.25,2.25
43916,11,45,7743.5,2,2020-03-26,2020-03-26 11:45:00,2020-03-26 11:45:00,NQM20.csv,1166,NQM20.csv,-3.0,7745.75,7726.75,23230.5,23180.25,-50.25
43916,12,0,7735.0,5,2020-03-26,2020-03-26 12:00:00,2020-03-26 12:00:00,NQM20.csv,795,NQM20.csv,3.0,7732.75,7732.75,23205.0,23198.25,6.75
43916,12,15,7714.25,-1,2020-03-26,2020-03-26 12:15:00,2020-03-26 12:15:00,NQM20.csv,1406,NQM20.csv,-6.0,7716.5,7704.75,46285.5,46228.5,-57.0
43916,12,45,7738.0,5,2020-03-26,2020-03-26 12:45:00,2020-03-26 12:45:00,NQM20.csv,614,NQM20.csv,6.0,7735.75,7735.75,46428.0,46414.5,13.5
43916,13,15,7705.0,3,2020-03-26,2020-03-26 13:15:00,2020-03-26 13:15:00,NQM20.csv,1158,NQM20.csv,-2.0,7707.25,7707.25,15410.0,15414.5,4.5
43916,13,45,7706.0,5,2020-03-26,2020-03-26 13:45:00,2020-03-26 13:45:00,NQM20.csv,820,NQM20.csv,2.0,7703.75,7703.75,15412.0,15407.5,4.5
43916,14,30,7735.0,8,2020-03-26,2020-03-26 14:30:00,2020-03-26 14:30:00,NQM20.csv,731,NQM20.csv,3.0,7732.75,7732.75,23205.0,23198.25,6.75
43916,14,45,7743.25,7,2020-03-26,2020-03-26 14:45:00,2020-03-26 14:45:00,NQM20.csv,699,NQM20.csv,-1.0,7745.5,7745.5,7743.25,7745.5,2.25
43916,15,0,7759.0,6,2020-03-26,2020-03-26 15:00:00,2020-03-26 15:00:00,NQM20.csv,979,NQM20.csv,-1.0,7761.25,7761.25,7759.0,7761.25,2.25
43916,15,15,7729.25,7,2020-03-26,2020-03-26 15:15:00,2020-03-26 15:15:00,NQM20.csv,720,NQM20.csv,1.0,7727.0,7727.0,7729.25,7727.0,2.25
43916,15,30,7767.75,4,2020-03-26,2020-03-26 15:30:00,2020-03-26 15:30:00,NQM20.csv,1065,NQM20.csv,-3.0,7770.0,7770.0,23303.25,23310.0,6.75
43916,15,45,7754.75,1,2020-03-26,2020-03-26 15:45:00,2020-03-26 15:45:00,NQM20.csv,1504,NQM20.csv,-3.0,7757.0,7757.0,23264.25,23271.0,6.75
43916,16,0,7855.0,5,2020-03-26,2020-03-26 16:00:00,2020-03-26 16:00:00,NQM20.csv,2593,NQM20.csv,4.0,7852.75,7852.75,31420.0,31411.0,9.0
43917,2,30,7786.0,6,2020-03-27,2020-03-27 02:30:00,2020-03-27 02:30:00,NQM20.csv,88,NQM20.csv,1.0,7783.75,7783.75,7786.0,7783.75,2.25
43917,3,30,7737.5,8,2020-03-27,2020-03-27 03:30:00,2020-03-27 03:30:00,NQM20.csv,101,NQM20.csv,2.0,7735.25,7735.25,15475.0,15470.5,4.5
43917,5,0,7715.0,9,2020-03-27,2020-03-27 05:00:00,2020-03-27 05:00:00,NQM20.csv,189,NQM20.csv,1.0,7712.75,7712.75,7715.0,7712.75,2.25
43917,5,30,7685.5,6,2020-03-27,2020-03-27 05:30:00,2020-03-27 05:30:00,NQM20.csv,265,NQM20.csv,-3.0,7687.75,7687.75,23056.5,23063.25,6.75
43917,6,45,7714.5,-1,2020-03-27,2020-03-27 06:45:00,2020-03-27 06:45:00,NQM20.csv,180,NQM20.csv,-7.0,7716.75,7716.75,54001.5,54017.25,15.75
43917,7,0,7665.75,3,2020-03-27,2020-03-27 07:00:00,2020-03-27 07:00:00,NQM20.csv,310,NQM20.csv,4.0,7663.5,7663.5,30663.0,30654.0,9.0
43917,7,15,7701.0,11,2020-03-27,2020-03-27 07:15:00,2020-03-27 07:15:00,NQM20.csv,195,NQM20.csv,8.0,7698.75,7698.75,61608.0,61590.0,18.0
43917,7,30,7665.5,7,2020-03-27,2020-03-27 07:30:00,2020-03-27 07:30:00,NQM20.csv,155,NQM20.csv,-4.0,7667.75,7667.75,30662.0,30671.0,9.0
43917,7,45,7664.75,6,2020-03-27,2020-03-27 07:45:00,2020-03-27 07:45:00,NQM20.csv,226,NQM20.csv,-1.0,7667.0,7667.0,7664.75,7667.0,2.25
43917,8,0,7638.5,7,2020-03-27,2020-03-27 08:00:00,2020-03-27 08:00:00,NQM20.csv,272,NQM20.csv,1.0,7636.25,7636.25,7638.5,7636.25,2.25
43917,8,30,7679.0,6,2020-03-27,2020-03-27 08:30:00,2020-03-27 08:30:00,NQM20.csv,479,NQM20.csv,-1.0,7681.25,7681.25,7679.0,7681.25,2.25
43917,9,15,7623.25,9,2020-03-27,2020-03-27 09:15:00,2020-03-27 09:15:00,NQM20.csv,471,NQM20.csv,3.0,7621.0,7641.0,22869.75,22923.0,-53.25
43917,10,15,7636.75,6,2020-03-27,2020-03-27 10:15:00,2020-03-27 10:15:00,NQM20.csv,641,NQM20.csv,-3.0,7639.0,7639.0,22910.25,22917.0,6.75
43917,10,30,7611.0,3,2020-03-27,2020-03-27 10:30:00,2020-03-27 10:30:00,NQM20.csv,939,NQM20.csv,-3.0,7613.25,7613.25,22833.0,22839.75,6.75
43917,11,45,7628.75,-2,2020-03-27,2020-03-27 11:45:00,2020-03-27 11:45:00,NQM20.csv,623,NQM20.csv,-5.0,7631.0,7631.0,38143.75,38155.0,11.25
43917,12,0,7601.75,0,2020-03-27,2020-03-27 12:00:00,2020-03-27 12:00:00,NQM20.csv,1160,NQM20.csv,2.0,7599.5,7599.5,15203.5,15199.0,4.5
43917,12,15,7603.0,9,2020-03-27,2020-03-27 12:15:00,2020-03-27 12:15:00,NQM20.csv,623,NQM20.csv,9.0,7600.75,7600.75,68427.0,68406.75,20.25
43917,12,30,7609.75,1,2020-03-27,2020-03-27 12:30:00,2020-03-27 12:30:00,NQM20.csv,672,NQM20.csv,-8.0,7612.0,7612.0,60878.0,60896.0,18.0
43917,12,45,7651.0,-3,2020-03-27,2020-03-27 12:45:00,2020-03-27 12:45:00,NQM20.csv,671,NQM20.csv,-4.0,7653.25,7631.25,30604.0,30525.0,-79.0
43917,13,0,7652.5,6,2020-03-27,2020-03-27 13:00:00,2020-03-27 13:00:00,NQM20.csv,414,NQM20.csv,9.0,7650.25,7650.25,68872.5,68852.25,20.25
43917,13,15,7633.5,7,2020-03-27,2020-03-27 13:15:00,2020-03-27 13:15:00,NQM20.csv,339,NQM20.csv,1.0,7631.25,7631.25,7633.5,7631.25,2.25
43917,13,45,7695.75,2,2020-03-27,2020-03-27 13:45:00,2020-03-27 13:45:00,NQM20.csv,718,NQM20.csv,-5.0,7698.0,7698.0,38478.75,38490.0,11.25
43917,14,0,7681.5,0,2020-03-27,2020-03-27 14:00:00,2020-03-27 14:00:00,NQM20.csv,1262,NQM20.csv,-2.0,7683.75,7683.75,15363.0,15367.5,4.5
43917,14,15,7687.75,4,2020-03-27,2020-03-27 14:15:00,2020-03-27 14:15:00,NQM20.csv,638,NQM20.csv,4.0,7685.5,7699.25,30751.0,30797.0,-46.0
43917,15,0,7730.0,1,2020-03-27,2020-03-27 15:00:00,2020-03-27 15:00:00,NQM20.csv,940,NQM20.csv,-3.0,7732.25,7732.25,23190.0,23196.75,6.75
43917,15,30,7772.75,3,2020-03-27,2020-03-27 15:30:00,2020-03-27 15:30:00,NQM20.csv,1157,NQM20.csv,2.0,7770.5,7770.5,15545.5,15541.0,4.5
43917,16,0,7586.0,6,2020-03-27,2020-03-27 16:00:00,2020-03-27 16:00:00,NQM20.csv,2238,NQM20.csv,3.0,7583.75,7583.75,22758.0,22751.25,6.75
43917,16,15,7572.25,0,2020-03-27,2020-03-27 16:15:00,2020-03-27 16:15:00,NQM20.csv,1058,NQM20.csv,-6.0,7574.5,7571.5,45433.5,45429.0,-4.5
43920,2,30,7604.0,6,2020-03-30,2020-03-30 02:30:00,2020-03-30 02:30:00,NQM20.csv,175,NQM20.csv,6.0,7601.75,7601.75,45624.0,45610.5,13.5
43920,4,30,7536.75,2,2020-03-30,2020-03-30 04:30:00,2020-03-30 04:30:00,NQM20.csv,94,NQM20.csv,-4.0,7539.0,7539.0,30147.0,30156.0,9.0
43920,5,15,7553.0,4,2020-03-30,2020-03-30 05:15:00,2020-03-30 05:15:00,NQM20.csv,178,NQM20.csv,2.0,7550.75,7550.75,15106.0,15101.5,4.5
43920,5,45,7599.75,2,2020-03-30,2020-03-30 05:45:00,2020-03-30 05:45:00,NQM20.csv,144,NQM20.csv,-2.0,7602.0,7602.0,15199.5,15204.0,4.5
43920,6,0,7552.75,9,2020-03-30,2020-03-30 06:00:00,2020-03-30 06:00:00,NQM20.csv,225,NQM20.csv,7.0,7550.5,7588.5,52869.25,53119.5,-250.25
43920,6,30,7577.5,6,2020-03-30,2020-03-30 06:30:00,2020-03-30 06:30:00,NQM20.csv,137,NQM20.csv,-3.0,7579.75,7579.75,22732.5,22739.25,6.75
43920,7,15,7604.0,3,2020-03-30,2020-03-30 07:15:00,2020-03-30 07:15:00,NQM20.csv,60,NQM20.csv,-3.0,7606.25,7606.25,22812.0,22818.75,6.75
43920,7,45,7578.75,6,2020-03-30,2020-03-30 07:45:00,2020-03-30 07:45:00,NQM20.csv,145,NQM20.csv,3.0,7576.5,7576.5,22736.25,22729.5,6.75
43920,8,0,7604.0,2,2020-03-30,2020-03-30 08:00:00,2020-03-30 08:00:00,NQM20.csv,260,NQM20.csv,-4.0,7606.25,7606.25,30416.0,30425.0,9.0
43920,9,15,7668.25,0,2020-03-30,2020-03-30 09:15:00,2020-03-30 09:15:00,NQM20.csv,344,NQM20.csv,-2.0,7670.5,7670.5,15336.5,15341.0,4.5
43920,9,45,7661.75,1,2020-03-30,2020-03-30 09:45:00,2020-03-30 09:45:00,NQM20.csv,674,NQM20.csv,1.0,7659.5,7659.5,7661.75,7659.5,2.25
43920,10,15,7736.0,2,2020-03-30,2020-03-30 10:15:00,2020-03-30 10:15:00,NQM20.csv,1098,NQM20.csv,1.0,7733.75,7733.75,7736.0,7733.75,2.25
43920,10,30,7746.75,6,2020-03-30,2020-03-30 10:30:00,2020-03-30 10:30:00,NQM20.csv,822,NQM20.csv,4.0,7744.5,7744.5,30987.0,30978.0,9.0
43920,11,0,7761.5,2,2020-03-30,2020-03-30 11:00:00,2020-03-30 11:00:00,NQM20.csv,809,NQM20.csv,-4.0,7763.75,7763.75,31046.0,31055.0,9.0
43920,11,30,7822.75,6,2020-03-30,2020-03-30 11:30:00,2020-03-30 11:30:00,NQM20.csv,1496,NQM20.csv,4.0,7820.5,7820.5,31291.0,31282.0,9.0
43920,11,45,7814.75,-3,2020-03-30,2020-03-30 11:45:00,2020-03-30 11:45:00,NQM20.csv,996,NQM20.csv,-9.0,7817.0,7817.0,70332.75,70353.0,20.25
43920,12,0,7805.5,-4,2020-03-30,2020-03-30 12:00:00,2020-03-30 12:00:00,NQM20.csv,1123,NQM20.csv,-1.0,7807.75,7790.75,7805.5,7790.75,-14.75
43920,12,15,7792.25,5,2020-03-30,2020-03-30 12:15:00,2020-03-30 12:15:00,NQM20.csv,498,NQM20.csv,9.0,7790.0,7810.25,70130.25,70292.25,-162.0
43920,12,30,7825.25,1,2020-03-30,2020-03-30 12:30:00,2020-03-30 12:30:00,NQM20.csv,674,NQM20.csv,-4.0,7827.5,7827.5,31301.0,31310.0,9.0
43920,12,45,7820.75,0,2020-03-30,2020-03-30 12:45:00,2020-03-30 12:45:00,NQM20.csv,645,NQM20.csv,-1.0,7823.0,7823.0,7820.75,7823.0,2.25
43920,13,0,7846.0,4,2020-03-30,2020-03-30 13:00:00,2020-03-30 13:00:00,NQM20.csv,603,NQM20.csv,4.0,7843.75,7843.75,31384.0,31375.0,9.0
43920,13,15,7809.75,2,2020-03-30,2020-03-30 13:15:00,2020-03-30 13:15:00,NQM20.csv,860,NQM20.csv,-2.0,7812.0,7812.0,15619.5,15624.0,4.5
43920,13,30,7833.5,4,2020-03-30,2020-03-30 13:30:00,2020-03-30 13:30:00,NQM20.csv,475,NQM20.csv,2.0,7831.25,7831.25,15667.0,15662.5,4.5
43920,13,45,7812.75,7,2020-03-30,2020-03-30 13:45:00,2020-03-30 13:45:00,NQM20.csv,373,NQM20.csv,3.0,7810.5,7810.5,23438.25,23431.5,6.75
43920,14,0,7815.5,6,2020-03-30,2020-03-30 14:00:00,2020-03-30 14:00:00,NQM20.csv,528,NQM20.csv,-1.0,7817.75,7817.75,7815.5,7817.75,2.25
43920,14,30,7829.0,8,2020-03-30,2020-03-30 14:30:00,2020-03-30 14:30:00,NQM20.csv,609,NQM20.csv,2.0,7826.75,7826.75,15658.0,15653.5,4.5
43920,14,45,7850.5,7,2020-03-30,2020-03-30 14:45:00,2020-03-30 14:45:00,NQM20.csv,639,NQM20.csv,-1.0,7852.75,7852.75,7850.5,7852.75,2.25
43920,15,15,7862.0,8,2020-03-30,2020-03-30 15:15:00,2020-03-30 15:15:00,NQM20.csv,869,NQM20.csv,1.0,7859.75,7859.75,7862.0,7859.75,2.25
43920,15,45,7853.0,7,2020-03-30,2020-03-30 15:45:00,2020-03-30 15:45:00,NQM20.csv,565,NQM20.csv,-1.0,7855.25,7855.25,7853.0,7855.25,2.25
43920,16,0,7864.25,2,2020-03-30,2020-03-30 16:00:00,2020-03-30 16:00:00,NQM20.csv,1776,NQM20.csv,-5.0,7866.5,7866.5,39321.25,39332.5,11.25
43921,2,30,7882.0,1,2020-03-31,2020-03-31 02:30:00,2020-03-31 02:30:00,NQM20.csv,164,NQM20.csv,-1.0,7884.25,7884.25,7882.0,7884.25,2.25
43921,3,30,7919.25,6,2020-03-31,2020-03-31 03:30:00,2020-03-31 03:30:00,NQM20.csv,113,NQM20.csv,5.0,7917.0,7917.0,39596.25,39585.0,11.25
43921,5,0,7938.5,0,2020-03-31,2020-03-31 05:00:00,2020-03-31 05:00:00,NQM20.csv,112,NQM20.csv,-6.0,7940.75,7940.75,47631.0,47644.5,13.5
43921,5,30,7948.25,1,2020-03-31,2020-03-31 05:30:00,2020-03-31 05:30:00,NQM20.csv,92,NQM20.csv,1.0,7946.0,7946.0,7948.25,7946.0,2.25
43921,5,45,7941.25,3,2020-03-31,2020-03-31 05:45:00,2020-03-31 05:45:00,NQM20.csv,252,NQM20.csv,2.0,7939.0,7939.0,15882.5,15878.0,4.5
43921,6,15,7921.25,1,2020-03-31,2020-03-31 06:15:00,2020-03-31 06:15:00,NQM20.csv,160,NQM20.csv,-2.0,7923.5,7905.25,15842.5,15810.5,-32.0
43921,6,30,7892.0,5,2020-03-31,2020-03-31 06:30:00,2020-03-31 06:30:00,NQM20.csv,238,NQM20.csv,4.0,7889.75,7889.75,31568.0,31559.0,9.0
43921,6,45,7898.0,-2,2020-03-31,2020-03-31 06:45:00,2020-03-31 06:45:00,NQM20.csv,285,NQM20.csv,-7.0,7900.25,7900.25,55286.0,55301.75,15.75
43921,7,15,7856.5,5,2020-03-31,2020-03-31 07:15:00,2020-03-31 07:15:00,NQM20.csv,202,NQM20.csv,7.0,7854.25,7854.25,54995.5,54979.75,15.75
43921,7,30,7859.75,1,2020-03-31,2020-03-31 07:30:00,2020-03-31 07:30:00,NQM20.csv,95,NQM20.csv,-4.0,7862.0,7862.0,31439.0,31448.0,9.0
43921,7,45,7846.0,-4,2020-03-31,2020-03-31 07:45:00,2020-03-31 07:45:00,NQM20.csv,189,NQM20.csv,-5.0,7848.25,7848.25,39230.0,39241.25,11.25
43921,8,15,7804.25,1,2020-03-31,2020-03-31 08:15:00,2020-03-31 08:15:00,NQM20.csv,1034,NQM20.csv,5.0,7802.0,7802.0,39021.25,39010.0,11.25
43921,9,15,7828.25,6,2020-03-31,2020-03-31 09:15:00,2020-03-31 09:15:00,NQM20.csv,244,NQM20.csv,5.0,7826.0,7826.0,39141.25,39130.0,11.25
43921,10,0,7822.0,7,2020-03-31,2020-03-31 10:00:00,2020-03-31 10:00:00,NQM20.csv,952,NQM20.csv,1.0,7819.75,7866.25,7822.0,7866.25,-44.25
43921,10,15,7938.75,2,2020-03-31,2020-03-31 10:15:00,2020-03-31 10:15:00,NQM20.csv,1543,NQM20.csv,-5.0,7941.0,7941.0,39693.75,39705.0,11.25
43921,10,30,7957.75,6,2020-03-31,2020-03-31 10:30:00,2020-03-31 10:30:00,NQM20.csv,833,NQM20.csv,4.0,7955.5,7969.25,31831.0,31877.0,-46.0
43921,11,0,7934.75,5,2020-03-31,2020-03-31 11:00:00,2020-03-31 11:00:00,NQM20.csv,1105,NQM20.csv,-1.0,7937.0,7937.0,7934.75,7937.0,2.25
43921,11,15,7944.75,7,2020-03-31,2020-03-31 11:15:00,2020-03-31 11:15:00,NQM20.csv,930,NQM20.csv,2.0,7942.5,7942.5,15889.5,15885.0,4.5
43921,11,30,7958.5,0,2020-03-31,2020-03-31 11:30:00,2020-03-31 11:30:00,NQM20.csv,820,NQM20.csv,-7.0,7960.75,7960.75,55709.5,55725.25,15.75
43921,11,45,7952.75,-2,2020-03-31,2020-03-31 11:45:00,2020-03-31 11:45:00,NQM20.csv,458,NQM20.csv,-2.0,7955.0,7939.25,15905.5,15878.5,-27.0
43921,12,0,7930.75,5,2020-03-31,2020-03-31 12:00:00,2020-03-31 12:00:00,NQM20.csv,684,NQM20.csv,7.0,7928.5,7928.5,55515.25,55499.5,15.75
43921,12,30,7872.0,2,2020-03-31,2020-03-31 12:30:00,2020-03-31 12:30:00,NQM20.csv,575,NQM20.csv,-3.0,7874.25,7853.75,23616.0,23561.25,-54.75
43921,12,45,7848.75,-2,2020-03-31,2020-03-31 12:45:00,2020-03-31 12:45:00,NQM20.csv,617,NQM20.csv,-4.0,7851.0,7851.0,31395.0,31404.0,9.0
43921,13,15,7854.25,2,2020-03-31,2020-03-31 13:15:00,2020-03-31 13:15:00,NQM20.csv,632,NQM20.csv,4.0,7852.0,7852.0,31417.0,31408.0,9.0
43921,13,30,7835.5,4,2020-03-31,2020-03-31 13:30:00,2020-03-31 13:30:00,NQM20.csv,807,NQM20.csv,2.0,7833.25,7833.25,15671.0,15666.5,4.5
43921,14,0,7884.75,1,2020-03-31,2020-03-31 14:00:00,2020-03-31 14:00:00,NQM20.csv,816,NQM20.csv,-3.0,7887.0,7887.0,23654.25,23661.0,6.75
43921,14,30,7868.0,3,2020-03-31,2020-03-31 14:30:00,2020-03-31 14:30:00,NQM20.csv,342,NQM20.csv,2.0,7865.75,7865.75,15736.0,15731.5,4.5
43921,15,30,7758.25,8,2020-03-31,2020-03-31 15:30:00,2020-03-31 15:30:00,NQM20.csv,930,NQM20.csv,5.0,7756.0,7790.25,38791.25,38951.25,-160.0
43921,16,0,7796.5,1,2020-03-31,2020-03-31 16:00:00,2020-03-31 16:00:00,NQM20.csv,1563,NQM20.csv,-7.0,7798.75,7773.0,54575.5,54411.0,-164.5
43922,2,30,7568.0,5,2020-04-01,2020-04-01 02:30:00,2020-04-01 02:30:00,NQM20.csv,221,NQM20.csv,4.0,7565.75,7565.75,30272.0,30263.0,9.0
43922,4,30,7571.25,3,2020-04-01,2020-04-01 04:30:00,2020-04-01 04:30:00,NQM20.csv,159,NQM20.csv,-2.0,7573.5,7573.5,15142.5,15147.0,4.5
43922,6,0,7596.5,4,2020-04-01,2020-04-01 06:00:00,2020-04-01 06:00:00,NQM20.csv,89,NQM20.csv,1.0,7594.25,7612.0,7596.5,7612.0,-15.5
43922,6,15,7594.0,8,2020-04-01,2020-04-01 06:15:00,2020-04-01 06:15:00,NQM20.csv,126,NQM20.csv,4.0,7591.75,7599.5,30376.0,30398.0,-22.0
43922,6,45,7570.25,4,2020-04-01,2020-04-01 06:45:00,2020-04-01 06:45:00,NQM20.csv,82,NQM20.csv,-4.0,7572.5,7572.5,30281.0,30290.0,9.0
43922,7,30,7574.75,-2,2020-04-01,2020-04-01 07:30:00,2020-04-01 07:30:00,NQM20.csv,109,NQM20.csv,-6.0,7577.0,7577.0,45448.5,45462.0,13.5
43922,8,0,7568.75,3,2020-04-01,2020-04-01 08:00:00,2020-04-01 08:00:00,NQM20.csv,165,NQM20.csv,5.0,7566.5,7566.5,37843.75,37832.5,11.25
43922,9,15,7583.25,-3,2020-04-01,2020-04-01 09:15:00,2020-04-01 09:15:00,NQM20.csv,184,NQM20.csv,-6.0,7585.5,7585.5,45499.5,45513.0,13.5
43922,10,0,7582.75,-7,2020-04-01,2020-04-01 10:00:00,2020-04-01 10:00:00,NQM20.csv,1265,NQM20.csv,-4.0,7585.0,7585.0,30331.0,30340.0,9.0
43922,10,15,7619.75,-1,2020-04-01,2020-04-01 10:15:00,2020-04-01 10:15:00,NQM20.csv,1458,NQM20.csv,6.0,7617.5,7617.5,45718.5,45705.0,13.5
43922,10,30,7615.0,4,2020-04-01,2020-04-01 10:30:00,2020-04-01 10:30:00,NQM20.csv,709,NQM20.csv,5.0,7612.75,7612.75,38075.0,38063.75,11.25
43922,10,45,7632.75,6,2020-04-01,2020-04-01 10:45:00,2020-04-01 10:45:00,NQM20.csv,667,NQM20.csv,2.0,7630.5,7630.5,15265.5,15261.0,4.5
43922,11,0,7642.75,2,2020-04-01,2020-04-01 11:00:00,2020-04-01 11:00:00,NQM20.csv,809,NQM20.csv,-4.0,7645.0,7645.0,30571.0,30580.0,9.0
43922,11,15,7669.5,0,2020-04-01,2020-04-01 11:15:00,2020-04-01 11:15:00,NQM20.csv,1285,NQM20.csv,-2.0,7671.75,7671.75,15339.0,15343.5,4.5
43922,11,45,7601.75,-2,2020-04-01,2020-04-01 11:45:00,2020-04-01 11:45:00,NQM20.csv,549,NQM20.csv,-2.0,7604.0,7604.0,15203.5,15208.0,4.5
43922,12,0,7595.0,0,2020-04-01,2020-04-01 12:00:00,2020-04-01 12:00:00,NQM20.csv,522,NQM20.csv,2.0,7592.75,7592.75,15190.0,15185.5,4.5
43922,12,15,7579.75,2,2020-04-01,2020-04-01 12:15:00,2020-04-01 12:15:00,NQM20.csv,715,NQM20.csv,2.0,7577.5,7577.5,15159.5,15155.0,4.5
43922,12,45,7517.5,-1,2020-04-01,2020-04-01 12:45:00,2020-04-01 12:45:00,NQM20.csv,592,NQM20.csv,-3.0,7519.75,7519.75,22552.5,22559.25,6.75
43922,13,15,7518.5,0,2020-04-01,2020-04-01 13:15:00,2020-04-01 13:15:00,NQM20.csv,675,NQM20.csv,1.0,7516.25,7516.25,7518.5,7516.25,2.25
43922,13,45,7529.25,2,2020-04-01,2020-04-01 13:45:00,2020-04-01 13:45:00,NQM20.csv,791,NQM20.csv,2.0,7527.0,7527.0,15058.5,15054.0,4.5
43922,14,0,7538.75,-3,2020-04-01,2020-04-01 14:00:00,2020-04-01 14:00:00,NQM20.csv,480,NQM20.csv,-5.0,7541.0,7541.0,37693.75,37705.0,11.25
43922,14,15,7527.0,-4,2020-04-01,2020-04-01 14:15:00,2020-04-01 14:15:00,NQM20.csv,362,NQM20.csv,-1.0,7529.25,7529.25,7527.0,7529.25,2.25
43922,15,0,7467.0,-6,2020-04-01,2020-04-01 15:00:00,2020-04-01 15:00:00,NQM20.csv,1025,NQM20.csv,-2.0,7469.25,7469.25,14934.0,14938.5,4.5
43922,15,15,7449.5,-5,2020-04-01,2020-04-01 15:15:00,2020-04-01 15:15:00,NQM20.csv,578,NQM20.csv,1.0,7447.25,7447.25,7449.5,7447.25,2.25
43922,15,30,7436.25,-3,2020-04-01,2020-04-01 15:30:00,2020-04-01 15:30:00,NQM20.csv,486,NQM20.csv,2.0,7434.0,7437.0,14872.5,14874.0,-1.5
43922,15,45,7418.5,-4,2020-04-01,2020-04-01 15:45:00,2020-04-01 15:45:00,NQM20.csv,2524,NQM20.csv,-1.0,7420.75,7420.75,7418.5,7420.75,2.25
43922,16,0,7463.75,3,2020-04-01,2020-04-01 16:00:00,2020-04-01 16:00:00,NQM20.csv,1728,NQM20.csv,7.0,7461.5,7461.5,52246.25,52230.5,15.75
43923,2,30,7532.75,7,2020-04-02,2020-04-02 02:30:00,2020-04-02 02:30:00,NQM20.csv,97,NQM20.csv,4.0,7530.5,7530.5,30131.0,30122.0,9.0
43923,3,30,7570.0,3,2020-04-02,2020-04-02 03:30:00,2020-04-02 03:30:00,NQM20.csv,184,NQM20.csv,-4.0,7572.25,7572.25,30280.0,30289.0,9.0
43923,4,30,7585.0,1,2020-04-02,2020-04-02 04:30:00,2020-04-02 04:30:00,NQM20.csv,93,NQM20.csv,-2.0,7587.25,7587.25,15170.0,15174.5,4.5
43923,5,0,7565.0,3,2020-04-02,2020-04-02 05:00:00,2020-04-02 05:00:00,NQM20.csv,148,NQM20.csv,2.0,7562.75,7562.75,15130.0,15125.5,4.5
43923,5,30,7561.25,5,2020-04-02,2020-04-02 05:30:00,2020-04-02 05:30:00,NQM20.csv,110,NQM20.csv,2.0,7559.0,7559.0,15122.5,15118.0,4.5
43923,6,30,7541.0,-7,2020-04-02,2020-04-02 06:30:00,2020-04-02 06:30:00,NQM20.csv,112,NQM20.csv,-12.0,7543.25,7543.25,90492.0,90519.0,27.0
43923,7,0,7534.5,5,2020-04-02,2020-04-02 07:00:00,2020-04-02 07:00:00,NQM20.csv,163,NQM20.csv,12.0,7532.25,7532.25,90414.0,90387.0,27.0
43923,7,30,7533.5,1,2020-04-02,2020-04-02 07:30:00,2020-04-02 07:30:00,NQM20.csv,118,NQM20.csv,-4.0,7535.75,7535.75,30134.0,30143.0,9.0
43923,8,0,7558.0,5,2020-04-02,2020-04-02 08:00:00,2020-04-02 08:00:00,NQM20.csv,548,NQM20.csv,4.0,7555.75,7565.0,30232.0,30260.0,-28.0
43923,9,15,7386.25,7,2020-04-02,2020-04-02 09:15:00,2020-04-02 09:15:00,NQM20.csv,921,NQM20.csv,2.0,7384.0,7384.0,14772.5,14768.0,4.5
43923,10,0,7470.25,0,2020-04-02,2020-04-02 10:00:00,2020-04-02 10:00:00,NQM20.csv,1880,NQM20.csv,-7.0,7472.5,7472.5,52291.75,52307.5,15.75
43923,10,15,7512.75,-2,2020-04-02,2020-04-02 10:15:00,2020-04-02 10:15:00,NQM20.csv,942,NQM20.csv,-2.0,7515.0,7515.0,15025.5,15030.0,4.5
43923,11,15,7551.5,2,2020-04-02,2020-04-02 11:15:00,2020-04-02 11:15:00,NQM20.csv,1270,NQM20.csv,4.0,7549.25,7571.5,30206.0,30286.0,-80.0
43923,11,45,7573.25,-5,2020-04-02,2020-04-02 11:45:00,2020-04-02 11:45:00,NQM20.csv,720,NQM20.csv,-7.0,7575.5,7575.5,53012.75,53028.5,15.75
43923,12,0,7599.25,-3,2020-04-02,2020-04-02 12:00:00,2020-04-02 12:00:00,NQM20.csv,516,NQM20.csv,2.0,7597.0,7597.0,15198.5,15194.0,4.5
43923,12,15,7604.25,0,2020-04-02,2020-04-02 12:15:00,2020-04-02 12:15:00,NQM20.csv,769,NQM20.csv,3.0,7602.0,7602.0,22812.75,22806.0,6.75
43923,13,15,7545.5,-2,2020-04-02,2020-04-02 13:15:00,2020-04-02 13:15:00,NQM20.csv,691,NQM20.csv,-2.0,7547.75,7547.75,15091.0,15095.5,4.5
43923,13,45,7533.25,0,2020-04-02,2020-04-02 13:45:00,2020-04-02 13:45:00,NQM20.csv,628,NQM20.csv,2.0,7531.0,7531.0,15066.5,15062.0,4.5
43923,14,0,7517.75,7,2020-04-02,2020-04-02 14:00:00,2020-04-02 14:00:00,NQM20.csv,570,NQM20.csv,7.0,7515.5,7515.5,52624.25,52608.5,15.75
43923,14,15,7487.75,3,2020-04-02,2020-04-02 14:15:00,2020-04-02 14:15:00,NQM20.csv,604,NQM20.csv,-4.0,7490.0,7490.0,29951.0,29960.0,9.0
43923,14,30,7485.0,5,2020-04-02,2020-04-02 14:30:00,2020-04-02 14:30:00,NQM20.csv,1133,NQM20.csv,2.0,7482.75,7482.75,14970.0,14965.5,4.5
43923,14,45,7477.5,9,2020-04-02,2020-04-02 14:45:00,2020-04-02 14:45:00,NQM20.csv,680,NQM20.csv,4.0,7475.25,7475.25,29910.0,29901.0,9.0
43923,15,0,7544.25,10,2020-04-02,2020-04-02 15:00:00,2020-04-02 15:00:00,NQM20.csv,1125,NQM20.csv,1.0,7542.0,7542.0,7544.25,7542.0,2.25
43923,15,30,7556.25,4,2020-04-02,2020-04-02 15:30:00,2020-04-02 15:30:00,NQM20.csv,793,NQM20.csv,-6.0,7558.5,7558.5,45337.5,45351.0,13.5
43923,15,45,7576.0,1,2020-04-02,2020-04-02 15:45:00,2020-04-02 15:45:00,NQM20.csv,1036,NQM20.csv,-3.0,7578.25,7578.25,22728.0,22734.75,6.75
43923,16,0,7618.25,5,2020-04-02,2020-04-02 16:00:00,2020-04-02 16:00:00,NQM20.csv,1496,NQM20.csv,4.0,7616.0,7616.0,30473.0,30464.0,9.0
43924,2,30,7535.5,7,2020-04-03,2020-04-03 02:30:00,2020-04-03 02:30:00,NQM20.csv,47,NQM20.csv,2.0,7533.25,7545.5,15071.0,15091.0,-20.0
43924,3,30,7539.25,2,2020-04-03,2020-04-03 03:30:00,2020-04-03 03:30:00,NQM20.csv,80,NQM20.csv,-5.0,7541.5,7541.5,37696.25,37707.5,11.25
43924,4,30,7540.25,0,2020-04-03,2020-04-03 04:30:00,2020-04-03 04:30:00,NQM20.csv,198,NQM20.csv,-2.0,7542.5,7542.5,15080.5,15085.0,4.5
43924,5,15,7537.0,-3,2020-04-03,2020-04-03 05:15:00,2020-04-03 05:15:00,NQM20.csv,84,NQM20.csv,-3.0,7539.25,7523.75,22611.0,22571.25,-39.75
43924,5,30,7533.5,2,2020-04-03,2020-04-03 05:30:00,2020-04-03 05:30:00,NQM20.csv,132,NQM20.csv,5.0,7531.25,7531.25,37667.5,37656.25,11.25
43924,5,45,7525.0,11,2020-04-03,2020-04-03 05:45:00,2020-04-03 05:45:00,NQM20.csv,85,NQM20.csv,9.0,7522.75,7522.75,67725.0,67704.75,20.25
43924,6,0,7548.75,6,2020-04-03,2020-04-03 06:00:00,2020-04-03 06:00:00,NQM20.csv,163,NQM20.csv,-5.0,7551.0,7551.0,37743.75,37755.0,11.25
43924,6,15,7542.5,0,2020-04-03,2020-04-03 06:15:00,2020-04-03 06:15:00,NQM20.csv,106,NQM20.csv,-6.0,7544.75,7534.25,45255.0,45205.5,-49.5
43924,6,30,7536.5,10,2020-04-03,2020-04-03 06:30:00,2020-04-03 06:30:00,NQM20.csv,74,NQM20.csv,10.0,7534.25,7534.25,75365.0,75342.5,22.5
43924,7,0,7551.25,2,2020-04-03,2020-04-03 07:00:00,2020-04-03 07:00:00,NQM20.csv,114,NQM20.csv,-8.0,7553.5,7553.5,60410.0,60428.0,18.0
43924,7,30,7558.0,5,2020-04-03,2020-04-03 07:30:00,2020-04-03 07:30:00,NQM20.csv,59,NQM20.csv,3.0,7555.75,7555.75,22674.0,22667.25,6.75
43924,9,15,7598.75,3,2020-04-03,2020-04-03 09:15:00,2020-04-03 09:15:00,NQM20.csv,118,NQM20.csv,-2.0,7601.0,7601.0,15197.5,15202.0,4.5
43924,9,45,7643.5,1,2020-04-03,2020-04-03 09:45:00,2020-04-03 09:45:00,NQM20.csv,959,NQM20.csv,-2.0,7645.75,7645.75,15287.0,15291.5,4.5
43924,10,0,7623.75,5,2020-04-03,2020-04-03 10:00:00,2020-04-03 10:00:00,NQM20.csv,1241,NQM20.csv,4.0,7621.5,7621.5,30495.0,30486.0,9.0
43924,10,15,7618.25,10,2020-04-03,2020-04-03 10:15:00,2020-04-03 10:15:00,NQM20.csv,963,NQM20.csv,5.0,7616.0,7616.0,38091.25,38080.0,11.25
43924,10,30,7567.75,8,2020-04-03,2020-04-03 10:30:00,2020-04-03 10:30:00,NQM20.csv,870,NQM20.csv,-2.0,7570.0,7570.0,15135.5,15140.0,4.5
43924,10,45,7549.25,1,2020-04-03,2020-04-03 10:45:00,2020-04-03 10:45:00,NQM20.csv,789,NQM20.csv,-7.0,7551.5,7551.5,52844.75,52860.5,15.75
43924,11,15,7529.75,7,2020-04-03,2020-04-03 11:15:00,2020-04-03 11:15:00,NQM20.csv,898,NQM20.csv,6.0,7527.5,7527.5,45178.5,45165.0,13.5
43924,11,30,7525.75,6,2020-04-03,2020-04-03 11:30:00,2020-04-03 11:30:00,NQM20.csv,602,NQM20.csv,-1.0,7528.0,7528.0,7525.75,7528.0,2.25
43924,12,15,7485.0,3,2020-04-03,2020-04-03 12:15:00,2020-04-03 12:15:00,NQM20.csv,425,NQM20.csv,-3.0,7487.25,7487.25,22455.0,22461.75,6.75
43924,12,30,7483.5,6,2020-04-03,2020-04-03 12:30:00,2020-04-03 12:30:00,NQM20.csv,1223,NQM20.csv,3.0,7481.25,7481.25,22450.5,22443.75,6.75
43924,12,45,7504.5,5,2020-04-03,2020-04-03 12:45:00,2020-04-03 12:45:00,NQM20.csv,402,NQM20.csv,-1.0,7506.75,7484.0,7504.5,7484.0,-20.5
43924,13,15,7485.25,6,2020-04-03,2020-04-03 13:15:00,2020-04-03 13:15:00,NQM20.csv,424,NQM20.csv,1.0,7483.0,7498.75,7485.25,7498.75,-13.5
43924,13,45,7452.5,9,2020-04-03,2020-04-03 13:45:00,2020-04-03 13:45:00,NQM20.csv,901,NQM20.csv,3.0,7450.25,7457.5,22357.5,22372.5,-15.0
43924,14,0,7446.5,3,2020-04-03,2020-04-03 14:00:00,2020-04-03 14:00:00,NQM20.csv,759,NQM20.csv,-6.0,7448.75,7448.75,44679.0,44692.5,13.5
43924,14,30,7473.5,-1,2020-04-03,2020-04-03 14:30:00,2020-04-03 14:30:00,NQM20.csv,713,NQM20.csv,-4.0,7475.75,7467.25,29894.0,29869.0,-25.0
43924,15,0,7494.0,-2,2020-04-03,2020-04-03 15:00:00,2020-04-03 15:00:00,NQM20.csv,593,NQM20.csv,-1.0,7496.25,7496.25,7494.0,7496.25,2.25
43924,15,30,7477.25,-3,2020-04-03,2020-04-03 15:30:00,2020-04-03 15:30:00,NQM20.csv,678,NQM20.csv,-1.0,7479.5,7479.5,7477.25,7479.5,2.25
43924,16,0,7515.75,5,2020-04-03,2020-04-03 16:00:00,2020-04-03 16:00:00,NQM20.csv,1332,NQM20.csv,8.0,7513.5,7513.5,60126.0,60108.0,18.0
43924,16,15,7518.25,0,2020-04-03,2020-04-03 16:15:00,2020-04-03 16:15:00,NQM20.csv,821,NQM20.csv,-5.0,7520.5,7521.75,37591.25,37608.75,17.5
43927,2,30,7840.0,2,2020-04-06,2020-04-06 02:30:00,2020-04-06 02:30:00,NQM20.csv,47,NQM20.csv,2.0,7837.75,7837.75,15680.0,15675.5,4.5
43927,3,30,7847.25,-2,2020-04-06,2020-04-06 03:30:00,2020-04-06 03:30:00,NQM20.csv,132,NQM20.csv,-4.0,7849.5,7849.5,31389.0,31398.0,9.0
43927,5,30,7832.75,2,2020-04-06,2020-04-06 05:30:00,2020-04-06 05:30:00,NQM20.csv,87,NQM20.csv,4.0,7830.5,7830.5,31331.0,31322.0,9.0
43927,5,45,7847.5,-3,2020-04-06,2020-04-06 05:45:00,2020-04-06 05:45:00,NQM20.csv,287,NQM20.csv,-5.0,7849.75,7844.5,39237.5,39222.5,-15.0
43927,6,15,7823.0,5,2020-04-06,2020-04-06 06:15:00,2020-04-06 06:15:00,NQM20.csv,51,NQM20.csv,8.0,7820.75,7826.0,62584.0,62608.0,-24.0
43927,6,30,7814.0,1,2020-04-06,2020-04-06 06:30:00,2020-04-06 06:30:00,NQM20.csv,93,NQM20.csv,-4.0,7816.25,7816.25,31256.0,31265.0,9.0
43927,6,45,7823.5,-2,2020-04-06,2020-04-06 06:45:00,2020-04-06 06:45:00,NQM20.csv,49,NQM20.csv,-3.0,7825.75,7825.75,23470.5,23477.25,6.75
43927,7,15,7803.5,-7,2020-04-06,2020-04-06 07:15:00,2020-04-06 07:15:00,NQM20.csv,89,NQM20.csv,-5.0,7805.75,7805.75,39017.5,39028.75,11.25
43927,7,45,7810.25,-2,2020-04-06,2020-04-06 07:45:00,2020-04-06 07:45:00,NQM20.csv,140,NQM20.csv,5.0,7808.0,7808.0,39051.25,39040.0,11.25
43927,8,0,7807.0,2,2020-04-06,2020-04-06 08:00:00,2020-04-06 08:00:00,NQM20.csv,137,NQM20.csv,4.0,7804.75,7804.75,31228.0,31219.0,9.0
43927,10,30,7853.75,6,2020-04-06,2020-04-06 10:30:00,2020-04-06 10:30:00,NQM20.csv,797,NQM20.csv,4.0,7851.5,7851.5,31415.0,31406.0,9.0
43927,11,0,7855.25,5,2020-04-06,2020-04-06 11:00:00,2020-04-06 11:00:00,NQM20.csv,435,NQM20.csv,-1.0,7857.5,7857.5,7855.25,7857.5,2.25
43927,11,30,7882.0,0,2020-04-06,2020-04-06 11:30:00,2020-04-06 11:30:00,NQM20.csv,738,NQM20.csv,-5.0,7884.25,7884.25,39410.0,39421.25,11.25
43927,12,0,7890.5,5,2020-04-06,2020-04-06 12:00:00,2020-04-06 12:00:00,NQM20.csv,444,NQM20.csv,5.0,7888.25,7888.25,39452.5,39441.25,11.25
43927,12,15,7906.25,3,2020-04-06,2020-04-06 12:15:00,2020-04-06 12:15:00,NQM20.csv,467,NQM20.csv,-2.0,7908.5,7908.5,15812.5,15817.0,4.5
43927,12,30,7923.75,-1,2020-04-06,2020-04-06 12:30:00,2020-04-06 12:30:00,NQM20.csv,258,NQM20.csv,-4.0,7926.0,7926.0,31695.0,31704.0,9.0
43927,12,45,7922.0,1,2020-04-06,2020-04-06 12:45:00,2020-04-06 12:45:00,NQM20.csv,322,NQM20.csv,2.0,7919.75,7919.75,15844.0,15839.5,4.5
43927,14,0,7961.0,2,2020-04-06,2020-04-06 14:00:00,2020-04-06 14:00:00,NQM20.csv,714,NQM20.csv,1.0,7958.75,7958.75,7961.0,7958.75,2.25
43927,15,0,7954.0,5,2020-04-06,2020-04-06 15:00:00,2020-04-06 15:00:00,NQM20.csv,354,NQM20.csv,3.0,7951.75,7951.75,23862.0,23855.25,6.75
43927,15,30,7978.25,7,2020-04-06,2020-04-06 15:30:00,2020-04-06 15:30:00,NQM20.csv,578,NQM20.csv,2.0,7976.0,7976.0,15956.5,15952.0,4.5
43927,15,45,8003.0,4,2020-04-06,2020-04-06 15:45:00,2020-04-06 15:45:00,NQM20.csv,880,NQM20.csv,-3.0,8005.25,8005.25,24009.0,24015.75,6.75
43927,16,0,8045.5,2,2020-04-06,2020-04-06 16:00:00,2020-04-06 16:00:00,NQM20.csv,2690,NQM20.csv,-2.0,8047.75,8047.75,16091.0,16095.5,4.5
43928,2,30,8095.75,7,2020-04-07,2020-04-07 02:30:00,2020-04-07 02:30:00,NQM20.csv,115,NQM20.csv,5.0,8093.5,8093.5,40478.75,40467.5,11.25
43928,3,30,8131.5,4,2020-04-07,2020-04-07 03:30:00,2020-04-07 03:30:00,NQM20.csv,373,NQM20.csv,-3.0,8133.75,8133.75,24394.5,24401.25,6.75
43928,4,30,8239.5,0,2020-04-07,2020-04-07 04:30:00,2020-04-07 04:30:00,NQM20.csv,160,NQM20.csv,-4.0,8241.75,8215.75,32958.0,32863.0,-95.0
43928,5,0,8200.5,2,2020-04-07,2020-04-07 05:00:00,2020-04-07 05:00:00,NQM20.csv,164,NQM20.csv,2.0,8198.25,8210.5,16401.0,16421.0,-20.0
43928,5,30,8221.25,3,2020-04-07,2020-04-07 05:30:00,2020-04-07 05:30:00,NQM20.csv,248,NQM20.csv,1.0,8219.0,8219.0,8221.25,8219.0,2.25
43928,5,45,8224.25,-1,2020-04-07,2020-04-07 05:45:00,2020-04-07 05:45:00,NQM20.csv,60,NQM20.csv,-4.0,8226.5,8226.5,32897.0,32906.0,9.0
43928,6,15,8269.5,3,2020-04-07,2020-04-07 06:15:00,2020-04-07 06:15:00,NQM20.csv,475,NQM20.csv,4.0,8267.25,8282.75,33078.0,33131.0,-53.0
43928,7,15,8275.25,-3,2020-04-07,2020-04-07 07:15:00,2020-04-07 07:15:00,NQM20.csv,105,NQM20.csv,-6.0,8277.5,8277.5,49651.5,49665.0,13.5
43928,7,45,8250.0,3,2020-04-07,2020-04-07 07:45:00,2020-04-07 07:45:00,NQM20.csv,300,NQM20.csv,6.0,8247.75,8247.75,49500.0,49486.5,13.5
43928,8,0,8240.25,-3,2020-04-07,2020-04-07 08:00:00,2020-04-07 08:00:00,NQM20.csv,291,NQM20.csv,-6.0,8242.5,8242.5,49441.5,49455.0,13.5
43928,8,30,8235.5,3,2020-04-07,2020-04-07 08:30:00,2020-04-07 08:30:00,NQM20.csv,310,NQM20.csv,6.0,8233.25,8233.25,49413.0,49399.5,13.5
43928,10,30,8130.75,4,2020-04-07,2020-04-07 10:30:00,2020-04-07 10:30:00,NQM20.csv,1340,NQM20.csv,1.0,8128.5,8128.5,8130.75,8128.5,2.25
43928,10,45,8121.25,2,2020-04-07,2020-04-07 10:45:00,2020-04-07 10:45:00,NQM20.csv,1219,NQM20.csv,-2.0,8123.5,8123.5,16242.5,16247.0,4.5
43928,11,0,8101.75,3,2020-04-07,2020-04-07 11:00:00,2020-04-07 11:00:00,NQM20.csv,973,NQM20.csv,1.0,8099.5,8099.5,8101.75,8099.5,2.25
43928,11,15,8121.5,5,2020-04-07,2020-04-07 11:15:00,2020-04-07 11:15:00,NQM20.csv,1755,NQM20.csv,2.0,8119.25,8133.5,16243.0,16267.0,-24.0
43928,11,30,8155.75,4,2020-04-07,2020-04-07 11:30:00,2020-04-07 11:30:00,NQM20.csv,732,NQM20.csv,-1.0,8158.0,8158.0,8155.75,8158.0,2.25
43928,12,0,8173.5,6,2020-04-07,2020-04-07 12:00:00,2020-04-07 12:00:00,NQM20.csv,933,NQM20.csv,2.0,8171.25,8217.75,16347.0,16435.5,-88.5
43928,12,15,8234.25,3,2020-04-07,2020-04-07 12:15:00,2020-04-07 12:15:00,NQM20.csv,672,NQM20.csv,-3.0,8236.5,8236.5,24702.75,24709.5,6.75
43928,12,30,8236.5,2,2020-04-07,2020-04-07 12:30:00,2020-04-07 12:30:00,NQM20.csv,534,NQM20.csv,-1.0,8238.75,8238.75,8236.5,8238.75,2.25
43928,12,45,8225.0,5,2020-04-07,2020-04-07 12:45:00,2020-04-07 12:45:00,NQM20.csv,522,NQM20.csv,3.0,8222.75,8222.75,24675.0,24668.25,6.75
43928,13,0,8225.5,-1,2020-04-07,2020-04-07 13:00:00,2020-04-07 13:00:00,NQM20.csv,523,NQM20.csv,-6.0,8227.75,8227.75,49353.0,49366.5,13.5
43928,13,30,8211.25,6,2020-04-07,2020-04-07 13:30:00,2020-04-07 13:30:00,NQM20.csv,652,NQM20.csv,7.0,8209.0,8209.0,57478.75,57463.0,15.75
43928,13,45,8174.0,2,2020-04-07,2020-04-07 13:45:00,2020-04-07 13:45:00,NQM20.csv,380,NQM20.csv,-4.0,8176.25,8176.25,32696.0,32705.0,9.0
43928,14,15,8130.0,6,2020-04-07,2020-04-07 14:15:00,2020-04-07 14:15:00,NQM20.csv,661,NQM20.csv,4.0,8127.75,8127.75,32520.0,32511.0,9.0
43928,14,30,8134.75,8,2020-04-07,2020-04-07 14:30:00,2020-04-07 14:30:00,NQM20.csv,676,NQM20.csv,2.0,8132.5,8132.5,16269.5,16265.0,4.5
43928,15,0,8066.5,10,2020-04-07,2020-04-07 15:00:00,2020-04-07 15:00:00,NQM20.csv,1033,NQM20.csv,2.0,8064.25,8064.25,16133.0,16128.5,4.5
43928,15,30,8060.0,11,2020-04-07,2020-04-07 15:30:00,2020-04-07 15:30:00,NQM20.csv,1338,NQM20.csv,1.0,8057.75,8057.75,8060.0,8057.75,2.25
43928,15,35,8078.5,9,2020-04-07,2020-04-07 15:35:00,2020-04-07 15:35:00,NQM20.csv,1596,NQM20.csv,-2.0,8080.75,8080.75,16157.0,16161.5,4.5
43928,16,0,8044.25,3,2020-04-07,2020-04-07 16:00:00,2020-04-07 16:00:00,NQM20.csv,1315,NQM20.csv,-6.0,8046.5,8046.5,48265.5,48279.0,13.5
43929,2,30,7996.75,0,2020-04-08,2020-04-08 02:30:00,2020-04-08 02:30:00,NQM20.csv,130,NQM20.csv,-3.0,7999.0,7999.0,23990.25,23997.0,6.75
43929,3,30,8045.0,2,2020-04-08,2020-04-08 03:30:00,2020-04-08 03:30:00,NQM20.csv,190,NQM20.csv,2.0,8042.75,8042.75,16090.0,16085.5,4.5
43929,5,30,8019.5,0,2020-04-08,2020-04-08 05:30:00,2020-04-08 05:30:00,NQM20.csv,206,NQM20.csv,-2.0,8021.75,8021.75,16039.0,16043.5,4.5
43929,5,45,8022.0,-4,2020-04-08,2020-04-08 05:45:00,2020-04-08 05:45:00,NQM20.csv,443,NQM20.csv,-4.0,8024.25,8024.25,32088.0,32097.0,9.0
43929,6,0,8012.75,2,2020-04-08,2020-04-08 06:00:00,2020-04-08 06:00:00,NQM20.csv,162,NQM20.csv,6.0,8010.5,8022.75,48076.5,48136.5,-60.0
43929,6,15,8016.5,6,2020-04-08,2020-04-08 06:15:00,2020-04-08 06:15:00,NQM20.csv,60,NQM20.csv,4.0,8014.25,8024.25,32066.0,32097.0,-31.0
43929,6,30,8043.75,-9,2020-04-08,2020-04-08 06:30:00,2020-04-08 06:30:00,NQM20.csv,73,NQM20.csv,-15.0,8046.0,8046.0,120656.25,120690.0,33.75
43929,7,0,8069.25,0,2020-04-08,2020-04-08 07:00:00,2020-04-08 07:00:00,NQM20.csv,264,NQM20.csv,9.0,8067.0,8067.0,72623.25,72603.0,20.25
43929,7,45,8063.75,-5,2020-04-08,2020-04-08 07:45:00,2020-04-08 07:45:00,NQM20.csv,207,NQM20.csv,-5.0,8066.0,8066.0,40318.75,40330.0,11.25
43929,8,15,8119.75,0,2020-04-08,2020-04-08 08:15:00,2020-04-08 08:15:00,NQM20.csv,262,NQM20.csv,5.0,8117.5,8117.5,40598.75,40587.5,11.25
43929,9,15,8119.25,2,2020-04-08,2020-04-08 09:15:00,2020-04-08 09:15:00,NQM20.csv,331,NQM20.csv,2.0,8117.0,8117.0,16238.5,16234.0,4.5
43929,9,45,8130.25,3,2020-04-08,2020-04-08 09:45:00,2020-04-08 09:45:00,NQM20.csv,888,NQM20.csv,1.0,8128.0,8128.0,8130.25,8128.0,2.25
43929,10,15,8072.5,0,2020-04-08,2020-04-08 10:15:00,2020-04-08 10:15:00,NQM20.csv,975,NQM20.csv,-3.0,8074.75,8074.75,24217.5,24224.25,6.75
43929,10,30,8101.5,2,2020-04-08,2020-04-08 10:30:00,2020-04-08 10:30:00,NQM20.csv,939,NQM20.csv,2.0,8099.25,8099.25,16203.0,16198.5,4.5
43929,12,0,8161.5,5,2020-04-08,2020-04-08 12:00:00,2020-04-08 12:00:00,NQM20.csv,616,NQM20.csv,3.0,8159.25,8159.25,24484.5,24477.75,6.75
43929,12,15,8154.0,3,2020-04-08,2020-04-08 12:15:00,2020-04-08 12:15:00,NQM20.csv,454,NQM20.csv,-2.0,8156.25,8156.25,16308.0,16312.5,4.5
43929,12,30,8158.5,1,2020-04-08,2020-04-08 12:30:00,2020-04-08 12:30:00,NQM20.csv,443,NQM20.csv,-2.0,8160.75,8160.75,16317.0,16321.5,4.5
43929,13,15,8176.0,3,2020-04-08,2020-04-08 13:15:00,2020-04-08 13:15:00,NQM20.csv,350,NQM20.csv,2.0,8173.75,8173.75,16352.0,16347.5,4.5
43929,13,45,8140.25,0,2020-04-08,2020-04-08 13:45:00,2020-04-08 13:45:00,NQM20.csv,469,NQM20.csv,-3.0,8142.5,8142.5,24420.75,24427.5,6.75
43929,14,0,8126.25,1,2020-04-08,2020-04-08 14:00:00,2020-04-08 14:00:00,NQM20.csv,930,NQM20.csv,1.0,8124.0,8124.0,8126.25,8124.0,2.25
43929,14,15,8156.5,4,2020-04-08,2020-04-08 14:15:00,2020-04-08 14:15:00,NQM20.csv,649,NQM20.csv,3.0,8154.25,8168.25,24469.5,24504.75,-35.25
43929,14,30,8187.25,8,2020-04-08,2020-04-08 14:30:00,2020-04-08 14:30:00,NQM20.csv,407,NQM20.csv,4.0,8185.0,8185.0,32749.0,32740.0,9.0
43929,15,0,8211.5,10,2020-04-08,2020-04-08 15:00:00,2020-04-08 15:00:00,NQM20.csv,1032,NQM20.csv,2.0,8209.25,8209.25,16423.0,16418.5,4.5
43929,15,30,8209.25,11,2020-04-08,2020-04-08 15:30:00,2020-04-08 15:30:00,NQM20.csv,1149,NQM20.csv,1.0,8207.0,8207.0,8209.25,8207.0,2.25
43929,15,35,8203.5,9,2020-04-08,2020-04-08 15:35:00,2020-04-08 15:35:00,NQM20.csv,954,NQM20.csv,-2.0,8205.75,8205.75,16407.0,16411.5,4.5
43929,16,0,8209.0,0,2020-04-08,2020-04-08 16:00:00,2020-04-08 16:00:00,NQM20.csv,1896,NQM20.csv,-9.0,8211.25,8211.25,73881.0,73901.25,20.25
43930,4,30,8211.25,7,2020-04-09,2020-04-09 04:30:00,2020-04-09 04:30:00,NQM20.csv,215,NQM20.csv,7.0,8209.0,8209.0,57478.75,57463.0,15.75
43930,6,0,8161.5,10,2020-04-09,2020-04-09 06:00:00,2020-04-09 06:00:00,NQM20.csv,249,NQM20.csv,3.0,8159.25,8159.25,24484.5,24477.75,6.75
43930,6,30,8154.75,7,2020-04-09,2020-04-09 06:30:00,2020-04-09 06:30:00,NQM20.csv,282,NQM20.csv,-3.0,8157.0,8157.0,24464.25,24471.0,6.75
43930,7,0,8162.25,3,2020-04-09,2020-04-09 07:00:00,2020-04-09 07:00:00,NQM20.csv,491,NQM20.csv,-4.0,8164.5,8164.5,32649.0,32658.0,9.0
43930,7,30,8130.5,11,2020-04-09,2020-04-09 07:30:00,2020-04-09 07:30:00,NQM20.csv,577,NQM20.csv,8.0,8128.25,8128.25,65044.0,65026.0,18.0
43930,7,35,8147.75,9,2020-04-09,2020-04-09 07:35:00,2020-04-09 07:35:00,NQM20.csv,449,NQM20.csv,-2.0,8150.0,8150.0,16295.5,16300.0,4.5
43930,8,0,8140.5,7,2020-04-09,2020-04-09 08:00:00,2020-04-09 08:00:00,NQM20.csv,174,NQM20.csv,-2.0,8142.75,8142.75,16281.0,16285.5,4.5
43930,9,15,8304.75,2,2020-04-09,2020-04-09 09:15:00,2020-04-09 09:15:00,NQM20.csv,515,NQM20.csv,-5.0,8307.0,8304.0,41523.75,41520.0,-3.75
43930,9,45,8320.25,6,2020-04-09,2020-04-09 09:45:00,2020-04-09 09:45:00,NQM20.csv,1536,NQM20.csv,4.0,8318.0,8318.0,33281.0,33272.0,9.0
43930,10,0,8307.75,9,2020-04-09,2020-04-09 10:00:00,2020-04-09 10:00:00,NQM20.csv,1258,NQM20.csv,3.0,8305.5,8305.5,24923.25,24916.5,6.75
43930,10,15,8221.5,10,2020-04-09,2020-04-09 10:15:00,2020-04-09 10:15:00,NQM20.csv,2135,NQM20.csv,1.0,8219.25,8219.25,8221.5,8219.25,2.25
43930,10,30,8212.75,11,2020-04-09,2020-04-09 10:30:00,2020-04-09 10:30:00,NQM20.csv,1232,NQM20.csv,1.0,8210.5,8210.5,8212.75,8210.5,2.25
43930,10,35,8202.5,10,2020-04-09,2020-04-09 10:35:00,2020-04-09 10:35:00,NQM20.csv,1230,NQM20.csv,-1.0,8204.75,8204.75,8202.5,8204.75,2.25
43930,11,15,8189.0,6,2020-04-09,2020-04-09 11:15:00,2020-04-09 11:15:00,NQM20.csv,836,NQM20.csv,-4.0,8191.25,8191.25,32756.0,32765.0,9.0
43930,11,45,8240.0,10,2020-04-09,2020-04-09 11:45:00,2020-04-09 11:45:00,NQM20.csv,1264,NQM20.csv,4.0,8237.75,8237.75,32960.0,32951.0,9.0
43930,12,0,8240.25,1,2020-04-09,2020-04-09 12:00:00,2020-04-09 12:00:00,NQM20.csv,920,NQM20.csv,-9.0,8242.5,8242.5,74162.25,74182.5,20.25
43930,12,30,8234.5,8,2020-04-09,2020-04-09 12:30:00,2020-04-09 12:30:00,NQM20.csv,744,NQM20.csv,7.0,8232.25,8232.25,57641.5,57625.75,15.75
43930,13,15,8273.25,3,2020-04-09,2020-04-09 13:15:00,2020-04-09 13:15:00,NQM20.csv,420,NQM20.csv,-5.0,8275.5,8275.5,41366.25,41377.5,11.25
43930,13,45,8254.5,8,2020-04-09,2020-04-09 13:45:00,2020-04-09 13:45:00,NQM20.csv,662,NQM20.csv,5.0,8252.25,8252.25,41272.5,41261.25,11.25
43930,14,0,8249.25,7,2020-04-09,2020-04-09 14:00:00,2020-04-09 14:00:00,NQM20.csv,411,NQM20.csv,-1.0,8251.5,8251.5,8249.25,8251.5,2.25
43930,14,30,8202.5,8,2020-04-09,2020-04-09 14:30:00,2020-04-09 14:30:00,NQM20.csv,536,NQM20.csv,1.0,8200.25,8218.0,8202.5,8218.0,-15.5
43930,15,45,8214.75,10,2020-04-09,2020-04-09 15:45:00,2020-04-09 15:45:00,NQM20.csv,749,NQM20.csv,2.0,8212.5,8212.5,16429.5,16425.0,4.5
43930,16,0,8221.5,7,2020-04-09,2020-04-09 16:00:00,2020-04-09 16:00:00,NQM20.csv,1530,NQM20.csv,-3.0,8223.75,8223.75,24664.5,24671.25,6.75
43931,2,30,8238.75,0,2020-04-10,2020-04-10 02:30:00,2020-04-10 02:30:00,NQM20.csv,159,NQM20.csv,-7.0,8241.0,8296.0,57671.25,58072.0,400.75
43934,2,30,8125.75,5,2020-04-13,2020-04-13 02:30:00,2020-04-13 02:30:00,NQM20.csv,22,NQM20.csv,5.0,8123.5,8123.5,40628.75,40617.5,11.25
43934,3,30,8113.0,10,2020-04-13,2020-04-13 03:30:00,2020-04-13 03:30:00,NQM20.csv,49,NQM20.csv,5.0,8110.75,8110.75,40565.0,40553.75,11.25
43934,5,30,8143.0,5,2020-04-13,2020-04-13 05:30:00,2020-04-13 05:30:00,NQM20.csv,61,NQM20.csv,-5.0,8145.25,8141.75,40715.0,40708.75,-6.25
43934,7,0,8150.75,-1,2020-04-13,2020-04-13 07:00:00,2020-04-13 07:00:00,NQM20.csv,141,NQM20.csv,-6.0,8153.0,8153.0,48904.5,48918.0,13.5
43934,7,30,8181.25,5,2020-04-13,2020-04-13 07:30:00,2020-04-13 07:30:00,NQM20.csv,166,NQM20.csv,6.0,8179.0,8191.75,49087.5,49150.5,-63.0
43934,9,15,8203.75,7,2020-04-13,2020-04-13 09:15:00,2020-04-13 09:15:00,NQM20.csv,347,NQM20.csv,2.0,8201.5,8201.5,16407.5,16403.0,4.5
43934,10,15,8213.75,5,2020-04-13,2020-04-13 10:15:00,2020-04-13 10:15:00,NQM20.csv,1460,NQM20.csv,-2.0,8216.0,8181.75,16427.5,16363.5,-64.0
43934,10,30,8178.0,11,2020-04-13,2020-04-13 10:30:00,2020-04-13 10:30:00,NQM20.csv,1178,NQM20.csv,6.0,8175.75,8175.75,49068.0,49054.5,13.5
43934,10,45,8174.0,7,2020-04-13,2020-04-13 10:45:00,2020-04-13 10:45:00,NQM20.csv,760,NQM20.csv,-4.0,8176.25,8176.25,32696.0,32705.0,9.0
43934,11,0,8175.0,6,2020-04-13,2020-04-13 11:00:00,2020-04-13 11:00:00,NQM20.csv,624,NQM20.csv,-1.0,8177.25,8177.25,8175.0,8177.25,2.25
43934,11,15,8159.0,11,2020-04-13,2020-04-13 11:15:00,2020-04-13 11:15:00,NQM20.csv,1120,NQM20.csv,5.0,8156.75,8166.25,40795.0,40831.25,-36.25
43934,11,20,8170.25,10,2020-04-13,2020-04-13 11:20:00,2020-04-13 11:20:00,NQM20.csv,858,NQM20.csv,-1.0,8172.5,8172.5,8170.25,8172.5,2.25
43934,11,30,8203.75,9,2020-04-13,2020-04-13 11:30:00,2020-04-13 11:30:00,NQM20.csv,756,NQM20.csv,-1.0,8206.0,8197.5,8203.75,8197.5,-6.25
43934,12,0,8205.0,11,2020-04-13,2020-04-13 12:00:00,2020-04-13 12:00:00,NQM20.csv,891,NQM20.csv,2.0,8202.75,8202.75,16410.0,16405.5,4.5
43934,12,30,8218.5,6,2020-04-13,2020-04-13 12:30:00,2020-04-13 12:30:00,NQM20.csv,1333,NQM20.csv,-5.0,8220.75,8207.75,41092.5,41038.75,-53.75
43934,12,45,8216.0,7,2020-04-13,2020-04-13 12:45:00,2020-04-13 12:45:00,NQM20.csv,885,NQM20.csv,1.0,8213.75,8213.75,8216.0,8213.75,2.25
43934,13,15,8194.5,9,2020-04-13,2020-04-13 13:15:00,2020-04-13 13:15:00,NQM20.csv,487,NQM20.csv,2.0,8192.25,8192.25,16389.0,16384.5,4.5
43934,13,45,8230.75,6,2020-04-13,2020-04-13 13:45:00,2020-04-13 13:45:00,NQM20.csv,636,NQM20.csv,-3.0,8233.0,8233.0,24692.25,24699.0,6.75
43934,14,30,8233.0,7,2020-04-13,2020-04-13 14:30:00,2020-04-13 14:30:00,NQM20.csv,697,NQM20.csv,1.0,8230.75,8230.75,8233.0,8230.75,2.25
43934,15,0,8254.75,10,2020-04-13,2020-04-13 15:00:00,2020-04-13 15:00:00,NQM20.csv,623,NQM20.csv,3.0,8252.5,8252.5,24764.25,24757.5,6.75
43934,15,30,8281.5,5,2020-04-13,2020-04-13 15:30:00,2020-04-13 15:30:00,NQM20.csv,796,NQM20.csv,-5.0,8283.75,8283.75,41407.5,41418.75,11.25
43935,2,30,8444.75,1,2020-04-14,2020-04-14 02:30:00,2020-04-14 02:30:00,NQM20.csv,114,NQM20.csv,-4.0,8447.0,8447.0,33779.0,33788.0,9.0
43935,5,0,8425.75,5,2020-04-14,2020-04-14 05:00:00,2020-04-14 05:00:00,NQM20.csv,64,NQM20.csv,4.0,8423.5,8423.5,33703.0,33694.0,9.0
43935,5,30,8448.0,-7,2020-04-14,2020-04-14 05:30:00,2020-04-14 05:30:00,NQM20.csv,54,NQM20.csv,-12.0,8450.25,8450.25,101376.0,101403.0,27.0
43935,6,0,8444.75,-5,2020-04-14,2020-04-14 06:00:00,2020-04-14 06:00:00,NQM20.csv,56,NQM20.csv,2.0,8442.5,8442.5,16889.5,16885.0,4.5
43935,7,0,8438.75,-8,2020-04-14,2020-04-14 07:00:00,2020-04-14 07:00:00,NQM20.csv,149,NQM20.csv,-3.0,8441.0,8439.0,25316.25,25317.0,0.75
43935,7,30,8434.25,-5,2020-04-14,2020-04-14 07:30:00,2020-04-14 07:30:00,NQM20.csv,59,NQM20.csv,3.0,8432.0,8432.0,25302.75,25296.0,6.75
43935,8,0,8461.5,1,2020-04-14,2020-04-14 08:00:00,2020-04-14 08:00:00,NQM20.csv,304,NQM20.csv,6.0,8459.25,8459.25,50769.0,50755.5,13.5
43935,9,15,8495.75,-1,2020-04-14,2020-04-14 09:15:00,2020-04-14 09:15:00,NQM20.csv,297,NQM20.csv,-2.0,8498.0,8498.0,16991.5,16996.0,4.5
43935,9,45,8538.5,2,2020-04-14,2020-04-14 09:45:00,2020-04-14 09:45:00,NQM20.csv,2273,NQM20.csv,3.0,8536.25,8536.25,25615.5,25608.75,6.75
43935,10,0,8591.5,7,2020-04-14,2020-04-14 10:00:00,2020-04-14 10:00:00,NQM20.csv,2213,NQM20.csv,5.0,8589.25,8589.25,42957.5,42946.25,11.25
43935,10,15,8584.0,6,2020-04-14,2020-04-14 10:15:00,2020-04-14 10:15:00,NQM20.csv,1041,NQM20.csv,-1.0,8586.25,8586.25,8584.0,8586.25,2.25
43935,10,30,8601.5,5,2020-04-14,2020-04-14 10:30:00,2020-04-14 10:30:00,NQM20.csv,1123,NQM20.csv,-1.0,8603.75,8603.75,8601.5,8603.75,2.25
43935,11,0,8581.5,7,2020-04-14,2020-04-14 11:00:00,2020-04-14 11:00:00,NQM20.csv,1403,NQM20.csv,2.0,8579.25,8579.25,17163.0,17158.5,4.5
43935,11,15,8558.0,4,2020-04-14,2020-04-14 11:15:00,2020-04-14 11:15:00,NQM20.csv,758,NQM20.csv,-3.0,8560.25,8560.25,25674.0,25680.75,6.75
43935,11,30,8567.0,2,2020-04-14,2020-04-14 11:30:00,2020-04-14 11:30:00,NQM20.csv,876,NQM20.csv,-2.0,8569.25,8569.25,17134.0,17138.5,4.5
43935,11,45,8587.25,5,2020-04-14,2020-04-14 11:45:00,2020-04-14 11:45:00,NQM20.csv,602,NQM20.csv,3.0,8585.0,8585.0,25761.75,25755.0,6.75
43935,12,30,8634.75,1,2020-04-14,2020-04-14 12:30:00,2020-04-14 12:30:00,NQM20.csv,614,NQM20.csv,-4.0,8637.0,8637.0,34539.0,34548.0,9.0
43935,13,0,8652.5,5,2020-04-14,2020-04-14 13:00:00,2020-04-14 13:00:00,NQM20.csv,626,NQM20.csv,4.0,8650.25,8650.25,34610.0,34601.0,9.0
43935,14,0,8684.75,1,2020-04-14,2020-04-14 14:00:00,2020-04-14 14:00:00,NQM20.csv,937,NQM20.csv,-4.0,8687.0,8672.75,34739.0,34691.0,-48.0
43935,14,30,8687.5,2,2020-04-14,2020-04-14 14:30:00,2020-04-14 14:30:00,NQM20.csv,385,NQM20.csv,1.0,8685.25,8685.25,8687.5,8685.25,2.25
43935,15,0,8686.5,4,2020-04-14,2020-04-14 15:00:00,2020-04-14 15:00:00,NQM20.csv,537,NQM20.csv,2.0,8684.25,8684.25,17373.0,17368.5,4.5
43935,15,30,8674.0,6,2020-04-14,2020-04-14 15:30:00,2020-04-14 15:30:00,NQM20.csv,513,NQM20.csv,2.0,8671.75,8679.25,17348.0,17358.5,-10.5
43935,16,0,8683.0,1,2020-04-14,2020-04-14 16:00:00,2020-04-14 16:00:00,NQM20.csv,1797,NQM20.csv,-5.0,8685.25,8685.25,43415.0,43426.25,11.25
43936,2,30,8636.5,3,2020-04-15,2020-04-15 02:30:00,2020-04-15 02:30:00,NQM20.csv,83,NQM20.csv,2.0,8634.25,8634.25,17273.0,17268.5,4.5
43936,5,0,8584.75,4,2020-04-15,2020-04-15 05:00:00,2020-04-15 05:00:00,NQM20.csv,290,NQM20.csv,1.0,8582.5,8582.5,8584.75,8582.5,2.25
43936,5,30,8573.25,3,2020-04-15,2020-04-15 05:30:00,2020-04-15 05:30:00,NQM20.csv,123,NQM20.csv,-1.0,8575.5,8575.5,8573.25,8575.5,2.25
43936,6,0,8581.75,6,2020-04-15,2020-04-15 06:00:00,2020-04-15 06:00:00,NQM20.csv,152,NQM20.csv,3.0,8579.5,8579.5,25745.25,25738.5,6.75
43936,7,45,8604.0,0,2020-04-15,2020-04-15 07:45:00,2020-04-15 07:45:00,NQM20.csv,50,NQM20.csv,-6.0,8606.25,8606.25,51624.0,51637.5,13.5
43936,8,0,8594.75,-3,2020-04-15,2020-04-15 08:00:00,2020-04-15 08:00:00,NQM20.csv,252,NQM20.csv,-3.0,8597.0,8597.0,25784.25,25791.0,6.75
43936,8,15,8570.5,3,2020-04-15,2020-04-15 08:15:00,2020-04-15 08:15:00,NQM20.csv,294,NQM20.csv,6.0,8568.25,8568.25,51423.0,51409.5,13.5
43936,9,15,8519.25,7,2020-04-15,2020-04-15 09:15:00,2020-04-15 09:15:00,NQM20.csv,215,NQM20.csv,4.0,8517.0,8517.0,34077.0,34068.0,9.0
43936,10,15,8530.75,5,2020-04-15,2020-04-15 10:15:00,2020-04-15 10:15:00,NQM20.csv,821,NQM20.csv,-2.0,8533.0,8533.0,17061.5,17066.0,4.5
43936,10,30,8525.0,7,2020-04-15,2020-04-15 10:30:00,2020-04-15 10:30:00,NQM20.csv,668,NQM20.csv,2.0,8522.75,8522.75,17050.0,17045.5,4.5
43936,10,45,8540.75,5,2020-04-15,2020-04-15 10:45:00,2020-04-15 10:45:00,NQM20.csv,1271,NQM20.csv,-2.0,8543.0,8543.0,17081.5,17086.0,4.5
43936,11,0,8571.5,9,2020-04-15,2020-04-15 11:00:00,2020-04-15 11:00:00,NQM20.csv,1430,NQM20.csv,4.0,8569.25,8569.25,34286.0,34277.0,9.0
43936,11,30,8547.25,5,2020-04-15,2020-04-15 11:30:00,2020-04-15 11:30:00,NQM20.csv,1224,NQM20.csv,-4.0,8549.5,8549.5,34189.0,34198.0,9.0
43936,11,45,8531.5,3,2020-04-15,2020-04-15 11:45:00,2020-04-15 11:45:00,NQM20.csv,416,NQM20.csv,-2.0,8533.75,8533.75,17063.0,17067.5,4.5
43936,12,15,8534.25,5,2020-04-15,2020-04-15 12:15:00,2020-04-15 12:15:00,NQM20.csv,447,NQM20.csv,2.0,8532.0,8532.0,17068.5,17064.0,4.5
43936,12,30,8554.25,3,2020-04-15,2020-04-15 12:30:00,2020-04-15 12:30:00,NQM20.csv,568,NQM20.csv,-2.0,8556.5,8556.5,17108.5,17113.0,4.5
43936,12,45,8574.25,-1,2020-04-15,2020-04-15 12:45:00,2020-04-15 12:45:00,NQM20.csv,549,NQM20.csv,-4.0,8576.5,8576.5,34297.0,34306.0,9.0
43936,13,15,8581.25,3,2020-04-15,2020-04-15 13:15:00,2020-04-15 13:15:00,NQM20.csv,568,NQM20.csv,4.0,8579.0,8579.0,34325.0,34316.0,9.0
43936,13,30,8576.5,-2,2020-04-15,2020-04-15 13:30:00,2020-04-15 13:30:00,NQM20.csv,365,NQM20.csv,-5.0,8578.75,8575.5,42882.5,42877.5,-5.0
43936,14,0,8572.25,6,2020-04-15,2020-04-15 14:00:00,2020-04-15 14:00:00,NQM20.csv,581,NQM20.csv,8.0,8570.0,8587.75,68578.0,68702.0,-124.0
43936,15,30,8602.75,7,2020-04-15,2020-04-15 15:30:00,2020-04-15 15:30:00,NQM20.csv,655,NQM20.csv,1.0,8600.5,8600.5,8602.75,8600.5,2.25
43936,16,0,8583.25,3,2020-04-15,2020-04-15 16:00:00,2020-04-15 16:00:00,NQM20.csv,1615,NQM20.csv,-4.0,8585.5,8585.5,34333.0,34342.0,9.0
43937,2,30,8639.75,8,2020-04-16,2020-04-16 02:30:00,2020-04-16 02:30:00,NQM20.csv,254,NQM20.csv,5.0,8637.5,8637.5,43198.75,43187.5,11.25
43937,3,30,8667.75,9,2020-04-16,2020-04-16 03:30:00,2020-04-16 03:30:00,NQM20.csv,275,NQM20.csv,1.0,8665.5,8665.5,8667.75,8665.5,2.25
43937,5,30,8643.75,11,2020-04-16,2020-04-16 05:30:00,2020-04-16 05:30:00,NQM20.csv,96,NQM20.csv,2.0,8641.5,8650.25,17287.5,17300.5,-13.0
43937,5,45,8673.0,0,2020-04-16,2020-04-16 05:45:00,2020-04-16 05:45:00,NQM20.csv,119,NQM20.csv,-11.0,8675.25,8666.5,95403.0,95331.5,-71.5
43937,6,0,8665.5,-3,2020-04-16,2020-04-16 06:00:00,2020-04-16 06:00:00,NQM20.csv,116,NQM20.csv,-3.0,8667.75,8667.75,25996.5,26003.25,6.75
43937,6,15,8662.75,8,2020-04-16,2020-04-16 06:15:00,2020-04-16 06:15:00,NQM20.csv,101,NQM20.csv,11.0,8660.5,8660.5,95290.25,95265.5,24.75
43937,9,45,8670.0,7,2020-04-16,2020-04-16 09:45:00,2020-04-16 09:45:00,NQM20.csv,1123,NQM20.csv,-1.0,8672.25,8672.25,8670.0,8672.25,2.25
43937,10,0,8641.25,11,2020-04-16,2020-04-16 10:00:00,2020-04-16 10:00:00,NQM20.csv,1790,NQM20.csv,4.0,8639.0,8639.0,34565.0,34556.0,9.0
43937,10,30,8664.0,9,2020-04-16,2020-04-16 10:30:00,2020-04-16 10:30:00,NQM20.csv,1558,NQM20.csv,-2.0,8666.25,8666.25,17328.0,17332.5,4.5
43937,11,0,8708.25,11,2020-04-16,2020-04-16 11:00:00,2020-04-16 11:00:00,NQM20.csv,872,NQM20.csv,2.0,8706.0,8706.0,17416.5,17412.0,4.5
43937,11,5,8706.5,9,2020-04-16,2020-04-16 11:05:00,2020-04-16 11:05:00,NQM20.csv,1183,NQM20.csv,-2.0,8708.75,8708.75,17413.0,17417.5,4.5
43937,12,0,8771.25,11,2020-04-16,2020-04-16 12:00:00,2020-04-16 12:00:00,NQM20.csv,1228,NQM20.csv,2.0,8769.0,8769.0,17542.5,17538.0,4.5
43937,12,30,8673.25,8,2020-04-16,2020-04-16 12:30:00,2020-04-16 12:30:00,NQM20.csv,1999,NQM20.csv,-3.0,8675.5,8630.75,26019.75,25892.25,-127.5
43937,13,0,8659.75,10,2020-04-16,2020-04-16 13:00:00,2020-04-16 13:00:00,NQM20.csv,779,NQM20.csv,2.0,8657.5,8657.5,17319.5,17315.0,4.5
43937,13,30,8673.0,8,2020-04-16,2020-04-16 13:30:00,2020-04-16 13:30:00,NQM20.csv,981,NQM20.csv,-2.0,8675.25,8675.25,17346.0,17350.5,4.5
43937,14,0,8660.5,9,2020-04-16,2020-04-16 14:00:00,2020-04-16 14:00:00,NQM20.csv,1252,NQM20.csv,1.0,8658.25,8658.25,8660.5,8658.25,2.25
43937,14,30,8683.5,10,2020-04-16,2020-04-16 14:30:00,2020-04-16 14:30:00,NQM20.csv,1202,NQM20.csv,1.0,8681.25,8702.75,8683.5,8702.75,-19.25
43937,15,0,8701.25,5,2020-04-16,2020-04-16 15:00:00,2020-04-16 15:00:00,NQM20.csv,949,NQM20.csv,-5.0,8703.5,8703.5,43506.25,43517.5,11.25
43937,15,30,8711.25,7,2020-04-16,2020-04-16 15:30:00,2020-04-16 15:30:00,NQM20.csv,933,NQM20.csv,2.0,8709.0,8709.0,17422.5,17418.0,4.5
43937,16,0,8737.25,8,2020-04-16,2020-04-16 16:00:00,2020-04-16 16:00:00,NQM20.csv,1772,NQM20.csv,1.0,8735.0,8741.0,8737.25,8741.0,-3.75
43938,2,30,8889.0,3,2020-04-17,2020-04-17 02:30:00,2020-04-17 02:30:00,NQM20.csv,187,NQM20.csv,-5.0,8891.25,8891.25,44445.0,44456.25,11.25
43938,3,30,8941.25,7,2020-04-17,2020-04-17 03:30:00,2020-04-17 03:30:00,NQM20.csv,300,NQM20.csv,4.0,8939.0,8939.0,35765.0,35756.0,9.0
43938,5,30,8892.25,3,2020-04-17,2020-04-17 05:30:00,2020-04-17 05:30:00,NQM20.csv,191,NQM20.csv,-4.0,8894.5,8894.5,35569.0,35578.0,9.0
43938,9,15,8856.25,7,2020-04-17,2020-04-17 09:15:00,2020-04-17 09:15:00,NQM20.csv,397,NQM20.csv,4.0,8854.0,8854.0,35425.0,35416.0,9.0
43938,10,0,8823.5,3,2020-04-17,2020-04-17 10:00:00,2020-04-17 10:00:00,NQM20.csv,1147,NQM20.csv,-4.0,8825.75,8825.75,35294.0,35303.0,9.0
43938,10,15,8806.25,-1,2020-04-17,2020-04-17 10:15:00,2020-04-17 10:15:00,NQM20.csv,2327,NQM20.csv,-4.0,8808.5,8808.5,35225.0,35234.0,9.0
43938,10,30,8793.0,5,2020-04-17,2020-04-17 10:30:00,2020-04-17 10:30:00,NQM20.csv,1496,NQM20.csv,6.0,8790.75,8790.75,52758.0,52744.5,13.5
43938,11,30,8725.75,8,2020-04-17,2020-04-17 11:30:00,2020-04-17 11:30:00,NQM20.csv,1319,NQM20.csv,3.0,8723.5,8723.5,26177.25,26170.5,6.75
43938,12,0,8745.75,6,2020-04-17,2020-04-17 12:00:00,2020-04-17 12:00:00,NQM20.csv,1009,NQM20.csv,-2.0,8748.0,8733.5,17491.5,17467.0,-24.5
43938,12,30,8731.0,0,2020-04-17,2020-04-17 12:30:00,2020-04-17 12:30:00,NQM20.csv,480,NQM20.csv,-6.0,8733.25,8733.25,52386.0,52399.5,13.5
43938,12,45,8754.5,-4,2020-04-17,2020-04-17 12:45:00,2020-04-17 12:45:00,NQM20.csv,408,NQM20.csv,-4.0,8756.75,8756.75,35018.0,35027.0,9.0
43938,13,15,8747.75,0,2020-04-17,2020-04-17 13:15:00,2020-04-17 13:15:00,NQM20.csv,566,NQM20.csv,4.0,8745.5,8745.5,34991.0,34982.0,9.0
43938,13,30,8735.5,2,2020-04-17,2020-04-17 13:30:00,2020-04-17 13:30:00,NQM20.csv,711,NQM20.csv,2.0,8733.25,8743.0,17471.0,17486.0,-15.0
43938,14,0,8735.25,6,2020-04-17,2020-04-17 14:00:00,2020-04-17 14:00:00,NQM20.csv,516,NQM20.csv,4.0,8733.0,8733.0,34941.0,34932.0,9.0
43938,16,0,8810.5,3,2020-04-17,2020-04-17 16:00:00,2020-04-17 16:00:00,NQM20.csv,2698,NQM20.csv,-3.0,8812.75,8812.75,26431.5,26438.25,6.75
43938,16,15,8808.25,0,2020-04-17,2020-04-17 16:15:00,2020-04-17 16:15:00,NQM20.csv,469,NQM20.csv,-3.0,8810.5,8809.5,26424.75,26428.5,3.75
43941,2,30,8787.75,11,2020-04-20,2020-04-20 02:30:00,2020-04-20 02:30:00,NQM20.csv,167,NQM20.csv,11.0,8785.5,8785.5,96665.25,96640.5,24.75
43941,7,45,8723.0,10,2020-04-20,2020-04-20 07:45:00,2020-04-20 07:45:00,NQM20.csv,177,NQM20.csv,-1.0,8725.25,8725.25,8723.0,8725.25,2.25
43941,8,15,8732.75,11,2020-04-20,2020-04-20 08:15:00,2020-04-20 08:15:00,NQM20.csv,339,NQM20.csv,1.0,8730.5,8730.5,8732.75,8730.5,2.25
43941,9,20,8724.25,10,2020-04-20,2020-04-20 09:20:00,2020-04-20 09:20:00,NQM20.csv,240,NQM20.csv,-1.0,8726.5,8726.5,8724.25,8726.5,2.25
43941,10,0,8739.75,11,2020-04-20,2020-04-20 10:00:00,2020-04-20 10:00:00,NQM20.csv,1606,NQM20.csv,1.0,8737.5,8737.5,8739.75,8737.5,2.25
43941,10,5,8751.25,9,2020-04-20,2020-04-20 10:05:00,2020-04-20 10:05:00,NQM20.csv,799,NQM20.csv,-2.0,8753.5,8753.5,17502.5,17507.0,4.5
43941,10,15,8771.25,10,2020-04-20,2020-04-20 10:15:00,2020-04-20 10:15:00,NQM20.csv,817,NQM20.csv,1.0,8769.0,8769.0,8771.25,8769.0,2.25
43941,10,30,8787.25,11,2020-04-20,2020-04-20 10:30:00,2020-04-20 10:30:00,NQM20.csv,981,NQM20.csv,1.0,8785.0,8785.0,8787.25,8785.0,2.25
43941,10,35,8798.75,10,2020-04-20,2020-04-20 10:35:00,2020-04-20 10:35:00,NQM20.csv,1089,NQM20.csv,-1.0,8801.0,8801.0,8798.75,8801.0,2.25
43941,11,0,8816.75,11,2020-04-20,2020-04-20 11:00:00,2020-04-20 11:00:00,NQM20.csv,751,NQM20.csv,1.0,8814.5,8814.5,8816.75,8814.5,2.25
43941,11,30,8818.75,10,2020-04-20,2020-04-20 11:30:00,2020-04-20 11:30:00,NQM20.csv,835,NQM20.csv,-1.0,8821.0,8821.0,8818.75,8821.0,2.25
43941,12,0,8835.0,8,2020-04-20,2020-04-20 12:00:00,2020-04-20 12:00:00,NQM20.csv,533,NQM20.csv,-2.0,8837.25,8823.75,17670.0,17647.5,-22.5
43941,12,15,8814.25,10,2020-04-20,2020-04-20 12:15:00,2020-04-20 12:15:00,NQM20.csv,375,NQM20.csv,2.0,8812.0,8812.0,17628.5,17624.0,4.5
43941,12,45,8827.5,8,2020-04-20,2020-04-20 12:45:00,2020-04-20 12:45:00,NQM20.csv,304,NQM20.csv,-2.0,8829.75,8829.75,17655.0,17659.5,4.5
43941,13,15,8795.75,4,2020-04-20,2020-04-20 13:15:00,2020-04-20 13:15:00,NQM20.csv,386,NQM20.csv,-4.0,8798.0,8798.0,35183.0,35192.0,9.0
43941,13,45,8806.25,8,2020-04-20,2020-04-20 13:45:00,2020-04-20 13:45:00,NQM20.csv,368,NQM20.csv,4.0,8804.0,8804.0,35225.0,35216.0,9.0
43941,14,0,8815.75,11,2020-04-20,2020-04-20 14:00:00,2020-04-20 14:00:00,NQM20.csv,534,NQM20.csv,3.0,8813.5,8813.5,26447.25,26440.5,6.75
43941,14,5,8823.25,9,2020-04-20,2020-04-20 14:05:00,2020-04-20 14:05:00,NQM20.csv,370,NQM20.csv,-2.0,8825.5,8825.5,17646.5,17651.0,4.5
43941,14,30,8759.5,8,2020-04-20,2020-04-20 14:30:00,2020-04-20 14:30:00,NQM20.csv,1169,NQM20.csv,-1.0,8761.75,8761.75,8759.5,8761.75,2.25
43941,15,0,8733.5,11,2020-04-20,2020-04-20 15:00:00,2020-04-20 15:00:00,NQM20.csv,1047,NQM20.csv,3.0,8731.25,8731.25,26200.5,26193.75,6.75
43941,15,35,8760.25,9,2020-04-20,2020-04-20 15:35:00,2020-04-20 15:35:00,NQM20.csv,574,NQM20.csv,-2.0,8762.5,8741.5,17520.5,17483.0,-37.5
43941,15,45,8744.0,11,2020-04-20,2020-04-20 15:45:00,2020-04-20 15:45:00,NQM20.csv,676,NQM20.csv,2.0,8741.75,8741.75,17488.0,17483.5,4.5
43941,15,50,8739.0,10,2020-04-20,2020-04-20 15:50:00,2020-04-20 15:50:00,NQM20.csv,2505,NQM20.csv,-1.0,8741.25,8733.25,8739.0,8733.25,-5.75
43941,16,0,8718.25,11,2020-04-20,2020-04-20 16:00:00,2020-04-20 16:00:00,NQM20.csv,1180,NQM20.csv,1.0,8716.0,8716.0,8718.25,8716.0,2.25
43942,2,30,8694.25,10,2020-04-21,2020-04-21 02:30:00,2020-04-21 02:30:00,NQM20.csv,135,NQM20.csv,-1.0,8696.5,8682.25,8694.25,8682.25,-12.0
43942,4,30,8682.5,9,2020-04-21,2020-04-21 04:30:00,2020-04-21 04:30:00,NQM20.csv,168,NQM20.csv,-1.0,8684.75,8675.0,8682.5,8675.0,-7.5
43942,5,30,8660.5,11,2020-04-21,2020-04-21 05:30:00,2020-04-21 05:30:00,NQM20.csv,251,NQM20.csv,2.0,8658.25,8658.25,17321.0,17316.5,4.5
43942,5,35,8658.75,9,2020-04-21,2020-04-21 05:35:00,2020-04-21 05:35:00,NQM20.csv,390,NQM20.csv,-2.0,8661.0,8661.0,17317.5,17322.0,4.5
43942,6,15,8623.75,11,2020-04-21,2020-04-21 06:15:00,2020-04-21 06:15:00,NQM20.csv,351,NQM20.csv,2.0,8621.5,8621.5,17247.5,17243.0,4.5
43942,6,20,8611.5,9,2020-04-21,2020-04-21 06:20:00,2020-04-21 06:20:00,NQM20.csv,326,NQM20.csv,-2.0,8613.75,8613.75,17223.0,17227.5,4.5
43942,9,15,8618.25,8,2020-04-21,2020-04-21 09:15:00,2020-04-21 09:15:00,NQM20.csv,351,NQM20.csv,-1.0,8620.5,8620.5,8618.25,8620.5,2.25
43942,10,0,8584.0,9,2020-04-21,2020-04-21 10:00:00,2020-04-21 10:00:00,NQM20.csv,1946,NQM20.csv,1.0,8581.75,8581.75,8584.0,8581.75,2.25
43942,10,15,8547.0,10,2020-04-21,2020-04-21 10:15:00,2020-04-21 10:15:00,NQM20.csv,1234,NQM20.csv,1.0,8544.75,8544.75,8547.0,8544.75,2.25
43942,10,30,8538.5,2,2020-04-21,2020-04-21 10:30:00,2020-04-21 10:30:00,NQM20.csv,996,NQM20.csv,-8.0,8540.75,8540.75,68308.0,68326.0,18.0
43942,11,0,8393.5,-3,2020-04-21,2020-04-21 11:00:00,2020-04-21 11:00:00,NQM20.csv,3175,NQM20.csv,-5.0,8395.75,8395.75,41967.5,41978.75,11.25
43942,11,30,8367.0,2,2020-04-21,2020-04-21 11:30:00,2020-04-21 11:30:00,NQM20.csv,1602,NQM20.csv,5.0,8364.75,8364.75,41835.0,41823.75,11.25
43942,11,45,8348.75,6,2020-04-21,2020-04-21 11:45:00,2020-04-21 11:45:00,NQM20.csv,1150,NQM20.csv,4.0,8346.5,8388.5,33395.0,33554.0,-159.0
43942,12,15,8403.5,2,2020-04-21,2020-04-21 12:15:00,2020-04-21 12:15:00,NQM20.csv,486,NQM20.csv,-4.0,8405.75,8405.75,33614.0,33623.0,9.0
43942,12,30,8386.5,5,2020-04-21,2020-04-21 12:30:00,2020-04-21 12:30:00,NQM20.csv,1276,NQM20.csv,3.0,8384.25,8384.25,25159.5,25152.75,6.75
43942,13,0,8391.0,10,2020-04-21,2020-04-21 13:00:00,2020-04-21 13:00:00,NQM20.csv,959,NQM20.csv,5.0,8388.75,8388.75,41955.0,41943.75,11.25
43942,13,45,8473.5,8,2020-04-21,2020-04-21 13:45:00,2020-04-21 13:45:00,NQM20.csv,781,NQM20.csv,-2.0,8475.75,8475.75,16947.0,16951.5,4.5
43942,14,0,8454.75,7,2020-04-21,2020-04-21 14:00:00,2020-04-21 14:00:00,NQM20.csv,988,NQM20.csv,-1.0,8457.0,8457.0,8454.75,8457.0,2.25
43942,14,15,8489.25,8,2020-04-21,2020-04-21 14:15:00,2020-04-21 14:15:00,NQM20.csv,981,NQM20.csv,1.0,8487.0,8487.0,8489.25,8487.0,2.25
43942,14,30,8496.5,9,2020-04-21,2020-04-21 14:30:00,2020-04-21 14:30:00,NQM20.csv,733,NQM20.csv,1.0,8494.25,8494.25,8496.5,8494.25,2.25
43942,14,45,8438.25,10,2020-04-21,2020-04-21 14:45:00,2020-04-21 14:45:00,NQM20.csv,865,NQM20.csv,1.0,8436.0,8436.0,8438.25,8436.0,2.25
43942,15,0,8426.5,11,2020-04-21,2020-04-21 15:00:00,2020-04-21 15:00:00,NQM20.csv,1320,NQM20.csv,1.0,8424.25,8424.25,8426.5,8424.25,2.25
43942,15,5,8436.5,9,2020-04-21,2020-04-21 15:05:00,2020-04-21 15:05:00,NQM20.csv,581,NQM20.csv,-2.0,8438.75,8406.0,16873.0,16812.0,-61.0
43942,15,30,8445.0,6,2020-04-21,2020-04-21 15:30:00,2020-04-21 15:30:00,NQM20.csv,718,NQM20.csv,-3.0,8447.25,8447.25,25335.0,25341.75,6.75
43942,15,45,8437.0,7,2020-04-21,2020-04-21 15:45:00,2020-04-21 15:45:00,NQM20.csv,883,NQM20.csv,1.0,8434.75,8434.75,8437.0,8434.75,2.25
43942,16,0,8398.25,9,2020-04-21,2020-04-21 16:00:00,2020-04-21 16:00:00,NQM20.csv,2892,NQM20.csv,2.0,8396.0,8396.0,16796.5,16792.0,4.5
43943,2,30,8511.0,8,2020-04-22,2020-04-22 02:30:00,2020-04-22 02:30:00,NQM20.csv,121,NQM20.csv,-1.0,8513.25,8513.25,8511.0,8513.25,2.25
43943,3,30,8512.5,9,2020-04-22,2020-04-22 03:30:00,2020-04-22 03:30:00,NQM20.csv,130,NQM20.csv,1.0,8510.25,8510.25,8512.5,8510.25,2.25
43943,4,30,8526.5,7,2020-04-22,2020-04-22 04:30:00,2020-04-22 04:30:00,NQM20.csv,256,NQM20.csv,-2.0,8528.75,8528.75,17053.0,17057.5,4.5
43943,5,0,8548.5,1,2020-04-22,2020-04-22 05:00:00,2020-04-22 05:00:00,NQM20.csv,273,NQM20.csv,-6.0,8550.75,8550.75,51291.0,51304.5,13.5
43943,5,30,8560.5,6,2020-04-22,2020-04-22 05:30:00,2020-04-22 05:30:00,NQM20.csv,113,NQM20.csv,5.0,8558.25,8558.25,42802.5,42791.25,11.25
43943,6,0,8548.0,-2,2020-04-22,2020-04-22 06:00:00,2020-04-22 06:00:00,NQM20.csv,153,NQM20.csv,-8.0,8550.25,8550.25,68384.0,68402.0,18.0
43943,6,15,8532.5,3,2020-04-22,2020-04-22 06:15:00,2020-04-22 06:15:00,NQM20.csv,125,NQM20.csv,5.0,8530.25,8530.25,42662.5,42651.25,11.25
43943,6,45,8515.75,-2,2020-04-22,2020-04-22 06:45:00,2020-04-22 06:45:00,NQM20.csv,142,NQM20.csv,-5.0,8518.0,8518.0,42578.75,42590.0,11.25
43943,7,0,8526.5,-6,2020-04-22,2020-04-22 07:00:00,2020-04-22 07:00:00,NQM20.csv,125,NQM20.csv,-4.0,8528.75,8528.75,34106.0,34115.0,9.0
43943,7,30,8522.75,7,2020-04-22,2020-04-22 07:30:00,2020-04-22 07:30:00,NQM20.csv,179,NQM20.csv,13.0,8520.5,8525.0,110795.75,110825.0,-29.25
43943,8,0,8537.5,6,2020-04-22,2020-04-22 08:00:00,2020-04-22 08:00:00,NQM20.csv,266,NQM20.csv,-1.0,8539.75,8530.0,8537.5,8530.0,-7.5
43943,9,15,8573.25,-1,2020-04-22,2020-04-22 09:15:00,2020-04-22 09:15:00,NQM20.csv,262,NQM20.csv,-7.0,8575.5,8575.5,60012.75,60028.5,15.75
43943,10,0,8573.0,3,2020-04-22,2020-04-22 10:00:00,2020-04-22 10:00:00,NQM20.csv,1253,NQM20.csv,4.0,8570.75,8570.75,34292.0,34283.0,9.0
43943,10,15,8550.5,10,2020-04-22,2020-04-22 10:15:00,2020-04-22 10:15:00,NQM20.csv,964,NQM20.csv,7.0,8548.25,8548.25,59853.5,59837.75,15.75
43943,10,30,8574.5,8,2020-04-22,2020-04-22 10:30:00,2020-04-22 10:30:00,NQM20.csv,879,NQM20.csv,-2.0,8576.75,8576.75,17149.0,17153.5,4.5
43943,12,0,8596.25,7,2020-04-22,2020-04-22 12:00:00,2020-04-22 12:00:00,NQM20.csv,535,NQM20.csv,-1.0,8598.5,8598.5,8596.25,8598.5,2.25
43943,12,30,8600.5,9,2020-04-22,2020-04-22 12:30:00,2020-04-22 12:30:00,NQM20.csv,516,NQM20.csv,2.0,8598.25,8598.25,17201.0,17196.5,4.5
43943,12,45,8615.25,4,2020-04-22,2020-04-22 12:45:00,2020-04-22 12:45:00,NQM20.csv,174,NQM20.csv,-5.0,8617.5,8617.5,43076.25,43087.5,11.25
43943,13,15,8612.75,9,2020-04-22,2020-04-22 13:15:00,2020-04-22 13:15:00,NQM20.csv,203,NQM20.csv,5.0,8610.5,8625.5,43063.75,43127.5,-63.75
43943,13,45,8640.75,4,2020-04-22,2020-04-22 13:45:00,2020-04-22 13:45:00,NQM20.csv,348,NQM20.csv,-5.0,8643.0,8643.0,43203.75,43215.0,11.25
43943,14,0,8650.25,3,2020-04-22,2020-04-22 14:00:00,2020-04-22 14:00:00,NQM20.csv,654,NQM20.csv,-1.0,8652.5,8652.5,8650.25,8652.5,2.25
43943,14,15,8645.5,8,2020-04-22,2020-04-22 14:15:00,2020-04-22 14:15:00,NQM20.csv,399,NQM20.csv,5.0,8643.25,8643.25,43227.5,43216.25,11.25
43943,14,30,8654.25,7,2020-04-22,2020-04-22 14:30:00,2020-04-22 14:30:00,NQM20.csv,426,NQM20.csv,-1.0,8656.5,8656.5,8654.25,8656.5,2.25
43943,15,0,8676.5,6,2020-04-22,2020-04-22 15:00:00,2020-04-22 15:00:00,NQM20.csv,749,NQM20.csv,-1.0,8678.75,8678.75,8676.5,8678.75,2.25
43943,15,30,8668.25,7,2020-04-22,2020-04-22 15:30:00,2020-04-22 15:30:00,NQM20.csv,672,NQM20.csv,1.0,8666.0,8674.5,8668.25,8674.5,-6.25
43943,16,0,8643.0,6,2020-04-22,2020-04-22 16:00:00,2020-04-22 16:00:00,NQM20.csv,1772,NQM20.csv,-1.0,8645.25,8645.25,8643.0,8645.25,2.25
43944,2,30,8655.75,8,2020-04-23,2020-04-23 02:30:00,2020-04-23 02:30:00,NQM20.csv,470,NQM20.csv,2.0,8653.5,8653.5,17311.5,17307.0,4.5
43944,3,30,8631.5,11,2020-04-23,2020-04-23 03:30:00,2020-04-23 03:30:00,NQM20.csv,192,NQM20.csv,3.0,8629.25,8629.25,25894.5,25887.75,6.75
43944,5,30,8642.5,8,2020-04-23,2020-04-23 05:30:00,2020-04-23 05:30:00,NQM20.csv,145,NQM20.csv,-3.0,8644.75,8644.75,25927.5,25934.25,6.75
43944,6,30,8635.75,9,2020-04-23,2020-04-23 06:30:00,2020-04-23 06:30:00,NQM20.csv,173,NQM20.csv,1.0,8633.5,8633.5,8635.75,8633.5,2.25
43944,6,45,8621.25,3,2020-04-23,2020-04-23 06:45:00,2020-04-23 06:45:00,NQM20.csv,56,NQM20.csv,-6.0,8623.5,8623.5,51727.5,51741.0,13.5
43944,7,0,8621.0,2,2020-04-23,2020-04-23 07:00:00,2020-04-23 07:00:00,NQM20.csv,98,NQM20.csv,-1.0,8623.25,8623.25,8621.0,8623.25,2.25
43944,7,15,8639.75,8,2020-04-23,2020-04-23 07:15:00,2020-04-23 07:15:00,NQM20.csv,91,NQM20.csv,6.0,8637.5,8637.5,51838.5,51825.0,13.5
43944,9,15,8685.5,5,2020-04-23,2020-04-23 09:15:00,2020-04-23 09:15:00,NQM20.csv,182,NQM20.csv,-3.0,8687.75,8687.75,26056.5,26063.25,6.75
43944,10,0,8725.25,10,2020-04-23,2020-04-23 10:00:00,2020-04-23 10:00:00,NQM20.csv,1282,NQM20.csv,5.0,8723.0,8723.0,43626.25,43615.0,11.25
43944,10,15,8729.25,11,2020-04-23,2020-04-23 10:15:00,2020-04-23 10:15:00,NQM20.csv,1349,NQM20.csv,1.0,8727.0,8727.0,8729.25,8727.0,2.25
43944,12,5,8730.5,9,2020-04-23,2020-04-23 12:05:00,2020-04-23 12:05:00,NQM20.csv,358,NQM20.csv,-2.0,8732.75,8732.75,17461.0,17465.5,4.5
43944,12,15,8741.5,11,2020-04-23,2020-04-23 12:15:00,2020-04-23 12:15:00,NQM20.csv,577,NQM20.csv,2.0,8739.25,8739.25,17483.0,17478.5,4.5
43944,12,30,8761.0,7,2020-04-23,2020-04-23 12:30:00,2020-04-23 12:30:00,NQM20.csv,482,NQM20.csv,-4.0,8763.25,8757.0,35044.0,35028.0,-16.0
43944,12,45,8703.0,8,2020-04-23,2020-04-23 12:45:00,2020-04-23 12:45:00,NQM20.csv,4675,NQM20.csv,1.0,8700.75,8700.75,8703.0,8700.75,2.25
43944,13,15,8729.75,7,2020-04-23,2020-04-23 13:15:00,2020-04-23 13:15:00,NQM20.csv,552,NQM20.csv,-1.0,8732.0,8693.75,8729.75,8693.75,-36.0
43944,14,0,8639.75,6,2020-04-23,2020-04-23 14:00:00,2020-04-23 14:00:00,NQM20.csv,914,NQM20.csv,-1.0,8642.0,8642.0,8639.75,8642.0,2.25
43944,14,30,8672.0,7,2020-04-23,2020-04-23 14:30:00,2020-04-23 14:30:00,NQM20.csv,683,NQM20.csv,1.0,8669.75,8669.75,8672.0,8669.75,2.25
43944,15,0,8701.75,9,2020-04-23,2020-04-23 15:00:00,2020-04-23 15:00:00,NQM20.csv,843,NQM20.csv,2.0,8699.5,8699.5,17403.5,17399.0,4.5
43944,15,30,8648.5,5,2020-04-23,2020-04-23 15:30:00,2020-04-23 15:30:00,NQM20.csv,1161,NQM20.csv,-4.0,8650.75,8650.75,34594.0,34603.0,9.0
43944,15,45,8641.5,7,2020-04-23,2020-04-23 15:45:00,2020-04-23 15:45:00,NQM20.csv,640,NQM20.csv,2.0,8639.25,8642.25,17283.0,17284.5,-1.5
43944,16,0,8626.0,8,2020-04-23,2020-04-23 16:00:00,2020-04-23 16:00:00,NQM20.csv,2069,NQM20.csv,1.0,8623.75,8623.75,8626.0,8623.75,2.25
43945,2,30,8532.75,7,2020-04-24,2020-04-24 02:30:00,2020-04-24 02:30:00,NQM20.csv,85,NQM20.csv,-1.0,8535.0,8535.0,8532.75,8535.0,2.25
43945,4,30,8550.5,6,2020-04-24,2020-04-24 04:30:00,2020-04-24 04:30:00,NQM20.csv,107,NQM20.csv,-1.0,8552.75,8552.75,8550.5,8552.75,2.25
43945,5,45,8616.0,-1,2020-04-24,2020-04-24 05:45:00,2020-04-24 05:45:00,NQM20.csv,35,NQM20.csv,-7.0,8618.25,8618.25,60312.0,60327.75,15.75
43945,6,0,8621.25,-6,2020-04-24,2020-04-24 06:00:00,2020-04-24 06:00:00,NQM20.csv,174,NQM20.csv,-5.0,8623.5,8623.5,43106.25,43117.5,11.25
43945,6,15,8616.75,1,2020-04-24,2020-04-24 06:15:00,2020-04-24 06:15:00,NQM20.csv,145,NQM20.csv,7.0,8614.5,8629.0,60317.25,60403.0,-85.75
43945,7,30,8658.5,-3,2020-04-24,2020-04-24 07:30:00,2020-04-24 07:30:00,NQM20.csv,99,NQM20.csv,-4.0,8660.75,8645.75,34634.0,34583.0,-51.0
43945,8,0,8633.25,6,2020-04-24,2020-04-24 08:00:00,2020-04-24 08:00:00,NQM20.csv,129,NQM20.csv,9.0,8631.0,8631.0,77699.25,77679.0,20.25
43945,9,15,8647.5,3,2020-04-24,2020-04-24 09:15:00,2020-04-24 09:15:00,NQM20.csv,173,NQM20.csv,-3.0,8649.75,8649.75,25942.5,25949.25,6.75
43945,10,0,8589.0,4,2020-04-24,2020-04-24 10:00:00,2020-04-24 10:00:00,NQM20.csv,1389,NQM20.csv,1.0,8586.75,8611.0,8589.0,8611.0,-22.0
43945,10,15,8624.25,7,2020-04-24,2020-04-24 10:15:00,2020-04-24 10:15:00,NQM20.csv,1038,NQM20.csv,3.0,8622.0,8622.0,25872.75,25866.0,6.75
43945,10,30,8636.5,11,2020-04-24,2020-04-24 10:30:00,2020-04-24 10:30:00,NQM20.csv,865,NQM20.csv,4.0,8634.25,8634.25,34546.0,34537.0,9.0
43945,11,0,8636.25,10,2020-04-24,2020-04-24 11:00:00,2020-04-24 11:00:00,NQM20.csv,724,NQM20.csv,-1.0,8638.5,8638.5,8636.25,8638.5,2.25
43945,11,15,8621.5,6,2020-04-24,2020-04-24 11:15:00,2020-04-24 11:15:00,NQM20.csv,982,NQM20.csv,-4.0,8623.75,8623.75,34486.0,34495.0,9.0
43945,11,30,8636.25,5,2020-04-24,2020-04-24 11:30:00,2020-04-24 11:30:00,NQM20.csv,888,NQM20.csv,-1.0,8638.5,8638.5,8636.25,8638.5,2.25
43945,11,45,8636.75,9,2020-04-24,2020-04-24 11:45:00,2020-04-24 11:45:00,NQM20.csv,566,NQM20.csv,4.0,8634.5,8634.5,34547.0,34538.0,9.0
43945,12,0,8647.5,8,2020-04-24,2020-04-24 12:00:00,2020-04-24 12:00:00,NQM20.csv,359,NQM20.csv,-1.0,8649.75,8649.75,8647.5,8649.75,2.25
43945,12,15,8659.25,11,2020-04-24,2020-04-24 12:15:00,2020-04-24 12:15:00,NQM20.csv,359,NQM20.csv,3.0,8657.0,8657.0,25977.75,25971.0,6.75
43945,12,30,8677.0,4,2020-04-24,2020-04-24 12:30:00,2020-04-24 12:30:00,NQM20.csv,546,NQM20.csv,-7.0,8679.25,8674.0,60739.0,60718.0,-21.0
43945,12,45,8687.75,1,2020-04-24,2020-04-24 12:45:00,2020-04-24 12:45:00,NQM20.csv,337,NQM20.csv,-3.0,8690.0,8681.75,26063.25,26045.25,-18.0
43945,13,0,8683.75,6,2020-04-24,2020-04-24 13:00:00,2020-04-24 13:00:00,NQM20.csv,353,NQM20.csv,5.0,8681.5,8681.5,43418.75,43407.5,11.25
43945,14,0,8718.25,5,2020-04-24,2020-04-24 14:00:00,2020-04-24 14:00:00,NQM20.csv,1195,NQM20.csv,-1.0,8720.5,8720.5,8718.25,8720.5,2.25
43945,15,0,8733.75,9,2020-04-24,2020-04-24 15:00:00,2020-04-24 15:00:00,NQM20.csv,674,NQM20.csv,4.0,8731.5,8731.5,34935.0,34926.0,9.0
43945,15,30,8753.0,11,2020-04-24,2020-04-24 15:30:00,2020-04-24 15:30:00,NQM20.csv,508,NQM20.csv,2.0,8750.75,8750.75,17506.0,17501.5,4.5
43945,16,0,8764.75,6,2020-04-24,2020-04-24 16:00:00,2020-04-24 16:00:00,NQM20.csv,1899,NQM20.csv,-5.0,8767.0,8767.0,43823.75,43835.0,11.25
43945,16,15,8767.5,0,2020-04-24,2020-04-24 16:15:00,2020-04-24 16:15:00,NQM20.csv,536,NQM20.csv,-6.0,8769.75,8768.0,52605.0,52608.0,3.0
43948,2,30,8856.5,3,2020-04-27,2020-04-27 02:30:00,2020-04-27 02:30:00,NQM20.csv,94,NQM20.csv,3.0,8854.25,8860.25,26569.5,26580.75,-11.25
43948,9,15,8869.25,4,2020-04-27,2020-04-27 09:15:00,2020-04-27 09:15:00,NQM20.csv,184,NQM20.csv,1.0,8867.0,8867.0,8869.25,8867.0,2.25
43948,9,45,8832.0,6,2020-04-27,2020-04-27 09:45:00,2020-04-27 09:45:00,NQM20.csv,1254,NQM20.csv,2.0,8829.75,8829.75,17664.0,17659.5,4.5
43948,10,0,8866.75,9,2020-04-27,2020-04-27 10:00:00,2020-04-27 10:00:00,NQM20.csv,1119,NQM20.csv,3.0,8864.5,8864.5,26600.25,26593.5,6.75
43948,10,15,8866.75,6,2020-04-27,2020-04-27 10:15:00,2020-04-27 10:15:00,NQM20.csv,1055,NQM20.csv,-3.0,8869.0,8869.0,26600.25,26607.0,6.75
43948,10,30,8849.5,11,2020-04-27,2020-04-27 10:30:00,2020-04-27 10:30:00,NQM20.csv,690,NQM20.csv,5.0,8847.25,8847.25,44247.5,44236.25,11.25
43948,11,5,8832.25,10,2020-04-27,2020-04-27 11:05:00,2020-04-27 11:05:00,NQM20.csv,826,NQM20.csv,-1.0,8834.5,8827.25,8832.25,8827.25,-5.0
43948,11,30,8856.0,11,2020-04-27,2020-04-27 11:30:00,2020-04-27 11:30:00,NQM20.csv,456,NQM20.csv,1.0,8853.75,8853.75,8856.0,8853.75,2.25
43948,11,50,8855.0,10,2020-04-27,2020-04-27 11:50:00,2020-04-27 11:50:00,NQM20.csv,471,NQM20.csv,-1.0,8857.25,8857.25,8855.0,8857.25,2.25
43948,12,0,8845.0,8,2020-04-27,2020-04-27 12:00:00,2020-04-27 12:00:00,NQM20.csv,1090,NQM20.csv,-2.0,8847.25,8847.25,17690.0,17694.5,4.5
43948,12,15,8825.5,9,2020-04-27,2020-04-27 12:15:00,2020-04-27 12:15:00,NQM20.csv,673,NQM20.csv,1.0,8823.25,8823.25,8825.5,8823.25,2.25
43948,12,30,8830.0,4,2020-04-27,2020-04-27 12:30:00,2020-04-27 12:30:00,NQM20.csv,322,NQM20.csv,-5.0,8832.25,8832.25,44150.0,44161.25,11.25
43948,12,45,8838.75,7,2020-04-27,2020-04-27 12:45:00,2020-04-27 12:45:00,NQM20.csv,709,NQM20.csv,3.0,8836.5,8836.5,26516.25,26509.5,6.75
43948,13,15,8820.25,4,2020-04-27,2020-04-27 13:15:00,2020-04-27 13:15:00,NQM20.csv,663,NQM20.csv,-3.0,8822.5,8822.5,26460.75,26467.5,6.75
43948,13,30,8810.0,7,2020-04-27,2020-04-27 13:30:00,2020-04-27 13:30:00,NQM20.csv,563,NQM20.csv,3.0,8807.75,8807.75,26430.0,26423.25,6.75
43948,14,0,8801.5,1,2020-04-27,2020-04-27 14:00:00,2020-04-27 14:00:00,NQM20.csv,802,NQM20.csv,-6.0,8803.75,8803.75,52809.0,52822.5,13.5
43948,14,15,8816.5,4,2020-04-27,2020-04-27 14:15:00,2020-04-27 14:15:00,NQM20.csv,524,NQM20.csv,3.0,8814.25,8814.25,26449.5,26442.75,6.75
43948,14,45,8825.25,1,2020-04-27,2020-04-27 14:45:00,2020-04-27 14:45:00,NQM20.csv,335,NQM20.csv,-3.0,8827.5,8827.5,26475.75,26482.5,6.75
43948,15,30,8825.75,3,2020-04-27,2020-04-27 15:30:00,2020-04-27 15:30:00,NQM20.csv,700,NQM20.csv,2.0,8823.5,8838.0,17651.5,17676.0,-24.5
43948,15,45,8847.25,6,2020-04-27,2020-04-27 15:45:00,2020-04-27 15:45:00,NQM20.csv,884,NQM20.csv,3.0,8845.0,8845.0,26541.75,26535.0,6.75
43948,16,0,8821.75,3,2020-04-27,2020-04-27 16:00:00,2020-04-27 16:00:00,NQM20.csv,1152,NQM20.csv,-3.0,8824.0,8824.0,26465.25,26472.0,6.75
43949,2,30,8827.25,7,2020-04-28,2020-04-28 02:30:00,2020-04-28 02:30:00,NQM20.csv,98,NQM20.csv,4.0,8825.0,8825.0,35309.0,35300.0,9.0
43949,7,30,8929.5,0,2020-04-28,2020-04-28 07:30:00,2020-04-28 07:30:00,NQM20.csv,173,NQM20.csv,-7.0,8931.75,8923.5,62506.5,62464.5,-42.0
43949,8,0,8929.75,7,2020-04-28,2020-04-28 08:00:00,2020-04-28 08:00:00,NQM20.csv,385,NQM20.csv,7.0,8927.5,8927.5,62508.25,62492.5,15.75
43949,10,0,8829.75,1,2020-04-28,2020-04-28 10:00:00,2020-04-28 10:00:00,NQM20.csv,2431,NQM20.csv,-6.0,8832.0,8832.0,52978.5,52992.0,13.5
43949,10,30,8777.0,7,2020-04-28,2020-04-28 10:30:00,2020-04-28 10:30:00,NQM20.csv,1417,NQM20.csv,6.0,8774.75,8774.75,52662.0,52648.5,13.5
43949,11,0,8701.5,6,2020-04-28,2020-04-28 11:00:00,2020-04-28 11:00:00,NQM20.csv,1504,NQM20.csv,-1.0,8703.75,8703.75,8701.5,8703.75,2.25
43949,11,15,8725.75,10,2020-04-28,2020-04-28 11:15:00,2020-04-28 11:15:00,NQM20.csv,548,NQM20.csv,4.0,8723.5,8723.5,34903.0,34894.0,9.0
43949,11,45,8739.25,6,2020-04-28,2020-04-28 11:45:00,2020-04-28 11:45:00,NQM20.csv,701,NQM20.csv,-4.0,8741.5,8741.5,34957.0,34966.0,9.0
43949,12,15,8716.75,9,2020-04-28,2020-04-28 12:15:00,2020-04-28 12:15:00,NQM20.csv,1940,NQM20.csv,3.0,8714.5,8714.5,26150.25,26143.5,6.75
43949,12,30,8698.75,10,2020-04-28,2020-04-28 12:30:00,2020-04-28 12:30:00,NQM20.csv,866,NQM20.csv,1.0,8696.5,8696.5,8698.75,8696.5,2.25
43949,12,45,8714.5,7,2020-04-28,2020-04-28 12:45:00,2020-04-28 12:45:00,NQM20.csv,596,NQM20.csv,-3.0,8716.75,8716.75,26143.5,26150.25,6.75
43949,13,0,8731.0,1,2020-04-28,2020-04-28 13:00:00,2020-04-28 13:00:00,NQM20.csv,546,NQM20.csv,-6.0,8733.25,8733.25,52386.0,52399.5,13.5
43949,13,15,8727.25,5,2020-04-28,2020-04-28 13:15:00,2020-04-28 13:15:00,NQM20.csv,542,NQM20.csv,4.0,8725.0,8725.0,34909.0,34900.0,9.0
43949,13,30,8730.0,11,2020-04-28,2020-04-28 13:30:00,2020-04-28 13:30:00,NQM20.csv,565,NQM20.csv,6.0,8727.75,8727.75,52380.0,52366.5,13.5
43949,13,45,8746.25,7,2020-04-28,2020-04-28 13:45:00,2020-04-28 13:45:00,NQM20.csv,750,NQM20.csv,-4.0,8748.5,8748.5,34985.0,34994.0,9.0
43949,14,0,8735.0,2,2020-04-28,2020-04-28 14:00:00,2020-04-28 14:00:00,NQM20.csv,498,NQM20.csv,-5.0,8737.25,8737.25,43675.0,43686.25,11.25
43949,14,30,8753.0,8,2020-04-28,2020-04-28 14:30:00,2020-04-28 14:30:00,NQM20.csv,649,NQM20.csv,6.0,8750.75,8750.75,52518.0,52504.5,13.5
43949,15,0,8722.0,7,2020-04-28,2020-04-28 15:00:00,2020-04-28 15:00:00,NQM20.csv,604,NQM20.csv,-1.0,8724.25,8724.25,8722.0,8724.25,2.25
43950,2,30,8800.0,8,2020-04-29,2020-04-29 02:30:00,2020-04-29 02:30:00,NQM20.csv,228,NQM20.csv,1.0,8797.75,8814.5,8800.0,8814.5,-14.5
43950,3,30,8800.25,11,2020-04-29,2020-04-29 03:30:00,2020-04-29 03:30:00,NQM20.csv,165,NQM20.csv,3.0,8798.0,8798.0,26400.75,26394.0,6.75
43950,5,30,8821.25,8,2020-04-29,2020-04-29 05:30:00,2020-04-29 05:30:00,NQM20.csv,76,NQM20.csv,-3.0,8823.5,8821.25,26463.75,26463.75,-0.0
43950,5,45,8824.0,1,2020-04-29,2020-04-29 05:45:00,2020-04-29 05:45:00,NQM20.csv,99,NQM20.csv,-7.0,8826.25,8811.5,61768.0,61680.5,-87.5
43950,6,0,8815.75,3,2020-04-29,2020-04-29 06:00:00,2020-04-29 06:00:00,NQM20.csv,49,NQM20.csv,2.0,8813.5,8813.5,17631.5,17627.0,4.5
43950,6,15,8800.5,11,2020-04-29,2020-04-29 06:15:00,2020-04-29 06:15:00,NQM20.csv,87,NQM20.csv,8.0,8798.25,8804.0,70404.0,70432.0,-28.0
43950,6,20,8805.75,10,2020-04-29,2020-04-29 06:20:00,2020-04-29 06:20:00,NQM20.csv,45,NQM20.csv,-1.0,8808.0,8804.0,8805.75,8804.0,-1.75
43950,6,30,8797.75,8,2020-04-29,2020-04-29 06:30:00,2020-04-29 06:30:00,NQM20.csv,245,NQM20.csv,-2.0,8800.0,8795.0,17595.5,17590.0,-5.5
43950,6,45,8804.5,1,2020-04-29,2020-04-29 06:45:00,2020-04-29 06:45:00,NQM20.csv,158,NQM20.csv,-7.0,8806.75,8806.75,61631.5,61647.25,15.75
43950,7,15,8805.75,8,2020-04-29,2020-04-29 07:15:00,2020-04-29 07:15:00,NQM20.csv,179,NQM20.csv,7.0,8803.5,8803.5,61640.25,61624.5,15.75
43950,9,45,8867.0,7,2020-04-29,2020-04-29 09:45:00,2020-04-29 09:45:00,NQM20.csv,1917,NQM20.csv,-1.0,8869.25,8869.25,8867.0,8869.25,2.25
43950,10,0,8894.25,9,2020-04-29,2020-04-29 10:00:00,2020-04-29 10:00:00,NQM20.csv,1124,NQM20.csv,2.0,8892.0,8892.0,17788.5,17784.0,4.5
43950,10,15,8885.5,10,2020-04-29,2020-04-29 10:15:00,2020-04-29 10:15:00,NQM20.csv,1416,NQM20.csv,1.0,8883.25,8912.0,8885.5,8912.0,-26.5
43950,10,30,8930.25,11,2020-04-29,2020-04-29 10:30:00,2020-04-29 10:30:00,NQM20.csv,1367,NQM20.csv,1.0,8928.0,8928.0,8930.25,8928.0,2.25
43950,10,35,8927.25,10,2020-04-29,2020-04-29 10:35:00,2020-04-29 10:35:00,NQM20.csv,987,NQM20.csv,-1.0,8929.5,8929.5,8927.25,8929.5,2.25
43950,11,0,8920.25,11,2020-04-29,2020-04-29 11:00:00,2020-04-29 11:00:00,NQM20.csv,965,NQM20.csv,1.0,8918.0,8918.0,8920.25,8918.0,2.25
43950,12,0,8917.25,9,2020-04-29,2020-04-29 12:00:00,2020-04-29 12:00:00,NQM20.csv,672,NQM20.csv,-2.0,8919.5,8919.5,17834.5,17839.0,4.5
43950,12,30,8951.25,8,2020-04-29,2020-04-29 12:30:00,2020-04-29 12:30:00,NQM20.csv,655,NQM20.csv,-1.0,8953.5,8953.5,8951.25,8953.5,2.25
43950,14,0,8959.5,6,2020-04-29,2020-04-29 14:00:00,2020-04-29 14:00:00,NQM20.csv,1558,NQM20.csv,-2.0,8961.75,8961.75,17919.0,17923.5,4.5
43950,14,15,8932.25,7,2020-04-29,2020-04-29 14:15:00,2020-04-29 14:15:00,NQM20.csv,1378,NQM20.csv,1.0,8930.0,8930.0,8932.25,8930.0,2.25
43950,14,30,8953.5,8,2020-04-29,2020-04-29 14:30:00,2020-04-29 14:30:00,NQM20.csv,660,NQM20.csv,1.0,8951.25,8951.25,8953.5,8951.25,2.25
43950,14,45,8968.5,7,2020-04-29,2020-04-29 14:45:00,2020-04-29 14:45:00,NQM20.csv,427,NQM20.csv,-1.0,8970.75,8970.75,8968.5,8970.75,2.25
43950,15,0,8979.5,8,2020-04-29,2020-04-29 15:00:00,2020-04-29 15:00:00,NQM20.csv,492,NQM20.csv,1.0,8977.25,8977.25,8979.5,8977.25,2.25
43950,15,30,9006.5,3,2020-04-29,2020-04-29 15:30:00,2020-04-29 15:30:00,NQM20.csv,1032,NQM20.csv,-5.0,9008.75,9008.75,45032.5,45043.75,11.25
43950,16,0,8963.5,8,2020-04-29,2020-04-29 16:00:00,2020-04-29 16:00:00,NQM20.csv,1303,NQM20.csv,5.0,8961.25,8961.25,44817.5,44806.25,11.25
43951,2,30,9098.5,6,2020-04-30,2020-04-30 02:30:00,2020-04-30 02:30:00,NQM20.csv,69,NQM20.csv,-2.0,9100.75,9100.75,18197.0,18201.5,4.5
43951,4,30,9074.25,2,2020-04-30,2020-04-30 04:30:00,2020-04-30 04:30:00,NQM20.csv,188,NQM20.csv,-4.0,9076.5,9076.5,36297.0,36306.0,9.0
43951,5,0,9071.5,6,2020-04-30,2020-04-30 05:00:00,2020-04-30 05:00:00,NQM20.csv,186,NQM20.csv,4.0,9069.25,9073.25,36286.0,36293.0,-7.0
43951,5,30,9086.5,2,2020-04-30,2020-04-30 05:30:00,2020-04-30 05:30:00,NQM20.csv,120,NQM20.csv,-4.0,9088.75,9088.75,36346.0,36355.0,9.0
43951,6,0,9095.25,-1,2020-04-30,2020-04-30 06:00:00,2020-04-30 06:00:00,NQM20.csv,381,NQM20.csv,-3.0,9097.5,9097.5,27285.75,27292.5,6.75
43951,6,30,9074.5,4,2020-04-30,2020-04-30 06:30:00,2020-04-30 06:30:00,NQM20.csv,209,NQM20.csv,5.0,9072.25,9072.25,45372.5,45361.25,11.25
43951,6,45,9064.25,-1,2020-04-30,2020-04-30 06:45:00,2020-04-30 06:45:00,NQM20.csv,341,NQM20.csv,-5.0,9066.5,9056.5,45321.25,45282.5,-38.75
43951,7,0,9055.75,0,2020-04-30,2020-04-30 07:00:00,2020-04-30 07:00:00,NQM20.csv,375,NQM20.csv,1.0,9053.5,9053.5,9055.75,9053.5,2.25
43951,7,15,9050.5,5,2020-04-30,2020-04-30 07:15:00,2020-04-30 07:15:00,NQM20.csv,281,NQM20.csv,5.0,9048.25,9060.0,45252.5,45300.0,-47.5
43951,7,30,9049.5,-1,2020-04-30,2020-04-30 07:30:00,2020-04-30 07:30:00,NQM20.csv,336,NQM20.csv,-6.0,9051.75,9051.75,54297.0,54310.5,13.5
43951,8,0,9046.5,2,2020-04-30,2020-04-30 08:00:00,2020-04-30 08:00:00,NQM20.csv,547,NQM20.csv,3.0,9044.25,9044.25,27139.5,27132.75,6.75
43951,9,15,9000.0,-1,2020-04-30,2020-04-30 09:15:00,2020-04-30 09:15:00,NQM20.csv,432,NQM20.csv,-3.0,9002.25,9002.25,27000.0,27006.75,6.75
43951,10,0,8996.5,2,2020-04-30,2020-04-30 10:00:00,2020-04-30 10:00:00,NQM20.csv,1788,NQM20.csv,3.0,8994.25,8994.25,26989.5,26982.75,6.75
43951,10,15,8996.75,5,2020-04-30,2020-04-30 10:15:00,2020-04-30 10:15:00,NQM20.csv,937,NQM20.csv,3.0,8994.5,8994.5,26990.25,26983.5,6.75
43951,11,45,8977.0,8,2020-04-30,2020-04-30 11:45:00,2020-04-30 11:45:00,NQM20.csv,656,NQM20.csv,3.0,8974.75,8974.75,26931.0,26924.25,6.75
43951,12,0,8941.0,7,2020-04-30,2020-04-30 12:00:00,2020-04-30 12:00:00,NQM20.csv,1505,NQM20.csv,-1.0,8943.25,8923.25,8941.0,8923.25,-17.75
43951,12,15,8936.75,4,2020-04-30,2020-04-30 12:15:00,2020-04-30 12:15:00,NQM20.csv,641,NQM20.csv,-3.0,8939.0,8939.0,26810.25,26817.0,6.75
43951,12,30,8919.25,5,2020-04-30,2020-04-30 12:30:00,2020-04-30 12:30:00,NQM20.csv,1093,NQM20.csv,1.0,8917.0,8917.0,8919.25,8917.0,2.25
43951,13,45,8926.0,8,2020-04-30,2020-04-30 13:45:00,2020-04-30 13:45:00,NQM20.csv,559,NQM20.csv,3.0,8923.75,8923.75,26778.0,26771.25,6.75
43951,14,0,8923.75,6,2020-04-30,2020-04-30 14:00:00,2020-04-30 14:00:00,NQM20.csv,568,NQM20.csv,-2.0,8926.0,8926.0,17847.5,17852.0,4.5
43951,14,15,8951.0,3,2020-04-30,2020-04-30 14:15:00,2020-04-30 14:15:00,NQM20.csv,350,NQM20.csv,-3.0,8953.25,8939.75,26853.0,26819.25,-33.75
43951,14,30,8938.75,2,2020-04-30,2020-04-30 14:30:00,2020-04-30 14:30:00,NQM20.csv,379,NQM20.csv,-1.0,8941.0,8941.0,8938.75,8941.0,2.25
43951,15,30,8972.25,0,2020-04-30,2020-04-30 15:30:00,2020-04-30 15:30:00,NQM20.csv,764,NQM20.csv,-2.0,8974.5,8974.5,17944.5,17949.0,4.5
43951,15,45,8953.75,1,2020-04-30,2020-04-30 15:45:00,2020-04-30 15:45:00,NQM20.csv,597,NQM20.csv,1.0,8951.5,8951.5,8953.75,8951.5,2.25
43951,16,0,8986.0,2,2020-04-30,2020-04-30 16:00:00,2020-04-30 16:00:00,NQM20.csv,2688,NQM20.csv,1.0,8983.75,8983.75,8986.0,8983.75,2.25
43952,2,30,8774.5,5,2020-05-01,2020-05-01 02:30:00,2020-05-01 02:30:00,NQM20.csv,47,NQM20.csv,3.0,8772.25,8780.25,26323.5,26340.75,-17.25
43952,6,45,8774.25,8,2020-05-01,2020-05-01 06:45:00,2020-05-01 06:45:00,NQM20.csv,44,NQM20.csv,3.0,8772.0,8772.0,26322.75,26316.0,6.75
43952,7,0,8772.25,2,2020-05-01,2020-05-01 07:00:00,2020-05-01 07:00:00,NQM20.csv,146,NQM20.csv,-6.0,8774.5,8774.5,52633.5,52647.0,13.5
43952,7,15,8760.25,-1,2020-05-01,2020-05-01 07:15:00,2020-05-01 07:15:00,NQM20.csv,77,NQM20.csv,-3.0,8762.5,8762.5,26280.75,26287.5,6.75
43952,7,30,8749.5,11,2020-05-01,2020-05-01 07:30:00,2020-05-01 07:30:00,NQM20.csv,180,NQM20.csv,12.0,8747.25,8747.25,104994.0,104967.0,27.0
43952,7,40,8760.5,9,2020-05-01,2020-05-01 07:40:00,2020-05-01 07:40:00,NQM20.csv,107,NQM20.csv,-2.0,8762.75,8762.75,17521.0,17525.5,4.5
43952,7,45,8770.75,-1,2020-05-01,2020-05-01 07:45:00,2020-05-01 07:45:00,NQM20.csv,160,NQM20.csv,-10.0,8773.0,8773.0,87707.5,87730.0,22.5
43952,8,0,8782.5,-5,2020-05-01,2020-05-01 08:00:00,2020-05-01 08:00:00,NQM20.csv,250,NQM20.csv,-4.0,8784.75,8774.0,35130.0,35096.0,-34.0
43952,8,15,8776.0,5,2020-05-01,2020-05-01 08:15:00,2020-05-01 08:15:00,NQM20.csv,66,NQM20.csv,10.0,8773.75,8773.75,87760.0,87737.5,22.5
43952,9,45,8810.25,3,2020-05-01,2020-05-01 09:45:00,2020-05-01 09:45:00,NQM20.csv,1155,NQM20.csv,-2.0,8812.5,8812.5,17620.5,17625.0,4.5
43952,10,0,8833.75,7,2020-05-01,2020-05-01 10:00:00,2020-05-01 10:00:00,NQM20.csv,2149,NQM20.csv,4.0,8831.5,8831.5,35335.0,35326.0,9.0
43952,10,15,8849.75,9,2020-05-01,2020-05-01 10:15:00,2020-05-01 10:15:00,NQM20.csv,737,NQM20.csv,2.0,8847.5,8847.5,17699.5,17695.0,4.5
43952,10,30,8829.25,11,2020-05-01,2020-05-01 10:30:00,2020-05-01 10:30:00,NQM20.csv,1124,NQM20.csv,2.0,8827.0,8827.0,17658.5,17654.0,4.5
43952,10,35,8828.25,9,2020-05-01,2020-05-01 10:35:00,2020-05-01 10:35:00,NQM20.csv,1672,NQM20.csv,-2.0,8830.5,8830.5,17656.5,17661.0,4.5
43952,10,45,8828.25,8,2020-05-01,2020-05-01 10:45:00,2020-05-01 10:45:00,NQM20.csv,794,NQM20.csv,-1.0,8830.5,8830.5,8828.25,8830.5,2.25
43952,11,15,8818.75,9,2020-05-01,2020-05-01 11:15:00,2020-05-01 11:15:00,NQM20.csv,692,NQM20.csv,1.0,8816.5,8816.5,8818.75,8816.5,2.25
43952,11,30,8783.5,5,2020-05-01,2020-05-01 11:30:00,2020-05-01 11:30:00,NQM20.csv,1481,NQM20.csv,-4.0,8785.75,8774.25,35134.0,35097.0,-37.0
43952,11,45,8768.0,3,2020-05-01,2020-05-01 11:45:00,2020-05-01 11:45:00,NQM20.csv,1533,NQM20.csv,-2.0,8770.25,8739.5,17536.0,17479.0,-57.0
43952,12,0,8728.0,8,2020-05-01,2020-05-01 12:00:00,2020-05-01 12:00:00,NQM20.csv,2274,NQM20.csv,5.0,8725.75,8725.75,43640.0,43628.75,11.25
43952,12,15,8729.75,10,2020-05-01,2020-05-01 12:15:00,2020-05-01 12:15:00,NQM20.csv,960,NQM20.csv,2.0,8727.5,8727.5,17459.5,17455.0,4.5
43952,12,30,8706.0,9,2020-05-01,2020-05-01 12:30:00,2020-05-01 12:30:00,NQM20.csv,1023,NQM20.csv,-1.0,8708.25,8708.25,8706.0,8708.25,2.25
43952,13,0,8699.5,10,2020-05-01,2020-05-01 13:00:00,2020-05-01 13:00:00,NQM20.csv,515,NQM20.csv,1.0,8697.25,8708.5,8699.5,8708.5,-9.0
43952,13,15,8686.5,11,2020-05-01,2020-05-01 13:15:00,2020-05-01 13:15:00,NQM20.csv,680,NQM20.csv,1.0,8684.25,8684.25,8686.5,8684.25,2.25
43952,13,20,8682.0,9,2020-05-01,2020-05-01 13:20:00,2020-05-01 13:20:00,NQM20.csv,526,NQM20.csv,-2.0,8684.25,8684.25,17364.0,17368.5,4.5
43952,13,30,8693.0,2,2020-05-01,2020-05-01 13:30:00,2020-05-01 13:30:00,NQM20.csv,476,NQM20.csv,-7.0,8695.25,8695.25,60851.0,60866.75,15.75
43952,13,45,8685.5,3,2020-05-01,2020-05-01 13:45:00,2020-05-01 13:45:00,NQM20.csv,275,NQM20.csv,1.0,8683.25,8683.25,8685.5,8683.25,2.25
43952,14,0,8697.0,6,2020-05-01,2020-05-01 14:00:00,2020-05-01 14:00:00,NQM20.csv,627,NQM20.csv,3.0,8694.75,8694.75,26091.0,26084.25,6.75
43952,15,0,8725.0,8,2020-05-01,2020-05-01 15:00:00,2020-05-01 15:00:00,NQM20.csv,882,NQM20.csv,2.0,8722.75,8722.75,17450.0,17445.5,4.5
43952,15,45,8713.25,10,2020-05-01,2020-05-01 15:45:00,2020-05-01 15:45:00,NQM20.csv,427,NQM20.csv,2.0,8711.0,8711.0,17426.5,17422.0,4.5
43952,16,0,8716.0,5,2020-05-01,2020-05-01 16:00:00,2020-05-01 16:00:00,NQM20.csv,1576,NQM20.csv,-5.0,8718.25,8718.25,43580.0,43591.25,11.25
43952,16,15,8716.75,0,2020-05-01,2020-05-01 16:15:00,2020-05-01 16:15:00,NQM20.csv,293,NQM20.csv,-5.0,8719.0,8715.75,43583.75,43578.75,-5.0
43955,2,30,8650.75,3,2020-05-04,2020-05-04 02:30:00,2020-05-04 02:30:00,NQM20.csv,98,NQM20.csv,3.0,8648.5,8648.5,25952.25,25945.5,6.75
43955,4,30,8659.5,8,2020-05-04,2020-05-04 04:30:00,2020-05-04 04:30:00,NQM20.csv,115,NQM20.csv,5.0,8657.25,8657.25,43297.5,43286.25,11.25
43955,5,30,8620.0,11,2020-05-04,2020-05-04 05:30:00,2020-05-04 05:30:00,NQM20.csv,159,NQM20.csv,3.0,8617.75,8623.0,25860.0,25869.0,-9.0
43955,6,0,8648.5,7,2020-05-04,2020-05-04 06:00:00,2020-05-04 06:00:00,NQM20.csv,208,NQM20.csv,-4.0,8650.75,8645.25,34594.0,34581.0,-13.0
43955,6,30,8654.25,11,2020-05-04,2020-05-04 06:30:00,2020-05-04 06:30:00,NQM20.csv,112,NQM20.csv,4.0,8652.0,8652.0,34617.0,34608.0,9.0
43955,7,20,8641.25,9,2020-05-04,2020-05-04 07:20:00,2020-05-04 07:20:00,NQM20.csv,117,NQM20.csv,-2.0,8643.5,8643.5,17282.5,17287.0,4.5
43955,7,30,8645.0,10,2020-05-04,2020-05-04 07:30:00,2020-05-04 07:30:00,NQM20.csv,123,NQM20.csv,1.0,8642.75,8654.75,8645.0,8654.75,-9.75
43955,7,45,8660.0,11,2020-05-04,2020-05-04 07:45:00,2020-05-04 07:45:00,NQM20.csv,248,NQM20.csv,1.0,8657.75,8663.0,8660.0,8663.0,-3.0
43955,8,0,8661.0,8,2020-05-04,2020-05-04 08:00:00,2020-05-04 08:00:00,NQM20.csv,341,NQM20.csv,-3.0,8663.25,8649.0,25983.0,25947.0,-36.0
43955,9,45,8671.75,5,2020-05-04,2020-05-04 09:45:00,2020-05-04 09:45:00,NQM20.csv,1298,NQM20.csv,-3.0,8674.0,8674.0,26015.25,26022.0,6.75
43955,10,0,8720.25,11,2020-05-04,2020-05-04 10:00:00,2020-05-04 10:00:00,NQM20.csv,2152,NQM20.csv,6.0,8718.0,8718.0,52321.5,52308.0,13.5
43955,10,5,8748.25,9,2020-05-04,2020-05-04 10:05:00,2020-05-04 10:05:00,NQM20.csv,1386,NQM20.csv,-2.0,8750.5,8750.5,17496.5,17501.0,4.5
43955,10,15,8744.5,11,2020-05-04,2020-05-04 10:15:00,2020-05-04 10:15:00,NQM20.csv,751,NQM20.csv,2.0,8742.25,8754.5,17489.0,17509.0,-20.0
43955,10,30,8742.75,5,2020-05-04,2020-05-04 10:30:00,2020-05-04 10:30:00,NQM20.csv,1279,NQM20.csv,-6.0,8745.0,8745.0,52456.5,52470.0,13.5
43955,11,0,8732.75,11,2020-05-04,2020-05-04 11:00:00,2020-05-04 11:00:00,NQM20.csv,910,NQM20.csv,6.0,8730.5,8730.5,52396.5,52383.0,13.5
43955,12,0,8766.5,9,2020-05-04,2020-05-04 12:00:00,2020-05-04 12:00:00,NQM20.csv,435,NQM20.csv,-2.0,8768.75,8768.75,17533.0,17537.5,4.5
43955,12,15,8755.25,11,2020-05-04,2020-05-04 12:15:00,2020-05-04 12:15:00,NQM20.csv,481,NQM20.csv,2.0,8753.0,8753.0,17510.5,17506.0,4.5
43955,12,30,8763.5,8,2020-05-04,2020-05-04 12:30:00,2020-05-04 12:30:00,NQM20.csv,418,NQM20.csv,-3.0,8765.75,8765.75,26290.5,26297.25,6.75
43955,12,45,8734.0,5,2020-05-04,2020-05-04 12:45:00,2020-05-04 12:45:00,NQM20.csv,324,NQM20.csv,-3.0,8736.25,8730.75,26202.0,26192.25,-9.75
43955,13,15,8716.0,6,2020-05-04,2020-05-04 13:15:00,2020-05-04 13:15:00,NQM20.csv,325,NQM20.csv,1.0,8713.75,8713.75,8716.0,8713.75,2.25
43955,14,45,8739.25,7,2020-05-04,2020-05-04 14:45:00,2020-05-04 14:45:00,NQM20.csv,530,NQM20.csv,1.0,8737.0,8766.5,8739.25,8766.5,-27.25
43955,15,0,8774.75,4,2020-05-04,2020-05-04 15:00:00,2020-05-04 15:00:00,NQM20.csv,639,NQM20.csv,-3.0,8777.0,8770.5,26324.25,26311.5,-12.75
43955,15,15,8788.0,3,2020-05-04,2020-05-04 15:15:00,2020-05-04 15:15:00,NQM20.csv,402,NQM20.csv,-1.0,8790.25,8790.25,8788.0,8790.25,2.25
43955,15,30,8798.0,1,2020-05-04,2020-05-04 15:30:00,2020-05-04 15:30:00,NQM20.csv,483,NQM20.csv,-2.0,8800.25,8800.25,17596.0,17600.5,4.5
43955,15,45,8806.25,3,2020-05-04,2020-05-04 15:45:00,2020-05-04 15:45:00,NQM20.csv,779,NQM20.csv,2.0,8804.0,8804.0,17612.5,17608.0,4.5
43955,16,0,8816.75,8,2020-05-04,2020-05-04 16:00:00,2020-05-04 16:00:00,NQM20.csv,939,NQM20.csv,5.0,8814.5,8814.5,44083.75,44072.5,11.25
43956,2,30,8860.25,7,2020-05-05,2020-05-05 02:30:00,2020-05-05 02:30:00,NQM20.csv,45,NQM20.csv,-1.0,8862.5,8862.5,8860.25,8862.5,2.25
43956,6,0,8878.5,3,2020-05-05,2020-05-05 06:00:00,2020-05-05 06:00:00,NQM20.csv,270,NQM20.csv,-4.0,8880.75,8880.75,35514.0,35523.0,9.0
43956,8,0,8907.0,7,2020-05-05,2020-05-05 08:00:00,2020-05-05 08:00:00,NQM20.csv,187,NQM20.csv,4.0,8904.75,8904.75,35628.0,35619.0,9.0
43956,9,15,8915.25,4,2020-05-05,2020-05-05 09:15:00,2020-05-05 09:15:00,NQM20.csv,164,NQM20.csv,-3.0,8917.5,8907.5,26745.75,26722.5,-23.25
43956,10,0,8959.75,11,2020-05-05,2020-05-05 10:00:00,2020-05-05 10:00:00,NQM20.csv,1755,NQM20.csv,7.0,8957.5,8957.5,62718.25,62702.5,15.75
43956,10,30,8945.0,9,2020-05-05,2020-05-05 10:30:00,2020-05-05 10:30:00,NQM20.csv,681,NQM20.csv,-2.0,8947.25,8947.25,17890.0,17894.5,4.5
43956,10,35,8957.75,11,2020-05-05,2020-05-05 10:35:00,2020-05-05 10:35:00,NQM20.csv,708,NQM20.csv,2.0,8955.5,8955.5,17915.5,17911.0,4.5
43956,12,30,8977.0,9,2020-05-05,2020-05-05 12:30:00,2020-05-05 12:30:00,NQM20.csv,451,NQM20.csv,-2.0,8979.25,8979.25,17954.0,17958.5,4.5
43956,12,45,8971.0,11,2020-05-05,2020-05-05 12:45:00,2020-05-05 12:45:00,NQM20.csv,432,NQM20.csv,2.0,8968.75,8974.75,17942.0,17949.5,-7.5
43956,12,50,8976.0,9,2020-05-05,2020-05-05 12:50:00,2020-05-05 12:50:00,NQM20.csv,419,NQM20.csv,-2.0,8978.25,8978.25,17952.0,17956.5,4.5
43956,14,0,8996.0,5,2020-05-05,2020-05-05 14:00:00,2020-05-05 14:00:00,NQM20.csv,604,NQM20.csv,-4.0,8998.25,8998.25,35984.0,35993.0,9.0
43956,14,30,9015.75,8,2020-05-05,2020-05-05 14:30:00,2020-05-05 14:30:00,NQM20.csv,420,NQM20.csv,3.0,9013.5,9013.5,27047.25,27040.5,6.75
43956,15,30,8945.5,3,2020-05-05,2020-05-05 15:30:00,2020-05-05 15:30:00,NQM20.csv,1864,NQM20.csv,-5.0,8947.75,8947.75,44727.5,44738.75,11.25
43956,16,0,8913.75,7,2020-05-05,2020-05-05 16:00:00,2020-05-05 16:00:00,NQM20.csv,1238,NQM20.csv,4.0,8911.5,8911.5,35655.0,35646.0,9.0
43957,2,30,8992.0,5,2020-05-06,2020-05-06 02:30:00,2020-05-06 02:30:00,NQM20.csv,98,NQM20.csv,-2.0,8994.25,8994.25,17984.0,17988.5,4.5
43957,3,30,8988.25,9,2020-05-06,2020-05-06 03:30:00,2020-05-06 03:30:00,NQM20.csv,94,NQM20.csv,4.0,8986.0,8986.0,35953.0,35944.0,9.0
43957,5,30,8991.25,5,2020-05-06,2020-05-06 05:30:00,2020-05-06 05:30:00,NQM20.csv,68,NQM20.csv,-4.0,8993.5,8993.5,35965.0,35974.0,9.0
43957,9,15,8989.5,-1,2020-05-06,2020-05-06 09:15:00,2020-05-06 09:15:00,NQM20.csv,112,NQM20.csv,-6.0,8991.75,8991.75,53937.0,53950.5,13.5
43957,9,45,9010.0,0,2020-05-06,2020-05-06 09:45:00,2020-05-06 09:45:00,NQM20.csv,1331,NQM20.csv,1.0,9007.75,9007.75,9010.0,9007.75,2.25
43957,10,0,8986.0,3,2020-05-06,2020-05-06 10:00:00,2020-05-06 10:00:00,NQM20.csv,1004,NQM20.csv,3.0,8983.75,8983.75,26958.0,26951.25,6.75
43957,10,15,8956.25,8,2020-05-06,2020-05-06 10:15:00,2020-05-06 10:15:00,NQM20.csv,1265,NQM20.csv,5.0,8954.0,8954.0,44781.25,44770.0,11.25
43957,10,30,8992.0,10,2020-05-06,2020-05-06 10:30:00,2020-05-06 10:30:00,NQM20.csv,1117,NQM20.csv,2.0,8989.75,8989.75,17984.0,17979.5,4.5
43957,11,0,9027.75,8,2020-05-06,2020-05-06 11:00:00,2020-05-06 11:00:00,NQM20.csv,735,NQM20.csv,-2.0,9030.0,9030.0,18055.5,18060.0,4.5
43957,11,30,9015.25,10,2020-05-06,2020-05-06 11:30:00,2020-05-06 11:30:00,NQM20.csv,927,NQM20.csv,2.0,9013.0,9013.0,18030.5,18026.0,4.5
43957,12,0,9010.75,11,2020-05-06,2020-05-06 12:00:00,2020-05-06 12:00:00,NQM20.csv,397,NQM20.csv,1.0,9008.5,9008.5,9010.75,9008.5,2.25
43957,12,20,9027.0,9,2020-05-06,2020-05-06 12:20:00,2020-05-06 12:20:00,NQM20.csv,649,NQM20.csv,-2.0,9029.25,9017.25,18054.0,18034.5,-19.5
43957,12,30,9021.75,5,2020-05-06,2020-05-06 12:30:00,2020-05-06 12:30:00,NQM20.csv,279,NQM20.csv,-4.0,9024.0,9024.0,36087.0,36096.0,9.0
43957,12,45,9024.25,7,2020-05-06,2020-05-06 12:45:00,2020-05-06 12:45:00,NQM20.csv,496,NQM20.csv,2.0,9022.0,9036.5,18048.5,18073.0,-24.5
43957,14,0,9042.25,6,2020-05-06,2020-05-06 14:00:00,2020-05-06 14:00:00,NQM20.csv,1076,NQM20.csv,-1.0,9044.5,9026.75,9042.25,9026.75,-15.5
43957,14,30,9018.0,7,2020-05-06,2020-05-06 14:30:00,2020-05-06 14:30:00,NQM20.csv,1250,NQM20.csv,1.0,9015.75,9015.75,9018.0,9015.75,2.25
43957,15,30,9019.25,3,2020-05-06,2020-05-06 15:30:00,2020-05-06 15:30:00,NQM20.csv,1242,NQM20.csv,-4.0,9021.5,8992.0,36077.0,35968.0,-109.0
43957,15,45,8993.5,5,2020-05-06,2020-05-06 15:45:00,2020-05-06 15:45:00,NQM20.csv,939,NQM20.csv,2.0,8991.25,8991.25,17987.0,17982.5,4.5
43958,3,30,9075.0,6,2020-05-07,2020-05-07 03:30:00,2020-05-07 03:30:00,NQM20.csv,158,NQM20.csv,1.0,9072.75,9072.75,9075.0,9072.75,2.25
43958,5,30,9082.0,5,2020-05-07,2020-05-07 05:30:00,2020-05-07 05:30:00,NQM20.csv,319,NQM20.csv,-1.0,9084.25,9084.25,9082.0,9084.25,2.25
43958,6,0,9094.25,0,2020-05-07,2020-05-07 06:00:00,2020-05-07 06:00:00,NQM20.csv,262,NQM20.csv,-5.0,9096.5,9087.0,45471.25,45435.0,-36.25
43958,6,30,9094.0,5,2020-05-07,2020-05-07 06:30:00,2020-05-07 06:30:00,NQM20.csv,66,NQM20.csv,5.0,9091.75,9091.75,45470.0,45458.75,11.25
43958,7,45,9086.0,1,2020-05-07,2020-05-07 07:45:00,2020-05-07 07:45:00,NQM20.csv,159,NQM20.csv,-4.0,9088.25,9088.25,36344.0,36353.0,9.0
43958,8,15,9079.0,5,2020-05-07,2020-05-07 08:15:00,2020-05-07 08:15:00,NQM20.csv,160,NQM20.csv,4.0,9076.75,9085.0,36316.0,36340.0,-24.0
43958,9,15,9084.0,7,2020-05-07,2020-05-07 09:15:00,2020-05-07 09:15:00,NQM20.csv,177,NQM20.csv,2.0,9081.75,9081.75,18168.0,18163.5,4.5
43958,9,45,9093.0,6,2020-05-07,2020-05-07 09:45:00,2020-05-07 09:45:00,NQM20.csv,1415,NQM20.csv,-1.0,9095.25,9080.0,9093.0,9080.0,-13.0
43958,10,15,9051.75,5,2020-05-07,2020-05-07 10:15:00,2020-05-07 10:15:00,NQM20.csv,1022,NQM20.csv,-1.0,9054.0,9054.0,9051.75,9054.0,2.25
43958,10,30,9069.0,9,2020-05-07,2020-05-07 10:30:00,2020-05-07 10:30:00,NQM20.csv,719,NQM20.csv,4.0,9066.75,9066.75,36276.0,36267.0,9.0
43958,12,0,9097.25,3,2020-05-07,2020-05-07 12:00:00,2020-05-07 12:00:00,NQM20.csv,713,NQM20.csv,-6.0,9099.5,9099.5,54583.5,54597.0,13.5
43958,12,30,9109.5,4,2020-05-07,2020-05-07 12:30:00,2020-05-07 12:30:00,NQM20.csv,455,NQM20.csv,1.0,9107.25,9107.25,9109.5,9107.25,2.25
43958,14,30,9091.5,6,2020-05-07,2020-05-07 14:30:00,2020-05-07 14:30:00,NQM20.csv,470,NQM20.csv,2.0,9089.25,9089.25,18183.0,18178.5,4.5
43958,15,30,9087.0,3,2020-05-07,2020-05-07 15:30:00,2020-05-07 15:30:00,NQM20.csv,842,NQM20.csv,-3.0,9089.25,9089.25,27261.0,27267.75,6.75
43958,15,45,9071.75,5,2020-05-07,2020-05-07 15:45:00,2020-05-07 15:45:00,NQM20.csv,1135,NQM20.csv,2.0,9069.5,9069.5,18143.5,18139.0,4.5
43959,2,30,9212.5,6,2020-05-08,2020-05-08 02:30:00,2020-05-08 02:30:00,NQM20.csv,336,NQM20.csv,1.0,9210.25,9210.25,9212.5,9210.25,2.25
43959,3,30,9193.25,10,2020-05-08,2020-05-08 03:30:00,2020-05-08 03:30:00,NQM20.csv,454,NQM20.csv,4.0,9191.0,9191.0,36773.0,36764.0,9.0
43959,5,30,9190.25,6,2020-05-08,2020-05-08 05:30:00,2020-05-08 05:30:00,NQM20.csv,35,NQM20.csv,-4.0,9192.5,9192.5,36761.0,36770.0,9.0
43959,6,0,9203.0,-2,2020-05-08,2020-05-08 06:00:00,2020-05-08 06:00:00,NQM20.csv,349,NQM20.csv,-8.0,9205.25,9205.25,73624.0,73642.0,18.0
43959,8,0,9194.25,6,2020-05-08,2020-05-08 08:00:00,2020-05-08 08:00:00,NQM20.csv,105,NQM20.csv,8.0,9192.0,9192.0,73554.0,73536.0,18.0
43959,10,0,9145.0,5,2020-05-08,2020-05-08 10:00:00,2020-05-08 10:00:00,NQM20.csv,1618,NQM20.csv,-1.0,9147.25,9147.25,9145.0,9147.25,2.25
43959,10,30,9183.0,10,2020-05-08,2020-05-08 10:30:00,2020-05-08 10:30:00,NQM20.csv,910,NQM20.csv,5.0,9180.75,9180.75,45915.0,45903.75,11.25
43959,11,0,9172.75,9,2020-05-08,2020-05-08 11:00:00,2020-05-08 11:00:00,NQM20.csv,714,NQM20.csv,-1.0,9175.0,9175.0,9172.75,9175.0,2.25
43959,11,30,9177.75,10,2020-05-08,2020-05-08 11:30:00,2020-05-08 11:30:00,NQM20.csv,553,NQM20.csv,1.0,9175.5,9185.25,9177.75,9185.25,-7.5
43959,12,0,9204.0,11,2020-05-08,2020-05-08 12:00:00,2020-05-08 12:00:00,NQM20.csv,378,NQM20.csv,1.0,9201.75,9201.75,9204.0,9201.75,2.25
43959,12,5,9202.0,9,2020-05-08,2020-05-08 12:05:00,2020-05-08 12:05:00,NQM20.csv,600,NQM20.csv,-2.0,9204.25,9204.25,18404.0,18408.5,4.5
43959,12,30,9203.5,4,2020-05-08,2020-05-08 12:30:00,2020-05-08 12:30:00,NQM20.csv,403,NQM20.csv,-5.0,9205.75,9205.75,46017.5,46028.75,11.25
43959,13,45,9171.75,7,2020-05-08,2020-05-08 13:45:00,2020-05-08 13:45:00,NQM20.csv,504,NQM20.csv,3.0,9169.5,9169.5,27515.25,27508.5,6.75
43959,14,0,9167.75,8,2020-05-08,2020-05-08 14:00:00,2020-05-08 14:00:00,NQM20.csv,377,NQM20.csv,1.0,9165.5,9165.5,9167.75,9165.5,2.25
43959,14,15,9175.0,5,2020-05-08,2020-05-08 14:15:00,2020-05-08 14:15:00,NQM20.csv,606,NQM20.csv,-3.0,9177.25,9177.25,27525.0,27531.75,6.75
43959,14,30,9178.25,9,2020-05-08,2020-05-08 14:30:00,2020-05-08 14:30:00,NQM20.csv,343,NQM20.csv,4.0,9176.0,9179.25,36713.0,36717.0,-4.0
43959,15,45,9209.25,8,2020-05-08,2020-05-08 15:45:00,2020-05-08 15:45:00,NQM20.csv,748,NQM20.csv,-1.0,9211.5,9211.5,9209.25,9211.5,2.25
43959,16,0,9209.25,6,2020-05-08,2020-05-08 16:00:00,2020-05-08 16:00:00,NQM20.csv,1161,NQM20.csv,-2.0,9211.5,9211.5,18418.5,18423.0,4.5
43959,16,15,9219.25,0,2020-05-08,2020-05-08 16:15:00,2020-05-08 16:15:00,NQM20.csv,393,NQM20.csv,-6.0,9221.5,9218.0,55315.5,55308.0,-7.5
43962,2,30,9245.25,-3,2020-05-11,2020-05-11 02:30:00,2020-05-11 02:30:00,NQM20.csv,96,NQM20.csv,-3.0,9247.5,9247.5,27735.75,27742.5,6.75
43962,4,30,9238.75,4,2020-05-11,2020-05-11 04:30:00,2020-05-11 04:30:00,NQM20.csv,337,NQM20.csv,7.0,9236.5,9236.5,64671.25,64655.5,15.75
43962,7,45,9160.5,-1,2020-05-11,2020-05-11 07:45:00,2020-05-11 07:45:00,NQM20.csv,764,NQM20.csv,-5.0,9162.75,9162.75,45802.5,45813.75,11.25
43962,8,0,9149.75,7,2020-05-11,2020-05-11 08:00:00,2020-05-11 08:00:00,NQM20.csv,642,NQM20.csv,8.0,9147.5,9147.5,73198.0,73180.0,18.0
43962,8,15,9146.5,11,2020-05-11,2020-05-11 08:15:00,2020-05-11 08:15:00,NQM20.csv,290,NQM20.csv,4.0,9144.25,9144.25,36586.0,36577.0,9.0
43962,8,30,9132.25,4,2020-05-11,2020-05-11 08:30:00,2020-05-11 08:30:00,NQM20.csv,367,NQM20.csv,-7.0,9134.5,9134.5,63925.75,63941.5,15.75
43962,9,45,9203.5,5,2020-05-11,2020-05-11 09:45:00,2020-05-11 09:45:00,NQM20.csv,1259,NQM20.csv,1.0,9201.25,9210.25,9203.5,9210.25,-6.75
43962,10,15,9230.25,4,2020-05-11,2020-05-11 10:15:00,2020-05-11 10:15:00,NQM20.csv,1243,NQM20.csv,-1.0,9232.5,9232.5,9230.25,9232.5,2.25
43962,10,30,9235.0,6,2020-05-11,2020-05-11 10:30:00,2020-05-11 10:30:00,NQM20.csv,772,NQM20.csv,2.0,9232.75,9232.75,18470.0,18465.5,4.5
43962,11,30,9260.75,8,2020-05-11,2020-05-11 11:30:00,2020-05-11 11:30:00,NQM20.csv,489,NQM20.csv,2.0,9258.5,9258.5,18521.5,18517.0,4.5
43962,12,0,9263.75,11,2020-05-11,2020-05-11 12:00:00,2020-05-11 12:00:00,NQM20.csv,1039,NQM20.csv,3.0,9261.5,9261.5,27791.25,27784.5,6.75
43962,12,5,9261.75,10,2020-05-11,2020-05-11 12:05:00,2020-05-11 12:05:00,NQM20.csv,459,NQM20.csv,-1.0,9264.0,9258.75,9261.75,9258.75,-3.0
43962,12,30,9278.25,8,2020-05-11,2020-05-11 12:30:00,2020-05-11 12:30:00,NQM20.csv,422,NQM20.csv,-2.0,9280.5,9280.5,18556.5,18561.0,4.5
43962,15,0,9322.25,9,2020-05-11,2020-05-11 15:00:00,2020-05-11 15:00:00,NQM20.csv,874,NQM20.csv,1.0,9320.0,9331.25,9322.25,9331.25,-9.0
43962,15,30,9312.0,3,2020-05-11,2020-05-11 15:30:00,2020-05-11 15:30:00,NQM20.csv,759,NQM20.csv,-6.0,9314.25,9314.25,55872.0,55885.5,13.5
43962,16,0,9288.5,4,2020-05-11,2020-05-11 16:00:00,2020-05-11 16:00:00,NQM20.csv,1590,NQM20.csv,1.0,9286.25,9286.25,9288.5,9286.25,2.25
43963,2,30,9237.5,9,2020-05-12,2020-05-12 02:30:00,2020-05-12 02:30:00,NQM20.csv,104,NQM20.csv,5.0,9235.25,9242.75,46187.5,46213.75,-26.25
43963,4,30,9276.25,8,2020-05-12,2020-05-12 04:30:00,2020-05-12 04:30:00,NQM20.csv,195,NQM20.csv,-1.0,9278.5,9278.5,9276.25,9278.5,2.25
43963,5,45,9254.75,7,2020-05-12,2020-05-12 05:45:00,2020-05-12 05:45:00,NQM20.csv,142,NQM20.csv,-1.0,9257.0,9257.0,9254.75,9257.0,2.25
43963,6,0,9278.25,3,2020-05-12,2020-05-12 06:00:00,2020-05-12 06:00:00,NQM20.csv,188,NQM20.csv,-4.0,9280.5,9280.5,37113.0,37122.0,9.0
43963,6,15,9275.25,4,2020-05-12,2020-05-12 06:15:00,2020-05-12 06:15:00,NQM20.csv,166,NQM20.csv,1.0,9273.0,9290.5,9275.25,9290.5,-15.25
43963,6,45,9295.25,0,2020-05-12,2020-05-12 06:45:00,2020-05-12 06:45:00,NQM20.csv,73,NQM20.csv,-4.0,9297.5,9292.25,37181.0,37169.0,-12.0
43963,7,15,9306.25,4,2020-05-12,2020-05-12 07:15:00,2020-05-12 07:15:00,NQM20.csv,145,NQM20.csv,4.0,9304.0,9313.5,37225.0,37254.0,-29.0
43963,7,45,9309.5,-1,2020-05-12,2020-05-12 07:45:00,2020-05-12 07:45:00,NQM20.csv,173,NQM20.csv,-5.0,9311.75,9311.75,46547.5,46558.75,11.25
43963,8,0,9317.5,3,2020-05-12,2020-05-12 08:00:00,2020-05-12 08:00:00,NQM20.csv,260,NQM20.csv,4.0,9315.25,9315.25,37270.0,37261.0,9.0
43963,8,15,9313.75,8,2020-05-12,2020-05-12 08:15:00,2020-05-12 08:15:00,NQM20.csv,186,NQM20.csv,5.0,9311.5,9311.5,46568.75,46557.5,11.25
43963,10,15,9275.25,9,2020-05-12,2020-05-12 10:15:00,2020-05-12 10:15:00,NQM20.csv,1992,NQM20.csv,1.0,9273.0,9273.0,9275.25,9273.0,2.25
43963,10,30,9281.25,11,2020-05-12,2020-05-12 10:30:00,2020-05-12 10:30:00,NQM20.csv,1160,NQM20.csv,2.0,9279.0,9279.0,18562.5,18558.0,4.5
43963,10,35,9296.25,9,2020-05-12,2020-05-12 10:35:00,2020-05-12 10:35:00,NQM20.csv,1083,NQM20.csv,-2.0,9298.5,9298.5,18592.5,18597.0,4.5
43963,10,45,9304.25,8,2020-05-12,2020-05-12 10:45:00,2020-05-12 10:45:00,NQM20.csv,951,NQM20.csv,-1.0,9306.5,9306.5,9304.25,9306.5,2.25
43963,11,45,9306.5,10,2020-05-12,2020-05-12 11:45:00,2020-05-12 11:45:00,NQM20.csv,918,NQM20.csv,2.0,9304.25,9304.25,18613.0,18608.5,4.5
43963,12,0,9312.5,11,2020-05-12,2020-05-12 12:00:00,2020-05-12 12:00:00,NQM20.csv,678,NQM20.csv,1.0,9310.25,9310.25,9312.5,9310.25,2.25
43963,12,10,9312.5,10,2020-05-12,2020-05-12 12:10:00,2020-05-12 12:10:00,NQM20.csv,425,NQM20.csv,-1.0,9314.75,9301.5,9312.5,9301.5,-11.0
43963,12,15,9306.25,8,2020-05-12,2020-05-12 12:15:00,2020-05-12 12:15:00,NQM20.csv,727,NQM20.csv,-2.0,9308.5,9308.5,18612.5,18617.0,4.5
43963,15,30,9213.25,11,2020-05-12,2020-05-12 15:30:00,2020-05-12 15:30:00,NQM20.csv,979,NQM20.csv,3.0,9211.0,9211.0,27639.75,27633.0,6.75
43963,15,35,9205.5,10,2020-05-12,2020-05-12 15:35:00,2020-05-12 15:35:00,NQM20.csv,1289,NQM20.csv,-1.0,9207.75,9207.75,9205.5,9207.75,2.25
43963,15,45,9157.75,11,2020-05-12,2020-05-12 15:45:00,2020-05-12 15:45:00,NQM20.csv,1851,NQM20.csv,1.0,9155.5,9155.5,9157.75,9155.5,2.25
43963,15,50,9133.25,10,2020-05-12,2020-05-12 15:50:00,2020-05-12 15:50:00,NQM20.csv,3279,NQM20.csv,-1.0,9135.5,9135.5,9133.25,9135.5,2.25
43963,16,0,9102.0,8,2020-05-12,2020-05-12 16:00:00,2020-05-12 16:00:00,NQM20.csv,2557,NQM20.csv,-2.0,9104.25,9104.25,18204.0,18208.5,4.5
43964,4,30,9118.0,6,2020-05-13,2020-05-13 04:30:00,2020-05-13 04:30:00,NQM20.csv,166,NQM20.csv,-2.0,9120.25,9120.25,18236.0,18240.5,4.5
43964,5,0,9093.0,7,2020-05-13,2020-05-13 05:00:00,2020-05-13 05:00:00,NQM20.csv,163,NQM20.csv,1.0,9090.75,9090.75,9093.0,9090.75,2.25
43964,5,30,9109.5,0,2020-05-13,2020-05-13 05:30:00,2020-05-13 05:30:00,NQM20.csv,490,NQM20.csv,-7.0,9111.75,9111.75,63766.5,63782.25,15.75
43964,6,0,9135.5,2,2020-05-13,2020-05-13 06:00:00,2020-05-13 06:00:00,NQM20.csv,206,NQM20.csv,2.0,9133.25,9133.25,18271.0,18266.5,4.5
43964,6,45,9141.75,-3,2020-05-13,2020-05-13 06:45:00,2020-05-13 06:45:00,NQM20.csv,222,NQM20.csv,-5.0,9144.0,9141.25,45708.75,45706.25,-2.5
43964,7,15,9141.5,2,2020-05-13,2020-05-13 07:15:00,2020-05-13 07:15:00,NQM20.csv,105,NQM20.csv,5.0,9139.25,9139.25,45707.5,45696.25,11.25
43964,7,30,9148.0,-3,2020-05-13,2020-05-13 07:30:00,2020-05-13 07:30:00,NQM20.csv,122,NQM20.csv,-5.0,9150.25,9150.25,45740.0,45751.25,11.25
43964,8,0,9160.0,6,2020-05-13,2020-05-13 08:00:00,2020-05-13 08:00:00,NQM20.csv,394,NQM20.csv,9.0,9157.75,9157.75,82440.0,82419.75,20.25
43964,9,15,9115.75,2,2020-05-13,2020-05-13 09:15:00,2020-05-13 09:15:00,NQM20.csv,649,NQM20.csv,-4.0,9118.0,9118.0,36463.0,36472.0,9.0
43964,10,0,9110.0,0,2020-05-13,2020-05-13 10:00:00,2020-05-13 10:00:00,NQM20.csv,1868,NQM20.csv,-2.0,9112.25,9112.25,18220.0,18224.5,4.5
43964,10,15,9154.25,4,2020-05-13,2020-05-13 10:15:00,2020-05-13 10:15:00,NQM20.csv,1160,NQM20.csv,4.0,9152.0,9152.0,36617.0,36608.0,9.0
43964,10,30,9177.75,11,2020-05-13,2020-05-13 10:30:00,2020-05-13 10:30:00,NQM20.csv,2033,NQM20.csv,7.0,9175.5,9175.5,64244.25,64228.5,15.75
43964,11,0,9116.5,4,2020-05-13,2020-05-13 11:00:00,2020-05-13 11:00:00,NQM20.csv,1673,NQM20.csv,-7.0,9118.75,9118.75,63815.5,63831.25,15.75
43964,11,15,9134.75,2,2020-05-13,2020-05-13 11:15:00,2020-05-13 11:15:00,NQM20.csv,1030,NQM20.csv,-2.0,9137.0,9137.0,18269.5,18274.0,4.5
43964,11,30,9080.75,6,2020-05-13,2020-05-13 11:30:00,2020-05-13 11:30:00,NQM20.csv,1244,NQM20.csv,4.0,9078.5,9078.5,36323.0,36314.0,9.0
43964,11,45,9030.5,8,2020-05-13,2020-05-13 11:45:00,2020-05-13 11:45:00,NQM20.csv,1472,NQM20.csv,2.0,9028.25,9028.25,18061.0,18056.5,4.5
43964,12,0,8996.0,4,2020-05-13,2020-05-13 12:00:00,2020-05-13 12:00:00,NQM20.csv,1631,NQM20.csv,-4.0,8998.25,8998.25,35984.0,35993.0,9.0
43964,12,15,8912.0,6,2020-05-13,2020-05-13 12:15:00,2020-05-13 12:15:00,NQM20.csv,2904,NQM20.csv,2.0,8909.75,8909.75,17824.0,17819.5,4.5
43964,12,30,8954.25,1,2020-05-13,2020-05-13 12:30:00,2020-05-13 12:30:00,NQM20.csv,1389,NQM20.csv,-5.0,8956.5,8956.5,44771.25,44782.5,11.25
43964,12,45,8963.0,-3,2020-05-13,2020-05-13 12:45:00,2020-05-13 12:45:00,NQM20.csv,1193,NQM20.csv,-4.0,8965.25,8965.25,35852.0,35861.0,9.0
43964,13,0,8981.75,2,2020-05-13,2020-05-13 13:00:00,2020-05-13 13:00:00,NQM20.csv,1405,NQM20.csv,5.0,8979.5,8979.5,44908.75,44897.5,11.25
43964,13,15,8948.5,1,2020-05-13,2020-05-13 13:15:00,2020-05-13 13:15:00,NQM20.csv,818,NQM20.csv,-1.0,8950.75,8950.75,8948.5,8950.75,2.25
43964,13,45,8944.5,6,2020-05-13,2020-05-13 13:45:00,2020-05-13 13:45:00,NQM20.csv,568,NQM20.csv,5.0,8942.25,8942.25,44722.5,44711.25,11.25
43964,14,0,8926.5,8,2020-05-13,2020-05-13 14:00:00,2020-05-13 14:00:00,NQM20.csv,767,NQM20.csv,2.0,8924.25,8924.25,17853.0,17848.5,4.5
43964,14,15,8949.75,6,2020-05-13,2020-05-13 14:15:00,2020-05-13 14:15:00,NQM20.csv,1486,NQM20.csv,-2.0,8952.0,8952.0,17899.5,17904.0,4.5
43964,14,30,8940.0,5,2020-05-13,2020-05-13 14:30:00,2020-05-13 14:30:00,NQM20.csv,1238,NQM20.csv,-1.0,8942.25,8942.25,8940.0,8942.25,2.25
43964,15,0,8902.25,0,2020-05-13,2020-05-13 15:00:00,2020-05-13 15:00:00,NQM20.csv,2672,NQM20.csv,-5.0,8904.5,8904.5,44511.25,44522.5,11.25
43964,15,45,8943.25,2,2020-05-13,2020-05-13 15:45:00,2020-05-13 15:45:00,NQM20.csv,1316,NQM20.csv,2.0,8941.0,8941.0,17886.5,17882.0,4.5
43964,16,0,8987.5,6,2020-05-13,2020-05-13 16:00:00,2020-05-13 16:00:00,NQM20.csv,1902,NQM20.csv,4.0,8985.25,8985.25,35950.0,35941.0,9.0
43965,2,30,8962.0,5,2020-05-14,2020-05-14 02:30:00,2020-05-14 02:30:00,NQM20.csv,106,NQM20.csv,-1.0,8964.25,8964.25,8962.0,8964.25,2.25
43965,5,30,9021.25,0,2020-05-14,2020-05-14 05:30:00,2020-05-14 05:30:00,NQM20.csv,84,NQM20.csv,-5.0,9023.5,9023.5,45106.25,45117.5,11.25
43965,6,0,9033.0,5,2020-05-14,2020-05-14 06:00:00,2020-05-14 06:00:00,NQM20.csv,876,NQM20.csv,5.0,9030.75,9030.75,45165.0,45153.75,11.25
43965,6,30,9004.0,6,2020-05-14,2020-05-14 06:30:00,2020-05-14 06:30:00,NQM20.csv,263,NQM20.csv,1.0,9001.75,9001.75,9004.0,9001.75,2.25
43965,7,0,9001.5,0,2020-05-14,2020-05-14 07:00:00,2020-05-14 07:00:00,NQM20.csv,158,NQM20.csv,-6.0,9003.75,9003.75,54009.0,54022.5,13.5
43965,7,30,8957.75,11,2020-05-14,2020-05-14 07:30:00,2020-05-14 07:30:00,NQM20.csv,238,NQM20.csv,11.0,8955.5,8955.5,98535.25,98510.5,24.75
43965,7,35,8959.25,9,2020-05-14,2020-05-14 07:35:00,2020-05-14 07:35:00,NQM20.csv,159,NQM20.csv,-2.0,8961.5,8961.5,17918.5,17923.0,4.5
43965,8,0,8934.5,5,2020-05-14,2020-05-14 08:00:00,2020-05-14 08:00:00,NQM20.csv,549,NQM20.csv,-4.0,8936.75,8936.75,35738.0,35747.0,9.0
43965,9,15,8934.75,7,2020-05-14,2020-05-14 09:15:00,2020-05-14 09:15:00,NQM20.csv,493,NQM20.csv,2.0,8932.5,8932.5,17869.5,17865.0,4.5
43965,10,0,8873.25,-1,2020-05-14,2020-05-14 10:00:00,2020-05-14 10:00:00,NQM20.csv,1860,NQM20.csv,-8.0,8875.5,8875.5,70986.0,71004.0,18.0
43965,10,15,8890.25,1,2020-05-14,2020-05-14 10:15:00,2020-05-14 10:15:00,NQM20.csv,1557,NQM20.csv,2.0,8888.0,8888.0,17780.5,17776.0,4.5
43965,10,30,8853.5,4,2020-05-14,2020-05-14 10:30:00,2020-05-14 10:30:00,NQM20.csv,2147,NQM20.csv,3.0,8851.25,8851.25,26560.5,26553.75,6.75
43965,10,45,8892.0,0,2020-05-14,2020-05-14 10:45:00,2020-05-14 10:45:00,NQM20.csv,1241,NQM20.csv,-4.0,8894.25,8894.25,35568.0,35577.0,9.0
43965,11,0,8904.5,5,2020-05-14,2020-05-14 11:00:00,2020-05-14 11:00:00,NQM20.csv,1532,NQM20.csv,5.0,8902.25,8902.25,44522.5,44511.25,11.25
43965,11,30,8927.0,0,2020-05-14,2020-05-14 11:30:00,2020-05-14 11:30:00,NQM20.csv,2078,NQM20.csv,-5.0,8929.25,8929.25,44635.0,44646.25,11.25
43965,11,45,8922.5,-2,2020-05-14,2020-05-14 11:45:00,2020-05-14 11:45:00,NQM20.csv,1019,NQM20.csv,-2.0,8924.75,8924.75,17845.0,17849.5,4.5
43965,12,0,8903.75,-4,2020-05-14,2020-05-14 12:00:00,2020-05-14 12:00:00,NQM20.csv,2514,NQM20.csv,-2.0,8906.0,8906.0,17807.5,17812.0,4.5
43965,12,15,8904.5,3,2020-05-14,2020-05-14 12:15:00,2020-05-14 12:15:00,NQM20.csv,3489,NQM20.csv,7.0,8902.25,8902.25,62331.5,62315.75,15.75
43965,12,30,8931.25,5,2020-05-14,2020-05-14 12:30:00,2020-05-14 12:30:00,NQM20.csv,777,NQM20.csv,2.0,8929.0,8929.0,17862.5,17858.0,4.5
43965,12,45,8931.75,0,2020-05-14,2020-05-14 12:45:00,2020-05-14 12:45:00,NQM20.csv,778,NQM20.csv,-5.0,8934.0,8934.0,44658.75,44670.0,11.25
43965,13,45,8980.75,4,2020-05-14,2020-05-14 13:45:00,2020-05-14 13:45:00,NQM20.csv,396,NQM20.csv,4.0,8978.5,8983.5,35923.0,35934.0,-11.0
43965,14,0,8970.75,9,2020-05-14,2020-05-14 14:00:00,2020-05-14 14:00:00,NQM20.csv,606,NQM20.csv,5.0,8968.5,8968.5,44853.75,44842.5,11.25
43965,14,15,8974.0,5,2020-05-14,2020-05-14 14:15:00,2020-05-14 14:15:00,NQM20.csv,1839,NQM20.csv,-4.0,8976.25,8976.25,35896.0,35905.0,9.0
43965,14,30,8987.25,1,2020-05-14,2020-05-14 14:30:00,2020-05-14 14:30:00,NQM20.csv,488,NQM20.csv,-4.0,8989.5,8958.5,35949.0,35834.0,-115.0
43965,15,0,8985.5,6,2020-05-14,2020-05-14 15:00:00,2020-05-14 15:00:00,NQM20.csv,2018,NQM20.csv,5.0,8983.25,8983.25,44927.5,44916.25,11.25
43965,15,30,9038.0,3,2020-05-14,2020-05-14 15:30:00,2020-05-14 15:30:00,NQM20.csv,1345,NQM20.csv,-3.0,9040.25,9040.25,27114.0,27120.75,6.75
43965,16,0,9086.5,5,2020-05-14,2020-05-14 16:00:00,2020-05-14 16:00:00,NQM20.csv,1628,NQM20.csv,2.0,9084.25,9084.25,18173.0,18168.5,4.5
43966,2,30,9097.0,1,2020-05-15,2020-05-15 02:30:00,2020-05-15 02:30:00,NQM20.csv,106,NQM20.csv,-4.0,9099.25,9093.5,36388.0,36374.0,-14.0
43966,3,30,9119.75,6,2020-05-15,2020-05-15 03:30:00,2020-05-15 03:30:00,NQM20.csv,210,NQM20.csv,5.0,9117.5,9117.5,45598.75,45587.5,11.25
43966,6,0,9110.75,1,2020-05-15,2020-05-15 06:00:00,2020-05-15 06:00:00,NQM20.csv,584,NQM20.csv,-5.0,9113.0,9110.0,45553.75,45550.0,-3.75
43966,6,45,9068.75,-3,2020-05-15,2020-05-15 06:45:00,2020-05-15 06:45:00,NQM20.csv,138,NQM20.csv,-4.0,9071.0,9071.0,36275.0,36284.0,9.0
43966,7,0,9037.0,5,2020-05-15,2020-05-15 07:00:00,2020-05-15 07:00:00,NQM20.csv,441,NQM20.csv,8.0,9034.75,9034.75,72296.0,72278.0,18.0
43966,7,15,9013.0,9,2020-05-15,2020-05-15 07:15:00,2020-05-15 07:15:00,NQM20.csv,218,NQM20.csv,4.0,9010.75,9010.75,36052.0,36043.0,9.0
43966,7,30,9014.25,1,2020-05-15,2020-05-15 07:30:00,2020-05-15 07:30:00,NQM20.csv,206,NQM20.csv,-8.0,9016.5,8998.0,72114.0,71984.0,-130.0
43966,9,15,8948.25,4,2020-05-15,2020-05-15 09:15:00,2020-05-15 09:15:00,NQM20.csv,760,NQM20.csv,3.0,8946.0,8946.0,26844.75,26838.0,6.75
43966,9,45,9002.75,1,2020-05-15,2020-05-15 09:45:00,2020-05-15 09:45:00,NQM20.csv,1547,NQM20.csv,-3.0,9005.0,8991.5,27008.25,26974.5,-33.75
43966,10,0,9019.5,4,2020-05-15,2020-05-15 10:00:00,2020-05-15 10:00:00,NQM20.csv,2009,NQM20.csv,3.0,9017.25,9017.25,27058.5,27051.75,6.75
43966,10,30,9018.75,5,2020-05-15,2020-05-15 10:30:00,2020-05-15 10:30:00,NQM20.csv,1134,NQM20.csv,1.0,9016.5,9016.5,9018.75,9016.5,2.25
43966,10,45,9003.75,3,2020-05-15,2020-05-15 10:45:00,2020-05-15 10:45:00,NQM20.csv,1336,NQM20.csv,-2.0,9006.0,9006.0,18007.5,18012.0,4.5
43966,11,15,8982.0,5,2020-05-15,2020-05-15 11:15:00,2020-05-15 11:15:00,NQM20.csv,678,NQM20.csv,2.0,8979.75,8979.75,17964.0,17959.5,4.5
43966,12,0,8993.0,3,2020-05-15,2020-05-15 12:00:00,2020-05-15 12:00:00,NQM20.csv,1184,NQM20.csv,-2.0,8995.25,8995.25,17986.0,17990.5,4.5
43966,12,30,9044.75,7,2020-05-15,2020-05-15 12:30:00,2020-05-15 12:30:00,NQM20.csv,722,NQM20.csv,4.0,9042.5,9042.5,36179.0,36170.0,9.0
43966,13,0,9058.5,2,2020-05-15,2020-05-15 13:00:00,2020-05-15 13:00:00,NQM20.csv,1633,NQM20.csv,-5.0,9060.75,9060.75,45292.5,45303.75,11.25
43966,13,45,9063.75,0,2020-05-15,2020-05-15 13:45:00,2020-05-15 13:45:00,NQM20.csv,528,NQM20.csv,-2.0,9066.0,9066.0,18127.5,18132.0,4.5
43966,14,0,9079.5,5,2020-05-15,2020-05-15 14:00:00,2020-05-15 14:00:00,NQM20.csv,1305,NQM20.csv,5.0,9077.25,9093.25,45397.5,45466.25,-68.75
43966,14,15,9085.25,7,2020-05-15,2020-05-15 14:15:00,2020-05-15 14:15:00,NQM20.csv,415,NQM20.csv,2.0,9083.0,9100.75,18170.5,18201.5,-31.0
43966,14,30,9111.5,2,2020-05-15,2020-05-15 14:30:00,2020-05-15 14:30:00,NQM20.csv,569,NQM20.csv,-5.0,9113.75,9113.75,45557.5,45568.75,11.25
43966,15,30,9115.25,-2,2020-05-15,2020-05-15 15:30:00,2020-05-15 15:30:00,NQM20.csv,602,NQM20.csv,-4.0,9117.5,9117.5,36461.0,36470.0,9.0
43966,15,45,9106.25,4,2020-05-15,2020-05-15 15:45:00,2020-05-15 15:45:00,NQM20.csv,1055,NQM20.csv,6.0,9104.0,9104.0,54637.5,54624.0,13.5
43966,16,0,9143.75,1,2020-05-15,2020-05-15 16:00:00,2020-05-15 16:00:00,NQM20.csv,2851,NQM20.csv,-3.0,9146.0,9146.0,27431.25,27438.0,6.75
43966,16,15,9096.75,0,2020-05-15,2020-05-15 16:15:00,2020-05-15 16:15:00,NQM20.csv,1909,NQM20.csv,-1.0,9099.0,9101.0,9096.75,9101.0,4.25
43969,2,30,9198.0,5,2020-05-18,2020-05-18 02:30:00,2020-05-18 02:30:00,NQM20.csv,456,NQM20.csv,5.0,9195.75,9204.0,45990.0,46020.0,-30.0
43969,4,30,9228.5,0,2020-05-18,2020-05-18 04:30:00,2020-05-18 04:30:00,NQM20.csv,204,NQM20.csv,-5.0,9230.75,9230.75,46142.5,46153.75,11.25
43969,5,30,9201.0,3,2020-05-18,2020-05-18 05:30:00,2020-05-18 05:30:00,NQM20.csv,221,NQM20.csv,3.0,9198.75,9198.75,27603.0,27596.25,6.75
43969,6,0,9208.25,-2,2020-05-18,2020-05-18 06:00:00,2020-05-18 06:00:00,NQM20.csv,132,NQM20.csv,-5.0,9210.5,9210.5,46041.25,46052.5,11.25
43969,6,15,9215.0,-7,2020-05-18,2020-05-18 06:15:00,2020-05-18 06:15:00,NQM20.csv,30,NQM20.csv,-5.0,9217.25,9202.75,46075.0,46013.75,-61.25
43969,6,30,9203.5,0,2020-05-18,2020-05-18 06:30:00,2020-05-18 06:30:00,NQM20.csv,107,NQM20.csv,7.0,9201.25,9201.25,64424.5,64408.75,15.75
43969,6,45,9215.5,5,2020-05-18,2020-05-18 06:45:00,2020-05-18 06:45:00,NQM20.csv,127,NQM20.csv,5.0,9213.25,9213.25,46077.5,46066.25,11.25
43969,7,0,9226.0,-11,2020-05-18,2020-05-18 07:00:00,2020-05-18 07:00:00,NQM20.csv,199,NQM20.csv,-16.0,9228.25,9221.75,147616.0,147548.0,-68.0
43969,7,30,9225.5,-2,2020-05-18,2020-05-18 07:30:00,2020-05-18 07:30:00,NQM20.csv,712,NQM20.csv,9.0,9223.25,9223.25,83029.5,83009.25,20.25
43969,8,0,9278.0,0,2020-05-18,2020-05-18 08:00:00,2020-05-18 08:00:00,NQM20.csv,844,NQM20.csv,2.0,9275.75,9275.75,18556.0,18551.5,4.5
43969,9,15,9278.5,-4,2020-05-18,2020-05-18 09:15:00,2020-05-18 09:15:00,NQM20.csv,291,NQM20.csv,-4.0,9280.75,9280.75,37114.0,37123.0,9.0
43969,9,45,9283.5,-2,2020-05-18,2020-05-18 09:45:00,2020-05-18 09:45:00,NQM20.csv,2124,NQM20.csv,2.0,9281.25,9281.25,18567.0,18562.5,4.5
43969,10,0,9262.75,2,2020-05-18,2020-05-18 10:00:00,2020-05-18 10:00:00,NQM20.csv,1398,NQM20.csv,4.0,9260.5,9260.5,37051.0,37042.0,9.0
43969,10,15,9265.25,6,2020-05-18,2020-05-18 10:15:00,2020-05-18 10:15:00,NQM20.csv,1082,NQM20.csv,4.0,9263.0,9290.0,37061.0,37160.0,-99.0
43969,10,30,9290.5,10,2020-05-18,2020-05-18 10:30:00,2020-05-18 10:30:00,NQM20.csv,799,NQM20.csv,4.0,9288.25,9298.5,37162.0,37194.0,-32.0
43969,10,45,9323.75,8,2020-05-18,2020-05-18 10:45:00,2020-05-18 10:45:00,NQM20.csv,601,NQM20.csv,-2.0,9326.0,9326.0,18647.5,18652.0,4.5
43969,11,0,9331.5,10,2020-05-18,2020-05-18 11:00:00,2020-05-18 11:00:00,NQM20.csv,808,NQM20.csv,2.0,9329.25,9329.25,18663.0,18658.5,4.5
43969,11,30,9328.25,8,2020-05-18,2020-05-18 11:30:00,2020-05-18 11:30:00,NQM20.csv,773,NQM20.csv,-2.0,9330.5,9330.5,18656.5,18661.0,4.5
43969,12,0,9327.25,7,2020-05-18,2020-05-18 12:00:00,2020-05-18 12:00:00,NQM20.csv,569,NQM20.csv,-1.0,9329.5,9329.5,9327.25,9329.5,2.25
43969,12,30,9327.25,3,2020-05-18,2020-05-18 12:30:00,2020-05-18 12:30:00,NQM20.csv,297,NQM20.csv,-4.0,9329.5,9322.75,37309.0,37291.0,-18.0
43969,12,45,9312.5,6,2020-05-18,2020-05-18 12:45:00,2020-05-18 12:45:00,NQM20.csv,728,NQM20.csv,3.0,9310.25,9310.25,27937.5,27930.75,6.75
43969,13,15,9339.0,3,2020-05-18,2020-05-18 13:15:00,2020-05-18 13:15:00,NQM20.csv,263,NQM20.csv,-3.0,9341.25,9341.25,28017.0,28023.75,6.75
43969,13,45,9340.25,6,2020-05-18,2020-05-18 13:45:00,2020-05-18 13:45:00,NQM20.csv,230,NQM20.csv,3.0,9338.0,9338.0,28020.75,28014.0,6.75
43969,14,0,9345.0,2,2020-05-18,2020-05-18 14:00:00,2020-05-18 14:00:00,NQM20.csv,363,NQM20.csv,-4.0,9347.25,9347.25,37380.0,37389.0,9.0
43969,14,15,9341.25,-1,2020-05-18,2020-05-18 14:15:00,2020-05-18 14:15:00,NQM20.csv,161,NQM20.csv,-3.0,9343.5,9343.5,28023.75,28030.5,6.75
43969,14,30,9337.5,1,2020-05-18,2020-05-18 14:30:00,2020-05-18 14:30:00,NQM20.csv,449,NQM20.csv,2.0,9335.25,9335.25,18675.0,18670.5,4.5
43969,15,30,9332.0,3,2020-05-18,2020-05-18 15:30:00,2020-05-18 15:30:00,NQM20.csv,1589,NQM20.csv,2.0,9329.75,9348.5,18664.0,18697.0,-33.0
43969,16,0,9315.75,0,2020-05-18,2020-05-18 16:00:00,2020-05-18 16:00:00,NQM20.csv,2100,NQM20.csv,-3.0,9318.0,9318.0,27947.25,27954.0,6.75
43970,2,30,9365.75,2,2020-05-19,2020-05-19 02:30:00,2020-05-19 02:30:00,NQM20.csv,102,NQM20.csv,2.0,9363.5,9363.5,18731.5,18727.0,4.5
43970,3,30,9364.5,5,2020-05-19,2020-05-19 03:30:00,2020-05-19 03:30:00,NQM20.csv,477,NQM20.csv,3.0,9362.25,9362.25,28093.5,28086.75,6.75
43970,5,30,9319.0,2,2020-05-19,2020-05-19 05:30:00,2020-05-19 05:30:00,NQM20.csv,210,NQM20.csv,-3.0,9321.25,9321.25,27957.0,27963.75,6.75
43970,6,0,9316.0,4,2020-05-19,2020-05-19 06:00:00,2020-05-19 06:00:00,NQM20.csv,394,NQM20.csv,2.0,9313.75,9313.75,18632.0,18627.5,4.5
43970,6,15,9301.5,5,2020-05-19,2020-05-19 06:15:00,2020-05-19 06:15:00,NQM20.csv,70,NQM20.csv,1.0,9299.25,9299.25,9301.5,9299.25,2.25
43970,6,30,9301.75,3,2020-05-19,2020-05-19 06:30:00,2020-05-19 06:30:00,NQM20.csv,130,NQM20.csv,-2.0,9304.0,9304.0,18603.5,18608.0,4.5
43970,6,45,9319.0,2,2020-05-19,2020-05-19 06:45:00,2020-05-19 06:45:00,NQM20.csv,84,NQM20.csv,-1.0,9321.25,9321.25,9319.0,9321.25,2.25
43970,7,15,9326.5,6,2020-05-19,2020-05-19 07:15:00,2020-05-19 07:15:00,NQM20.csv,86,NQM20.csv,4.0,9324.25,9337.0,37306.0,37348.0,-42.0
43970,7,45,9347.0,-8,2020-05-19,2020-05-19 07:45:00,2020-05-19 07:45:00,NQM20.csv,184,NQM20.csv,-14.0,9349.25,9349.25,130858.0,130889.5,31.5
43970,8,15,9322.0,2,2020-05-19,2020-05-19 08:15:00,2020-05-19 08:15:00,NQM20.csv,210,NQM20.csv,10.0,9319.75,9319.75,93220.0,93197.5,22.5
43970,9,15,9335.75,-2,2020-05-19,2020-05-19 09:15:00,2020-05-19 09:15:00,NQM20.csv,238,NQM20.csv,-4.0,9338.0,9338.0,37343.0,37352.0,9.0
43970,9,45,9353.5,0,2020-05-19,2020-05-19 09:45:00,2020-05-19 09:45:00,NQM20.csv,988,NQM20.csv,2.0,9351.25,9351.25,18707.0,18702.5,4.5
43970,10,0,9369.5,3,2020-05-19,2020-05-19 10:00:00,2020-05-19 10:00:00,NQM20.csv,912,NQM20.csv,3.0,9367.25,9384.25,28108.5,28152.75,-44.25
43970,10,15,9393.5,5,2020-05-19,2020-05-19 10:15:00,2020-05-19 10:15:00,NQM20.csv,930,NQM20.csv,2.0,9391.25,9391.25,18787.0,18782.5,4.5
43970,10,30,9382.5,10,2020-05-19,2020-05-19 10:30:00,2020-05-19 10:30:00,NQM20.csv,1230,NQM20.csv,5.0,9380.25,9380.25,46912.5,46901.25,11.25
43970,10,45,9368.0,11,2020-05-19,2020-05-19 10:45:00,2020-05-19 10:45:00,NQM20.csv,1067,NQM20.csv,1.0,9365.75,9388.75,9368.0,9388.75,-20.75
43970,11,0,9393.0,5,2020-05-19,2020-05-19 11:00:00,2020-05-19 11:00:00,NQM20.csv,652,NQM20.csv,-6.0,9395.25,9395.25,56358.0,56371.5,13.5
43970,11,15,9389.25,4,2020-05-19,2020-05-19 11:15:00,2020-05-19 11:15:00,NQM20.csv,1436,NQM20.csv,-1.0,9391.5,9391.5,9389.25,9391.5,2.25
43970,11,30,9399.75,10,2020-05-19,2020-05-19 11:30:00,2020-05-19 11:30:00,NQM20.csv,597,NQM20.csv,6.0,9397.5,9397.5,56398.5,56385.0,13.5
43970,12,0,9390.5,8,2020-05-19,2020-05-19 12:00:00,2020-05-19 12:00:00,NQM20.csv,488,NQM20.csv,-2.0,9392.75,9392.75,18781.0,18785.5,4.5
43970,12,30,9380.5,3,2020-05-19,2020-05-19 12:30:00,2020-05-19 12:30:00,NQM20.csv,403,NQM20.csv,-5.0,9382.75,9382.75,46902.5,46913.75,11.25
43970,14,0,9403.25,0,2020-05-19,2020-05-19 14:00:00,2020-05-19 14:00:00,NQM20.csv,385,NQM20.csv,-3.0,9405.5,9405.5,28209.75,28216.5,6.75
43970,15,30,9375.5,2,2020-05-19,2020-05-19 15:30:00,2020-05-19 15:30:00,NQM20.csv,1491,NQM20.csv,2.0,9373.25,9373.25,18751.0,18746.5,4.5
43970,15,45,9346.5,4,2020-05-19,2020-05-19 15:45:00,2020-05-19 15:45:00,NQM20.csv,1523,NQM20.csv,2.0,9344.25,9344.25,18693.0,18688.5,4.5
43970,16,0,9292.75,2,2020-05-19,2020-05-19 16:00:00,2020-05-19 16:00:00,NQM20.csv,1631,NQM20.csv,-2.0,9295.0,9295.0,18585.5,18590.0,4.5
43971,2,30,9326.5,6,2020-05-20,2020-05-20 02:30:00,2020-05-20 02:30:00,NQM20.csv,159,NQM20.csv,4.0,9324.25,9334.5,37306.0,37338.0,-32.0
43971,9,15,9405.25,2,2020-05-20,2020-05-20 09:15:00,2020-05-20 09:15:00,NQM20.csv,284,NQM20.csv,-4.0,9407.5,9407.5,37621.0,37630.0,9.0
43971,9,45,9440.75,6,2020-05-20,2020-05-20 09:45:00,2020-05-20 09:45:00,NQM20.csv,1234,NQM20.csv,4.0,9438.5,9438.5,37763.0,37754.0,9.0
43971,10,0,9463.0,8,2020-05-20,2020-05-20 10:00:00,2020-05-20 10:00:00,NQM20.csv,1620,NQM20.csv,2.0,9460.75,9460.75,18926.0,18921.5,4.5
43971,10,30,9456.25,9,2020-05-20,2020-05-20 10:30:00,2020-05-20 10:30:00,NQM20.csv,713,NQM20.csv,1.0,9454.0,9454.0,9456.25,9454.0,2.25
43971,12,0,9491.25,8,2020-05-20,2020-05-20 12:00:00,2020-05-20 12:00:00,NQM20.csv,1085,NQM20.csv,-1.0,9493.5,9493.5,9491.25,9493.5,2.25
43971,12,30,9463.75,7,2020-05-20,2020-05-20 12:30:00,2020-05-20 12:30:00,NQM20.csv,570,NQM20.csv,-1.0,9466.0,9466.0,9463.75,9466.0,2.25
43971,12,45,9441.0,8,2020-05-20,2020-05-20 12:45:00,2020-05-20 12:45:00,NQM20.csv,1329,NQM20.csv,1.0,9438.75,9438.75,9441.0,9438.75,2.25
43971,13,15,9458.0,7,2020-05-20,2020-05-20 13:15:00,2020-05-20 13:15:00,NQM20.csv,451,NQM20.csv,-1.0,9460.25,9450.5,9458.0,9450.5,-7.5
43971,14,0,9457.75,5,2020-05-20,2020-05-20 14:00:00,2020-05-20 14:00:00,NQM20.csv,626,NQM20.csv,-2.0,9460.0,9460.0,18915.5,18920.0,4.5
43971,14,30,9442.0,7,2020-05-20,2020-05-20 14:30:00,2020-05-20 14:30:00,NQM20.csv,735,NQM20.csv,2.0,9439.75,9439.75,18884.0,18879.5,4.5
43971,16,0,9481.5,6,2020-05-20,2020-05-20 16:00:00,2020-05-20 16:00:00,NQM20.csv,1381,NQM20.csv,-1.0,9483.75,9483.75,9481.5,9483.75,2.25
43972,4,30,9419.0,3,2020-05-21,2020-05-21 04:30:00,2020-05-21 04:30:00,NQM20.csv,167,NQM20.csv,-3.0,9421.25,9421.25,28257.0,28263.75,6.75
43972,6,30,9436.0,-2,2020-05-21,2020-05-21 06:30:00,2020-05-21 06:30:00,NQM20.csv,126,NQM20.csv,-5.0,9438.25,9436.25,47180.0,47181.25,1.25
43972,7,0,9434.0,3,2020-05-21,2020-05-21 07:00:00,2020-05-21 07:00:00,NQM20.csv,154,NQM20.csv,5.0,9431.75,9442.5,47170.0,47212.5,-42.5
43972,9,15,9474.25,1,2020-05-21,2020-05-21 09:15:00,2020-05-21 09:15:00,NQM20.csv,148,NQM20.csv,-2.0,9476.5,9476.5,18948.5,18953.0,4.5
43972,9,45,9507.5,3,2020-05-21,2020-05-21 09:45:00,2020-05-21 09:45:00,NQM20.csv,1326,NQM20.csv,2.0,9505.25,9505.25,19015.0,19010.5,4.5
43972,10,30,9444.0,5,2020-05-21,2020-05-21 10:30:00,2020-05-21 10:30:00,NQM20.csv,2391,NQM20.csv,2.0,9441.75,9441.75,18888.0,18883.5,4.5
43972,11,15,9395.25,9,2020-05-21,2020-05-21 11:15:00,2020-05-21 11:15:00,NQM20.csv,810,NQM20.csv,4.0,9393.0,9393.0,37581.0,37572.0,9.0
43972,11,45,9408.5,5,2020-05-21,2020-05-21 11:45:00,2020-05-21 11:45:00,NQM20.csv,840,NQM20.csv,-4.0,9410.75,9410.75,37634.0,37643.0,9.0
43972,12,15,9432.25,0,2020-05-21,2020-05-21 12:15:00,2020-05-21 12:15:00,NQM20.csv,552,NQM20.csv,-5.0,9434.5,9424.25,47161.25,47121.25,-40.0
43972,12,30,9418.25,-2,2020-05-21,2020-05-21 12:30:00,2020-05-21 12:30:00,NQM20.csv,1491,NQM20.csv,-2.0,9420.5,9409.25,18836.5,18818.5,-18.0
43972,12,45,9408.75,8,2020-05-21,2020-05-21 12:45:00,2020-05-21 12:45:00,NQM20.csv,665,NQM20.csv,10.0,9406.5,9406.5,94087.5,94065.0,22.5
43972,13,15,9413.5,3,2020-05-21,2020-05-21 13:15:00,2020-05-21 13:15:00,NQM20.csv,498,NQM20.csv,-5.0,9415.75,9415.75,47067.5,47078.75,11.25
43972,14,15,9418.0,-2,2020-05-21,2020-05-21 14:15:00,2020-05-21 14:15:00,NQM20.csv,583,NQM20.csv,-5.0,9420.25,9420.25,47090.0,47101.25,11.25
43972,14,30,9417.25,0,2020-05-21,2020-05-21 14:30:00,2020-05-21 14:30:00,NQM20.csv,591,NQM20.csv,2.0,9415.0,9415.0,18834.5,18830.0,4.5
43972,14,45,9387.75,5,2020-05-21,2020-05-21 14:45:00,2020-05-21 14:45:00,NQM20.csv,736,NQM20.csv,5.0,9385.5,9385.5,46938.75,46927.5,11.25
43972,15,30,9398.5,11,2020-05-21,2020-05-21 15:30:00,2020-05-21 15:30:00,NQM20.csv,1184,NQM20.csv,6.0,9396.25,9396.25,56391.0,56377.5,13.5
43972,15,45,9402.0,10,2020-05-21,2020-05-21 15:45:00,2020-05-21 15:45:00,NQM20.csv,764,NQM20.csv,-1.0,9404.25,9404.25,9402.0,9404.25,2.25
43972,16,0,9377.75,3,2020-05-21,2020-05-21 16:00:00,2020-05-21 16:00:00,NQM20.csv,1114,NQM20.csv,-7.0,9380.0,9380.0,65644.25,65660.0,15.75
43973,2,30,9302.5,2,2020-05-22,2020-05-22 02:30:00,2020-05-22 02:30:00,NQM20.csv,227,NQM20.csv,-1.0,9304.75,9286.75,9302.5,9286.75,-15.75
43973,4,30,9265.25,7,2020-05-22,2020-05-22 04:30:00,2020-05-22 04:30:00,NQM20.csv,328,NQM20.csv,5.0,9263.0,9288.5,46326.25,46442.5,-116.25
43973,6,0,9289.25,10,2020-05-22,2020-05-22 06:00:00,2020-05-22 06:00:00,NQM20.csv,112,NQM20.csv,3.0,9287.0,9295.0,27867.75,27885.0,-17.25
43973,6,30,9304.5,-1,2020-05-22,2020-05-22 06:30:00,2020-05-22 06:30:00,NQM20.csv,151,NQM20.csv,-11.0,9306.75,9306.75,102349.5,102374.25,24.75
43973,7,0,9308.75,7,2020-05-22,2020-05-22 07:00:00,2020-05-22 07:00:00,NQM20.csv,167,NQM20.csv,8.0,9306.5,9319.25,74470.0,74554.0,-84.0
43973,9,15,9358.25,4,2020-05-22,2020-05-22 09:15:00,2020-05-22 09:15:00,NQM20.csv,154,NQM20.csv,-3.0,9360.5,9352.5,28074.75,28057.5,-17.25
43973,10,0,9394.5,8,2020-05-22,2020-05-22 10:00:00,2020-05-22 10:00:00,NQM20.csv,1317,NQM20.csv,4.0,9392.25,9392.25,37578.0,37569.0,9.0
43973,10,15,9348.5,11,2020-05-22,2020-05-22 10:15:00,2020-05-22 10:15:00,NQM20.csv,1092,NQM20.csv,3.0,9346.25,9346.25,28045.5,28038.75,6.75
43973,10,35,9371.0,10,2020-05-22,2020-05-22 10:35:00,2020-05-22 10:35:00,NQM20.csv,503,NQM20.csv,-1.0,9373.25,9373.25,9371.0,9373.25,2.25
43973,11,0,9347.0,9,2020-05-22,2020-05-22 11:00:00,2020-05-22 11:00:00,NQM20.csv,737,NQM20.csv,-1.0,9349.25,9349.25,9347.0,9349.25,2.25
43973,11,30,9348.5,10,2020-05-22,2020-05-22 11:30:00,2020-05-22 11:30:00,NQM20.csv,421,NQM20.csv,1.0,9346.25,9346.25,9348.5,9346.25,2.25
43973,12,0,9364.75,8,2020-05-22,2020-05-22 12:00:00,2020-05-22 12:00:00,NQM20.csv,284,NQM20.csv,-2.0,9367.0,9367.0,18729.5,18734.0,4.5
43973,12,15,9359.25,11,2020-05-22,2020-05-22 12:15:00,2020-05-22 12:15:00,NQM20.csv,301,NQM20.csv,3.0,9357.0,9357.0,28077.75,28071.0,6.75
43973,12,45,9390.75,9,2020-05-22,2020-05-22 12:45:00,2020-05-22 12:45:00,NQM20.csv,384,NQM20.csv,-2.0,9393.0,9393.0,18781.5,18786.0,4.5
43973,13,0,9380.75,11,2020-05-22,2020-05-22 13:00:00,2020-05-22 13:00:00,NQM20.csv,841,NQM20.csv,2.0,9378.5,9396.5,18761.5,18793.0,-31.5
43973,13,30,9402.25,9,2020-05-22,2020-05-22 13:30:00,2020-05-22 13:30:00,NQM20.csv,202,NQM20.csv,-2.0,9404.5,9404.5,18804.5,18809.0,4.5
43973,14,0,9398.5,5,2020-05-22,2020-05-22 14:00:00,2020-05-22 14:00:00,NQM20.csv,401,NQM20.csv,-4.0,9400.75,9400.75,37594.0,37603.0,9.0
43973,14,30,9406.0,6,2020-05-22,2020-05-22 14:30:00,2020-05-22 14:30:00,NQM20.csv,229,NQM20.csv,1.0,9403.75,9413.0,9406.0,9413.0,-7.0
43973,15,0,9401.75,5,2020-05-22,2020-05-22 15:00:00,2020-05-22 15:00:00,NQM20.csv,689,NQM20.csv,-1.0,9404.0,9403.5,9401.75,9403.5,1.75
43973,15,30,9385.5,10,2020-05-22,2020-05-22 15:30:00,2020-05-22 15:30:00,NQM20.csv,531,NQM20.csv,5.0,9383.25,9383.25,46927.5,46916.25,11.25
43973,15,45,9393.5,6,2020-05-22,2020-05-22 15:45:00,2020-05-22 15:45:00,NQM20.csv,771,NQM20.csv,-4.0,9395.75,9395.75,37574.0,37583.0,9.0
43973,16,0,9408.25,7,2020-05-22,2020-05-22 16:00:00,2020-05-22 16:00:00,NQM20.csv,1390,NQM20.csv,1.0,9406.0,9406.0,9408.25,9406.0,2.25
43973,16,15,9407.25,0,2020-05-22,2020-05-22 16:15:00,2020-05-22 16:15:00,NQM20.csv,500,NQM20.csv,-7.0,9409.5,9406.75,65850.75,65847.25,-3.5
43976,2,30,9468.0,4,2020-05-25,2020-05-25 02:30:00,2020-05-25 02:30:00,NQM20.csv,27,NQM20.csv,4.0,9465.75,9468.75,37872.0,37875.0,-3.0
43976,3,30,9453.0,9,2020-05-25,2020-05-25 03:30:00,2020-05-25 03:30:00,NQM20.csv,83,NQM20.csv,5.0,9450.75,9450.75,47265.0,47253.75,11.25
43976,5,30,9496.75,4,2020-05-25,2020-05-25 05:30:00,2020-05-25 05:30:00,NQM20.csv,66,NQM20.csv,-5.0,9499.0,9497.25,47483.75,47486.25,2.5
43976,9,15,9516.25,-1,2020-05-25,2020-05-25 09:15:00,2020-05-25 09:15:00,NQM20.csv,75,NQM20.csv,-5.0,9518.5,9515.75,47581.25,47578.75,-2.5
43976,9,45,9517.0,1,2020-05-25,2020-05-25 09:45:00,2020-05-25 09:45:00,NQM20.csv,200,NQM20.csv,2.0,9514.75,9524.75,19034.0,19049.5,-15.5
43976,10,0,9524.0,6,2020-05-25,2020-05-25 10:00:00,2020-05-25 10:00:00,NQM20.csv,185,NQM20.csv,5.0,9521.75,9521.75,47620.0,47608.75,11.25
43976,10,15,9524.75,9,2020-05-25,2020-05-25 10:15:00,2020-05-25 10:15:00,NQM20.csv,136,NQM20.csv,3.0,9522.5,9522.5,28574.25,28567.5,6.75
43976,10,30,9523.25,11,2020-05-25,2020-05-25 10:30:00,2020-05-25 10:30:00,NQM20.csv,89,NQM20.csv,2.0,9521.0,9525.25,19046.5,19050.5,-4.0
43976,12,30,9528.0,9,2020-05-25,2020-05-25 12:30:00,2020-05-25 12:30:00,NQM20.csv,279,NQM20.csv,-2.0,9530.25,9530.25,19056.0,19060.5,4.5
43976,14,0,9530.5,4,2020-05-25,2020-05-25 14:00:00,2020-05-25 14:00:00,NQM20.csv,64,NQM20.csv,-5.0,9532.75,9530.25,47652.5,47651.25,-1.25
43977,2,30,9598.25,0,2020-05-26,2020-05-26 02:30:00,2020-05-26 02:30:00,NQM20.csv,87,NQM20.csv,-4.0,9600.5,9600.5,38393.0,38402.0,9.0
43977,3,30,9574.0,3,2020-05-26,2020-05-26 03:30:00,2020-05-26 03:30:00,NQM20.csv,272,NQM20.csv,3.0,9571.75,9571.75,28722.0,28715.25,6.75
43977,5,30,9590.0,2,2020-05-26,2020-05-26 05:30:00,2020-05-26 05:30:00,NQM20.csv,99,NQM20.csv,-1.0,9592.25,9588.25,9590.0,9588.25,-1.75
43977,6,0,9581.25,3,2020-05-26,2020-05-26 06:00:00,2020-05-26 06:00:00,NQM20.csv,98,NQM20.csv,1.0,9579.0,9579.0,9581.25,9579.0,2.25
43977,7,0,9570.0,7,2020-05-26,2020-05-26 07:00:00,2020-05-26 07:00:00,NQM20.csv,546,NQM20.csv,4.0,9567.75,9567.75,38280.0,38271.0,9.0
43977,7,30,9559.5,3,2020-05-26,2020-05-26 07:30:00,2020-05-26 07:30:00,NQM20.csv,221,NQM20.csv,-4.0,9561.75,9554.75,38238.0,38219.0,-19.0
43977,8,0,9554.0,0,2020-05-26,2020-05-26 08:00:00,2020-05-26 08:00:00,NQM20.csv,228,NQM20.csv,-3.0,9556.25,9556.25,28662.0,28668.75,6.75
43977,9,15,9558.75,-3,2020-05-26,2020-05-26 09:15:00,2020-05-26 09:15:00,NQM20.csv,266,NQM20.csv,-3.0,9561.0,9561.0,28676.25,28683.0,6.75
43977,10,15,9512.0,3,2020-05-26,2020-05-26 10:15:00,2020-05-26 10:15:00,NQM20.csv,470,NQM20.csv,6.0,9509.75,9509.75,57072.0,57058.5,13.5
43977,10,30,9523.0,5,2020-05-26,2020-05-26 10:30:00,2020-05-26 10:30:00,NQM20.csv,1008,NQM20.csv,2.0,9520.75,9520.75,19046.0,19041.5,4.5
43977,10,45,9484.25,2,2020-05-26,2020-05-26 10:45:00,2020-05-26 10:45:00,NQM20.csv,1158,NQM20.csv,-3.0,9486.5,9486.5,28452.75,28459.5,6.75
43977,11,30,9463.5,3,2020-05-26,2020-05-26 11:30:00,2020-05-26 11:30:00,NQM20.csv,887,NQM20.csv,1.0,9461.25,9461.25,9463.5,9461.25,2.25
43977,12,0,9445.0,2,2020-05-26,2020-05-26 12:00:00,2020-05-26 12:00:00,NQM20.csv,598,NQM20.csv,-1.0,9447.25,9447.25,9445.0,9447.25,2.25
43977,12,30,9452.75,0,2020-05-26,2020-05-26 12:30:00,2020-05-26 12:30:00,NQM20.csv,529,NQM20.csv,-2.0,9455.0,9455.0,18905.5,18910.0,4.5
43977,14,30,9458.0,2,2020-05-26,2020-05-26 14:30:00,2020-05-26 14:30:00,NQM20.csv,294,NQM20.csv,2.0,9455.75,9455.75,18916.0,18911.5,4.5
43977,15,0,9447.75,4,2020-05-26,2020-05-26 15:00:00,2020-05-26 15:00:00,NQM20.csv,315,NQM20.csv,2.0,9445.5,9445.5,18895.5,18891.0,4.5
43977,15,30,9424.25,10,2020-05-26,2020-05-26 15:30:00,2020-05-26 15:30:00,NQM20.csv,783,NQM20.csv,6.0,9422.0,9422.0,56545.5,56532.0,13.5
43977,16,0,9394.5,0,2020-05-26,2020-05-26 16:00:00,2020-05-26 16:00:00,NQM20.csv,1588,NQM20.csv,-10.0,9396.75,9396.75,93945.0,93967.5,22.5
43978,2,30,9462.0,6,2020-05-27,2020-05-27 02:30:00,2020-05-27 02:30:00,NQM20.csv,68,NQM20.csv,6.0,9459.75,9459.75,56772.0,56758.5,13.5
43978,6,0,9503.75,-2,2020-05-27,2020-05-27 06:00:00,2020-05-27 06:00:00,NQM20.csv,118,NQM20.csv,-8.0,9506.0,9506.0,76030.0,76048.0,18.0
43978,6,15,9485.25,0,2020-05-27,2020-05-27 06:15:00,2020-05-27 06:15:00,NQM20.csv,202,NQM20.csv,2.0,9483.0,9483.0,18970.5,18966.0,4.5
43978,6,45,9474.25,-2,2020-05-27,2020-05-27 06:45:00,2020-05-27 06:45:00,NQM20.csv,154,NQM20.csv,-2.0,9476.5,9476.5,18948.5,18953.0,4.5
43978,7,15,9452.25,-6,2020-05-27,2020-05-27 07:15:00,2020-05-27 07:15:00,NQM20.csv,366,NQM20.csv,-4.0,9454.5,9454.5,37809.0,37818.0,9.0
43978,7,45,9441.75,-2,2020-05-27,2020-05-27 07:45:00,2020-05-27 07:45:00,NQM20.csv,168,NQM20.csv,4.0,9439.5,9444.0,37767.0,37776.0,-9.0
43978,8,0,9441.75,6,2020-05-27,2020-05-27 08:00:00,2020-05-27 08:00:00,NQM20.csv,217,NQM20.csv,8.0,9439.5,9439.5,75534.0,75516.0,18.0
43978,10,0,9288.75,2,2020-05-27,2020-05-27 10:00:00,2020-05-27 10:00:00,NQM20.csv,2327,NQM20.csv,-4.0,9291.0,9291.0,37155.0,37164.0,9.0
43978,10,30,9290.5,8,2020-05-27,2020-05-27 10:30:00,2020-05-27 10:30:00,NQM20.csv,1067,NQM20.csv,6.0,9288.25,9288.25,55743.0,55729.5,13.5
43978,10,45,9222.75,2,2020-05-27,2020-05-27 10:45:00,2020-05-27 10:45:00,NQM20.csv,1422,NQM20.csv,-6.0,9225.0,9192.75,55336.5,55156.5,-180.0
43978,11,15,9222.75,8,2020-05-27,2020-05-27 11:15:00,2020-05-27 11:15:00,NQM20.csv,1200,NQM20.csv,6.0,9220.5,9220.5,55336.5,55323.0,13.5
43978,11,30,9252.25,9,2020-05-27,2020-05-27 11:30:00,2020-05-27 11:30:00,NQM20.csv,853,NQM20.csv,1.0,9250.0,9250.0,9252.25,9250.0,2.25
43978,12,30,9292.75,3,2020-05-27,2020-05-27 12:30:00,2020-05-27 12:30:00,NQM20.csv,674,NQM20.csv,-6.0,9295.0,9295.0,55756.5,55770.0,13.5
43978,13,0,9319.75,-2,2020-05-27,2020-05-27 13:00:00,2020-05-27 13:00:00,NQM20.csv,3986,NQM20.csv,-5.0,9322.0,9322.0,46598.75,46610.0,11.25
43978,13,30,9334.5,3,2020-05-27,2020-05-27 13:30:00,2020-05-27 13:30:00,NQM20.csv,715,NQM20.csv,5.0,9332.25,9332.25,46672.5,46661.25,11.25
43978,14,0,9336.25,7,2020-05-27,2020-05-27 14:00:00,2020-05-27 14:00:00,NQM20.csv,2542,NQM20.csv,4.0,9334.0,9361.0,37345.0,37444.0,-99.0
43978,14,30,9371.75,10,2020-05-27,2020-05-27 14:30:00,2020-05-27 14:30:00,NQM20.csv,1631,NQM20.csv,3.0,9369.5,9369.5,28115.25,28108.5,6.75
43978,15,30,9403.0,11,2020-05-27,2020-05-27 15:30:00,2020-05-27 15:30:00,NQM20.csv,743,NQM20.csv,1.0,9400.75,9400.75,9403.0,9400.75,2.25
43978,15,35,9386.0,10,2020-05-27,2020-05-27 15:35:00,2020-05-27 15:35:00,NQM20.csv,628,NQM20.csv,-1.0,9388.25,9388.25,9386.0,9388.25,2.25
43978,15,45,9420.0,9,2020-05-27,2020-05-27 15:45:00,2020-05-27 15:45:00,NQM20.csv,899,NQM20.csv,-1.0,9422.25,9422.25,9420.0,9422.25,2.25
43978,16,0,9436.25,6,2020-05-27,2020-05-27 16:00:00,2020-05-27 16:00:00,NQM20.csv,823,NQM20.csv,-3.0,9438.5,9432.75,28308.75,28298.25,-10.5
43979,4,30,9404.0,4,2020-05-28,2020-05-28 04:30:00,2020-05-28 04:30:00,NQM20.csv,209,NQM20.csv,-2.0,9406.25,9406.25,18808.0,18812.5,4.5
43979,6,0,9376.25,7,2020-05-28,2020-05-28 06:00:00,2020-05-28 06:00:00,NQM20.csv,253,NQM20.csv,3.0,9374.0,9374.0,28128.75,28122.0,6.75
43979,6,30,9390.0,-5,2020-05-28,2020-05-28 06:30:00,2020-05-28 06:30:00,NQM20.csv,75,NQM20.csv,-12.0,9392.25,9392.25,112680.0,112707.0,27.0
43979,7,0,9408.75,4,2020-05-28,2020-05-28 07:00:00,2020-05-28 07:00:00,NQM20.csv,177,NQM20.csv,9.0,9406.5,9406.5,84678.75,84658.5,20.25
43979,7,15,9397.25,-1,2020-05-28,2020-05-28 07:15:00,2020-05-28 07:15:00,NQM20.csv,159,NQM20.csv,-5.0,9399.5,9399.5,46986.25,46997.5,11.25
43979,7,45,9400.75,4,2020-05-28,2020-05-28 07:45:00,2020-05-28 07:45:00,NQM20.csv,83,NQM20.csv,5.0,9398.5,9398.5,47003.75,46992.5,11.25
43979,9,15,9366.25,6,2020-05-28,2020-05-28 09:15:00,2020-05-28 09:15:00,NQM20.csv,282,NQM20.csv,2.0,9364.0,9364.0,18732.5,18728.0,4.5
43979,9,45,9456.25,2,2020-05-28,2020-05-28 09:45:00,2020-05-28 09:45:00,NQM20.csv,2021,NQM20.csv,-4.0,9458.5,9434.0,37825.0,37736.0,-89.0
43979,10,0,9431.75,7,2020-05-28,2020-05-28 10:00:00,2020-05-28 10:00:00,NQM20.csv,1810,NQM20.csv,5.0,9429.5,9429.5,47158.75,47147.5,11.25
43979,10,15,9468.5,9,2020-05-28,2020-05-28 10:15:00,2020-05-28 10:15:00,NQM20.csv,1643,NQM20.csv,2.0,9466.25,9466.25,18937.0,18932.5,4.5
43979,12,0,9515.75,11,2020-05-28,2020-05-28 12:00:00,2020-05-28 12:00:00,NQM20.csv,1569,NQM20.csv,2.0,9513.5,9513.5,19031.5,19027.0,4.5
43979,12,5,9514.25,10,2020-05-28,2020-05-28 12:05:00,2020-05-28 12:05:00,NQM20.csv,758,NQM20.csv,-1.0,9516.5,9516.5,9514.25,9516.5,2.25
43979,12,30,9517.0,6,2020-05-28,2020-05-28 12:30:00,2020-05-28 12:30:00,NQM20.csv,584,NQM20.csv,-4.0,9519.25,9519.25,38068.0,38077.0,9.0
43979,13,0,9544.25,1,2020-05-28,2020-05-28 13:00:00,2020-05-28 13:00:00,NQM20.csv,467,NQM20.csv,-5.0,9546.5,9546.5,47721.25,47732.5,11.25
43979,13,30,9558.75,6,2020-05-28,2020-05-28 13:30:00,2020-05-28 13:30:00,NQM20.csv,264,NQM20.csv,5.0,9556.5,9556.5,47793.75,47782.5,11.25
43979,14,0,9541.25,7,2020-05-28,2020-05-28 14:00:00,2020-05-28 14:00:00,NQM20.csv,884,NQM20.csv,1.0,9539.0,9539.0,9541.25,9539.0,2.25
43979,14,15,9528.5,9,2020-05-28,2020-05-28 14:15:00,2020-05-28 14:15:00,NQM20.csv,621,NQM20.csv,2.0,9526.25,9540.75,19057.0,19081.5,-24.5
43979,14,45,9509.25,7,2020-05-28,2020-05-28 14:45:00,2020-05-28 14:45:00,NQM20.csv,574,NQM20.csv,-2.0,9511.5,9511.5,19018.5,19023.0,4.5
43979,15,0,9522.25,3,2020-05-28,2020-05-28 15:00:00,2020-05-28 15:00:00,NQM20.csv,730,NQM20.csv,-4.0,9524.5,9524.5,38089.0,38098.0,9.0
43979,15,30,9464.0,8,2020-05-28,2020-05-28 15:30:00,2020-05-28 15:30:00,NQM20.csv,1428,NQM20.csv,5.0,9461.75,9461.75,47320.0,47308.75,11.25
43979,16,0,9418.75,4,2020-05-28,2020-05-28 16:00:00,2020-05-28 16:00:00,NQM20.csv,2153,NQM20.csv,-4.0,9421.0,9421.0,37675.0,37684.0,9.0
43980,2,30,9434.0,2,2020-05-29,2020-05-29 02:30:00,2020-05-29 02:30:00,NQM20.csv,83,NQM20.csv,-2.0,9436.25,9413.25,18868.0,18826.5,-41.5
43980,6,0,9428.25,-3,2020-05-29,2020-05-29 06:00:00,2020-05-29 06:00:00,NQM20.csv,114,NQM20.csv,-5.0,9430.5,9430.5,47141.25,47152.5,11.25
43980,6,15,9432.75,-7,2020-05-29,2020-05-29 06:15:00,2020-05-29 06:15:00,NQM20.csv,124,NQM20.csv,-4.0,9435.0,9435.0,37731.0,37740.0,9.0
43980,6,45,9432.25,-3,2020-05-29,2020-05-29 06:45:00,2020-05-29 06:45:00,NQM20.csv,183,NQM20.csv,4.0,9430.0,9435.25,37729.0,37741.0,-12.0
43980,8,0,9471.0,2,2020-05-29,2020-05-29 08:00:00,2020-05-29 08:00:00,NQM20.csv,229,NQM20.csv,5.0,9468.75,9468.75,47355.0,47343.75,11.25
43980,9,15,9449.25,-1,2020-05-29,2020-05-29 09:15:00,2020-05-29 09:15:00,NQM20.csv,480,NQM20.csv,-3.0,9451.5,9451.5,28347.75,28354.5,6.75
43980,10,15,9402.75,2,2020-05-29,2020-05-29 10:15:00,2020-05-29 10:15:00,NQM20.csv,1115,NQM20.csv,3.0,9400.5,9400.5,28208.25,28201.5,6.75
43980,10,30,9407.5,-1,2020-05-29,2020-05-29 10:30:00,2020-05-29 10:30:00,NQM20.csv,2222,NQM20.csv,-3.0,9409.75,9409.75,28222.5,28229.25,6.75
43980,11,0,9413.0,5,2020-05-29,2020-05-29 11:00:00,2020-05-29 11:00:00,NQM20.csv,1081,NQM20.csv,6.0,9410.75,9410.75,56478.0,56464.5,13.5
43980,12,0,9447.25,1,2020-05-29,2020-05-29 12:00:00,2020-05-29 12:00:00,NQM20.csv,529,NQM20.csv,-4.0,9449.5,9449.5,37789.0,37798.0,9.0
43980,12,30,9424.5,2,2020-05-29,2020-05-29 12:30:00,2020-05-29 12:30:00,NQM20.csv,589,NQM20.csv,1.0,9422.25,9422.25,9424.5,9422.25,2.25
43980,12,45,9423.25,6,2020-05-29,2020-05-29 12:45:00,2020-05-29 12:45:00,NQM20.csv,667,NQM20.csv,4.0,9421.0,9421.0,37693.0,37684.0,9.0
43980,13,0,9446.5,1,2020-05-29,2020-05-29 13:00:00,2020-05-29 13:00:00,NQM20.csv,1875,NQM20.csv,-5.0,9448.75,9448.75,47232.5,47243.75,11.25
43980,13,15,9452.0,-3,2020-05-29,2020-05-29 13:15:00,2020-05-29 13:15:00,NQM20.csv,949,NQM20.csv,-4.0,9454.25,9454.25,37808.0,37817.0,9.0
43980,13,30,9439.75,2,2020-05-29,2020-05-29 13:30:00,2020-05-29 13:30:00,NQM20.csv,435,NQM20.csv,5.0,9437.5,9437.5,47198.75,47187.5,11.25
43980,14,0,9437.25,4,2020-05-29,2020-05-29 14:00:00,2020-05-29 14:00:00,NQM20.csv,909,NQM20.csv,2.0,9435.0,9435.0,18874.5,18870.0,4.5
43980,14,30,9486.75,6,2020-05-29,2020-05-29 14:30:00,2020-05-29 14:30:00,NQM20.csv,645,NQM20.csv,2.0,9484.5,9484.5,18973.5,18969.0,4.5
43980,15,30,9512.25,9,2020-05-29,2020-05-29 15:30:00,2020-05-29 15:30:00,NQM20.csv,753,NQM20.csv,3.0,9510.0,9510.0,28536.75,28530.0,6.75
43980,16,0,9543.0,2,2020-05-29,2020-05-29 16:00:00,2020-05-29 16:00:00,NQM20.csv,2204,NQM20.csv,-7.0,9545.25,9545.25,66801.0,66816.75,15.75
43980,16,15,9577.0,0,2020-05-29,2020-05-29 16:15:00,2020-05-29 16:15:00,NQM20.csv,700,NQM20.csv,-2.0,9579.25,9577.0,19154.0,19154.0,-0.0
