day,hour,min,price,inventory,date,timestamp,minute,main_contract,main_volume,main_contract_clean,signal,opti_price,filled_price,benchmark_amount,amount,slippage
45293,1,30,2084.4,-1,2024-01-02,2024-01-02 01:30:00,2024-01-02 01:30:00,GCG24.csv,90,GCG24.csv,-1.0,2084.7000000000003,2084.7000000000003,2084.4,2084.7000000000003,0.3000000000001819
45293,3,30,2081.5,0,2024-01-02,2024-01-02 03:30:00,2024-01-02 03:30:00,GCG24.csv,67,GCG24.csv,1.0,2081.2,2081.2,2081.5,2081.2,0.3000000000001819
45293,4,30,2083.7,2,2024-01-02,2024-01-02 04:30:00,2024-01-02 04:30:00,GCG24.csv,55,GCG24.csv,2.0,2083.4,2085.6,4167.4,4171.2,-3.800000000000182
45293,6,0,2085.1,6,2024-01-02,2024-01-02 06:00:00,2024-01-02 06:00:00,GCG24.csv,164,GCG24.csv,4.0,2084.8,2084.8,8340.4,8339.2,1.1999999999989086
45293,8,30,2075.8,4,2024-01-02,2024-01-02 08:30:00,2024-01-02 08:30:00,GCG24.csv,169,GCG24.csv,-2.0,2076.2000000000003,2076.2000000000003,4151.6,4152.400000000001,0.8000000000001819
45293,9,0,2074.9,6,2024-01-02,2024-01-02 09:00:00,2024-01-02 09:00:00,GCG24.csv,208,GCG24.csv,2.0,2074.6,2074.6,4149.8,4149.2,0.6000000000003638
45293,10,30,2073.5,8,2024-01-02,2024-01-02 10:30:00,2024-01-02 10:30:00,GCG24.csv,194,GCG24.csv,2.0,2073.2,2073.2,4147.0,4146.4,0.6000000000003638
45293,11,0,2068.2,6,2024-01-02,2024-01-02 11:00:00,2024-01-02 11:00:00,GCG24.csv,529,GCG24.csv,-2.0,2068.6,2068.6,4136.4,4137.2,0.8000000000001819
45293,12,0,2074.9,8,2024-01-02,2024-01-02 12:00:00,2024-01-02 12:00:00,GCG24.csv,69,GCG24.csv,2.0,2074.6,2075.1,4149.8,4150.2,-0.3999999999996362
45293,14,30,2070.3,6,2024-01-02,2024-01-02 14:30:00,2024-01-02 14:30:00,GCG24.csv,30,GCG24.csv,-2.0,2070.6000000000004,2070.6000000000004,4140.6,4141.200000000001,0.6000000000003638
45294,4,30,2067.0,4,2024-01-03,2024-01-03 04:30:00,2024-01-03 04:30:00,GCG24.csv,88,GCG24.csv,-2.0,2067.3,2066.8,4134.0,4133.6,-0.3999999999996362
45294,6,0,2063.1,3,2024-01-03,2024-01-03 06:00:00,2024-01-03 06:00:00,GCG24.csv,104,GCG24.csv,-1.0,2063.5,2063.5,2063.1,2063.5,0.40000000000009095
45294,8,30,2050.8,5,2024-01-03,2024-01-03 08:30:00,2024-01-03 08:30:00,GCG24.csv,368,GCG24.csv,2.0,2050.4,2050.4,4101.6,4100.8,0.8000000000001819
45294,9,20,2044.4,6,2024-01-03,2024-01-03 09:20:00,2024-01-03 09:20:00,GCG24.csv,331,GCG24.csv,1.0,2044.0,2044.0,2044.4,2044.0,0.40000000000009095
45294,9,40,2042.8,5,2024-01-03,2024-01-03 09:40:00,2024-01-03 09:40:00,GCG24.csv,300,GCG24.csv,-1.0,2043.2,2043.2,2042.8,2043.2,0.40000000000009095
45294,10,10,2052.3,2,2024-01-03,2024-01-03 10:10:00,2024-01-03 10:10:00,GCG24.csv,499,GCG24.csv,-3.0,2052.7000000000003,2047.5,6156.900000000001,6142.5,-14.400000000000546
45294,10,30,2045.4,5,2024-01-03,2024-01-03 10:30:00,2024-01-03 10:30:00,GCG24.csv,277,GCG24.csv,3.0,2045.0,2045.0,6136.200000000001,6135.0,1.2000000000007276
45294,14,0,2043.7,3,2024-01-03,2024-01-03 14:00:00,2024-01-03 14:00:00,GCG24.csv,513,GCG24.csv,-2.0,2044.0,2044.0,4087.4,4088.0,0.599999999999909
45294,16,0,2049.5,5,2024-01-03,2024-01-03 16:00:00,2024-01-03 16:00:00,GCG24.csv,95,GCG24.csv,2.0,2049.2,2049.2,4099.0,4098.4,0.6000000000003638
45295,4,30,2054.3,2,2024-01-04,2024-01-04 04:30:00,2024-01-04 04:30:00,GCG24.csv,107,GCG24.csv,-3.0,2054.7000000000003,2054.7000000000003,6162.900000000001,6164.1,1.199999999999818
45295,6,0,2055.2,3,2024-01-04,2024-01-04 06:00:00,2024-01-04 06:00:00,GCG24.csv,90,GCG24.csv,1.0,2054.9,2054.9,2055.2,2054.9,0.29999999999972715
45295,8,30,2049.7,6,2024-01-04,2024-01-04 08:30:00,2024-01-04 08:30:00,GCG24.csv,717,GCG24.csv,3.0,2049.4,2049.4,6149.099999999999,6148.200000000001,0.8999999999987267
45295,10,30,2054.3,2,2024-01-04,2024-01-04 10:30:00,2024-01-04 10:30:00,GCG24.csv,588,GCG24.csv,-4.0,2054.7000000000003,2054.7000000000003,8217.2,8218.800000000001,1.6000000000003638
45295,10,50,2052.3,4,2024-01-04,2024-01-04 10:50:00,2024-01-04 10:50:00,GCG24.csv,130,GCG24.csv,2.0,2052.0,2052.0,4104.6,4104.0,0.6000000000003638
45295,12,0,2052.1,1,2024-01-04,2024-01-04 12:00:00,2024-01-04 12:00:00,GCG24.csv,87,GCG24.csv,-3.0,2052.5,2051.6,6156.299999999999,6154.799999999999,-1.5
45295,14,0,2050.6,-1,2024-01-04,2024-01-04 14:00:00,2024-01-04 14:00:00,GCG24.csv,97,GCG24.csv,-2.0,2050.9,2050.9,4101.2,4101.8,0.6000000000003638
45295,14,30,2050.3,1,2024-01-04,2024-01-04 14:30:00,2024-01-04 14:30:00,GCG24.csv,21,GCG24.csv,2.0,2050.0,2050.0,4100.6,4100.0,0.6000000000003638
45295,16,0,2051.1,3,2024-01-04,2024-01-04 16:00:00,2024-01-04 16:00:00,GCG24.csv,37,GCG24.csv,2.0,2050.8,2051.5,4102.2,4103.0,-0.8000000000001819
45296,1,30,2049.1,2,2024-01-05,2024-01-05 01:30:00,2024-01-05 01:30:00,GCG24.csv,59,GCG24.csv,-1.0,2049.4,2049.1,2049.1,2049.1,-0.0
45296,3,30,2049.6,3,2024-01-05,2024-01-05 03:30:00,2024-01-05 03:30:00,GCG24.csv,80,GCG24.csv,1.0,2049.3,2049.3,2049.6,2049.3,0.29999999999972715
45296,4,30,2048.9,0,2024-01-05,2024-01-05 04:30:00,2024-01-05 04:30:00,GCG24.csv,30,GCG24.csv,-3.0,2049.2000000000003,2048.8,6146.700000000001,6146.400000000001,-0.3000000000001819
45296,8,30,2042.8,3,2024-01-05,2024-01-05 08:30:00,2024-01-05 08:30:00,GCG24.csv,4457,GCG24.csv,3.0,2042.5,2042.5,6128.4,6127.5,0.8999999999996362
45296,9,0,2047.2,2,2024-01-05,2024-01-05 09:00:00,2024-01-05 09:00:00,GCG24.csv,720,GCG24.csv,-1.0,2047.6,2047.6,2047.2,2047.6,0.3999999999998636
45296,9,10,2048.4,1,2024-01-05,2024-01-05 09:10:00,2024-01-05 09:10:00,GCG24.csv,409,GCG24.csv,-1.0,2048.8,2048.8,2048.4,2048.8,0.40000000000009095
45296,9,20,2049.7,3,2024-01-05,2024-01-05 09:20:00,2024-01-05 09:20:00,GCG24.csv,193,GCG24.csv,2.0,2049.3,2049.3,4099.4,4098.6,0.7999999999992724
45296,9,30,2054.0,4,2024-01-05,2024-01-05 09:30:00,2024-01-05 09:30:00,GCG24.csv,529,GCG24.csv,1.0,2053.6,2053.6,2054.0,2053.6,0.40000000000009095
45296,9,40,2050.0,6,2024-01-05,2024-01-05 09:40:00,2024-01-05 09:40:00,GCG24.csv,436,GCG24.csv,2.0,2049.6,2049.6,4100.0,4099.2,0.8000000000001819
45296,10,0,2060.5,2,2024-01-05,2024-01-05 10:00:00,2024-01-05 10:00:00,GCG24.csv,2968,GCG24.csv,-4.0,2060.9,2060.9,8242.0,8243.6,1.6000000000003638
45296,10,10,2067.6,1,2024-01-05,2024-01-05 10:10:00,2024-01-05 10:10:00,GCG24.csv,1552,GCG24.csv,-1.0,2068.0,2068.0,2067.6,2068.0,0.40000000000009095
45296,10,20,2065.7,3,2024-01-05,2024-01-05 10:20:00,2024-01-05 10:20:00,GCG24.csv,531,GCG24.csv,2.0,2065.3,2065.3,4131.4,4130.6,0.7999999999992724
45296,10,30,2067.3,2,2024-01-05,2024-01-05 10:30:00,2024-01-05 10:30:00,GCG24.csv,391,GCG24.csv,-1.0,2067.7000000000003,2067.7000000000003,2067.3,2067.7000000000003,0.40000000000009095
45296,11,0,2061.8,1,2024-01-05,2024-01-05 11:00:00,2024-01-05 11:00:00,GCG24.csv,321,GCG24.csv,-1.0,2062.2000000000003,2062.2000000000003,2061.8,2062.2000000000003,0.40000000000009095
45296,12,0,2051.9,2,2024-01-05,2024-01-05 12:00:00,2024-01-05 12:00:00,GCG24.csv,281,GCG24.csv,1.0,2051.6,2051.6,2051.9,2051.6,0.3000000000001819
45296,14,0,2055.1,1,2024-01-05,2024-01-05 14:00:00,2024-01-05 14:00:00,GCG24.csv,93,GCG24.csv,-1.0,2055.4,2055.4,2055.1,2055.4,0.3000000000001819
45296,14,30,2054.2,3,2024-01-05,2024-01-05 14:30:00,2024-01-05 14:30:00,GCG24.csv,36,GCG24.csv,2.0,2053.9,2055.0,4108.4,4110.0,-1.6000000000003638
45296,16,0,2051.3,4,2024-01-05,2024-01-05 16:00:00,2024-01-05 16:00:00,GCG24.csv,123,GCG24.csv,1.0,2051.0,2051.6,2051.3,2051.6,-0.29999999999972715
45296,16,30,2051.8,0,2024-01-05,2024-01-05 16:30:00,2024-01-05 16:30:00,GCG24.csv,3,GCG24.csv,-4.0,2052.2000000000003,2051.7,8207.2,8206.8,-0.4000000000014552
45299,1,30,2038.2,-2,2024-01-08,2024-01-08 01:30:00,2024-01-08 01:30:00,GCG24.csv,94,GCG24.csv,-2.0,2038.5,2038.5,4076.4,4077.0,0.599999999999909
45299,3,30,2035.6,0,2024-01-08,2024-01-08 03:30:00,2024-01-08 03:30:00,GCG24.csv,163,GCG24.csv,2.0,2035.3,2035.9,4071.2,4071.8,-0.6000000000003638
45299,4,30,2034.3,-4,2024-01-08,2024-01-08 04:30:00,2024-01-08 04:30:00,GCG24.csv,58,GCG24.csv,-4.0,2034.6,2034.6,8137.2,8138.4,1.199999999999818
45299,6,0,2033.9,-6,2024-01-08,2024-01-08 06:00:00,2024-01-08 06:00:00,GCG24.csv,68,GCG24.csv,-2.0,2034.3,2034.3,4067.8,4068.6,0.7999999999997272
45299,8,30,2028.5,-2,2024-01-08,2024-01-08 08:30:00,2024-01-08 08:30:00,GCG24.csv,389,GCG24.csv,4.0,2028.1,2028.1,8114.0,8112.4,1.6000000000003638
45299,9,0,2025.3,-1,2024-01-08,2024-01-08 09:00:00,2024-01-08 09:00:00,GCG24.csv,467,GCG24.csv,1.0,2024.9,2026.9,2025.3,2026.9,-1.6000000000001364
45299,10,30,2036.9,0,2024-01-08,2024-01-08 10:30:00,2024-01-08 10:30:00,GCG24.csv,566,GCG24.csv,1.0,2036.5,2038.1,2036.9,2038.1,-1.199999999999818
45299,11,0,2041.3,-1,2024-01-08,2024-01-08 11:00:00,2024-01-08 11:00:00,GCG24.csv,700,GCG24.csv,-1.0,2041.6,2041.6,2041.3,2041.6,0.2999999999999545
45299,14,0,2032.8,-3,2024-01-08,2024-01-08 14:00:00,2024-01-08 14:00:00,GCG24.csv,72,GCG24.csv,-2.0,2033.2,2033.2,4065.6,4066.4,0.8000000000001819
45299,14,30,2034.6,-4,2024-01-08,2024-01-08 14:30:00,2024-01-08 14:30:00,GCG24.csv,185,GCG24.csv,-1.0,2034.9,2034.9,2034.6,2034.9,0.3000000000001819
45299,16,0,2033.5,-2,2024-01-08,2024-01-08 16:00:00,2024-01-08 16:00:00,GCG24.csv,67,GCG24.csv,2.0,2033.2,2034.0,4067.0,4068.0,-1.0
45300,1,30,2038.7,-3,2024-01-09,2024-01-09 01:30:00,2024-01-09 01:30:00,GCG24.csv,52,GCG24.csv,-1.0,2039.0,2037.9,2038.7,2037.9,-0.7999999999999545
45300,3,30,2037.6,-2,2024-01-09,2024-01-09 03:30:00,2024-01-09 03:30:00,GCG24.csv,125,GCG24.csv,1.0,2037.3,2039.5,2037.6,2039.5,-1.900000000000091
45300,6,0,2041.5,4,2024-01-09,2024-01-09 06:00:00,2024-01-09 06:00:00,GCG24.csv,89,GCG24.csv,6.0,2041.2,2041.2,12249.0,12247.2,1.7999999999992724
45300,9,0,2045.0,2,2024-01-09,2024-01-09 09:00:00,2024-01-09 09:00:00,GCG24.csv,185,GCG24.csv,-2.0,2045.4,2045.4,4090.0,4090.8,0.8000000000001819
45300,10,30,2040.4,1,2024-01-09,2024-01-09 10:30:00,2024-01-09 10:30:00,GCG24.csv,142,GCG24.csv,-1.0,2040.7,2040.7,2040.4,2040.7,0.2999999999999545
45300,11,0,2034.7,3,2024-01-09,2024-01-09 11:00:00,2024-01-09 11:00:00,GCG24.csv,661,GCG24.csv,2.0,2034.4,2034.4,4069.4,4068.8,0.599999999999909
45300,14,0,2034.8,1,2024-01-09,2024-01-09 14:00:00,2024-01-09 14:00:00,GCG24.csv,61,GCG24.csv,-2.0,2035.1,2035.1,4069.6,4070.2,0.599999999999909
45300,14,30,2034.8,2,2024-01-09,2024-01-09 14:30:00,2024-01-09 14:30:00,GCG24.csv,43,GCG24.csv,1.0,2034.5,2034.5,2034.8,2034.5,0.2999999999999545
45300,16,0,2034.6,4,2024-01-09,2024-01-09 16:00:00,2024-01-09 16:00:00,GCG24.csv,55,GCG24.csv,2.0,2034.3,2035.2,4069.2,4070.4,-1.2000000000002728
45301,1,30,2031.6,0,2024-01-10,2024-01-10 01:30:00,2024-01-10 01:30:00,GCG24.csv,32,GCG24.csv,-4.0,2031.9,2031.1,8126.4,8124.4,-2.0
45301,3,30,2040.2,4,2024-01-10,2024-01-10 03:30:00,2024-01-10 03:30:00,GCG24.csv,246,GCG24.csv,4.0,2039.9,2039.9,8160.8,8159.6,1.199999999999818
45301,6,0,2040.7,1,2024-01-10,2024-01-10 06:00:00,2024-01-10 06:00:00,GCG24.csv,155,GCG24.csv,-3.0,2041.0,2041.0,6122.1,6123.0,0.8999999999996362
45301,9,0,2035.8,0,2024-01-10,2024-01-10 09:00:00,2024-01-10 09:00:00,GCG24.csv,143,GCG24.csv,-1.0,2036.2,2036.2,2035.8,2036.2,0.40000000000009095
45301,9,50,2032.9,1,2024-01-10,2024-01-10 09:50:00,2024-01-10 09:50:00,GCG24.csv,287,GCG24.csv,1.0,2032.5,2032.5,2032.9,2032.5,0.40000000000009095
45301,10,10,2032.1,0,2024-01-10,2024-01-10 10:10:00,2024-01-10 10:10:00,GCG24.csv,205,GCG24.csv,-1.0,2032.5,2032.5,2032.1,2032.5,0.40000000000009095
45301,10,30,2031.5,3,2024-01-10,2024-01-10 10:30:00,2024-01-10 10:30:00,GCG24.csv,278,GCG24.csv,3.0,2031.2,2031.2,6094.5,6093.6,0.8999999999996362
45301,11,0,2033.4,4,2024-01-10,2024-01-10 11:00:00,2024-01-10 11:00:00,GCG24.csv,197,GCG24.csv,1.0,2033.1,2033.1,2033.4,2033.1,0.3000000000001819
45301,12,0,2032.6,1,2024-01-10,2024-01-10 12:00:00,2024-01-10 12:00:00,GCG24.csv,160,GCG24.csv,-3.0,2032.9,2032.9,6097.799999999999,6098.700000000001,0.9000000000014552
45301,14,0,2029.2,0,2024-01-10,2024-01-10 14:00:00,2024-01-10 14:00:00,GCG24.csv,64,GCG24.csv,-1.0,2029.5,2027.3,2029.2,2027.3,-1.900000000000091
45301,14,30,2028.1,-3,2024-01-10,2024-01-10 14:30:00,2024-01-10 14:30:00,GCG24.csv,222,GCG24.csv,-3.0,2028.4,2028.4,6084.299999999999,6085.200000000001,0.9000000000014552
45301,16,0,2029.0,-2,2024-01-10,2024-01-10 16:00:00,2024-01-10 16:00:00,GCG24.csv,106,GCG24.csv,1.0,2028.7,2028.9,2029.0,2028.9,0.09999999999990905
45302,1,30,2038.7,2,2024-01-11,2024-01-11 01:30:00,2024-01-11 01:30:00,GCG24.csv,33,GCG24.csv,4.0,2038.4,2038.4,8154.8,8153.6,1.199999999999818
45302,3,30,2038.0,-2,2024-01-11,2024-01-11 03:30:00,2024-01-11 03:30:00,GCG24.csv,105,GCG24.csv,-4.0,2038.3,2038.3,8152.0,8153.2,1.199999999999818
45302,4,30,2035.4,-5,2024-01-11,2024-01-11 04:30:00,2024-01-11 04:30:00,GCG24.csv,57,GCG24.csv,-3.0,2035.8,2035.8,6106.200000000001,6107.4,1.1999999999989086
45302,6,0,2036.4,-1,2024-01-11,2024-01-11 06:00:00,2024-01-11 06:00:00,GCG24.csv,28,GCG24.csv,4.0,2036.1,2036.1,8145.6,8144.4,1.2000000000007276
45302,8,30,2053.6,2,2024-01-11,2024-01-11 08:30:00,2024-01-11 08:30:00,GCG24.csv,4848,GCG24.csv,3.0,2053.2,2053.2,6160.799999999999,6159.599999999999,1.199999999999818
45302,9,0,2033.5,1,2024-01-11,2024-01-11 09:00:00,2024-01-11 09:00:00,GCG24.csv,423,GCG24.csv,-1.0,2033.9,2033.9,2033.5,2033.9,0.40000000000009095
45302,9,40,2036.4,0,2024-01-11,2024-01-11 09:40:00,2024-01-11 09:40:00,GCG24.csv,565,GCG24.csv,-1.0,2036.7,2036.7,2036.4,2036.7,0.2999999999999545
45302,10,0,2034.0,1,2024-01-11,2024-01-11 10:00:00,2024-01-11 10:00:00,GCG24.csv,577,GCG24.csv,1.0,2033.6,2033.6,2034.0,2033.6,0.40000000000009095
45302,10,30,2035.3,0,2024-01-11,2024-01-11 10:30:00,2024-01-11 10:30:00,GCG24.csv,922,GCG24.csv,-1.0,2035.6,2035.6,2035.3,2035.6,0.2999999999999545
45302,11,0,2033.5,1,2024-01-11,2024-01-11 11:00:00,2024-01-11 11:00:00,GCG24.csv,194,GCG24.csv,1.0,2033.2,2033.2,2033.5,2033.2,0.2999999999999545
45302,12,0,2020.7,6,2024-01-11,2024-01-11 12:00:00,2024-01-11 12:00:00,GCG24.csv,363,GCG24.csv,5.0,2020.3,2022.1,10103.5,10110.5,-7.0
45302,14,0,2021.1,3,2024-01-11,2024-01-11 14:00:00,2024-01-11 14:00:00,GCG24.csv,283,GCG24.csv,-3.0,2021.4,2021.4,6063.299999999999,6064.200000000001,0.9000000000014552
45302,14,30,2028.9,4,2024-01-11,2024-01-11 14:30:00,2024-01-11 14:30:00,GCG24.csv,598,GCG24.csv,1.0,2028.6,2028.6,2028.9,2028.6,0.3000000000001819
45302,16,0,2032.1,7,2024-01-11,2024-01-11 16:00:00,2024-01-11 16:00:00,GCG24.csv,78,GCG24.csv,3.0,2031.8,2031.8,6096.299999999999,6095.4,0.8999999999996362
45303,6,0,2050.7,2,2024-01-12,2024-01-12 06:00:00,2024-01-12 06:00:00,GCG24.csv,450,GCG24.csv,-5.0,2051.0,2051.0,10253.5,10255.0,1.5
45303,8,40,2059.3,0,2024-01-12,2024-01-12 08:40:00,2024-01-12 08:40:00,GCG24.csv,482,GCG24.csv,-2.0,2059.6000000000004,2059.6000000000004,4118.6,4119.200000000001,0.6000000000003638
45303,9,0,2061.2,1,2024-01-12,2024-01-12 09:00:00,2024-01-12 09:00:00,GCG24.csv,484,GCG24.csv,1.0,2060.8,2060.8,2061.2,2060.8,0.3999999999996362
45303,9,20,2060.0,4,2024-01-12,2024-01-12 09:20:00,2024-01-12 09:20:00,GCG24.csv,452,GCG24.csv,3.0,2059.6,2061.8,6180.0,6185.400000000001,-5.400000000000546
45303,10,0,2061.0,5,2024-01-12,2024-01-12 10:00:00,2024-01-12 10:00:00,GCG24.csv,786,GCG24.csv,1.0,2060.6,2060.6,2061.0,2060.6,0.40000000000009095
45303,10,20,2062.6,4,2024-01-12,2024-01-12 10:20:00,2024-01-12 10:20:00,GCG24.csv,208,GCG24.csv,-1.0,2063.0,2063.0,2062.6,2063.0,0.40000000000009095
45303,10,30,2062.9,1,2024-01-12,2024-01-12 10:30:00,2024-01-12 10:30:00,GCG24.csv,543,GCG24.csv,-3.0,2063.2000000000003,2063.2000000000003,6188.700000000001,6189.6,0.8999999999996362
45303,11,0,2058.3,-1,2024-01-12,2024-01-12 11:00:00,2024-01-12 11:00:00,GCG24.csv,235,GCG24.csv,-2.0,2058.6000000000004,2056.2,4116.6,4112.4,-4.200000000000728
45303,12,0,2052.5,-3,2024-01-12,2024-01-12 12:00:00,2024-01-12 12:00:00,GCG24.csv,277,GCG24.csv,-2.0,2052.8,2052.8,4105.0,4105.6,0.6000000000003638
45303,14,0,2051.7,-4,2024-01-12,2024-01-12 14:00:00,2024-01-12 14:00:00,GCG24.csv,68,GCG24.csv,-1.0,2052.0,2052.0,2051.7,2052.0,0.3000000000001819
45303,14,30,2052.7,-1,2024-01-12,2024-01-12 14:30:00,2024-01-12 14:30:00,GCG24.csv,37,GCG24.csv,3.0,2052.4,2052.4,6158.099999999999,6157.200000000001,0.8999999999987267
45303,16,0,2051.7,0,2024-01-12,2024-01-12 16:00:00,2024-01-12 16:00:00,GCG24.csv,95,GCG24.csv,1.0,2051.4,2051.4,2051.7,2051.4,0.29999999999972715
45306,1,30,2060.0,1,2024-01-15,2024-01-15 01:30:00,2024-01-15 01:30:00,GCG24.csv,58,GCG24.csv,1.0,2059.7,2059.7,2060.0,2059.7,0.3000000000001819
45306,3,30,2060.2,0,2024-01-15,2024-01-15 03:30:00,2024-01-15 03:30:00,GCG24.csv,10,GCG24.csv,-1.0,2060.5,2059.8,2060.2,2059.8,-0.3999999999996362
45306,4,30,2060.1,2,2024-01-15,2024-01-15 04:30:00,2024-01-15 04:30:00,GCG24.csv,25,GCG24.csv,2.0,2059.8,2059.8,4120.2,4119.6,0.5999999999994543
45306,6,0,2057.2,6,2024-01-15,2024-01-15 06:00:00,2024-01-15 06:00:00,GCG24.csv,35,GCG24.csv,4.0,2056.9,2057.3,8228.8,8229.2,-0.4000000000014552
45306,8,30,2056.5,4,2024-01-15,2024-01-15 08:30:00,2024-01-15 08:30:00,GCG24.csv,63,GCG24.csv,-2.0,2056.9,2056.9,4113.0,4113.8,0.8000000000001819
45306,10,30,2055.8,5,2024-01-15,2024-01-15 10:30:00,2024-01-15 10:30:00,GCG24.csv,63,GCG24.csv,1.0,2055.5,2055.5,2055.8,2055.5,0.3000000000001819
45306,12,0,2058.3,2,2024-01-15,2024-01-15 12:00:00,2024-01-15 12:00:00,GCG24.csv,36,GCG24.csv,-3.0,2058.7000000000003,2058.2,6174.900000000001,6174.599999999999,-0.3000000000010914
45306,14,30,2059.0,1,2024-01-15,2024-01-15 14:30:00,2024-01-15 14:30:00,GCG24.csv,68,GCG24.csv,-1.0,2059.4,2060.4,2059.0,2060.4,1.400000000000091
45307,1,30,2052.9,2,2024-01-16,2024-01-16 01:30:00,2024-01-16 01:30:00,GCG24.csv,27,GCG24.csv,1.0,2052.6,2052.6,2052.9,2052.6,0.3000000000001819
45307,3,30,2051.3,1,2024-01-16,2024-01-16 03:30:00,2024-01-16 03:30:00,GCG24.csv,200,GCG24.csv,-1.0,2051.7000000000003,2048.9,2051.3,2048.9,-2.400000000000091
45307,4,30,2043.7,-2,2024-01-16,2024-01-16 04:30:00,2024-01-16 04:30:00,GCG24.csv,75,GCG24.csv,-3.0,2044.1,2044.1,6131.1,6132.299999999999,1.1999999999989086
45307,6,0,2044.5,-4,2024-01-16,2024-01-16 06:00:00,2024-01-16 06:00:00,GCG24.csv,76,GCG24.csv,-2.0,2044.8,2043.1,4089.0,4086.2,-2.800000000000182
45307,8,30,2037.9,-1,2024-01-16,2024-01-16 08:30:00,2024-01-16 08:30:00,GCG24.csv,1587,GCG24.csv,3.0,2037.5,2037.5,6113.700000000001,6112.5,1.2000000000007276
45307,9,0,2041.5,-3,2024-01-16,2024-01-16 09:00:00,2024-01-16 09:00:00,GCG24.csv,391,GCG24.csv,-2.0,2041.9,2041.9,4083.0,4083.8,0.8000000000001819
45307,10,30,2042.6,0,2024-01-16,2024-01-16 10:30:00,2024-01-16 10:30:00,GCG24.csv,113,GCG24.csv,3.0,2042.3,2042.3,6127.799999999999,6126.9,0.8999999999996362
45307,11,0,2044.9,2,2024-01-16,2024-01-16 11:00:00,2024-01-16 11:00:00,GCG24.csv,2945,GCG24.csv,2.0,2044.6,2044.6,4089.8,4089.2,0.6000000000003638
45307,12,0,2037.0,5,2024-01-16,2024-01-16 12:00:00,2024-01-16 12:00:00,GCG24.csv,201,GCG24.csv,3.0,2036.7,2036.7,6111.0,6110.1,0.8999999999996362
45307,14,0,2028.6,6,2024-01-16,2024-01-16 14:00:00,2024-01-16 14:00:00,GCG24.csv,317,GCG24.csv,1.0,2028.3,2029.4,2028.6,2029.4,-0.8000000000001819
45307,14,30,2031.1,3,2024-01-16,2024-01-16 14:30:00,2024-01-16 14:30:00,GCG24.csv,64,GCG24.csv,-3.0,2031.4,2031.0,6093.299999999999,6093.0,-0.2999999999992724
45307,16,0,2031.8,2,2024-01-16,2024-01-16 16:00:00,2024-01-16 16:00:00,GCG24.csv,73,GCG24.csv,-1.0,2032.2,2031.2,2031.8,2031.2,-0.599999999999909
45308,1,30,2020.7,0,2024-01-17,2024-01-17 01:30:00,2024-01-17 01:30:00,GCG24.csv,57,GCG24.csv,-2.0,2021.1,2021.1,4041.4,4042.2,0.7999999999997272
45308,3,30,2027.2,2,2024-01-17,2024-01-17 03:30:00,2024-01-17 03:30:00,GCG24.csv,81,GCG24.csv,2.0,2026.9,2026.9,4054.4,4053.8,0.599999999999909
45308,4,30,2023.6,-2,2024-01-17,2024-01-17 04:30:00,2024-01-17 04:30:00,GCG24.csv,161,GCG24.csv,-4.0,2023.9,2023.9,8094.4,8095.6,1.2000000000007276
45308,8,30,2025.4,2,2024-01-17,2024-01-17 08:30:00,2024-01-17 08:30:00,GCG24.csv,2065,GCG24.csv,4.0,2025.0,2025.0,8101.6,8100.0,1.6000000000003638
45308,8,40,2028.2,1,2024-01-17,2024-01-17 08:40:00,2024-01-17 08:40:00,GCG24.csv,404,GCG24.csv,-1.0,2028.5,2028.5,2028.2,2028.5,0.2999999999999545
45308,9,0,2025.8,3,2024-01-17,2024-01-17 09:00:00,2024-01-17 09:00:00,GCG24.csv,460,GCG24.csv,2.0,2025.4,2025.4,4051.6,4050.8,0.7999999999997272
45308,9,20,2022.3,5,2024-01-17,2024-01-17 09:20:00,2024-01-17 09:20:00,GCG24.csv,154,GCG24.csv,2.0,2021.9,2023.0,4044.6,4046.0,-1.400000000000091
45308,9,40,2023.6,3,2024-01-17,2024-01-17 09:40:00,2024-01-17 09:40:00,GCG24.csv,225,GCG24.csv,-2.0,2023.9,2023.9,4047.2,4047.8,0.6000000000003638
45308,10,0,2015.1,4,2024-01-17,2024-01-17 10:00:00,2024-01-17 10:00:00,GCG24.csv,1683,GCG24.csv,1.0,2014.7,2014.7,2015.1,2014.7,0.3999999999998636
45308,10,10,2016.1,5,2024-01-17,2024-01-17 10:10:00,2024-01-17 10:10:00,GCG24.csv,356,GCG24.csv,1.0,2015.7,2015.7,2016.1,2015.7,0.3999999999998636
45308,10,20,2013.6,4,2024-01-17,2024-01-17 10:20:00,2024-01-17 10:20:00,GCG24.csv,724,GCG24.csv,-1.0,2014.0,2014.0,2013.6,2014.0,0.40000000000009095
45308,11,0,2011.7,3,2024-01-17,2024-01-17 11:00:00,2024-01-17 11:00:00,GCG24.csv,212,GCG24.csv,-1.0,2012.1,2012.1,2011.7,2012.1,0.3999999999998636
45308,12,0,2008.4,6,2024-01-17,2024-01-17 12:00:00,2024-01-17 12:00:00,GCG24.csv,127,GCG24.csv,3.0,2008.1,2008.1,6025.200000000001,6024.299999999999,0.9000000000014552
45308,14,30,2008.3,5,2024-01-17,2024-01-17 14:30:00,2024-01-17 14:30:00,GCG24.csv,75,GCG24.csv,-1.0,2008.7,2007.9,2008.3,2007.9,-0.3999999999998636
45309,1,30,2013.6,3,2024-01-18,2024-01-18 01:30:00,2024-01-18 01:30:00,GCG24.csv,62,GCG24.csv,-2.0,2013.9,2013.9,4027.2,4027.8,0.6000000000003638
45309,3,30,2013.7,5,2024-01-18,2024-01-18 03:30:00,2024-01-18 03:30:00,GCG24.csv,69,GCG24.csv,2.0,2013.4,2013.4,4027.4,4026.8,0.599999999999909
45309,4,30,2013.9,0,2024-01-18,2024-01-18 04:30:00,2024-01-18 04:30:00,GCG24.csv,152,GCG24.csv,-5.0,2014.2,2014.2,10069.5,10071.0,1.5
45309,6,0,2013.7,-1,2024-01-18,2024-01-18 06:00:00,2024-01-18 06:00:00,GCG24.csv,37,GCG24.csv,-1.0,2014.0,2014.0,2013.7,2014.0,0.2999999999999545
45309,8,30,2010.2,4,2024-01-18,2024-01-18 08:30:00,2024-01-18 08:30:00,GCG24.csv,1539,GCG24.csv,5.0,2009.9,2009.9,10051.0,10049.5,1.5
45309,9,0,2011.3,5,2024-01-18,2024-01-18 09:00:00,2024-01-18 09:00:00,GCG24.csv,153,GCG24.csv,1.0,2011.0,2013.1,2011.3,2013.1,-1.7999999999999545
45309,10,30,2016.0,7,2024-01-18,2024-01-18 10:30:00,2024-01-18 10:30:00,GCG24.csv,222,GCG24.csv,2.0,2015.7,2017.1,4032.0,4034.2,-2.199999999999818
45309,11,0,2015.8,6,2024-01-18,2024-01-18 11:00:00,2024-01-18 11:00:00,GCG24.csv,104,GCG24.csv,-1.0,2016.2,2016.2,2015.8,2016.2,0.40000000000009095
45309,12,0,2017.2,3,2024-01-18,2024-01-18 12:00:00,2024-01-18 12:00:00,GCG24.csv,229,GCG24.csv,-3.0,2017.5,2017.5,6051.6,6052.5,0.8999999999996362
45309,14,30,2022.0,1,2024-01-18,2024-01-18 14:30:00,2024-01-18 14:30:00,GCG24.csv,101,GCG24.csv,-2.0,2022.3,2022.3,4044.0,4044.6,0.599999999999909
45310,4,30,2032.3,2,2024-01-19,2024-01-19 04:30:00,2024-01-19 04:30:00,GCG24.csv,28,GCG24.csv,1.0,2032.0,2032.0,2032.3,2032.0,0.2999999999999545
45310,6,0,2032.6,6,2024-01-19,2024-01-19 06:00:00,2024-01-19 06:00:00,GCG24.csv,19,GCG24.csv,4.0,2032.3,2032.8,8130.4,8131.2,-0.8000000000001819
45310,8,30,2038.8,5,2024-01-19,2024-01-19 08:30:00,2024-01-19 08:30:00,GCG24.csv,470,GCG24.csv,-1.0,2039.1,2039.1,2038.8,2039.1,0.2999999999999545
45310,9,0,2037.7,1,2024-01-19,2024-01-19 09:00:00,2024-01-19 09:00:00,GCG24.csv,175,GCG24.csv,-4.0,2038.1,2036.9,8150.8,8147.6,-3.199999999999818
45310,9,40,2030.7,2,2024-01-19,2024-01-19 09:40:00,2024-01-19 09:40:00,GCG24.csv,725,GCG24.csv,1.0,2030.3,2030.3,2030.7,2030.3,0.40000000000009095
45310,9,50,2029.5,4,2024-01-19,2024-01-19 09:50:00,2024-01-19 09:50:00,GCG24.csv,257,GCG24.csv,2.0,2029.1,2030.5,4059.0,4061.0,-2.0
45310,10,0,2033.9,3,2024-01-19,2024-01-19 10:00:00,2024-01-19 10:00:00,GCG24.csv,1801,GCG24.csv,-1.0,2034.2,2034.2,2033.9,2034.2,0.2999999999999545
45310,10,10,2028.2,1,2024-01-19,2024-01-19 10:10:00,2024-01-19 10:10:00,GCG24.csv,315,GCG24.csv,-2.0,2028.6,2028.6,4056.4,4057.2,0.7999999999997272
45310,11,0,2029.8,5,2024-01-19,2024-01-19 11:00:00,2024-01-19 11:00:00,GCG24.csv,191,GCG24.csv,4.0,2029.5,2031.4,8119.2,8125.6,-6.400000000000546
45310,16,30,2031.6,0,2024-01-19,2024-01-19 16:30:00,2024-01-19 16:30:00,GCG24.csv,18,GCG24.csv,-5.0,2032.0,2031.8,10158.0,10159.0,1.0
45313,1,30,2025.8,1,2024-01-22,2024-01-22 01:30:00,2024-01-22 01:30:00,GCG24.csv,86,GCG24.csv,1.0,2025.5,2025.5,2025.8,2025.5,0.2999999999999545
45313,3,30,2027.0,0,2024-01-22,2024-01-22 03:30:00,2024-01-22 03:30:00,GCG24.csv,82,GCG24.csv,-1.0,2027.3,2024.2,2027.0,2024.2,-2.7999999999999545
45313,4,30,2023.9,-3,2024-01-22,2024-01-22 04:30:00,2024-01-22 04:30:00,GCG24.csv,45,GCG24.csv,-3.0,2024.3,2024.3,6071.700000000001,6072.9,1.1999999999989086
45313,8,30,2026.9,0,2024-01-22,2024-01-22 08:30:00,2024-01-22 08:30:00,GCG24.csv,342,GCG24.csv,3.0,2026.6,2026.6,6080.700000000001,6079.799999999999,0.9000000000014552
45313,10,30,2028.2,-1,2024-01-22,2024-01-22 10:30:00,2024-01-22 10:30:00,GCG24.csv,177,GCG24.csv,-1.0,2028.5,2026.3,2028.2,2026.3,-1.900000000000091
45313,12,0,2025.3,-4,2024-01-22,2024-01-22 12:00:00,2024-01-22 12:00:00,GCG24.csv,62,GCG24.csv,-3.0,2025.6,2025.6,6075.9,6076.799999999999,0.8999999999996362
45313,14,30,2021.7,-3,2024-01-22,2024-01-22 14:30:00,2024-01-22 14:30:00,GCG24.csv,25,GCG24.csv,1.0,2021.4,2021.4,2021.7,2021.4,0.2999999999999545
45314,1,30,2031.6,1,2024-01-23,2024-01-23 01:30:00,2024-01-23 01:30:00,GCG24.csv,55,GCG24.csv,4.0,2031.3,2031.3,8126.4,8125.2,1.199999999999818
45314,3,30,2031.7,-3,2024-01-23,2024-01-23 03:30:00,2024-01-23 03:30:00,GCG24.csv,40,GCG24.csv,-4.0,2032.0,2032.0,8126.8,8128.0,1.199999999999818
45314,4,30,2031.3,0,2024-01-23,2024-01-23 04:30:00,2024-01-23 04:30:00,GCG24.csv,39,GCG24.csv,3.0,2031.0,2031.0,6093.9,6093.0,0.8999999999996362
45314,6,0,2026.4,-1,2024-01-23,2024-01-23 06:00:00,2024-01-23 06:00:00,GCG24.csv,176,GCG24.csv,-1.0,2026.8,2025.6,2026.4,2025.6,-0.8000000000001819
45314,8,30,2029.8,-4,2024-01-23,2024-01-23 08:30:00,2024-01-23 08:30:00,GCG24.csv,202,GCG24.csv,-3.0,2030.1,2028.4,6089.4,6085.200000000001,-4.199999999998909
45314,9,0,2026.1,-6,2024-01-23,2024-01-23 09:00:00,2024-01-23 09:00:00,GCG24.csv,130,GCG24.csv,-2.0,2026.5,2026.5,4052.2,4053.0,0.8000000000001819
45314,10,30,2026.1,-2,2024-01-23,2024-01-23 10:30:00,2024-01-23 10:30:00,GCG24.csv,175,GCG24.csv,4.0,2025.8,2025.8,8104.4,8103.2,1.199999999999818
45314,11,0,2026.7,0,2024-01-23,2024-01-23 11:00:00,2024-01-23 11:00:00,GCG24.csv,167,GCG24.csv,2.0,2026.4,2026.4,4053.4,4052.8,0.599999999999909
45314,12,0,2027.0,4,2024-01-23,2024-01-23 12:00:00,2024-01-23 12:00:00,GCG24.csv,74,GCG24.csv,4.0,2026.7,2026.7,8108.0,8106.8,1.199999999999818
45314,14,30,2029.9,0,2024-01-23,2024-01-23 14:30:00,2024-01-23 14:30:00,GCG24.csv,112,GCG24.csv,-4.0,2030.2,2030.2,8119.6,8120.8,1.199999999999818
45315,9,0,2035.1,-3,2024-01-24,2024-01-24 09:00:00,2024-01-24 09:00:00,GCG24.csv,114,GCG24.csv,-3.0,2035.5,2035.5,6105.299999999999,6106.5,1.2000000000007276
45315,9,40,2028.1,-2,2024-01-24,2024-01-24 09:40:00,2024-01-24 09:40:00,GCG24.csv,681,GCG24.csv,1.0,2027.7,2027.7,2028.1,2027.7,0.3999999999998636
45315,9,50,2025.6,0,2024-01-24,2024-01-24 09:50:00,2024-01-24 09:50:00,GCG24.csv,681,GCG24.csv,2.0,2025.2,2025.2,4051.2,4050.4,0.7999999999997272
45315,10,0,2025.7,-1,2024-01-24,2024-01-24 10:00:00,2024-01-24 10:00:00,GCG24.csv,730,GCG24.csv,-1.0,2026.1,2026.1,2025.7,2026.1,0.3999999999998636
45315,10,10,2024.9,-3,2024-01-24,2024-01-24 10:10:00,2024-01-24 10:10:00,GCG24.csv,341,GCG24.csv,-2.0,2025.3,2024.4,4049.8,4048.8,-1.0
45315,10,30,2020.7,-1,2024-01-24,2024-01-24 10:30:00,2024-01-24 10:30:00,GCG24.csv,729,GCG24.csv,2.0,2020.3,2020.3,4041.4,4040.6,0.8000000000001819
45315,11,0,2016.0,2,2024-01-24,2024-01-24 11:00:00,2024-01-24 11:00:00,GCG24.csv,726,GCG24.csv,3.0,2015.6,2015.6,6048.0,6046.799999999999,1.2000000000007276
45315,12,0,2016.2,1,2024-01-24,2024-01-24 12:00:00,2024-01-24 12:00:00,GCG24.csv,256,GCG24.csv,-1.0,2016.5,2016.5,2016.2,2016.5,0.2999999999999545
45315,14,0,2015.8,2,2024-01-24,2024-01-24 14:00:00,2024-01-24 14:00:00,GCG24.csv,23,GCG24.csv,1.0,2015.5,2015.5,2015.8,2015.5,0.2999999999999545
45315,14,30,2013.2,0,2024-01-24,2024-01-24 14:30:00,2024-01-24 14:30:00,GCG24.csv,46,GCG24.csv,-2.0,2013.6,2013.6,4026.4,4027.2,0.7999999999997272
45315,16,0,2012.9,-1,2024-01-24,2024-01-24 16:00:00,2024-01-24 16:00:00,GCG24.csv,49,GCG24.csv,-1.0,2013.3,2013.3,2012.9,2013.3,0.3999999999998636
45316,1,30,2015.3,-4,2024-01-25,2024-01-25 01:30:00,2024-01-25 01:30:00,GCG24.csv,40,GCG24.csv,-3.0,2015.6,2015.6,6045.9,6046.799999999999,0.8999999999996362
45316,3,30,2013.2,-1,2024-01-25,2024-01-25 03:30:00,2024-01-25 03:30:00,GCG24.csv,183,GCG24.csv,3.0,2012.9,2012.9,6039.6,6038.700000000001,0.8999999999996362
45316,4,30,2014.4,-5,2024-01-25,2024-01-25 04:30:00,2024-01-25 04:30:00,GCG24.csv,69,GCG24.csv,-4.0,2014.7,2014.7,8057.6,8058.8,1.199999999999818
45316,6,0,2019.3,-4,2024-01-25,2024-01-25 06:00:00,2024-01-25 06:00:00,GCG24.csv,48,GCG24.csv,1.0,2019.0,2019.0,2019.3,2019.0,0.2999999999999545
45316,8,30,2017.8,0,2024-01-25,2024-01-25 08:30:00,2024-01-25 08:30:00,GCG24.csv,4527,GCG24.csv,4.0,2017.5,2017.5,8071.2,8070.0,1.199999999999818
45316,9,0,2019.3,-3,2024-01-25,2024-01-25 09:00:00,2024-01-25 09:00:00,GCG24.csv,244,GCG24.csv,-3.0,2019.7,2019.7,6057.9,6059.1,1.2000000000007276
45316,10,30,2019.8,-1,2024-01-25,2024-01-25 10:30:00,2024-01-25 10:30:00,GCG24.csv,312,GCG24.csv,2.0,2019.5,2019.5,4039.6,4039.0,0.599999999999909
45316,11,0,2020.3,2,2024-01-25,2024-01-25 11:00:00,2024-01-25 11:00:00,GCG24.csv,155,GCG24.csv,3.0,2020.0,2021.3,6060.9,6063.9,-3.0
45316,12,0,2014.4,5,2024-01-25,2024-01-25 12:00:00,2024-01-25 12:00:00,GCG24.csv,113,GCG24.csv,3.0,2014.1,2014.1,6043.200000000001,6042.299999999999,0.9000000000014552
45316,14,30,2018.1,3,2024-01-25,2024-01-25 14:30:00,2024-01-25 14:30:00,GCG24.csv,44,GCG24.csv,-2.0,2018.4,2018.4,4036.2,4036.8,0.6000000000003638
45317,9,0,2024.3,0,2024-01-26,2024-01-26 09:00:00,2024-01-26 09:00:00,GCG24.csv,285,GCG24.csv,-3.0,2024.6,2024.6,6072.9,6073.799999999999,0.8999999999996362
45317,10,30,2017.8,2,2024-01-26,2024-01-26 10:30:00,2024-01-26 10:30:00,GCG24.csv,104,GCG24.csv,2.0,2017.5,2017.5,4035.6,4035.0,0.599999999999909
45317,11,0,2016.6,5,2024-01-26,2024-01-26 11:00:00,2024-01-26 11:00:00,GCG24.csv,92,GCJ24.csv,3.0,2035.1,2035.1,6049.799999999999,6105.299999999999,-55.5
45317,12,0,2017.8,4,2024-01-26,2024-01-26 12:00:00,2024-01-26 12:00:00,GCG24.csv,40,GCG24.csv,-1.0,2018.2,2017.2,2017.8,2017.2,-0.599999999999909
45317,14,30,2015.8,2,2024-01-26,2024-01-26 14:30:00,2024-01-26 14:30:00,GCG24.csv,48,GCG24.csv,-2.0,2016.1,2016.1,4031.6,4032.2,0.599999999999909
45317,16,30,2018.6,0,2024-01-26,2024-01-26 16:30:00,2024-01-26 16:30:00,GCG24.csv,11,GCG24.csv,-2.0,2018.9,2018.0,4037.2,4036.0,-1.199999999999818
45320,1,30,2026.6,4,2024-01-29,2024-01-29 01:30:00,2024-01-29 01:30:00,GCJ24.csv,13,GCJ24.csv,4.0,2045.1,2045.3,8106.4,8181.2,-74.80000000000018
45320,3,30,2031.3,0,2024-01-29,2024-01-29 03:30:00,2024-01-29 03:30:00,GCJ24.csv,170,GCJ24.csv,-4.0,2050.4,2050.4,8125.2,8201.6,76.40000000000055
45320,4,30,2029.6,1,2024-01-29,2024-01-29 04:30:00,2024-01-29 04:30:00,GCJ24.csv,27,GCJ24.csv,1.0,2048.0,2048.3,2029.6,2048.3,-18.700000000000273
45320,6,0,2026.9,-1,2024-01-29,2024-01-29 06:00:00,2024-01-29 06:00:00,GCJ24.csv,43,GCJ24.csv,-2.0,2046.2,2046.2,4053.8,4092.4,38.59999999999991
45320,8,30,2030.9,-2,2024-01-29,2024-01-29 08:30:00,2024-01-29 08:30:00,GCJ24.csv,326,GCJ24.csv,-1.0,2050.4,2050.4,2030.9,2050.4,19.5
45320,9,0,2036.3,-5,2024-01-29,2024-01-29 09:00:00,2024-01-29 09:00:00,GCJ24.csv,203,GCJ24.csv,-3.0,2055.7000000000003,2055.7000000000003,6108.9,6167.1,58.20000000000073
45320,9,30,2032.0,-3,2024-01-29,2024-01-29 09:30:00,2024-01-29 09:30:00,GCJ24.csv,559,GCJ24.csv,2.0,2050.8,2050.8,4064.0,4101.6,-37.600000000000364
45320,9,40,2026.2,-2,2024-01-29,2024-01-29 09:40:00,2024-01-29 09:40:00,GCJ24.csv,1448,GCJ24.csv,1.0,2045.1,2045.1,2026.2,2045.1,-18.899999999999864
45320,10,0,2023.5,-3,2024-01-29,2024-01-29 10:00:00,2024-01-29 10:00:00,GCJ24.csv,550,GCJ24.csv,-1.0,2042.9,2042.9,2023.5,2042.9,19.40000000000009
45320,10,10,2023.9,-5,2024-01-29,2024-01-29 10:10:00,2024-01-29 10:10:00,GCJ24.csv,276,GCJ24.csv,-2.0,2043.5,2041.8,4047.8,4083.6,35.79999999999973
45320,10,30,2020.5,-1,2024-01-29,2024-01-29 10:30:00,2024-01-29 10:30:00,GCJ24.csv,315,GCJ24.csv,4.0,2039.5,2040.2,8082.0,8160.8,-78.80000000000018
45320,11,0,2024.5,2,2024-01-29,2024-01-29 11:00:00,2024-01-29 11:00:00,GCJ24.csv,98,GCJ24.csv,3.0,2043.2,2043.5,6073.5,6130.5,-57.0
45320,12,0,2026.0,3,2024-01-29,2024-01-29 12:00:00,2024-01-29 12:00:00,GCJ24.csv,97,GCJ24.csv,1.0,2044.9,2045.1,2026.0,2045.1,-19.09999999999991
45320,14,30,2025.7,-1,2024-01-29,2024-01-29 14:30:00,2024-01-29 14:30:00,GCG24.csv,81,GCJ24.csv,-4.0,2045.2,2044.6,8102.8,8178.4,75.59999999999945
45321,1,30,2033.9,1,2024-01-30,2024-01-30 01:30:00,2024-01-30 01:30:00,GCJ24.csv,49,GCJ24.csv,2.0,2053.0,2053.0,4067.8,4106.0,-38.19999999999982
45321,3,30,2037.0,-1,2024-01-30,2024-01-30 03:30:00,2024-01-30 03:30:00,GCJ24.csv,90,GCJ24.csv,-2.0,2056.9,2056.9,4074.0,4113.8,39.80000000000018
45321,4,30,2035.9,1,2024-01-30,2024-01-30 04:30:00,2024-01-30 04:30:00,GCJ24.csv,146,GCJ24.csv,2.0,2054.8,2054.8,4071.8,4109.6,-37.80000000000018
45321,6,0,2034.3,3,2024-01-30,2024-01-30 06:00:00,2024-01-30 06:00:00,GCJ24.csv,64,GCJ24.csv,2.0,2053.5,2054.0,4068.6,4108.0,-39.40000000000009
45321,8,30,2034.2,1,2024-01-30,2024-01-30 08:30:00,2024-01-30 08:30:00,GCJ24.csv,266,GCJ24.csv,-2.0,2054.0,2054.0,4068.4,4108.0,39.59999999999991
45321,9,0,2036.7,-2,2024-01-30,2024-01-30 09:00:00,2024-01-30 09:00:00,GCJ24.csv,414,GCJ24.csv,-3.0,2056.3,2056.3,6110.1,6168.900000000001,58.80000000000018
45321,9,10,2039.9,-4,2024-01-30,2024-01-30 09:10:00,2024-01-30 09:10:00,GCJ24.csv,534,GCJ24.csv,-2.0,2059.8,2059.8,4079.8,4119.6,39.80000000000018
45321,9,20,2044.6,-6,2024-01-30,2024-01-30 09:20:00,2024-01-30 09:20:00,GCJ24.csv,940,GCJ24.csv,-2.0,2064.0,2064.0,4089.2,4128.0,38.80000000000018
45321,9,40,2046.2,-4,2024-01-30,2024-01-30 09:40:00,2024-01-30 09:40:00,GCJ24.csv,703,GCJ24.csv,2.0,2065.0,2065.0,4092.4,4130.0,-37.59999999999991
45321,9,50,2045.7,-2,2024-01-30,2024-01-30 09:50:00,2024-01-30 09:50:00,GCJ24.csv,911,GCJ24.csv,2.0,2065.0,2065.0,4091.4,4130.0,-38.59999999999991
45321,10,10,2036.5,-1,2024-01-30,2024-01-30 10:10:00,2024-01-30 10:10:00,GCJ24.csv,814,GCJ24.csv,1.0,2056.0,2056.0,2036.5,2056.0,-19.5
45321,10,30,2028.1,2,2024-01-30,2024-01-30 10:30:00,2024-01-30 10:30:00,GCJ24.csv,628,GCJ24.csv,3.0,2049.7,2049.7,6084.299999999999,6149.099999999999,-64.80000000000018
45321,10,50,2032.1,1,2024-01-30,2024-01-30 10:50:00,2024-01-30 10:50:00,GCJ24.csv,213,GCJ24.csv,-1.0,2051.9,2051.2,2032.1,2051.2,19.09999999999991
45321,11,0,2031.5,4,2024-01-30,2024-01-30 11:00:00,2024-01-30 11:00:00,GCJ24.csv,324,GCJ24.csv,3.0,2050.5,2050.5,6094.5,6151.5,-57.0
45321,12,0,2034.4,1,2024-01-30,2024-01-30 12:00:00,2024-01-30 12:00:00,GCJ24.csv,122,GCJ24.csv,-3.0,2054.5,2054.1,6103.200000000001,6162.299999999999,59.099999999998545
45321,14,30,2034.7,-2,2024-01-30,2024-01-30 14:30:00,2024-01-30 14:30:00,GCJ24.csv,60,GCJ24.csv,-3.0,2054.4,2054.4,6104.1,6163.200000000001,59.100000000000364
45322,6,0,2035.9,-4,2024-01-31,2024-01-31 06:00:00,2024-01-31 06:00:00,GCJ24.csv,51,GCJ24.csv,-2.0,2055.3,2055.3,4071.8,4110.6,38.80000000000018
45322,9,0,2040.9,-7,2024-01-31,2024-01-31 09:00:00,2024-01-31 09:00:00,GCJ24.csv,663,GCJ24.csv,-3.0,2060.4,2059.4,6122.700000000001,6178.200000000001,55.5
45322,11,0,2053.1,-4,2024-01-31,2024-01-31 11:00:00,2024-01-31 11:00:00,GCJ24.csv,410,GCJ24.csv,3.0,2070.5,2070.5,6159.299999999999,6211.5,-52.20000000000073
45322,12,0,2049.3,-2,2024-01-31,2024-01-31 12:00:00,2024-01-31 12:00:00,GCJ24.csv,77,GCJ24.csv,2.0,2067.8,2067.8,4098.6,4135.6,-37.0
45323,4,30,2059.6,2,2024-02-01,2024-02-01 04:30:00,2024-02-01 04:30:00,GCJ24.csv,42,GCJ24.csv,4.0,2059.2,2059.2,8238.4,8236.8,1.6000000000003638
45323,6,0,2048.7,4,2024-02-01,2024-02-01 06:00:00,2024-02-01 06:00:00,GCJ24.csv,409,GCJ24.csv,2.0,2048.4,2048.4,4097.4,4096.8,0.5999999999994543
45323,8,30,2049.4,0,2024-02-01,2024-02-01 08:30:00,2024-02-01 08:30:00,GCJ24.csv,1673,GCJ24.csv,-4.0,2049.8,2049.8,8197.6,8199.2,1.6000000000003638
45323,8,40,2057.4,-2,2024-02-01,2024-02-01 08:40:00,2024-02-01 08:40:00,GCJ24.csv,1443,GCJ24.csv,-2.0,2057.7000000000003,2057.7000000000003,4114.8,4115.400000000001,0.6000000000003638
45323,8,50,2057.7,-3,2024-02-01,2024-02-01 08:50:00,2024-02-01 08:50:00,GCJ24.csv,399,GCJ24.csv,-1.0,2058.0,2058.0,2057.7,2058.0,0.3000000000001819
45323,9,0,2057.0,0,2024-02-01,2024-02-01 09:00:00,2024-02-01 09:00:00,GCJ24.csv,366,GCJ24.csv,3.0,2056.7,2060.2,6171.0,6180.599999999999,-9.599999999999454
45323,9,10,2059.6,1,2024-02-01,2024-02-01 09:10:00,2024-02-01 09:10:00,GCJ24.csv,270,GCJ24.csv,1.0,2059.2,2063.2,2059.6,2063.2,-3.599999999999909
45323,9,20,2062.6,-1,2024-02-01,2024-02-01 09:20:00,2024-02-01 09:20:00,GCJ24.csv,379,GCJ24.csv,-2.0,2062.9,2062.9,4125.2,4125.8,0.6000000000003638
45323,9,30,2065.2,-2,2024-02-01,2024-02-01 09:30:00,2024-02-01 09:30:00,GCJ24.csv,950,GCJ24.csv,-1.0,2065.5,2065.5,2065.2,2065.5,0.3000000000001819
45323,9,40,2065.5,0,2024-02-01,2024-02-01 09:40:00,2024-02-01 09:40:00,GCJ24.csv,290,GCJ24.csv,2.0,2065.1,2068.1,4131.0,4136.2,-5.199999999999818
45323,9,50,2064.9,1,2024-02-01,2024-02-01 09:50:00,2024-02-01 09:50:00,GCJ24.csv,811,GCJ24.csv,1.0,2064.6,2064.6,2064.9,2064.6,0.3000000000001819
45323,10,0,2058.4,2,2024-02-01,2024-02-01 10:00:00,2024-02-01 10:00:00,GCJ24.csv,2747,GCJ24.csv,1.0,2058.1,2058.1,2058.4,2058.1,0.3000000000001819
45323,10,20,2065.2,1,2024-02-01,2024-02-01 10:20:00,2024-02-01 10:20:00,GCJ24.csv,349,GCJ24.csv,-1.0,2065.6,2065.6,2065.2,2065.6,0.40000000000009095
45323,10,30,2066.2,0,2024-02-01,2024-02-01 10:30:00,2024-02-01 10:30:00,GCJ24.csv,292,GCJ24.csv,-1.0,2066.5,2066.5,2066.2,2066.5,0.3000000000001819
45323,11,0,2069.6,-1,2024-02-01,2024-02-01 11:00:00,2024-02-01 11:00:00,GCJ24.csv,967,GCJ24.csv,-1.0,2069.9,2069.9,2069.6,2069.9,0.3000000000001819
45323,12,0,2076.9,-5,2024-02-01,2024-02-01 12:00:00,2024-02-01 12:00:00,GCJ24.csv,356,GCJ24.csv,-4.0,2077.3,2077.3,8307.6,8309.2,1.6000000000003638
45323,14,30,2073.5,-4,2024-02-01,2024-02-01 14:30:00,2024-02-01 14:30:00,GCJ24.csv,38,GCJ24.csv,1.0,2073.2,2073.2,2073.5,2073.2,0.3000000000001819
45324,1,30,2073.0,0,2024-02-02,2024-02-02 01:30:00,2024-02-02 01:30:00,GCJ24.csv,50,GCJ24.csv,4.0,2072.6,2072.6,8292.0,8290.4,1.6000000000003638
45324,3,30,2072.3,-4,2024-02-02,2024-02-02 03:30:00,2024-02-02 03:30:00,GCJ24.csv,28,GCJ24.csv,-4.0,2072.7000000000003,2072.4,8289.2,8289.6,0.3999999999996362
45324,4,30,2071.9,0,2024-02-02,2024-02-02 04:30:00,2024-02-02 04:30:00,GCJ24.csv,47,GCJ24.csv,4.0,2071.5,2071.5,8287.6,8286.0,1.6000000000003638
45324,6,0,2071.7,-2,2024-02-02,2024-02-02 06:00:00,2024-02-02 06:00:00,GCJ24.csv,26,GCJ24.csv,-2.0,2072.0,2072.0,4143.4,4144.0,0.6000000000003638
45324,8,30,2070.1,-6,2024-02-02,2024-02-02 08:30:00,2024-02-02 08:30:00,GCJ24.csv,7454,GCJ24.csv,-4.0,2070.5,2055.3,8280.4,8221.2,-59.19999999999891
45324,8,40,2053.6,-4,2024-02-02,2024-02-02 08:40:00,2024-02-02 08:40:00,GCJ24.csv,4023,GCJ24.csv,2.0,2053.3,2053.3,4107.2,4106.6,0.5999999999994543
45324,9,20,2048.2,-6,2024-02-02,2024-02-02 09:20:00,2024-02-02 09:20:00,GCJ24.csv,651,GCJ24.csv,-2.0,2048.6,2048.1,4096.4,4096.2,-0.1999999999998181
45324,9,50,2051.3,-7,2024-02-02,2024-02-02 09:50:00,2024-02-02 09:50:00,GCJ24.csv,836,GCJ24.csv,-1.0,2051.6000000000004,2051.6000000000004,2051.3,2051.6000000000004,0.3000000000001819
45324,10,10,2049.7,-6,2024-02-02,2024-02-02 10:10:00,2024-02-02 10:10:00,GCJ24.csv,315,GCJ24.csv,1.0,2049.4,2049.4,2049.7,2049.4,0.29999999999972715
45324,10,20,2046.9,-4,2024-02-02,2024-02-02 10:20:00,2024-02-02 10:20:00,GCJ24.csv,298,GCJ24.csv,2.0,2046.6,2046.6,4093.8,4093.2,0.6000000000003638
45324,10,30,2047.8,0,2024-02-02,2024-02-02 10:30:00,2024-02-02 10:30:00,GCJ24.csv,323,GCJ24.csv,4.0,2047.4,2047.4,8191.2,8189.6,1.5999999999994543
45324,10,40,2049.7,-2,2024-02-02,2024-02-02 10:40:00,2024-02-02 10:40:00,GCJ24.csv,1159,GCJ24.csv,-2.0,2050.0,2050.0,4099.4,4100.0,0.6000000000003638
45324,12,0,2053.3,2,2024-02-02,2024-02-02 12:00:00,2024-02-02 12:00:00,GCJ24.csv,154,GCJ24.csv,4.0,2052.9,2052.9,8213.2,8211.6,1.6000000000003638
45324,14,0,2054.5,1,2024-02-02,2024-02-02 14:00:00,2024-02-02 14:00:00,GCJ24.csv,32,GCJ24.csv,-1.0,2054.9,2054.0,2054.5,2054.0,-0.5
45324,14,30,2054.3,-3,2024-02-02,2024-02-02 14:30:00,2024-02-02 14:30:00,GCJ24.csv,61,GCJ24.csv,-4.0,2054.6000000000004,2053.9,8217.2,8215.6,-1.6000000000003638
45324,16,0,2053.2,-2,2024-02-02,2024-02-02 16:00:00,2024-02-02 16:00:00,GCJ24.csv,95,GCJ24.csv,1.0,2052.9,2054.0,2053.2,2054.0,-0.8000000000001819
45324,16,30,2054.5,0,2024-02-02,2024-02-02 16:30:00,2024-02-02 16:30:00,GCJ24.csv,33,GCJ24.csv,2.0,2054.2,2054.5,4109.0,4109.0,0.0
45327,1,30,2046.9,-2,2024-02-05,2024-02-05 01:30:00,2024-02-05 01:30:00,GCJ24.csv,40,GCJ24.csv,-2.0,2047.3,2045.3,4093.8,4090.6,-3.200000000000273
45327,3,30,2039.2,0,2024-02-05,2024-02-05 03:30:00,2024-02-05 03:30:00,GCJ24.csv,191,GCJ24.csv,2.0,2038.8,2038.8,4078.4,4077.6,0.8000000000001819
45327,4,30,2037.8,-4,2024-02-05,2024-02-05 04:30:00,2024-02-05 04:30:00,GCJ24.csv,144,GCJ24.csv,-4.0,2038.2,2037.1,8151.2,8148.4,-2.800000000000182
45327,6,0,2040.6,-5,2024-02-05,2024-02-05 06:00:00,2024-02-05 06:00:00,GCJ24.csv,67,GCJ24.csv,-1.0,2041.0,2040.7,2040.6,2040.7,0.10000000000013642
45327,8,30,2033.3,-1,2024-02-05,2024-02-05 08:30:00,2024-02-05 08:30:00,GCJ24.csv,651,GCJ24.csv,4.0,2032.9,2032.9,8133.2,8131.6,1.5999999999994543
45327,9,0,2032.1,-2,2024-02-05,2024-02-05 09:00:00,2024-02-05 09:00:00,GCJ24.csv,378,GCJ24.csv,-1.0,2032.5,2032.5,2032.1,2032.5,0.40000000000009095
45327,9,50,2038.6,-4,2024-02-05,2024-02-05 09:50:00,2024-02-05 09:50:00,GCJ24.csv,523,GCJ24.csv,-2.0,2038.9,2038.9,4077.2,4077.8,0.6000000000003638
45327,10,0,2035.3,-2,2024-02-05,2024-02-05 10:00:00,2024-02-05 10:00:00,GCJ24.csv,2177,GCJ24.csv,2.0,2034.9,2034.9,4070.6,4069.8,0.7999999999997272
45327,10,10,2035.2,0,2024-02-05,2024-02-05 10:10:00,2024-02-05 10:10:00,GCJ24.csv,311,GCJ24.csv,2.0,2034.8,2034.8,4070.4,4069.6,0.8000000000001819
45327,10,20,2034.9,-2,2024-02-05,2024-02-05 10:20:00,2024-02-05 10:20:00,GCJ24.csv,313,GCJ24.csv,-2.0,2035.3,2035.3,4069.8,4070.6,0.7999999999997272
45327,10,30,2035.3,1,2024-02-05,2024-02-05 10:30:00,2024-02-05 10:30:00,GCJ24.csv,287,GCJ24.csv,3.0,2034.9,2034.9,6105.9,6104.700000000001,1.1999999999989086
45327,11,0,2034.3,2,2024-02-05,2024-02-05 11:00:00,2024-02-05 11:00:00,GCJ24.csv,122,GCJ24.csv,1.0,2033.9,2035.1,2034.3,2035.1,-0.7999999999999545
45327,12,0,2038.5,4,2024-02-05,2024-02-05 12:00:00,2024-02-05 12:00:00,GCJ24.csv,309,GCJ24.csv,2.0,2038.1,2039.1,4077.0,4078.2,-1.199999999999818
45327,14,0,2042.3,2,2024-02-05,2024-02-05 14:00:00,2024-02-05 14:00:00,GCJ24.csv,182,GCJ24.csv,-2.0,2042.7,2042.7,4084.6,4085.4,0.8000000000001819
45327,14,30,2042.8,-1,2024-02-05,2024-02-05 14:30:00,2024-02-05 14:30:00,GCJ24.csv,38,GCJ24.csv,-3.0,2043.2,2043.2,6128.4,6129.6,1.2000000000007276
45327,16,0,2041.5,1,2024-02-05,2024-02-05 16:00:00,2024-02-05 16:00:00,GCJ24.csv,93,GCJ24.csv,2.0,2041.1,2041.1,4083.0,4082.2,0.8000000000001819
45328,1,30,2043.2,4,2024-02-06,2024-02-06 01:30:00,2024-02-06 01:30:00,GCJ24.csv,40,GCJ24.csv,3.0,2042.8,2042.8,6129.6,6128.4,1.2000000000007276
45328,3,30,2041.9,1,2024-02-06,2024-02-06 03:30:00,2024-02-06 03:30:00,GCJ24.csv,48,GCJ24.csv,-3.0,2042.2,2041.0,6125.700000000001,6123.0,-2.7000000000007276
45328,4,30,2040.4,-3,2024-02-06,2024-02-06 04:30:00,2024-02-06 04:30:00,GCJ24.csv,50,GCJ24.csv,-4.0,2040.7,2040.5,8161.6,8162.0,0.3999999999996362
45328,6,0,2039.9,-2,2024-02-06,2024-02-06 06:00:00,2024-02-06 06:00:00,GCJ24.csv,21,GCJ24.csv,1.0,2039.6,2039.6,2039.9,2039.6,0.3000000000001819
45328,8,30,2043.3,2,2024-02-06,2024-02-06 08:30:00,2024-02-06 08:30:00,GCJ24.csv,117,GCJ24.csv,4.0,2043.0,2043.0,8173.2,8172.0,1.199999999999818
45328,9,0,2045.2,0,2024-02-06,2024-02-06 09:00:00,2024-02-06 09:00:00,GCJ24.csv,160,GCJ24.csv,-2.0,2045.5,2045.5,4090.4,4091.0,0.599999999999909
45328,10,30,2051.6,-2,2024-02-06,2024-02-06 10:30:00,2024-02-06 10:30:00,GCJ24.csv,173,GCJ24.csv,-2.0,2051.9,2051.9,4103.2,4103.8,0.6000000000003638
45328,11,0,2052.6,0,2024-02-06,2024-02-06 11:00:00,2024-02-06 11:00:00,GCJ24.csv,168,GCJ24.csv,2.0,2052.3,2052.3,4105.2,4104.6,0.5999999999994543
45328,12,0,2052.9,-3,2024-02-06,2024-02-06 12:00:00,2024-02-06 12:00:00,GCJ24.csv,342,GCJ24.csv,-3.0,2053.3,2053.3,6158.700000000001,6159.900000000001,1.199999999999818
45328,14,30,2052.5,-1,2024-02-06,2024-02-06 14:30:00,2024-02-06 14:30:00,GCJ24.csv,28,GCJ24.csv,2.0,2052.2,2052.7,4105.0,4105.4,-0.3999999999996362
45329,4,30,2049.9,-3,2024-02-07,2024-02-07 04:30:00,2024-02-07 04:30:00,GCJ24.csv,57,GCJ24.csv,-2.0,2050.3,2050.3,4099.8,4100.6,0.8000000000001819
45329,6,0,2049.0,-2,2024-02-07,2024-02-07 06:00:00,2024-02-07 06:00:00,GCJ24.csv,57,GCJ24.csv,1.0,2048.7,2048.7,2049.0,2048.7,0.3000000000001819
45329,8,30,2050.6,0,2024-02-07,2024-02-07 08:30:00,2024-02-07 08:30:00,GCJ24.csv,64,GCJ24.csv,2.0,2050.3,2050.3,4101.2,4100.6,0.5999999999994543
45329,9,0,2052.1,1,2024-02-07,2024-02-07 09:00:00,2024-02-07 09:00:00,GCJ24.csv,111,GCJ24.csv,1.0,2051.8,2051.8,2052.1,2051.8,0.29999999999972715
45329,9,50,2060.4,0,2024-02-07,2024-02-07 09:50:00,2024-02-07 09:50:00,GCJ24.csv,892,GCJ24.csv,-1.0,2060.7000000000003,2060.7000000000003,2060.4,2060.7000000000003,0.3000000000001819
45329,10,0,2059.1,-1,2024-02-07,2024-02-07 10:00:00,2024-02-07 10:00:00,GCJ24.csv,625,GCJ24.csv,-1.0,2059.4,2059.4,2059.1,2059.4,0.3000000000001819
45329,10,10,2055.9,2,2024-02-07,2024-02-07 10:10:00,2024-02-07 10:10:00,GCJ24.csv,268,GCJ24.csv,3.0,2055.6,2055.6,6167.700000000001,6166.799999999999,0.9000000000014552
45329,10,20,2051.8,3,2024-02-07,2024-02-07 10:20:00,2024-02-07 10:20:00,GCJ24.csv,447,GCJ24.csv,1.0,2051.5,2054.6,2051.8,2054.6,-2.799999999999727
45329,10,30,2055.1,-1,2024-02-07,2024-02-07 10:30:00,2024-02-07 10:30:00,GCJ24.csv,285,GCJ24.csv,-4.0,2055.4,2055.4,8220.4,8221.6,1.2000000000007276
45329,11,0,2054.3,-2,2024-02-07,2024-02-07 11:00:00,2024-02-07 11:00:00,GCJ24.csv,142,GCJ24.csv,-1.0,2054.6000000000004,2054.6000000000004,2054.3,2054.6000000000004,0.3000000000001819
45329,12,0,2054.5,-1,2024-02-07,2024-02-07 12:00:00,2024-02-07 12:00:00,GCJ24.csv,136,GCJ24.csv,1.0,2054.2,2054.2,2054.5,2054.2,0.3000000000001819
45329,14,30,2051.6,1,2024-02-07,2024-02-07 14:30:00,2024-02-07 14:30:00,GCJ24.csv,17,GCJ24.csv,2.0,2051.3,2051.3,4103.2,4102.6,0.5999999999994543
45330,1,30,2048.4,-1,2024-02-08,2024-02-08 01:30:00,2024-02-08 01:30:00,GCJ24.csv,24,GCJ24.csv,-2.0,2048.8,2047.8,4096.8,4095.6,-1.2000000000002728
45330,3,30,2045.2,1,2024-02-08,2024-02-08 03:30:00,2024-02-08 03:30:00,GCJ24.csv,424,GCJ24.csv,2.0,2044.9,2044.9,4090.4,4089.8,0.599999999999909
45330,4,30,2045.1,-2,2024-02-08,2024-02-08 04:30:00,2024-02-08 04:30:00,GCJ24.csv,40,GCJ24.csv,-3.0,2045.4,2045.4,6135.299999999999,6136.200000000001,0.9000000000014552
45330,6,0,2051.1,0,2024-02-08,2024-02-08 06:00:00,2024-02-08 06:00:00,GCJ24.csv,49,GCJ24.csv,2.0,2050.8,2050.8,4102.2,4101.6,0.5999999999994543
45330,8,30,2040.1,3,2024-02-08,2024-02-08 08:30:00,2024-02-08 08:30:00,GCJ24.csv,840,GCJ24.csv,3.0,2039.8,2039.8,6120.299999999999,6119.4,0.8999999999996362
45330,9,0,2035.6,4,2024-02-08,2024-02-08 09:00:00,2024-02-08 09:00:00,GCJ24.csv,971,GCJ24.csv,1.0,2035.3,2035.3,2035.6,2035.3,0.2999999999999545
45330,9,20,2038.2,3,2024-02-08,2024-02-08 09:20:00,2024-02-08 09:20:00,GCJ24.csv,187,GCJ24.csv,-1.0,2038.5,2038.5,2038.2,2038.5,0.2999999999999545
45330,9,30,2043.3,2,2024-02-08,2024-02-08 09:30:00,2024-02-08 09:30:00,GCJ24.csv,556,GCJ24.csv,-1.0,2043.6,2043.6,2043.3,2043.6,0.2999999999999545
45330,9,50,2045.2,3,2024-02-08,2024-02-08 09:50:00,2024-02-08 09:50:00,GCJ24.csv,89,GCJ24.csv,1.0,2044.9,2044.9,2045.2,2044.9,0.2999999999999545
45330,10,30,2045.1,6,2024-02-08,2024-02-08 10:30:00,2024-02-08 10:30:00,GCJ24.csv,214,GCJ24.csv,3.0,2044.8,2044.8,6135.299999999999,6134.4,0.8999999999996362
45330,14,30,2047.7,3,2024-02-08,2024-02-08 14:30:00,2024-02-08 14:30:00,GCJ24.csv,54,GCJ24.csv,-3.0,2048.0,2048.0,6143.1,6144.0,0.8999999999996362
45331,1,30,2047.9,0,2024-02-09,2024-02-09 01:30:00,2024-02-09 01:30:00,GCJ24.csv,10,GCJ24.csv,-3.0,2048.5,2048.0,6143.700000000001,6144.0,0.2999999999992724
45331,3,30,2047.4,3,2024-02-09,2024-02-09 03:30:00,2024-02-09 03:30:00,GCJ24.csv,81,GCJ24.csv,3.0,2047.1,2047.1,6142.200000000001,6141.299999999999,0.9000000000014552
45331,4,30,2047.0,4,2024-02-09,2024-02-09 04:30:00,2024-02-09 04:30:00,GCJ24.csv,30,GCJ24.csv,1.0,2046.7,2047.0,2047.0,2047.0,0.0
45331,6,0,2047.5,0,2024-02-09,2024-02-09 06:00:00,2024-02-09 06:00:00,GCJ24.csv,28,GCJ24.csv,-4.0,2047.9,2047.1,8190.0,8188.4,-1.6000000000003638
45331,8,30,2041.3,-1,2024-02-09,2024-02-09 08:30:00,2024-02-09 08:30:00,GCJ24.csv,827,GCJ24.csv,-1.0,2041.6,2041.6,2041.3,2041.6,0.2999999999999545
45331,9,0,2041.3,-2,2024-02-09,2024-02-09 09:00:00,2024-02-09 09:00:00,GCJ24.csv,520,GCJ24.csv,-1.0,2041.7,2041.7,2041.3,2041.7,0.40000000000009095
45331,10,30,2038.1,0,2024-02-09,2024-02-09 10:30:00,2024-02-09 10:30:00,GCJ24.csv,97,GCJ24.csv,2.0,2037.8,2037.8,4076.2,4075.6,0.599999999999909
45331,11,0,2036.9,1,2024-02-09,2024-02-09 11:00:00,2024-02-09 11:00:00,GCJ24.csv,310,GCJ24.csv,1.0,2036.6,2036.6,2036.9,2036.6,0.3000000000001819
45331,14,30,2039.3,-1,2024-02-09,2024-02-09 14:30:00,2024-02-09 14:30:00,GCJ24.csv,31,GCJ24.csv,-2.0,2039.7,2039.2,4078.6,4078.4,-0.1999999999998181
45331,16,30,2039.6,0,2024-02-09,2024-02-09 16:30:00,2024-02-09 16:30:00,GCJ24.csv,11,GCJ24.csv,1.0,2039.3,2039.3,2039.6,2039.3,0.2999999999999545
45334,4,30,2036.4,-4,2024-02-12,2024-02-12 04:30:00,2024-02-12 04:30:00,GCJ24.csv,84,GCJ24.csv,-4.0,2036.7,2036.7,8145.6,8146.8,1.199999999999818
45334,6,0,2035.1,-6,2024-02-12,2024-02-12 06:00:00,2024-02-12 06:00:00,GCJ24.csv,82,GCJ24.csv,-2.0,2035.5,2034.5,4070.2,4069.0,-1.199999999999818
45334,8,30,2037.6,-2,2024-02-12,2024-02-12 08:30:00,2024-02-12 08:30:00,GCJ24.csv,334,GCJ24.csv,4.0,2037.3,2037.3,8150.4,8149.2,1.199999999999818
45334,9,20,2030.7,-3,2024-02-12,2024-02-12 09:20:00,2024-02-12 09:20:00,GCJ24.csv,587,GCJ24.csv,-1.0,2031.1,2028.7,2030.7,2028.7,-2.0
45334,10,30,2028.6,-1,2024-02-12,2024-02-12 10:30:00,2024-02-12 10:30:00,GCJ24.csv,136,GCJ24.csv,2.0,2028.3,2028.3,4057.2,4056.6,0.599999999999909
45334,11,0,2026.6,0,2024-02-12,2024-02-12 11:00:00,2024-02-12 11:00:00,GCJ24.csv,237,GCJ24.csv,1.0,2026.3,2026.3,2026.6,2026.3,0.2999999999999545
45334,12,0,2029.7,-2,2024-02-12,2024-02-12 12:00:00,2024-02-12 12:00:00,GCJ24.csv,111,GCJ24.csv,-2.0,2030.0,2030.0,4059.4,4060.0,0.599999999999909
45334,14,0,2035.2,-3,2024-02-12,2024-02-12 14:00:00,2024-02-12 14:00:00,GCJ24.csv,93,GCJ24.csv,-1.0,2035.5,2035.1,2035.2,2035.1,-0.10000000000013642
45334,14,30,2032.9,-5,2024-02-12,2024-02-12 14:30:00,2024-02-12 14:30:00,GCJ24.csv,84,GCJ24.csv,-2.0,2033.2,2032.8,4065.8,4065.6,-0.20000000000027285
45334,16,0,2034.0,-4,2024-02-12,2024-02-12 16:00:00,2024-02-12 16:00:00,GCJ24.csv,88,GCJ24.csv,1.0,2033.7,2034.3,2034.0,2034.3,-0.2999999999999545
45335,1,30,2034.9,-1,2024-02-13,2024-02-13 01:30:00,2024-02-13 01:30:00,GCJ24.csv,29,GCJ24.csv,3.0,2034.6,2035.2,6104.700000000001,6105.6,-0.8999999999996362
45335,3,30,2038.3,-4,2024-02-13,2024-02-13 03:30:00,2024-02-13 03:30:00,GCJ24.csv,182,GCJ24.csv,-3.0,2038.6,2038.6,6114.9,6115.799999999999,0.8999999999996362
45335,6,0,2040.3,2,2024-02-13,2024-02-13 06:00:00,2024-02-13 06:00:00,GCJ24.csv,95,GCJ24.csv,6.0,2040.0,2040.0,12241.8,12240.0,1.7999999999992724
45335,8,50,2020.5,3,2024-02-13,2024-02-13 08:50:00,2024-02-13 08:50:00,GCJ24.csv,1457,GCJ24.csv,1.0,2020.2,2020.2,2020.5,2020.2,0.2999999999999545
45335,9,10,2015.0,2,2024-02-13,2024-02-13 09:10:00,2024-02-13 09:10:00,GCJ24.csv,1031,GCJ24.csv,-1.0,2015.3,2015.3,2015.0,2015.3,0.2999999999999545
45335,9,20,2016.2,1,2024-02-13,2024-02-13 09:20:00,2024-02-13 09:20:00,GCJ24.csv,514,GCJ24.csv,-1.0,2016.5,2016.5,2016.2,2016.5,0.2999999999999545
45335,10,30,2006.6,2,2024-02-13,2024-02-13 10:30:00,2024-02-13 10:30:00,GCJ24.csv,616,GCJ24.csv,1.0,2006.3,2006.3,2006.6,2006.3,0.2999999999999545
45335,11,0,2005.4,3,2024-02-13,2024-02-13 11:00:00,2024-02-13 11:00:00,GCJ24.csv,240,GCJ24.csv,1.0,2005.1,2005.1,2005.4,2005.1,0.3000000000001819
45335,12,0,2008.0,6,2024-02-13,2024-02-13 12:00:00,2024-02-13 12:00:00,GCJ24.csv,140,GCJ24.csv,3.0,2007.7,2007.7,6024.0,6023.1,0.8999999999996362
45335,14,30,2004.7,5,2024-02-13,2024-02-13 14:30:00,2024-02-13 14:30:00,GCJ24.csv,38,GCJ24.csv,-1.0,2005.0,2004.8,2004.7,2004.8,0.09999999999990905
45336,4,30,2002.6,0,2024-02-14,2024-02-14 04:30:00,2024-02-14 04:30:00,GCJ24.csv,41,GCJ24.csv,-5.0,2002.9,2002.9,10013.0,10014.5,1.5
45336,6,0,2005.6,-2,2024-02-14,2024-02-14 06:00:00,2024-02-14 06:00:00,GCJ24.csv,89,GCJ24.csv,-2.0,2005.9,2004.8,4011.2,4009.6,-1.599999999999909
45336,8,30,2003.5,3,2024-02-14,2024-02-14 08:30:00,2024-02-14 08:30:00,GCJ24.csv,228,GCJ24.csv,5.0,2003.2,2003.2,10017.5,10016.0,1.5
45336,9,0,2001.7,2,2024-02-14,2024-02-14 09:00:00,2024-02-14 09:00:00,GCJ24.csv,202,GCJ24.csv,-1.0,2002.1,2002.1,2001.7,2002.1,0.3999999999998636
45336,10,10,1998.3,3,2024-02-14,2024-02-14 10:10:00,2024-02-14 10:10:00,GCJ24.csv,693,GCJ24.csv,1.0,1998.0,1998.0,1998.3,1998.0,0.2999999999999545
45336,11,0,2000.6,4,2024-02-14,2024-02-14 11:00:00,2024-02-14 11:00:00,GCJ24.csv,237,GCJ24.csv,1.0,2000.3,2000.3,2000.6,2000.3,0.2999999999999545
45336,12,0,2005.9,5,2024-02-14,2024-02-14 12:00:00,2024-02-14 12:00:00,GCJ24.csv,309,GCJ24.csv,1.0,2005.6,2005.6,2005.9,2005.6,0.3000000000001819
45336,14,0,2004.4,1,2024-02-14,2024-02-14 14:00:00,2024-02-14 14:00:00,GCJ24.csv,470,GCJ24.csv,-4.0,2004.8,2004.0,8017.6,8016.0,-1.6000000000003638
45336,14,30,2003.3,0,2024-02-14,2024-02-14 14:30:00,2024-02-14 14:30:00,GCJ24.csv,43,GCJ24.csv,-1.0,2003.7,2003.3,2003.3,2003.3,-0.0
45336,16,0,2003.9,4,2024-02-14,2024-02-14 16:00:00,2024-02-14 16:00:00,GCJ24.csv,161,GCJ24.csv,4.0,2003.6,2003.6,8015.6,8014.4,1.2000000000007276
45337,4,30,2006.6,-1,2024-02-15,2024-02-15 04:30:00,2024-02-15 04:30:00,GCJ24.csv,119,GCJ24.csv,-5.0,2006.9,2006.4,10033.0,10032.0,-1.0
45337,6,0,2007.3,-2,2024-02-15,2024-02-15 06:00:00,2024-02-15 06:00:00,GCJ24.csv,83,GCJ24.csv,-1.0,2007.7,2007.7,2007.3,2007.7,0.40000000000009095
45337,8,30,2012.9,3,2024-02-15,2024-02-15 08:30:00,2024-02-15 08:30:00,GCJ24.csv,2814,GCJ24.csv,5.0,2012.6,2012.6,10064.5,10063.0,1.5
45337,9,0,2015.0,2,2024-02-15,2024-02-15 09:00:00,2024-02-15 09:00:00,GCJ24.csv,634,GCJ24.csv,-1.0,2015.3,2014.0,2015.0,2014.0,-1.0
45337,9,40,2018.2,0,2024-02-15,2024-02-15 09:40:00,2024-02-15 09:40:00,GCJ24.csv,458,GCJ24.csv,-2.0,2018.5,2018.5,4036.4,4037.0,0.599999999999909
45337,10,0,2016.0,2,2024-02-15,2024-02-15 10:00:00,2024-02-15 10:00:00,GCJ24.csv,258,GCJ24.csv,2.0,2015.7,2015.7,4032.0,4031.4,0.599999999999909
45337,10,30,2018.4,0,2024-02-15,2024-02-15 10:30:00,2024-02-15 10:30:00,GCJ24.csv,217,GCJ24.csv,-2.0,2018.7,2016.2,4036.8,4032.4,-4.400000000000091
45337,11,0,2012.3,1,2024-02-15,2024-02-15 11:00:00,2024-02-15 11:00:00,GCJ24.csv,699,GCJ24.csv,1.0,2012.0,2012.0,2012.3,2012.0,0.2999999999999545
45337,12,0,2011.7,0,2024-02-15,2024-02-15 12:00:00,2024-02-15 12:00:00,GCJ24.csv,341,GCJ24.csv,-1.0,2012.0,2012.0,2011.7,2012.0,0.2999999999999545
45337,14,30,2015.7,2,2024-02-15,2024-02-15 14:30:00,2024-02-15 14:30:00,GCJ24.csv,53,GCJ24.csv,2.0,2015.4,2016.7,4031.4,4033.4,-2.0
45338,1,30,2014.8,0,2024-02-16,2024-02-16 01:30:00,2024-02-16 01:30:00,GCJ24.csv,43,GCJ24.csv,-2.0,2015.1,2015.1,4029.6,4030.2,0.599999999999909
45338,3,30,2016.6,2,2024-02-16,2024-02-16 03:30:00,2024-02-16 03:30:00,GCJ24.csv,30,GCJ24.csv,2.0,2016.3,2016.3,4033.2,4032.6,0.599999999999909
45338,4,30,2017.7,3,2024-02-16,2024-02-16 04:30:00,2024-02-16 04:30:00,GCJ24.csv,73,GCJ24.csv,1.0,2017.4,2017.4,2017.7,2017.4,0.2999999999999545
45338,6,0,2018.6,4,2024-02-16,2024-02-16 06:00:00,2024-02-16 06:00:00,GCJ24.csv,35,GCJ24.csv,1.0,2018.3,2018.3,2018.6,2018.3,0.2999999999999545
45338,8,30,2018.3,3,2024-02-16,2024-02-16 08:30:00,2024-02-16 08:30:00,GCJ24.csv,3136,GCJ24.csv,-1.0,2018.6,2007.4,2018.3,2007.4,-10.899999999999864
45338,8,40,2008.2,4,2024-02-16,2024-02-16 08:40:00,2024-02-16 08:40:00,GCJ24.csv,765,GCJ24.csv,1.0,2007.9,2007.9,2008.2,2007.9,0.2999999999999545
45338,9,0,2013.2,3,2024-02-16,2024-02-16 09:00:00,2024-02-16 09:00:00,GCJ24.csv,418,GCJ24.csv,-1.0,2013.6,2013.6,2013.2,2013.6,0.3999999999998636
45338,9,20,2008.5,5,2024-02-16,2024-02-16 09:20:00,2024-02-16 09:20:00,GCJ24.csv,512,GCJ24.csv,2.0,2008.2,2008.2,4017.0,4016.4,0.599999999999909
45338,9,40,2010.3,3,2024-02-16,2024-02-16 09:40:00,2024-02-16 09:40:00,GCJ24.csv,129,GCJ24.csv,-2.0,2010.6,2010.6,4020.6,4021.2,0.599999999999909
45338,9,50,2008.8,4,2024-02-16,2024-02-16 09:50:00,2024-02-16 09:50:00,GCJ24.csv,232,GCJ24.csv,1.0,2008.5,2008.5,2008.8,2008.5,0.2999999999999545
45338,10,10,2013.5,1,2024-02-16,2024-02-16 10:10:00,2024-02-16 10:10:00,GCJ24.csv,434,GCJ24.csv,-3.0,2013.8,2013.8,6040.5,6041.4,0.8999999999996362
45338,10,30,2018.3,5,2024-02-16,2024-02-16 10:30:00,2024-02-16 10:30:00,GCJ24.csv,583,GCJ24.csv,4.0,2018.0,2018.0,8073.2,8072.0,1.199999999999818
45338,12,0,2021.2,6,2024-02-16,2024-02-16 12:00:00,2024-02-16 12:00:00,GCJ24.csv,121,GCJ24.csv,1.0,2020.9,2021.4,2021.2,2021.4,-0.20000000000004547
45338,14,30,2026.5,4,2024-02-16,2024-02-16 14:30:00,2024-02-16 14:30:00,GCJ24.csv,27,GCJ24.csv,-2.0,2026.8,2025.0,4053.0,4050.0,-3.0
45338,16,30,2024.9,0,2024-02-16,2024-02-16 16:30:00,2024-02-16 16:30:00,GCJ24.csv,14,GCJ24.csv,-4.0,2025.2,2025.1,8099.6,8100.4,0.7999999999992724
45341,1,30,2033.0,2,2024-02-19,2024-02-19 01:30:00,2024-02-19 01:30:00,GCJ24.csv,42,GCJ24.csv,2.0,2032.7,2032.7,4066.0,4065.4,0.599999999999909
45341,3,30,2031.6,0,2024-02-19,2024-02-19 03:30:00,2024-02-19 03:30:00,GCJ24.csv,44,GCJ24.csv,-2.0,2031.9,2031.9,4063.2,4063.8,0.6000000000003638
45341,6,0,2030.4,2,2024-02-19,2024-02-19 06:00:00,2024-02-19 06:00:00,GCJ24.csv,9,GCJ24.csv,2.0,2030.1,2030.5,4060.8,4061.0,-0.1999999999998181
45341,9,0,2028.2,1,2024-02-19,2024-02-19 09:00:00,2024-02-19 09:00:00,GCJ24.csv,49,GCJ24.csv,-1.0,2028.5,2028.5,2028.2,2028.5,0.2999999999999545
45341,11,0,2026.3,2,2024-02-19,2024-02-19 11:00:00,2024-02-19 11:00:00,GCJ24.csv,33,GCJ24.csv,1.0,2026.0,2026.0,2026.3,2026.0,0.2999999999999545
45341,12,0,2027.6,1,2024-02-19,2024-02-19 12:00:00,2024-02-19 12:00:00,GCJ24.csv,43,GCJ24.csv,-1.0,2027.9,2027.9,2027.6,2027.9,0.3000000000001819
45342,4,30,2035.0,5,2024-02-20,2024-02-20 04:30:00,2024-02-20 04:30:00,GCJ24.csv,93,GCJ24.csv,4.0,2034.7,2034.7,8140.0,8138.8,1.199999999999818
45342,6,0,2037.3,7,2024-02-20,2024-02-20 06:00:00,2024-02-20 06:00:00,GCJ24.csv,63,GCJ24.csv,2.0,2037.0,2037.3,4074.6,4074.6,0.0
45342,8,30,2039.8,3,2024-02-20,2024-02-20 08:30:00,2024-02-20 08:30:00,GCJ24.csv,1420,GCJ24.csv,-4.0,2040.1,2040.1,8159.2,8160.4,1.199999999999818
45342,9,0,2041.4,0,2024-02-20,2024-02-20 09:00:00,2024-02-20 09:00:00,GCJ24.csv,206,GCJ24.csv,-3.0,2041.8,2039.7,6124.200000000001,6119.1,-5.100000000000364
45342,10,30,2040.7,-3,2024-02-20,2024-02-20 10:30:00,2024-02-20 10:30:00,GCJ24.csv,160,GCJ24.csv,-3.0,2041.0,2041.0,6122.1,6123.0,0.8999999999996362
45342,11,0,2038.9,0,2024-02-20,2024-02-20 11:00:00,2024-02-20 11:00:00,GCJ24.csv,152,GCJ24.csv,3.0,2038.6,2038.6,6116.700000000001,6115.799999999999,0.9000000000014552
45342,14,30,2038.8,3,2024-02-20,2024-02-20 14:30:00,2024-02-20 14:30:00,GCJ24.csv,25,GCJ24.csv,3.0,2038.4,2038.6,6116.4,6115.799999999999,0.6000000000003638
45343,1,30,2041.3,5,2024-02-21,2024-02-21 01:30:00,2024-02-21 01:30:00,GCJ24.csv,20,GCJ24.csv,2.0,2041.0,2041.0,4082.6,4082.0,0.599999999999909
45343,3,30,2038.6,3,2024-02-21,2024-02-21 03:30:00,2024-02-21 03:30:00,GCJ24.csv,61,GCJ24.csv,-2.0,2038.9,2038.4,4077.2,4076.8,-0.3999999999996362
45343,4,30,2038.7,4,2024-02-21,2024-02-21 04:30:00,2024-02-21 04:30:00,GCJ24.csv,22,GCJ24.csv,1.0,2038.4,2038.4,2038.7,2038.4,0.2999999999999545
45343,6,0,2041.1,3,2024-02-21,2024-02-21 06:00:00,2024-02-21 06:00:00,GCJ24.csv,42,GCJ24.csv,-1.0,2041.4,2040.5,2041.1,2040.5,-0.599999999999909
45343,8,30,2039.6,2,2024-02-21,2024-02-21 08:30:00,2024-02-21 08:30:00,GCJ24.csv,156,GCJ24.csv,-1.0,2040.0,2040.0,2039.6,2040.0,0.40000000000009095
45343,9,0,2039.7,-1,2024-02-21,2024-02-21 09:00:00,2024-02-21 09:00:00,GCJ24.csv,88,GCJ24.csv,-3.0,2040.0,2040.0,6119.1,6120.0,0.8999999999996362
45343,10,30,2040.3,-3,2024-02-21,2024-02-21 10:30:00,2024-02-21 10:30:00,GCJ24.csv,157,GCJ24.csv,-2.0,2040.6,2039.2,4080.6,4078.4,-2.199999999999818
45343,11,0,2035.0,0,2024-02-21,2024-02-21 11:00:00,2024-02-21 11:00:00,GCJ24.csv,1081,GCJ24.csv,3.0,2034.7,2034.7,6105.0,6104.1,0.8999999999996362
45343,14,30,2035.7,2,2024-02-21,2024-02-21 14:30:00,2024-02-21 14:30:00,GCJ24.csv,63,GCJ24.csv,2.0,2035.4,2037.0,4071.4,4074.0,-2.599999999999909
45344,1,30,2039.9,4,2024-02-22,2024-02-22 01:30:00,2024-02-22 01:30:00,GCJ24.csv,29,GCJ24.csv,2.0,2039.6,2040.3,4079.8,4080.6,-0.7999999999997272
45344,3,30,2044.1,2,2024-02-22,2024-02-22 03:30:00,2024-02-22 03:30:00,GCJ24.csv,390,GCJ24.csv,-2.0,2044.4,2044.4,4088.2,4088.8,0.6000000000003638
45344,6,0,2039.3,-1,2024-02-22,2024-02-22 06:00:00,2024-02-22 06:00:00,GCJ24.csv,58,GCJ24.csv,-3.0,2039.6,2039.6,6117.9,6118.799999999999,0.8999999999996362
45344,10,30,2030.4,0,2024-02-22,2024-02-22 10:30:00,2024-02-22 10:30:00,GCJ24.csv,213,GCJ24.csv,1.0,2030.1,2031.9,2030.4,2031.9,-1.5
45344,14,30,2033.1,-1,2024-02-22,2024-02-22 14:30:00,2024-02-22 14:30:00,GCJ24.csv,24,GCJ24.csv,-1.0,2033.4,2033.4,2033.1,2033.4,0.3000000000001819
45345,4,30,2026.8,-5,2024-02-23,2024-02-23 04:30:00,2024-02-23 04:30:00,GCJ24.csv,108,GCJ24.csv,-4.0,2027.1,2027.1,8107.2,8108.4,1.199999999999818
45345,6,0,2032.3,-2,2024-02-23,2024-02-23 06:00:00,2024-02-23 06:00:00,GCJ24.csv,104,GCJ24.csv,3.0,2032.0,2032.0,6096.9,6096.0,0.8999999999996362
45345,8,30,2035.7,2,2024-02-23,2024-02-23 08:30:00,2024-02-23 08:30:00,GCJ24.csv,374,GCJ24.csv,4.0,2035.4,2035.4,8142.8,8141.6,1.199999999999818
45345,9,0,2034.8,1,2024-02-23,2024-02-23 09:00:00,2024-02-23 09:00:00,GCJ24.csv,131,GCJ24.csv,-1.0,2035.2,2035.2,2034.8,2035.2,0.40000000000009095
45345,10,0,2037.5,-1,2024-02-23,2024-02-23 10:00:00,2024-02-23 10:00:00,GCJ24.csv,563,GCJ24.csv,-2.0,2037.8,2037.8,4075.0,4075.6,0.599999999999909
45345,10,20,2037.1,1,2024-02-23,2024-02-23 10:20:00,2024-02-23 10:20:00,GCJ24.csv,142,GCJ24.csv,2.0,2036.8,2036.8,4074.2,4073.6,0.599999999999909
45345,10,30,2036.6,-2,2024-02-23,2024-02-23 10:30:00,2024-02-23 10:30:00,GCJ24.csv,208,GCJ24.csv,-3.0,2037.0,2037.0,6109.799999999999,6111.0,1.2000000000007276
45345,11,0,2040.4,-1,2024-02-23,2024-02-23 11:00:00,2024-02-23 11:00:00,GCJ24.csv,435,GCJ24.csv,1.0,2040.1,2040.1,2040.4,2040.1,0.3000000000001819
45345,12,0,2048.3,0,2024-02-23,2024-02-23 12:00:00,2024-02-23 12:00:00,GCJ24.csv,550,GCJ24.csv,1.0,2048.0,2049.3,2048.3,2049.3,-1.0
45345,14,30,2048.5,3,2024-02-23,2024-02-23 14:30:00,2024-02-23 14:30:00,GCJ24.csv,92,GCJ24.csv,3.0,2048.2,2048.5,6145.5,6145.5,0.0
45345,16,30,2045.4,0,2024-02-23,2024-02-23 16:30:00,2024-02-23 16:30:00,GCJ24.csv,25,GCJ24.csv,-3.0,2045.7,2045.5,6136.200000000001,6136.5,0.2999999999992724
45348,1,30,2042.6,4,2024-02-26,2024-02-26 01:30:00,2024-02-26 01:30:00,GCJ24.csv,45,GCJ24.csv,4.0,2042.3,2042.6,8170.4,8170.4,0.0
45348,3,30,2045.7,0,2024-02-26,2024-02-26 03:30:00,2024-02-26 03:30:00,GCJ24.csv,45,GCJ24.csv,-4.0,2046.0,2046.0,8182.8,8184.0,1.199999999999818
45348,4,30,2042.5,4,2024-02-26,2024-02-26 04:30:00,2024-02-26 04:30:00,GCJ24.csv,72,GCJ24.csv,4.0,2042.2,2042.2,8170.0,8168.8,1.199999999999818
45348,6,0,2041.6,5,2024-02-26,2024-02-26 06:00:00,2024-02-26 06:00:00,GCJ24.csv,67,GCJ24.csv,1.0,2041.3,2041.3,2041.6,2041.3,0.2999999999999545
45348,8,30,2041.7,1,2024-02-26,2024-02-26 08:30:00,2024-02-26 08:30:00,GCJ24.csv,132,GCJ24.csv,-4.0,2042.0,2042.0,8166.8,8168.0,1.199999999999818
45348,9,20,2038.8,3,2024-02-26,2024-02-26 09:20:00,2024-02-26 09:20:00,GCJ24.csv,373,GCJ24.csv,2.0,2038.5,2038.5,4077.6,4077.0,0.599999999999909
45348,9,40,2037.1,1,2024-02-26,2024-02-26 09:40:00,2024-02-26 09:40:00,GCJ24.csv,229,GCJ24.csv,-2.0,2037.5,2037.5,4074.2,4075.0,0.8000000000001819
45348,10,30,2036.3,2,2024-02-26,2024-02-26 10:30:00,2024-02-26 10:30:00,GCJ24.csv,171,GCJ24.csv,1.0,2036.0,2036.0,2036.3,2036.0,0.2999999999999545
45348,12,0,2037.1,1,2024-02-26,2024-02-26 12:00:00,2024-02-26 12:00:00,GCJ24.csv,68,GCJ24.csv,-1.0,2037.4,2036.2,2037.1,2036.2,-0.8999999999998636
45348,14,30,2038.5,0,2024-02-26,2024-02-26 14:30:00,2024-02-26 14:30:00,GCJ24.csv,32,GCJ24.csv,-1.0,2038.8,2038.5,2038.5,2038.5,-0.0
45349,1,30,2043.1,4,2024-02-27,2024-02-27 01:30:00,2024-02-27 01:30:00,GCJ24.csv,25,GCJ24.csv,4.0,2042.8,2043.9,8172.4,8175.6,-3.2000000000007276
45349,3,30,2047.0,0,2024-02-27,2024-02-27 03:30:00,2024-02-27 03:30:00,GCJ24.csv,312,GCJ24.csv,-4.0,2047.3,2047.3,8188.0,8189.2,1.199999999999818
45349,4,30,2046.0,3,2024-02-27,2024-02-27 04:30:00,2024-02-27 04:30:00,GCJ24.csv,63,GCJ24.csv,3.0,2045.7,2045.7,6138.0,6137.1,0.8999999999996362
45349,6,0,2045.8,5,2024-02-27,2024-02-27 06:00:00,2024-02-27 06:00:00,GCJ24.csv,99,GCJ24.csv,2.0,2045.5,2045.5,4091.6,4091.0,0.599999999999909
45349,8,30,2046.9,2,2024-02-27,2024-02-27 08:30:00,2024-02-27 08:30:00,GCJ24.csv,936,GCJ24.csv,-3.0,2047.2,2047.2,6140.700000000001,6141.6,0.8999999999996362
45349,9,0,2044.8,3,2024-02-27,2024-02-27 09:00:00,2024-02-27 09:00:00,GCJ24.csv,236,GCJ24.csv,1.0,2044.5,2044.5,2044.8,2044.5,0.2999999999999545
45349,11,0,2043.1,2,2024-02-27,2024-02-27 11:00:00,2024-02-27 11:00:00,GCJ24.csv,177,GCJ24.csv,-1.0,2043.4,2043.4,2043.1,2043.4,0.3000000000001819
45349,12,0,2042.7,3,2024-02-27,2024-02-27 12:00:00,2024-02-27 12:00:00,GCJ24.csv,123,GCJ24.csv,1.0,2042.4,2042.4,2042.7,2042.4,0.2999999999999545
45350,1,30,2040.1,5,2024-02-28,2024-02-28 01:30:00,2024-02-28 01:30:00,GCJ24.csv,19,GCJ24.csv,2.0,2039.8,2040.1,4080.2,4080.2,0.0
45350,3,30,2037.6,3,2024-02-28,2024-02-28 03:30:00,2024-02-28 03:30:00,GCJ24.csv,54,GCJ24.csv,-2.0,2037.9,2037.4,4075.2,4074.8,-0.3999999999996362
45350,4,30,2034.6,1,2024-02-28,2024-02-28 04:30:00,2024-02-28 04:30:00,GCJ24.csv,99,GCJ24.csv,-2.0,2034.9,2034.1,4069.2,4068.2,-1.0
45350,6,0,2036.2,-1,2024-02-28,2024-02-28 06:00:00,2024-02-28 06:00:00,GCJ24.csv,50,GCJ24.csv,-2.0,2036.5,2036.5,4072.4,4073.0,0.599999999999909
45350,8,30,2043.0,1,2024-02-28,2024-02-28 08:30:00,2024-02-28 08:30:00,GCJ24.csv,796,GCJ24.csv,2.0,2042.7,2042.7,4086.0,4085.4,0.599999999999909
45350,9,0,2045.1,0,2024-02-28,2024-02-28 09:00:00,2024-02-28 09:00:00,GCJ24.csv,373,GCJ24.csv,-1.0,2045.4,2045.4,2045.1,2045.4,0.3000000000001819
45350,10,30,2042.2,-2,2024-02-28,2024-02-28 10:30:00,2024-02-28 10:30:00,GCJ24.csv,178,GCJ24.csv,-2.0,2042.5,2042.5,4084.4,4085.0,0.599999999999909
45350,11,0,2041.1,-1,2024-02-28,2024-02-28 11:00:00,2024-02-28 11:00:00,GCJ24.csv,133,GCJ24.csv,1.0,2040.8,2042.0,2041.1,2042.0,-0.900000000000091
45350,12,0,2042.9,-2,2024-02-28,2024-02-28 12:00:00,2024-02-28 12:00:00,GCJ24.csv,82,GCJ24.csv,-1.0,2043.2,2043.2,2042.9,2043.2,0.2999999999999545
45350,14,30,2041.2,0,2024-02-28,2024-02-28 14:30:00,2024-02-28 14:30:00,GCJ24.csv,21,GCJ24.csv,2.0,2040.9,2040.9,4082.4,4081.8,0.599999999999909
45351,1,30,2044.7,6,2024-02-29,2024-02-29 01:30:00,2024-02-29 01:30:00,GCJ24.csv,28,GCJ24.csv,6.0,2044.5,2044.5,12268.2,12267.0,1.2000000000007276
45351,3,30,2045.2,0,2024-02-29,2024-02-29 03:30:00,2024-02-29 03:30:00,GCJ24.csv,34,GCJ24.csv,-6.0,2045.5,2044.8,12271.2,12268.8,-2.400000000001455
45351,6,0,2038.7,-1,2024-02-29,2024-02-29 06:00:00,2024-02-29 06:00:00,GCJ24.csv,111,GCJ24.csv,-1.0,2039.0,2039.0,2038.7,2039.0,0.2999999999999545
45351,9,0,2056.5,-2,2024-02-29,2024-02-29 09:00:00,2024-02-29 09:00:00,GCJ24.csv,1203,GCJ24.csv,-1.0,2056.8,2056.8,2056.5,2056.8,0.3000000000001819
45351,9,20,2056.7,0,2024-02-29,2024-02-29 09:20:00,2024-02-29 09:20:00,GCJ24.csv,721,GCJ24.csv,2.0,2056.4,2056.4,4113.4,4112.8,0.5999999999994543
45351,10,30,2057.3,-3,2024-02-29,2024-02-29 10:30:00,2024-02-29 10:30:00,GCJ24.csv,315,GCJ24.csv,-3.0,2057.6000000000004,2057.6000000000004,6171.900000000001,6172.800000000001,0.9000000000005457
45351,11,0,2056.8,-4,2024-02-29,2024-02-29 11:00:00,2024-02-29 11:00:00,GCJ24.csv,261,GCJ24.csv,-1.0,2057.1000000000004,2055.8,2056.8,2055.8,-1.0
45351,12,0,2053.2,-2,2024-02-29,2024-02-29 12:00:00,2024-02-29 12:00:00,GCJ24.csv,333,GCJ24.csv,2.0,2052.9,2053.7,4106.4,4107.4,-1.0
45351,14,30,2055.1,1,2024-02-29,2024-02-29 14:30:00,2024-02-29 14:30:00,GCJ24.csv,88,GCJ24.csv,3.0,2054.8,2055.4,6165.299999999999,6166.200000000001,-0.9000000000014552
45352,1,30,2055.9,3,2024-03-01,2024-03-01 01:30:00,2024-03-01 01:30:00,GCJ24.csv,30,GCJ24.csv,2.0,2055.6,2055.6,4111.8,4111.2,0.6000000000003638
45352,3,30,2050.4,1,2024-03-01,2024-03-01 03:30:00,2024-03-01 03:30:00,GCJ24.csv,80,GCJ24.csv,-2.0,2050.7000000000003,2049.3,4100.8,4098.6,-2.199999999999818
45352,4,30,2052.7,3,2024-03-01,2024-03-01 04:30:00,2024-03-01 04:30:00,GCJ24.csv,248,GCJ24.csv,2.0,2052.4,2052.4,4105.4,4104.8,0.5999999999994543
45352,6,0,2063.2,6,2024-03-01,2024-03-01 06:00:00,2024-03-01 06:00:00,GCJ24.csv,301,GCJ24.csv,3.0,2062.9,2062.9,6189.599999999999,6188.700000000001,0.8999999999987267
45352,8,30,2060.0,4,2024-03-01,2024-03-01 08:30:00,2024-03-01 08:30:00,GCJ24.csv,265,GCJ24.csv,-2.0,2060.3,2060.3,4120.0,4120.6,0.6000000000003638
45352,9,0,2060.0,5,2024-03-01,2024-03-01 09:00:00,2024-03-01 09:00:00,GCJ24.csv,110,GCJ24.csv,1.0,2059.7,2061.1,2060.0,2061.1,-1.099999999999909
45352,9,20,2064.2,3,2024-03-01,2024-03-01 09:20:00,2024-03-01 09:20:00,GCJ24.csv,435,GCJ24.csv,-2.0,2064.5,2064.5,4128.4,4129.0,0.6000000000003638
45352,9,40,2061.5,5,2024-03-01,2024-03-01 09:40:00,2024-03-01 09:40:00,GCJ24.csv,348,GCJ24.csv,2.0,2061.2,2061.2,4123.0,4122.4,0.6000000000003638
45352,9,50,2055.8,6,2024-03-01,2024-03-01 09:50:00,2024-03-01 09:50:00,GCJ24.csv,1041,GCJ24.csv,1.0,2055.5,2055.5,2055.8,2055.5,0.3000000000001819
45352,10,10,2061.2,5,2024-03-01,2024-03-01 10:10:00,2024-03-01 10:10:00,GCJ24.csv,1332,GCJ24.csv,-1.0,2061.5,2061.5,2061.2,2061.5,0.3000000000001819
45352,11,0,2078.0,4,2024-03-01,2024-03-01 11:00:00,2024-03-01 11:00:00,GCJ24.csv,604,GCJ24.csv,-1.0,2078.3,2078.3,2078.0,2078.3,0.3000000000001819
45352,16,30,2092.4,0,2024-03-01,2024-03-01 16:30:00,2024-03-01 16:30:00,GCJ24.csv,17,GCJ24.csv,-4.0,2092.7000000000003,2092.5,8369.6,8370.0,0.3999999999996362
45355,1,30,2090.1,-1,2024-03-04,2024-03-04 01:30:00,2024-03-04 01:30:00,GCJ24.csv,51,GCJ24.csv,-1.0,2090.4,2090.4,2090.1,2090.4,0.3000000000001819
45355,3,30,2093.9,0,2024-03-04,2024-03-04 03:30:00,2024-03-04 03:30:00,GCJ24.csv,418,GCJ24.csv,1.0,2093.6,2093.6,2093.9,2093.6,0.3000000000001819
45355,4,30,2091.9,2,2024-03-04,2024-03-04 04:30:00,2024-03-04 04:30:00,GCJ24.csv,78,GCJ24.csv,2.0,2091.6,2091.9,4183.8,4183.8,0.0
45355,8,30,2091.4,0,2024-03-04,2024-03-04 08:30:00,2024-03-04 08:30:00,GCJ24.csv,313,GCJ24.csv,-2.0,2091.7000000000003,2091.7000000000003,4182.8,4183.400000000001,0.6000000000003638
45355,9,10,2100.0,-1,2024-03-04,2024-03-04 09:10:00,2024-03-04 09:10:00,GCJ24.csv,342,GCJ24.csv,-1.0,2100.3,2100.3,2100.0,2100.3,0.3000000000001819
45355,9,20,2103.6,-3,2024-03-04,2024-03-04 09:20:00,2024-03-04 09:20:00,GCJ24.csv,555,GCJ24.csv,-2.0,2103.9,2103.9,4207.2,4207.8,0.6000000000003638
45355,9,40,2104.5,-1,2024-03-04,2024-03-04 09:40:00,2024-03-04 09:40:00,GCJ24.csv,567,GCJ24.csv,2.0,2104.2,2107.9,4209.0,4215.8,-6.800000000000182
45355,9,50,2108.0,0,2024-03-04,2024-03-04 09:50:00,2024-03-04 09:50:00,GCJ24.csv,377,GCJ24.csv,1.0,2107.7,2107.7,2108.0,2107.7,0.3000000000001819
45355,10,30,2109.6,-1,2024-03-04,2024-03-04 10:30:00,2024-03-04 10:30:00,GCJ24.csv,270,GCJ24.csv,-1.0,2109.9,2109.9,2109.6,2109.9,0.3000000000001819
45355,12,0,2127.9,0,2024-03-04,2024-03-04 12:00:00,2024-03-04 12:00:00,GCJ24.csv,432,GCJ24.csv,1.0,2127.6,2127.6,2127.9,2127.6,0.3000000000001819
45355,14,30,2124.8,1,2024-03-04,2024-03-04 14:30:00,2024-03-04 14:30:00,GCJ24.csv,139,GCJ24.csv,1.0,2124.5,2124.5,2124.8,2124.5,0.3000000000001819
45356,1,30,2124.7,3,2024-03-05,2024-03-05 01:30:00,2024-03-05 01:30:00,GCJ24.csv,162,GCJ24.csv,2.0,2124.4,2124.4,4249.4,4248.8,0.5999999999994543
45356,3,30,2129.4,1,2024-03-05,2024-03-05 03:30:00,2024-03-05 03:30:00,GCJ24.csv,312,GCJ24.csv,-2.0,2129.7000000000003,2129.7000000000003,4258.8,4259.400000000001,0.6000000000003638
45356,6,0,2132.0,0,2024-03-05,2024-03-05 06:00:00,2024-03-05 06:00:00,GCJ24.csv,105,GCJ24.csv,-1.0,2132.3,2132.3,2132.0,2132.3,0.3000000000001819
45356,9,0,2136.3,1,2024-03-05,2024-03-05 09:00:00,2024-03-05 09:00:00,GCJ24.csv,568,GCJ24.csv,1.0,2136.0,2136.0,2136.3,2136.0,0.3000000000001819
45356,9,40,2137.6,2,2024-03-05,2024-03-05 09:40:00,2024-03-05 09:40:00,GCJ24.csv,555,GCJ24.csv,1.0,2137.3,2137.3,2137.6,2137.3,0.29999999999972715
45356,9,50,2137.3,3,2024-03-05,2024-03-05 09:50:00,2024-03-05 09:50:00,GCJ24.csv,330,GCJ24.csv,1.0,2137.0,2137.0,2137.3,2137.0,0.3000000000001819
45356,10,0,2139.7,2,2024-03-05,2024-03-05 10:00:00,2024-03-05 10:00:00,GCJ24.csv,2772,GCJ24.csv,-1.0,2140.0,2140.0,2139.7,2140.0,0.3000000000001819
45356,10,10,2141.0,1,2024-03-05,2024-03-05 10:10:00,2024-03-05 10:10:00,GCJ24.csv,728,GCJ24.csv,-1.0,2141.3,2141.3,2141.0,2141.3,0.3000000000001819
45356,10,30,2139.9,-1,2024-03-05,2024-03-05 10:30:00,2024-03-05 10:30:00,GCJ24.csv,433,GCJ24.csv,-2.0,2140.2000000000003,2140.2000000000003,4279.8,4280.400000000001,0.6000000000003638
45356,11,0,2135.1,-2,2024-03-05,2024-03-05 11:00:00,2024-03-05 11:00:00,GCJ24.csv,715,GCJ24.csv,-1.0,2135.4,2135.4,2135.1,2135.4,0.3000000000001819
45356,12,0,2136.9,-1,2024-03-05,2024-03-05 12:00:00,2024-03-05 12:00:00,GCJ24.csv,225,GCJ24.csv,1.0,2136.6,2136.6,2136.9,2136.6,0.3000000000001819
45356,14,0,2139.3,1,2024-03-05,2024-03-05 14:00:00,2024-03-05 14:00:00,GCJ24.csv,472,GCJ24.csv,2.0,2139.0,2140.3,4278.6,4280.6,-2.0
45356,14,30,2142.2,3,2024-03-05,2024-03-05 14:30:00,2024-03-05 14:30:00,GCJ24.csv,40,GCJ24.csv,2.0,2141.9,2141.9,4284.4,4283.8,0.5999999999994543
45356,16,0,2138.2,1,2024-03-05,2024-03-05 16:00:00,2024-03-05 16:00:00,GCJ24.csv,197,GCJ24.csv,-2.0,2138.5,2138.5,4276.4,4277.0,0.6000000000003638
45357,1,30,2133.9,2,2024-03-06,2024-03-06 01:30:00,2024-03-06 01:30:00,GCJ24.csv,23,GCJ24.csv,1.0,2133.6,2134.9,2133.9,2134.9,-1.0
45357,3,30,2135.3,1,2024-03-06,2024-03-06 03:30:00,2024-03-06 03:30:00,GCJ24.csv,93,GCJ24.csv,-1.0,2135.6000000000004,2134.3,2135.3,2134.3,-1.0
45357,6,0,2133.8,0,2024-03-06,2024-03-06 06:00:00,2024-03-06 06:00:00,GCJ24.csv,38,GCJ24.csv,-1.0,2134.1000000000004,2134.1000000000004,2133.8,2134.1000000000004,0.3000000000001819
45357,9,0,2147.8,-2,2024-03-06,2024-03-06 09:00:00,2024-03-06 09:00:00,GCJ24.csv,897,GCJ24.csv,-2.0,2148.1000000000004,2148.1000000000004,4295.6,4296.200000000001,0.6000000000003638
45357,9,20,2146.9,0,2024-03-06,2024-03-06 09:20:00,2024-03-06 09:20:00,GCJ24.csv,568,GCJ24.csv,2.0,2146.6,2147.7,4293.8,4295.4,-1.5999999999994543
45357,9,40,2152.1,-2,2024-03-06,2024-03-06 09:40:00,2024-03-06 09:40:00,GCJ24.csv,559,GCJ24.csv,-2.0,2152.4,2152.4,4304.2,4304.8,0.6000000000003638
45357,9,50,2154.8,-4,2024-03-06,2024-03-06 09:50:00,2024-03-06 09:50:00,GCJ24.csv,785,GCJ24.csv,-2.0,2155.1000000000004,2155.1000000000004,4309.6,4310.200000000001,0.6000000000003638
45357,10,0,2152.4,-1,2024-03-06,2024-03-06 10:00:00,2024-03-06 10:00:00,GCJ24.csv,2126,GCJ24.csv,3.0,2152.1,2152.1,6457.200000000001,6456.299999999999,0.9000000000014552
45357,10,10,2147.2,3,2024-03-06,2024-03-06 10:10:00,2024-03-06 10:10:00,GCJ24.csv,578,GCJ24.csv,4.0,2146.9,2149.9,8588.8,8599.6,-10.800000000001091
45357,10,20,2149.6,2,2024-03-06,2024-03-06 10:20:00,2024-03-06 10:20:00,GCJ24.csv,187,GCJ24.csv,-1.0,2149.9,2149.9,2149.6,2149.9,0.3000000000001819
45357,10,30,2148.9,-3,2024-03-06,2024-03-06 10:30:00,2024-03-06 10:30:00,GCJ24.csv,463,GCJ24.csv,-5.0,2149.2000000000003,2149.2000000000003,10744.5,10746.000000000002,1.500000000001819
45357,12,0,2156.3,-1,2024-03-06,2024-03-06 12:00:00,2024-03-06 12:00:00,GCJ24.csv,447,GCJ24.csv,2.0,2156.0,2156.0,4312.6,4312.0,0.6000000000003638
45357,14,0,2155.7,2,2024-03-06,2024-03-06 14:00:00,2024-03-06 14:00:00,GCJ24.csv,155,GCJ24.csv,3.0,2155.4,2155.4,6467.099999999999,6466.200000000001,0.8999999999987267
45357,14,30,2149.3,5,2024-03-06,2024-03-06 14:30:00,2024-03-06 14:30:00,GCJ24.csv,660,GCJ24.csv,3.0,2149.0,2149.0,6447.900000000001,6447.0,0.9000000000005457
45357,16,0,2154.8,2,2024-03-06,2024-03-06 16:00:00,2024-03-06 16:00:00,GCJ24.csv,90,GCJ24.csv,-3.0,2155.1000000000004,2154.4,6464.400000000001,6463.200000000001,-1.199999999999818
45358,1,30,2161.1,3,2024-03-07,2024-03-07 01:30:00,2024-03-07 01:30:00,GCJ24.csv,40,GCJ24.csv,1.0,2160.8,2160.8,2161.1,2160.8,0.29999999999972715
45358,3,30,2165.0,2,2024-03-07,2024-03-07 03:30:00,2024-03-07 03:30:00,GCJ24.csv,175,GCJ24.csv,-1.0,2165.3,2165.3,2165.0,2165.3,0.3000000000001819
45358,9,0,2167.1,1,2024-03-07,2024-03-07 09:00:00,2024-03-07 09:00:00,GCJ24.csv,1003,GCJ24.csv,-1.0,2167.4,2163.2,2167.1,2163.2,-3.900000000000091
45358,9,20,2162.4,3,2024-03-07,2024-03-07 09:20:00,2024-03-07 09:20:00,GCJ24.csv,234,GCJ24.csv,2.0,2162.1,2162.9,4324.8,4325.8,-1.0
45358,10,0,2161.4,1,2024-03-07,2024-03-07 10:00:00,2024-03-07 10:00:00,GCJ24.csv,772,GCJ24.csv,-2.0,2161.7000000000003,2161.7000000000003,4322.8,4323.400000000001,0.6000000000003638
45358,10,30,2160.1,4,2024-03-07,2024-03-07 10:30:00,2024-03-07 10:30:00,GCJ24.csv,309,GCJ24.csv,3.0,2159.8,2159.8,6480.299999999999,6479.400000000001,0.8999999999987267
45358,10,50,2162.5,3,2024-03-07,2024-03-07 10:50:00,2024-03-07 10:50:00,GCJ24.csv,305,GCJ24.csv,-1.0,2162.8,2161.7,2162.5,2161.7,-0.8000000000001819
45358,11,0,2161.0,4,2024-03-07,2024-03-07 11:00:00,2024-03-07 11:00:00,GCJ24.csv,254,GCJ24.csv,1.0,2160.7,2160.7,2161.0,2160.7,0.3000000000001819
45358,12,0,2163.9,3,2024-03-07,2024-03-07 12:00:00,2024-03-07 12:00:00,GCJ24.csv,124,GCJ24.csv,-1.0,2164.2000000000003,2164.2000000000003,2163.9,2164.2000000000003,0.3000000000001819
45358,14,30,2166.3,1,2024-03-07,2024-03-07 14:30:00,2024-03-07 14:30:00,GCJ24.csv,25,GCJ24.csv,-2.0,2166.6000000000004,2166.6000000000004,4332.6,4333.200000000001,0.6000000000003638
45359,1,30,2166.1,0,2024-03-08,2024-03-08 01:30:00,2024-03-08 01:30:00,GCJ24.csv,23,GCJ24.csv,-1.0,2166.5,2166.5,2166.1,2166.5,0.40000000000009095
45359,3,30,2173.5,1,2024-03-08,2024-03-08 03:30:00,2024-03-08 03:30:00,GCJ24.csv,1117,GCJ24.csv,1.0,2173.2,2173.2,2173.5,2173.2,0.3000000000001819
45359,6,0,2175.5,2,2024-03-08,2024-03-08 06:00:00,2024-03-08 06:00:00,GCJ24.csv,89,GCJ24.csv,1.0,2175.2,2175.2,2175.5,2175.2,0.3000000000001819
45359,8,40,2187.4,0,2024-03-08,2024-03-08 08:40:00,2024-03-08 08:40:00,GCJ24.csv,1103,GCJ24.csv,-2.0,2187.7000000000003,2187.7000000000003,4374.8,4375.400000000001,0.6000000000003638
45359,8,50,2182.6,-2,2024-03-08,2024-03-08 08:50:00,2024-03-08 08:50:00,GCJ24.csv,1901,GCJ24.csv,-2.0,2182.9,2182.9,4365.2,4365.8,0.6000000000003638
45359,9,0,2177.9,1,2024-03-08,2024-03-08 09:00:00,2024-03-08 09:00:00,GCJ24.csv,594,GCJ24.csv,3.0,2177.6,2177.6,6533.700000000001,6532.799999999999,0.9000000000014552
45359,9,10,2172.1,4,2024-03-08,2024-03-08 09:10:00,2024-03-08 09:10:00,GCJ24.csv,892,GCJ24.csv,3.0,2171.8,2171.8,6516.299999999999,6515.400000000001,0.8999999999987267
45359,9,20,2176.2,2,2024-03-08,2024-03-08 09:20:00,2024-03-08 09:20:00,GCJ24.csv,280,GCJ24.csv,-2.0,2176.5,2176.5,4352.4,4353.0,0.6000000000003638
45359,9,30,2176.4,1,2024-03-08,2024-03-08 09:30:00,2024-03-08 09:30:00,GCJ24.csv,540,GCJ24.csv,-1.0,2176.7000000000003,2176.7000000000003,2176.4,2176.7000000000003,0.3000000000001819
45359,9,40,2173.3,4,2024-03-08,2024-03-08 09:40:00,2024-03-08 09:40:00,GCJ24.csv,512,GCJ24.csv,3.0,2173.0,2178.6,6519.900000000001,6535.799999999999,-15.899999999998727
45359,9,50,2178.2,2,2024-03-08,2024-03-08 09:50:00,2024-03-08 09:50:00,GCJ24.csv,207,GCJ24.csv,-2.0,2178.5,2178.5,4356.4,4357.0,0.6000000000003638
45359,10,0,2178.7,0,2024-03-08,2024-03-08 10:00:00,2024-03-08 10:00:00,GCJ24.csv,956,GCJ24.csv,-2.0,2179.0,2179.0,4357.4,4358.0,0.6000000000003638
45359,10,10,2179.1,2,2024-03-08,2024-03-08 10:10:00,2024-03-08 10:10:00,GCJ24.csv,489,GCJ24.csv,2.0,2178.8,2178.8,4358.2,4357.6,0.5999999999994543
45359,10,30,2176.9,1,2024-03-08,2024-03-08 10:30:00,2024-03-08 10:30:00,GCJ24.csv,287,GCJ24.csv,-1.0,2177.2000000000003,2177.2000000000003,2176.9,2177.2000000000003,0.3000000000001819
45359,12,0,2187.8,2,2024-03-08,2024-03-08 12:00:00,2024-03-08 12:00:00,GCJ24.csv,1243,GCJ24.csv,1.0,2187.5,2196.7,2187.8,2196.7,-8.899999999999636
45359,14,0,2181.5,4,2024-03-08,2024-03-08 14:00:00,2024-03-08 14:00:00,GCJ24.csv,173,GCJ24.csv,2.0,2181.2,2181.2,4363.0,4362.4,0.6000000000003638
45359,14,30,2182.1,5,2024-03-08,2024-03-08 14:30:00,2024-03-08 14:30:00,GCJ24.csv,151,GCJ24.csv,1.0,2181.8,2184.0,2182.1,2184.0,-1.900000000000091
45359,16,0,2184.2,3,2024-03-08,2024-03-08 16:00:00,2024-03-08 16:00:00,GCJ24.csv,317,GCJ24.csv,-2.0,2184.5,2184.5,4368.4,4369.0,0.6000000000003638
45359,16,30,2184.5,0,2024-03-08,2024-03-08 16:30:00,2024-03-08 16:30:00,GCJ24.csv,7,GCJ24.csv,-3.0,2184.8,2184.8,6553.5,6554.400000000001,0.9000000000005457
45362,6,0,2186.8,-1,2024-03-11,2024-03-11 06:00:00,2024-03-11 06:00:00,GCJ24.csv,48,GCJ24.csv,-1.0,2187.1000000000004,2185.8,2186.8,2185.8,-1.0
45362,9,0,2183.8,1,2024-03-11,2024-03-11 09:00:00,2024-03-11 09:00:00,GCJ24.csv,341,GCJ24.csv,2.0,2183.5,2183.5,4367.6,4367.0,0.6000000000003638
45362,9,40,2188.9,-1,2024-03-11,2024-03-11 09:40:00,2024-03-11 09:40:00,GCJ24.csv,465,GCJ24.csv,-2.0,2189.2000000000003,2189.2000000000003,4377.8,4378.400000000001,0.6000000000003638
45362,9,50,2189.6,-2,2024-03-11,2024-03-11 09:50:00,2024-03-11 09:50:00,GCJ24.csv,249,GCJ24.csv,-1.0,2189.9,2189.9,2189.6,2189.9,0.3000000000001819
45362,10,0,2188.2,0,2024-03-11,2024-03-11 10:00:00,2024-03-11 10:00:00,GCJ24.csv,391,GCJ24.csv,2.0,2187.9,2187.9,4376.4,4375.8,0.5999999999994543
45362,10,10,2183.9,3,2024-03-11,2024-03-11 10:10:00,2024-03-11 10:10:00,GCJ24.csv,260,GCJ24.csv,3.0,2183.6,2183.6,6551.700000000001,6550.799999999999,0.9000000000014552
45362,10,30,2187.8,1,2024-03-11,2024-03-11 10:30:00,2024-03-11 10:30:00,GCJ24.csv,289,GCJ24.csv,-2.0,2188.1000000000004,2188.1000000000004,4375.6,4376.200000000001,0.6000000000003638
45362,11,0,2188.4,-1,2024-03-11,2024-03-11 11:00:00,2024-03-11 11:00:00,GCJ24.csv,290,GCJ24.csv,-2.0,2188.7000000000003,2187.6,4376.8,4375.2,-1.6000000000003638
45362,14,0,2186.2,-2,2024-03-11,2024-03-11 14:00:00,2024-03-11 14:00:00,GCJ24.csv,356,GCJ24.csv,-1.0,2186.5,2186.5,2186.2,2186.5,0.3000000000001819
45362,16,0,2187.6,-1,2024-03-11,2024-03-11 16:00:00,2024-03-11 16:00:00,GCJ24.csv,48,GCJ24.csv,1.0,2187.3,2187.7,2187.6,2187.7,-0.09999999999990905
45363,4,30,2183.2,0,2024-03-12,2024-03-12 04:30:00,2024-03-12 04:30:00,GCJ24.csv,47,GCJ24.csv,1.0,2182.9,2182.9,2183.2,2182.9,0.29999999999972715
45363,6,0,2183.0,1,2024-03-12,2024-03-12 06:00:00,2024-03-12 06:00:00,GCJ24.csv,233,GCJ24.csv,1.0,2182.7,2182.7,2183.0,2182.7,0.3000000000001819
45363,8,30,2176.1,0,2024-03-12,2024-03-12 08:30:00,2024-03-12 08:30:00,GCJ24.csv,5226,GCJ24.csv,-1.0,2176.4,2176.4,2176.1,2176.4,0.3000000000001819
45363,8,40,2184.0,-2,2024-03-12,2024-03-12 08:40:00,2024-03-12 08:40:00,GCJ24.csv,1902,GCJ24.csv,-2.0,2184.3,2184.3,4368.0,4368.6,0.6000000000003638
45363,8,50,2184.4,-3,2024-03-12,2024-03-12 08:50:00,2024-03-12 08:50:00,GCJ24.csv,1317,GCJ24.csv,-1.0,2184.7000000000003,2178.0,2184.4,2178.0,-6.400000000000091
45363,9,0,2175.5,2,2024-03-12,2024-03-12 09:00:00,2024-03-12 09:00:00,GCJ24.csv,2166,GCJ24.csv,5.0,2175.2,2175.2,10877.5,10876.0,1.5
45363,9,10,2168.8,4,2024-03-12,2024-03-12 09:10:00,2024-03-12 09:10:00,GCJ24.csv,1606,GCJ24.csv,2.0,2168.5,2168.5,4337.6,4337.0,0.6000000000003638
45363,9,20,2166.9,3,2024-03-12,2024-03-12 09:20:00,2024-03-12 09:20:00,GCJ24.csv,619,GCJ24.csv,-1.0,2167.2000000000003,2167.2000000000003,2166.9,2167.2000000000003,0.3000000000001819
45363,9,40,2162.9,4,2024-03-12,2024-03-12 09:40:00,2024-03-12 09:40:00,GCJ24.csv,607,GCJ24.csv,1.0,2162.6,2162.6,2162.9,2162.6,0.3000000000001819
45363,9,50,2166.1,2,2024-03-12,2024-03-12 09:50:00,2024-03-12 09:50:00,GCJ24.csv,541,GCJ24.csv,-2.0,2166.4,2166.4,4332.2,4332.8,0.6000000000003638
45363,10,0,2165.8,1,2024-03-12,2024-03-12 10:00:00,2024-03-12 10:00:00,GCJ24.csv,1236,GCJ24.csv,-1.0,2166.1000000000004,2166.1000000000004,2165.8,2166.1000000000004,0.3000000000001819
45363,10,10,2158.9,3,2024-03-12,2024-03-12 10:10:00,2024-03-12 10:10:00,GCJ24.csv,675,GCJ24.csv,2.0,2158.6,2158.6,4317.8,4317.2,0.6000000000003638
45363,11,0,2167.6,1,2024-03-12,2024-03-12 11:00:00,2024-03-12 11:00:00,GCJ24.csv,1329,GCJ24.csv,-2.0,2167.9,2167.9,4335.2,4335.8,0.6000000000003638
45363,12,0,2168.6,4,2024-03-12,2024-03-12 12:00:00,2024-03-12 12:00:00,GCJ24.csv,179,GCJ24.csv,3.0,2168.3,2168.3,6505.799999999999,6504.900000000001,0.8999999999987267
45363,14,0,2160.1,5,2024-03-12,2024-03-12 14:00:00,2024-03-12 14:00:00,GCJ24.csv,887,GCJ24.csv,1.0,2159.8,2159.8,2160.1,2159.8,0.29999999999972715
45363,14,30,2160.9,4,2024-03-12,2024-03-12 14:30:00,2024-03-12 14:30:00,GCJ24.csv,164,GCJ24.csv,-1.0,2161.2000000000003,2161.2000000000003,2160.9,2161.2000000000003,0.3000000000001819
45363,16,0,2162.8,3,2024-03-12,2024-03-12 16:00:00,2024-03-12 16:00:00,GCJ24.csv,123,GCJ24.csv,-1.0,2163.1000000000004,2161.8,2162.8,2161.8,-1.0
45364,4,30,2164.4,4,2024-03-13,2024-03-13 04:30:00,2024-03-13 04:30:00,GCJ24.csv,115,GCJ24.csv,1.0,2164.1,2164.1,2164.4,2164.1,0.3000000000001819
45364,6,0,2163.8,6,2024-03-13,2024-03-13 06:00:00,2024-03-13 06:00:00,GCJ24.csv,80,GCJ24.csv,2.0,2163.5,2163.5,4327.6,4327.0,0.6000000000003638
45364,8,30,2169.2,5,2024-03-13,2024-03-13 08:30:00,2024-03-13 08:30:00,GCJ24.csv,310,GCJ24.csv,-1.0,2169.5,2169.5,2169.2,2169.5,0.3000000000001819
45364,9,40,2175.0,3,2024-03-13,2024-03-13 09:40:00,2024-03-13 09:40:00,GCJ24.csv,1287,GCJ24.csv,-2.0,2175.3,2175.3,4350.0,4350.6,0.6000000000003638
45364,10,0,2171.6,5,2024-03-13,2024-03-13 10:00:00,2024-03-13 10:00:00,GCJ24.csv,326,GCJ24.csv,2.0,2171.3,2171.3,4343.2,4342.6,0.5999999999994543
45364,12,0,2177.3,6,2024-03-13,2024-03-13 12:00:00,2024-03-13 12:00:00,GCJ24.csv,140,GCJ24.csv,1.0,2177.0,2177.0,2177.3,2177.0,0.3000000000001819
45365,1,30,2175.4,3,2024-03-14,2024-03-14 01:30:00,2024-03-14 01:30:00,GCJ24.csv,40,GCJ24.csv,-3.0,2175.8,2175.5,6526.200000000001,6526.5,0.2999999999992724
45365,3,30,2171.9,6,2024-03-14,2024-03-14 03:30:00,2024-03-14 03:30:00,GCJ24.csv,66,GCJ24.csv,3.0,2171.6,2172.3,6515.700000000001,6516.900000000001,-1.199999999999818
45365,4,30,2173.8,8,2024-03-14,2024-03-14 04:30:00,2024-03-14 04:30:00,GCJ24.csv,404,GCJ24.csv,2.0,2173.5,2173.5,4347.6,4347.0,0.6000000000003638
45365,8,30,2171.7,6,2024-03-14,2024-03-14 08:30:00,2024-03-14 08:30:00,GCJ24.csv,2388,GCJ24.csv,-2.0,2172.0,2172.0,4343.4,4344.0,0.6000000000003638
45365,9,0,2167.3,7,2024-03-14,2024-03-14 09:00:00,2024-03-14 09:00:00,GCJ24.csv,765,GCJ24.csv,1.0,2167.0,2167.0,2167.3,2167.0,0.3000000000001819
45365,10,30,2166.5,8,2024-03-14,2024-03-14 10:30:00,2024-03-14 10:30:00,GCJ24.csv,375,GCJ24.csv,1.0,2166.1,2167.6,2166.5,2167.6,-1.099999999999909
45365,11,0,2165.9,7,2024-03-14,2024-03-14 11:00:00,2024-03-14 11:00:00,GCJ24.csv,635,GCJ24.csv,-1.0,2166.2000000000003,2166.2000000000003,2165.9,2166.2000000000003,0.3000000000001819
45365,12,0,2161.4,6,2024-03-14,2024-03-14 12:00:00,2024-03-14 12:00:00,GCJ24.csv,192,GCJ24.csv,-1.0,2161.7000000000003,2161.7000000000003,2161.4,2161.7000000000003,0.3000000000001819
45365,14,30,2166.1,5,2024-03-14,2024-03-14 14:30:00,2024-03-14 14:30:00,GCJ24.csv,108,GCJ24.csv,-1.0,2166.4,2166.4,2166.1,2166.4,0.3000000000001819
45366,1,30,2168.3,7,2024-03-15,2024-03-15 01:30:00,2024-03-15 01:30:00,GCJ24.csv,29,GCJ24.csv,2.0,2168.0,2169.4,4336.6,4338.8,-2.199999999999818
45366,3,30,2172.1,5,2024-03-15,2024-03-15 03:30:00,2024-03-15 03:30:00,GCJ24.csv,89,GCJ24.csv,-2.0,2172.4,2172.4,4344.2,4344.8,0.6000000000003638
45366,6,0,2176.1,7,2024-03-15,2024-03-15 06:00:00,2024-03-15 06:00:00,GCJ24.csv,695,GCJ24.csv,2.0,2175.8,2175.8,4352.2,4351.6,0.5999999999994543
45366,8,40,2163.2,8,2024-03-15,2024-03-15 08:40:00,2024-03-15 08:40:00,GCJ24.csv,552,GCJ24.csv,1.0,2162.9,2162.9,2163.2,2162.9,0.29999999999972715
45366,9,0,2165.6,7,2024-03-15,2024-03-15 09:00:00,2024-03-15 09:00:00,GCJ24.csv,471,GCJ24.csv,-1.0,2165.9,2165.9,2165.6,2165.9,0.3000000000001819
45366,10,30,2164.8,8,2024-03-15,2024-03-15 10:30:00,2024-03-15 10:30:00,GCJ24.csv,237,GCJ24.csv,1.0,2164.5,2164.5,2164.8,2164.5,0.3000000000001819
45366,12,0,2163.8,5,2024-03-15,2024-03-15 12:00:00,2024-03-15 12:00:00,GCJ24.csv,135,GCJ24.csv,-3.0,2164.1000000000004,2164.1000000000004,6491.400000000001,6492.300000000001,0.9000000000005457
45366,14,30,2161.4,4,2024-03-15,2024-03-15 14:30:00,2024-03-15 14:30:00,GCJ24.csv,69,GCJ24.csv,-1.0,2161.7000000000003,2161.6,2161.4,2161.6,0.1999999999998181
45366,16,30,2161.9,0,2024-03-15,2024-03-15 16:30:00,2024-03-15 16:30:00,GCJ24.csv,21,GCJ24.csv,-4.0,2162.3,2161.1,8647.6,8644.4,-3.2000000000007276
45369,1,30,2149.9,-1,2024-03-18,2024-03-18 01:30:00,2024-03-18 01:30:00,GCJ24.csv,126,GCJ24.csv,-1.0,2150.2000000000003,2150.2000000000003,2149.9,2150.2000000000003,0.3000000000001819
45369,3,30,2153.8,0,2024-03-18,2024-03-18 03:30:00,2024-03-18 03:30:00,GCJ24.csv,189,GCJ24.csv,1.0,2153.5,2153.5,2153.8,2153.5,0.3000000000001819
45369,4,30,2156.2,-2,2024-03-18,2024-03-18 04:30:00,2024-03-18 04:30:00,GCJ24.csv,71,GCJ24.csv,-2.0,2156.5,2156.5,4312.4,4313.0,0.6000000000003638
45369,6,0,2158.4,1,2024-03-18,2024-03-18 06:00:00,2024-03-18 06:00:00,GCJ24.csv,45,GCJ24.csv,3.0,2158.1,2158.1,6475.200000000001,6474.299999999999,0.9000000000014552
45369,8,30,2165.1,3,2024-03-18,2024-03-18 08:30:00,2024-03-18 08:30:00,GCJ24.csv,534,GCJ24.csv,2.0,2164.8,2164.8,4330.2,4329.6,0.5999999999994543
45369,9,0,2162.3,5,2024-03-18,2024-03-18 09:00:00,2024-03-18 09:00:00,GCJ24.csv,555,GCJ24.csv,2.0,2162.0,2162.0,4324.6,4324.0,0.6000000000003638
45369,10,10,2164.0,3,2024-03-18,2024-03-18 10:10:00,2024-03-18 10:10:00,GCJ24.csv,211,GCJ24.csv,-2.0,2164.3,2164.3,4328.0,4328.6,0.6000000000003638
45369,10,30,2163.4,5,2024-03-18,2024-03-18 10:30:00,2024-03-18 10:30:00,GCJ24.csv,88,GCJ24.csv,2.0,2163.1,2163.1,4326.8,4326.2,0.6000000000003638
45369,11,0,2161.9,3,2024-03-18,2024-03-18 11:00:00,2024-03-18 11:00:00,GCJ24.csv,499,GCJ24.csv,-2.0,2162.2000000000003,2162.2000000000003,4323.8,4324.400000000001,0.6000000000003638
45369,12,0,2161.7,5,2024-03-18,2024-03-18 12:00:00,2024-03-18 12:00:00,GCJ24.csv,185,GCJ24.csv,2.0,2161.4,2161.4,4323.4,4322.8,0.5999999999994543
45370,1,30,2161.6,3,2024-03-19,2024-03-19 01:30:00,2024-03-19 01:30:00,GCJ24.csv,139,GCJ24.csv,-2.0,2161.9,2161.9,4323.2,4323.8,0.6000000000003638
45370,3,30,2158.7,5,2024-03-19,2024-03-19 03:30:00,2024-03-19 03:30:00,GCJ24.csv,78,GCJ24.csv,2.0,2158.4,2160.1,4317.4,4320.2,-2.800000000000182
45370,4,30,2153.7,3,2024-03-19,2024-03-19 04:30:00,2024-03-19 04:30:00,GCJ24.csv,254,GCJ24.csv,-2.0,2154.0,2154.0,4307.4,4308.0,0.6000000000003638
45370,8,30,2156.4,5,2024-03-19,2024-03-19 08:30:00,2024-03-19 08:30:00,GCJ24.csv,606,GCJ24.csv,2.0,2156.1,2156.1,4312.8,4312.2,0.6000000000003638
45370,10,30,2155.9,7,2024-03-19,2024-03-19 10:30:00,2024-03-19 10:30:00,GCJ24.csv,120,GCJ24.csv,2.0,2155.6,2155.6,4311.8,4311.2,0.6000000000003638
45370,14,30,2159.7,5,2024-03-19,2024-03-19 14:30:00,2024-03-19 14:30:00,GCJ24.csv,21,GCJ24.csv,-2.0,2160.0,2160.0,4319.4,4320.0,0.6000000000003638
45371,1,30,2160.6,2,2024-03-20,2024-03-20 01:30:00,2024-03-20 01:30:00,GCJ24.csv,41,GCJ24.csv,-3.0,2161.0,2161.0,6481.799999999999,6483.0,1.2000000000007276
45371,3,30,2161.9,5,2024-03-20,2024-03-20 03:30:00,2024-03-20 03:30:00,GCJ24.csv,60,GCJ24.csv,3.0,2161.6,2161.6,6485.700000000001,6484.799999999999,0.9000000000014552
45371,4,30,2159.1,3,2024-03-20,2024-03-20 04:30:00,2024-03-20 04:30:00,GCJ24.csv,42,GCJ24.csv,-2.0,2159.4,2159.4,4318.2,4318.8,0.6000000000003638
45371,6,0,2157.2,4,2024-03-20,2024-03-20 06:00:00,2024-03-20 06:00:00,GCJ24.csv,355,GCJ24.csv,1.0,2156.9,2156.9,2157.2,2156.9,0.29999999999972715
45371,8,30,2157.2,6,2024-03-20,2024-03-20 08:30:00,2024-03-20 08:30:00,GCJ24.csv,88,GCJ24.csv,2.0,2156.9,2156.9,4314.4,4313.8,0.5999999999994543
45371,9,0,2156.1,7,2024-03-20,2024-03-20 09:00:00,2024-03-20 09:00:00,GCJ24.csv,177,GCJ24.csv,1.0,2155.8,2155.8,2156.1,2155.8,0.29999999999972715
45371,9,30,2153.8,8,2024-03-20,2024-03-20 09:30:00,2024-03-20 09:30:00,GCJ24.csv,816,GCJ24.csv,1.0,2153.5,2153.5,2153.8,2153.5,0.3000000000001819
45371,9,50,2158.2,5,2024-03-20,2024-03-20 09:50:00,2024-03-20 09:50:00,GCJ24.csv,233,GCJ24.csv,-3.0,2158.5,2158.5,6474.599999999999,6475.5,0.9000000000005457
45371,10,10,2167.3,4,2024-03-20,2024-03-20 10:10:00,2024-03-20 10:10:00,GCJ24.csv,624,GCJ24.csv,-1.0,2167.6000000000004,2167.6000000000004,2167.3,2167.6000000000004,0.3000000000001819
45371,10,30,2163.9,7,2024-03-20,2024-03-20 10:30:00,2024-03-20 10:30:00,GCJ24.csv,337,GCJ24.csv,3.0,2163.6,2163.6,6491.700000000001,6490.799999999999,0.9000000000014552
45371,11,0,2159.9,6,2024-03-20,2024-03-20 11:00:00,2024-03-20 11:00:00,GCJ24.csv,304,GCJ24.csv,-1.0,2160.2000000000003,2160.2000000000003,2159.9,2160.2000000000003,0.3000000000001819
45371,12,0,2158.8,7,2024-03-20,2024-03-20 12:00:00,2024-03-20 12:00:00,GCJ24.csv,135,GCJ24.csv,1.0,2158.5,2158.5,2158.8,2158.5,0.3000000000001819
45371,14,0,2160.7,5,2024-03-20,2024-03-20 14:00:00,2024-03-20 14:00:00,GCJ24.csv,3114,GCJ24.csv,-2.0,2161.0,2161.0,4321.4,4322.0,0.6000000000003638
45371,16,0,2186.5,7,2024-03-20,2024-03-20 16:00:00,2024-03-20 16:00:00,GCJ24.csv,457,GCJ24.csv,2.0,2186.2,2186.2,4373.0,4372.4,0.6000000000003638
45372,4,30,2205.6,8,2024-03-21,2024-03-21 04:30:00,2024-03-21 04:30:00,GCJ24.csv,581,GCJ24.csv,1.0,2205.3,2205.3,2205.6,2205.3,0.29999999999972715
45372,6,0,2207.8,1,2024-03-21,2024-03-21 06:00:00,2024-03-21 06:00:00,GCJ24.csv,86,GCJ24.csv,-7.0,2208.1000000000004,2208.1000000000004,15454.600000000002,15456.700000000003,2.100000000000364
45372,8,30,2209.6,0,2024-03-21,2024-03-21 08:30:00,2024-03-21 08:30:00,GCJ24.csv,696,GCJ24.csv,-1.0,2209.9,2209.9,2209.6,2209.9,0.3000000000001819
45372,9,10,2205.8,2,2024-03-21,2024-03-21 09:10:00,2024-03-21 09:10:00,GCJ24.csv,473,GCJ24.csv,2.0,2205.5,2205.5,4411.6,4411.0,0.6000000000003638
45372,9,30,2204.4,0,2024-03-21,2024-03-21 09:30:00,2024-03-21 09:30:00,GCJ24.csv,1813,GCJ24.csv,-2.0,2204.7000000000003,2202.0,4408.8,4404.0,-4.800000000000182
45372,9,40,2201.6,2,2024-03-21,2024-03-21 09:40:00,2024-03-21 09:40:00,GCJ24.csv,279,GCJ24.csv,2.0,2201.3,2201.3,4403.2,4402.6,0.5999999999994543
45372,9,50,2198.2,4,2024-03-21,2024-03-21 09:50:00,2024-03-21 09:50:00,GCJ24.csv,755,GCJ24.csv,2.0,2197.9,2197.9,4396.4,4395.8,0.5999999999994543
45372,10,0,2193.1,3,2024-03-21,2024-03-21 10:00:00,2024-03-21 10:00:00,GCJ24.csv,1710,GCJ24.csv,-1.0,2193.5,2193.5,2193.1,2193.5,0.40000000000009095
45372,10,10,2185.7,2,2024-03-21,2024-03-21 10:10:00,2024-03-21 10:10:00,GCJ24.csv,1458,GCJ24.csv,-1.0,2186.1,2186.1,2185.7,2186.1,0.40000000000009095
45372,10,30,2178.7,5,2024-03-21,2024-03-21 10:30:00,2024-03-21 10:30:00,GCJ24.csv,1017,GCJ24.csv,3.0,2178.4,2181.3,6536.099999999999,6543.900000000001,-7.800000000001091
45372,10,40,2180.5,4,2024-03-21,2024-03-21 10:40:00,2024-03-21 10:40:00,GCJ24.csv,1072,GCJ24.csv,-1.0,2180.9,2180.9,2180.5,2180.9,0.40000000000009095
45372,10,50,2181.8,3,2024-03-21,2024-03-21 10:50:00,2024-03-21 10:50:00,GCJ24.csv,581,GCJ24.csv,-1.0,2182.1000000000004,2182.1000000000004,2181.8,2182.1000000000004,0.3000000000001819
45372,14,30,2183.7,0,2024-03-21,2024-03-21 14:30:00,2024-03-21 14:30:00,GCJ24.csv,59,GCJ24.csv,-3.0,2184.0,2184.0,6551.099999999999,6552.0,0.9000000000005457
45373,1,30,2175.6,-1,2024-03-22,2024-03-22 01:30:00,2024-03-22 01:30:00,GCJ24.csv,88,GCJ24.csv,-1.0,2175.9,2175.9,2175.6,2175.9,0.3000000000001819
45373,3,30,2166.4,0,2024-03-22,2024-03-22 03:30:00,2024-03-22 03:30:00,GCJ24.csv,261,GCJ24.csv,1.0,2166.1,2168.3,2166.4,2168.3,-1.900000000000091
45373,6,0,2168.1,3,2024-03-22,2024-03-22 06:00:00,2024-03-22 06:00:00,GCJ24.csv,64,GCJ24.csv,3.0,2167.8,2168.6,6504.299999999999,6505.799999999999,-1.5
45373,9,50,2181.0,1,2024-03-22,2024-03-22 09:50:00,2024-03-22 09:50:00,GCJ24.csv,214,GCJ24.csv,-2.0,2181.3,2181.3,4362.0,4362.6,0.6000000000003638
45373,10,0,2180.6,0,2024-03-22,2024-03-22 10:00:00,2024-03-22 10:00:00,GCJ24.csv,202,GCJ24.csv,-1.0,2180.9,2180.9,2180.6,2180.9,0.3000000000001819
45373,10,10,2176.0,4,2024-03-22,2024-03-22 10:10:00,2024-03-22 10:10:00,GCJ24.csv,265,GCJ24.csv,4.0,2175.7,2175.7,8704.0,8702.8,1.2000000000007276
45373,10,20,2176.0,5,2024-03-22,2024-03-22 10:20:00,2024-03-22 10:20:00,GCJ24.csv,520,GCJ24.csv,1.0,2175.7,2175.7,2176.0,2175.7,0.3000000000001819
45373,14,0,2160.5,7,2024-03-22,2024-03-22 14:00:00,2024-03-22 14:00:00,GCJ24.csv,145,GCJ24.csv,2.0,2160.2,2160.2,4321.0,4320.4,0.6000000000003638
45373,14,30,2165.5,5,2024-03-22,2024-03-22 14:30:00,2024-03-22 14:30:00,GCJ24.csv,145,GCJ24.csv,-2.0,2165.8,2164.0,4331.0,4328.0,-3.0
45373,16,0,2165.7,3,2024-03-22,2024-03-22 16:00:00,2024-03-22 16:00:00,GCJ24.csv,142,GCJ24.csv,-2.0,2166.0,2165.8,4331.4,4331.6,0.2000000000007276
45373,16,30,2167.3,0,2024-03-22,2024-03-22 16:30:00,2024-03-22 16:30:00,GCJ24.csv,33,GCJ24.csv,-3.0,2167.6000000000004,2166.4,6501.900000000001,6499.200000000001,-2.699999999999818
45376,1,30,2169.4,-1,2024-03-25,2024-03-25 01:30:00,2024-03-25 01:30:00,GCJ24.csv,51,GCJ24.csv,-1.0,2169.7000000000003,2169.7000000000003,2169.4,2169.7000000000003,0.3000000000001819
45376,3,30,2167.7,0,2024-03-25,2024-03-25 03:30:00,2024-03-25 03:30:00,GCJ24.csv,31,GCJ24.csv,1.0,2167.4,2167.4,2167.7,2167.4,0.29999999999972715
45376,9,0,2175.6,-1,2024-03-25,2024-03-25 09:00:00,2024-03-25 09:00:00,GCJ24.csv,722,GCJ24.csv,-1.0,2175.9,2175.9,2175.6,2175.9,0.3000000000001819
45376,9,40,2178.8,-2,2024-03-25,2024-03-25 09:40:00,2024-03-25 09:40:00,GCJ24.csv,187,GCJ24.csv,-1.0,2179.1000000000004,2179.1000000000004,2178.8,2179.1000000000004,0.3000000000001819
45376,10,0,2178.3,-1,2024-03-25,2024-03-25 10:00:00,2024-03-25 10:00:00,GCJ24.csv,248,GCJ24.csv,1.0,2178.0,2178.8,2178.3,2178.8,-0.5
45376,10,30,2178.4,-2,2024-03-25,2024-03-25 10:30:00,2024-03-25 10:30:00,GCJ24.csv,234,GCJ24.csv,-1.0,2178.7000000000003,2176.9,2178.4,2176.9,-1.5
45376,11,0,2178.8,-1,2024-03-25,2024-03-25 11:00:00,2024-03-25 11:00:00,GCJ24.csv,429,GCJ24.csv,1.0,2178.5,2178.5,2178.8,2178.5,0.3000000000001819
45376,12,0,2176.5,2,2024-03-25,2024-03-25 12:00:00,2024-03-25 12:00:00,GCJ24.csv,133,GCJ24.csv,3.0,2176.2,2177.4,6529.5,6532.200000000001,-2.7000000000007276
45376,14,30,2175.3,3,2024-03-25,2024-03-25 14:30:00,2024-03-25 14:30:00,GCJ24.csv,28,GCJ24.csv,1.0,2175.0,2175.0,2175.3,2175.0,0.3000000000001819
45377,1,30,2172.2,4,2024-03-26,2024-03-26 01:30:00,2024-03-26 01:30:00,GCM24.csv,63,GCM24.csv,1.0,2193.6,2194.4,2172.2,2194.4,-22.200000000000273
45377,3,30,2172.1,3,2024-03-26,2024-03-26 03:30:00,2024-03-26 03:30:00,GCM24.csv,101,GCM24.csv,-1.0,2194.1,2194.1,2172.1,2194.1,22.0
45377,6,0,2191.5,6,2024-03-26,2024-03-26 06:00:00,2024-03-26 06:00:00,GCM24.csv,92,GCM24.csv,3.0,2213.0,2213.7,6574.5,6641.099999999999,-66.59999999999945
45377,8,50,2188.7,7,2024-03-26,2024-03-26 08:50:00,2024-03-26 08:50:00,GCM24.csv,257,GCM24.csv,1.0,2210.6,2210.6,2188.7,2210.6,-21.90000000000009
45377,9,10,2188.9,6,2024-03-26,2024-03-26 09:10:00,2024-03-26 09:10:00,GCM24.csv,118,GCM24.csv,-1.0,2211.4,2211.4,2188.9,2211.4,22.5
45377,9,50,2183.3,7,2024-03-26,2024-03-26 09:50:00,2024-03-26 09:50:00,GCM24.csv,298,GCM24.csv,1.0,2205.0,2205.0,2183.3,2205.0,-21.699999999999818
45377,10,10,2185.6,6,2024-03-26,2024-03-26 10:10:00,2024-03-26 10:10:00,GCJ24.csv,203,GCJ24.csv,-1.0,2185.9,2185.9,2185.6,2185.9,0.3000000000001819
45378,4,30,2178.5,3,2024-03-27,2024-03-27 04:30:00,2024-03-27 04:30:00,GCM24.csv,97,GCM24.csv,-3.0,2200.6,2199.2,6535.5,6597.599999999999,62.099999999999454
45378,6,0,2188.2,4,2024-03-27,2024-03-27 06:00:00,2024-03-27 06:00:00,GCM24.csv,349,GCM24.csv,1.0,2209.4,2209.4,2188.2,2209.4,-21.200000000000273
45378,8,30,2186.1,7,2024-03-27,2024-03-27 08:30:00,2024-03-27 08:30:00,GCM24.csv,169,GCM24.csv,3.0,2207.5,2207.5,6558.299999999999,6622.5,-64.20000000000073
45378,9,40,2190.9,5,2024-03-27,2024-03-27 09:40:00,2024-03-27 09:40:00,GCM24.csv,541,GCM24.csv,-2.0,2211.6000000000004,2211.6000000000004,4381.8,4423.200000000001,41.400000000000546
45378,10,0,2192.4,7,2024-03-27,2024-03-27 10:00:00,2024-03-27 10:00:00,GCM24.csv,456,GCM24.csv,2.0,2214.2,2214.2,4384.8,4428.4,-43.599999999999454
45378,10,30,2190.9,8,2024-03-27,2024-03-27 10:30:00,2024-03-27 10:30:00,GCM24.csv,173,GCM24.csv,1.0,2212.6,2212.6,2190.9,2212.6,-21.699999999999818
45378,12,0,2189.0,7,2024-03-27,2024-03-27 12:00:00,2024-03-27 12:00:00,GCM24.csv,401,GCM24.csv,-1.0,2211.6,2211.6,2189.0,2211.6,22.59999999999991
45378,14,30,2188.7,6,2024-03-27,2024-03-27 14:30:00,2024-03-27 14:30:00,GCM24.csv,24,GCM24.csv,-1.0,2211.2000000000003,2211.2000000000003,2188.7,2211.2000000000003,22.500000000000455
45379,4,30,2194.3,4,2024-03-28,2024-03-28 04:30:00,2024-03-28 04:30:00,GCM24.csv,61,GCM24.csv,-2.0,2214.6000000000004,2214.6000000000004,4388.6,4429.200000000001,40.600000000000364
45379,6,0,2195.1,0,2024-03-28,2024-03-28 06:00:00,2024-03-28 06:00:00,GCM24.csv,69,GCM24.csv,-4.0,2218.8,2218.8,8780.4,8875.2,94.80000000000109
45379,8,30,2210.7,2,2024-03-28,2024-03-28 08:30:00,2024-03-28 08:30:00,GCM24.csv,750,GCM24.csv,2.0,2231.9,2231.9,4421.4,4463.8,-42.400000000000546
45379,8,40,2207.3,3,2024-03-28,2024-03-28 08:40:00,2024-03-28 08:40:00,GCM24.csv,457,GCM24.csv,1.0,2229.0,2229.0,2207.3,2229.0,-21.699999999999818
45379,9,0,2215.0,0,2024-03-28,2024-03-28 09:00:00,2024-03-28 09:00:00,GCM24.csv,2039,GCM24.csv,-3.0,2236.6000000000004,2236.6000000000004,6645.0,6709.800000000001,64.80000000000109
45379,9,10,2212.1,-1,2024-03-28,2024-03-28 09:10:00,2024-03-28 09:10:00,GCM24.csv,210,GCM24.csv,-1.0,2233.6,2233.6,2212.1,2233.6,21.5
45379,9,20,2210.9,3,2024-03-28,2024-03-28 09:20:00,2024-03-28 09:20:00,GCM24.csv,469,GCM24.csv,4.0,2232.2,2232.2,8843.6,8928.8,-85.19999999999891
45379,9,30,2208.8,4,2024-03-28,2024-03-28 09:30:00,2024-03-28 09:30:00,GCM24.csv,982,GCM24.csv,1.0,2230.0,2230.0,2208.8,2230.0,-21.199999999999818
45379,10,0,2207.3,2,2024-03-28,2024-03-28 10:00:00,2024-03-28 10:00:00,GCM24.csv,578,GCM24.csv,-2.0,2228.8,2228.8,4414.6,4457.6,43.0
45379,10,30,2206.1,0,2024-03-28,2024-03-28 10:30:00,2024-03-28 10:30:00,GCM24.csv,268,GCM24.csv,-2.0,2227.6,2227.6,4412.2,4455.2,43.0
45379,12,0,2215.5,1,2024-03-28,2024-03-28 12:00:00,2024-03-28 12:00:00,GCM24.csv,608,GCM24.csv,1.0,2236.0,2236.0,2215.5,2236.0,-20.5
45379,14,30,2221.0,3,2024-03-28,2024-03-28 14:30:00,2024-03-28 14:30:00,GCM24.csv,236,GCM24.csv,2.0,2241.8,2241.8,4442.0,4483.6,-41.600000000000364
45380,12,0,2234.1,0,2024-03-29,2024-03-29 12:00:00,2024-03-29 12:00:00,GCM24.csv,248,GCM24.csv,-3.0,2255.2000000000003,2259.2,6702.299999999999,6777.599999999999,75.30000000000018
45383,9,20,2255.9,-2,2024-04-01,2024-04-01 09:20:00,2024-04-01 09:20:00,GCM24.csv,266,GCM24.csv,-2.0,2276.7000000000003,2277.6,4511.8,4555.2,43.399999999999636
45383,9,40,2255.9,0,2024-04-01,2024-04-01 09:40:00,2024-04-01 09:40:00,GCM24.csv,536,GCM24.csv,2.0,2271.1,2271.1,4511.8,4542.2,-30.399999999999636
45383,9,50,2250.9,2,2024-04-01,2024-04-01 09:50:00,2024-04-01 09:50:00,GCM24.csv,1688,GCM24.csv,2.0,2262.9,2262.9,4501.8,4525.8,-24.0
45383,10,0,2243.1,3,2024-04-01,2024-04-01 10:00:00,2024-04-01 10:00:00,GCM24.csv,1984,GCM24.csv,1.0,2262.7,2262.7,2243.1,2262.7,-19.59999999999991
45383,10,10,2235.9,2,2024-04-01,2024-04-01 10:10:00,2024-04-01 10:10:00,GCM24.csv,701,GCM24.csv,-1.0,2257.8,2257.8,2235.9,2257.8,21.90000000000009
45383,10,20,2234.0,1,2024-04-01,2024-04-01 10:20:00,2024-04-01 10:20:00,GCM24.csv,776,GCM24.csv,-1.0,2253.0,2253.0,2234.0,2253.0,19.0
45383,10,30,2234.0,0,2024-04-01,2024-04-01 10:30:00,2024-04-01 10:30:00,GCM24.csv,424,GCM24.csv,-1.0,2253.7000000000003,2253.7000000000003,2234.0,2253.7000000000003,19.700000000000273
45384,1,30,2274.6,-3,2024-04-02,2024-04-02 01:30:00,2024-04-02 01:30:00,GCM24.csv,145,GCM24.csv,-3.0,2275.0,2275.0,6823.799999999999,6825.0,1.2000000000007276
45384,3,30,2274.2,0,2024-04-02,2024-04-02 03:30:00,2024-04-02 03:30:00,GCM24.csv,141,GCM24.csv,3.0,2273.9,2273.9,6822.599999999999,6821.700000000001,0.8999999999987267
45384,4,30,2282.0,-2,2024-04-02,2024-04-02 04:30:00,2024-04-02 04:30:00,GCM24.csv,103,GCM24.csv,-2.0,2282.4,2282.4,4564.0,4564.8,0.8000000000001819
45384,6,0,2281.2,-3,2024-04-02,2024-04-02 06:00:00,2024-04-02 06:00:00,GCM24.csv,113,GCM24.csv,-1.0,2281.6,2279.3,2281.2,2279.3,-1.8999999999996362
45384,8,30,2276.9,-1,2024-04-02,2024-04-02 08:30:00,2024-04-02 08:30:00,GCM24.csv,252,GCM24.csv,2.0,2276.6,2276.6,4553.8,4553.2,0.6000000000003638
45384,9,0,2277.7,0,2024-04-02,2024-04-02 09:00:00,2024-04-02 09:00:00,GCM24.csv,366,GCM24.csv,1.0,2277.3,2277.3,2277.7,2277.3,0.3999999999996362
45384,9,40,2284.3,-1,2024-04-02,2024-04-02 09:40:00,2024-04-02 09:40:00,GCM24.csv,1107,GCM24.csv,-1.0,2284.7000000000003,2284.7000000000003,2284.3,2284.7000000000003,0.40000000000009095
45384,10,0,2286.2,0,2024-04-02,2024-04-02 10:00:00,2024-04-02 10:00:00,GCM24.csv,858,GCM24.csv,1.0,2285.8,2285.8,2286.2,2285.8,0.3999999999996362
45384,11,0,2280.5,-1,2024-04-02,2024-04-02 11:00:00,2024-04-02 11:00:00,GCM24.csv,567,GCM24.csv,-1.0,2280.9,2280.9,2280.5,2280.9,0.40000000000009095
45385,1,30,2303.8,-4,2024-04-03,2024-04-03 01:30:00,2024-04-03 01:30:00,GCM24.csv,131,GCM24.csv,-3.0,2304.2000000000003,2304.2000000000003,6911.400000000001,6912.6,1.199999999999818
45385,3,30,2292.9,-1,2024-04-03,2024-04-03 03:30:00,2024-04-03 03:30:00,GCM24.csv,294,GCM24.csv,3.0,2292.6,2292.6,6878.700000000001,6877.799999999999,0.9000000000014552
45385,4,30,2289.6,-2,2024-04-03,2024-04-03 04:30:00,2024-04-03 04:30:00,GCM24.csv,102,GCM24.csv,-1.0,2290.0,2290.0,2289.6,2290.0,0.40000000000009095
45385,6,0,2292.2,-3,2024-04-03,2024-04-03 06:00:00,2024-04-03 06:00:00,GCM24.csv,59,GCM24.csv,-1.0,2292.6,2292.6,2292.2,2292.6,0.40000000000009095
45385,8,30,2288.7,-2,2024-04-03,2024-04-03 08:30:00,2024-04-03 08:30:00,GCM24.csv,1080,GCM24.csv,1.0,2288.4,2288.4,2288.7,2288.4,0.29999999999972715
45385,9,10,2297.9,-3,2024-04-03,2024-04-03 09:10:00,2024-04-03 09:10:00,GCM24.csv,299,GCM24.csv,-1.0,2298.3,2298.3,2297.9,2298.3,0.40000000000009095
45385,9,20,2295.5,-2,2024-04-03,2024-04-03 09:20:00,2024-04-03 09:20:00,GCM24.csv,180,GCM24.csv,1.0,2295.2,2295.2,2295.5,2295.2,0.3000000000001819
45385,9,30,2294.9,-1,2024-04-03,2024-04-03 09:30:00,2024-04-03 09:30:00,GCM24.csv,674,GCM24.csv,1.0,2294.6,2294.6,2294.9,2294.6,0.3000000000001819
45385,9,40,2294.5,-2,2024-04-03,2024-04-03 09:40:00,2024-04-03 09:40:00,GCM24.csv,304,GCM24.csv,-1.0,2294.9,2294.9,2294.5,2294.9,0.40000000000009095
45385,10,30,2296.3,-1,2024-04-03,2024-04-03 10:30:00,2024-04-03 10:30:00,GCM24.csv,823,GCM24.csv,1.0,2296.0,2296.0,2296.3,2296.0,0.3000000000001819
45385,12,0,2306.9,0,2024-04-03,2024-04-03 12:00:00,2024-04-03 12:00:00,GCM24.csv,204,GCM24.csv,1.0,2306.5,2306.5,2306.9,2306.5,0.40000000000009095
45385,14,0,2315.5,2,2024-04-03,2024-04-03 14:00:00,2024-04-03 14:00:00,GCM24.csv,104,GCM24.csv,2.0,2315.1,2315.1,4631.0,4630.2,0.8000000000001819
45385,14,30,2315.0,1,2024-04-03,2024-04-03 14:30:00,2024-04-03 14:30:00,GCM24.csv,40,GCM24.csv,-1.0,2315.4,2315.4,2315.0,2315.4,0.40000000000009095
45385,16,0,2318.1,-1,2024-04-03,2024-04-03 16:00:00,2024-04-03 16:00:00,GCM24.csv,151,GCM24.csv,-2.0,2318.5,2318.5,4636.2,4637.0,0.8000000000001819
45386,4,30,2310.9,-2,2024-04-04,2024-04-04 04:30:00,2024-04-04 04:30:00,GCM24.csv,106,GCM24.csv,-1.0,2311.3,2311.3,2310.9,2311.3,0.40000000000009095
45386,6,0,2312.6,-1,2024-04-04,2024-04-04 06:00:00,2024-04-04 06:00:00,GCM24.csv,17,GCM24.csv,1.0,2312.2,2312.2,2312.6,2312.2,0.40000000000009095
45386,8,30,2306.9,0,2024-04-04,2024-04-04 08:30:00,2024-04-04 08:30:00,GCM24.csv,1018,GCM24.csv,1.0,2306.5,2306.5,2306.9,2306.5,0.40000000000009095
45386,9,20,2308.5,-1,2024-04-04,2024-04-04 09:20:00,2024-04-04 09:20:00,GCM24.csv,123,GCM24.csv,-1.0,2308.9,2308.9,2308.5,2308.9,0.40000000000009095
45386,9,30,2308.9,-2,2024-04-04,2024-04-04 09:30:00,2024-04-04 09:30:00,GCM24.csv,356,GCM24.csv,-1.0,2309.3,2309.3,2308.9,2309.3,0.40000000000009095
45386,9,40,2307.2,-1,2024-04-04,2024-04-04 09:40:00,2024-04-04 09:40:00,GCM24.csv,663,GCM24.csv,1.0,2306.8,2306.8,2307.2,2306.8,0.3999999999996362
45386,9,50,2307.0,0,2024-04-04,2024-04-04 09:50:00,2024-04-04 09:50:00,GCM24.csv,209,GCM24.csv,1.0,2306.6,2306.6,2307.0,2306.6,0.40000000000009095
45386,10,10,2312.2,-1,2024-04-04,2024-04-04 10:10:00,2024-04-04 10:10:00,GCM24.csv,191,GCM24.csv,-1.0,2312.6,2312.6,2312.2,2312.6,0.40000000000009095
45386,10,30,2317.0,0,2024-04-04,2024-04-04 10:30:00,2024-04-04 10:30:00,GCM24.csv,822,GCM24.csv,1.0,2316.6,2316.6,2317.0,2316.6,0.40000000000009095
45386,12,0,2310.9,1,2024-04-04,2024-04-04 12:00:00,2024-04-04 12:00:00,GCM24.csv,70,GCM24.csv,1.0,2310.5,2311.1,2310.9,2311.1,-0.1999999999998181
45386,14,0,2313.2,0,2024-04-04,2024-04-04 14:00:00,2024-04-04 14:00:00,GCM24.csv,128,GCM24.csv,-1.0,2313.6,2313.6,2313.2,2313.6,0.40000000000009095
45386,16,0,2305.1,1,2024-04-04,2024-04-04 16:00:00,2024-04-04 16:00:00,GCM24.csv,251,GCM24.csv,1.0,2304.7,2304.7,2305.1,2304.7,0.40000000000009095
45387,4,30,2306.5,2,2024-04-05,2024-04-05 04:30:00,2024-04-05 04:30:00,GCM24.csv,172,GCM24.csv,1.0,2306.1,2307.6,2306.5,2307.6,-1.099999999999909
45387,8,30,2315.7,1,2024-04-05,2024-04-05 08:30:00,2024-04-05 08:30:00,GCM24.csv,3781,GCM24.csv,-1.0,2316.1,2304.1,2315.7,2304.1,-11.599999999999909
45387,8,40,2306.3,3,2024-04-05,2024-04-05 08:40:00,2024-04-05 08:40:00,GCM24.csv,591,GCM24.csv,2.0,2305.9,2305.9,4612.6,4611.8,0.8000000000001819
45387,9,0,2310.3,1,2024-04-05,2024-04-05 09:00:00,2024-04-05 09:00:00,GCM24.csv,751,GCM24.csv,-2.0,2310.7000000000003,2310.7000000000003,4620.6,4621.400000000001,0.8000000000001819
45387,9,10,2306.5,2,2024-04-05,2024-04-05 09:10:00,2024-04-05 09:10:00,GCM24.csv,309,GCM24.csv,1.0,2306.1,2306.1,2306.5,2306.1,0.40000000000009095
45387,9,20,2317.8,1,2024-04-05,2024-04-05 09:20:00,2024-04-05 09:20:00,GCM24.csv,1004,GCM24.csv,-1.0,2318.2000000000003,2314.7,2317.8,2314.7,-3.100000000000364
45387,9,30,2314.3,-2,2024-04-05,2024-04-05 09:30:00,2024-04-05 09:30:00,GCM24.csv,570,GCM24.csv,-3.0,2314.7000000000003,2314.7000000000003,6942.900000000001,6944.1,1.199999999999818
45387,9,40,2316.1,0,2024-04-05,2024-04-05 09:40:00,2024-04-05 09:40:00,GCM24.csv,529,GCM24.csv,2.0,2315.7,2315.7,4632.2,4631.4,0.8000000000001819
45387,9,50,2317.1,2,2024-04-05,2024-04-05 09:50:00,2024-04-05 09:50:00,GCM24.csv,1270,GCM24.csv,2.0,2316.7,2321.7,4634.2,4643.4,-9.199999999999818
45387,11,0,2337.3,1,2024-04-05,2024-04-05 11:00:00,2024-04-05 11:00:00,GCM24.csv,951,GCM24.csv,-1.0,2337.7000000000003,2337.7000000000003,2337.3,2337.7000000000003,0.40000000000009095
45387,12,0,2345.6,2,2024-04-05,2024-04-05 12:00:00,2024-04-05 12:00:00,GCM24.csv,503,GCM24.csv,1.0,2345.2,2345.2,2345.6,2345.2,0.40000000000009095
45387,16,30,2343.8,0,2024-04-05,2024-04-05 16:30:00,2024-04-05 16:30:00,GCM24.csv,38,GCM24.csv,-2.0,2344.1000000000004,2344.1000000000004,4687.6,4688.200000000001,0.6000000000003638
45390,1,30,2360.1,-3,2024-04-08,2024-04-08 01:30:00,2024-04-08 01:30:00,GCM24.csv,308,GCM24.csv,-3.0,2360.5,2353.4,7080.299999999999,7060.200000000001,-20.099999999998545
45390,3,30,2354.9,0,2024-04-08,2024-04-08 03:30:00,2024-04-08 03:30:00,GCM24.csv,149,GCM24.csv,3.0,2354.5,2354.5,7064.700000000001,7063.5,1.2000000000007276
45390,4,30,2354.1,-1,2024-04-08,2024-04-08 04:30:00,2024-04-08 04:30:00,GCM24.csv,167,GCM24.csv,-1.0,2354.5,2354.5,2354.1,2354.5,0.40000000000009095
45390,8,30,2345.1,0,2024-04-08,2024-04-08 08:30:00,2024-04-08 08:30:00,GCM24.csv,1556,GCM24.csv,1.0,2344.7,2344.7,2345.1,2344.7,0.40000000000009095
45390,9,20,2346.3,1,2024-04-08,2024-04-08 09:20:00,2024-04-08 09:20:00,GCM24.csv,294,GCM24.csv,1.0,2345.9,2349.4,2346.3,2349.4,-3.099999999999909
45390,9,30,2351.3,0,2024-04-08,2024-04-08 09:30:00,2024-04-08 09:30:00,GCM24.csv,843,GCM24.csv,-1.0,2351.7000000000003,2351.7000000000003,2351.3,2351.7000000000003,0.40000000000009095
45390,9,50,2349.4,1,2024-04-08,2024-04-08 09:50:00,2024-04-08 09:50:00,GCM24.csv,409,GCM24.csv,1.0,2349.0,2349.0,2349.4,2349.0,0.40000000000009095
45390,10,0,2346.7,2,2024-04-08,2024-04-08 10:00:00,2024-04-08 10:00:00,GCM24.csv,898,GCM24.csv,1.0,2346.3,2346.3,2346.7,2346.3,0.3999999999996362
45390,10,20,2340.8,0,2024-04-08,2024-04-08 10:20:00,2024-04-08 10:20:00,GCM24.csv,591,GCM24.csv,-2.0,2341.2000000000003,2341.2000000000003,4681.6,4682.400000000001,0.8000000000001819
45390,10,30,2344.7,1,2024-04-08,2024-04-08 10:30:00,2024-04-08 10:30:00,GCM24.csv,375,GCM24.csv,1.0,2344.3,2344.3,2344.7,2344.3,0.3999999999996362
45390,12,0,2346.7,4,2024-04-08,2024-04-08 12:00:00,2024-04-08 12:00:00,GCM24.csv,172,GCM24.csv,3.0,2346.3,2346.3,7040.099999999999,7038.900000000001,1.1999999999989086
45390,14,0,2357.1,2,2024-04-08,2024-04-08 14:00:00,2024-04-08 14:00:00,GCM24.csv,131,GCM24.csv,-2.0,2357.5,2357.5,4714.2,4715.0,0.8000000000001819
45390,14,30,2361.0,1,2024-04-08,2024-04-08 14:30:00,2024-04-08 14:30:00,GCM24.csv,116,GCM24.csv,-1.0,2361.4,2360.0,2361.0,2360.0,-1.0
45390,16,0,2357.7,3,2024-04-08,2024-04-08 16:00:00,2024-04-08 16:00:00,GCM24.csv,400,GCM24.csv,2.0,2357.3,2357.8,4715.4,4715.6,-0.2000000000007276
45391,1,30,2363.7,0,2024-04-09,2024-04-09 01:30:00,2024-04-09 01:30:00,GCM24.csv,115,GCM24.csv,-3.0,2364.1,2364.1,7091.099999999999,7092.299999999999,1.199999999999818
45391,3,30,2370.8,3,2024-04-09,2024-04-09 03:30:00,2024-04-09 03:30:00,GCM24.csv,201,GCM24.csv,3.0,2370.4,2370.4,7112.400000000001,7111.200000000001,1.199999999999818
45391,4,30,2374.8,2,2024-04-09,2024-04-09 04:30:00,2024-04-09 04:30:00,GCM24.csv,110,GCM24.csv,-1.0,2375.2000000000003,2375.2000000000003,2374.8,2375.2000000000003,0.40000000000009095
45391,6,0,2382.2,-1,2024-04-09,2024-04-09 06:00:00,2024-04-09 06:00:00,GCM24.csv,67,GCM24.csv,-3.0,2382.6,2382.6,7146.599999999999,7147.799999999999,1.199999999999818
45391,8,30,2366.2,0,2024-04-09,2024-04-09 08:30:00,2024-04-09 08:30:00,GCM24.csv,449,GCM24.csv,1.0,2365.8,2365.8,2366.2,2365.8,0.3999999999996362
45391,9,0,2367.9,-1,2024-04-09,2024-04-09 09:00:00,2024-04-09 09:00:00,GCM24.csv,410,GCM24.csv,-1.0,2368.3,2368.3,2367.9,2368.3,0.40000000000009095
45391,9,40,2375.2,-3,2024-04-09,2024-04-09 09:40:00,2024-04-09 09:40:00,GCM24.csv,499,GCM24.csv,-2.0,2375.6,2375.6,4750.4,4751.2,0.8000000000001819
45391,10,0,2374.0,0,2024-04-09,2024-04-09 10:00:00,2024-04-09 10:00:00,GCM24.csv,486,GCM24.csv,3.0,2373.6,2376.2,7122.0,7128.599999999999,-6.599999999999454
45391,10,10,2378.7,-2,2024-04-09,2024-04-09 10:10:00,2024-04-09 10:10:00,GCM24.csv,740,GCM24.csv,-2.0,2379.1,2379.1,4757.4,4758.2,0.8000000000001819
45391,10,20,2381.1,-3,2024-04-09,2024-04-09 10:20:00,2024-04-09 10:20:00,GCM24.csv,423,GCM24.csv,-1.0,2381.5,2381.5,2381.1,2381.5,0.40000000000009095
45391,10,30,2380.0,-2,2024-04-09,2024-04-09 10:30:00,2024-04-09 10:30:00,GCM24.csv,541,GCM24.csv,1.0,2379.6,2379.6,2380.0,2379.6,0.40000000000009095
45391,11,0,2371.9,-1,2024-04-09,2024-04-09 11:00:00,2024-04-09 11:00:00,GCM24.csv,309,GCM24.csv,1.0,2371.5,2371.5,2371.9,2371.5,0.40000000000009095
45391,12,0,2359.1,0,2024-04-09,2024-04-09 12:00:00,2024-04-09 12:00:00,GCM24.csv,453,GCM24.csv,1.0,2358.7,2359.6,2359.1,2359.6,-0.5
45391,14,0,2365.8,-1,2024-04-09,2024-04-09 14:00:00,2024-04-09 14:00:00,GCM24.csv,235,GCM24.csv,-1.0,2366.2000000000003,2366.2000000000003,2365.8,2366.2000000000003,0.40000000000009095
45391,14,30,2367.5,0,2024-04-09,2024-04-09 14:30:00,2024-04-09 14:30:00,GCM24.csv,55,GCM24.csv,1.0,2367.1,2367.1,2367.5,2367.1,0.40000000000009095
45391,16,0,2369.9,1,2024-04-09,2024-04-09 16:00:00,2024-04-09 16:00:00,GCM24.csv,356,GCM24.csv,1.0,2369.5,2369.5,2369.9,2369.5,0.40000000000009095
45392,4,30,2372.7,0,2024-04-10,2024-04-10 04:30:00,2024-04-10 04:30:00,GCM24.csv,130,GCM24.csv,-1.0,2373.0,2373.0,2372.7,2373.0,0.3000000000001819
45392,6,0,2365.4,4,2024-04-10,2024-04-10 06:00:00,2024-04-10 06:00:00,GCM24.csv,228,GCM24.csv,4.0,2365.0,2365.0,9461.6,9460.0,1.6000000000003638
45392,8,30,2368.6,5,2024-04-10,2024-04-10 08:30:00,2024-04-10 08:30:00,GCM24.csv,4970,GCM24.csv,1.0,2368.2,2348.5,2368.6,2348.5,20.09999999999991
45392,8,50,2362.3,3,2024-04-10,2024-04-10 08:50:00,2024-04-10 08:50:00,GCM24.csv,743,GCM24.csv,-2.0,2362.8,2362.8,4724.6,4725.6,1.0
45392,9,0,2357.5,5,2024-04-10,2024-04-10 09:00:00,2024-04-10 09:00:00,GCM24.csv,1300,GCM24.csv,2.0,2357.1,2357.1,4715.0,4714.2,0.8000000000001819
45392,9,10,2350.0,7,2024-04-10,2024-04-10 09:10:00,2024-04-10 09:10:00,GCM24.csv,522,GCM24.csv,2.0,2349.6,2349.6,4700.0,4699.2,0.8000000000001819
45392,9,20,2343.0,6,2024-04-10,2024-04-10 09:20:00,2024-04-10 09:20:00,GCM24.csv,813,GCM24.csv,-1.0,2343.4,2343.4,2343.0,2343.4,0.40000000000009095
45392,10,0,2352.5,4,2024-04-10,2024-04-10 10:00:00,2024-04-10 10:00:00,GCM24.csv,1051,GCM24.csv,-2.0,2353.0,2353.0,4705.0,4706.0,1.0
45392,10,10,2361.6,2,2024-04-10,2024-04-10 10:10:00,2024-04-10 10:10:00,GCM24.csv,1065,GCM24.csv,-2.0,2362.1,2359.4,4723.2,4718.8,-4.399999999999636
45392,10,20,2365.6,4,2024-04-10,2024-04-10 10:20:00,2024-04-10 10:20:00,GCM24.csv,2071,GCM24.csv,2.0,2365.2,2365.2,4731.2,4730.4,0.8000000000001819
45392,10,30,2364.8,3,2024-04-10,2024-04-10 10:30:00,2024-04-10 10:30:00,GCM24.csv,670,GCM24.csv,-1.0,2365.3,2365.3,2364.8,2365.3,0.5
45392,11,0,2364.4,2,2024-04-10,2024-04-10 11:00:00,2024-04-10 11:00:00,GCM24.csv,258,GCM24.csv,-1.0,2364.8,2364.8,2364.4,2364.8,0.40000000000009095
45392,12,0,2355.6,-1,2024-04-10,2024-04-10 12:00:00,2024-04-10 12:00:00,GCM24.csv,271,GCM24.csv,-3.0,2356.0,2356.0,7066.799999999999,7068.0,1.2000000000007276
45392,14,0,2357.0,-2,2024-04-10,2024-04-10 14:00:00,2024-04-10 14:00:00,GCM24.csv,196,GCM24.csv,-1.0,2357.5,2357.5,2357.0,2357.5,0.5
45392,14,30,2354.4,1,2024-04-10,2024-04-10 14:30:00,2024-04-10 14:30:00,GCM24.csv,66,GCM24.csv,3.0,2354.0,2354.0,7063.200000000001,7062.0,1.2000000000007276
45392,16,0,2347.8,2,2024-04-10,2024-04-10 16:00:00,2024-04-10 16:00:00,GCM24.csv,112,GCM24.csv,1.0,2347.4,2349.4,2347.8,2349.4,-1.599999999999909
45393,1,30,2360.6,-1,2024-04-11,2024-04-11 01:30:00,2024-04-11 01:30:00,GCM24.csv,129,GCM24.csv,-3.0,2360.9,2360.9,7081.799999999999,7082.700000000001,0.9000000000014552
45393,3,30,2356.1,2,2024-04-11,2024-04-11 03:30:00,2024-04-11 03:30:00,GCM24.csv,157,GCM24.csv,3.0,2355.7,2355.7,7068.299999999999,7067.099999999999,1.199999999999818
45393,4,30,2349.5,3,2024-04-11,2024-04-11 04:30:00,2024-04-11 04:30:00,GCM24.csv,75,GCM24.csv,1.0,2349.1,2349.1,2349.5,2349.1,0.40000000000009095
45393,6,0,2348.2,4,2024-04-11,2024-04-11 06:00:00,2024-04-11 06:00:00,GCM24.csv,91,GCM24.csv,1.0,2347.8,2349.9,2348.2,2349.9,-1.7000000000002728
45393,8,30,2352.9,3,2024-04-11,2024-04-11 08:30:00,2024-04-11 08:30:00,GCM24.csv,2264,GCM24.csv,-1.0,2353.3,2353.3,2352.9,2353.3,0.40000000000009095
45393,8,40,2359.4,1,2024-04-11,2024-04-11 08:40:00,2024-04-11 08:40:00,GCM24.csv,488,GCM24.csv,-2.0,2359.9,2359.1,4718.8,4718.2,-0.6000000000003638
45393,9,0,2359.0,3,2024-04-11,2024-04-11 09:00:00,2024-04-11 09:00:00,GCM24.csv,468,GCM24.csv,2.0,2358.6,2358.6,4718.0,4717.2,0.8000000000001819
45393,9,20,2360.8,2,2024-04-11,2024-04-11 09:20:00,2024-04-11 09:20:00,GCM24.csv,283,GCM24.csv,-1.0,2361.3,2361.3,2360.8,2361.3,0.5
45393,9,40,2360.6,3,2024-04-11,2024-04-11 09:40:00,2024-04-11 09:40:00,GCM24.csv,321,GCM24.csv,1.0,2360.2,2360.2,2360.6,2360.2,0.40000000000009095
45393,9,50,2363.8,2,2024-04-11,2024-04-11 09:50:00,2024-04-11 09:50:00,GCM24.csv,357,GCM24.csv,-1.0,2364.3,2364.3,2363.8,2364.3,0.5
45393,10,10,2361.0,3,2024-04-11,2024-04-11 10:10:00,2024-04-11 10:10:00,GCM24.csv,329,GCM24.csv,1.0,2360.6,2360.6,2361.0,2360.6,0.40000000000009095
45393,10,30,2354.6,4,2024-04-11,2024-04-11 10:30:00,2024-04-11 10:30:00,GCM24.csv,738,GCM24.csv,1.0,2354.2,2354.2,2354.6,2354.2,0.40000000000009095
45393,12,0,2362.4,5,2024-04-11,2024-04-11 12:00:00,2024-04-11 12:00:00,GCM24.csv,787,GCM24.csv,1.0,2362.0,2362.0,2362.4,2362.0,0.40000000000009095
45393,14,0,2374.0,6,2024-04-11,2024-04-11 14:00:00,2024-04-11 14:00:00,GCM24.csv,564,GCM24.csv,1.0,2373.6,2373.6,2374.0,2373.6,0.40000000000009095
45393,14,30,2379.5,5,2024-04-11,2024-04-11 14:30:00,2024-04-11 14:30:00,GCM24.csv,271,GCM24.csv,-1.0,2380.0,2380.0,2379.5,2380.0,0.5
45393,16,0,2391.2,4,2024-04-11,2024-04-11 16:00:00,2024-04-11 16:00:00,GCM24.csv,196,GCM24.csv,-1.0,2391.7,2391.7,2391.2,2391.7,0.5
45394,1,30,2402.2,2,2024-04-12,2024-04-12 01:30:00,2024-04-12 01:30:00,GCM24.csv,234,GCM24.csv,-2.0,2402.6,2402.6,4804.4,4805.2,0.8000000000001819
45394,3,30,2412.7,4,2024-04-12,2024-04-12 03:30:00,2024-04-12 03:30:00,GCM24.csv,417,GCM24.csv,2.0,2412.3,2412.3,4825.4,4824.6,0.7999999999992724
45394,4,30,2415.4,1,2024-04-12,2024-04-12 04:30:00,2024-04-12 04:30:00,GCM24.csv,196,GCM24.csv,-3.0,2415.8,2414.0,7246.200000000001,7242.0,-4.200000000000728
45394,6,0,2415.4,-4,2024-04-12,2024-04-12 06:00:00,2024-04-12 06:00:00,GCM24.csv,79,GCM24.csv,-5.0,2415.9,2415.9,12077.0,12079.5,2.5
45394,8,30,2412.3,-1,2024-04-12,2024-04-12 08:30:00,2024-04-12 08:30:00,GCM24.csv,348,GCM24.csv,3.0,2411.9,2411.9,7236.900000000001,7235.700000000001,1.199999999999818
45394,8,50,2409.6,1,2024-04-12,2024-04-12 08:50:00,2024-04-12 08:50:00,GCM24.csv,273,GCM24.csv,2.0,2409.2,2413.5,4819.2,4827.0,-7.800000000000182
45394,9,10,2414.3,-1,2024-04-12,2024-04-12 09:10:00,2024-04-12 09:10:00,GCM24.csv,169,GCM24.csv,-2.0,2414.8,2412.6,4828.6,4825.2,-3.4000000000005457
45394,9,20,2414.2,0,2024-04-12,2024-04-12 09:20:00,2024-04-12 09:20:00,GCM24.csv,282,GCM24.csv,1.0,2413.7,2413.7,2414.2,2413.7,0.5
45394,9,50,2420.4,-1,2024-04-12,2024-04-12 09:50:00,2024-04-12 09:50:00,GCM24.csv,647,GCM24.csv,-1.0,2420.9,2420.9,2420.4,2420.9,0.5
45394,10,0,2420.9,-2,2024-04-12,2024-04-12 10:00:00,2024-04-12 10:00:00,GCM24.csv,1190,GCM24.csv,-1.0,2421.4,2421.4,2420.9,2421.4,0.5
45394,10,40,2433.0,-1,2024-04-12,2024-04-12 10:40:00,2024-04-12 10:40:00,GCM24.csv,469,GCM24.csv,1.0,2432.5,2432.5,2433.0,2432.5,0.5
45394,11,0,2443.4,-2,2024-04-12,2024-04-12 11:00:00,2024-04-12 11:00:00,GCM24.csv,1206,GCM24.csv,-1.0,2443.9,2443.9,2443.4,2443.9,0.5
45394,12,0,2412.0,-1,2024-04-12,2024-04-12 12:00:00,2024-04-12 12:00:00,GCM24.csv,520,GCM24.csv,1.0,2411.5,2411.5,2412.0,2411.5,0.5
45394,14,0,2371.3,1,2024-04-12,2024-04-12 14:00:00,2024-04-12 14:00:00,GCM24.csv,292,GCM24.csv,2.0,2370.8,2370.8,4742.6,4741.6,1.0
45394,14,30,2362.7,2,2024-04-12,2024-04-12 14:30:00,2024-04-12 14:30:00,GCM24.csv,520,GCM24.csv,1.0,2362.3,2362.3,2362.7,2362.3,0.3999999999996362
45394,16,0,2360.8,0,2024-04-12,2024-04-12 16:00:00,2024-04-12 16:00:00,GCM24.csv,188,GCM24.csv,-2.0,2361.3,2359.8,4721.6,4719.6,-2.0
45397,1,30,2372.8,-3,2024-04-15,2024-04-15 01:30:00,2024-04-15 01:30:00,GCM24.csv,129,GCM24.csv,-3.0,2373.1000000000004,2370.5,7118.400000000001,7111.5,-6.900000000000546
45397,3,30,2370.8,0,2024-04-15,2024-04-15 03:30:00,2024-04-15 03:30:00,GCM24.csv,180,GCM24.csv,3.0,2370.4,2370.4,7112.400000000001,7111.200000000001,1.199999999999818
45397,4,30,2366.1,4,2024-04-15,2024-04-15 04:30:00,2024-04-15 04:30:00,GCM24.csv,109,GCM24.csv,4.0,2365.7,2365.7,9464.4,9462.8,1.6000000000003638
45397,6,0,2366.2,5,2024-04-15,2024-04-15 06:00:00,2024-04-15 06:00:00,GCM24.csv,63,GCM24.csv,1.0,2365.8,2365.8,2366.2,2365.8,0.3999999999996362
45397,8,30,2372.4,1,2024-04-15,2024-04-15 08:30:00,2024-04-15 08:30:00,GCM24.csv,1356,GCM24.csv,-4.0,2372.8,2372.8,9489.6,9491.2,1.6000000000003638
45397,8,50,2374.8,0,2024-04-15,2024-04-15 08:50:00,2024-04-15 08:50:00,GCM24.csv,260,GCM24.csv,-1.0,2375.3,2375.3,2374.8,2375.3,0.5
45397,9,0,2374.9,2,2024-04-15,2024-04-15 09:00:00,2024-04-15 09:00:00,GCM24.csv,1113,GCM24.csv,2.0,2374.4,2374.4,4749.8,4748.8,1.0
45397,9,10,2372.2,3,2024-04-15,2024-04-15 09:10:00,2024-04-15 09:10:00,GCM24.csv,218,GCM24.csv,1.0,2371.8,2371.8,2372.2,2371.8,0.3999999999996362
45397,9,20,2370.0,5,2024-04-15,2024-04-15 09:20:00,2024-04-15 09:20:00,GCM24.csv,197,GCM24.csv,2.0,2369.6,2369.6,4740.0,4739.2,0.8000000000001819
45397,9,40,2367.8,3,2024-04-15,2024-04-15 09:40:00,2024-04-15 09:40:00,GCM24.csv,365,GCM24.csv,-2.0,2368.3,2363.5,4735.6,4727.0,-8.600000000000364
45397,9,50,2365.9,4,2024-04-15,2024-04-15 09:50:00,2024-04-15 09:50:00,GCM24.csv,350,GCM24.csv,1.0,2365.5,2365.5,2365.9,2365.5,0.40000000000009095
45397,10,10,2342.8,3,2024-04-15,2024-04-15 10:10:00,2024-04-15 10:10:00,GCM24.csv,1974,GCM24.csv,-1.0,2343.3,2343.3,2342.8,2343.3,0.5
45397,11,0,2365.7,1,2024-04-15,2024-04-15 11:00:00,2024-04-15 11:00:00,GCM24.csv,502,GCM24.csv,-2.0,2366.2,2366.2,4731.4,4732.4,1.0
45397,12,0,2368.2,0,2024-04-15,2024-04-15 12:00:00,2024-04-15 12:00:00,GCM24.csv,131,GCM24.csv,-1.0,2368.7,2368.7,2368.2,2368.7,0.5
45397,14,0,2381.8,-2,2024-04-15,2024-04-15 14:00:00,2024-04-15 14:00:00,GCM24.csv,311,GCM24.csv,-2.0,2382.3,2382.3,4763.6,4764.6,1.0
45397,16,0,2403.0,0,2024-04-15,2024-04-15 16:00:00,2024-04-15 16:00:00,GCM24.csv,247,GCM24.csv,2.0,2402.5,2402.5,4806.0,4805.0,1.0
45398,1,30,2403.8,-3,2024-04-16,2024-04-16 01:30:00,2024-04-16 01:30:00,GCM24.csv,165,GCM24.csv,-3.0,2404.2000000000003,2404.2000000000003,7211.400000000001,7212.6,1.199999999999818
45398,3,30,2387.6,0,2024-04-16,2024-04-16 03:30:00,2024-04-16 03:30:00,GCM24.csv,172,GCM24.csv,3.0,2387.2,2387.2,7162.799999999999,7161.599999999999,1.199999999999818
45398,4,30,2386.3,1,2024-04-16,2024-04-16 04:30:00,2024-04-16 04:30:00,GCM24.csv,246,GCM24.csv,1.0,2385.9,2387.1,2386.3,2387.1,-0.7999999999997272
45398,8,30,2390.4,0,2024-04-16,2024-04-16 08:30:00,2024-04-16 08:30:00,GCM24.csv,726,GCM24.csv,-1.0,2390.9,2390.9,2390.4,2390.9,0.5
45398,9,30,2394.7,-2,2024-04-16,2024-04-16 09:30:00,2024-04-16 09:30:00,GCM24.csv,891,GCM24.csv,-2.0,2395.2,2390.6,4789.4,4781.2,-8.199999999999818
45398,9,40,2389.3,-1,2024-04-16,2024-04-16 09:40:00,2024-04-16 09:40:00,GCM24.csv,695,GCM24.csv,1.0,2388.9,2388.9,2389.3,2388.9,0.40000000000009095
45398,9,50,2391.8,1,2024-04-16,2024-04-16 09:50:00,2024-04-16 09:50:00,GCM24.csv,560,GCM24.csv,2.0,2391.3,2391.3,4783.6,4782.6,1.0
45398,10,20,2385.9,0,2024-04-16,2024-04-16 10:20:00,2024-04-16 10:20:00,GCM24.csv,264,GCM24.csv,-1.0,2386.4,2386.4,2385.9,2386.4,0.5
45398,10,30,2382.7,3,2024-04-16,2024-04-16 10:30:00,2024-04-16 10:30:00,GCM24.csv,341,GCM24.csv,3.0,2382.3,2387.2,7148.099999999999,7161.599999999999,-13.5
45398,10,50,2392.8,2,2024-04-16,2024-04-16 10:50:00,2024-04-16 10:50:00,GCM24.csv,336,GCM24.csv,-1.0,2393.3,2393.3,2392.8,2393.3,0.5
45398,12,0,2402.7,1,2024-04-16,2024-04-16 12:00:00,2024-04-16 12:00:00,GCM24.csv,375,GCM24.csv,-1.0,2403.2,2403.2,2402.7,2403.2,0.5
45398,14,30,2405.7,-1,2024-04-16,2024-04-16 14:30:00,2024-04-16 14:30:00,GCM24.csv,917,GCM24.csv,-2.0,2406.2,2406.2,4811.4,4812.4,1.0
45399,4,30,2404.6,1,2024-04-17,2024-04-17 04:30:00,2024-04-17 04:30:00,GCM24.csv,237,GCM24.csv,2.0,2404.2,2404.2,4809.2,4808.4,0.8000000000001819
45399,6,0,2408.3,4,2024-04-17,2024-04-17 06:00:00,2024-04-17 06:00:00,GCM24.csv,88,GCM24.csv,3.0,2408.0,2408.0,7224.900000000001,7224.0,0.9000000000005457
45399,8,30,2400.3,2,2024-04-17,2024-04-17 08:30:00,2024-04-17 08:30:00,GCM24.csv,483,GCM24.csv,-2.0,2400.8,2398.8,4800.6,4797.6,-3.0
45399,8,40,2397.5,4,2024-04-17,2024-04-17 08:40:00,2024-04-17 08:40:00,GCM24.csv,591,GCM24.csv,2.0,2397.0,2397.0,4795.0,4794.0,1.0
45399,10,10,2407.0,5,2024-04-17,2024-04-17 10:10:00,2024-04-17 10:10:00,GCM24.csv,363,GCM24.csv,1.0,2406.5,2406.5,2407.0,2406.5,0.5
45399,10,30,2408.6,0,2024-04-17,2024-04-17 10:30:00,2024-04-17 10:30:00,GCM24.csv,342,GCM24.csv,-5.0,2409.1,2409.1,12043.0,12045.5,2.5
45399,11,0,2406.7,-2,2024-04-17,2024-04-17 11:00:00,2024-04-17 11:00:00,GCM24.csv,326,GCM24.csv,-2.0,2407.2,2407.2,4813.4,4814.4,1.0
45399,12,0,2398.6,-1,2024-04-17,2024-04-17 12:00:00,2024-04-17 12:00:00,GCM24.csv,338,GCM24.csv,1.0,2398.1,2398.1,2398.6,2398.1,0.5
45399,14,0,2388.2,0,2024-04-17,2024-04-17 14:00:00,2024-04-17 14:00:00,GCM24.csv,257,GCM24.csv,1.0,2387.7,2387.7,2388.2,2387.7,0.5
45399,14,30,2392.1,4,2024-04-17,2024-04-17 14:30:00,2024-04-17 14:30:00,GCM24.csv,359,GCM24.csv,4.0,2391.6,2391.6,9568.4,9566.4,2.0
45399,16,0,2388.6,3,2024-04-17,2024-04-17 16:00:00,2024-04-17 16:00:00,GCM24.csv,84,GCM24.csv,-1.0,2389.0,2389.0,2388.6,2389.0,0.40000000000009095
45400,4,30,2395.0,7,2024-04-18,2024-04-18 04:30:00,2024-04-18 04:30:00,GCM24.csv,251,GCM24.csv,4.0,2394.6,2394.6,9580.0,9578.4,1.6000000000003638
45400,6,0,2394.2,6,2024-04-18,2024-04-18 06:00:00,2024-04-18 06:00:00,GCM24.csv,29,GCM24.csv,-1.0,2394.6,2393.4,2394.2,2393.4,-0.7999999999997272
45400,8,30,2400.5,2,2024-04-18,2024-04-18 08:30:00,2024-04-18 08:30:00,GCM24.csv,1474,GCM24.csv,-4.0,2400.9,2400.9,9602.0,9603.6,1.6000000000003638
45400,8,40,2396.3,3,2024-04-18,2024-04-18 08:40:00,2024-04-18 08:40:00,GCM24.csv,185,GCM24.csv,1.0,2395.8,2395.8,2396.3,2395.8,0.5
45400,9,0,2400.6,4,2024-04-18,2024-04-18 09:00:00,2024-04-18 09:00:00,GCM24.csv,821,GCM24.csv,1.0,2400.2,2400.2,2400.6,2400.2,0.40000000000009095
45400,9,30,2405.8,2,2024-04-18,2024-04-18 09:30:00,2024-04-18 09:30:00,GCM24.csv,816,GCM24.csv,-2.0,2406.3,2406.3,4811.6,4812.6,1.0
45400,9,40,2393.9,3,2024-04-18,2024-04-18 09:40:00,2024-04-18 09:40:00,GCM24.csv,904,GCM24.csv,1.0,2393.4,2393.4,2393.9,2393.4,0.5
45400,9,50,2395.8,5,2024-04-18,2024-04-18 09:50:00,2024-04-18 09:50:00,GCM24.csv,524,GCM24.csv,2.0,2395.3,2395.3,4791.6,4790.6,1.0
45400,10,0,2395.1,4,2024-04-18,2024-04-18 10:00:00,2024-04-18 10:00:00,GCM24.csv,583,GCM24.csv,-1.0,2395.6,2395.6,2395.1,2395.6,0.5
45400,10,30,2392.3,6,2024-04-18,2024-04-18 10:30:00,2024-04-18 10:30:00,GCM24.csv,288,GCM24.csv,2.0,2391.8,2391.8,4784.6,4783.6,1.0
45400,11,0,2394.9,4,2024-04-18,2024-04-18 11:00:00,2024-04-18 11:00:00,GCM24.csv,297,GCM24.csv,-2.0,2395.4,2395.4,4789.8,4790.8,1.0
45400,12,0,2399.5,5,2024-04-18,2024-04-18 12:00:00,2024-04-18 12:00:00,GCM24.csv,210,GCM24.csv,1.0,2399.1,2399.1,2399.5,2399.1,0.40000000000009095
45400,14,0,2399.9,8,2024-04-18,2024-04-18 14:00:00,2024-04-18 14:00:00,GCM24.csv,184,GCM24.csv,3.0,2399.5,2399.5,7199.700000000001,7198.5,1.2000000000007276
45400,14,30,2396.9,6,2024-04-18,2024-04-18 14:30:00,2024-04-18 14:30:00,GCM24.csv,129,GCM24.csv,-2.0,2397.3,2397.3,4793.8,4794.6,0.8000000000001819
45400,16,0,2395.3,3,2024-04-18,2024-04-18 16:00:00,2024-04-18 16:00:00,GCM24.csv,77,GCM24.csv,-3.0,2395.7000000000003,2395.4,7185.900000000001,7186.200000000001,0.3000000000001819
45401,1,30,2398.6,2,2024-04-19,2024-04-19 01:30:00,2024-04-19 01:30:00,GCM24.csv,172,GCM24.csv,-1.0,2399.0,2398.2,2398.6,2398.2,-0.40000000000009095
45401,3,30,2400.9,3,2024-04-19,2024-04-19 03:30:00,2024-04-19 03:30:00,GCM24.csv,146,GCM24.csv,1.0,2400.6,2400.6,2400.9,2400.6,0.3000000000001819
45401,4,30,2395.5,4,2024-04-19,2024-04-19 04:30:00,2024-04-19 04:30:00,GCM24.csv,105,GCM24.csv,1.0,2395.2,2396.4,2395.5,2396.4,-0.900000000000091
45401,6,0,2395.7,1,2024-04-19,2024-04-19 06:00:00,2024-04-19 06:00:00,GCM24.csv,65,GCM24.csv,-3.0,2396.1,2394.8,7187.099999999999,7184.400000000001,-2.6999999999989086
45401,8,30,2396.0,0,2024-04-19,2024-04-19 08:30:00,2024-04-19 08:30:00,GCM24.csv,204,GCM24.csv,-1.0,2396.4,2396.4,2396.0,2396.4,0.40000000000009095
45401,9,10,2392.9,1,2024-04-19,2024-04-19 09:10:00,2024-04-19 09:10:00,GCM24.csv,279,GCM24.csv,1.0,2392.6,2392.6,2392.9,2392.6,0.3000000000001819
45401,9,30,2396.7,-1,2024-04-19,2024-04-19 09:30:00,2024-04-19 09:30:00,GCM24.csv,341,GCM24.csv,-2.0,2397.1,2397.1,4793.4,4794.2,0.8000000000001819
45401,9,50,2395.5,1,2024-04-19,2024-04-19 09:50:00,2024-04-19 09:50:00,GCM24.csv,234,GCM24.csv,2.0,2395.0,2395.0,4791.0,4790.0,1.0
45401,10,10,2398.0,0,2024-04-19,2024-04-19 10:10:00,2024-04-19 10:10:00,GCM24.csv,133,GCM24.csv,-1.0,2398.5,2398.5,2398.0,2398.5,0.5
45401,10,30,2403.0,-1,2024-04-19,2024-04-19 10:30:00,2024-04-19 10:30:00,GCM24.csv,366,GCM24.csv,-1.0,2403.5,2403.5,2403.0,2403.5,0.5
45401,12,0,2409.7,0,2024-04-19,2024-04-19 12:00:00,2024-04-19 12:00:00,GCM24.csv,245,GCM24.csv,1.0,2409.3,2409.3,2409.7,2409.3,0.3999999999996362
45401,14,0,2408.7,1,2024-04-19,2024-04-19 14:00:00,2024-04-19 14:00:00,GCM24.csv,91,GCM24.csv,1.0,2408.4,2408.4,2408.7,2408.4,0.29999999999972715
45401,14,30,2410.0,2,2024-04-19,2024-04-19 14:30:00,2024-04-19 14:30:00,GCM24.csv,130,GCM24.csv,1.0,2409.7,2409.7,2410.0,2409.7,0.3000000000001819
45401,16,0,2403.5,1,2024-04-19,2024-04-19 16:00:00,2024-04-19 16:00:00,GCM24.csv,131,GCM24.csv,-1.0,2403.9,2402.1,2403.5,2402.1,-1.400000000000091
45401,16,30,2403.8,0,2024-04-19,2024-04-19 16:30:00,2024-04-19 16:30:00,GCM24.csv,54,GCM24.csv,-1.0,2404.2000000000003,2403.8,2403.8,2403.8,-0.0
45404,1,30,2382.9,-1,2024-04-22,2024-04-22 01:30:00,2024-04-22 01:30:00,GCM24.csv,197,GCM24.csv,-1.0,2383.3,2383.3,2382.9,2383.3,0.40000000000009095
45404,3,30,2372.2,0,2024-04-22,2024-04-22 03:30:00,2024-04-22 03:30:00,GCM24.csv,124,GCM24.csv,1.0,2371.8,2371.8,2372.2,2371.8,0.3999999999996362
45404,4,30,2372.5,-1,2024-04-22,2024-04-22 04:30:00,2024-04-22 04:30:00,GCM24.csv,69,GCM24.csv,-1.0,2372.9,2372.9,2372.5,2372.9,0.40000000000009095
45404,6,0,2375.1,-2,2024-04-22,2024-04-22 06:00:00,2024-04-22 06:00:00,GCM24.csv,40,GCM24.csv,-1.0,2375.5,2375.0,2375.1,2375.0,-0.09999999999990905
45404,8,30,2360.8,-1,2024-04-22,2024-04-22 08:30:00,2024-04-22 08:30:00,GCM24.csv,396,GCM24.csv,1.0,2360.4,2360.4,2360.8,2360.4,0.40000000000009095
45404,9,0,2350.4,-2,2024-04-22,2024-04-22 09:00:00,2024-04-22 09:00:00,GCM24.csv,638,GCM24.csv,-1.0,2350.9,2350.9,2350.4,2350.9,0.5
45404,9,10,2350.6,0,2024-04-22,2024-04-22 09:10:00,2024-04-22 09:10:00,GCM24.csv,427,GCM24.csv,2.0,2350.1,2355.4,4701.2,4710.8,-9.600000000000364
45404,9,20,2353.9,-1,2024-04-22,2024-04-22 09:20:00,2024-04-22 09:20:00,GCM24.csv,156,GCM24.csv,-1.0,2354.4,2354.4,2353.9,2354.4,0.5
45404,9,30,2349.2,-2,2024-04-22,2024-04-22 09:30:00,2024-04-22 09:30:00,GCM24.csv,1167,GCM24.csv,-1.0,2349.7,2349.7,2349.2,2349.7,0.5
45404,9,40,2349.6,0,2024-04-22,2024-04-22 09:40:00,2024-04-22 09:40:00,GCM24.csv,607,GCM24.csv,2.0,2349.1,2349.1,4699.2,4698.2,1.0
45404,9,50,2352.8,-1,2024-04-22,2024-04-22 09:50:00,2024-04-22 09:50:00,GCM24.csv,323,GCM24.csv,-1.0,2353.3,2353.3,2352.8,2353.3,0.5
45404,10,0,2352.7,-2,2024-04-22,2024-04-22 10:00:00,2024-04-22 10:00:00,GCM24.csv,977,GCM24.csv,-1.0,2353.2,2348.7,2352.7,2348.7,-4.0
45404,10,30,2354.4,-1,2024-04-22,2024-04-22 10:30:00,2024-04-22 10:30:00,GCM24.csv,561,GCM24.csv,1.0,2353.9,2353.9,2354.4,2353.9,0.5
45404,11,0,2355.3,0,2024-04-22,2024-04-22 11:00:00,2024-04-22 11:00:00,GCM24.csv,218,GCM24.csv,1.0,2355.0,2355.0,2355.3,2355.0,0.3000000000001819
45404,12,0,2348.6,1,2024-04-22,2024-04-22 12:00:00,2024-04-22 12:00:00,GCM24.csv,385,GCM24.csv,1.0,2348.3,2348.3,2348.6,2348.3,0.29999999999972715
45404,14,0,2344.1,2,2024-04-22,2024-04-22 14:00:00,2024-04-22 14:00:00,GCM24.csv,210,GCM24.csv,1.0,2343.8,2343.8,2344.1,2343.8,0.29999999999972715
45404,14,30,2339.3,1,2024-04-22,2024-04-22 14:30:00,2024-04-22 14:30:00,GCM24.csv,251,GCM24.csv,-1.0,2339.7000000000003,2339.7000000000003,2339.3,2339.7000000000003,0.40000000000009095
45404,16,0,2343.6,0,2024-04-22,2024-04-22 16:00:00,2024-04-22 16:00:00,GCM24.csv,37,GCM24.csv,-1.0,2344.0,2343.3,2343.6,2343.3,-0.29999999999972715
45405,4,30,2321.3,-2,2024-04-23,2024-04-23 04:30:00,2024-04-23 04:30:00,GCM24.csv,191,GCM24.csv,-2.0,2321.7000000000003,2318.6,4642.6,4637.2,-5.400000000000546
45405,6,0,2309.0,-1,2024-04-23,2024-04-23 06:00:00,2024-04-23 06:00:00,GCM24.csv,49,GCM24.csv,1.0,2308.7,2312.2,2309.0,2312.2,-3.199999999999818
45405,8,30,2321.7,1,2024-04-23,2024-04-23 08:30:00,2024-04-23 08:30:00,GCM24.csv,434,GCM24.csv,2.0,2321.3,2321.3,4643.4,4642.6,0.7999999999992724
45405,8,40,2326.7,-1,2024-04-23,2024-04-23 08:40:00,2024-04-23 08:40:00,GCM24.csv,301,GCM24.csv,-2.0,2327.1,2327.1,4653.4,4654.2,0.8000000000001819
45405,9,0,2325.0,1,2024-04-23,2024-04-23 09:00:00,2024-04-23 09:00:00,GCM24.csv,430,GCM24.csv,2.0,2324.6,2324.6,4650.0,4649.2,0.8000000000001819
45405,9,20,2329.1,-1,2024-04-23,2024-04-23 09:20:00,2024-04-23 09:20:00,GCM24.csv,245,GCM24.csv,-2.0,2329.5,2324.5,4658.2,4649.0,-9.199999999999818
45405,9,40,2332.5,1,2024-04-23,2024-04-23 09:40:00,2024-04-23 09:40:00,GCM24.csv,844,GCM24.csv,2.0,2332.0,2332.0,4665.0,4664.0,1.0
45405,9,50,2338.2,-1,2024-04-23,2024-04-23 09:50:00,2024-04-23 09:50:00,GCM24.csv,1149,GCM24.csv,-2.0,2338.7,2338.7,4676.4,4677.4,1.0
45405,10,0,2343.9,-2,2024-04-23,2024-04-23 10:00:00,2024-04-23 10:00:00,GCM24.csv,1560,GCM24.csv,-1.0,2344.4,2344.4,2343.9,2344.4,0.5
45405,10,10,2342.0,0,2024-04-23,2024-04-23 10:10:00,2024-04-23 10:10:00,GCM24.csv,682,GCM24.csv,2.0,2341.5,2341.5,4684.0,4683.0,1.0
45405,10,20,2336.5,1,2024-04-23,2024-04-23 10:20:00,2024-04-23 10:20:00,GCM24.csv,224,GCM24.csv,1.0,2336.0,2336.0,2336.5,2336.0,0.5
45405,10,50,2330.8,0,2024-04-23,2024-04-23 10:50:00,2024-04-23 10:50:00,GCM24.csv,504,GCM24.csv,-1.0,2331.4,2331.4,2330.8,2331.4,0.599999999999909
45405,12,0,2337.0,2,2024-04-23,2024-04-23 12:00:00,2024-04-23 12:00:00,GCM24.csv,153,GCM24.csv,2.0,2336.6,2336.6,4674.0,4673.2,0.8000000000001819
45405,14,0,2340.2,0,2024-04-23,2024-04-23 14:00:00,2024-04-23 14:00:00,GCM24.csv,42,GCM24.csv,-2.0,2340.6,2340.6,4680.4,4681.2,0.8000000000001819
45405,14,30,2340.9,1,2024-04-23,2024-04-23 14:30:00,2024-04-23 14:30:00,GCM24.csv,56,GCM24.csv,1.0,2340.5,2340.5,2340.9,2340.5,0.40000000000009095
45405,16,0,2336.5,3,2024-04-23,2024-04-23 16:00:00,2024-04-23 16:00:00,GCM24.csv,109,GCM24.csv,2.0,2336.1,2336.1,4673.0,4672.2,0.8000000000001819
45406,1,30,2339.7,1,2024-04-24,2024-04-24 01:30:00,2024-04-24 01:30:00,GCM24.csv,158,GCM24.csv,-2.0,2340.1,2340.1,4679.4,4680.2,0.8000000000001819
45406,3,30,2335.1,3,2024-04-24,2024-04-24 03:30:00,2024-04-24 03:30:00,GCM24.csv,127,GCM24.csv,2.0,2334.7,2335.7,4670.2,4671.4,-1.199999999999818
45406,4,30,2331.9,0,2024-04-24,2024-04-24 04:30:00,2024-04-24 04:30:00,GCM24.csv,81,GCM24.csv,-3.0,2332.3,2332.3,6995.700000000001,6996.900000000001,1.199999999999818
45406,6,0,2328.1,-1,2024-04-24,2024-04-24 06:00:00,2024-04-24 06:00:00,GCM24.csv,77,GCM24.csv,-1.0,2328.5,2328.5,2328.1,2328.5,0.40000000000009095
45406,8,30,2328.9,2,2024-04-24,2024-04-24 08:30:00,2024-04-24 08:30:00,GCM24.csv,664,GCM24.csv,3.0,2328.5,2328.5,6986.700000000001,6985.5,1.2000000000007276
45406,9,0,2336.3,1,2024-04-24,2024-04-24 09:00:00,2024-04-24 09:00:00,GCM24.csv,282,GCM24.csv,-1.0,2336.7000000000003,2336.7000000000003,2336.3,2336.7000000000003,0.40000000000009095
45406,9,10,2336.5,0,2024-04-24,2024-04-24 09:10:00,2024-04-24 09:10:00,GCM24.csv,239,GCM24.csv,-1.0,2336.9,2336.9,2336.5,2336.9,0.40000000000009095
45406,9,20,2330.9,5,2024-04-24,2024-04-24 09:20:00,2024-04-24 09:20:00,GCM24.csv,761,GCM24.csv,5.0,2330.5,2330.5,11654.5,11652.5,2.0
45406,9,30,2333.2,6,2024-04-24,2024-04-24 09:30:00,2024-04-24 09:30:00,GCM24.csv,438,GCM24.csv,1.0,2332.8,2332.8,2333.2,2332.8,0.3999999999996362
45406,9,40,2336.3,2,2024-04-24,2024-04-24 09:40:00,2024-04-24 09:40:00,GCM24.csv,291,GCM24.csv,-4.0,2336.8,2336.8,9345.2,9347.2,2.0
45406,10,0,2334.8,4,2024-04-24,2024-04-24 10:00:00,2024-04-24 10:00:00,GCM24.csv,261,GCM24.csv,2.0,2334.4,2334.4,4669.6,4668.8,0.8000000000001819
45406,11,0,2343.4,2,2024-04-24,2024-04-24 11:00:00,2024-04-24 11:00:00,GCM24.csv,2514,GCM24.csv,-2.0,2343.8,2343.8,4686.8,4687.6,0.8000000000001819
45407,1,30,2328.5,1,2024-04-25,2024-04-25 01:30:00,2024-04-25 01:30:00,GCM24.csv,107,GCM24.csv,-1.0,2328.9,2328.9,2328.5,2328.9,0.40000000000009095
45407,3,30,2334.4,2,2024-04-25,2024-04-25 03:30:00,2024-04-25 03:30:00,GCM24.csv,96,GCM24.csv,1.0,2334.0,2334.0,2334.4,2334.0,0.40000000000009095
45407,4,30,2337.3,-2,2024-04-25,2024-04-25 04:30:00,2024-04-25 04:30:00,GCM24.csv,108,GCM24.csv,-4.0,2337.7000000000003,2337.7000000000003,9349.2,9350.800000000001,1.6000000000003638
45407,6,0,2337.3,3,2024-04-25,2024-04-25 06:00:00,2024-04-25 06:00:00,GCM24.csv,55,GCM24.csv,5.0,2337.0,2337.0,11686.5,11685.0,1.5
45407,8,30,2340.3,7,2024-04-25,2024-04-25 08:30:00,2024-04-25 08:30:00,GCM24.csv,1889,GCM24.csv,4.0,2339.9,2339.9,9361.2,9359.6,1.6000000000003638
45407,9,0,2343.4,6,2024-04-25,2024-04-25 09:00:00,2024-04-25 09:00:00,GCM24.csv,531,GCM24.csv,-1.0,2343.9,2337.7,2343.4,2337.7,-5.700000000000273
45407,9,20,2325.3,8,2024-04-25,2024-04-25 09:20:00,2024-04-25 09:20:00,GCM24.csv,832,GCM24.csv,2.0,2324.9,2329.8,4650.6,4659.6,-9.0
45407,9,40,2333.0,6,2024-04-25,2024-04-25 09:40:00,2024-04-25 09:40:00,GCM24.csv,217,GCM24.csv,-2.0,2333.5,2333.5,4666.0,4667.0,1.0
45407,10,0,2331.3,8,2024-04-25,2024-04-25 10:00:00,2024-04-25 10:00:00,GCM24.csv,650,GCM24.csv,2.0,2330.9,2330.9,4662.6,4661.8,0.8000000000001819
45407,11,0,2345.9,7,2024-04-25,2024-04-25 11:00:00,2024-04-25 11:00:00,GCM24.csv,1459,GCM24.csv,-1.0,2346.4,2346.4,2345.9,2346.4,0.5
45407,14,0,2344.6,5,2024-04-25,2024-04-25 14:00:00,2024-04-25 14:00:00,GCM24.csv,79,GCM24.csv,-2.0,2345.0,2345.0,4689.2,4690.0,0.8000000000001819
45407,16,0,2345.2,7,2024-04-25,2024-04-25 16:00:00,2024-04-25 16:00:00,GCM24.csv,49,GCM24.csv,2.0,2344.9,2344.9,4690.4,4689.8,0.5999999999994543
45408,6,0,2361.4,3,2024-04-26,2024-04-26 06:00:00,2024-04-26 06:00:00,GCM24.csv,53,GCM24.csv,-4.0,2361.8,2361.8,9445.6,9447.2,1.6000000000003638
45408,8,40,2363.4,1,2024-04-26,2024-04-26 08:40:00,2024-04-26 08:40:00,GCM24.csv,557,GCM24.csv,-2.0,2363.8,2359.0,4726.8,4718.0,-8.800000000000182
45408,9,0,2357.2,3,2024-04-26,2024-04-26 09:00:00,2024-04-26 09:00:00,GCM24.csv,556,GCM24.csv,2.0,2356.8,2356.8,4714.4,4713.6,0.7999999999992724
45408,9,30,2354.1,4,2024-04-26,2024-04-26 09:30:00,2024-04-26 09:30:00,GCM24.csv,520,GCM24.csv,1.0,2353.7,2353.7,2354.1,2353.7,0.40000000000009095
45408,9,50,2352.0,3,2024-04-26,2024-04-26 09:50:00,2024-04-26 09:50:00,GCM24.csv,376,GCM24.csv,-1.0,2352.5,2351.9,2352.0,2351.9,-0.09999999999990905
45408,12,0,2348.7,2,2024-04-26,2024-04-26 12:00:00,2024-04-26 12:00:00,GCM24.csv,106,GCM24.csv,-1.0,2349.1,2347.5,2348.7,2347.5,-1.199999999999818
45408,14,0,2350.3,1,2024-04-26,2024-04-26 14:00:00,2024-04-26 14:00:00,GCM24.csv,28,GCM24.csv,-1.0,2350.7000000000003,2350.6,2350.3,2350.6,0.29999999999972715
45408,16,0,2351.6,2,2024-04-26,2024-04-26 16:00:00,2024-04-26 16:00:00,GCM24.csv,103,GCM24.csv,1.0,2351.2,2351.2,2351.6,2351.2,0.40000000000009095
45408,16,30,2349.7,0,2024-04-26,2024-04-26 16:30:00,2024-04-26 16:30:00,GCM24.csv,59,GCM24.csv,-2.0,2350.1,2350.1,4699.4,4700.2,0.8000000000001819
45411,1,30,2344.7,-3,2024-04-29,2024-04-29 01:30:00,2024-04-29 01:30:00,GCM24.csv,186,GCM24.csv,-3.0,2345.1,2345.1,7034.099999999999,7035.299999999999,1.199999999999818
45411,3,30,2344.4,0,2024-04-29,2024-04-29 03:30:00,2024-04-29 03:30:00,GCM24.csv,453,GCM24.csv,3.0,2344.0,2348.1,7033.200000000001,7044.299999999999,-11.099999999998545
45411,4,30,2349.6,-1,2024-04-29,2024-04-29 04:30:00,2024-04-29 04:30:00,GCM24.csv,67,GCM24.csv,-1.0,2350.0,2350.0,2349.6,2350.0,0.40000000000009095
45411,8,30,2345.3,0,2024-04-29,2024-04-29 08:30:00,2024-04-29 08:30:00,GCM24.csv,258,GCM24.csv,1.0,2344.9,2344.9,2345.3,2344.9,0.40000000000009095
45411,8,40,2341.0,2,2024-04-29,2024-04-29 08:40:00,2024-04-29 08:40:00,GCM24.csv,120,GCM24.csv,2.0,2340.6,2340.6,4682.0,4681.2,0.8000000000001819
45411,9,0,2343.3,0,2024-04-29,2024-04-29 09:00:00,2024-04-29 09:00:00,GCM24.csv,197,GCM24.csv,-2.0,2343.7000000000003,2343.7000000000003,4686.6,4687.400000000001,0.8000000000001819
45411,10,30,2350.4,-1,2024-04-29,2024-04-29 10:30:00,2024-04-29 10:30:00,GCM24.csv,279,GCM24.csv,-1.0,2350.8,2348.8,2350.4,2348.8,-1.599999999999909
45411,12,0,2349.5,0,2024-04-29,2024-04-29 12:00:00,2024-04-29 12:00:00,GCM24.csv,92,GCM24.csv,1.0,2349.1,2349.1,2349.5,2349.1,0.40000000000009095
45411,14,30,2350.3,1,2024-04-29,2024-04-29 14:30:00,2024-04-29 14:30:00,GCM24.csv,139,GCM24.csv,1.0,2349.9,2349.9,2350.3,2349.9,0.40000000000009095
45412,1,30,2335.7,-2,2024-04-30,2024-04-30 01:30:00,2024-04-30 01:30:00,GCM24.csv,984,GCM24.csv,-3.0,2336.1,2334.2,7007.099999999999,7002.599999999999,-4.5
45412,3,30,2327.9,1,2024-04-30,2024-04-30 03:30:00,2024-04-30 03:30:00,GCM24.csv,151,GCM24.csv,3.0,2327.5,2327.5,6983.700000000001,6982.5,1.2000000000007276
45412,4,30,2324.0,-2,2024-04-30,2024-04-30 04:30:00,2024-04-30 04:30:00,GCM24.csv,215,GCM24.csv,-3.0,2324.4,2324.4,6972.0,6973.200000000001,1.2000000000007276
45412,8,30,2320.7,1,2024-04-30,2024-04-30 08:30:00,2024-04-30 08:30:00,GCM24.csv,2800,GCM24.csv,3.0,2320.3,2320.3,6962.099999999999,6960.900000000001,1.1999999999989086
45412,8,40,2315.7,3,2024-04-30,2024-04-30 08:40:00,2024-04-30 08:40:00,GCM24.csv,559,GCM24.csv,2.0,2315.2,2319.8,4631.4,4639.6,-8.200000000000728
45412,9,0,2316.8,1,2024-04-30,2024-04-30 09:00:00,2024-04-30 09:00:00,GCM24.csv,279,GCM24.csv,-2.0,2317.2000000000003,2317.2000000000003,4633.6,4634.400000000001,0.8000000000001819
45412,9,50,2323.4,-1,2024-04-30,2024-04-30 09:50:00,2024-04-30 09:50:00,GCM24.csv,196,GCM24.csv,-2.0,2323.8,2323.8,4646.8,4647.6,0.8000000000001819
45412,10,10,2313.8,1,2024-04-30,2024-04-30 10:10:00,2024-04-30 10:10:00,GCM24.csv,591,GCM24.csv,2.0,2313.3,2313.3,4627.6,4626.6,1.0
45412,10,30,2312.3,2,2024-04-30,2024-04-30 10:30:00,2024-04-30 10:30:00,GCM24.csv,235,GCM24.csv,1.0,2311.8,2311.8,2312.3,2311.8,0.5
45412,12,0,2306.9,3,2024-04-30,2024-04-30 12:00:00,2024-04-30 12:00:00,GCM24.csv,208,GCM24.csv,1.0,2306.5,2308.1,2306.9,2308.1,-1.199999999999818
45412,14,0,2306.9,6,2024-04-30,2024-04-30 14:00:00,2024-04-30 14:00:00,GCM24.csv,90,GCM24.csv,3.0,2306.5,2306.5,6920.700000000001,6919.5,1.2000000000007276
45412,14,30,2306.2,5,2024-04-30,2024-04-30 14:30:00,2024-04-30 14:30:00,GCM24.csv,72,GCM24.csv,-1.0,2306.6,2306.6,2306.2,2306.6,0.40000000000009095
45412,16,0,2302.3,2,2024-04-30,2024-04-30 16:00:00,2024-04-30 16:00:00,GCM24.csv,720,GCM24.csv,-3.0,2302.7000000000003,2302.7000000000003,6906.900000000001,6908.1,1.199999999999818
45413,4,30,2296.2,-2,2024-05-01,2024-05-01 04:30:00,2024-05-01 04:30:00,GCM24.csv,36,GCM24.csv,-4.0,2296.6,2296.6,9184.8,9186.4,1.6000000000003638
45413,6,0,2302.6,1,2024-05-01,2024-05-01 06:00:00,2024-05-01 06:00:00,GCM24.csv,108,GCM24.csv,3.0,2302.2,2302.2,6907.799999999999,6906.599999999999,1.199999999999818
45413,8,30,2306.4,5,2024-05-01,2024-05-01 08:30:00,2024-05-01 08:30:00,GCM24.csv,344,GCM24.csv,4.0,2306.0,2306.0,9225.6,9224.0,1.6000000000003638
45413,10,10,2318.2,3,2024-05-01,2024-05-01 10:10:00,2024-05-01 10:10:00,GCM24.csv,679,GCM24.csv,-2.0,2318.8,2318.8,4636.4,4637.6,1.2000000000007276
45413,10,30,2317.0,5,2024-05-01,2024-05-01 10:30:00,2024-05-01 10:30:00,GCM24.csv,323,GCM24.csv,2.0,2316.6,2316.6,4634.0,4633.2,0.8000000000001819
45413,12,0,2318.1,2,2024-05-01,2024-05-01 12:00:00,2024-05-01 12:00:00,GCM24.csv,184,GCM24.csv,-3.0,2318.5,2315.8,6954.299999999999,6947.400000000001,-6.899999999998727
45413,14,0,2309.8,1,2024-05-01,2024-05-01 14:00:00,2024-05-01 14:00:00,GCM24.csv,1994,GCM24.csv,-1.0,2310.2000000000003,2310.2000000000003,2309.8,2310.2000000000003,0.40000000000009095
45413,16,0,2320.7,2,2024-05-01,2024-05-01 16:00:00,2024-05-01 16:00:00,GCM24.csv,558,GCM24.csv,1.0,2320.3,2320.3,2320.7,2320.3,0.3999999999996362
45414,1,30,2323.9,1,2024-05-02,2024-05-02 01:30:00,2024-05-02 01:30:00,GCM24.csv,62,GCM24.csv,-1.0,2324.3,2324.3,2323.9,2324.3,0.40000000000009095
45414,3,30,2320.4,2,2024-05-02,2024-05-02 03:30:00,2024-05-02 03:30:00,GCM24.csv,97,GCM24.csv,1.0,2320.0,2320.0,2320.4,2320.0,0.40000000000009095
45414,4,30,2313.8,-1,2024-05-02,2024-05-02 04:30:00,2024-05-02 04:30:00,GCM24.csv,124,GCM24.csv,-3.0,2314.2000000000003,2314.2000000000003,6941.400000000001,6942.6,1.199999999999818
45414,6,0,2311.1,-5,2024-05-02,2024-05-02 06:00:00,2024-05-02 06:00:00,GCM24.csv,44,GCM24.csv,-4.0,2311.5,2307.1,9244.4,9228.4,-16.0
45414,8,30,2311.5,-2,2024-05-02,2024-05-02 08:30:00,2024-05-02 08:30:00,GCM24.csv,741,GCM24.csv,3.0,2311.1,2311.1,6934.5,6933.299999999999,1.2000000000007276
45414,9,0,2303.8,1,2024-05-02,2024-05-02 09:00:00,2024-05-02 09:00:00,GCM24.csv,307,GCM24.csv,3.0,2303.4,2303.4,6911.400000000001,6910.200000000001,1.199999999999818
45414,9,10,2298.8,2,2024-05-02,2024-05-02 09:10:00,2024-05-02 09:10:00,GCM24.csv,634,GCM24.csv,1.0,2298.4,2298.4,2298.8,2298.4,0.40000000000009095
45414,9,20,2296.9,1,2024-05-02,2024-05-02 09:20:00,2024-05-02 09:20:00,GCM24.csv,332,GCM24.csv,-1.0,2297.4,2297.4,2296.9,2297.4,0.5
45414,9,30,2300.0,0,2024-05-02,2024-05-02 09:30:00,2024-05-02 09:30:00,GCM24.csv,808,GCM24.csv,-1.0,2300.4,2300.4,2300.0,2300.4,0.40000000000009095
45414,9,40,2303.9,-2,2024-05-02,2024-05-02 09:40:00,2024-05-02 09:40:00,GCM24.csv,277,GCM24.csv,-2.0,2304.3,2304.3,4607.8,4608.6,0.8000000000001819
45414,10,0,2300.6,-1,2024-05-02,2024-05-02 10:00:00,2024-05-02 10:00:00,GCM24.csv,749,GCM24.csv,1.0,2300.2,2300.2,2300.6,2300.2,0.40000000000009095
45414,10,30,2305.9,-3,2024-05-02,2024-05-02 10:30:00,2024-05-02 10:30:00,GCM24.csv,172,GCM24.csv,-2.0,2306.3,2306.3,4611.8,4612.6,0.8000000000001819
45414,11,0,2313.6,-4,2024-05-02,2024-05-02 11:00:00,2024-05-02 11:00:00,GCM24.csv,676,GCM24.csv,-1.0,2314.0,2314.0,2313.6,2314.0,0.40000000000009095
45414,12,0,2309.2,-2,2024-05-02,2024-05-02 12:00:00,2024-05-02 12:00:00,GCM24.csv,136,GCM24.csv,2.0,2308.8,2308.8,4618.4,4617.6,0.7999999999992724
45414,14,30,2316.6,0,2024-05-02,2024-05-02 14:30:00,2024-05-02 14:30:00,GCM24.csv,59,GCM24.csv,2.0,2316.2,2316.2,4633.2,4632.4,0.8000000000001819
45415,1,30,2315.2,-3,2024-05-03,2024-05-03 01:30:00,2024-05-03 01:30:00,GCM24.csv,47,GCM24.csv,-3.0,2315.6,2315.6,6945.599999999999,6946.799999999999,1.199999999999818
45415,3,30,2308.1,0,2024-05-03,2024-05-03 03:30:00,2024-05-03 03:30:00,GCM24.csv,38,GCM24.csv,3.0,2307.7,2308.5,6924.299999999999,6925.5,-1.2000000000007276
45415,4,30,2308.6,-1,2024-05-03,2024-05-03 04:30:00,2024-05-03 04:30:00,GCM24.csv,35,GCM24.csv,-1.0,2309.0,2308.2,2308.6,2308.2,-0.40000000000009095
45415,6,0,2310.2,3,2024-05-03,2024-05-03 06:00:00,2024-05-03 06:00:00,GCM24.csv,42,GCM24.csv,4.0,2309.8,2309.8,9240.8,9239.2,1.5999999999985448
45415,8,30,2305.3,4,2024-05-03,2024-05-03 08:30:00,2024-05-03 08:30:00,GCM24.csv,5284,GCM24.csv,1.0,2304.9,2325.8,2305.3,2325.8,-20.5
45415,9,0,2313.0,1,2024-05-03,2024-05-03 09:00:00,2024-05-03 09:00:00,GCM24.csv,584,GCM24.csv,-3.0,2313.6,2313.6,6939.0,6940.799999999999,1.7999999999992724
45415,9,20,2310.7,2,2024-05-03,2024-05-03 09:20:00,2024-05-03 09:20:00,GCM24.csv,323,GCM24.csv,1.0,2310.2,2310.2,2310.7,2310.2,0.5
45415,9,40,2290.9,3,2024-05-03,2024-05-03 09:40:00,2024-05-03 09:40:00,GCM24.csv,811,GCM24.csv,1.0,2290.4,2290.4,2290.9,2290.4,0.5
45415,9,50,2296.8,4,2024-05-03,2024-05-03 09:50:00,2024-05-03 09:50:00,GCM24.csv,937,GCM24.csv,1.0,2296.3,2296.3,2296.8,2296.3,0.5
45415,10,0,2309.4,2,2024-05-03,2024-05-03 10:00:00,2024-05-03 10:00:00,GCM24.csv,2140,GCM24.csv,-2.0,2310.0,2310.0,4618.8,4620.0,1.199999999999818
45415,10,10,2304.3,1,2024-05-03,2024-05-03 10:10:00,2024-05-03 10:10:00,GCM24.csv,472,GCM24.csv,-1.0,2304.9,2297.5,2304.3,2297.5,-6.800000000000182
45415,10,20,2294.6,3,2024-05-03,2024-05-03 10:20:00,2024-05-03 10:20:00,GCM24.csv,1171,GCM24.csv,2.0,2294.1,2294.1,4589.2,4588.2,1.0
45415,10,30,2295.1,4,2024-05-03,2024-05-03 10:30:00,2024-05-03 10:30:00,GCM24.csv,296,GCM24.csv,1.0,2294.6,2294.6,2295.1,2294.6,0.5
45415,10,40,2298.0,3,2024-05-03,2024-05-03 10:40:00,2024-05-03 10:40:00,GCM24.csv,517,GCM24.csv,-1.0,2298.6,2298.6,2298.0,2298.6,0.599999999999909
45415,11,0,2300.0,5,2024-05-03,2024-05-03 11:00:00,2024-05-03 11:00:00,GCM24.csv,196,GCM24.csv,2.0,2299.6,2299.6,4600.0,4599.2,0.8000000000001819
45415,12,0,2302.2,6,2024-05-03,2024-05-03 12:00:00,2024-05-03 12:00:00,GCM24.csv,208,GCM24.csv,1.0,2301.8,2301.8,2302.2,2301.8,0.3999999999996362
45415,14,30,2307.3,5,2024-05-03,2024-05-03 14:30:00,2024-05-03 14:30:00,GCM24.csv,33,GCM24.csv,-1.0,2307.7000000000003,2306.6,2307.3,2306.6,-0.7000000000002728
45415,16,30,2309.9,0,2024-05-03,2024-05-03 16:30:00,2024-05-03 16:30:00,GCM24.csv,81,GCM24.csv,-5.0,2310.3,2310.3,11549.5,11551.5,2.0
45418,1,30,2319.7,-3,2024-05-06,2024-05-06 01:30:00,2024-05-06 01:30:00,GCM24.csv,57,GCM24.csv,-3.0,2320.1,2320.1,6959.099999999999,6960.299999999999,1.199999999999818
45418,3,30,2325.3,0,2024-05-06,2024-05-06 03:30:00,2024-05-06 03:30:00,GCM24.csv,61,GCM24.csv,3.0,2324.9,2324.9,6975.900000000001,6974.700000000001,1.199999999999818
45418,4,30,2330.0,-1,2024-05-06,2024-05-06 04:30:00,2024-05-06 04:30:00,GCM24.csv,63,GCM24.csv,-1.0,2330.4,2328.4,2330.0,2328.4,-1.599999999999909
45418,6,0,2330.1,1,2024-05-06,2024-05-06 06:00:00,2024-05-06 06:00:00,GCM24.csv,62,GCM24.csv,2.0,2329.7,2329.7,4660.2,4659.4,0.8000000000001819
45418,8,30,2324.9,2,2024-05-06,2024-05-06 08:30:00,2024-05-06 08:30:00,GCM24.csv,151,GCM24.csv,1.0,2324.5,2324.5,2324.9,2324.5,0.40000000000009095
45418,8,50,2336.6,1,2024-05-06,2024-05-06 08:50:00,2024-05-06 08:50:00,GCM24.csv,457,GCM24.csv,-1.0,2337.0,2337.0,2336.6,2337.0,0.40000000000009095
45418,9,0,2332.5,3,2024-05-06,2024-05-06 09:00:00,2024-05-06 09:00:00,GCM24.csv,430,GCM24.csv,2.0,2332.1,2332.1,4665.0,4664.2,0.8000000000001819
45418,9,10,2332.8,4,2024-05-06,2024-05-06 09:10:00,2024-05-06 09:10:00,GCM24.csv,199,GCM24.csv,1.0,2332.4,2332.4,2332.8,2332.4,0.40000000000009095
45418,9,20,2333.3,3,2024-05-06,2024-05-06 09:20:00,2024-05-06 09:20:00,GCM24.csv,142,GCM24.csv,-1.0,2333.7000000000003,2333.7000000000003,2333.3,2333.7000000000003,0.40000000000009095
45418,9,40,2337.6,1,2024-05-06,2024-05-06 09:40:00,2024-05-06 09:40:00,GCM24.csv,2498,GCM24.csv,-2.0,2338.0,2338.0,4675.2,4676.0,0.8000000000001819
45418,9,50,2333.2,2,2024-05-06,2024-05-06 09:50:00,2024-05-06 09:50:00,GCM24.csv,279,GCM24.csv,1.0,2332.8,2332.8,2333.2,2332.8,0.3999999999996362
45418,10,0,2337.3,4,2024-05-06,2024-05-06 10:00:00,2024-05-06 10:00:00,GCM24.csv,565,GCM24.csv,2.0,2336.9,2336.9,4674.6,4673.8,0.8000000000001819
45418,10,10,2337.4,3,2024-05-06,2024-05-06 10:10:00,2024-05-06 10:10:00,GCM24.csv,214,GCM24.csv,-1.0,2337.8,2335.6,2337.4,2335.6,-1.800000000000182
45418,10,30,2333.5,2,2024-05-06,2024-05-06 10:30:00,2024-05-06 10:30:00,GCM24.csv,94,GCM24.csv,-1.0,2333.9,2333.9,2333.5,2333.9,0.40000000000009095
45418,11,0,2329.4,1,2024-05-06,2024-05-06 11:00:00,2024-05-06 11:00:00,GCM24.csv,237,GCM24.csv,-1.0,2329.8,2329.8,2329.4,2329.8,0.40000000000009095
45418,12,0,2333.6,0,2024-05-06,2024-05-06 12:00:00,2024-05-06 12:00:00,GCM24.csv,65,GCM24.csv,-1.0,2334.0,2334.0,2333.6,2334.0,0.40000000000009095
45418,14,0,2333.6,2,2024-05-06,2024-05-06 14:00:00,2024-05-06 14:00:00,GCM24.csv,101,GCM24.csv,2.0,2333.2,2334.2,4667.2,4668.4,-1.199999999999818
45418,14,30,2334.8,3,2024-05-06,2024-05-06 14:30:00,2024-05-06 14:30:00,GCM24.csv,150,GCM24.csv,1.0,2334.4,2334.4,2334.8,2334.4,0.40000000000009095
45418,16,0,2333.5,1,2024-05-06,2024-05-06 16:00:00,2024-05-06 16:00:00,GCM24.csv,77,GCM24.csv,-2.0,2333.9,2333.9,4667.0,4667.8,0.8000000000001819
45419,1,30,2330.8,0,2024-05-07,2024-05-07 01:30:00,2024-05-07 01:30:00,GCM24.csv,90,GCM24.csv,-1.0,2331.1000000000004,2329.9,2330.8,2329.9,-0.900000000000091
45419,3,30,2329.1,1,2024-05-07,2024-05-07 03:30:00,2024-05-07 03:30:00,GCM24.csv,116,GCM24.csv,1.0,2328.7,2328.7,2329.1,2328.7,0.40000000000009095
45419,4,30,2323.6,-1,2024-05-07,2024-05-07 04:30:00,2024-05-07 04:30:00,GCM24.csv,35,GCM24.csv,-2.0,2324.0,2324.0,4647.2,4648.0,0.8000000000001819
45419,6,0,2322.2,-2,2024-05-07,2024-05-07 06:00:00,2024-05-07 06:00:00,GCM24.csv,74,GCM24.csv,-1.0,2322.6,2321.7,2322.2,2321.7,-0.5
45419,8,30,2321.5,0,2024-05-07,2024-05-07 08:30:00,2024-05-07 08:30:00,GCM24.csv,105,GCM24.csv,2.0,2321.1,2321.1,4643.0,4642.2,0.8000000000001819
45419,9,0,2324.5,1,2024-05-07,2024-05-07 09:00:00,2024-05-07 09:00:00,GCM24.csv,299,GCM24.csv,1.0,2324.1,2324.1,2324.5,2324.1,0.40000000000009095
45419,9,10,2328.1,-1,2024-05-07,2024-05-07 09:10:00,2024-05-07 09:10:00,GCM24.csv,366,GCM24.csv,-2.0,2328.5,2328.5,4656.2,4657.0,0.8000000000001819
45419,9,20,2330.1,-2,2024-05-07,2024-05-07 09:20:00,2024-05-07 09:20:00,GCM24.csv,751,GCM24.csv,-1.0,2330.5,2327.6,2330.1,2327.6,-2.5
45419,9,30,2326.3,0,2024-05-07,2024-05-07 09:30:00,2024-05-07 09:30:00,GCM24.csv,283,GCM24.csv,2.0,2325.9,2325.9,4652.6,4651.8,0.8000000000001819
45419,9,40,2326.9,1,2024-05-07,2024-05-07 09:40:00,2024-05-07 09:40:00,GCM24.csv,107,GCM24.csv,1.0,2326.5,2327.9,2326.9,2327.9,-1.0
45419,10,30,2328.2,4,2024-05-07,2024-05-07 10:30:00,2024-05-07 10:30:00,GCM24.csv,217,GCM24.csv,3.0,2327.8,2327.8,6984.599999999999,6983.400000000001,1.1999999999989086
45419,11,0,2322.6,3,2024-05-07,2024-05-07 11:00:00,2024-05-07 11:00:00,GCM24.csv,689,GCM24.csv,-1.0,2323.0,2323.0,2322.6,2323.0,0.40000000000009095
45419,12,0,2323.6,6,2024-05-07,2024-05-07 12:00:00,2024-05-07 12:00:00,GCM24.csv,149,GCM24.csv,3.0,2323.2,2323.2,6970.799999999999,6969.599999999999,1.199999999999818
45419,14,30,2323.2,3,2024-05-07,2024-05-07 14:30:00,2024-05-07 14:30:00,GCM24.csv,29,GCM24.csv,-3.0,2323.6,2321.9,6969.599999999999,6965.700000000001,-3.8999999999987267
45420,1,30,2327.5,5,2024-05-08,2024-05-08 01:30:00,2024-05-08 01:30:00,GCM24.csv,178,GCM24.csv,2.0,2327.1,2328.6,4655.0,4657.2,-2.199999999999818
45420,3,30,2319.9,3,2024-05-08,2024-05-08 03:30:00,2024-05-08 03:30:00,GCM24.csv,51,GCM24.csv,-2.0,2320.3,2320.3,4639.8,4640.6,0.8000000000001819
45420,4,30,2312.3,0,2024-05-08,2024-05-08 04:30:00,2024-05-08 04:30:00,GCM24.csv,109,GCM24.csv,-3.0,2312.7000000000003,2312.7000000000003,6936.900000000001,6938.1,1.199999999999818
45420,6,0,2318.7,2,2024-05-08,2024-05-08 06:00:00,2024-05-08 06:00:00,GCM24.csv,412,GCM24.csv,2.0,2318.3,2321.0,4637.4,4642.0,-4.600000000000364
45420,8,30,2326.1,5,2024-05-08,2024-05-08 08:30:00,2024-05-08 08:30:00,GCM24.csv,144,GCM24.csv,3.0,2325.7,2325.7,6978.299999999999,6977.099999999999,1.199999999999818
45420,12,0,2328.3,1,2024-05-08,2024-05-08 12:00:00,2024-05-08 12:00:00,GCM24.csv,247,GCM24.csv,-4.0,2328.7000000000003,2326.9,9313.2,9307.6,-5.600000000000364
45421,6,0,2314.4,0,2024-05-09,2024-05-09 06:00:00,2024-05-09 06:00:00,GCM24.csv,66,GCM24.csv,-1.0,2314.8,2314.8,2314.4,2314.8,0.40000000000009095
45421,8,40,2333.2,-1,2024-05-09,2024-05-09 08:40:00,2024-05-09 08:40:00,GCM24.csv,524,GCM24.csv,-1.0,2334.0,2334.0,2333.2,2334.0,0.8000000000001819
45421,8,50,2334.4,-3,2024-05-09,2024-05-09 08:50:00,2024-05-09 08:50:00,GCM24.csv,427,GCM24.csv,-2.0,2335.2000000000003,2333.6,4668.8,4667.2,-1.6000000000003638
45421,9,0,2333.0,-2,2024-05-09,2024-05-09 09:00:00,2024-05-09 09:00:00,GCM24.csv,768,GCM24.csv,1.0,2332.6,2332.6,2333.0,2332.6,0.40000000000009095
45421,9,10,2329.8,1,2024-05-09,2024-05-09 09:10:00,2024-05-09 09:10:00,GCM24.csv,1969,GCM24.csv,3.0,2329.4,2329.4,6989.400000000001,6988.200000000001,1.199999999999818
45421,9,20,2321.4,2,2024-05-09,2024-05-09 09:20:00,2024-05-09 09:20:00,GCM24.csv,589,GCM24.csv,1.0,2321.0,2321.0,2321.4,2321.0,0.40000000000009095
45421,9,30,2324.4,3,2024-05-09,2024-05-09 09:30:00,2024-05-09 09:30:00,GCM24.csv,894,GCM24.csv,1.0,2324.0,2327.7,2324.4,2327.7,-3.299999999999727
45421,9,40,2326.5,2,2024-05-09,2024-05-09 09:40:00,2024-05-09 09:40:00,GCM24.csv,345,GCM24.csv,-1.0,2327.3,2325.6,2326.5,2325.6,-0.900000000000091
45421,9,50,2328.0,0,2024-05-09,2024-05-09 09:50:00,2024-05-09 09:50:00,GCM24.csv,206,GCM24.csv,-2.0,2328.8,2328.8,4656.0,4657.6,1.6000000000003638
45421,10,30,2341.9,-4,2024-05-09,2024-05-09 10:30:00,2024-05-09 10:30:00,GCM24.csv,518,GCM24.csv,-4.0,2342.7000000000003,2337.7,9367.6,9350.8,-16.80000000000109
45421,12,0,2337.3,-1,2024-05-09,2024-05-09 12:00:00,2024-05-09 12:00:00,GCM24.csv,82,GCM24.csv,3.0,2336.9,2336.9,7011.900000000001,7010.700000000001,1.199999999999818
45421,14,30,2341.2,3,2024-05-09,2024-05-09 14:30:00,2024-05-09 14:30:00,GCM24.csv,26,GCM24.csv,4.0,2340.8,2342.0,9364.8,9368.0,-3.2000000000007276
45422,1,30,2362.7,4,2024-05-10,2024-05-10 01:30:00,2024-05-10 01:30:00,GCM24.csv,237,GCM24.csv,1.0,2362.3,2362.3,2362.7,2362.3,0.3999999999996362
45422,3,30,2374.8,3,2024-05-10,2024-05-10 03:30:00,2024-05-10 03:30:00,GCM24.csv,354,GCM24.csv,-1.0,2375.2000000000003,2373.5,2374.8,2373.5,-1.300000000000182
45422,4,30,2374.8,2,2024-05-10,2024-05-10 04:30:00,2024-05-10 04:30:00,GCM24.csv,51,GCM24.csv,-1.0,2375.2000000000003,2375.2000000000003,2374.8,2375.2000000000003,0.40000000000009095
45422,6,0,2379.4,0,2024-05-10,2024-05-10 06:00:00,2024-05-10 06:00:00,GCM24.csv,141,GCM24.csv,-2.0,2379.8,2379.8,4758.8,4759.6,0.8000000000001819
45422,8,30,2373.9,1,2024-05-10,2024-05-10 08:30:00,2024-05-10 08:30:00,GCM24.csv,733,GCM24.csv,1.0,2373.5,2373.5,2373.9,2373.5,0.40000000000009095
45422,8,40,2373.6,3,2024-05-10,2024-05-10 08:40:00,2024-05-10 08:40:00,GCM24.csv,374,GCM24.csv,2.0,2373.2,2375.2,4747.2,4750.4,-3.199999999999818
45422,9,0,2371.8,0,2024-05-10,2024-05-10 09:00:00,2024-05-10 09:00:00,GCM24.csv,667,GCM24.csv,-3.0,2372.3,2368.4,7115.400000000001,7105.200000000001,-10.199999999999818
45422,9,40,2372.9,1,2024-05-10,2024-05-10 09:40:00,2024-05-10 09:40:00,GCM24.csv,417,GCM24.csv,1.0,2372.5,2372.5,2372.9,2372.5,0.40000000000009095
45422,10,0,2373.4,0,2024-05-10,2024-05-10 10:00:00,2024-05-10 10:00:00,GCM24.csv,876,GCM24.csv,-1.0,2373.8,2373.8,2373.4,2373.8,0.40000000000009095
45422,10,30,2366.9,3,2024-05-10,2024-05-10 10:30:00,2024-05-10 10:30:00,GCM24.csv,928,GCM24.csv,3.0,2366.5,2370.6,7100.700000000001,7111.799999999999,-11.099999999998545
45422,10,50,2368.5,2,2024-05-10,2024-05-10 10:50:00,2024-05-10 10:50:00,GCM24.csv,255,GCM24.csv,-1.0,2368.9,2368.9,2368.5,2368.9,0.40000000000009095
45422,11,0,2366.9,3,2024-05-10,2024-05-10 11:00:00,2024-05-10 11:00:00,GCM24.csv,358,GCM24.csv,1.0,2366.5,2366.5,2366.9,2366.5,0.40000000000009095
45422,14,30,2375.8,1,2024-05-10,2024-05-10 14:30:00,2024-05-10 14:30:00,GCM24.csv,52,GCM24.csv,-2.0,2376.2000000000003,2375.8,4751.6,4751.6,-0.0
45422,16,30,2370.2,0,2024-05-10,2024-05-10 16:30:00,2024-05-10 16:30:00,GCM24.csv,4,GCM24.csv,-1.0,2370.5,2370.5,2370.2,2370.5,0.3000000000001819
45425,4,30,2349.9,2,2024-05-13,2024-05-13 04:30:00,2024-05-13 04:30:00,GCM24.csv,507,GCM24.csv,2.0,2349.5,2349.5,4699.8,4699.0,0.8000000000001819
45425,6,0,2346.0,3,2024-05-13,2024-05-13 06:00:00,2024-05-13 06:00:00,GCM24.csv,119,GCM24.csv,1.0,2345.6,2345.6,2346.0,2345.6,0.40000000000009095
45425,8,30,2352.0,1,2024-05-13,2024-05-13 08:30:00,2024-05-13 08:30:00,GCM24.csv,342,GCM24.csv,-2.0,2352.4,2352.4,4704.0,4704.8,0.8000000000001819
45425,9,0,2353.3,2,2024-05-13,2024-05-13 09:00:00,2024-05-13 09:00:00,GCM24.csv,351,GCM24.csv,1.0,2352.9,2352.9,2353.3,2352.9,0.40000000000009095
45425,9,50,2346.9,3,2024-05-13,2024-05-13 09:50:00,2024-05-13 09:50:00,GCM24.csv,394,GCM24.csv,1.0,2346.5,2346.5,2346.9,2346.5,0.40000000000009095
45425,10,10,2348.3,2,2024-05-13,2024-05-13 10:10:00,2024-05-13 10:10:00,GCM24.csv,551,GCM24.csv,-1.0,2348.7000000000003,2348.7000000000003,2348.3,2348.7000000000003,0.40000000000009095
45425,10,30,2351.5,4,2024-05-13,2024-05-13 10:30:00,2024-05-13 10:30:00,GCM24.csv,239,GCM24.csv,2.0,2351.1,2351.1,4703.0,4702.2,0.8000000000001819
45425,11,0,2349.7,3,2024-05-13,2024-05-13 11:00:00,2024-05-13 11:00:00,GCM24.csv,219,GCM24.csv,-1.0,2350.1,2343.1,2349.7,2343.1,-6.599999999999909
45425,12,0,2342.0,5,2024-05-13,2024-05-13 12:00:00,2024-05-13 12:00:00,GCM24.csv,303,GCM24.csv,2.0,2341.6,2343.1,4684.0,4686.2,-2.199999999999818
45425,14,30,2342.3,3,2024-05-13,2024-05-13 14:30:00,2024-05-13 14:30:00,GCM24.csv,206,GCM24.csv,-2.0,2342.7000000000003,2342.7000000000003,4684.6,4685.400000000001,0.8000000000001819
45426,4,30,2344.1,6,2024-05-14,2024-05-14 04:30:00,2024-05-14 04:30:00,GCM24.csv,41,GCM24.csv,3.0,2343.7,2343.7,7032.299999999999,7031.099999999999,1.199999999999818
45426,6,0,2351.5,8,2024-05-14,2024-05-14 06:00:00,2024-05-14 06:00:00,GCM24.csv,506,GCM24.csv,2.0,2351.1,2351.1,4703.0,4702.2,0.8000000000001819
45426,8,30,2348.4,5,2024-05-14,2024-05-14 08:30:00,2024-05-14 08:30:00,GCM24.csv,2641,GCM24.csv,-3.0,2348.8,2348.8,7045.200000000001,7046.400000000001,1.199999999999818
45426,8,50,2353.1,3,2024-05-14,2024-05-14 08:50:00,2024-05-14 08:50:00,GCM24.csv,274,GCM24.csv,-2.0,2354.0,2354.0,4706.2,4708.0,1.800000000000182
45426,9,0,2354.2,4,2024-05-14,2024-05-14 09:00:00,2024-05-14 09:00:00,GCM24.csv,416,GCM24.csv,1.0,2353.8,2353.8,2354.2,2353.8,0.3999999999996362
45426,9,10,2354.6,6,2024-05-14,2024-05-14 09:10:00,2024-05-14 09:10:00,GCM24.csv,553,GCM24.csv,2.0,2354.2,2356.1,4709.2,4712.2,-3.0
45426,11,0,2358.3,5,2024-05-14,2024-05-14 11:00:00,2024-05-14 11:00:00,GCM24.csv,332,GCM24.csv,-1.0,2358.7000000000003,2357.2,2358.3,2357.2,-1.1000000000003638
45426,12,0,2353.4,3,2024-05-14,2024-05-14 12:00:00,2024-05-14 12:00:00,GCM24.csv,327,GCM24.csv,-2.0,2353.8,2353.8,4706.8,4707.6,0.8000000000001819
45426,14,0,2361.6,5,2024-05-14,2024-05-14 14:00:00,2024-05-14 14:00:00,GCM24.csv,75,GCM24.csv,2.0,2361.2,2363.4,4723.2,4726.8,-3.600000000000364
45426,16,0,2362.3,3,2024-05-14,2024-05-14 16:00:00,2024-05-14 16:00:00,GCM24.csv,60,GCM24.csv,-2.0,2362.7000000000003,2362.0,4724.6,4724.0,-0.6000000000003638
45427,1,30,2362.1,2,2024-05-15,2024-05-15 01:30:00,2024-05-15 01:30:00,GCM24.csv,88,GCM24.csv,-1.0,2362.5,2362.5,2362.1,2362.5,0.40000000000009095
45427,3,30,2368.7,3,2024-05-15,2024-05-15 03:30:00,2024-05-15 03:30:00,GCM24.csv,257,GCM24.csv,1.0,2368.3,2368.6,2368.7,2368.6,0.09999999999990905
45427,4,30,2374.7,2,2024-05-15,2024-05-15 04:30:00,2024-05-15 04:30:00,GCM24.csv,226,GCM24.csv,-1.0,2375.1,2375.1,2374.7,2375.1,0.40000000000009095
45427,6,0,2375.0,-1,2024-05-15,2024-05-15 06:00:00,2024-05-15 06:00:00,GCM24.csv,98,GCM24.csv,-3.0,2375.4,2375.4,7125.0,7126.200000000001,1.2000000000007276
45427,8,30,2367.8,0,2024-05-15,2024-05-15 08:30:00,2024-05-15 08:30:00,GCM24.csv,4674,GCM24.csv,1.0,2367.4,2367.4,2367.8,2367.4,0.40000000000009095
45427,8,50,2380.8,-1,2024-05-15,2024-05-15 08:50:00,2024-05-15 08:50:00,GCM24.csv,409,GCM24.csv,-1.0,2381.7000000000003,2380.0,2380.8,2380.0,-0.8000000000001819
45427,9,0,2377.7,0,2024-05-15,2024-05-15 09:00:00,2024-05-15 09:00:00,GCM24.csv,630,GCM24.csv,1.0,2377.3,2377.3,2377.7,2377.3,0.3999999999996362
45427,9,10,2377.8,1,2024-05-15,2024-05-15 09:10:00,2024-05-15 09:10:00,GCM24.csv,275,GCM24.csv,1.0,2377.4,2377.4,2377.8,2377.4,0.40000000000009095
45427,9,20,2374.6,3,2024-05-15,2024-05-15 09:20:00,2024-05-15 09:20:00,GCM24.csv,331,GCM24.csv,2.0,2374.2,2374.2,4749.2,4748.4,0.8000000000001819
45427,9,30,2372.6,4,2024-05-15,2024-05-15 09:30:00,2024-05-15 09:30:00,GCM24.csv,755,GCM24.csv,1.0,2372.2,2372.2,2372.6,2372.2,0.40000000000009095
45427,9,40,2373.1,2,2024-05-15,2024-05-15 09:40:00,2024-05-15 09:40:00,GCM24.csv,218,GCM24.csv,-2.0,2373.5,2373.5,4746.2,4747.0,0.8000000000001819
45427,10,0,2362.9,3,2024-05-15,2024-05-15 10:00:00,2024-05-15 10:00:00,GCM24.csv,686,GCM24.csv,1.0,2362.5,2362.5,2362.9,2362.5,0.40000000000009095
45427,10,10,2367.9,2,2024-05-15,2024-05-15 10:10:00,2024-05-15 10:10:00,GCM24.csv,405,GCM24.csv,-1.0,2368.8,2368.8,2367.9,2368.8,0.900000000000091
45427,10,20,2367.7,1,2024-05-15,2024-05-15 10:20:00,2024-05-15 10:20:00,GCM24.csv,234,GCM24.csv,-1.0,2368.6,2368.6,2367.7,2368.6,0.900000000000091
45427,10,30,2372.0,0,2024-05-15,2024-05-15 10:30:00,2024-05-15 10:30:00,GCM24.csv,369,GCM24.csv,-1.0,2372.9,2372.9,2372.0,2372.9,0.900000000000091
45427,11,0,2379.9,-1,2024-05-15,2024-05-15 11:00:00,2024-05-15 11:00:00,GCM24.csv,799,GCM24.csv,-1.0,2380.3,2380.3,2379.9,2380.3,0.40000000000009095
45427,12,0,2383.5,0,2024-05-15,2024-05-15 12:00:00,2024-05-15 12:00:00,GCM24.csv,198,GCM24.csv,1.0,2383.1,2383.1,2383.5,2383.1,0.40000000000009095
45427,14,30,2393.4,1,2024-05-15,2024-05-15 14:30:00,2024-05-15 14:30:00,GCM24.csv,99,GCM24.csv,1.0,2393.0,2393.0,2393.4,2393.0,0.40000000000009095
45428,1,30,2396.4,-2,2024-05-16,2024-05-16 01:30:00,2024-05-16 01:30:00,GCM24.csv,246,GCM24.csv,-3.0,2396.8,2396.8,7189.200000000001,7190.400000000001,1.199999999999818
45428,3,30,2393.8,1,2024-05-16,2024-05-16 03:30:00,2024-05-16 03:30:00,GCM24.csv,103,GCM24.csv,3.0,2393.4,2393.4,7181.400000000001,7180.200000000001,1.199999999999818
45428,4,30,2390.8,0,2024-05-16,2024-05-16 04:30:00,2024-05-16 04:30:00,GCM24.csv,57,GCM24.csv,-1.0,2391.2000000000003,2391.2000000000003,2390.8,2391.2000000000003,0.40000000000009095
45428,6,0,2390.1,2,2024-05-16,2024-05-16 06:00:00,2024-05-16 06:00:00,GCM24.csv,69,GCM24.csv,2.0,2389.7,2389.7,4780.2,4779.4,0.8000000000001819
45428,8,30,2386.7,3,2024-05-16,2024-05-16 08:30:00,2024-05-16 08:30:00,GCM24.csv,1092,GCM24.csv,1.0,2386.3,2386.3,2386.7,2386.3,0.3999999999996362
45428,8,40,2384.4,4,2024-05-16,2024-05-16 08:40:00,2024-05-16 08:40:00,GCM24.csv,478,GCM24.csv,1.0,2384.0,2384.0,2384.4,2384.0,0.40000000000009095
45428,9,0,2383.4,5,2024-05-16,2024-05-16 09:00:00,2024-05-16 09:00:00,GCM24.csv,418,GCM24.csv,1.0,2383.0,2383.0,2383.4,2383.0,0.40000000000009095
45428,9,20,2378.9,6,2024-05-16,2024-05-16 09:20:00,2024-05-16 09:20:00,GCM24.csv,2809,GCM24.csv,1.0,2378.5,2378.5,2378.9,2378.5,0.40000000000009095
45428,9,30,2383.3,4,2024-05-16,2024-05-16 09:30:00,2024-05-16 09:30:00,GCM24.csv,986,GCM24.csv,-2.0,2384.1000000000004,2377.0,4766.6,4754.0,-12.600000000000364
45428,9,40,2377.9,3,2024-05-16,2024-05-16 09:40:00,2024-05-16 09:40:00,GCM24.csv,404,GCM24.csv,-1.0,2378.4,2378.4,2377.9,2378.4,0.5
45428,9,50,2380.7,5,2024-05-16,2024-05-16 09:50:00,2024-05-16 09:50:00,GCM24.csv,380,GCM24.csv,2.0,2380.2,2380.2,4761.4,4760.4,1.0
45428,10,30,2378.2,6,2024-05-16,2024-05-16 10:30:00,2024-05-16 10:30:00,GCM24.csv,338,GCM24.csv,1.0,2377.8,2381.1,2378.2,2381.1,-2.900000000000091
45428,11,0,2377.7,4,2024-05-16,2024-05-16 11:00:00,2024-05-16 11:00:00,GCM24.csv,228,GCM24.csv,-2.0,2378.1,2378.1,4755.4,4756.2,0.8000000000001819
45428,14,30,2383.4,3,2024-05-16,2024-05-16 14:30:00,2024-05-16 14:30:00,GCM24.csv,73,GCM24.csv,-1.0,2383.8,2383.8,2383.4,2383.8,0.40000000000009095
45429,4,30,2388.1,5,2024-05-17,2024-05-17 04:30:00,2024-05-17 04:30:00,GCM24.csv,86,GCM24.csv,2.0,2387.7,2387.7,4776.2,4775.4,0.8000000000001819
45429,8,30,2392.9,3,2024-05-17,2024-05-17 08:30:00,2024-05-17 08:30:00,GCM24.csv,116,GCM24.csv,-2.0,2393.3,2393.3,4785.8,4786.6,0.8000000000001819
45429,9,0,2398.0,2,2024-05-17,2024-05-17 09:00:00,2024-05-17 09:00:00,GCM24.csv,813,GCM24.csv,-1.0,2398.4,2398.4,2398.0,2398.4,0.40000000000009095
45429,9,10,2402.2,0,2024-05-17,2024-05-17 09:10:00,2024-05-17 09:10:00,GCM24.csv,590,GCM24.csv,-2.0,2403.0,2403.0,4804.4,4806.0,1.6000000000003638
45429,9,20,2407.6,-1,2024-05-17,2024-05-17 09:20:00,2024-05-17 09:20:00,GCM24.csv,520,GCM24.csv,-1.0,2408.4,2408.4,2407.6,2408.4,0.8000000000001819
45429,9,30,2406.0,1,2024-05-17,2024-05-17 09:30:00,2024-05-17 09:30:00,GCM24.csv,373,GCM24.csv,2.0,2405.5,2405.5,4812.0,4811.0,1.0
45429,9,40,2402.7,4,2024-05-17,2024-05-17 09:40:00,2024-05-17 09:40:00,GCM24.csv,483,GCM24.csv,3.0,2402.3,2402.3,7208.099999999999,7206.900000000001,1.1999999999989086
45429,9,50,2402.6,5,2024-05-17,2024-05-17 09:50:00,2024-05-17 09:50:00,GCM24.csv,234,GCM24.csv,1.0,2402.2,2402.2,2402.6,2402.2,0.40000000000009095
45429,10,0,2406.5,4,2024-05-17,2024-05-17 10:00:00,2024-05-17 10:00:00,GCM24.csv,496,GCM24.csv,-1.0,2406.9,2406.9,2406.5,2406.9,0.40000000000009095
45429,10,10,2406.6,3,2024-05-17,2024-05-17 10:10:00,2024-05-17 10:10:00,GCM24.csv,163,GCM24.csv,-1.0,2407.0,2407.0,2406.6,2407.0,0.40000000000009095
45429,10,30,2410.7,0,2024-05-17,2024-05-17 10:30:00,2024-05-17 10:30:00,GCM24.csv,480,GCM24.csv,-3.0,2411.1,2411.1,7232.099999999999,7233.299999999999,1.199999999999818
45429,10,50,2415.1,2,2024-05-17,2024-05-17 10:50:00,2024-05-17 10:50:00,GCM24.csv,1409,GCM24.csv,2.0,2414.6,2414.6,4830.2,4829.2,1.0
45429,12,0,2412.3,3,2024-05-17,2024-05-17 12:00:00,2024-05-17 12:00:00,GCM24.csv,126,GCM24.csv,1.0,2411.9,2416.1,2412.3,2416.1,-3.799999999999727
45429,14,30,2421.1,4,2024-05-17,2024-05-17 14:30:00,2024-05-17 14:30:00,GCM24.csv,57,GCM24.csv,1.0,2420.7,2420.7,2421.1,2420.7,0.40000000000009095
45429,16,30,2420.3,0,2024-05-17,2024-05-17 16:30:00,2024-05-17 16:30:00,GCM24.csv,62,GCM24.csv,-4.0,2420.7000000000003,2420.7000000000003,9681.2,9682.800000000001,1.6000000000003638
45432,1,30,2444.0,-1,2024-05-20,2024-05-20 01:30:00,2024-05-20 01:30:00,GCM24.csv,868,GCM24.csv,-1.0,2444.4,2444.4,2444.0,2444.4,0.40000000000009095
45432,3,30,2441.5,0,2024-05-20,2024-05-20 03:30:00,2024-05-20 03:30:00,GCM24.csv,490,GCM24.csv,1.0,2441.1,2441.1,2441.5,2441.1,0.40000000000009095
45432,4,30,2445.6,-1,2024-05-20,2024-05-20 04:30:00,2024-05-20 04:30:00,GCM24.csv,100,GCM24.csv,-1.0,2446.0,2446.0,2445.6,2446.0,0.40000000000009095
45432,6,0,2446.5,-4,2024-05-20,2024-05-20 06:00:00,2024-05-20 06:00:00,GCM24.csv,308,GCM24.csv,-3.0,2446.9,2446.9,7339.5,7340.700000000001,1.2000000000007276
45432,8,30,2422.1,-3,2024-05-20,2024-05-20 08:30:00,2024-05-20 08:30:00,GCM24.csv,686,GCM24.csv,1.0,2421.7,2424.2,2422.1,2424.2,-2.099999999999909
45432,8,50,2417.2,-2,2024-05-20,2024-05-20 08:50:00,2024-05-20 08:50:00,GCM24.csv,336,GCM24.csv,1.0,2416.8,2416.8,2417.2,2416.8,0.3999999999996362
45432,9,10,2425.9,-5,2024-05-20,2024-05-20 09:10:00,2024-05-20 09:10:00,GCM24.csv,640,GCM24.csv,-3.0,2426.7000000000003,2420.8,7277.700000000001,7262.400000000001,-15.300000000000182
45432,9,20,2422.4,-4,2024-05-20,2024-05-20 09:20:00,2024-05-20 09:20:00,GCM24.csv,391,GCM24.csv,1.0,2421.9,2421.9,2422.4,2421.9,0.5
45432,9,30,2421.8,-2,2024-05-20,2024-05-20 09:30:00,2024-05-20 09:30:00,GCM24.csv,346,GCM24.csv,2.0,2421.4,2421.4,4843.6,4842.8,0.8000000000001819
45432,9,40,2419.2,-4,2024-05-20,2024-05-20 09:40:00,2024-05-20 09:40:00,GCM24.csv,1814,GCM24.csv,-2.0,2419.7,2418.1,4838.4,4836.2,-2.199999999999818
45432,10,30,2421.5,-5,2024-05-20,2024-05-20 10:30:00,2024-05-20 10:30:00,GCM24.csv,191,GCM24.csv,-1.0,2421.9,2421.9,2421.5,2421.9,0.40000000000009095
45432,11,0,2427.1,-4,2024-05-20,2024-05-20 11:00:00,2024-05-20 11:00:00,GCM24.csv,194,GCM24.csv,1.0,2426.7,2426.7,2427.1,2426.7,0.40000000000009095
45432,12,0,2429.1,0,2024-05-20,2024-05-20 12:00:00,2024-05-20 12:00:00,GCM24.csv,109,GCM24.csv,4.0,2428.7,2428.7,9716.4,9714.8,1.6000000000003638
45432,14,0,2439.7,1,2024-05-20,2024-05-20 14:00:00,2024-05-20 14:00:00,GCM24.csv,61,GCM24.csv,1.0,2439.3,2439.3,2439.7,2439.3,0.3999999999996362
45432,14,30,2439.5,2,2024-05-20,2024-05-20 14:30:00,2024-05-20 14:30:00,GCM24.csv,108,GCM24.csv,1.0,2439.1,2439.1,2439.5,2439.1,0.40000000000009095
45432,16,0,2431.3,1,2024-05-20,2024-05-20 16:00:00,2024-05-20 16:00:00,GCM24.csv,199,GCM24.csv,-1.0,2431.7000000000003,2431.7000000000003,2431.3,2431.7000000000003,0.40000000000009095
45433,6,0,2419.8,2,2024-05-21,2024-05-21 06:00:00,2024-05-21 06:00:00,GCM24.csv,46,GCM24.csv,1.0,2419.4,2420.4,2419.8,2420.4,-0.599999999999909
45433,8,50,2427.5,3,2024-05-21,2024-05-21 08:50:00,2024-05-21 08:50:00,GCM24.csv,507,GCM24.csv,1.0,2427.1,2430.9,2427.5,2430.9,-3.400000000000091
45433,9,0,2430.5,4,2024-05-21,2024-05-21 09:00:00,2024-05-21 09:00:00,GCM24.csv,2268,GCM24.csv,1.0,2430.1,2430.1,2430.5,2430.1,0.40000000000009095
45433,9,10,2429.6,3,2024-05-21,2024-05-21 09:10:00,2024-05-21 09:10:00,GCM24.csv,302,GCM24.csv,-1.0,2430.0,2430.0,2429.6,2430.0,0.40000000000009095
45433,10,30,2431.7,1,2024-05-21,2024-05-21 10:30:00,2024-05-21 10:30:00,GCM24.csv,315,GCM24.csv,-2.0,2432.1,2432.1,4863.4,4864.2,0.8000000000001819
45433,10,50,2433.5,0,2024-05-21,2024-05-21 10:50:00,2024-05-21 10:50:00,GCM24.csv,214,GCM24.csv,-1.0,2433.9,2433.9,2433.5,2433.9,0.40000000000009095
45433,11,0,2433.7,-1,2024-05-21,2024-05-21 11:00:00,2024-05-21 11:00:00,GCM24.csv,231,GCM24.csv,-1.0,2434.1,2434.1,2433.7,2434.1,0.40000000000009095
45433,12,0,2427.1,-2,2024-05-21,2024-05-21 12:00:00,2024-05-21 12:00:00,GCM24.csv,163,GCM24.csv,-1.0,2427.5,2427.5,2427.1,2427.5,0.40000000000009095
45433,14,30,2422.8,1,2024-05-21,2024-05-21 14:30:00,2024-05-21 14:30:00,GCM24.csv,48,GCM24.csv,3.0,2422.4,2422.8,7268.400000000001,7268.400000000001,0.0
45434,1,30,2417.2,-3,2024-05-22,2024-05-22 01:30:00,2024-05-22 01:30:00,GCM24.csv,145,GCM24.csv,-4.0,2417.5,2417.5,9668.8,9670.0,1.2000000000007276
45434,3,30,2416.0,1,2024-05-22,2024-05-22 03:30:00,2024-05-22 03:30:00,GCM24.csv,151,GCM24.csv,4.0,2415.6,2419.0,9664.0,9676.0,-12.0
45434,4,30,2414.0,3,2024-05-22,2024-05-22 04:30:00,2024-05-22 04:30:00,GCM24.csv,266,GCM24.csv,2.0,2413.6,2416.3,4828.0,4832.6,-4.600000000000364
45434,6,0,2420.9,7,2024-05-22,2024-05-22 06:00:00,2024-05-22 06:00:00,GCM24.csv,102,GCM24.csv,4.0,2420.5,2420.5,9683.6,9682.0,1.6000000000003638
45434,8,30,2418.5,5,2024-05-22,2024-05-22 08:30:00,2024-05-22 08:30:00,GCM24.csv,255,GCM24.csv,-2.0,2418.9,2414.6,4837.0,4829.2,-7.800000000000182
45434,9,0,2415.7,6,2024-05-22,2024-05-22 09:00:00,2024-05-22 09:00:00,GCM24.csv,275,GCM24.csv,1.0,2415.3,2415.3,2415.7,2415.3,0.3999999999996362
45434,9,40,2411.3,7,2024-05-22,2024-05-22 09:40:00,2024-05-22 09:40:00,GCM24.csv,279,GCM24.csv,1.0,2410.9,2413.5,2411.3,2413.5,-2.199999999999818
45434,10,0,2414.0,6,2024-05-22,2024-05-22 10:00:00,2024-05-22 10:00:00,GCM24.csv,581,GCM24.csv,-1.0,2414.4,2414.4,2414.0,2414.4,0.40000000000009095
45434,10,30,2389.5,7,2024-05-22,2024-05-22 10:30:00,2024-05-22 10:30:00,GCM24.csv,850,GCM24.csv,1.0,2389.1,2389.1,2389.5,2389.1,0.40000000000009095
45434,11,0,2391.9,6,2024-05-22,2024-05-22 11:00:00,2024-05-22 11:00:00,GCM24.csv,412,GCM24.csv,-1.0,2392.4,2392.4,2391.9,2392.4,0.5
45434,14,0,2391.6,7,2024-05-22,2024-05-22 14:00:00,2024-05-22 14:00:00,GCM24.csv,502,GCM24.csv,1.0,2391.2,2391.2,2391.6,2391.2,0.40000000000009095
45434,14,30,2382.5,6,2024-05-22,2024-05-22 14:30:00,2024-05-22 14:30:00,GCM24.csv,267,GCM24.csv,-1.0,2382.9,2382.9,2382.5,2382.9,0.40000000000009095
45434,16,0,2382.7,5,2024-05-22,2024-05-22 16:00:00,2024-05-22 16:00:00,GCM24.csv,175,GCM24.csv,-1.0,2383.1,2383.1,2382.7,2383.1,0.40000000000009095
45435,1,30,2372.9,3,2024-05-23,2024-05-23 01:30:00,2024-05-23 01:30:00,GCM24.csv,114,GCM24.csv,-2.0,2373.2000000000003,2373.2000000000003,4745.8,4746.400000000001,0.6000000000003638
45435,3,30,2365.3,5,2024-05-23,2024-05-23 03:30:00,2024-05-23 03:30:00,GCM24.csv,122,GCM24.csv,2.0,2364.9,2364.9,4730.6,4729.8,0.8000000000001819
45435,4,30,2358.6,2,2024-05-23,2024-05-23 04:30:00,2024-05-23 04:30:00,GCM24.csv,151,GCM24.csv,-3.0,2359.0,2359.0,7075.799999999999,7077.0,1.2000000000007276
45435,6,0,2366.2,1,2024-05-23,2024-05-23 06:00:00,2024-05-23 06:00:00,GCM24.csv,55,GCM24.csv,-1.0,2366.6,2366.6,2366.2,2366.6,0.40000000000009095
45435,8,30,2368.4,4,2024-05-23,2024-05-23 08:30:00,2024-05-23 08:30:00,GCM24.csv,590,GCM24.csv,3.0,2368.0,2368.0,7105.200000000001,7104.0,1.2000000000007276
45435,8,40,2364.0,6,2024-05-23,2024-05-23 08:40:00,2024-05-23 08:40:00,GCM24.csv,361,GCM24.csv,2.0,2363.6,2365.1,4728.0,4730.2,-2.199999999999818
45435,11,0,2347.6,4,2024-05-23,2024-05-23 11:00:00,2024-05-23 11:00:00,GCM24.csv,451,GCM24.csv,-2.0,2348.5,2348.5,4695.2,4697.0,1.800000000000182
45435,12,0,2347.7,3,2024-05-23,2024-05-23 12:00:00,2024-05-23 12:00:00,GCM24.csv,208,GCM24.csv,-1.0,2348.1,2348.1,2347.7,2348.1,0.40000000000009095
45435,14,0,2333.8,6,2024-05-23,2024-05-23 14:00:00,2024-05-23 14:00:00,GCM24.csv,308,GCM24.csv,3.0,2333.4,2333.4,7001.400000000001,7000.200000000001,1.199999999999818
45435,16,0,2333.7,3,2024-05-23,2024-05-23 16:00:00,2024-05-23 16:00:00,GCM24.csv,218,GCM24.csv,-3.0,2334.1,2334.1,7001.099999999999,7002.299999999999,1.199999999999818
45436,1,30,2335.7,2,2024-05-24,2024-05-24 01:30:00,2024-05-24 01:30:00,GCM24.csv,483,GCM24.csv,-1.0,2336.0,2336.0,2335.7,2336.0,0.3000000000001819
45436,3,30,2340.2,3,2024-05-24,2024-05-24 03:30:00,2024-05-24 03:30:00,GCM24.csv,27,GCM24.csv,1.0,2339.8,2339.8,2340.2,2339.8,0.3999999999996362
45436,4,30,2337.8,0,2024-05-24,2024-05-24 04:30:00,2024-05-24 04:30:00,GCM24.csv,403,GCM24.csv,-3.0,2338.2000000000003,2338.2000000000003,7013.400000000001,7014.6,1.199999999999818
45436,8,30,2337.6,3,2024-05-24,2024-05-24 08:30:00,2024-05-24 08:30:00,GCM24.csv,356,GCM24.csv,3.0,2337.2,2337.2,7012.799999999999,7011.599999999999,1.199999999999818
45436,8,40,2341.1,2,2024-05-24,2024-05-24 08:40:00,2024-05-24 08:40:00,GCM24.csv,170,GCM24.csv,-1.0,2341.5,2341.5,2341.1,2341.5,0.40000000000009095
45436,9,0,2340.7,3,2024-05-24,2024-05-24 09:00:00,2024-05-24 09:00:00,GCM24.csv,139,GCM24.csv,1.0,2340.3,2340.3,2340.7,2340.3,0.3999999999996362
45436,9,40,2341.8,4,2024-05-24,2024-05-24 09:40:00,2024-05-24 09:40:00,GCM24.csv,1137,GCM24.csv,1.0,2341.4,2342.6,2341.8,2342.6,-0.7999999999997272
45436,9,50,2340.8,6,2024-05-24,2024-05-24 09:50:00,2024-05-24 09:50:00,GCM24.csv,441,GCM24.csv,2.0,2340.4,2340.4,4681.6,4680.8,0.8000000000001819
45436,10,0,2339.7,5,2024-05-24,2024-05-24 10:00:00,2024-05-24 10:00:00,GCM24.csv,825,GCM24.csv,-1.0,2340.1,2340.1,2339.7,2340.1,0.40000000000009095
45436,10,10,2341.8,3,2024-05-24,2024-05-24 10:10:00,2024-05-24 10:10:00,GCM24.csv,174,GCM24.csv,-2.0,2342.2000000000003,2342.2000000000003,4683.6,4684.400000000001,0.8000000000001819
45436,10,30,2337.9,4,2024-05-24,2024-05-24 10:30:00,2024-05-24 10:30:00,GCM24.csv,196,GCM24.csv,1.0,2337.5,2339.8,2337.9,2339.8,-1.900000000000091
45436,12,0,2336.0,5,2024-05-24,2024-05-24 12:00:00,2024-05-24 12:00:00,GCM24.csv,165,GCM24.csv,1.0,2335.6,2335.6,2336.0,2335.6,0.40000000000009095
45436,14,30,2336.3,4,2024-05-24,2024-05-24 14:30:00,2024-05-24 14:30:00,GCM24.csv,15,GCM24.csv,-1.0,2336.7000000000003,2336.7000000000003,2336.3,2336.7000000000003,0.40000000000009095
45436,16,30,2335.7,0,2024-05-24,2024-05-24 16:30:00,2024-05-24 16:30:00,GCM24.csv,31,GCM24.csv,-4.0,2336.0,2335.1,9342.8,9340.4,-2.399999999999636
45439,4,30,2343.8,-4,2024-05-27,2024-05-27 04:30:00,2024-05-27 04:30:00,GCM24.csv,129,GCM24.csv,-4.0,2344.2000000000003,2344.2000000000003,9375.2,9376.800000000001,1.6000000000003638
45439,8,30,2350.4,0,2024-05-27,2024-05-27 08:30:00,2024-05-27 08:30:00,GCM24.csv,144,GCM24.csv,4.0,2350.0,2350.0,9401.6,9400.0,1.6000000000003638
45439,9,30,2351.8,-1,2024-05-27,2024-05-27 09:30:00,2024-05-27 09:30:00,GCM24.csv,114,GCM24.csv,-1.0,2352.2000000000003,2352.2000000000003,2351.8,2352.2000000000003,0.40000000000009095
45439,10,10,2357.6,0,2024-05-27,2024-05-27 10:10:00,2024-05-27 10:10:00,GCM24.csv,79,GCM24.csv,1.0,2357.2,2357.2,2357.6,2357.2,0.40000000000009095
45439,12,0,2353.7,2,2024-05-27,2024-05-27 12:00:00,2024-05-27 12:00:00,GCM24.csv,42,GCM24.csv,2.0,2353.3,2355.2,4707.4,4710.4,-3.0
45439,14,0,2356.3,1,2024-05-27,2024-05-27 14:00:00,2024-05-27 14:00:00,GCM24.csv,34,GCM24.csv,-1.0,2356.6000000000004,2355.4,2356.3,2355.4,-0.900000000000091
45439,16,0,2352.5,2,2024-05-27,2024-05-27 16:00:00,2024-05-27 16:00:00,GCM24.csv,74,GCM24.csv,1.0,2352.2,2353.5,2352.5,2353.5,-1.0
45440,1,30,2352.5,1,2024-05-28,2024-05-28 01:30:00,2024-05-28 01:30:00,GCM24.csv,91,GCM24.csv,-1.0,2352.8,2352.8,2352.5,2352.8,0.3000000000001819
45440,3,30,2344.1,2,2024-05-28,2024-05-28 03:30:00,2024-05-28 03:30:00,GCM24.csv,84,GCM24.csv,1.0,2343.7,2343.7,2344.1,2343.7,0.40000000000009095
45440,4,30,2342.0,-2,2024-05-28,2024-05-28 04:30:00,2024-05-28 04:30:00,GCM24.csv,28,GCM24.csv,-4.0,2342.4,2342.4,9368.0,9369.6,1.6000000000003638
45440,6,0,2344.6,0,2024-05-28,2024-05-28 06:00:00,2024-05-28 06:00:00,GCQ24.csv,13,GCM24.csv,2.0,2344.3,2344.3,4689.2,4688.6,0.5999999999994543
45440,8,30,2355.5,4,2024-05-28,2024-05-28 08:30:00,2024-05-28 08:30:00,GCM24.csv,328,GCM24.csv,4.0,2355.1,2355.1,9422.0,9420.4,1.6000000000003638
45440,9,0,2354.2,5,2024-05-28,2024-05-28 09:00:00,2024-05-28 09:00:00,GCM24.csv,456,GCM24.csv,1.0,2353.8,2353.8,2354.2,2353.8,0.3999999999996362
45440,9,20,2362.2,3,2024-05-28,2024-05-28 09:20:00,2024-05-28 09:20:00,GCM24.csv,623,GCM24.csv,-2.0,2362.6,2362.6,4724.4,4725.2,0.8000000000001819
45440,9,30,2362.3,1,2024-05-28,2024-05-28 09:30:00,2024-05-28 09:30:00,GCM24.csv,537,GCM24.csv,-2.0,2362.7000000000003,2362.7000000000003,4724.6,4725.400000000001,0.8000000000001819
45440,9,40,2359.2,3,2024-05-28,2024-05-28 09:40:00,2024-05-28 09:40:00,GCM24.csv,183,GCM24.csv,2.0,2358.8,2358.8,4718.4,4717.6,0.7999999999992724
45440,9,50,2355.9,6,2024-05-28,2024-05-28 09:50:00,2024-05-28 09:50:00,GCM24.csv,218,GCM24.csv,3.0,2355.5,2355.5,7067.700000000001,7066.5,1.2000000000007276
45440,10,0,2355.0,7,2024-05-28,2024-05-28 10:00:00,2024-05-28 10:00:00,GCM24.csv,1258,GCM24.csv,1.0,2354.6,2354.6,2355.0,2354.6,0.40000000000009095
45440,10,10,2352.2,6,2024-05-28,2024-05-28 10:10:00,2024-05-28 10:10:00,GCM24.csv,298,GCM24.csv,-1.0,2352.6,2351.6,2352.2,2351.6,-0.599999999999909
45440,10,20,2350.5,5,2024-05-28,2024-05-28 10:20:00,2024-05-28 10:20:00,GCM24.csv,264,GCM24.csv,-1.0,2350.9,2350.9,2350.5,2350.9,0.40000000000009095
45440,10,30,2353.8,3,2024-05-28,2024-05-28 10:30:00,2024-05-28 10:30:00,GCM24.csv,198,GCM24.csv,-2.0,2354.2000000000003,2354.2000000000003,4707.6,4708.400000000001,0.8000000000001819
45440,11,0,2356.3,2,2024-05-28,2024-05-28 11:00:00,2024-05-28 11:00:00,GCM24.csv,156,GCM24.csv,-1.0,2356.7000000000003,2355.1,2356.3,2355.1,-1.2000000000002728
45440,12,0,2361.2,0,2024-05-28,2024-05-28 12:00:00,2024-05-28 12:00:00,GCM24.csv,169,GCM24.csv,-2.0,2361.6,2361.6,4722.4,4723.2,0.8000000000001819
45440,14,30,2354.7,2,2024-05-28,2024-05-28 14:30:00,2024-05-28 14:30:00,GCM24.csv,39,GCM24.csv,2.0,2354.3,2354.3,4709.4,4708.6,0.7999999999992724
45441,1,30,2359.1,1,2024-05-29,2024-05-29 01:30:00,2024-05-29 01:30:00,GCQ24.csv,133,GCQ24.csv,-1.0,2382.1,2382.1,2359.1,2382.1,23.0
45441,3,30,2353.8,2,2024-05-29,2024-05-29 03:30:00,2024-05-29 03:30:00,GCQ24.csv,33,GCQ24.csv,1.0,2375.7,2375.7,2353.8,2375.7,-21.899999999999636
45441,4,30,2348.2,-1,2024-05-29,2024-05-29 04:30:00,2024-05-29 04:30:00,GCQ24.csv,159,GCQ24.csv,-3.0,2370.5,2370.5,7044.599999999999,7111.5,66.90000000000055
45441,6,0,2346.1,-2,2024-05-29,2024-05-29 06:00:00,2024-05-29 06:00:00,GCQ24.csv,222,GCQ24.csv,-1.0,2368.9,2367.2,2346.1,2367.2,21.09999999999991
45441,8,30,2342.2,1,2024-05-29,2024-05-29 08:30:00,2024-05-29 08:30:00,GCQ24.csv,101,GCQ24.csv,3.0,2364.0,2365.4,7026.599999999999,7096.200000000001,-69.60000000000127
45441,9,0,2337.7,2,2024-05-29,2024-05-29 09:00:00,2024-05-29 09:00:00,GCQ24.csv,414,GCQ24.csv,1.0,2359.7,2359.7,2337.7,2359.7,-22.0
45441,9,20,2344.0,1,2024-05-29,2024-05-29 09:20:00,2024-05-29 09:20:00,GCQ24.csv,99,GCQ24.csv,-1.0,2366.9,2366.9,2344.0,2366.9,22.90000000000009
45441,9,40,2347.5,0,2024-05-29,2024-05-29 09:40:00,2024-05-29 09:40:00,GCM24.csv,708,GCQ24.csv,-1.0,2370.4,2363.2,2347.5,2363.2,15.699999999999818
45441,9,50,2343.2,-1,2024-05-29,2024-05-29 09:50:00,2024-05-29 09:50:00,GCQ24.csv,270,GCQ24.csv,-1.0,2366.0,2366.0,2343.2,2366.0,22.800000000000182
45441,10,0,2346.1,0,2024-05-29,2024-05-29 10:00:00,2024-05-29 10:00:00,GCQ24.csv,347,GCQ24.csv,1.0,2368.0,2368.0,2346.1,2368.0,-21.90000000000009
45441,10,10,2345.7,1,2024-05-29,2024-05-29 10:10:00,2024-05-29 10:10:00,GCQ24.csv,166,GCQ24.csv,1.0,2367.6,2367.6,2345.7,2367.6,-21.90000000000009
45441,10,30,2344.5,3,2024-05-29,2024-05-29 10:30:00,2024-05-29 10:30:00,GCQ24.csv,192,GCQ24.csv,2.0,2366.8,2366.8,4689.0,4733.6,-44.600000000000364
45441,12,0,2339.0,5,2024-05-29,2024-05-29 12:00:00,2024-05-29 12:00:00,GCQ24.csv,73,GCQ24.csv,2.0,2361.1,2361.1,4678.0,4722.2,-44.19999999999982
45441,14,0,2343.3,3,2024-05-29,2024-05-29 14:00:00,2024-05-29 14:00:00,GCQ24.csv,54,GCQ24.csv,-2.0,2366.8,2366.8,4686.6,4733.6,47.0
45441,14,30,2341.4,1,2024-05-29,2024-05-29 14:30:00,2024-05-29 14:30:00,GCQ24.csv,16,GCQ24.csv,-2.0,2364.9,2363.4,4682.8,4726.8,44.0
45441,16,0,2336.4,3,2024-05-29,2024-05-29 16:00:00,2024-05-29 16:00:00,GCQ24.csv,43,GCQ24.csv,2.0,2358.9,2358.9,4672.8,4717.8,-45.0
45442,1,30,2330.3,2,2024-05-30,2024-05-30 01:30:00,2024-05-30 01:30:00,GCQ24.csv,328,GCQ24.csv,-1.0,2353.7,2348.8,2330.3,2348.8,18.5
45442,3,30,2334.2,3,2024-05-30,2024-05-30 03:30:00,2024-05-30 03:30:00,GCQ24.csv,74,GCQ24.csv,1.0,2356.5,2356.5,2334.2,2356.5,-22.300000000000182
45442,4,30,2332.6,-1,2024-05-30,2024-05-30 04:30:00,2024-05-30 04:30:00,GCQ24.csv,60,GCQ24.csv,-4.0,2355.8,2355.8,9330.4,9423.2,92.80000000000109
45442,6,0,2331.1,-2,2024-05-30,2024-05-30 06:00:00,2024-05-30 06:00:00,GCQ24.csv,68,GCQ24.csv,-1.0,2355.0,2353.7,2331.1,2353.7,22.59999999999991
45442,8,30,2336.4,2,2024-05-30,2024-05-30 08:30:00,2024-05-30 08:30:00,GCQ24.csv,1209,GCQ24.csv,4.0,2358.7,2358.7,9345.6,9434.8,-89.19999999999891
45442,8,40,2341.4,1,2024-05-30,2024-05-30 08:40:00,2024-05-30 08:40:00,GCQ24.csv,282,GCQ24.csv,-1.0,2365.9,2365.9,2341.4,2365.9,24.5
45442,9,0,2339.2,2,2024-05-30,2024-05-30 09:00:00,2024-05-30 09:00:00,GCQ24.csv,312,GCQ24.csv,1.0,2362.3,2362.3,2339.2,2362.3,-23.100000000000364
45442,9,50,2345.1,1,2024-05-30,2024-05-30 09:50:00,2024-05-30 09:50:00,GCQ24.csv,301,GCQ24.csv,-1.0,2369.0,2369.0,2345.1,2369.0,23.90000000000009
45442,10,10,2347.1,2,2024-05-30,2024-05-30 10:10:00,2024-05-30 10:10:00,GCQ24.csv,157,GCQ24.csv,1.0,2370.0,2370.0,2347.1,2370.0,-22.90000000000009
45442,10,30,2346.5,0,2024-05-30,2024-05-30 10:30:00,2024-05-30 10:30:00,GCQ24.csv,322,GCQ24.csv,-2.0,2370.6,2370.6,4693.0,4741.2,48.19999999999982
45442,12,0,2341.7,1,2024-05-30,2024-05-30 12:00:00,2024-05-30 12:00:00,GCQ24.csv,107,GCQ24.csv,1.0,2364.8,2364.8,2341.7,2364.8,-23.100000000000364
45442,14,30,2340.1,3,2024-05-30,2024-05-30 14:30:00,2024-05-30 14:30:00,GCQ24.csv,41,GCQ24.csv,2.0,2363.2,2364.2,4680.2,4728.4,-48.19999999999982
45443,1,30,2363.6,2,2024-05-31,2024-05-31 01:30:00,2024-05-31 01:30:00,GCQ24.csv,238,GCQ24.csv,-1.0,2364.1,2364.1,2363.6,2364.1,0.5
45443,3,30,2364.4,3,2024-05-31,2024-05-31 03:30:00,2024-05-31 03:30:00,GCQ24.csv,151,GCQ24.csv,1.0,2363.9,2363.9,2364.4,2363.9,0.5
45443,4,30,2362.8,4,2024-05-31,2024-05-31 04:30:00,2024-05-31 04:30:00,GCQ24.csv,42,GCQ24.csv,1.0,2362.3,2362.8,2362.8,2362.8,0.0
45443,6,0,2363.1,6,2024-05-31,2024-05-31 06:00:00,2024-05-31 06:00:00,GCQ24.csv,41,GCQ24.csv,2.0,2362.6,2362.6,4726.2,4725.2,1.0
45443,8,30,2366.2,5,2024-05-31,2024-05-31 08:30:00,2024-05-31 08:30:00,GCQ24.csv,1519,GCQ24.csv,-1.0,2366.7,2366.7,2366.2,2366.7,0.5
45443,9,0,2377.0,3,2024-05-31,2024-05-31 09:00:00,2024-05-31 09:00:00,GCQ24.csv,977,GCQ24.csv,-2.0,2377.5,2377.5,4754.0,4755.0,1.0
45443,9,20,2376.0,6,2024-05-31,2024-05-31 09:20:00,2024-05-31 09:20:00,GCQ24.csv,166,GCQ24.csv,3.0,2375.5,2375.5,7128.0,7126.5,1.5
45443,9,50,2376.6,3,2024-05-31,2024-05-31 09:50:00,2024-05-31 09:50:00,GCQ24.csv,465,GCQ24.csv,-3.0,2377.1,2365.9,7129.799999999999,7097.700000000001,-32.099999999998545
45443,10,10,2367.2,6,2024-05-31,2024-05-31 10:10:00,2024-05-31 10:10:00,GCQ24.csv,866,GCQ24.csv,3.0,2366.7,2366.7,7101.599999999999,7100.099999999999,1.5
45443,10,30,2362.8,4,2024-05-31,2024-05-31 10:30:00,2024-05-31 10:30:00,GCQ24.csv,150,GCQ24.csv,-2.0,2363.3,2359.0,4725.6,4718.0,-7.600000000000364
45443,11,0,2355.8,3,2024-05-31,2024-05-31 11:00:00,2024-05-31 11:00:00,GCQ24.csv,624,GCQ24.csv,-1.0,2356.3,2356.3,2355.8,2356.3,0.5
45443,12,0,2351.1,2,2024-05-31,2024-05-31 12:00:00,2024-05-31 12:00:00,GCQ24.csv,166,GCQ24.csv,-1.0,2351.6,2351.6,2351.1,2351.6,0.5
45443,14,0,2346.9,4,2024-05-31,2024-05-31 14:00:00,2024-05-31 14:00:00,GCQ24.csv,117,GCQ24.csv,2.0,2346.4,2346.4,4693.8,4692.8,1.0
45443,14,30,2347.0,6,2024-05-31,2024-05-31 14:30:00,2024-05-31 14:30:00,GCQ24.csv,70,GCQ24.csv,2.0,2346.5,2347.1,4694.0,4694.2,-0.1999999999998181
45443,16,0,2348.2,4,2024-05-31,2024-05-31 16:00:00,2024-05-31 16:00:00,GCQ24.csv,184,GCQ24.csv,-2.0,2348.7,2348.7,4696.4,4697.4,1.0
45443,16,30,2348.8,0,2024-05-31,2024-05-31 16:30:00,2024-05-31 16:30:00,GCQ24.csv,26,GCQ24.csv,-4.0,2349.3,2349.1,9395.2,9396.4,1.1999999999989086
